# Arm joint positions + body pose collected at 100.0 Hz
# Timestamp: 20251117_230308
# Format: timestep, arm0.sh0, arm0.sh1, arm0.el0, arm0.el1, arm0.wr0, arm0.wr1, gripper_open_percentage, body_x, body_y, body_z, body_theta
# Body pose is in odom frame (x, y, z in meters, theta in radians)

0, 0.0006966590881347656, -3.1179802417755127, 3.1389458179473877, 1.5610426664352417, -0.001902461051940918, -1.5669450759887695, 0.0, -1.7536681793341342, -5.3882255574364795, -3.9371407530917213, -0.13493574251439
1, 0.0006966590881347656, -3.117995023727417, 3.1389458179473877, 1.561015248298645, -0.0019298791885375977, -1.5669450759887695, 0.0, -1.753663692979956, -5.388224575875078, -3.9371405172511857, -0.13493786174387257
2, 0.0007185935974121094, -3.1179730892181396, 3.1389458179473877, 1.561015248298645, -0.001902461051940918, -1.5669269561767578, 0.0, -1.7536612220071486, -5.388225180064878, -3.9371418197440113, -0.13493535595798445
3, 0.0006818771362304688, -3.1179656982421875, 3.1389458179473877, 1.5610243082046509, -0.0019298791885375977, -1.5669450759887695, 0.0, -1.7536684804599534, -5.388226845265771, -3.937143757188235, -0.13493990784220244
4, 0.0006966590881347656, -3.1179802417755127, 3.138953924179077, 1.561015248298645, -0.001938939094543457, -1.5669360160827637, 0.0, -1.75366758490917, -5.388234282754423, -3.9371448473390647, -0.1349330812220062
5, 0.0006966590881347656, -3.117987632751465, 3.138953924179077, 1.5610243082046509, -0.0019115209579467773, -1.5669360160827637, 0.0, -1.7536680918796765, -5.388243683603206, -3.9371430383867403, -0.13493919419962896
6, 0.0006966590881347656, -3.1179730892181396, 3.1389458179473877, 1.561015248298645, -0.0019208192825317383, -1.5669269561767578, 0.0, -1.753674001091915, -5.388247736804019, -3.937142934418202, -0.13493305148689316
7, 0.0007112026214599609, -3.1179656982421875, 3.138953924179077, 1.5610060691833496, -0.0019115209579467773, -1.5669541358947754, 0.0, -1.7536736145806533, -5.38825016641747, -3.937141824968195, -0.1349409417405063
8, 0.0007112026214599609, -3.117995023727417, 3.1389379501342773, 1.561015248298645, -0.001902461051940918, -1.5669269561767578, 0.0, -1.7536759402179174, -5.388247016155341, -3.9371438133262915, -0.13493524505437637
9, 0.0006966590881347656, -3.1179730892181396, 3.1389458179473877, 1.561015248298645, -0.0019208192825317383, -1.5669541358947754, 0.0, -1.753678273531229, -5.388238054992602, -3.9371409351096, -0.13492139170460682
10, 0.0006966590881347656, -3.1179730892181396, 3.1389458179473877, 1.5610334873199463, -0.001902461051940918, -1.5669360160827637, 0.0, -1.753688389276914, -5.3882443182257225, -3.9371436004869573, -0.1349167140494858
11, 0.0007112026214599609, -3.117987632751465, 3.1389458179473877, 1.5610060691833496, -0.001902461051940918, -1.5669450759887695, 0.0, -1.7536920674572096, -5.388247748807064, -3.937141537528034, -0.13491839408423623
12, 0.0007038116455078125, -3.117987632751465, 3.1389458179473877, 1.5610243082046509, -0.0019208192825317383, -1.5669360160827637, 0.0, -1.7536893809289567, -5.388240441730551, -3.9371448080292395, -0.13490583421264013
13, 0.0007038116455078125, -3.117987632751465, 3.138953924179077, 1.5610426664352417, -0.001902461051940918, -1.5669541358947754, 0.0, -1.7536814965481244, -5.388241047316096, -3.937138988229941, -0.13492199323863652
14, 0.0006818771362304688, -3.117995023727417, 3.1389458179473877, 1.5610060691833496, -0.0019115209579467773, -1.5669541358947754, 0.0, -1.753686564647864, -5.388242747454133, -3.937142454651678, -0.13492387579215492
15, 0.0006966590881347656, -3.1179656982421875, 3.1389458179473877, 1.5610426664352417, -0.001902461051940918, -1.5669360160827637, 0.0, -1.7536832252255428, -5.38824899925591, -3.9371394880109567, -0.13492494625659823
16, 0.0007185935974121094, -3.1179802417755127, 3.138953924179077, 1.561015248298645, -0.0019115209579467773, -1.5669269561767578, 0.0, -1.7536935102835578, -5.388254853791265, -3.9371416354730844, -0.13493604910853296
17, 0.0007112026214599609, -3.1179730892181396, 3.1389458179473877, 1.5610243082046509, -0.0019115209579467773, -1.5669360160827637, 0.0, -1.7537033638751867, -5.388251170404963, -3.9371437982901067, -0.1349140961542421
18, 0.0006892681121826172, -3.118002414703369, 3.1389458179473877, 1.5610334873199463, -0.0019115209579467773, -1.5669269561767578, 0.0, -1.7537026683366386, -5.38824693833261, -3.937145738963259, -0.13491295818369142
19, 0.0006966590881347656, -3.1179730892181396, 3.138953924179077, 1.5610243082046509, -0.0019115209579467773, -1.5669727325439453, 0.0, -1.7536902620596106, -5.388245657833949, -3.937144733988531, -0.13491525702804363
20, 0.0007185935974121094, -3.117987632751465, 3.1389458179473877, 1.5610243082046509, -0.0019208192825317383, -1.5669541358947754, 0.0, -1.7536830041354323, -5.388242591498403, -3.9371432745698747, -0.13492343659671757
21, 0.0006966590881347656, -3.1179730892181396, 3.1389458179473877, 1.5610243082046509, -0.0019479990005493164, -1.5669360160827637, 0.0, -1.7536800293524732, -5.388234629649269, -3.937141228289869, -0.1349129364840591
22, 0.0006966590881347656, -3.1179802417755127, 3.1389458179473877, 1.561015248298645, -0.001938939094543457, -1.5669450759887695, 0.0, -1.7536819006904505, -5.388241626261573, -3.9371411655361905, -0.13492456653137186
23, 0.0006892681121826172, -3.1179656982421875, 3.138953924179077, 1.5610334873199463, -0.0019208192825317383, -1.5669269561767578, 0.0, -1.7536835247768239, -5.388234805477166, -3.9371408600265116, -0.1349243218190157
24, 0.0006966590881347656, -3.1179656982421875, 3.1389458179473877, 1.561015248298645, -0.0019115209579467773, -1.5669631958007812, 0.0, -1.7536877330843907, -5.388237656065779, -3.9371421588971804, -0.13492477588206775
25, 0.0006966590881347656, -3.117987632751465, 3.1389458179473877, 1.5610243082046509, -0.0019115209579467773, -1.5669541358947754, 0.0, -1.7536925785375987, -5.388234448627299, -3.93714256625103, -0.1349263209034266
26, 0.0007112026214599609, -3.1179730892181396, 3.1389458179473877, 1.5610243082046509, -0.0019208192825317383, -1.566908359527588, 0.0, -1.7536945674355875, -5.38823244832512, -3.9371432730515403, -0.1349460642153586
27, 0.0006966590881347656, -3.1179730892181396, 3.1389458179473877, 1.5610243082046509, -0.0018934011459350586, -1.5669269561767578, 0.0, -1.753699513746435, -5.388226196777412, -3.937140385006374, -0.1349487701090002
28, 0.0006892681121826172, -3.1179730892181396, 3.138953924179077, 1.5609970092773438, -0.0019115209579467773, -1.5669269561767578, 0.0, -1.7537043098960736, -5.388222036950917, -3.9371399770077384, -0.13493500596741992
29, 0.0007259845733642578, -3.1179730892181396, 3.1389458179473877, 1.561015248298645, -0.0019115209579467773, -1.5669269561767578, 0.0, -1.7537133360116175, -5.388228227783052, -3.9371451321119837, -0.13494618315574858
30, 0.0007038116455078125, -3.1179802417755127, 3.1389458179473877, 1.5610243082046509, -0.0019115209579467773, -1.5669360160827637, 0.0, -1.7537102318133178, -5.3882258671704655, -3.937141908542474, -0.13494293278547165
31, 0.0006966590881347656, -3.1179802417755127, 3.138953924179077, 1.561015248298645, -0.0019298791885375977, -1.5669541358947754, 0.0, -1.7537107231354592, -5.388228332837361, -3.937142338526046, -0.1349571212555709
32, 0.0007038116455078125, -3.1179802417755127, 3.138929843902588, 1.561015248298645, -0.0019115209579467773, -1.5669631958007812, 0.0, -1.7537065930903837, -5.388224890967743, -3.937144440300553, -0.1349474320297892
33, 0.0006818771362304688, -3.1179730892181396, 3.1389458179473877, 1.5610334873199463, -0.001902461051940918, -1.5669360160827637, 0.0, -1.7537074527211205, -5.388230286416611, -3.937142553459176, -0.13494039043431805
34, 0.0006966590881347656, -3.1179802417755127, 3.1389458179473877, 1.5610243082046509, -0.001902461051940918, -1.5669174194335938, 0.0, -1.7537143507328283, -5.388228492340875, -3.937143276629037, -0.13493696969068658
35, 0.0007038116455078125, -3.1179802417755127, 3.1389458179473877, 1.561015248298645, -0.001938939094543457, -1.5669541358947754, 0.0, -1.7537235396914417, -5.388232379601409, -3.937149421279712, -0.13493491676209768
36, 0.0007038116455078125, -3.1179802417755127, 3.138953924179077, 1.5610060691833496, -0.0019115209579467773, -1.5669360160827637, 0.0, -1.7537217674804189, -5.388232977596386, -3.93714311206974, -0.13494552094615297
37, 0.0006892681121826172, -3.117987632751465, 3.1389458179473877, 1.561015248298645, -0.0019298791885375977, -1.566908359527588, 0.0, -1.7537246727265272, -5.388232611855439, -3.937145275436864, -0.1349487701090002
38, 0.0007185935974121094, -3.1179730892181396, 3.138953924179077, 1.5610243082046509, -0.0018934011459350586, -1.5669360160827637, 0.0, -1.7537190211390334, -5.388224025138948, -3.9371448337400037, -0.1349371481013284
39, 0.0007112026214599609, -3.117987632751465, 3.1389458179473877, 1.5610426664352417, -0.0018934011459350586, -1.5669360160827637, 0.0, -1.7537156692314189, -5.388225277453365, -3.937142072873231, -0.13494865920625454
40, 0.0007038116455078125, -3.1179656982421875, 3.1389458179473877, 1.5610243082046509, -0.001902461051940918, -1.5669360160827637, 0.0, -1.7537161912645973, -5.38822426307383, -3.937141832925869, -0.13494411656633165
41, 0.0006818771362304688, -3.1179656982421875, 3.138953924179077, 1.5610060691833496, -0.0019208192825317383, -1.5669269561767578, 0.0, -1.7537187119359712, -5.3882266036126, -3.937143816099137, -0.13494313530794688
42, 0.0007112026214599609, -3.1179730892181396, 3.138953924179077, 1.5610060691833496, -0.0019208192825317383, -1.5669360160827637, 0.0, -1.7537169122903111, -5.388226970144628, -3.937142411141296, -0.13493415168603917
43, 0.0006892681121826172, -3.1179656982421875, 3.1389458179473877, 1.561015248298645, -0.0019298791885375977, -1.5669269561767578, 0.0, -1.753720427635364, -5.388231290782249, -3.937142209871075, -0.1349249530879444
44, 0.0006966590881347656, -3.117987632751465, 3.1389458179473877, 1.5610334873199463, -0.0019115209579467773, -1.5669360160827637, 0.0, -1.7537216644301596, -5.3882268217702265, -3.9371437025562166, -0.13491080921864285
45, 0.0006966590881347656, -3.1179583072662354, 3.1389458179473877, 1.561015248298645, -0.0019115209579467773, -1.5669631958007812, 0.0, -1.7537130312824352, -5.3882302618665285, -3.9371401531347168, -0.13492635184358015
46, 0.0007112026214599609, -3.1179730892181396, 3.138953924179077, 1.561015248298645, -0.0019115209579467773, -1.5669450759887695, 0.0, -1.7537108676339164, -5.388232201299928, -3.9371403604654436, -0.13493058226675192
47, 0.0006966590881347656, -3.1179730892181396, 3.1389458179473877, 1.561015248298645, -0.0019298791885375977, -1.5669174194335938, 0.0, -1.7537150331030675, -5.388233708881289, -3.9371417902012196, -0.13493633721653353
48, 0.0007112026214599609, -3.1179730892181396, 3.1389379501342773, 1.561015248298645, -0.0019298791885375977, -1.5669450759887695, 0.0, -1.7537206340866298, -5.388228613578864, -3.9371433168766155, -0.13494471809851216
49, 0.0006966590881347656, -3.117987632751465, 3.1389458179473877, 1.5610334873199463, -0.001902461051940918, -1.5669269561767578, 0.0, -1.7537223384344918, -5.388225504945983, -3.9371437739098947, -0.13494933628352346
50, 0.0006966590881347656, -3.1179730892181396, 3.1389458179473877, 1.5610243082046509, -0.0018934011459350586, -1.5669450759887695, 0.0, -1.753729791885263, -5.388224332528469, -3.937142879855378, -0.13494841328788887
51, 0.0007112026214599609, -3.117987632751465, 3.138953924179077, 1.561015248298645, -0.0018658638000488281, -1.5669269561767578, 0.0, -1.7537360905497512, -5.388227216122986, -3.9371428449025783, -0.1349418852266524
52, 0.0007112026214599609, -3.1179802417755127, 3.1389458179473877, 1.561015248298645, -0.0019298791885375977, -1.5669450759887695, 0.0, -1.7537376299782965, -5.388231422793401, -3.9371436382962175, -0.13495089054612208
53, 0.0007112026214599609, -3.1179802417755127, 3.1389379501342773, 1.5610243082046509, -0.0019208192825317383, -1.5669541358947754, 0.0, -1.7537326183035442, -5.3882331297223365, -3.9371432887068023, -0.134938598290959
54, 0.0007112026214599609, -3.1179802417755127, 3.1389379501342773, 1.5610334873199463, -0.0019208192825317383, -1.5669174194335938, 0.0, -1.7537313388154319, -5.388235169564693, -3.937143441421474, -0.1349398471653407
55, 0.0007038116455078125, -3.117987632751465, 3.1389458179473877, 1.5610243082046509, -0.0018842220306396484, -1.566908359527588, 0.0, -1.753736031906138, -5.388232712608807, -3.9371450596518955, -0.13492993492526395
56, 0.0007038116455078125, -3.1179802417755127, 3.138953924179077, 1.561015248298645, -0.0019298791885375977, -1.566908359527588, 0.0, -1.7537362686398072, -5.388226508135003, -3.9371415453373912, -0.13493892537711716
57, 0.0006966590881347656, -3.1179730892181396, 3.1389458179473877, 1.561015248298645, -0.0019208192825317383, -1.5669360160827637, 0.0, -1.7537478873059977, -5.388228469985463, -3.9371442604722606, -0.13493064856798487
58, 0.0007038116455078125, -3.1179802417755127, 3.1389458179473877, 1.561015248298645, -0.001938939094543457, -1.5669360160827637, 0.0, -1.753742639860847, -5.388236068020274, -3.937144207973818, -0.13494060661718876
59, 0.0007038116455078125, -3.1179802417755127, 3.1389458179473877, 1.5610334873199463, -0.0019298791885375977, -1.5669450759887695, 0.0, -1.7537436749887074, -5.388243244812219, -3.9371444246103393, -0.13495061610047276
60, 0.0007038116455078125, -3.1179802417755127, 3.138953924179077, 1.5610243082046509, -0.0019208192825317383, -1.5669269561767578, 0.0, -1.7537377464699, -5.38824359600975, -3.9371436126824455, -0.13494660065456188
61, 0.0007112026214599609, -3.1179730892181396, 3.1389458179473877, 1.5610243082046509, -0.0019298791885375977, -1.5669269561767578, 0.0, -1.7537354334615411, -5.388244314782553, -3.9371449252744535, -0.13494320160840534
62, 0.0006892681121826172, -3.117995023727417, 3.1389458179473877, 1.5610243082046509, -0.0019298791885375977, -1.5669450759887695, 0.0, -1.753734252095032, -5.388241359084376, -3.937144305127779, -0.1349400038779649
63, 0.0006966590881347656, -3.1179730892181396, 3.1389458179473877, 1.5610243082046509, -0.0019115209579467773, -1.5669450759887695, 0.0, -1.7537379052255138, -5.3882410340731095, -3.93714290946516, -0.1349449503564104
64, 0.0006892681121826172, -3.1179802417755127, 3.138953924179077, 1.561015248298645, -0.0019115209579467773, -1.5669360160827637, 0.0, -1.753738916137781, -5.388244020645123, -3.9371449254245046, -0.1349374466587534
65, 0.0007038116455078125, -3.117987632751465, 3.138953924179077, 1.561015248298645, -0.001902461051940918, -1.5669269561767578, 0.0, -1.7537360303360532, -5.388244790157137, -3.9371450934313184, -0.13494376778244188
66, 0.0006966590881347656, -3.1179730892181396, 3.138953924179077, 1.5610243082046509, -0.0018934011459350586, -1.5669360160827637, 0.0, -1.7537318104577513, -5.388246551862958, -3.9371418394936164, -0.13492258110959643
67, 0.0007112026214599609, -3.1179730892181396, 3.138953924179077, 1.5610334873199463, -0.0019208192825317383, -1.5669631958007812, 0.0, -1.7537310825944705, -5.388250493527683, -3.937142338515613, -0.13492032927597464
68, 0.0007112026214599609, -3.1179802417755127, 3.1389458179473877, 1.5610334873199463, -0.001902461051940918, -1.5669269561767578, 0.0, -1.753731596767662, -5.388247114197082, -3.9371415531803473, -0.13489715034783156
69, 0.0007038116455078125, -3.1179802417755127, 3.1389458179473877, 1.5610334873199463, -0.0019298791885375977, -1.5669360160827637, 0.0, -1.7537372522779466, -5.388257455003227, -3.9371422317924725, -0.13490601382608158
70, 0.0006818771362304688, -3.1179730892181396, 3.1389458179473877, 1.561015248298645, -0.0019115209579467773, -1.5669269561767578, 0.0, -1.7537430329050832, -5.388259799868401, -3.9371417336744914, -0.1348933944825994
71, 0.0006966590881347656, -3.1179802417755127, 3.1389458179473877, 1.5610243082046509, -0.001938939094543457, -1.5669450759887695, 0.0, -1.753744561388571, -5.388258669969996, -3.9371443945076314, -0.1348830876480136
72, 0.0006966590881347656, -3.1179730892181396, 3.1389458179473877, 1.561015248298645, -0.0019298791885375977, -1.5669269561767578, 0.0, -1.75375157510018, -5.388258891688961, -3.9371420460659037, -0.13488462584272654
73, 0.0007112026214599609, -3.1179802417755127, 3.138953924179077, 1.5610060691833496, -0.001938939094543457, -1.5669450759887695, 0.0, -1.753762622664889, -5.38825318969827, -3.9371443832337953, -0.13488677480808686
74, 0.0006966590881347656, -3.1179802417755127, 3.138953924179077, 1.5610060691833496, -0.0019208192825317383, -1.5669450759887695, 0.0, -1.7537697182807113, -5.3882502406408515, -3.9371461540322965, -0.13488226189726138
75, 0.0006966590881347656, -3.1179802417755127, 3.1389458179473877, 1.5610243082046509, -0.0019208192825317383, -1.5669450759887695, 0.0, -1.753772344924971, -5.3882623900835815, -3.9371471285866253, -0.13488603142911337
76, 0.0006966590881347656, -3.1179730892181396, 3.138953924179077, 1.5610243082046509, -0.0019115209579467773, -1.5669541358947754, 0.0, -1.7537728929170535, -5.38826163059669, -3.9371495347422196, -0.13487700440712036
77, 0.0007038116455078125, -3.1179730892181396, 3.1389458179473877, 1.5610426664352417, -0.0019298791885375977, -1.5669360160827637, 0.0, -1.7537647357498023, -5.388260951058597, -3.9371474097237815, -0.1348916983777393
78, 0.0006966590881347656, -3.117987632751465, 3.1389379501342773, 1.5610243082046509, -0.0019298791885375977, -1.5669541358947754, 0.0, -1.7537654396274105, -5.3882634855525895, -3.9371473524344895, -0.1348808334096514
79, 0.0006966590881347656, -3.1179802417755127, 3.138953924179077, 1.5610334873199463, -0.001902461051940918, -1.5669450759887695, 0.0, -1.7537651383108241, -5.388253397717719, -3.9371470551912418, -0.13488006029534638
80, 0.0007112026214599609, -3.1179730892181396, 3.1389458179473877, 1.5610060691833496, -0.0019298791885375977, -1.5669360160827637, 0.0, -1.7537642042901616, -5.388250394226801, -3.9371461927043283, -0.13489732755718098
81, 0.0007038116455078125, -3.1179802417755127, 3.1389458179473877, 1.561015248298645, -0.0019115209579467773, -1.5669269561767578, 0.0, -1.753769868432701, -5.388246582464608, -3.937145997954437, -0.1348893183645048
82, 0.0006892681121826172, -3.117995023727417, 3.1389458179473877, 1.5610243082046509, -0.0019208192825317383, -1.5669174194335938, 0.0, -1.7537793723918724, -5.388257600132618, -3.937148401943218, -0.1348882925015653
83, 0.0007038116455078125, -3.1179802417755127, 3.138953924179077, 1.5610243082046509, -0.0019115209579467773, -1.5669450759887695, 0.0, -1.7537717213500044, -5.388257913901244, -3.9371490948435364, -0.13488531778526447
84, 0.0006818771362304688, -3.117995023727417, 3.1389458179473877, 1.5610060691833496, -0.001902461051940918, -1.5669360160827637, 0.0, -1.7537668738203576, -5.388253832114255, -3.9371489934716144, -0.13488006029534638
85, 0.0007038116455078125, -3.117995023727417, 3.1389458179473877, 1.5610334873199463, -0.0019115209579467773, -1.5669174194335938, 0.0, -1.753769974797334, -5.388252890589105, -3.9371485908725163, -0.13487172401635927
86, 0.0006966590881347656, -3.117995023727417, 3.1389458179473877, 1.5610243082046509, -0.0019479990005493164, -1.5669174194335938, 0.0, -1.7537740201128451, -5.388251880523991, -3.937149700655261, -0.13489368379979538
87, 0.0006892681121826172, -3.1179802417755127, 3.1389458179473877, 1.5610243082046509, -0.0018934011459350586, -1.5669269561767578, 0.0, -1.7537778229434307, -5.388258325306662, -3.9371523519859988, -0.1348752934357691
88, 0.0007038116455078125, -3.117995023727417, 3.1389458179473877, 1.5610243082046509, -0.0019208192825317383, -1.5669174194335938, 0.0, -1.7537757589673002, -5.388259788992222, -3.937150715336408, -0.13487837222490917
89, 0.0007038116455078125, -3.1179802417755127, 3.1389458179473877, 1.5610243082046509, -0.0019298791885375977, -1.5669174194335938, 0.0, -1.7537682251571876, -5.388255762577628, -3.937149724563359, -0.1348859651251102
90, 0.0006966590881347656, -3.1179656982421875, 3.1389458179473877, 1.5609970092773438, -0.0019208192825317383, -1.5669631958007812, 0.0, -1.7537695086085423, -5.388253027235365, -3.9371504764430334, -0.13487762884569143
91, 0.0007038116455078125, -3.1179802417755127, 3.138953924179077, 1.5610243082046509, -0.0019298791885375977, -1.5669541358947754, 0.0, -1.7537702639720816, -5.388253924147625, -3.937148890969223, -0.1348927093729877
92, 0.0007038116455078125, -3.1179802417755127, 3.1389458179473877, 1.561015248298645, -0.001938939094543457, -1.5669631958007812, 0.0, -1.7537711079947567, -5.388245725497273, -3.9371464670227123, -0.13488860472072872
93, 0.0007038116455078125, -3.1179730892181396, 3.1389458179473877, 1.5610243082046509, -0.0018842220306396484, -1.5669450759887695, 0.0, -1.7537758865647315, -5.38824718877837, -3.9371481629624085, -0.13488896154262076
94, 0.0007112026214599609, -3.117987632751465, 3.138953924179077, 1.561015248298645, -0.0019298791885375977, -1.5669541358947754, 0.0, -1.753774086009186, -5.388250499933515, -3.937149181469211, -0.13488377035685684
95, 0.0006966590881347656, -3.1179730892181396, 3.138953924179077, 1.561015248298645, -0.0019115209579467773, -1.5669450759887695, 0.0, -1.7537737819024541, -5.388247413284238, -3.9371493290768145, -0.13488296067363326
96, 0.0006892681121826172, -3.117987632751465, 3.1389458179473877, 1.5610334873199463, -0.0019115209579467773, -1.5669269561767578, 0.0, -1.753768376627948, -5.388247195042581, -3.9371468465258603, -0.13488226993093821
97, 0.0006966590881347656, -3.1179802417755127, 3.1389458179473877, 1.561015248298645, -0.0019298791885375977, -1.5669360160827637, 0.0, -1.753771936366491, -5.388246120968386, -3.93714817370356, -0.13486983583267786
98, 0.0006966590881347656, -3.1179730892181396, 3.1389458179473877, 1.5610334873199463, -0.0019298791885375977, -1.5669360160827637, 0.0, -1.7537784325671522, -5.388264368820943, -3.9371478317439306, -0.13488344446999712
99, 0.0006668567657470703, -3.1179730892181396, 3.1389458179473877, 1.5610334873199463, -0.001902461051940918, -1.5669631958007812, 0.0, -1.7537789303099245, -5.3882681084127, -3.937147830334814, -0.13487214150735305
100, 0.0007038116455078125, -3.118002414703369, 3.1389458179473877, 1.5610334873199463, -0.001938939094543457, -1.5669450759887695, 0.0, -1.7537750928620843, -5.3882628039655875, -3.937148918586208, -0.134878938392462
101, 0.0006892681121826172, -3.1179802417755127, 3.1389458179473877, 1.5610334873199463, -0.0019208192825317383, -1.5669360160827637, 0.0, -1.7537796304520001, -5.388263975348354, -3.9371491184539806, -0.13488441889662717
102, 0.0006966590881347656, -3.118002414703369, 3.1389458179473877, 1.5610060691833496, -0.0019115209579467773, -1.5669360160827637, 0.0, -1.753787540884459, -5.388257294548711, -3.9371488114119613, -0.13488406890844562
103, 0.0006966590881347656, -3.117995023727417, 3.1389458179473877, 1.5610243082046509, -0.001902461051940918, -1.5669360160827637, 0.0, -1.7537948096547127, -5.388254462083331, -3.93714715684256, -0.1348823888716062
104, 0.0007038116455078125, -3.1179730892181396, 3.138953924179077, 1.561015248298645, -0.0019208192825317383, -1.5669541358947754, 0.0, -1.7537939957299404, -5.388257357643162, -3.9371474334207393, -0.13489306619482377
105, 0.0007038116455078125, -3.1179730892181396, 3.1389458179473877, 1.561015248298645, -0.001938939094543457, -1.5669360160827637, 0.0, -1.753801160519943, -5.388256453723999, -3.9371466299012776, -0.13488426902079365
106, 0.0006966590881347656, -3.1179730892181396, 3.1389458179473877, 1.561051845550537, -0.0019115209579467773, -1.5669360160827637, 0.0, -1.7537985448696272, -5.38825459892805, -3.9371492102074908, -0.13487151587013813
107, 0.0007038116455078125, -3.1179730892181396, 3.1389617919921875, 1.5610334873199463, -0.0019208192825317383, -1.5669450759887695, 0.0, -1.753800289127004, -5.3882565862887, -3.937149337496233, -0.13487964280355502
108, 0.0007038116455078125, -3.1179802417755127, 3.138953924179077, 1.561015248298645, -0.0018842220306396484, -1.5669174194335938, 0.0, -1.7538078391395657, -5.388251850370002, -3.937151452219043, -0.13488453663724442
109, 0.0006892681121826172, -3.117987632751465, 3.1389458179473877, 1.561015248298645, -0.0019208192825317383, -1.5669360160827637, 0.0, -1.7538043018725844, -5.388258101862219, -3.937149670230194, -0.1348835553769021
110, 0.0006818771362304688, -3.1179802417755127, 3.1389379501342773, 1.561051845550537, -0.0019115209579467773, -1.5669450759887695, 0.0, -1.7538022248201208, -5.388266155248582, -3.9371502866379204, -0.13488821133011886
111, 0.0006892681121826172, -3.117995023727417, 3.138953924179077, 1.5610243082046509, -0.001902461051940918, -1.5669450759887695, 0.0, -1.7537949156284203, -5.388264468460941, -3.937149820822087, -0.13489345395290986
112, 0.0007038116455078125, -3.117987632751465, 3.138953924179077, 1.561015248298645, -0.001938939094543457, -1.5669541358947754, 0.0, -1.7537989775389506, -5.388259349908345, -3.937150259688549, -0.13489926837645339
113, 0.0006966590881347656, -3.1179656982421875, 3.1389458179473877, 1.5610334873199463, -0.001902461051940918, -1.5669450759887695, 0.0, -1.7538000184220435, -5.388253837304803, -3.9371497276507563, -0.13488593418974038
114, 0.0006966590881347656, -3.117995023727417, 3.1389379501342773, 1.561015248298645, -0.0019208192825317383, -1.5669541358947754, 0.0, -1.7538078638859511, -5.388244946967571, -3.93714807029808, -0.13488701268935
115, 0.0006966590881347656, -3.117987632751465, 3.1389458179473877, 1.5610243082046509, -0.001938939094543457, -1.5669269561767578, 0.0, -1.7538161149899805, -5.388247229518429, -3.9371488711300464, -0.13489009147855668
116, 0.0006966590881347656, -3.118002414703369, 3.1389458179473877, 1.561015248298645, -0.0019115209579467773, -1.5669541358947754, 0.0, -1.7538216640593, -5.3882520348429885, -3.937152357542827, -0.1348912808847107
117, 0.0006966590881347656, -3.1179730892181396, 3.138953924179077, 1.5610243082046509, -0.0019115209579467773, -1.5669541358947754, 0.0, -1.7538200813878189, -5.388251791509557, -3.93715114792016, -0.13488838050654106
118, 0.0007038116455078125, -3.117987632751465, 3.138953924179077, 1.561015248298645, -0.0018934011459350586, -1.5669450759887695, 0.0, -1.7538164110737775, -5.388253630488377, -3.9371503350596577, -0.13488966715226347
119, 0.0006892681121826172, -3.1179802417755127, 3.1389458179473877, 1.5610243082046509, -0.0019208192825317383, -1.5669541358947754, 0.0, -1.7538232957266455, -5.388246617322188, -3.937151997097931, -0.13488590445458204
120, 0.0006818771362304688, -3.1179730892181396, 3.1389458179473877, 1.5610243082046509, -0.0019208192825317383, -1.5669360160827637, 0.0, -1.7538186016168553, -5.388243993152649, -3.9371504671274593, -0.1349066965316581
121, 0.0006742477416992188, -3.1179802417755127, 3.1389458179473877, 1.5610334873199463, -0.001938939094543457, -1.5669360160827637, 0.0, -1.7538211960371277, -5.38823858674839, -3.9371506337258295, -0.1348980480337092
122, 0.0007185935974121094, -3.1179802417755127, 3.1389458179473877, 1.5610426664352417, -0.001938939094543457, -1.5669269561767578, 0.0, -1.7538198992447955, -5.388239401758176, -3.937150378203172, -0.13490913601572796
123, 0.0007038116455078125, -3.118002414703369, 3.138953924179077, 1.561015248298645, -0.0018934011459350586, -1.5669631958007812, 0.0, -1.7538168958071012, -5.388238903954795, -3.9371512636586092, -0.13491302568946129
124, 0.0006818771362304688, -3.117995023727417, 3.138953924179077, 1.5610243082046509, -0.0019208192825317383, -1.5669541358947754, 0.0, -1.7538083559410294, -5.388240629457863, -3.9371500968863935, -0.1348942475664936
125, 0.0007038116455078125, -3.1179730892181396, 3.138953924179077, 1.5610334873199463, -0.001938939094543457, -1.5669269561767578, 0.0, -1.7538068580953756, -5.388235080271221, -3.937151298434536, -0.13488710189482234
126, 0.0007112026214599609, -3.117987632751465, 3.1389458179473877, 1.5610243082046509, -0.0019298791885375977, -1.5669631958007812, 0.0, -1.7538202686549786, -5.388228213455233, -3.9371505309446553, -0.1348856071029978
127, 0.0007038116455078125, -3.118002414703369, 3.138953924179077, 1.5610334873199463, -0.0019572973251342773, -1.5669269561767578, 0.0, -1.7538262795887039, -5.3882282542031215, -3.937151122194981, -0.13487851970142462
128, 0.0007112026214599609, -3.118002414703369, 3.138953924179077, 1.561015248298645, -0.0019479990005493164, -1.5669360160827637, 0.0, -1.7538325182982981, -5.388225603122128, -3.9371514595734065, -0.13488258778426854
129, 0.0006966590881347656, -3.1179802417755127, 3.1389617919921875, 1.5610334873199463, -0.0019115209579467773, -1.5669360160827637, 0.0, -1.753830643324482, -5.3882283766442685, -3.937153726594428, -0.134889525309962
130, 0.0007112026214599609, -3.1179802417755127, 3.138953924179077, 1.5610060691833496, -0.001902461051940918, -1.5669360160827637, 0.0, -1.7538226020603456, -5.3882250723258815, -3.9371528466850725, -0.13488152415237487
131, 0.0007112026214599609, -3.1179802417755127, 3.138953924179077, 1.5610334873199463, -0.001902461051940918, -1.5669269561767578, 0.0, -1.7538198022425582, -5.388223427823197, -3.9371495507721455, -0.13488596392489782
132, 0.0007112026214599609, -3.1179730892181396, 3.1389458179473877, 1.5610334873199463, -0.001902461051940918, -1.5669360160827637, 0.0, -1.753827630764643, -5.388227101839233, -3.937149189445849, -0.13489723715017377
133, 0.0007185935974121094, -3.117987632751465, 3.1389458179473877, 1.5610334873199463, -0.0019298791885375977, -1.566908359527588, 0.0, -1.7538254424307804, -5.388225550728022, -3.9371481395435426, -0.13488817236045492
134, 0.0007038116455078125, -3.117987632751465, 3.1389458179473877, 1.5610334873199463, -0.0019298791885375977, -1.5669269561767578, 0.0, -1.7538314331078682, -5.38822829554834, -3.9371517508574345, -0.13488217832591598
135, 0.0006966590881347656, -3.1179730892181396, 3.1389458179473877, 1.5610060691833496, -0.001938939094543457, -1.5669450759887695, 0.0, -1.753833199618676, -5.388231689151956, -3.937151026982214, -0.13487147006889622
136, 0.0007038116455078125, -3.1179802417755127, 3.1389458179473877, 1.5609878301620483, -0.001938939094543457, -1.5669450759887695, 0.0, -1.7538415489424444, -5.388228864009821, -3.937152263426177, -0.13488946583965689
137, 0.0007038116455078125, -3.117987632751465, 3.1389458179473877, 1.5610243082046509, -0.0019208192825317383, -1.5669174194335938, 0.0, -1.753838222781976, -5.388224385940086, -3.937147085707494, -0.1348981657726238
138, 0.0006966590881347656, -3.117987632751465, 3.138953924179077, 1.5610243082046509, -0.0019298791885375977, -1.5669360160827637, 0.0, -1.7538420912232215, -5.388223688480471, -3.9371485444923335, -0.1348992294048248
139, 0.0006966590881347656, -3.117995023727417, 3.1389458179473877, 1.5610243082046509, -0.0019208192825317383, -1.5669269561767578, 0.0, -1.7538450928260139, -5.388218426244795, -3.9371478311670978, -0.1349042409778045
140, 0.0006966590881347656, -3.1179656982421875, 3.1389379501342773, 1.5610243082046509, -0.0019115209579467773, -1.5669360160827637, 0.0, -1.753851077965912, -5.3882141375793315, -3.9371511422595598, -0.13491465188249308
141, 0.0007038116455078125, -3.1179802417755127, 3.1389458179473877, 1.5610243082046509, -0.001902461051940918, -1.5669269561767578, 0.0, -1.753848388274205, -5.388214048048651, -3.9371490745116606, -0.1349005160506369
142, 0.0006892681121826172, -3.117995023727417, 3.1389458179473877, 1.5610243082046509, -0.0019115209579467773, -1.5669450759887695, 0.0, -1.753848446968346, -5.388207982893092, -3.9371524813418515, -0.1348865654616942
143, 0.0006966590881347656, -3.117987632751465, 3.1389458179473877, 1.5610060691833496, -0.0019115209579467773, -1.5669360160827637, 0.0, -1.753842091526255, -5.38820318140554, -3.937149851342221, -0.13488987409766207
144, 0.0007038116455078125, -3.1179802417755127, 3.138953924179077, 1.561015248298645, -0.001902461051940918, -1.5669269561767578, 0.0, -1.7538476787022428, -5.388203381523626, -3.9371476592827683, -0.13488112836202681
145, 0.0007112026214599609, -3.1179730892181396, 3.138953924179077, 1.561015248298645, -0.0019115209579467773, -1.5669450759887695, 0.0, -1.753853250348844, -5.388201598339897, -3.9371493394772537, -0.13487781972581292
146, 0.0006966590881347656, -3.1179730892181396, 3.1389458179473877, 1.5609970092773438, -0.0019115209579467773, -1.5669360160827637, 0.0, -1.7538561568954716, -5.388203373195753, -3.9371497069479457, -0.13490302866985715
147, 0.0006892681121826172, -3.1179730892181396, 3.1389458179473877, 1.5610334873199463, -0.0019208192825317383, -1.5669450759887695, 0.0, -1.7538616668960818, -5.388204597573496, -3.937149524139035, -0.13490587641016827
148, 0.0007112026214599609, -3.1179802417755127, 3.1389458179473877, 1.5610334873199463, -0.0019298791885375977, -1.5669174194335938, 0.0, -1.7538616454176907, -5.38820379353721, -3.9371491262598832, -0.13490105811594688
149, 0.0007112026214599609, -3.118002414703369, 3.138953924179077, 1.5610243082046509, -0.0019208192825317383, -1.5669450759887695, 0.0, -1.7538657319471411, -5.3882050764433504, -3.9371512209866, -0.13491259091983654
150, 0.0006818771362304688, -3.1179730892181396, 3.1389458179473877, 1.561015248298645, -0.0019208192825317383, -1.5669541358947754, 0.0, -1.7538695460741653, -5.388207264021674, -3.9371510853340252, -0.13492938241484698
151, 0.0006966590881347656, -3.1179730892181396, 3.1389458179473877, 1.5610243082046509, -0.0018934011459350586, -1.5669541358947754, 0.0, -1.7538727561529426, -5.388204827161018, -3.9371496595710562, -0.13491680084708513
152, 0.0006818771362304688, -3.1179730892181396, 3.1389458179473877, 1.5610334873199463, -0.001902461051940918, -1.5669631958007812, 0.0, -1.7538767106836937, -5.388200086671346, -3.9371516541569904, -0.13491774433519765
153, 0.0006892681121826172, -3.1179730892181396, 3.1389458179473877, 1.5610243082046509, -0.0019208192825317383, -1.5669450759887695, 0.0, -1.7538781258648644, -5.38820064593519, -3.9371521454825427, -0.13492696583456087
154, 0.0007185935974121094, -3.1179656982421875, 3.1389458179473877, 1.561015248298645, -0.0019115209579467773, -1.5669450759887695, 0.0, -1.7538763469886531, -5.388196748264491, -3.9371518001058106, -0.1349119664822176
155, 0.0007038116455078125, -3.118009567260742, 3.1389458179473877, 1.561015248298645, -0.0019115209579467773, -1.5669450759887695, 0.0, -1.7538790111801381, -5.388198761366184, -3.9371519014405023, -0.1349220502998385
156, 0.0006966590881347656, -3.1179802417755127, 3.138953924179077, 1.561015248298645, -0.0019208192825317383, -1.5669450759887695, 0.0, -1.7538842943531963, -5.388199881398832, -3.937149872940169, -0.13492434793974883
157, 0.0007112026214599609, -3.117995023727417, 3.1389458179473877, 1.5610243082046509, -0.0019208192825317383, -1.5669360160827637, 0.0, -1.753885503149637, -5.3881998397465365, -3.937150428064236, -0.13492565628465858
158, 0.0007038116455078125, -3.1179802417755127, 3.1389458179473877, 1.5610426664352417, -0.001902461051940918, -1.5669450759887695, 0.0, -1.7538937862200512, -5.388195311271177, -3.937152131374944, -0.13491694831878576
159, 0.0007038116455078125, -3.1179802417755127, 3.1389458179473877, 1.5610243082046509, -0.0019115209579467773, -1.5669450759887695, 0.0, -1.753894395036343, -5.388197215295633, -3.937152694530344, -0.13494224646431796
160, 0.0007112026214599609, -3.117987632751465, 3.1389458179473877, 1.5610334873199463, -0.001902461051940918, -1.5669360160827637, 0.0, -1.753890931570824, -5.388196341803041, -3.93715278393836, -0.13493403716448782
161, 0.0006966590881347656, -3.117987632751465, 3.1389458179473877, 1.5610243082046509, -0.001938939094543457, -1.5669450759887695, 0.0, -1.7538928873152924, -5.3881953399330875, -3.937151894320491, -0.1349511477081915
162, 0.0006966590881347656, -3.1179802417755127, 3.138953924179077, 1.5610060691833496, -0.0019298791885375977, -1.5669541358947754, 0.0, -1.7538972146823275, -5.388199130696646, -3.9371519909702095, -0.1349529547185364
163, 0.0007038116455078125, -3.1179802417755127, 3.1389458179473877, 1.561015248298645, -0.0019298791885375977, -1.5669360160827637, 0.0, -1.7539005730325483, -5.38820019659494, -3.937157208812425, -0.1349498988346145
164, 0.0007112026214599609, -3.1179802417755127, 3.138953924179077, 1.5610243082046509, -0.0019298791885375977, -1.5669360160827637, 0.0, -1.7539035138825583, -5.388201317161558, -3.937155892146241, -0.13493749447291137
165, 0.0007112026214599609, -3.117987632751465, 3.1389458179473877, 1.5610060691833496, -0.001938939094543457, -1.5669360160827637, 0.0, -1.7539040790726348, -5.3882057259438385, -3.937156660487522, -0.13494924345492887
166, 0.0006892681121826172, -3.1179802417755127, 3.138953924179077, 1.561015248298645, -0.001902461051940918, -1.5669174194335938, 0.0, -1.753906805684327, -5.388200586977638, -3.9371556802767915, -0.13493737553252227
167, 0.0006966590881347656, -3.1179802417755127, 3.138953924179077, 1.561015248298645, -0.001902461051940918, -1.5669450759887695, 0.0, -1.7539037686841745, -5.388200421041242, -3.9371560531081253, -0.1349521896442143
168, 0.0006966590881347656, -3.117987632751465, 3.1389458179473877, 1.5610243082046509, -0.0019208192825317383, -1.5669631958007812, 0.0, -1.7539102288328023, -5.388194601172282, -3.937154748113819, -0.13495292498345357
169, 0.0007112026214599609, -3.1179730892181396, 3.138953924179077, 1.5610243082046509, -0.001902461051940918, -1.5669450759887695, 0.0, -1.7539108183579641, -5.388192507605531, -3.9371534130005, -0.13494146531468765
170, 0.0007112026214599609, -3.1179730892181396, 3.1389458179473877, 1.5610426664352417, -0.001902461051940918, -1.5669541358947754, 0.0, -1.7539145796688804, -5.388196040607295, -3.9371552451789245, -0.13494835140237615
171, 0.0007038116455078125, -3.1179802417755127, 3.138953924179077, 1.561015248298645, -0.0019208192825317383, -1.5669450759887695, 0.0, -1.753915277053007, -5.388197004524372, -3.9371551824161233, -0.13494170319542764
172, 0.0007038116455078125, -3.1179730892181396, 3.138953924179077, 1.5610243082046509, -0.0019208192825317383, -1.5669360160827637, 0.0, -1.753917657290577, -5.38819832609769, -3.937154618903632, -0.13494611323328876
173, 0.0007259845733642578, -3.1179802417755127, 3.1389458179473877, 1.561015248298645, -0.0019115209579467773, -1.5669541358947754, 0.0, -1.7539165048599041, -5.388203169202356, -3.9371539688373782, -0.13494829996980418
174, 0.0006966590881347656, -3.1179802417755127, 3.1389458179473877, 1.561015248298645, -0.001938939094543457, -1.5669269561767578, 0.0, -1.753915795554935, -5.388205995966466, -3.9371545788394013, -0.13495091786527436
175, 0.0006892681121826172, -3.117987632751465, 3.1389458179473877, 1.5610243082046509, -0.0019298791885375977, -1.5669360160827637, 0.0, -1.7539175347919338, -5.388204817223303, -3.9371536966678313, -0.1349534602149225
176, 0.0006742477416992188, -3.117987632751465, 3.1389458179473877, 1.561015248298645, -0.0019298791885375977, -1.5669360160827637, 0.0, -1.7539170964997137, -5.388194823084768, -3.937152131711474, -0.13495325206935416
177, 0.0007038116455078125, -3.1179802417755127, 3.1389458179473877, 1.5610334873199463, -0.0019208192825317383, -1.5669360160827637, 0.0, -1.75392532338763, -5.388198968475438, -3.937157067527174, -0.13495334127459824
178, 0.0007112026214599609, -3.1179802417755127, 3.138953924179077, 1.5610060691833496, -0.001938939094543457, -1.5669360160827637, 0.0, -1.7539276165674986, -5.388194084842762, -3.937156611309104, -0.13496256960409436
179, 0.0007185935974121094, -3.1179730892181396, 3.1389458179473877, 1.5610060691833496, -0.0019115209579467773, -1.5669269561767578, 0.0, -1.7539348345521915, -5.388210858617422, -3.9371577066459182, -0.134948708223404
180, 0.0006966590881347656, -3.1179802417755127, 3.138953924179077, 1.5610334873199463, -0.0018934011459350586, -1.5669360160827637, 0.0, -1.7539394339595324, -5.38821511205235, -3.937158179963141, -0.1349569038631806
181, 0.0006818771362304688, -3.117995023727417, 3.1389458179473877, 1.561015248298645, -0.0019298791885375977, -1.5669269561767578, 0.0, -1.7539323176233017, -5.388211645328362, -3.93715778276335, -0.13496407243467612
182, 0.0007185935974121094, -3.118002414703369, 3.1389458179473877, 1.5610334873199463, -0.0019208192825317383, -1.5669360160827637, 0.0, -1.7539220968787914, -5.388207762719186, -3.937157377278085, -0.1349623992321023
183, 0.0006966590881347656, -3.1179656982421875, 3.1389458179473877, 1.561015248298645, -0.0019298791885375977, -1.5669360160827637, 0.0, -1.7539241308368962, -5.388203229102121, -3.9371583821039873, -0.13496233976195438
184, 0.0006966590881347656, -3.1179730892181396, 3.1389458179473877, 1.5610243082046509, -0.0018842220306396484, -1.5669450759887695, 0.0, -1.7539255516324412, -5.388201239964681, -3.937156795648376, -0.13497330759298798
185, 0.0007112026214599609, -3.117987632751465, 3.1389458179473877, 1.5610334873199463, -0.0019298791885375977, -1.5669541358947754, 0.0, -1.7539313258791775, -5.388199191964066, -3.937158314818295, -0.13497680267326917
186, 0.0007038116455078125, -3.1179802417755127, 3.1389379501342773, 1.561015248298645, -0.0019298791885375977, -1.5669450759887695, 0.0, -1.7539336845372064, -5.388203856010916, -3.937156410723796, -0.13497594035658445
187, 0.0006818771362304688, -3.1179802417755127, 3.138953924179077, 1.5610243082046509, -0.0019208192825317383, -1.5669450759887695, 0.0, -1.753936037493858, -5.3882063636918485, -3.937157841356505, -0.13497683361939128
188, 0.0007038116455078125, -3.1179802417755127, 3.1389458179473877, 1.5610334873199463, -0.0019298791885375977, -1.5669541358947754, 0.0, -1.7539258649094747, -5.388208315402199, -3.9371570302021692, -0.1349654185514808
189, 0.0007038116455078125, -3.1179802417755127, 3.1389458179473877, 1.561015248298645, -0.0018842220306396484, -1.5669360160827637, 0.0, -1.753926165973546, -5.388207059195318, -3.937158542376448, -0.1349538777143744
190, 0.0007112026214599609, -3.1179802417755127, 3.1389458179473877, 1.5610334873199463, -0.0018934011459350586, -1.5669450759887695, 0.0, -1.7539273157147461, -5.388207553762581, -3.937157655671584, -0.13496391693030763
191, 0.0006892681121826172, -3.1179730892181396, 3.138953924179077, 1.561051845550537, -0.0019115209579467773, -1.5669360160827637, 0.0, -1.7539319832440317, -5.388213480452329, -3.937158575871585, -0.13496931626563402
192, 0.0006892681121826172, -3.117987632751465, 3.1389458179473877, 1.561015248298645, -0.0019115209579467773, -1.5669269561767578, 0.0, -1.7539294321654257, -5.388218954526206, -3.937154894268957, -0.13497295198285642
193, 0.0007038116455078125, -3.1179802417755127, 3.1389458179473877, 1.561015248298645, -0.0019298791885375977, -1.5669360160827637, 0.0, -1.7539342054952467, -5.388217667509674, -3.9371561027175073, -0.13496094221341703
194, 0.0007038116455078125, -3.1179802417755127, 3.138953924179077, 1.5610243082046509, -0.0019298791885375977, -1.5669360160827637, 0.0, -1.7539367746044647, -5.3882144540491534, -3.937157364295735, -0.13495791606465346
195, 0.0006966590881347656, -3.1179802417755127, 3.1389458179473877, 1.5610060691833496, -0.0019298791885375977, -1.5669360160827637, 0.0, -1.753937997600075, -5.388216912324485, -3.937160204033172, -0.13495144626706068
196, 0.0006966590881347656, -3.1179730892181396, 3.1389458179473877, 1.561015248298645, -0.0019208192825317383, -1.5669450759887695, 0.0, -1.753938223013359, -5.388215424748708, -3.9371596910927944, -0.13496218425747397
197, 0.0007112026214599609, -3.1179730892181396, 3.138953924179077, 1.5610243082046509, -0.0019298791885375977, -1.5669269561767578, 0.0, -1.7539379979633203, -5.388213185590942, -3.9371603801690545, -0.13495440611629572
198, 0.0006742477416992188, -3.1179802417755127, 3.1389458179473877, 1.5610243082046509, -0.0019298791885375977, -1.5669541358947754, 0.0, -1.7539382099836343, -5.388212743713043, -3.937159027349072, -0.13497158416980515
199, 0.0006966590881347656, -3.117987632751465, 3.1389458179473877, 1.5610243082046509, -0.0019298791885375977, -1.5669360160827637, 0.0, -1.7539317206686307, -5.38821525805335, -3.937157117754492, -0.1349754658065354
200, 0.0007038116455078125, -3.1179802417755127, 3.1389458179473877, 1.5610334873199463, -0.0019298791885375977, -1.5669450759887695, 0.0, -1.7539363807376935, -5.388221165676501, -3.937160386028307, -0.13497600907691698
201, 0.0006742477416992188, -3.117995023727417, 3.1389458179473877, 1.5610243082046509, -0.0019208192825317383, -1.5669360160827637, 0.0, -1.7539353502635975, -5.388219628912122, -3.937160858955354, -0.13496419258451997
202, 0.0006892681121826172, -3.117987632751465, 3.1389458179473877, 1.5610060691833496, -0.001938939094543457, -1.5669360160827637, 0.0, -1.7539374542336186, -5.388222451354123, -3.9371590924820197, -0.13495381945252394
203, 0.0006892681121826172, -3.118002414703369, 3.1389617919921875, 1.561015248298645, -0.001902461051940918, -1.5669450759887695, 0.0, -1.7539399655421342, -5.388230201865984, -3.9371610585801147, -0.13495541831764069
204, 0.0006892681121826172, -3.117987632751465, 3.1389458179473877, 1.5610243082046509, -0.001902461051940918, -1.5669360160827637, 0.0, -1.7539363690506509, -5.38822571413486, -3.937158896140013, -0.13496094342258402
205, 0.0006892681121826172, -3.117987632751465, 3.1389458179473877, 1.561015248298645, -0.0019208192825317383, -1.5669541358947754, 0.0, -1.7539352290592163, -5.388227287564805, -3.9371591682906146, -0.13496093538423093
206, 0.0006892681121826172, -3.117987632751465, 3.138953924179077, 1.5610334873199463, -0.0019208192825317383, -1.5669541358947754, 0.0, -1.75393489360065, -5.388223223191265, -3.937159689727009, -0.13496892288100426
207, 0.0006966590881347656, -3.1179802417755127, 3.1389458179473877, 1.5610243082046509, -0.0019479990005493164, -1.5669541358947754, 0.0, -1.7539339531575198, -5.388225506930527, -3.9371594813574173, -0.13497256663756296
208, 0.0007038116455078125, -3.1179802417755127, 3.1389458179473877, 1.5610060691833496, -0.001902461051940918, -1.5669450759887695, 0.0, -1.7539305642807514, -5.3882254805475, -3.9371559142232617, -0.13497072989175152
209, 0.0007112026214599609, -3.1179802417755127, 3.1389458179473877, 1.561015248298645, -0.0019208192825317383, -1.5669450759887695, 0.0, -1.7539411723912488, -5.3882301883852355, -3.937161189233344, -0.13497310186880007
210, 0.0007112026214599609, -3.1179730892181396, 3.1389458179473877, 1.5609970092773438, -0.0018842220306396484, -1.5669450759887695, 0.0, -1.7539424468145166, -5.388231700426028, -3.9371625932803633, -0.1349704554474922
211, 0.0007038116455078125, -3.117987632751465, 3.138953924179077, 1.561015248298645, -0.0019298791885375977, -1.5669450759887695, 0.0, -1.753942625661944, -5.388237936818731, -3.9371604745674675, -0.1349694432447741
212, 0.0006892681121826172, -3.1179656982421875, 3.138953924179077, 1.561015248298645, -0.0019479990005493164, -1.5669360160827637, 0.0, -1.7539429125809392, -5.388235791332206, -3.9371613519064548, -0.13498119905628947
213, 0.0006818771362304688, -3.1179583072662354, 3.1389458179473877, 1.5610334873199463, -0.0019115209579467773, -1.5669360160827637, 0.0, -1.7539527045164869, -5.388228743758296, -3.9371613629739572, -0.1349675916314439
214, 0.0006966590881347656, -3.117987632751465, 3.1389458179473877, 1.5610243082046509, -0.0019208192825317383, -1.5669360160827637, 0.0, -1.7539501862845008, -5.388220027917764, -3.9371590324606576, -0.13496302487805334
215, 0.0006818771362304688, -3.1179730892181396, 3.138953924179077, 1.5610243082046509, -0.0019208192825317383, -1.5669360160827637, 0.0, -1.753959740291348, -5.3882165875618355, -3.9371591833289954, -0.13496165706449226
216, 0.0006892681121826172, -3.117987632751465, 3.1389458179473877, 1.5610243082046509, -0.0019115209579467773, -1.5669541358947754, 0.0, -1.7539654693883184, -5.388217051612841, -3.9371628855599248, -0.1349664524500831
217, 0.0006966590881347656, -3.1179802417755127, 3.1389458179473877, 1.5610243082046509, -0.0019115209579467773, -1.5669541358947754, 0.0, -1.7539679022224417, -5.388220409021528, -3.9371636666443846, -0.1349690474398617
218, 0.0006966590881347656, -3.117987632751465, 3.1389458179473877, 1.5610243082046509, -0.0019298791885375977, -1.5669360160827637, 0.0, -1.7539640181358593, -5.388217406836034, -3.9371635233801436, -0.1349755847467886
219, 0.0006892681121826172, -3.118002414703369, 3.1389458179473877, 1.5610060691833496, -0.0019115209579467773, -1.5669541358947754, 0.0, -1.7539609825441143, -5.38821507695485, -3.9371592944096228, -0.13497513872083378
220, 0.0007112026214599609, -3.1179802417755127, 3.1389379501342773, 1.5610334873199463, -0.0019115209579467773, -1.5669631958007812, 0.0, -1.7539570313722512, -5.3882111883414305, -3.9371604928465107, -0.1349856605263282
221, 0.0006892681121826172, -3.117995023727417, 3.138953924179077, 1.5610243082046509, -0.0019208192825317383, -1.5669541358947754, 0.0, -1.7539589511383824, -5.38820408603123, -3.9371587374512553, -0.13497366562439872
222, 0.0007038116455078125, -3.117987632751465, 3.1389458179473877, 1.5610334873199463, -0.0019115209579467773, -1.5669541358947754, 0.0, -1.7539639336022799, -5.388206902529104, -3.937162571147637, -0.13496634033866073
223, 0.0006892681121826172, -3.1179802417755127, 3.138953924179077, 1.5610334873199463, -0.0018934011459350586, -1.5669450759887695, 0.0, -1.7539659555419758, -5.388209399770538, -3.937163546756514, -0.1349766323022097
224, 0.0007112026214599609, -3.1179802417755127, 3.138953924179077, 1.561015248298645, -0.0019572973251342773, -1.5669450759887695, 0.0, -1.753966657656987, -5.388208114272979, -3.9371611677143576, -0.13497636468667285
225, 0.0006966590881347656, -3.1179802417755127, 3.138953924179077, 1.5610060691833496, -0.001902461051940918, -1.5669269561767578, 0.0, -1.7539658964420384, -5.388210114508626, -3.9371614358930183, -0.13497803106114148
226, 0.0007038116455078125, -3.118009567260742, 3.1389458179473877, 1.5610334873199463, -0.001902461051940918, -1.5669541358947754, 0.0, -1.7539641306138911, -5.388208369224549, -3.9371606033709123, -0.13498616602220093
227, 0.0006892681121826172, -3.117987632751465, 3.138953924179077, 1.561015248298645, -0.001902461051940918, -1.5669269561767578, 0.0, -1.7539564024852152, -5.3882129571878155, -3.9371607559970165, -0.1349854821160159
228, 0.0007112026214599609, -3.118002414703369, 3.138953924179077, 1.5610243082046509, -0.0019208192825317383, -1.5669631958007812, 0.0, -1.7539547474273463, -5.388211522268486, -3.9371625836830435, -0.13499164773639105
229, 0.0007112026214599609, -3.117987632751465, 3.1389458179473877, 1.561015248298645, -0.001938939094543457, -1.5669450759887695, 0.0, -1.753958231048605, -5.38821427378692, -3.937166691465626, -0.1349901975463652
230, 0.0006892681121826172, -3.1179802417755127, 3.138953924179077, 1.5610060691833496, -0.0019298791885375977, -1.5669541358947754, 0.0, -1.753951253851916, -5.388209021264725, -3.937163832037152, -0.13497486427690308
231, 0.0007112026214599609, -3.1179730892181396, 3.1389458179473877, 1.5610426664352417, -0.0019208192825317383, -1.5669450759887695, 0.0, -1.75394619959149, -5.388212150008009, -3.9371615055455496, -0.13498476285900018
232, 0.0007038116455078125, -3.1179802417755127, 3.1389458179473877, 1.5610243082046509, -0.0019479990005493164, -1.5669269561767578, 0.0, -1.7539454497672744, -5.388214453727244, -3.937161527303317, -0.1349909340952049
233, 0.0007038116455078125, -3.1179802417755127, 3.1389458179473877, 1.5610060691833496, -0.0019208192825317383, -1.5669450759887695, 0.0, -1.753940370182795, -5.388210367421973, -3.9371588424318555, -0.13497998795837685
234, 0.0007112026214599609, -3.1179802417755127, 3.138953924179077, 1.561015248298645, -0.0019298791885375977, -1.5669450759887695, 0.0, -1.7539399419129356, -5.38820823764015, -3.9371641101157127, -0.1349709380372488
235, 0.0007112026214599609, -3.117987632751465, 3.138953924179077, 1.5610243082046509, -0.001902461051940918, -1.5669450759887695, 0.0, -1.7539409420763525, -5.388209644660018, -3.9371659945718576, -0.1349852454476661
236, 0.0007038116455078125, -3.1179730892181396, 3.1389617919921875, 1.5610243082046509, -0.0019298791885375977, -1.5669174194335938, 0.0, -1.7539406945257223, -5.388206568093166, -3.937164297305249, -0.1349848601039545
237, 0.0006966590881347656, -3.1179802417755127, 3.1389458179473877, 1.5610060691833496, -0.0019115209579467773, -1.5669269561767578, 0.0, -1.7539352842287987, -5.3882074388332715, -3.937161003943027, -0.13497714022041407
238, 0.0006966590881347656, -3.117995023727417, 3.1389458179473877, 1.561015248298645, -0.0019115209579467773, -1.5669631958007812, 0.0, -1.7539382245273532, -5.388205267158227, -3.937159590973856, -0.1349674429560732
239, 0.0006818771362304688, -3.1179730892181396, 3.138953924179077, 1.5610243082046509, -0.0019208192825317383, -1.5669269561767578, 0.0, -1.753945405245172, -5.388199463831667, -3.9371600061483796, -0.13495553725798448
240, 0.0006892681121826172, -3.117987632751465, 3.138953924179077, 1.561015248298645, -0.001938939094543457, -1.5669269561767578, 0.0, -1.7539422103595976, -5.38820613600529, -3.937159805628069, -0.13496333147675887
241, 0.0007038116455078125, -3.117987632751465, 3.138953924179077, 1.5610243082046509, -0.001938939094543457, -1.5669269561767578, 0.0, -1.7539486277436966, -5.388205562684, -3.9371675447695034, -0.13496962165520543
242, 0.0006966590881347656, -3.117995023727417, 3.138953924179077, 1.561015248298645, -0.0019208192825317383, -1.5669450759887695, 0.0, -1.7539481694564236, -5.3882019815311955, -3.937168523677201, -0.13497411407182636
243, 0.0006892681121826172, -3.1179730892181396, 3.1389458179473877, 1.5610243082046509, -0.0019115209579467773, -1.5669541358947754, 0.0, -1.7539429966027411, -5.388200237313855, -3.937169020666231, -0.1349779957091224
244, 0.0006966590881347656, -3.117987632751465, 3.138953924179077, 1.5609970092773438, -0.001902461051940918, -1.5669541358947754, 0.0, -1.753941650488381, -5.388196482374581, -3.9371620783264434, -0.1349719205050306
245, 0.0007112026214599609, -3.1179802417755127, 3.1389458179473877, 1.5610243082046509, -0.001938939094543457, -1.5669174194335938, 0.0, -1.7539467041804535, -5.3881901999887125, -3.9371647203681075, -0.13497520744103486
246, 0.0007185935974121094, -3.117987632751465, 3.1389458179473877, 1.561015248298645, -0.0019298791885375977, -1.5669450759887695, 0.0, -1.7539459270895597, -5.388192964379336, -3.937167109209854, -0.13497873908574132
247, 0.0007112026214599609, -3.1179802417755127, 3.1389458179473877, 1.5610243082046509, -0.0018934011459350586, -1.5669541358947754, 0.0, -1.7539506790135626, -5.388196557804154, -3.9371697366678644, -0.13497612118889712
248, 0.0007038116455078125, -3.1179802417755127, 3.138953924179077, 1.5610243082046509, -0.0019208192825317383, -1.5669541358947754, 0.0, -1.7539552483950585, -5.38819700952785, -3.93716756054186, -0.13497048518256527
249, 0.0006742477416992188, -3.1179802417755127, 3.138953924179077, 1.561015248298645, -0.0018934011459350586, -1.5669269561767578, 0.0, -1.753960069336923, -5.388198572139534, -3.937167891109513, -0.1349742101054261
250, 0.0006966590881347656, -3.1179802417755127, 3.1389458179473877, 1.5610334873199463, -0.001938939094543457, -1.5669269561767578, 0.0, -1.7539508033939826, -5.388205390526673, -3.9371624489066064, -0.1349887634363851
251, 0.0007259845733642578, -3.1179802417755127, 3.138953924179077, 1.5610334873199463, -0.0018934011459350586, -1.5669174194335938, 0.0, -1.7539503722247767, -5.388201320464883, -3.937162348567412, -0.13498083661914873
252, 0.0006818771362304688, -3.1179802417755127, 3.1389458179473877, 1.5610334873199463, -0.0019298791885375977, -1.5669450759887695, 0.0, -1.753953251355635, -5.388196844996635, -3.9371611087829264, -0.13496246112094656
253, 0.0006966590881347656, -3.117987632751465, 3.1389458179473877, 1.561015248298645, -0.001902461051940918, -1.5669269561767578, 0.0, -1.7539665299902047, -5.388196057930421, -3.937171634878594, -0.13495190153926018
254, 0.0007112026214599609, -3.1179802417755127, 3.138953924179077, 1.561015248298645, -0.0019115209579467773, -1.5669631958007812, 0.0, -1.7539612643473388, -5.388194815593778, -3.937168401779415, -0.1349558655524845
255, 0.0007038116455078125, -3.117987632751465, 3.1389458179473877, 1.5609970092773438, -0.0019115209579467773, -1.5669360160827637, 0.0, -1.7539600503983068, -5.388198910423687, -3.937167627700849, -0.13495583581739634
256, 0.0007038116455078125, -3.117987632751465, 3.138953924179077, 1.5610243082046509, -0.0019479990005493164, -1.5669174194335938, 0.0, -1.753960432357017, -5.38820051196359, -3.93716671772102, -0.13495474244863193
257, 0.0006966590881347656, -3.1179802417755127, 3.1389458179473877, 1.5610426664352417, -0.0018842220306396484, -1.5669450759887695, 0.0, -1.7539550761402714, -5.388192993010338, -3.9371640515346544, -0.13494364763492328
258, 0.0006966590881347656, -3.117995023727417, 3.138953924179077, 1.561015248298645, -0.0019208192825317383, -1.5669450759887695, 0.0, -1.7539525443717285, -5.3882007617039624, -3.9371632519789173, -0.13496011204938263
259, 0.0007038116455078125, -3.1179802417755127, 3.1389458179473877, 1.5610243082046509, -0.0018934011459350586, -1.5669541358947754, 0.0, -1.7539623990792361, -5.388203423746295, -3.9371688022791473, -0.1349744708926588
260, 0.0006892681121826172, -3.1179730892181396, 3.1389458179473877, 1.5610243082046509, -0.0019115209579467773, -1.5669450759887695, 0.0, -1.7539656033822955, -5.388199745077065, -3.9371702753343816, -0.1349593308988819
261, 0.0007038116455078125, -3.117987632751465, 3.138953924179077, 1.5610243082046509, -0.0019208192825317383, -1.5669631958007812, 0.0, -1.7539587893447286, -5.3881995570685834, -3.9371692947424757, -0.13496896065490827
262, 0.0007038116455078125, -3.1179802417755127, 3.138953924179077, 1.561015248298645, -0.0019208192825317383, -1.5669450759887695, 0.0, -1.7539494325409293, -5.3882024587557655, -3.937163411160683, -0.13496574122784466
263, 0.0007038116455078125, -3.1179802417755127, 3.1389458179473877, 1.5610334873199463, -0.0019208192825317383, -1.5669360160827637, 0.0, -1.7539525401950784, -5.388203288027921, -3.9371637638587833, -0.13495983639532216
264, 0.0006966590881347656, -3.1179730892181396, 3.138953924179077, 1.561015248298645, -0.0019115209579467773, -1.5669360160827637, 0.0, -1.7539528532114437, -5.388202561186209, -3.93716475805464, -0.13496177038493684
265, 0.0007038116455078125, -3.1179802417755127, 3.1389379501342773, 1.5610334873199463, -0.0019479990005493164, -1.5669360160827637, 0.0, -1.753955497141247, -5.388207389464519, -3.9371688321409963, -0.13496414357201214
266, 0.0006966590881347656, -3.1179730892181396, 3.138953924179077, 1.5610060691833496, -0.0019298791885375977, -1.5669269561767578, 0.0, -1.7539549110637045, -5.388211803597197, -3.9371695015676726, -0.13497325979386599
267, 0.0007112026214599609, -3.117987632751465, 3.1389617919921875, 1.5610243082046509, -0.001902461051940918, -1.5669360160827637, 0.0, -1.7539594183669176, -5.388206719741125, -3.9371718848165007, -0.13497060533318095
268, 0.0006818771362304688, -3.117987632751465, 3.1389458179473877, 1.5610334873199463, -0.0019208192825317383, -1.5669269561767578, 0.0, -1.75395552987358, -5.388210570020189, -3.93716943225737, -0.13497406385155664
269, 0.0006966590881347656, -3.117987632751465, 3.138953924179077, 1.5610243082046509, -0.0019298791885375977, -1.5669541358947754, 0.0, -1.753950242690485, -5.388211419594202, -3.937166801400607, -0.13498686843267116
270, 0.0007038116455078125, -3.1179730892181396, 3.1389458179473877, 1.5610243082046509, -0.0019115209579467773, -1.5669360160827637, 0.0, -1.7539464586335352, -5.38821495252458, -3.937166002231935, -0.13499244618124884
271, 0.0006966590881347656, -3.1179802417755127, 3.138953924179077, 1.5610334873199463, -0.0019115209579467773, -1.5669269561767578, 0.0, -1.7539493762316134, -5.38821290718674, -3.937166379922578, -0.1349841774094882
272, 0.0007038116455078125, -3.117995023727417, 3.1389458179473877, 1.5610334873199463, -0.001938939094543457, -1.5669450759887695, 0.0, -1.7539531815445772, -5.388209350622936, -3.93717111542729, -0.1349853668120602
273, 0.0007038116455078125, -3.1179802417755127, 3.138953924179077, 1.5610334873199463, -0.0019115209579467773, -1.5669360160827637, 0.0, -1.7539453503323723, -5.388204687438732, -3.937168816671828, -0.1349999498817871
274, 0.0006966590881347656, -3.1179730892181396, 3.1389458179473877, 1.561015248298645, -0.001902461051940918, -1.5669360160827637, 0.0, -1.7539345249817828, -5.388211312698099, -3.937166941960802, -0.1349894212452778
275, 0.0006892681121826172, -3.1179730892181396, 3.138953924179077, 1.5610243082046509, -0.001938939094543457, -1.5669541358947754, 0.0, -1.753922100116944, -5.388224105892896, -3.9371623907305873, -0.13499339891605455
276, 0.0006892681121826172, -3.1179802417755127, 3.138953924179077, 1.5610060691833496, -0.0019115209579467773, -1.566908359527588, 0.0, -1.7539242248619389, -5.388227345102041, -3.9371652405179223, -0.1350003147430776
277, 0.0006892681121826172, -3.117995023727417, 3.1389458179473877, 1.561015248298645, -0.0018934011459350586, -1.5669450759887695, 0.0, -1.7539325359769937, -5.388222901080712, -3.937168923413416, -0.13500517081100494
278, 0.0007038116455078125, -3.117995023727417, 3.1389458179473877, 1.561015248298645, -0.0018934011459350586, -1.5669360160827637, 0.0, -1.7539310474857837, -5.388217315697187, -3.9371716497169458, -0.1350059519632234
279, 0.0006818771362304688, -3.1179802417755127, 3.1389458179473877, 1.5610243082046509, -0.0019208192825317383, -1.5669450759887695, 0.0, -1.7539227810947424, -5.388215927570687, -3.9371686371410157, -0.1350068737496395
280, 0.0007038116455078125, -3.117987632751465, 3.1389458179473877, 1.5610334873199463, -0.0019479990005493164, -1.5669269561767578, 0.0, -1.7539470426286592, -5.3882125422881355, -3.9371717472608303, -0.13501912140565597
281, 0.0007038116455078125, -3.1179802417755127, 3.1389458179473877, 1.561015248298645, -0.0019115209579467773, -1.5669450759887695, 0.0, -1.7539346380966616, -5.3882282540101745, -3.9371690012076273, -0.135015381617003
282, 0.0006966590881347656, -3.117987632751465, 3.138953924179077, 1.561015248298645, -0.0019298791885375977, -1.5669360160827637, 0.0, -1.753938256086376, -5.388234115828259, -3.937171170816686, -0.13500567752129555
283, 0.0006966590881347656, -3.1179730892181396, 3.1389379501342773, 1.5610243082046509, -0.0019115209579467773, -1.5669360160827637, 0.0, -1.7539385012314912, -5.388230889114754, -3.937174639166663, -0.13501260017532246
284, 0.0006966590881347656, -3.1179730892181396, 3.1389379501342773, 1.5610243082046509, -0.0019115209579467773, -1.5669360160827637, 0.0, -1.7539385012314912, -5.388230889114754, -3.937174639166663, -0.13501260017532246
285, 0.0007185935974121094, -3.1179730892181396, 3.1389458179473877, 1.561015248298645, -0.0019298791885375977, -1.5669174194335938, 0.0, -1.753940068277999, -5.388223721986891, -3.937174272226671, -0.13504869701889177
286, 0.0007112026214599609, -3.117995023727417, 3.138953924179077, 1.5610243082046509, -0.0019479990005493164, -1.5669450759887695, 0.0, -1.7539213292509577, -5.388221224112406, -3.9371674743618934, -0.1350404282473523
287, 0.0007038116455078125, -3.1179730892181396, 3.138953924179077, 1.561015248298645, -0.0019115209579467773, -1.5669269561767578, 0.0, -1.7539244889840246, -5.3882214137826, -3.9371722591412723, -0.13503806991954637
288, 0.0006892681121826172, -3.1179802417755127, 3.1389458179473877, 1.5610334873199463, -0.0019298791885375977, -1.5669541358947754, 0.0, -1.753921260288413, -5.388214961586891, -3.937175027640961, -0.13503279877818386
289, 0.0007038116455078125, -3.117987632751465, 3.138953924179077, 1.5610426664352417, -0.001902461051940918, -1.5669450759887695, 0.0, -1.7539156572917212, -5.388212731305593, -3.937170041457678, -0.1350463547772316
290, 0.0006966590881347656, -3.1179802417755127, 3.138953924179077, 1.5610243082046509, -0.001902461051940918, -1.5669631958007812, 0.0, -1.7539142631207376, -5.388210712777093, -3.9371699723782303, -0.13504300032604455
291, 0.0007185935974121094, -3.1179802417755127, 3.1389458179473877, 1.5610243082046509, -0.0019298791885375977, -1.5669541358947754, 0.0, -1.753917062357183, -5.388213448122478, -3.937168253932309, -0.13504266641662976
292, 0.0006966590881347656, -3.1179802417755127, 3.1389458179473877, 1.5610426664352417, -0.001902461051940918, -1.5669450759887695, 0.0, -1.7539264161312809, -5.388215077002604, -3.9371710114209293, -0.13504039046925254
293, 0.0007038116455078125, -3.117987632751465, 3.1389458179473877, 1.5610060691833496, -0.0019298791885375977, -1.566908359527588, 0.0, -1.7539286506482266, -5.388214469189115, -3.9371709197137483, -0.13503045531860458
294, 0.0006966590881347656, -3.1179802417755127, 3.138953924179077, 1.5610243082046509, -0.0019115209579467773, -1.5669631958007812, 0.0, -1.7539325566637998, -5.38821104983721, -3.937174084530344, -0.13503067833128313
295, 0.0007112026214599609, -3.117987632751465, 3.138953924179077, 1.5610243082046509, -0.0018842220306396484, -1.5669360160827637, 0.0, -1.7539256542241395, -5.388201147585596, -3.9371698077202604, -0.13503125133925753
296, 0.0007038116455078125, -3.117987632751465, 3.138953924179077, 1.5610334873199463, -0.0019208192825317383, -1.566908359527588, 0.0, -1.753925655807727, -5.388208064673306, -3.937172716693506, -0.1350376022022024
297, 0.0007185935974121094, -3.1179802417755127, 3.1389458179473877, 1.5610243082046509, -0.0019298791885375977, -1.5669450759887695, 0.0, -1.7539225719367715, -5.38821082845348, -3.937170933035627, -0.13505205829433464
298, 0.0006966590881347656, -3.117995023727417, 3.1389458179473877, 1.5610060691833496, -0.001938939094543457, -1.5669450759887695, 0.0, -1.7539306502975143, -5.388214629999887, -3.9371731560881464, -0.1350619259315753
299, 0.0007038116455078125, -3.117987632751465, 3.138953924179077, 1.5610243082046509, -0.0019208192825317383, -1.5669631958007812, 0.0, -1.753930970686973, -5.388210912982343, -3.9371768177152466, -0.13505745763790244
300, 0.0006742477416992188, -3.1179730892181396, 3.1389617919921875, 1.5610334873199463, -0.001938939094543457, -1.5669541358947754, 0.0, -1.7539208156808583, -5.388221686722011, -3.9371705583785817, -0.1350478873497094
301, 0.0007038116455078125, -3.117987632751465, 3.1389458179473877, 1.5610243082046509, -0.001938939094543457, -1.5669269561767578, 0.0, -1.7539333312350092, -5.388213201849309, -3.9371723838812325, -0.13504842940382744
302, 0.0007038116455078125, -3.117987632751465, 3.1389458179473877, 1.5610243082046509, -0.001938939094543457, -1.5669360160827637, 0.0, -1.7539340104315078, -5.388217115325555, -3.9371707570312138, -0.13505029588534345
303, 0.0006966590881347656, -3.117995023727417, 3.138953924179077, 1.5610060691833496, -0.0019208192825317383, -1.5669450759887695, 0.0, -1.7539409992018822, -5.388225528179371, -3.9371738058154984, -0.13504155817793073
304, 0.0006966590881347656, -3.117995023727417, 3.1389379501342773, 1.5610243082046509, -0.0019208192825317383, -1.5669450759887695, 0.0, -1.7539403237668227, -5.388224249057868, -3.937175402133014, -0.13503095398901355
305, 0.0007038116455078125, -3.117987632751465, 3.138953924179077, 1.5610243082046509, -0.001902461051940918, -1.5669360160827637, 0.0, -1.7539385146946014, -5.388216333233009, -3.937172483770064, -0.1350387847783736
306, 0.0006966590881347656, -3.1179802417755127, 3.138953924179077, 1.561015248298645, -0.0018934011459350586, -1.5669450759887695, 0.0, -1.7539441915494955, -5.388213659992491, -3.9371732807428668, -0.13504182579305546
307, 0.0007259845733642578, -3.117987632751465, 3.1389458179473877, 1.5610243082046509, -0.0019115209579467773, -1.5669269561767578, 0.0, -1.7539423207831728, -5.388214621401635, -3.9371710327292013, -0.1350304336260706
308, 0.0007038116455078125, -3.117995023727417, 3.138953924179077, 1.5610334873199463, -0.0019208192825317383, -1.5669360160827637, 0.0, -1.753951601131628, -5.388223558494594, -3.9371730751531095, -0.1350391118635672
309, 0.0007038116455078125, -3.1179730892181396, 3.1389458179473877, 1.5610334873199463, -0.0019298791885375977, -1.5669450759887695, 0.0, -1.75395564795416, -5.388225306006754, -3.937174257487263, -0.13504210145135964
310, 0.0007038116455078125, -3.1179656982421875, 3.1389458179473877, 1.5610243082046509, -0.0019298791885375977, -1.5669360160827637, 0.0, -1.7539508868497047, -5.3882341262813105, -3.937174620271288, -0.1350390307015168
311, 0.0007112026214599609, -3.117995023727417, 3.1389458179473877, 1.5610243082046509, -0.0019208192825317383, -1.5669174194335938, 0.0, -1.7539487650512835, -5.388229773859493, -3.9371748010494954, -0.13504317995510107
312, 0.0006892681121826172, -3.1179656982421875, 3.1389458179473877, 1.5610060691833496, -0.0019298791885375977, -1.5669174194335938, 0.0, -1.7539493809875262, -5.388223204573612, -3.937172656051085, -0.13503476128967762
313, 0.0007038116455078125, -3.117987632751465, 3.138953924179077, 1.5610334873199463, -0.0018934011459350586, -1.5669269561767578, 0.0, -1.753957458382042, -5.388223641473785, -3.937175584623106, -0.13503302861573374
314, 0.0006966590881347656, -3.1179656982421875, 3.1389379501342773, 1.5610243082046509, -0.0019298791885375977, -1.5669360160827637, 0.0, -1.753957851657672, -5.388220066064365, -3.9371730505180045, -0.1350379224628293
315, 0.0007038116455078125, -3.1179730892181396, 3.138953924179077, 1.561015248298645, -0.0019115209579467773, -1.5669450759887695, 0.0, -1.753957460334376, -5.388223151705673, -3.937173314408681, -0.13504293403175005
316, 0.0007112026214599609, -3.1179656982421875, 3.1389458179473877, 1.5610334873199463, -0.0019115209579467773, -1.5669727325439453, 0.0, -1.7539602067525795, -5.388224486198189, -3.9371753487889514, -0.1350385766332467
317, 0.0006966590881347656, -3.1179802417755127, 3.1389379501342773, 1.561015248298645, -0.0019115209579467773, -1.5669269561767578, 0.0, -1.7539622878181587, -5.388215962440523, -3.937172782241525, -0.13502489365126724
318, 0.0007038116455078125, -3.117987632751465, 3.138953924179077, 1.5610334873199463, -0.001938939094543457, -1.5669269561767578, 0.0, -1.7539590225806387, -5.388219047866823, -3.9371704983701306, -0.1350131366214411
319, 0.0007112026214599609, -3.117987632751465, 3.138953924179077, 1.5610243082046509, -0.001902461051940918, -1.5669541358947754, 0.0, -1.753965140880125, -5.3882236209194225, -3.937171303970018, -0.13500306083675806
320, 0.0007112026214599609, -3.1179802417755127, 3.138953924179077, 1.5610243082046509, -0.0019115209579467773, -1.5669450759887695, 0.0, -1.753971367281268, -5.38822211809616, -3.9371734013346087, -0.13498859670346874
321, 0.0006818771362304688, -3.1179730892181396, 3.1389458179473877, 1.561015248298645, -0.0019298791885375977, -1.5669360160827637, 0.0, -1.7539670877311888, -5.388223757098315, -3.9371759089970606, -0.13499556517459688
322, 0.0006892681121826172, -3.1179730892181396, 3.1389458179473877, 1.5610060691833496, -0.0018934011459350586, -1.5669269561767578, 0.0, -1.753962594071241, -5.388218469383025, -3.9371749992223086, -0.1350004578053996
323, 0.0006818771362304688, -3.1179802417755127, 3.1389458179473877, 1.5610426664352417, -0.0019115209579467773, -1.5669360160827637, 0.0, -1.753963183784218, -5.388222252075624, -3.93717452413933, -0.13500180392364136
324, 0.0007038116455078125, -3.117995023727417, 3.1389379501342773, 1.561015248298645, -0.0019298791885375977, -1.5669541358947754, 0.0, -1.7539601302604648, -5.3882209848429135, -3.937173373387862, -0.1350043406583854
325, 0.0007112026214599609, -3.1179802417755127, 3.1389458179473877, 1.561015248298645, -0.0019298791885375977, -1.5669541358947754, 0.0, -1.7539657365349497, -5.388228271574493, -3.9371748005727216, -0.13500250269741532
326, 0.0006966590881347656, -3.117987632751465, 3.138953924179077, 1.5610334873199463, -0.001902461051940918, -1.5669541358947754, 0.0, -1.753973983199367, -5.388222596314043, -3.937175647822115, -0.13499470968493377
327, 0.0006892681121826172, -3.117987632751465, 3.1389458179473877, 1.561015248298645, -0.001902461051940918, -1.5669541358947754, 0.0, -1.7539715572890489, -5.388224115940235, -3.9371756544836733, -0.13499529755903428
328, 0.0007038116455078125, -3.1179802417755127, 3.138953924179077, 1.561015248298645, -0.0019208192825317383, -1.5669450759887695, 0.0, -1.7539630921707456, -5.388220771334587, -3.9371747167365183, -0.1349910807941459
329, 0.0006966590881347656, -3.1179656982421875, 3.1389617919921875, 1.5610060691833496, -0.001938939094543457, -1.5669360160827637, 0.0, -1.7539615095824144, -5.388217208463494, -3.9371745702174157, -0.13498348788698955
330, 0.0007038116455078125, -3.117987632751465, 3.1389379501342773, 1.5610426664352417, -0.0019298791885375977, -1.5669541358947754, 0.0, -1.753961648282169, -5.388215588996765, -3.9371750898680995, -0.13497413378233425
331, 0.0007038116455078125, -3.117995023727417, 3.1389458179473877, 1.561015248298645, -0.0019115209579467773, -1.5669450759887695, 0.0, -1.7539613704144286, -5.388217255193178, -3.9371755982995174, -0.13497245253945422
332, 0.0006892681121826172, -3.1179730892181396, 3.1389458179473877, 1.5610426664352417, -0.001938939094543457, -1.5669360160827637, 0.0, -1.7539709651362032, -5.388210722280463, -3.937173664555626, -0.13496565565179708
333, 0.0007038116455078125, -3.118002414703369, 3.1389458179473877, 1.5610334873199463, -0.0019115209579467773, -1.5669450759887695, 0.0, -1.7539726296674778, -5.388213301056895, -3.9371747331515796, -0.13496571512197786
334, 0.0006966590881347656, -3.1179802417755127, 3.1389458179473877, 1.5610334873199463, -0.001902461051940918, -1.5669360160827637, 0.0, -1.7539731325652128, -5.388216843540587, -3.9371771755916765, -0.13496784921954053
335, 0.0007112026214599609, -3.1179730892181396, 3.138953924179077, 1.5610334873199463, -0.001902461051940918, -1.5669450759887695, 0.0, -1.7539768614772904, -5.388215273172676, -3.9371774524666012, -0.13496141719159915
336, 0.0007038116455078125, -3.117987632751465, 3.1389458179473877, 1.561015248298645, -0.0019208192825317383, -1.5669450759887695, 0.0, -1.7539772398257467, -5.388215761329236, -3.937174159088366, -0.13496074011359482
337, 0.0007112026214599609, -3.117995023727417, 3.1389458179473877, 1.5610243082046509, -0.0019115209579467773, -1.5669450759887695, 0.0, -1.7539785359587472, -5.388214759298252, -3.9371753969729513, -0.13497165652071885
338, 0.0007038116455078125, -3.1179802417755127, 3.138953924179077, 1.561015248298645, -0.0019298791885375977, -1.5669360160827637, 0.0, -1.753978921921253, -5.388209657608236, -3.9371746141162576, -0.1349646217525695
339, 0.0006892681121826172, -3.1179802417755127, 3.138953924179077, 1.5610334873199463, -0.0019208192825317383, -1.5669269561767578, 0.0, -1.7539795652148227, -5.388204522264123, -3.937174132182192, -0.1349672693853199
340, 0.0007038116455078125, -3.117995023727417, 3.138953924179077, 1.5610334873199463, -0.0019298791885375977, -1.5669269561767578, 0.0, -1.753986213770911, -5.388203782431281, -3.937177921792852, -0.13498641800352473
341, 0.0006966590881347656, -3.1179802417755127, 3.138953924179077, 1.5610243082046509, -0.0019298791885375977, -1.5669269561767578, 0.0, -1.753984565173571, -5.388213051712809, -3.937177573174846, -0.1349974545644521
342, 0.0006966590881347656, -3.1179583072662354, 3.138953924179077, 1.5610243082046509, -0.001902461051940918, -1.5669360160827637, 0.0, -1.75398252606837, -5.38821308602989, -3.9371789954381247, -0.1349955949096584
343, 0.0007112026214599609, -3.117995023727417, 3.1389458179473877, 1.5610060691833496, -0.001902461051940918, -1.5669360160827637, 0.0, -1.753975784868873, -5.3882055447202095, -3.937176733090004, -0.13499843582146198
344, 0.0006966590881347656, -3.1179802417755127, 3.1389458179473877, 1.5610243082046509, -0.0019208192825317383, -1.5669541358947754, 0.0, -1.7539749917805643, -5.388206716214432, -3.9371755285007333, -0.13499950628358093
345, 0.0006818771362304688, -3.117987632751465, 3.1389458179473877, 1.561015248298645, -0.0019479990005493164, -1.5669360160827637, 0.0, -1.7539767890589322, -5.388212274400186, -3.9371763032008293, -0.1350015957782551
346, 0.0007112026214599609, -3.118002414703369, 3.138953924179077, 1.5610243082046509, -0.0019115209579467773, -1.5669360160827637, 0.0, -1.7539781155078913, -5.388211478844807, -3.9371781406136774, -0.13499319319668945
347, 0.0007185935974121094, -3.117987632751465, 3.138953924179077, 1.5610060691833496, -0.0019208192825317383, -1.5669360160827637, 0.0, -1.7539800964876244, -5.38821459651883, -3.9371766927290994, -0.1349935134551652
348, 0.0006966590881347656, -3.1179802417755127, 3.1389458179473877, 1.5610334873199463, -0.0019298791885375977, -1.5669450759887695, 0.0, -1.7539785097396225, -5.388221642417257, -3.937179641645842, -0.13499730588914183
349, 0.0007038116455078125, -3.1179730892181396, 3.1389458179473877, 1.5610060691833496, -0.001902461051940918, -1.5669450759887695, 0.0, -1.7539811056457026, -5.3882253956357555, -3.937176268169909, -0.13500645306175585
350, 0.0006892681121826172, -3.117987632751465, 3.1389379501342773, 1.561015248298645, -0.0019208192825317383, -1.5669269561767578, 0.0, -1.7539810067524724, -5.388232083676329, -3.937177157814654, -0.13500261602508434
351, 0.0006892681121826172, -3.1179730892181396, 3.1389458179473877, 1.561015248298645, -0.0019298791885375977, -1.5669360160827637, 0.0, -1.7539801848561503, -5.388230676762117, -3.9371799170655892, -0.1350115835729806
352, 0.0006892681121826172, -3.117987632751465, 3.138953924179077, 1.561015248298645, -0.0018934011459350586, -1.5669450759887695, 0.0, -1.7539741304125887, -5.388228047156438, -3.937176955867329, -0.1350055015399816
353, 0.0007112026214599609, -3.117995023727417, 3.1389458179473877, 1.5610243082046509, -0.0019298791885375977, -1.5669727325439453, 0.0, -1.7539798936476814, -5.388237635203721, -3.9371778112296107, -0.13499745577798095
354, 0.0007112026214599609, -3.117987632751465, 3.138953924179077, 1.561015248298645, -0.001902461051940918, -1.5669450759887695, 0.0, -1.7539812138942505, -5.388236675567937, -3.937176954310022, -0.1350117712398866
355, 0.0006966590881347656, -3.1179656982421875, 3.1389458179473877, 1.5610243082046509, -0.001938939094543457, -1.5669360160827637, 0.0, -1.7539790659904706, -5.388234753797966, -3.9371782105591926, -0.1350012482123244
356, 0.0006892681121826172, -3.1179730892181396, 3.138953924179077, 1.5610334873199463, -0.0019115209579467773, -1.5669360160827637, 0.0, -1.753981226484522, -5.388229619889981, -3.9371757033341224, -0.13500345664759017
357, 0.0006966590881347656, -3.1179730892181396, 3.138953924179077, 1.5610060691833496, -0.001902461051940918, -1.5669360160827637, 0.0, -1.7539754019774718, -5.388239329706178, -3.9371801693748543, -0.13501671651531222
358, 0.0007038116455078125, -3.1179802417755127, 3.1389458179473877, 1.5610243082046509, -0.0019115209579467773, -1.5669360160827637, 0.0, -1.7539938558604566, -5.388235950775736, -3.937175591925333, -0.13501932637361946
359, 0.0006966590881347656, -3.1179802417755127, 3.1389458179473877, 1.5610243082046509, -0.0019298791885375977, -1.5669450759887695, 0.0, -1.7539948602391866, -5.388234831547341, -3.937180552610331, -0.135022389082895
360, 0.0006892681121826172, -3.1179730892181396, 3.138953924179077, 1.5610243082046509, -0.001938939094543457, -1.5669174194335938, 0.0, -1.7539821817678825, -5.3882398348074405, -3.93718025031397, -0.13500319024627405
361, 0.0007112026214599609, -3.117987632751465, 3.138953924179077, 1.5610426664352417, -0.0019298791885375977, -1.5669450759887695, 0.0, -1.7539871759499144, -5.388235963515586, -3.937179948730046, -0.13499119411981386
362, 0.0006966590881347656, -3.1179730892181396, 3.1389458179473877, 1.5610334873199463, -0.0019298791885375977, -1.5669269561767578, 0.0, -1.7539837993188763, -5.388220575052065, -3.9371771609180093, -0.13496939907455197
363, 0.0007112026214599609, -3.117987632751465, 3.1389458179473877, 1.5610243082046509, -0.0019115209579467773, -1.5669541358947754, 0.0, -1.7539856132916838, -5.388227243120767, -3.9371810624027375, -0.13498174276887287
364, 0.0007185935974121094, -3.1179802417755127, 3.1389458179473877, 1.5610243082046509, -0.0019115209579467773, -1.5669727325439453, 0.0, -1.7539855127424344, -5.388220918709748, -3.9371823877875336, -0.13498470262114814
365, 0.0006966590881347656, -3.1179802417755127, 3.1389379501342773, 1.561015248298645, -0.0019208192825317383, -1.5669727325439453, 0.0, -1.7539823824107348, -5.38822633148357, -3.937180681066971, -0.13498360925102926
366, 0.0006966590881347656, -3.117987632751465, 3.1389458179473877, 1.561015248298645, -0.001938939094543457, -1.5669450759887695, 0.0, -1.7539844433373086, -5.388226795944905, -3.937181670601871, -0.13498755157317532
367, 0.0006966590881347656, -3.1179730892181396, 3.138953924179077, 1.561015248298645, -0.0019298791885375977, -1.5669360160827637, 0.0, -1.7539816580313676, -5.3882225671322175, -3.9371826913528074, -0.13498713528207418
368, 0.0007112026214599609, -3.1179730892181396, 3.1389617919921875, 1.5610334873199463, -0.0019115209579467773, -1.5669450759887695, 0.0, -1.7539819891787674, -5.388223260155902, -3.9371811196400546, -0.1349827171986302
369, 0.0007112026214599609, -3.1179656982421875, 3.1389458179473877, 1.5610243082046509, -0.0019115209579467773, -1.5669360160827637, 0.0, -1.7539785469703302, -5.38822679593741, -3.937179998321303, -0.13498376596614126
370, 0.0006892681121826172, -3.1179802417755127, 3.1389458179473877, 1.5610334873199463, -0.0019115209579467773, -1.5669541358947754, 0.0, -1.7539821308151866, -5.388230259839791, -3.9371811037138085, -0.13497004641798682
371, 0.0007038116455078125, -3.117987632751465, 3.138953924179077, 1.5610243082046509, -0.001902461051940918, -1.5669360160827637, 0.0, -1.7539810126095885, -5.388231426134802, -3.9371807525400064, -0.13496692302272795
372, 0.0006966590881347656, -3.117995023727417, 3.1389458179473877, 1.561015248298645, -0.0019208192825317383, -1.5669269561767578, 0.0, -1.7539809696663005, -5.388234456095697, -3.9371803587801577, -0.1349755646990367
373, 0.0007112026214599609, -3.1179583072662354, 3.138953924179077, 1.5610243082046509, -0.0019208192825317383, -1.5669360160827637, 0.0, -1.7540186488223921, -5.388222262347187, -3.9372137480424096, -0.1349657187511939
374, 0.0006742477416992188, -3.117898941040039, 3.138857841491699, 1.5610700845718384, -0.0019298791885375977, -1.5669174194335938, 0.0, -1.7541603523196274, -5.388219099249127, -3.937376749969607, -0.1349655495889408
375, 0.0007259845733642578, -3.118039131164551, 3.1388418674468994, 1.5610792636871338, -0.001902461051940918, -1.5669174194335938, 0.0, -1.7542772962257782, -5.388301171241638, -3.9376910944493257, -0.1349665590232103
376, 0.0007410049438476562, -3.118164539337158, 3.138913869857788, 1.561051845550537, -0.0019298791885375977, -1.5669174194335938, 0.0, -1.7543001020853395, -5.388330850471656, -3.937848503038142, -0.13495898139540863
377, 0.0006818771362304688, -3.1180837154388428, 3.138969898223877, 1.5610243082046509, -0.0018658638000488281, -1.5669360160827637, 0.0, -1.754340648483444, -5.388331965436986, -3.9380985421995205, -0.13495847632136382
378, 0.0006818771362304688, -3.1179065704345703, 3.1389617919921875, 1.5610334873199463, -0.0019208192825317383, -1.5669360160827637, 0.0, -1.7543784002168659, -5.388303168700662, -3.9383271404154265, -0.1349814142567265
379, 0.0006892681121826172, -3.118142604827881, 3.138929843902588, 1.5610700845718384, -0.0018842220306396484, -1.5669450759887695, 0.0, -1.7546038015276924, -5.388231800847113, -3.9391023271122587, -0.13495118924524263
380, 0.0007481575012207031, -3.118157386779785, 3.1389379501342773, 1.5610700845718384, -0.0019298791885375977, -1.566908359527588, 0.0, -1.7547595951454518, -5.388291403541706, -3.939479939250119, -0.134929334189688
381, 0.0007259845733642578, -3.118098258972168, 3.1389777660369873, 1.5610243082046509, -0.0019479990005493164, -1.5669360160827637, 0.0, -1.7549218332443206, -5.388371029842984, -3.9399441415360914, -0.1349042218358436
382, 0.0006742477416992188, -3.1180689334869385, 3.1389777660369873, 1.5610334873199463, -0.0019298791885375977, -1.5669631958007812, 0.0, -1.7549745173034714, -5.388371933562626, -3.940214529416545, -0.13489552099079827
383, 0.000652313232421875, -3.118090867996216, 3.138969898223877, 1.561060905456543, -0.001902461051940918, -1.5669450759887695, 0.0, -1.754989671885863, -5.3883180247874956, -3.9405520504990523, -0.13491045458673323
384, 0.0006892681121826172, -3.1181204319000244, 3.138969898223877, 1.561051845550537, -0.001902461051940918, -1.5669269561767578, 0.0, -1.7550838754079983, -5.388239276424972, -3.940843784140446, -0.13491567475545452
385, 0.0007410049438476562, -3.118157386779785, 3.138969898223877, 1.561060905456543, -0.0018842220306396484, -1.5669360160827637, 0.0, -1.7552151191962198, -5.388200568662308, -3.9412367602085077, -0.13494890175149354
386, 0.0007555484771728516, -3.11810564994812, 3.1389777660369873, 1.561060905456543, -0.0019115209579467773, -1.5669450759887695, 0.0, -1.7553135940802957, -5.388225441677793, -3.941524727838519, -0.13494058505896334
387, 0.0006892681121826172, -3.1180837154388428, 3.1389777660369873, 1.5610700845718384, -0.0019208192825317383, -1.5669174194335938, 0.0, -1.755452133035909, -5.388335893115007, -3.9419251429159847, -0.13494674072124546
388, 0.0006818771362304688, -3.11810564994812, 3.1389777660369873, 1.561051845550537, -0.001938939094543457, -1.5669541358947754, 0.0, -1.7554941990959574, -5.388402681729313, -3.942197713180541, -0.13496302695228213
389, 0.0007259845733642578, -3.11810564994812, 3.1389777660369873, 1.5610243082046509, -0.0018934011459350586, -1.5669360160827637, 0.0, -1.7554880007356415, -5.388378801294089, -3.9425373138166684, -0.13499942482539762
390, 0.0007410049438476562, -3.1181278228759766, 3.138969898223877, 1.561051845550537, -0.001902461051940918, -1.5669360160827637, 0.0, -1.7555131145395972, -5.3882919643985785, -3.9427876169639573, -0.135036187541969
391, 0.0006966590881347656, -3.118157386779785, 3.1389617919921875, 1.5610792636871338, -0.0018934011459350586, -1.5669541358947754, 0.0, -1.7556072757933523, -5.38814800509316, -3.943281412324875, -0.13510886422843882
392, 0.0006742477416992188, -3.118098258972168, 3.1389777660369873, 1.5610700845718384, -0.0019115209579467773, -1.5669360160827637, 0.0, -1.75567458064328, -5.3881762086613785, -3.943616099107894, -0.13507793283894998
393, 0.0007336139678955078, -3.1181278228759766, 3.138969898223877, 1.5610426664352417, -0.0019479990005493164, -1.5669269561767578, 0.0, -1.7557544217318704, -5.388307891505725, -3.943955072304452, -0.1350574081203355
394, 0.0006966590881347656, -3.118157386779785, 3.138969898223877, 1.5610426664352417, -0.0019298791885375977, -1.5669541358947754, 0.0, -1.7557550011116552, -5.388388258967898, -3.9444733302458848, -0.13507528658761192
395, 0.0006597042083740234, -3.1181204319000244, 3.1389617919921875, 1.5610792636871338, -0.0018934011459350586, -1.5669541358947754, 0.0, -1.7557302651837783, -5.3880873785340855, -3.945050738041724, -0.1351044446212306
396, 0.0006597042083740234, -3.118164539337158, 3.138969898223877, 1.561106562614441, -0.0018934011459350586, -1.5669269561767578, 0.0, -1.7556654039541657, -5.387995224036782, -3.946334488119703, -0.13519692823440987
397, 0.0007112026214599609, -3.118157386779785, 3.1389617919921875, 1.5610700845718384, -0.001984715461730957, -1.5669450759887695, 0.0, -1.7557456851259103, -5.3884036254056955, -3.94705124758418, -0.13526916576156012
398, 0.0007259845733642578, -3.118157386779785, 3.1389858722686768, 1.561060905456543, -0.001984715461730957, -1.5669727325439453, 0.0, -1.7556718770412127, -5.38845865356968, -3.9478079590526822, -0.13535946064423765
399, 0.0006229877471923828, -3.118157386779785, 3.138969898223877, 1.5610883235931396, -0.0018842220306396484, -1.5669541358947754, 0.0, -1.7555275782887962, -5.388282437992236, -3.9478443323962353, -0.13541353929738342
400, 0.000652313232421875, -3.1181869506835938, 3.1389858722686768, 1.5611339807510376, -0.0018934011459350586, -1.5669450759887695, 0.0, -1.7553442042368115, -5.387977434749539, -3.9478563660344603, -0.13542463592232679
401, 0.0006892681121826172, -3.118157386779785, 3.138993740081787, 1.5611430406570435, -0.0018842220306396484, -1.5669174194335938, 0.0, -1.7552532771708313, -5.38781944509185, -3.9478944481229514, -0.13538004020949757
402, 0.0007185935974121094, -3.118090867996216, 3.1389777660369873, 1.5611339807510376, -0.0019298791885375977, -1.566899299621582, 0.0, -1.7552774114958978, -5.387894371151154, -3.9480286158273907, -0.1352679503654235
403, 0.0007336139678955078, -3.118149757385254, 3.138969898223877, 1.561106562614441, -0.001984715461730957, -1.5669541358947754, 0.0, -1.755409931954171, -5.388246210850641, -3.9482133557977153, -0.1351692690412012
404, 0.0007259845733642578, -3.118157386779785, 3.138969898223877, 1.5610883235931396, -0.001984715461730957, -1.5669360160827637, 0.0, -1.7554813421250217, -5.388490699846086, -3.9483286036511736, -0.13513094984163132
405, 0.0007336139678955078, -3.118157386779785, 3.138969898223877, 1.561097502708435, -0.0019663572311401367, -1.5669631958007812, 0.0, -1.7553427647753417, -5.388422015644437, -3.9484052826521334, -0.13519383084224224
406, 0.0006818771362304688, -3.118157386779785, 3.1389777660369873, 1.5612070560455322, -0.0018477439880371094, -1.5669450759887695, 0.0, -1.7549948699505762, -5.387832550671874, -3.9484390805724567, -0.13527660439373257
407, 0.0007336139678955078, -3.118149757385254, 3.1389617919921875, 1.5611796379089355, -0.0019115209579467773, -1.5669450759887695, 0.0, -1.755116481269086, -5.388055138090159, -3.9485806645315793, -0.13518821526359748
408, 0.0007555484771728516, -3.118164539337158, 3.138969898223877, 1.5611522197723389, -0.001975417137145996, -1.5669631958007812, 0.0, -1.755278985755092, -5.388441068586505, -3.9487217722775516, -0.13516825622705753
409, 0.0006375312805175781, -3.118194341659546, 3.1389858722686768, 1.5611612796783447, -0.0019208192825317383, -1.5669727325439453, 0.0, -1.755270313549965, -5.388594904499873, -3.948766025126065, -0.13525388257175663
410, 0.0006153583526611328, -3.118098258972168, 3.138993740081787, 1.561234474182129, -0.0018750429153442383, -1.5669450759887695, 0.0, -1.7550281068581328, -5.3882647855245915, -3.948692154842959, -0.1353715841857852
411, 0.0006966590881347656, -3.11810564994812, 3.138969898223877, 1.5612252950668335, -0.0018750429153442383, -1.5669360160827637, 0.0, -1.7549025979146458, -5.38800068702536, -3.9486607225110415, -0.13536910132688362
412, 0.0007481575012207031, -3.118201494216919, 3.1389777660369873, 1.5611978769302368, -0.0019479990005493164, -1.5669541358947754, 0.0, -1.755006861966538, -5.388181856797731, -3.9487393022366746, -0.13530649990930588
413, 0.0006597042083740234, -3.118157386779785, 3.138969898223877, 1.5611886978149414, -0.0019572973251342773, -1.5669269561767578, 0.0, -1.7551298678300886, -5.388474617785473, -3.948820324372743, -0.1353175353150018
414, 0.0006668567657470703, -3.118164539337158, 3.1389858722686768, 1.5612162351608276, -0.0018750429153442383, -1.5669360160827637, 0.0, -1.7549796732775422, -5.388365882592615, -3.948768431771354, -0.13534014690527485
415, 0.0007410049438476562, -3.118157386779785, 3.1389777660369873, 1.5612252950668335, -0.0018934011459350586, -1.5669174194335938, 0.0, -1.7548711030300983, -5.388151335239236, -3.948734522279798, -0.13534397840746593
416, 0.0007410049438476562, -3.118149757385254, 3.1389777660369873, 1.5612162351608276, -0.001902461051940918, -1.5669360160827637, 0.0, -1.7548801060558357, -5.388141353159545, -3.9487393200105183, -0.13529427635503488
417, 0.0006597042083740234, -3.1181721687316895, 3.138969898223877, 1.5612070560455322, -0.001938939094543457, -1.5669541358947754, 0.0, -1.754993702451596, -5.388349852428236, -3.9487962041748403, -0.13526376388278916
418, 0.0007038116455078125, -3.118149757385254, 3.1389777660369873, 1.5612252950668335, -0.0018934011459350586, -1.5669360160827637, 0.0, -1.7549692574001141, -5.388430540659117, -3.9487987998175926, -0.1352670427849718
419, 0.0006668567657470703, -3.1181721687316895, 3.138969898223877, 1.5612162351608276, -0.0018934011459350586, -1.5669269561767578, 0.0, -1.7548799126705066, -5.38821471472013, -3.9487717042440815, -0.13521542156031519
420, 0.0006449222564697266, -3.118157386779785, 3.1389777660369873, 1.5612252950668335, -0.0019298791885375977, -1.5669450759887695, 0.0, -1.7549900289422853, -5.388449464718714, -3.948823229303054, -0.1352231402759383
421, 0.0007185935974121094, -3.118164539337158, 3.138969898223877, 1.561234474182129, -0.0018842220306396484, -1.5669450759887695, 0.0, -1.7549630974681836, -5.388454786504708, -3.948812865563241, -0.1352379167237192
422, 0.0007703304290771484, -3.118157386779785, 3.1389777660369873, 1.5612252950668335, -0.0019208192825317383, -1.5669360160827637, 0.0, -1.7548914084535752, -5.388330831235369, -3.948783303857537, -0.1352366827214242
423, 0.0006892681121826172, -3.118157386779785, 3.1389777660369873, 1.5612252950668335, -0.001938939094543457, -1.5669631958007812, 0.0, -1.7548379281616495, -5.3881974622581925, -3.9487648855766677, -0.1352359015567428
424, 0.000652313232421875, -3.118164539337158, 3.1389777660369873, 1.5612252950668335, -0.0019208192825317383, -1.5669360160827637, 0.0, -1.7548682924546575, -5.388229731562074, -3.9487804689529407, -0.13524208210777555
425, 0.0006818771362304688, -3.118157386779785, 3.1389777660369873, 1.5612252950668335, -0.0019115209579467773, -1.5669541358947754, 0.0, -1.754963432039561, -5.388437906153114, -3.94882479962407, -0.13524510145232416
426, 0.0007112026214599609, -3.1181721687316895, 3.1389777660369873, 1.561234474182129, -0.0018842220306396484, -1.5669541358947754, 0.0, -1.7549555450582823, -5.388486646626901, -3.948822334703438, -0.1352514145684065
427, 0.0007336139678955078, -3.118164539337158, 3.1389777660369873, 1.5612162351608276, -0.0018842220306396484, -1.5669269561767578, 0.0, -1.75493106099214, -5.388449087272046, -3.9488088382100326, -0.135255742252129
428, 0.0007038116455078125, -3.1181721687316895, 3.138969898223877, 1.5612435340881348, -0.0018750429153442383, -1.5669631958007812, 0.0, -1.7548590767572683, -5.388297444344538, -3.948775758378913, -0.13524601518162527
429, 0.0006668567657470703, -3.118164539337158, 3.1389777660369873, 1.561234474182129, -0.0019115209579467773, -1.5669541358947754, 0.0, -1.7548384331432103, -5.38823194720566, -3.9487678445101864, -0.1352375314110068
430, 0.0007038116455078125, -3.118164539337158, 3.1389777660369873, 1.561234474182129, -0.0019298791885375977, -1.5669269561767578, 0.0, -1.7549015622575166, -5.388354009375264, -3.9488014906694797, -0.13523957755567118
431, 0.0007336139678955078, -3.118164539337158, 3.1389858722686768, 1.5612252950668335, -0.0018934011459350586, -1.5669360160827637, 0.0, -1.754935544784608, -5.388451789694596, -3.948820934112507, -0.1352454595153585
432, 0.0007259845733642578, -3.118164539337158, 3.1389777660369873, 1.5612252950668335, -0.0019298791885375977, -1.5669269561767578, 0.0, -1.754927402837811, -5.388478689752723, -3.948819383168117, -0.13526064544625527
433, 0.0007038116455078125, -3.118149757385254, 3.1389777660369873, 1.5612162351608276, -0.0018934011459350586, -1.5669360160827637, 0.0, -1.7548744285444253, -5.3884106371795735, -3.948797344460344, -0.13526666121327402
434, 0.0006818771362304688, -3.1181721687316895, 3.1389777660369873, 1.561234474182129, -0.001938939094543457, -1.5669360160827637, 0.0, -1.7548254892747048, -5.388313441980104, -3.948776403490759, -0.13527483401157436
435, 0.0006818771362304688, -3.118164539337158, 3.1389777660369873, 1.561234474182129, -0.0019208192825317383, -1.5669174194335938, 0.0, -1.7548229992770887, -5.388272255399333, -3.9487722005202577, -0.13526045898015404
436, 0.0006966590881347656, -3.1181721687316895, 3.138969898223877, 1.561234474182129, -0.0019208192825317383, -1.5669360160827637, 0.0, -1.754856407156075, -5.388317589813868, -3.9487858225997017, -0.135272959462176
437, 0.0006668567657470703, -3.118164539337158, 3.138969898223877, 1.5612252950668335, -0.0018750429153442383, -1.5669360160827637, 0.0, -1.7549117714487337, -5.388431597284619, -3.9488103537322803, -0.13528891850448854
438, 0.0006892681121826172, -3.118149757385254, 3.1389777660369873, 1.561261773109436, -0.0019208192825317383, -1.5669174194335938, 0.0, -1.7549085003428495, -5.388467581679797, -3.94880966042697, -0.13529967143443766
439, 0.0007112026214599609, -3.1181721687316895, 3.1389777660369873, 1.561234474182129, -0.0018750429153442383, -1.5669541358947754, 0.0, -1.7548769088421416, -5.388433752715755, -3.94880060832211, -0.13529388548949406
440, 0.0006818771362304688, -3.118164539337158, 3.138969898223877, 1.5612435340881348, -0.0019115209579467773, -1.5669360160827637, 0.0, -1.7548363775609297, -5.3883385870763885, -3.948784084619338, -0.13529146890068589
441, 0.0006892681121826172, -3.1181793212890625, 3.1389777660369873, 1.5612162351608276, -0.0019115209579467773, -1.5669631958007812, 0.0, -1.7548195660366095, -5.388285154875702, -3.9487751129305404, -0.13529152961924407
442, 0.0006818771362304688, -3.118157386779785, 3.1389858722686768, 1.5612252950668335, -0.0019479990005493164, -1.5669360160827637, 0.0, -1.7548421710072089, -5.388309914039876, -3.9487847133973717, -0.13529517215035902
443, 0.0007038116455078125, -3.118164539337158, 3.1389777660369873, 1.561234474182129, -0.001902461051940918, -1.5669360160827637, 0.0, -1.7549025436400474, -5.388426054557306, -3.94880901613076, -0.13530662385083403
444, 0.0006966590881347656, -3.118149757385254, 3.1389777660369873, 1.5612252950668335, -0.0019115209579467773, -1.5669269561767578, 0.0, -1.7549002516777643, -5.38844843238434, -3.9488097662866157, -0.13531162862885537
445, 0.0006892681121826172, -3.1181721687316895, 3.1389777660369873, 1.5612435340881348, -0.0018934011459350586, -1.5669360160827637, 0.0, -1.7548668895087571, -5.38840887504494, -3.948796158413864, -0.13531646986489942
446, 0.0007112026214599609, -3.118157386779785, 3.138969898223877, 1.5612162351608276, -0.0019298791885375977, -1.5669450759887695, 0.0, -1.754832347678104, -5.388332232286831, -3.948779025231513, -0.13530795511428373
447, 0.0006818771362304688, -3.118149757385254, 3.1389777660369873, 1.5612162351608276, -0.0019115209579467773, -1.5669360160827637, 0.0, -1.754825886590932, -5.388290689456112, -3.9487777352055717, -0.135324784531333
448, 0.0006892681121826172, -3.118157386779785, 3.1389858722686768, 1.561234474182129, -0.001902461051940918, -1.5669541358947754, 0.0, -1.754866485844364, -5.388357715999747, -3.948801536501022, -0.13530953231634957
449, 0.0007112026214599609, -3.1181869506835938, 3.1389858722686768, 1.5612435340881348, -0.0018934011459350586, -1.5669450759887695, 0.0, -1.7548951990719515, -5.388444361960749, -3.9488136344221476, -0.13530933223095598
450, 0.0006892681121826172, -3.118164539337158, 3.1389777660369873, 1.5612252950668335, -0.0019298791885375977, -1.5669269561767578, 0.0, -1.7548549637229036, -5.388403881531881, -3.9487967565421913, -0.1353028258378135
451, 0.0006742477416992188, -3.1181793212890625, 3.138969898223877, 1.5612162351608276, -0.0019208192825317383, -1.5669450759887695, 0.0, -1.7548232519431097, -5.388345892574198, -3.9487828283376913, -0.13530223794774177
452, 0.0006742477416992188, -3.118164539337158, 3.1389777660369873, 1.5612252950668335, -0.0019298791885375977, -1.5669450759887695, 0.0, -1.7548113352911943, -5.388305752703125, -3.9487738160387926, -0.13530324893568935
453, 0.0007185935974121094, -3.118157386779785, 3.138969898223877, 1.5612527132034302, -0.001902461051940918, -1.5669360160827637, 0.0, -1.754853364665361, -5.388356231760017, -3.948795504798682, -0.13530572499429816
454, 0.0007185935974121094, -3.118142604827881, 3.1389617919921875, 1.5612162351608276, -0.001938939094543457, -1.5669450759887695, 0.0, -1.7548781907470747, -5.388407454958529, -3.948809176745947, -0.13530987551890838
455, 0.0006966590881347656, -3.1181721687316895, 3.1389777660369873, 1.5612252950668335, -0.0018934011459350586, -1.5669541358947754, 0.0, -1.7548749355598479, -5.3884535857348554, -3.948810655600317, -0.13530513029557856
456, 0.0006892681121826172, -3.118157386779785, 3.138969898223877, 1.561234474182129, -0.001902461051940918, -1.5669360160827637, 0.0, -1.7548569710194137, -5.388425380873901, -3.948802306718866, -0.13530560605455655
457, 0.0006742477416992188, -3.118164539337158, 3.1389777660369873, 1.5612527132034302, -0.001902461051940918, -1.5669450759887695, 0.0, -1.7548159370094722, -5.388346737522457, -3.948785886907635, -0.13530792788059465
458, 0.0007038116455078125, -3.1181721687316895, 3.1389777660369873, 1.5612435340881348, -0.0018934011459350586, -1.5669174194335938, 0.0, -1.7548079354464332, -5.388318949000689, -3.9487822422160623, -0.13531503703201775
459, 0.0007038116455078125, -3.118164539337158, 3.138969898223877, 1.5612252950668335, -0.0019208192825317383, -1.5669450759887695, 0.0, -1.754818982445477, -5.388339060970853, -3.9487880887861864, -0.13532178130445782
460, 0.0006892681121826172, -3.118164539337158, 3.1389777660369873, 1.561234474182129, -0.0019208192825317383, -1.5669450759887695, 0.0, -1.754860113565035, -5.388412827479139, -3.9488015833776893, -0.13532839176911793
461, 0.0006892681121826172, -3.118149757385254, 3.138969898223877, 1.561234474182129, -0.0019298791885375977, -1.5669360160827637, 0.0, -1.7548739818601329, -5.388446746615548, -3.948810066263859, -0.13532616165035627
462, 0.0006892681121826172, -3.1181721687316895, 3.138969898223877, 1.5612435340881348, -0.001902461051940918, -1.5669360160827637, 0.0, -1.7548402950702093, -5.388418471862202, -3.948798660463124, -0.1353251655305332
463, 0.0006966590881347656, -3.118157386779785, 3.1389777660369873, 1.561234474182129, -0.0019115209579467773, -1.5669360160827637, 0.0, -1.7548183478171167, -5.388362517829765, -3.9487903826182786, -0.13532433976015934
464, 0.0007038116455078125, -3.118157386779785, 3.1389858722686768, 1.561234474182129, -0.001902461051940918, -1.5669541358947754, 0.0, -1.7548009631751702, -5.388329023666031, -3.948780869838218, -0.1353272104326786
465, 0.0007038116455078125, -3.118157386779785, 3.138969898223877, 1.561234474182129, -0.001938939094543457, -1.5669541358947754, 0.0, -1.7548166174293545, -5.388345503107145, -3.948788012324171, -0.13532169335195476
466, 0.0007112026214599609, -3.1181869506835938, 3.1389777660369873, 1.561234474182129, -0.0019208192825317383, -1.5669269561767578, 0.0, -1.7548412408527923, -5.388391260045634, -3.9487989518266993, -0.13531314761254443
467, 0.0006966590881347656, -3.118157386779785, 3.1389777660369873, 1.5612252950668335, -0.0019298791885375977, -1.5669269561767578, 0.0, -1.7548566317341856, -5.388437608703709, -3.9488067710576447, -0.13532916613003465
468, 0.0007038116455078125, -3.118164539337158, 3.1389777660369873, 1.5612162351608276, -0.0019115209579467773, -1.5669360160827637, 0.0, -1.7548084452245365, -5.388366109097191, -3.9487824311946214, -0.1353422018429704
469, 0.0006966590881347656, -3.118142604827881, 3.1389617919921875, 1.5612252950668335, -0.0018934011459350586, -1.5669174194335938, 0.0, -1.7548000812033533, -5.3883448373877245, -3.9487780300545596, -0.13535162476584794
470, 0.0006966590881347656, -3.118157386779785, 3.1389777660369873, 1.561234474182129, -0.0019115209579467773, -1.5669360160827637, 0.0, -1.7548116978190207, -5.388364845799833, -3.9487850678538705, -0.13534951233247927
471, 0.0004899501800537109, -3.1169846057891846, 3.1387381553649902, 1.5612527132034302, -0.001902461051940918, -1.566908359527588, 0.0, -1.7548351917964586, -5.388422525532887, -3.948797755224584, -0.13535114900750145
472, 0.00043845176696777344, -3.1140198707580566, 3.136596918106079, 1.5611339807510376, -0.0019298791885375977, -1.5670642852783203, 0.0, -1.7548002007434402, -5.388458744181739, -3.9488421572883725, -0.13535877548474584
473, 0.0011317729949951172, -3.1119771003723145, 3.1341440677642822, 1.5611612796783447, -0.001829385757446289, -1.5669817924499512, 0.0, -1.7548592030929944, -5.388423105667138, -3.9488623654439206, -0.13533921778277325
474, 0.0003941059112548828, -3.1071906089782715, 3.1311960220336914, 1.5611704587936401, -0.0019208192825317383, -1.567091464996338, 0.0, -1.7547980206027638, -5.388368749762069, -3.948876197892113, -0.13533471491468063
475, 0.00023937225341796875, -3.1026480197906494, 3.128040313720703, 1.5611978769302368, -0.0018750429153442383, -1.5670275688171387, 0.0, -1.754756635392484, -5.388357917955249, -3.9489279784413833, -0.13533821683005165
476, 0.000209808349609375, -3.0939674377441406, 3.121320962905884, 1.5611978769302368, -0.0019208192825317383, -1.5670456886291504, 0.0, -1.7547790023232848, -5.388305334553403, -3.949035081848825, -0.13536512639971843
477, 0.0003719329833984375, -3.0862314701080322, 3.1150972843170166, 1.5611978769302368, -0.0018477439880371094, -1.566999912261963, 0.0, -1.7548549426649622, -5.3883037996238645, -3.9491241860860287, -0.1353677387809924
478, 0.0004017353057861328, -3.0732367038726807, 3.1047747135162354, 1.5611886978149414, -0.0018203258514404297, -1.566990852355957, 0.0, -1.754965420717192, -5.388311806827449, -3.949293036048166, -0.13538909120018428
479, 0.0004532337188720703, -3.062520742416382, 3.09541916847229, 1.5611886978149414, -0.001829385757446289, -1.5670733451843262, 0.0, -1.7550016621344353, -5.388344313950418, -3.949458695742421, -0.13538097180196562
480, 0.00037932395935058594, -3.0417606830596924, 3.0775465965270996, 1.5611978769302368, -0.0019208192825317383, -1.567082405090332, 0.0, -1.7550897333718656, -5.388306959455255, -3.949789188966388, -0.1353360954418905
481, 0.00034999847412109375, -3.0323281288146973, 3.0695252418518066, 1.5611796379089355, -0.001938939094543457, -1.5670547485351562, 0.0, -1.755115311598486, -5.388290131868301, -3.9499456462219915, -0.13532694636877096
482, 0.00023937225341796875, -3.0109262466430664, 3.052028179168701, 1.5612709522247314, -0.001938939094543457, -1.5670185089111328, 0.0, -1.755206404846574, -5.38826146647619, -3.950282163336084, -0.13533650134414366
483, 0.0003426074981689453, -2.9866185188293457, 3.0329174995422363, 1.561307430267334, -0.0018750429153442383, -1.5669631958007812, 0.0, -1.7553848437580875, -5.3882449618407895, -3.9506517772518404, -0.1353512723208805
484, 0.0004754066467285156, -2.9592132568359375, 3.0125203132629395, 1.5613164901733398, -0.0018750429153442383, -1.5669727325439453, 0.0, -1.755585875119444, -5.388179088810922, -3.951053068491792, -0.13533418201053582
485, 0.0004017353057861328, -2.91398286819458, 2.9809377193450928, 1.5613532066345215, -0.0019572973251342773, -1.5669541358947754, 0.0, -1.755923766385044, -5.388056811993371, -3.951619898665951, -0.13528496282870162
486, 0.0005860328674316406, -2.8663923740386963, 2.9485085010528564, 1.561344027519226, -0.0019298791885375977, -1.5669360160827637, 0.0, -1.7564018374235522, -5.388004446593812, -3.9521783085237634, -0.13523980498031918
487, 0.0009105205535888672, -2.843301773071289, 2.9326493740081787, 1.5613348484039307, -0.0020028352737426758, -1.5668444633483887, 0.0, -1.7566828544066753, -5.387982704412424, -3.952412563988499, -0.13522840278971682
488, 0.0009987354278564453, -2.83609676361084, 2.927567958831787, 1.5613256692886353, -0.002094268798828125, -1.5667166709899902, 0.0, -1.7567766034591226, -5.387976753742295, -3.952475692519291, -0.13522036006689486
489, 0.000873565673828125, -2.794804573059082, 2.8987419605255127, 1.5613164901733398, -0.005892634391784668, -1.562516689300537, 0.0, -1.7572736633586206, -5.387897755769953, -3.952780153546972, -0.13520004049641088
490, 0.0010061264038085938, -2.7764480113983154, 2.8860626220703125, 1.5593717098236084, -0.010421514511108398, -1.5580062866210938, 0.0, -1.7574503550234943, -5.387847544551245, -3.952863741436804, -0.13519469192097144
491, 0.0010504722595214844, -2.759537696838379, 2.8744618892669678, 1.554368019104004, -0.015324711799621582, -1.551924705505371, 0.0, -1.757566518651752, -5.387731489021585, -3.9528898330140407, -0.13512135123527003
492, 0.0009768009185791016, -2.744500160217285, 2.8643791675567627, 1.5473463535308838, -0.02001798152923584, -1.5442914962768555, 0.0, -1.7576805884184892, -5.3876366387407035, -3.952894137808656, -0.1350119651642432
493, 0.0007185935974121094, -2.7263875007629395, 2.8532259464263916, 1.535138487815857, -0.02627265453338623, -1.5315814018249512, 0.0, -1.7578738819784836, -5.387587906154407, -3.9529157799638512, -0.13485771618912867
494, 0.0005638599395751953, -2.6950221061706543, 2.8384532928466797, 1.4979302883148193, -0.03990495204925537, -1.4949665069580078, 0.0, -1.7582481275434816, -5.387685267524277, -3.952942536824617, -0.13486947492713242
495, 0.0007925033569335938, -2.6878461837768555, 2.8366477489471436, 1.483028769493103, -0.04451596736907959, -1.480412483215332, 0.0, -1.758260686648728, -5.387664028351989, -3.952893023057334, -0.13496147466955843
496, 0.0007998943328857422, -2.6810245513916016, 2.836679697036743, 1.4614617824554443, -0.05020463466644287, -1.458479881286621, 0.0, -1.758192149151761, -5.387602952809181, -3.952817216998253, -0.13508038504705766
497, 0.0006153583526611328, -2.677292823791504, 2.8391404151916504, 1.4370183944702148, -0.05529963970184326, -1.4349770545959473, 0.0, -1.758047409358668, -5.387556130345309, -3.9527682786710883, -0.13516015312433094
498, 0.0005123615264892578, -2.676680326461792, 2.8411378860473633, 1.4238518476486206, -0.05803883075714111, -1.4226045608520508, 0.0, -1.7579855448776482, -5.387540981408156, -3.9527637137834644, -0.13516529414429446
499, 0.0003941059112548828, -2.6770565509796143, 2.846323013305664, 1.3960940837860107, -0.06329810619354248, -1.3956689834594727, 0.0, -1.757849341758818, -5.387531877091029, -3.952768654614577, -0.1351091249595049
500, 0.0003941059112548828, -2.678752899169922, 2.852762460708618, 1.3661357164382935, -0.06889545917510986, -1.3667879104614258, 0.0, -1.7577082679327272, -5.387594654518733, -3.952799329125608, -0.1350459735912537
501, 0.0004162788391113281, -2.6807219982147217, 2.859673500061035, 1.334625244140625, -0.07512271404266357, -1.3354053497314453, 0.0, -1.7575367747454873, -5.387654138114941, -3.9528016108796438, -0.1349773814003683
502, 0.0004754066467285156, -2.682093858718872, 2.864938497543335, 1.3095064163208008, -0.07934105396270752, -1.3103046417236328, 0.0, -1.7573857933950259, -5.387645438531423, -3.9527727639310273, -0.1349414994917515
503, 0.0003647804260253906, -2.684232473373413, 2.8752129077911377, 1.255406141281128, -0.08694708347320557, -1.2571907043457031, 0.0, -1.7571709823259227, -5.38757294239196, -3.9527273150759803, -0.13484799447076679
504, 0.0003426074981689453, -2.685478925704956, 2.886166572570801, 1.1870983839035034, -0.09567630290985107, -1.1887092590332031, 0.0, -1.7571461249788687, -5.387566672769459, -3.95275227000942, -0.1348096047250147
505, 0.00040912628173828125, -2.6857588291168213, 2.891839027404785, 1.145078182220459, -0.10088074207305908, -1.146122932434082, 0.0, -1.7571501807574796, -5.38760703300461, -3.952773493684658, -0.13485224575488974
506, 0.0004754066467285156, -2.6859140396118164, 2.896928310394287, 1.1004101037979126, -0.10664212703704834, -1.1021764278411865, 0.0, -1.7571332687631003, -5.387616891413521, -3.9527603621319494, -0.1349402313307957
507, 0.0004162788391113281, -2.6859583854675293, 2.9013946056365967, 1.0539706945419312, -0.1124037504196167, -1.055746078491211, 0.0, -1.7571067807805356, -5.387593691885117, -3.952744235461275, -0.13500770042874954
508, 0.00026869773864746094, -2.685847759246826, 2.9060285091400146, 0.9933602809906006, -0.11911499500274658, -0.9944508075714111, 0.0, -1.7571038984682663, -5.387540364711323, -3.9527487299364115, -0.13506696020545572
509, 0.00026869773864746094, -2.68562650680542, 2.908337354660034, 0.9543806314468384, -0.12340652942657471, -0.9563477039337158, 0.0, -1.7571375585602482, -5.387533869929767, -3.952765310761905, -0.13509224353375426
510, 0.0003204345703125, -2.6850881576538086, 2.911461353302002, 0.8875337839126587, -0.13023650646209717, -0.8901216983795166, 0.0, -1.7572246288531874, -5.3875894516980445, -3.9527902961728008, -0.13516946131946828
511, 0.00034999847412109375, -2.684601306915283, 2.912947416305542, 0.8464450836181641, -0.13458263874053955, -0.8484671115875244, 0.0, -1.7572402416072332, -5.3876183660022505, -3.9527818071056724, -0.13521896432328706
512, 0.00031304359436035156, -2.683140993118286, 2.915304183959961, 0.7595560550689697, -0.14404213428497314, -0.7622990608215332, 0.0, -1.7572251948997253, -5.387600567667661, -3.952755388718142, -0.13525107984519202
513, 0.0002541542053222656, -2.6822853088378906, 2.9160072803497314, 0.7165131568908691, -0.148187518119812, -0.7183523178100586, 0.0, -1.757225156947465, -5.387578509506443, -3.9527480681823883, -0.13524609801641674
514, 0.00021719932556152344, -2.6804566383361816, 2.916574478149414, 0.6480045318603516, -0.15460646152496338, -0.6489126682281494, 0.0, -1.7572568338244388, -5.387553092733306, -3.9527634449587894, -0.13521070793796763
515, 0.0003204345703125, -2.6783621311187744, 2.916550636291504, 0.5841159820556641, -0.1615370512008667, -0.5839922428131104, 0.0, -1.757303943876582, -5.387608086355827, -3.952775976366145, -0.13521862794604989
516, 0.0003426074981689453, -2.677042007446289, 2.916414737701416, 0.5477662086486816, -0.16601097583770752, -0.5469119548797607, 0.0, -1.7573011214563001, -5.3876488488811045, -3.9527616964235737, -0.13524756307894314
517, 0.0003941059112548828, -2.675625801086426, 2.9161829948425293, 0.5117359161376953, -0.17091429233551025, -0.5115206241607666, 0.0, -1.75727557175377, -5.387671906165006, -3.952740407935801, -0.1352701906942464
518, 0.00034999847412109375, -2.6731185913085938, 2.9156079292297363, 0.45572733879089355, -0.1787029504776001, -0.45476341247558594, 0.0, -1.757241657904589, -5.387642522567707, -3.952717219410214, -0.13524031767362565
519, 0.0002834796905517578, -2.66896653175354, 2.9142894744873047, 0.37374162673950195, -0.18986976146697998, -0.3707869052886963, 0.0, -1.757255806352702, -5.387623137972275, -3.9527181097574444, -0.13518180935918078
520, 0.0003349781036376953, -2.667248010635376, 2.9138102531433105, 0.3450889587402344, -0.19403350353240967, -0.3417785167694092, 0.0, -1.7572703879151472, -5.387661189363794, -3.952723742676518, -0.13520067551582393
521, 0.00042366981506347656, -2.663907051086426, 2.913187026977539, 0.29082441329956055, -0.2035752534866333, -0.28678345680236816, 0.0, -1.7572449816781297, -5.387716497238464, -3.9527041971513306, -0.13527087459493714
522, 0.00040912628173828125, -2.6618053913116455, 2.9128754138946533, 0.257615327835083, -0.20941007137298584, -0.2528805732727051, 0.0, -1.7572103024115333, -5.387689028626235, -3.952694345724049, -0.13528617813982535
523, 0.0003426074981689453, -2.6587448120117188, 2.9126596450805664, 0.2110755443572998, -0.21709811687469482, -0.20634078979492188, 0.0, -1.7572209019397202, -5.387619464843264, -3.9526981688127676, -0.1352203891167605
524, -2.6226043701171875e-05, -2.6501898765563965, 2.9135704040527344, 0.16734814643859863, -0.23244702816009521, -0.16076874732971191, 0.0, -1.7567467774687164, -5.387795380193179, -3.9521006722791165, -0.13518432877387454
525, -0.0004832744598388672, -2.643228054046631, 2.9165425300598145, 0.16154074668884277, -0.24582350254058838, -0.15389299392700195, 0.0, -1.7567958611887022, -5.387875802420242, -3.9511154364334033, -0.1351371911575594
526, -0.0012133121490478516, -2.636000394821167, 2.9191951751708984, 0.15417218208312988, -0.2528635263442993, -0.1476292610168457, 0.0, -1.7570161864965854, -5.387826694405805, -3.9498036043969416, -0.1349547258425785
527, -0.00675201416015625, -2.6155056953430176, 2.930020809173584, 0.13610219955444336, -0.27443063259124756, -0.12892961502075195, 0.0, -1.7572840677688317, -5.38763555735047, -3.94490107698999, -0.1345110433841583
528, -0.007371425628662109, -2.602090835571289, 2.939967632293701, 0.12391257286071777, -0.2960432767868042, -0.11588144302368164, 0.0, -1.7574802500988003, -5.387525373363458, -3.9406188884784474, -0.13463829498267188
529, -0.007688760757446289, -2.5753493309020996, 2.9567856788635254, 0.10476517677307129, -0.33561623096466064, -0.09646940231323242, 0.0, -1.7579058726341832, -5.38739156588315, -3.932460230131449, -0.13510768526590233
530, -0.008492708206176758, -2.562199831008911, 2.9628655910491943, 0.09788966178894043, -0.35289180278778076, -0.0893564224243164, 0.0, -1.758125913007075, -5.387314245523977, -3.9289461866605517, -0.13521908991262155
531, -0.008942604064941406, -2.5536301136016846, 2.9662370681762695, 0.09393596649169922, -0.3641318082809448, -0.08566761016845703, 0.0, -1.7582806941899602, -5.38726581729287, -3.9268489099436668, -0.13527679556943184
532, -0.009259462356567383, -2.5446550846099854, 2.9693851470947266, 0.09009218215942383, -0.37567341327667236, -0.08229827880859375, 0.0, -1.7584530919579564, -5.387216925412525, -3.924780705093962, -0.1353489422060985
533, -0.009495735168457031, -2.5322208404541016, 2.972780466079712, 0.08604693412780762, -0.38963449001312256, -0.07779669761657715, 0.0, -1.758699000460751, -5.387154899794188, -3.92205800948072, -0.13542080084047647
534, -0.00972437858581543, -2.522722005844116, 2.975193500518799, 0.08262300491333008, -0.4005638360977173, -0.07434535026550293, 0.0, -1.758894794379607, -5.38711526593068, -3.9200485506915714, -0.13543811495366764
535, -0.01024770736694336, -2.509742259979248, 2.978053569793701, 0.07900714874267578, -0.415474534034729, -0.06965208053588867, 0.0, -1.7591644440051528, -5.387080767157279, -3.917427637756303, -0.13545375716603658
536, -0.01083064079284668, -2.4965410232543945, 2.9806342124938965, 0.07497143745422363, -0.4313622713088989, -0.06558895111083984, 0.0, -1.7594354205557785, -5.387052696277327, -3.9148828657013595, -0.13540486965207688
537, -0.011324405670166016, -2.486570358276367, 2.982288122177124, 0.07203102111816406, -0.44279396533966064, -0.06288599967956543, 0.0, -1.759628492980343, -5.387035225724135, -3.9130232908277813, -0.13535876349479636
538, -0.011966228485107422, -2.4737749099731445, 2.984013795852661, 0.06911849975585938, -0.4565635919570923, -0.05954408645629883, 0.0, -1.7598739282854274, -5.387003938927133, -3.9106151076732467, -0.13526872595606498
539, -0.012519359588623047, -2.464740514755249, 2.985196113586426, 0.0666806697845459, -0.4661964178085327, -0.057498931884765625, 0.0, -1.7600450140300685, -5.3869837476853295, -3.908882463870868, -0.13521040996805755
540, -0.01312398910522461, -2.4561192989349365, 2.986107110977173, 0.06427001953125, -0.47446882724761963, -0.05563640594482422, 0.0, -1.7602007955211911, -5.386964536932766, -3.9072097965768138, -0.13516086246757553
541, -0.01427459716796875, -2.444784164428711, 2.9873692989349365, 0.06155824661254883, -0.4866586923599243, -0.05313444137573242, 0.0, -1.760378629806244, -5.3869492312518865, -3.9050881737253684, -0.13507111757120693
542, -0.015314340591430664, -2.4336037635803223, 2.988799571990967, 0.05898332595825195, -0.5002361536026001, -0.05058693885803223, 0.0, -1.7605400983096895, -5.386941922849772, -3.9030962725245963, -0.13500231666166673
543, -0.01617717742919922, -2.422224283218384, 2.9895265102386475, 0.0564267635345459, -0.5117958784103394, -0.04860544204711914, 0.0, -1.7606991727176928, -5.386933235093949, -3.9012445802524356, -0.13492615859968904
544, -0.016671419143676758, -2.416346311569214, 2.989774227142334, 0.055349111557006836, -0.5173748731613159, -0.047801971435546875, 0.0, -1.7607747321604608, -5.386931840941382, -3.9003742532819023, -0.13490357052925095
545, -0.017608165740966797, -2.3988308906555176, 2.989989995956421, 0.053175926208496094, -0.5325685739517212, -0.04414033889770508, 0.0, -1.7609972628456463, -5.386919820165562, -3.89798952054462, -0.13489619251503093
546, -0.018183231353759766, -2.3845605850219727, 2.9896304607391357, 0.05048251152038574, -0.5435711145401001, -0.041602134704589844, 0.0, -1.761173600763415, -5.386909131241407, -3.8962667450313835, -0.1349460224417145
547, -0.01883220672607422, -2.3681440353393555, 2.989198923110962, 0.04731416702270508, -0.558472752571106, -0.039155006408691406, 0.0, -1.761376020743736, -5.386903209075562, -3.8944750539904147, -0.13506101305954932
548, -0.019245147705078125, -2.3566906452178955, 2.988447904586792, 0.045725345611572266, -0.5665351152420044, -0.03766679763793945, 0.0, -1.7614914740566925, -5.386909071061765, -3.8934381672788962, -0.1351466856044743
549, -0.019503355026245117, -2.348217010498047, 2.987928628921509, 0.04491257667541504, -0.5733193159103394, -0.03626060485839844, 0.0, -1.7615785692585477, -5.386910870835255, -3.892742002939912, -0.13521474451356408
550, -0.019857406616210938, -2.3368892669677734, 2.9871456623077393, 0.04379868507385254, -0.583107590675354, -0.03487277030944824, 0.0, -1.7617000574849915, -5.386901555595411, -3.8919072122668905, -0.13526212993695275
551, -0.020203828811645508, -2.328747272491455, 2.986290693283081, 0.04268455505371094, -0.588823676109314, -0.03429746627807617, 0.0, -1.7618028803173331, -5.386890104575368, -3.8913386466511932, -0.13527759457549404
552, -0.020380735397338867, -2.3208634853363037, 2.985340118408203, 0.041689395904541016, -0.5935169458389282, -0.03377699851989746, 0.0, -1.7619142693257213, -5.3868777818061275, -3.8908120602197314, -0.13528745599408776
553, -0.020646333694458008, -2.310361623764038, 2.984269380569458, 0.04035639762878418, -0.6012505292892456, -0.03329300880432129, 0.0, -1.7620803663586218, -5.386873155423651, -3.8901847005627777, -0.13531660757509467
554, -0.020705223083496094, -2.3026695251464844, 2.9834704399108887, 0.03958940505981445, -0.607925295829773, -0.03323817253112793, 0.0, -1.762219038957198, -5.386873490140762, -3.8897666437748066, -0.1353595779154979
555, -0.02077198028564453, -2.290257453918457, 2.982032299041748, 0.03861236572265625, -0.6175583600997925, -0.03320169448852539, 0.0, -1.762457118152835, -5.386870646921894, -3.8891301594638947, -0.1354297992909892
556, -0.02077198028564453, -2.2807071208953857, 2.9809536933898926, 0.03840231895446777, -0.6244522333145142, -0.03319263458251953, 0.0, -1.762645319051193, -5.386854999449948, -3.8886869911459305, -0.13542199273951638
557, -0.020698070526123047, -2.2623140811920166, 2.9789483547210693, 0.038329362869262695, -0.639180064201355, -0.03314709663391113, 0.0, -1.7630367125865551, -5.386810204742872, -3.887997970725709, -0.13535274621238003
558, -0.020653724670410156, -2.2556471824645996, 2.9782614707946777, 0.038311004638671875, -0.6445125341415405, -0.03316521644592285, 0.0, -1.7631804590205724, -5.386802153747222, -3.887792593843764, -0.13534237603757937
559, -0.020255565643310547, -2.2450051307678223, 2.9772307872772217, 0.038338422775268555, -0.653241753578186, -0.03312873840332031, 0.0, -1.7634098788541013, -5.386800620601691, -3.887535911539237, -0.13538845080054784
560, -0.019695043563842773, -2.230668306350708, 2.9757606983184814, 0.038320064544677734, -0.6641258001327515, -0.03313779830932617, 0.0, -1.7637203310549043, -5.386776686668221, -3.887218688798318, -0.13547254607371162
561, -0.01917886734008789, -2.222754955291748, 2.9751534461975098, 0.038311004638671875, -0.6708003282546997, -0.03312873840332031, 0.0, -1.7638830400790422, -5.386747445118857, -3.887036758441879, -0.13551206793461823
562, -0.01882457733154297, -2.216921329498291, 2.974777936935425, 0.038301944732666016, -0.6762512922286987, -0.03312873840332031, 0.0, -1.7640043128391527, -5.386718442489662, -3.886912726008448, -0.1355392325834135
563, -0.017829418182373047, -2.199671506881714, 2.9732120037078857, 0.038292884826660156, -0.6883407831192017, -0.03313779830932617, 0.0, -1.764352264534881, -5.386668855305092, -3.8865640857354014, -0.13566051629032216
564, -0.017438411712646484, -2.188734531402588, 2.9719417095184326, 0.038329362869262695, -0.6946045160293579, -0.03313779830932617, 0.0, -1.7645571549248213, -5.386655679768582, -3.886343868330465, -0.1357160863806346
565, -0.017268657684326172, -2.1832993030548096, 2.9713425636291504, 0.038301944732666016, -0.6987680196762085, -0.03315615653991699, 0.0, -1.7646506510434594, -5.386642646375198, -3.8862458131565387, -0.13573222734666146
566, -0.017076969146728516, -2.177900791168213, 2.9707672595977783, 0.038311004638671875, -0.703105092048645, -0.03313779830932617, 0.0, -1.7647387074728782, -5.386629171436459, -3.8861446041227383, -0.13571864678083134
567, -0.016553401947021484, -2.167236804962158, 2.969233274459839, 0.038283586502075195, -0.7103458642959595, -0.03311967849731445, 0.0, -1.7648899874525665, -5.386580891593507, -3.885966265512318, -0.13567762406394301
568, -0.016184568405151367, -2.1552894115448, 2.966756582260132, 0.038311004638671875, -0.7160619497299194, -0.03315615653991699, 0.0, -1.7650404302461897, -5.3865397022647175, -3.885846502276463, -0.1355975251355881
569, -0.015993118286132812, -2.145259380340576, 2.964303731918335, 0.038292884826660156, -0.721558690071106, -0.03315615653991699, 0.0, -1.765165795277396, -5.386526357330464, -3.885789882212508, -0.13547794962118065
570, -0.015985488891601562, -2.1419482231140137, 2.9634487628936768, 0.038301944732666016, -0.7232295274734497, -0.03315615653991699, 0.0, -1.76520165221246, -5.386524181648927, -3.885780595195541, -0.1354608213501205
571, -0.015985488891601562, -2.13685941696167, 2.9620907306671143, 0.038301944732666016, -0.7261332273483276, -0.03316521644592285, 0.0, -1.7652565751680247, -5.386522508096654, -3.885779723376777, -0.13541664821740174
572, -0.015838146209716797, -2.128570079803467, 2.9597737789154053, 0.038301944732666016, -0.7317396402359009, -0.03312873840332031, 0.0, -1.7653367082728182, -5.386512404365064, -3.8858158116929333, -0.13536733640745968
573, -0.015653610229492188, -2.1221909523010254, 2.957712411880493, 0.038283586502075195, -0.7356017827987671, -0.03312873840332031, 0.0, -1.7653947601838313, -5.386495155108371, -3.8858707894494704, -0.13533857095058632
574, -0.01541757583618164, -2.1175665855407715, 2.956106424331665, 0.038292884826660156, -0.7381492853164673, -0.03315615653991699, 0.0, -1.765442482261482, -5.38648330633913, -3.8859134366071424, -0.13534100153575768
575, -0.015174388885498047, -2.111143112182617, 2.9539012908935547, 0.038301944732666016, -0.7416738271713257, -0.03314709663391113, 0.0, -1.7655203703669091, -5.386474547916962, -3.8859833400125305, -0.1353651651826917
576, -0.015033960342407227, -2.101762294769287, 2.950377941131592, 0.038292884826660156, -0.7467597723007202, -0.03316521644592285, 0.0, -1.7656827117752685, -5.386463465583379, -3.8860700437635654, -0.1353919623178852
577, -0.015012025833129883, -2.0923445224761963, 2.9468865394592285, 0.038301944732666016, -0.750749945640564, -0.03314709663391113, 0.0, -1.7658599757322642, -5.386438260558619, -3.886143576838854, -0.13539266337470046
578, -0.015033960342407227, -2.089298725128174, 2.945768117904663, 0.038301944732666016, -0.7523020505905151, -0.03314709663391113, 0.0, -1.7659175585309859, -5.386428382325007, -3.8861655467402536, -0.13539230296324956
579, -0.014982461929321289, -2.083118438720703, 2.94378662109375, 0.038283586502075195, -0.7560456991195679, -0.03312873840332031, 0.0, -1.7660326047531534, -5.386410538981261, -3.8862041581427156, -0.13541268052083666
580, -0.014879226684570312, -2.0770859718322754, 2.9417333602905273, 0.038292884826660156, -0.7595428228378296, -0.03312873840332031, 0.0, -1.7661440773771937, -5.38639723986106, -3.8862481176004744, -0.13544752551855055
581, -0.014827728271484375, -2.0726757049560547, 2.940223455429077, 0.038311004638671875, -0.7623823881149292, -0.03314709663391113, 0.0, -1.7662290107347651, -5.386390128489128, -3.8862909530708887, -0.13547790502558765
582, -0.014554977416992188, -2.067011833190918, 2.938417911529541, 0.038301944732666016, -0.7667380571365356, -0.03315615653991699, 0.0, -1.7663407950653813, -5.386380960404907, -3.886348866027673, -0.13549618436088373
583, -0.014318704605102539, -2.059931755065918, 2.9360289573669434, 0.038301944732666016, -0.7717143297195435, -0.03311967849731445, 0.0, -1.7664859245551652, -5.386361071494233, -3.886450074343938, -0.1354904875002374
584, -0.014082670211791992, -2.0513253211975098, 2.933192729949951, 0.038301944732666016, -0.7766906023025513, -0.03313779830932617, 0.0, -1.766659949280027, -5.38633990990273, -3.8865903069490666, -0.1354738447497832
585, -0.014016389846801758, -2.0456981658935547, 2.931370973587036, 0.038283586502075195, -0.7797857522964478, -0.03315615653991699, 0.0, -1.7667751779286958, -5.386325757357053, -3.8866783186824327, -0.13545840484767524
586, -0.01392054557800293, -2.04004168510437, 2.9296693801879883, 0.038292884826660156, -0.7832008600234985, -0.03313779830932617, 0.0, -1.7668905875651055, -5.386310838029434, -3.8867592612404582, -0.13542796353332687
587, -0.01383209228515625, -2.0345990657806396, 2.9280474185943604, 0.038320064544677734, -0.7866705656051636, -0.03313779830932617, 0.0, -1.7669986358493546, -5.386293147448117, -3.8868410600795786, -0.13539521727456272
588, -0.013824462890625, -2.0292892456054688, 2.9264416694641113, 0.038292884826660156, -0.7902315855026245, -0.03315615653991699, 0.0, -1.7670996836118715, -5.386281968990632, -3.8869330801963735, -0.13537370492250833
589, -0.013728857040405273, -2.0240676403045654, 2.9249954223632812, 0.038283586502075195, -0.7949157953262329, -0.03315615653991699, 0.0, -1.7671922271678757, -5.3862687800836575, -3.887022386747486, -0.13535084031945832
590, -0.013463258743286133, -2.0096793174743652, 2.920657157897949, 0.038301944732666016, -0.8046492338180542, -0.03315615653991699, 0.0, -1.7674201153719797, -5.386247974211748, -3.8872418689971395, -0.13538988980040845
591, -0.013138771057128906, -2.0008440017700195, 2.9177968502044678, 0.038283586502075195, -0.810118556022644, -0.03314709663391113, 0.0, -1.7675416258789722, -5.386224229345003, -3.8874147261853786, -0.13542199622902729
592, -0.01290273666381836, -1.9933290481567383, 2.9151363372802734, 0.038311004638671875, -0.8138531446456909, -0.03314709663391113, 0.0, -1.7676478175346653, -5.386208837587434, -3.8875626479522567, -0.13546076524754191
593, -0.012784957885742188, -1.9883140325546265, 2.9135305881500244, 0.038311004638671875, -0.8168662786483765, -0.03312873840332031, 0.0, -1.7677236113309245, -5.38620743354224, -3.8876368375527703, -0.13548542995263446
594, -0.012666940689086914, -1.9845601320266724, 2.9122602939605713, 0.038292884826660156, -0.8196147680282593, -0.03314709663391113, 0.0, -1.7677793232447305, -5.3862038839100626, -3.88768454223852, -0.1354910003708314
595, -0.012659549713134766, -1.9796854257583618, 2.9105024337768555, 0.038301944732666016, -0.8225730657577515, -0.03316521644592285, 0.0, -1.767851444339154, -5.3861986985405625, -3.887738082975595, -0.1355010959406986
596, -0.012629985809326172, -1.9760643243789673, 2.909224271774292, 0.038292884826660156, -0.8252941370010376, -0.03316521644592285, 0.0, -1.7679064118898784, -5.386186015364798, -3.8877754223720387, -0.1354957302746227
597, -0.012637138366699219, -1.9715213775634766, 2.9074506759643555, 0.038301944732666016, -0.8291381597518921, -0.03314709663391113, 0.0, -1.7679786241653779, -5.386173726423327, -3.887817784388109, -0.13549222878366152
598, -0.012578248977661133, -1.9653117656707764, 2.9044225215911865, 0.038292884826660156, -0.8320509195327759, -0.03317427635192871, 0.0, -1.7680809562262216, -5.386150739727466, -3.8878655144946404, -0.13543793120044256
599, -0.012607812881469727, -1.960001826286316, 2.9018499851226807, 0.038301944732666016, -0.8347352743148804, -0.03312873840332031, 0.0, -1.7681611217600834, -5.386149610267488, -3.887899031343673, -0.13544652122380985
600, -0.012629985809326172, -1.95641028881073, 2.9002201557159424, 0.038311004638671875, -0.8367077112197876, -0.03314709663391113, 0.0, -1.7682098656019916, -5.386150961150296, -3.8879234595395613, -0.13544472368016702
601, -0.012622594833374023, -1.9526711702346802, 2.8984463214874268, 0.038292884826660156, -0.8386889696121216, -0.03311967849731445, 0.0, -1.76826731573652, -5.386153978674205, -3.8879475754740658, -0.13543197970163856
602, -0.012607812881469727, -1.9485853910446167, 2.896472930908203, 0.038283586502075195, -0.8400312662124634, -0.03316521644592285, 0.0, -1.7683315831714643, -5.386147551955002, -3.887968265037912, -0.1354232849122301
603, -0.012622594833374023, -1.9415497779846191, 2.8929176330566406, 0.038311004638671875, -0.8427704572677612, -0.03315615653991699, 0.0, -1.768456300766731, -5.386135461884669, -3.888010069401896, -0.13540669432182817
604, -0.012659549713134766, -1.9358562231063843, 2.889753818511963, 0.038292884826660156, -0.8444505929946899, -0.03313779830932617, 0.0, -1.7685567276363416, -5.3861278880231325, -3.8880486935292806, -0.13542934656544237
605, -0.012644529342651367, -1.9315640926361084, 2.8872852325439453, 0.038283586502075195, -0.8456100225448608, -0.03312873840332031, 0.0, -1.7686233460178675, -5.38611753327404, -3.888086339618399, -0.13543468340953257
606, -0.012651920318603516, -1.9261951446533203, 2.8838577270507812, 0.038292884826660156, -0.847253680229187, -0.03316521644592285, 0.0, -1.768697073043988, -5.386105366338171, -3.8881563098499634, -0.13544298675877897
607, -0.012651920318603516, -1.9194692373275757, 2.8793036937713623, 0.038311004638671875, -0.8483678102493286, -0.03314709663391113, 0.0, -1.7687799510572644, -5.386092402483604, -3.8882566809523893, -0.1354560706370691
608, -0.012651920318603516, -1.9138864278793335, 2.8757402896881104, 0.038292884826660156, -0.8508239984512329, -0.03312873840332031, 0.0, -1.7688597603500373, -5.386093226073113, -3.888315487838447, -0.13548560772306395
609, -0.012688875198364258, -1.909616470336914, 2.8729758262634277, 0.038292884826660156, -0.8533347845077515, -0.03314709663391113, 0.0, -1.768930814960361, -5.386095733245094, -3.888343861266797, -0.13550903459741725
610, -0.012725830078125, -1.9034878015518188, 2.86907696723938, 0.038311004638671875, -0.8566585779190063, -0.03315615653991699, 0.0, -1.7690363999992738, -5.386103143732907, -3.8883680306670585, -0.13554504310020832
611, -0.012725830078125, -1.898642659187317, 2.866024971008301, 0.038283586502075195, -0.8590689897537231, -0.03313779830932617, 0.0, -1.7691211022006084, -5.3861110703035475, -3.888383573828177, -0.13557016769190433
612, -0.012755155563354492, -1.8934210538864136, 2.8628292083740234, 0.038301944732666016, -0.8615435361862183, -0.03313779830932617, 0.0, -1.7692058045797077, -5.386112728083295, -3.8883999595254166, -0.13558449757527047
613, -0.01276254653930664, -1.8847630023956299, 2.8572046756744385, 0.038301944732666016, -0.864547610282898, -0.03314709663391113, 0.0, -1.769348365292741, -5.3861173589716005, -3.8884440128643543, -0.1356156793672163
614, -0.01276254653930664, -1.8779559135437012, 2.8524749279022217, 0.038301944732666016, -0.8655976057052612, -0.03312873840332031, 0.0, -1.7694569833190439, -5.3861218758037746, -3.8884912292586358, -0.13563613856950507
615, -0.012821435928344727, -1.8661930561065674, 2.8443336486816406, 0.038292884826660156, -0.8690398931503296, -0.03312873840332031, 0.0, -1.7696172003196584, -5.386130483265853, -3.8885794843166894, -0.13565373960628424
616, -0.012910127639770508, -1.8613475561141968, 2.840938091278076, 0.038311004638671875, -0.8704458475112915, -0.03311967849731445, 0.0, -1.7696722329778436, -5.386132558375849, -3.888619587947517, -0.13564919951249443
617, -0.012969017028808594, -1.8565245866775513, 2.8375346660614014, 0.038274526596069336, -0.8714412450790405, -0.03312873840332031, 0.0, -1.7697243405027747, -5.386134522650786, -3.888658115228869, -0.13564237966664816
618, -0.013020753860473633, -1.8502484560012817, 2.8331003189086914, 0.038301944732666016, -0.8733588457107544, -0.03312873840332031, 0.0, -1.7697946581834505, -5.38613216880223, -3.888703132966954, -0.135615199218722
619, -0.013131380081176758, -1.8441566228866577, 2.828634262084961, 0.038274526596069336, -0.8743540048599243, -0.03312873840332031, 0.0, -1.7698746427740308, -5.386126503424367, -3.88873439091595, -0.13559849734490914
620, -0.013197660446166992, -1.8395620584487915, 2.825350761413574, 0.038311004638671875, -0.8753310441970825, -0.03311967849731445, 0.0, -1.7699379202687373, -5.386123372170398, -3.8887574417205566, -0.13560737094150532
621, -0.013382196426391602, -1.8317079544067383, 2.819981575012207, 0.038301944732666016, -0.8784538507461548, -0.03311967849731445, 0.0, -1.770040319162112, -5.386112620682949, -3.8888015168249512, -0.1356263887664788
622, -0.013514995574951172, -1.8272165060043335, 2.8167619705200195, 0.038292884826660156, -0.8799694776535034, -0.03311967849731445, 0.0, -1.7700960159496781, -5.386106360611683, -3.8888269235605177, -0.13565246862417535
623, -0.013625621795654297, -1.8227547407150269, 2.8135182857513428, 0.038311004638671875, -0.8811746835708618, -0.03312873840332031, 0.0, -1.7701426857090188, -5.386091633396476, -3.8888514301609005, -0.13565741998834913
624, -0.013773202896118164, -1.812422513961792, 2.806119918823242, 0.038301944732666016, -0.8841696977615356, -0.03310132026672363, 0.0, -1.7702406829544861, -5.38605246740358, -3.8889123686804714, -0.13566853744196816
625, -0.013824462890625, -1.8021050691604614, 2.79882550239563, 0.038320064544677734, -0.8886710405349731, -0.03310132026672363, 0.0, -1.770373883021032, -5.386011945310279, -3.888953083217592, -0.13566079127218522
626, -0.013839483261108398, -1.796072244644165, 2.7946231365203857, 0.038311004638671875, -0.8908625841140747, -0.033083200454711914, 0.0, -1.7704582618639089, -5.385990527806911, -3.888982952591574, -0.13566566795536072
627, -0.013846874237060547, -1.791640043258667, 2.7914352416992188, 0.038292884826660156, -0.8918212652206421, -0.033083200454711914, 0.0, -1.770526118639755, -5.385972807307176, -3.8890085049946115, -0.13564841025672614
628, -0.013957500457763672, -1.7859023809432983, 2.787041187286377, 0.038292884826660156, -0.8928076028823853, -0.033064842224121094, 0.0, -1.7706133550381487, -5.385947081973398, -3.8890399643494193, -0.13560831915689242
629, -0.014016389846801758, -1.780334234237671, 2.7827506065368652, 0.038329362869262695, -0.8941954374313354, -0.03300070762634277, 0.0, -1.7706935870026064, -5.385926355561043, -3.889086444194307, -0.13557336473306858
630, -0.014068126678466797, -1.7762559652328491, 2.779594898223877, 0.038320064544677734, -0.8950537443161011, -0.03300070762634277, 0.0, -1.7707496387397383, -5.385914217987617, -3.8891267759292987, -0.13555100050285862
631, -0.014134407043457031, -1.7722219228744507, 2.776447057723999, 0.038311004638671875, -0.8956929445266724, -0.032964229583740234, 0.0, -1.7708084586571289, -5.385904773787238, -3.8891740598483717, -0.13552498347668784
632, -0.014289379119873047, -1.7655844688415527, 2.771221876144409, 0.038301944732666016, -0.8969985246658325, -0.03286385536193848, 0.0, -1.770905761232501, -5.3858932638765955, -3.8892464486659866, -0.13551199601525532
633, -0.014377593994140625, -1.7615946531295776, 2.768090009689331, 0.038301944732666016, -0.897783637046814, -0.03269028663635254, 0.0, -1.770972741916159, -5.385876677016817, -3.889292434830813, -0.13548087848488777
634, -0.014414548873901367, -1.7575974464416504, 2.7650060653686523, 0.038292884826660156, -0.8989890813827515, -0.032389163970947266, 0.0, -1.7710489335212856, -5.385855830526985, -3.8893333761380795, -0.13544503562391075
635, -0.014562129974365234, -1.7510337829589844, 2.7597649097442627, 0.038311004638671875, -0.8999842405319214, -0.03128409385681152, 0.0, -1.7711921544730251, -5.385823933383491, -3.8893974221925776, -0.1354075015317875
636, -0.014687538146972656, -1.7469481229782104, 2.756521224975586, 0.038329362869262695, -0.8998290300369263, -0.03097367286682129, 0.0, -1.7712812191795955, -5.385809381967806, -3.889429381868108, -0.13539554795369746
637, -0.014739036560058594, -1.7442635297775269, 2.7544119358062744, 0.038301944732666016, -0.8998473882675171, -0.03096461296081543, 0.0, -1.7713408564070043, -5.385803550616324, -3.8894479930108172, -0.13540270689663192
638, -0.014901399612426758, -1.7372206449508667, 2.7491068840026855, 0.038311004638671875, -0.8999296426773071, -0.03097367286682129, 0.0, -1.7714870918092755, -5.385783669181272, -3.889485065848047, -0.1354038864183975
639, -0.014953136444091797, -1.7303251028060913, 2.743905782699585, 0.038301944732666016, -0.899938702583313, -0.03094649314880371, 0.0, -1.771623750565643, -5.385763444963185, -3.889526878818186, -0.1354095545710461
640, -0.01497507095336914, -1.7185031175613403, 2.7345502376556396, 0.038320064544677734, -0.9004775285720825, -0.03093719482421875, 0.0, -1.7718507925023184, -5.3857219849146345, -3.8896507379843324, -0.1354795356076135
641, -0.01497507095336914, -1.7144246101379395, 2.7316818237304688, 0.038311004638671875, -0.9028240442276001, -0.03094649314880371, 0.0, -1.7719275186474819, -5.385711377444386, -3.8896976900441786, -0.13550493265336794
642, -0.015041351318359375, -1.7075660228729248, 2.726928234100342, 0.038320064544677734, -0.9079464673995972, -0.03094649314880371, 0.0, -1.7720639437277241, -5.385694296226001, -3.88977253389509, -0.13551633340181013
643, -0.015070915222167969, -1.704896330833435, 2.7249228954315186, 0.038329362869262695, -0.909279465675354, -0.03096461296081543, 0.0, -1.7721183115812116, -5.38568569440088, -3.889801817462652, -0.13551543592198456
644, -0.015137434005737305, -1.6995421648025513, 2.720808267593384, 0.038329362869262695, -0.9109870195388794, -0.03094649314880371, 0.0, -1.772230509432191, -5.385676695068523, -3.8898594455857505, -0.13550723370954376
645, -0.015203714370727539, -1.6954785585403442, 2.7177162170410156, 0.038320064544677734, -0.9125939607620239, -0.03095555305480957, 0.0, -1.7723185610335652, -5.385666456724283, -3.8898975644298956, -0.13549636628562567
646, -0.015299558639526367, -1.6885756254196167, 2.712594985961914, 0.038292884826660156, -0.915479302406311, -0.03094649314880371, 0.0, -1.77246374518411, -5.385655757747797, -3.8899492291751567, -0.13550222664116518
647, -0.015343904495239258, -1.684504747390747, 2.7095110416412354, 0.038311004638671875, -0.9170042276382446, -0.03097367286682129, 0.0, -1.7725501428469004, -5.385648127293436, -3.8899788588759683, -0.13552047312562365
648, -0.015365839004516602, -1.6790693998336792, 2.705340623855591, 0.038311004638671875, -0.9186021089553833, -0.03097367286682129, 0.0, -1.772665036949907, -5.385628089922189, -3.890021264303912, -0.1355137148791572
649, -0.015461921691894531, -1.6694746017456055, 2.6980862617492676, 0.038320064544677734, -0.9211496114730835, -0.03094649314880371, 0.0, -1.7728643413983598, -5.385577461196305, -3.8901110044527365, -0.1354887828801763
650, -0.015520811080932617, -1.6653594970703125, 2.695026159286499, 0.038320064544677734, -0.9225283861160278, -0.03096461296081543, 0.0, -1.7729537654795997, -5.385557417363902, -3.8901456581716443, -0.13545739696470172
651, -0.01569056510925293, -1.6592973470687866, 2.6910154819488525, 0.038301944732666016, -0.9250849485397339, -0.03094649314880371, 0.0, -1.7730744698620244, -5.385541534775096, -3.8901918154815167, -0.13545884689007792
652, -0.01577901840209961, -1.6541643142700195, 2.6881632804870605, 0.038311004638671875, -0.9285637140274048, -0.03092813491821289, 0.0, -1.773174043593147, -5.3855327562229105, -3.8902253161518994, -0.13545271501063727
653, -0.015897035598754883, -1.6486037969589233, 2.6852071285247803, 0.038320064544677734, -0.9323805570602417, -0.03094649314880371, 0.0, -1.7732849369236374, -5.385517613408837, -3.8902489710276233, -0.13544115532637413
654, -0.016073942184448242, -1.6387656927108765, 2.680253505706787, 0.038301944732666016, -0.9373842477798462, -0.03093719482421875, 0.0, -1.7734870236016071, -5.385485771037386, -3.890271580628203, -0.135441297583621
655, -0.016110897064208984, -1.6327182054519653, 2.677217483520508, 0.038311004638671875, -0.9394751787185669, -0.03092813491821289, 0.0, -1.773616473450216, -5.385460421940604, -3.8902903082291074, -0.13543611500792352
656, -0.01617717742919922, -1.6266264915466309, 2.6742615699768066, 0.038311004638671875, -0.941693902015686, -0.030882596969604492, 0.0, -1.7737483455309404, -5.385433463411879, -3.8903148778520964, -0.13544092022495846
657, -0.016206741333007812, -1.61860990524292, 2.6703946590423584, 0.038292884826660156, -0.9451819658279419, -0.03091907501220703, 0.0, -1.7739237831521768, -5.38540226970167, -3.890354256790791, -0.13545742960278062
658, -0.016243696212768555, -1.610327959060669, 2.666623592376709, 0.038301944732666016, -0.9486790895462036, -0.030910015106201172, 0.0, -1.774093275020893, -5.38538139509002, -3.8903876374278616, -0.13548506936121374
659, -0.016243696212768555, -1.606161117553711, 2.6648898124694824, 0.038311004638671875, -0.9511717557907104, -0.030855178833007812, 0.0, -1.7741758302745934, -5.38537303733656, -3.890400976634659, -0.13549508685428613
660, -0.016280651092529297, -1.5976800918579102, 2.6613664627075195, 0.038311004638671875, -0.9567598104476929, -0.030754566192626953, 0.0, -1.774338819402945, -5.385354344040369, -3.8904224774345675, -0.13551655812749264
661, -0.016332149505615234, -1.5891691446304321, 2.657731294631958, 0.038301944732666016, -0.961051344871521, -0.030636072158813477, 0.0, -1.7745016259601911, -5.3853329165626, -3.8904364637029616, -0.13552273249237423
662, -0.01643514633178711, -1.5827604532241821, 2.6550307273864746, 0.038311004638671875, -0.9639548063278198, -0.030590295791625977, 0.0, -1.7746246499434992, -5.385317913334163, -3.8904512688232313, -0.13552451851041258
663, -0.016509056091308594, -1.574235200881958, 2.6514275074005127, 0.038283586502075195, -0.9677990674972534, -0.030142784118652344, 0.0, -1.774734798730906, -5.385288326197996, -3.8904707385515236, -0.13552821888239297
664, -0.01666402816772461, -1.5637258291244507, 2.646857500076294, 0.038292884826660156, -0.9728485345840454, -0.027988195419311523, 0.0, -1.7748598064350891, -5.38523885158619, -3.890509858413923, -0.13553991364664597
665, -0.01675248146057129, -1.5551488399505615, 2.643134593963623, 0.038283586502075195, -0.9765464067459106, -0.026718854904174805, 0.0, -1.7750365310597287, -5.385216899337491, -3.8905784223578928, -0.1355343414391097
666, -0.01688528060913086, -1.5443519353866577, 2.638460636138916, 0.038274526596069336, -0.9829927682876587, -0.02598857879638672, 0.0, -1.7752431950366603, -5.3851807050860705, -3.8906645418123555, -0.13554503718326494
667, -0.016958951950073242, -1.5380316972732544, 2.635608434677124, 0.038283586502075195, -0.986855149269104, -0.0259702205657959, 0.0, -1.7753911644416833, -5.385158145512457, -3.890729079279862, -0.13554056044991203
668, -0.017165660858154297, -1.5294326543807983, 2.631749391555786, 0.0382380485534668, -0.9914661645889282, -0.02594280242919922, 0.0, -1.7755377995307415, -5.385121527362631, -3.8908215176773244, -0.13551433572856997
669, -0.017423629760742188, -1.5185176134109497, 2.626875877380371, 0.0381925106048584, -0.9971548318862915, -0.02596116065979004, 0.0, -1.7757420626546883, -5.385090058327451, -3.8909404672129666, -0.13548508497742429
670, -0.0175783634185791, -1.5119171142578125, 2.623887777328491, 0.03816485404968262, -1.000414252281189, -0.02594280242919922, 0.0, -1.7758878748432385, -5.385056272837076, -3.8910203857633596, -0.13549054715558384
671, -0.017667055130004883, -1.5031336545944214, 2.619741201400757, 0.03811001777648926, -1.0042036771774292, -0.02594280242919922, 0.0, -1.7761030100737607, -5.385008023713674, -3.8911415739528232, -0.13546270122071657
672, -0.01767444610595703, -1.4940921068191528, 2.61574649810791, 0.03811001777648926, -1.0086594820022583, -0.02593374252319336, 0.0, -1.7763268466504973, -5.3849614413738, -3.891258880594864, -0.1354796032281218
673, -0.01763749122619629, -1.4851758480072021, 2.611719846725464, 0.03806447982788086, -1.0140923261642456, -0.02596116065979004, 0.0, -1.7765497937157022, -5.384938683141751, -3.8913939664507375, -0.1355074856985663
674, -0.017615318298339844, -1.469496726989746, 2.6047370433807373, 0.03800058364868164, -1.0238898992538452, -0.02589702606201172, 0.0, -1.7769234072275293, -5.384876680767757, -3.8916611542744843, -0.1355266186312578
675, -0.017770051956176758, -1.4558309316635132, 2.5986571311950684, 0.03785443305969238, -1.0312491655349731, -0.02591538429260254, 0.0, -1.7773276731912795, -5.384825568373196, -3.89191157627477, -0.13548626928285312
676, -0.017961978912353516, -1.4440902471542358, 2.5935118198394775, 0.037790536880493164, -1.0371659994125366, -0.02589702606201172, 0.0, -1.7776542067585415, -5.384744294110313, -3.892082566532917, -0.13541418532032523
677, -0.018330812454223633, -1.4222604036331177, 2.5841879844665527, 0.03761720657348633, -1.0503326654434204, -0.0257875919342041, 0.0, -1.7782030847936716, -5.384698406340657, -3.8923912236064098, -0.13529013721340455
678, -0.018507719039916992, -1.3790950775146484, 2.565972089767456, 0.03742527961730957, -1.0758169889450073, -0.025604724884033203, 0.0, -1.7794720031224844, -5.384436635724911, -3.893211074587283, -0.13532802275301936
679, -0.018485546112060547, -1.36063551902771, 2.558310031890869, 0.03736138343811035, -1.0880337953567505, -0.025577545166015625, 0.0, -1.7800095812231436, -5.38446085287538, -3.89367971471462, -0.13537734721435335
680, -0.018485546112060547, -1.3497134447097778, 2.5534286499023438, 0.03727006912231445, -1.0930284261703491, -0.025568246841430664, 0.0, -1.7803520843444758, -5.384415069146635, -3.8940108555837147, -0.1354268711676987
681, -0.018573999404907227, -1.3355387449264526, 2.546677350997925, 0.037215232849121094, -1.0995570421218872, -0.025550127029418945, 0.0, -1.780765641537614, -5.384306447800321, -3.894488598273974, -0.13545739742195817
682, -0.018588781356811523, -1.3218363523483276, 2.539790391921997, 0.037142276763916016, -1.1066335439682007, -0.025449752807617188, 0.0, -1.781129874623093, -5.384258885643879, -3.8950675951693112, -0.13544426034774748
683, -0.018625736236572266, -1.308996558189392, 2.5327517986297607, 0.03710579872131348, -1.11363685131073, -0.025394916534423828, 0.0, -1.7815686084681865, -5.384279412735617, -3.8957349135102555, -0.13548269299019822
684, -0.018662691116333008, -1.3036274909973145, 2.5296359062194824, 0.037114858627319336, -1.1161385774612427, -0.02534008026123047, 0.0, -1.7817717899224628, -5.384244864418436, -3.8960381213131225, -0.13547886530476028
685, -0.018713951110839844, -1.2948662042617798, 2.5242908000946045, 0.03701448440551758, -1.1200100183486938, -0.02524876594543457, 0.0, -1.7820159167854657, -5.384137959948753, -3.8965344990560333, -0.1355044261872731
686, -0.018795251846313477, -1.2896153926849365, 2.5210232734680176, 0.0369870662689209, -1.1220554113388062, -0.02525782585144043, 0.0, -1.7821582240041174, -5.38410536828462, -3.8968331888497585, -0.13549719521042292
687, -0.018942832946777344, -1.2775497436523438, 2.513129711151123, 0.0369412899017334, -1.1258264780044556, -0.02518486976623535, 0.0, -1.782573173739281, -5.384068312821516, -3.8976148263963655, -0.13547361290903215
688, -0.018972396850585938, -1.2705436944961548, 2.5084877014160156, 0.03690481185913086, -1.1285568475723267, -0.025084495544433594, 0.0, -1.782864254016567, -5.38409048357926, -3.898079331506646, -0.13545068045628295
689, -0.01912713050842285, -1.2653223276138306, 2.5050203800201416, 0.03685927391052246, -1.1307204961776733, -0.025066137313842773, 0.0, -1.783085919847868, -5.3840708920601985, -3.8984241068953565, -0.13543705646625703
690, -0.01918625831604004, -1.258566975593567, 2.5003864765167236, 0.03683185577392578, -1.1333686113357544, -0.025020360946655273, 0.0, -1.7833031349033281, -5.383985916045031, -3.8988748600611665, -0.1354222735115327
691, -0.019259929656982422, -1.2517894506454468, 2.495664596557617, 0.03678631782531738, -1.1359707117080688, -0.024974822998046875, 0.0, -1.7835039650126987, -5.38390233575846, -3.8993311688887466, -0.1354028891953707
692, -0.019341230392456055, -1.2434041500091553, 2.489856243133545, 0.03674054145812988, -1.1399518251419067, -0.024965763092041016, 0.0, -1.7838041376186342, -5.383844823732241, -3.8999376598932747, -0.13539430566894506
693, -0.019392728805541992, -1.2384333610534668, 2.4863648414611816, 0.03670382499694824, -1.1420520544052124, -0.024910926818847656, 0.0, -1.7839941904462027, -5.383830110348609, -3.900316360713435, -0.1353658734234049
694, -0.019466400146484375, -1.2333816289901733, 2.4828174114227295, 0.036676645278930664, -1.143813967704773, -0.024874448776245117, 0.0, -1.7842118019431286, -5.383833074276338, -3.9006928887844836, -0.1353523667205101
695, -0.01953268051147461, -1.2268179655075073, 2.4781596660614014, 0.036649227142333984, -1.1458503007888794, -0.0248105525970459, 0.0, -1.7844820304856877, -5.383818562168782, -3.9011929947033526, -0.1353522100559994
696, -0.019547462463378906, -1.2220243215560913, 2.4746921062469482, 0.036566972732543945, -1.147631049156189, -0.02480149269104004, 0.0, -1.7846445253675483, -5.383778418633166, -3.901566621460628, -0.13536582495316107
697, -0.019636154174804688, -1.2156745195388794, 2.4701781272888184, 0.036566972732543945, -1.1497584581375122, -0.02472829818725586, 0.0, -1.7848234077832097, -5.383721960367483, -3.902061947761505, -0.13538696164212816
698, -0.01967310905456543, -1.2094649076461792, 2.4656481742858887, 0.03647589683532715, -1.1512373685836792, -0.02464604377746582, 0.0, -1.7849956635523054, -5.383634018300308, -3.9025842514950186, -0.13540328224961673
699, -0.019650697708129883, -1.2047669887542725, 2.4623324871063232, 0.03643012046813965, -1.152661919593811, -0.024500131607055664, 0.0, -1.7851686182254118, -5.383606449359535, -3.902997573158104, -0.13542049582722893
700, -0.019724607467651367, -1.198653221130371, 2.457914352416992, 0.03641176223754883, -1.1549173593521118, -0.023157835006713867, 0.0, -1.7854293880319643, -5.383594228050866, -3.9035554113407365, -0.1354276787056099
701, -0.01971721649169922, -1.194169282913208, 2.454622507095337, 0.03631138801574707, -1.1562594175338745, -0.021623849868774414, 0.0, -1.7855928511339185, -5.383592459353814, -3.903968572190992, -0.13543454622238826
702, -0.019746780395507812, -1.1868754625320435, 2.449197769165039, 0.03627490997314453, -1.1582776308059692, -0.019788503646850586, 0.0, -1.78583677593986, -5.3835928309556005, -3.904682470560718, -0.13545176565408035
703, -0.0197908878326416, -1.1840214729309082, 2.4469847679138184, 0.03622937202453613, -1.158706545829773, -0.019450664520263672, 0.0, -1.785903288546436, -5.383588563102709, -3.9049665575466213, -0.13545020853169643
704, -0.019783735275268555, -1.1784976720809937, 2.442598342895508, 0.03616523742675781, -1.159765601158142, -0.019039630889892578, 0.0, -1.7860363801664394, -5.383522505105986, -3.905554915848572, -0.13544807755109733
705, -0.01984262466430664, -1.172892689704895, 2.438228130340576, 0.03611040115356445, -1.1617289781570435, -0.01906728744506836, 0.0, -1.7861768863666616, -5.3834398989202965, -3.9061700988395307, -0.13544352890687428
706, -0.019835233688354492, -1.168696403503418, 2.4349446296691895, 0.036055564880371094, -1.1631625890731812, -0.01907634735107422, 0.0, -1.7863108330959392, -5.383427615292311, -3.9066455149670767, -0.13545486820841734
707, -0.01984262466430664, -1.1631356477737427, 2.4304704666137695, 0.036019086837768555, -1.164568543434143, -0.01906728744506836, 0.0, -1.786489238277559, -5.38343844585271, -3.9073068787433547, -0.13541688403904395
708, -0.01993083953857422, -1.156512975692749, 2.424909830093384, 0.03583645820617676, -1.1668697595596313, -0.01904892921447754, 0.0, -1.7866565371326475, -5.383473459681757, -3.908148740634291, -0.13539896614873648
709, -0.019960641860961914, -1.1525599956512451, 2.4215621948242188, 0.035453081130981445, -1.1676548719406128, -0.01903057098388672, 0.0, -1.7867390586581708, -5.383506140526116, -3.9086784375264547, -0.13538620796188905
710, -0.020130157470703125, -1.1474418640136719, 2.417167901992798, 0.03418397903442383, -1.1690155267715454, -0.01904892921447754, 0.0, -1.7868094332837945, -5.383483044940793, -3.9093859427411046, -0.13542076571961292
711, -0.020137548446655273, -1.1387836933135986, 2.409426212310791, 0.03271365165710449, -1.1711519956588745, -0.019012451171875, 0.0, -1.78697107499198, -5.383318748366566, -3.9106621626724203, -0.1354546375633543
712, -0.020491361618041992, -1.0813994407653809, 2.3535237312316895, 0.0302121639251709, -1.174411654472351, -0.01894855499267578, 0.0, -1.7880682708473281, -5.383123769327061, -3.9203552113256053, -0.13551794919895066
713, -0.020661354064941406, -1.0660967826843262, 2.3369693756103516, 0.030193805694580078, -1.1744483709335327, -0.018939495086669922, 0.0, -1.7885833925331445, -5.3833563735710905, -3.9235479602337238, -0.13560595798710917
714, -0.02068328857421875, -1.0634639263153076, 2.3339014053344727, 0.030157089233398438, -1.1744025945663452, -0.018912076950073242, 0.0, -1.7886613637681712, -5.383343631595975, -3.9241354571443936, -0.13561930440603476
715, -0.020705223083496094, -1.0609121322631836, 2.3308496475219727, 0.030148029327392578, -1.174420714378357, -0.01890277862548828, 0.0, -1.7887317845064747, -5.38331829388439, -3.924718012800482, -0.13562541068742995
716, -0.020720243453979492, -1.0583159923553467, 2.3277335166931152, 0.030148029327392578, -1.1743932962417603, -0.018912076950073242, 0.0, -1.788801142790916, -5.383287971264132, -3.925298315837752, -0.1356146124605635
717, -0.020720243453979492, -1.0529325008392334, 2.3213021755218506, 0.030148029327392578, -1.1743751764297485, -0.018884658813476562, 0.0, -1.7889447990863026, -5.383238660069895, -3.9264488975285072, -0.13558450553968893
718, -0.020749568939208984, -1.0500414371490479, 2.317986488342285, 0.030129671096801758, -1.1744025945663452, -0.018884658813476562, 0.0, -1.7890210545357221, -5.383232676781011, -3.92701469409898, -0.135577374073371
719, -0.020712614059448242, -1.0470988750457764, 2.314574956893921, 0.030148029327392578, -1.1743751764297485, -0.018893718719482422, 0.0, -1.7891026335795033, -5.383236683671808, -3.9275791670367473, -0.1355653780356123
720, -0.020793914794921875, -1.0431902408599854, 2.3098771572113037, 0.030138731002807617, -1.174420714378357, -0.018866300582885742, 0.0, -1.789208888753426, -5.383248525471968, -3.928320126167984, -0.13556300970881896
721, -0.020808696746826172, -1.0402181148529053, 2.3063058853149414, 0.030148029327392578, -1.1743932962417603, -0.018875598907470703, 0.0, -1.789282201641406, -5.383245469422697, -3.9288666703506094, -0.13555027556757704
722, -0.020838260650634766, -1.0362355709075928, 2.301488161087036, 0.030129671096801758, -1.1744025945663452, -0.018857240676879883, 0.0, -1.7893777512238094, -5.383231919748203, -3.929592136465964, -0.1355571806720759
723, -0.02086019515991211, -1.0332856178283691, 2.297844886779785, 0.030102252960205078, -1.1744025945663452, -0.018866300582885742, 0.0, -1.7894450657143508, -5.383209738748167, -3.930129608100452, -0.13554971946390904
724, -0.020882606506347656, -1.028433084487915, 2.291740894317627, 0.0301206111907959, -1.174411654472351, -0.018866300582885742, 0.0, -1.78955802401744, -5.383168495088683, -3.9310155346000424, -0.13557310578265458
725, -0.020867586135864258, -1.025468349456787, 2.2881457805633545, 0.03011155128479004, -1.1744297742843628, -0.018811702728271484, 0.0, -1.789630341029396, -5.383145835473987, -3.931545529469396, -0.1355876747236966
726, -0.020838260650634766, -1.0224814414978027, 2.284510612487793, 0.03009319305419922, -1.174420714378357, -0.018848180770874023, 0.0, -1.7897063973769183, -5.383130979167064, -3.932078760629433, -0.1356183751500799
727, -0.020845651626586914, -1.018639087677002, 2.2796130180358887, 0.03011155128479004, -1.174420714378357, -0.018829822540283203, 0.0, -1.7898083383120216, -5.383110951303506, -3.9327930610913264, -0.13563407315234066
728, -0.020867586135864258, -1.0157480239868164, 2.2759857177734375, 0.030102252960205078, -1.1744025945663452, -0.018839120864868164, 0.0, -1.789885697186701, -5.383091534663885, -3.933328688842235, -0.13563304801572507
729, -0.020845651626586914, -1.012812852859497, 2.272366523742676, 0.030102252960205078, -1.1743751764297485, -0.018784046173095703, 0.0, -1.7899626904639692, -5.383074113773135, -3.93387341162078, -0.1356483220309288
730, -0.020867586135864258, -1.0081446170806885, 2.266374349594116, 0.03011155128479004, -1.1743842363357544, -0.018756628036499023, 0.0, -1.7900831166580051, -5.383044532771325, -3.934789751684279, -0.13566659081188348
731, -0.020867586135864258, -1.0054452419281006, 2.262803077697754, 0.0300750732421875, -1.1744025945663452, -0.018765926361083984, 0.0, -1.790154403519772, -5.383034060478018, -3.9353497736127756, -0.1356768838189808
732, -0.02095627784729004, -1.002864122390747, 2.259215831756592, 0.0301206111907959, -1.1743661165237427, -0.018756628036499023, 0.0, -1.7902193129747368, -5.383017093450406, -3.9359150205958433, -0.13568032143281172
733, -0.020904541015625, -0.9994053244590759, 2.254565954208374, 0.03008413314819336, -1.1743751764297485, -0.018738508224487305, 0.0, -1.790303162556163, -5.38300611766062, -3.9366677966286416, -0.13568023859711165
734, -0.020941495895385742, -0.9960277080535889, 2.2498362064361572, 0.03006577491760254, -1.1743475198745728, -0.018738508224487305, 0.0, -1.7903864117510653, -5.382990769883293, -3.9374313094398663, -0.13567262469052377
735, -0.020933866500854492, -0.9926204681396484, 2.245098352432251, 0.0300750732421875, -1.1743022203445435, -0.018729209899902344, 0.0, -1.7904732654323552, -5.382974734582802, -3.938191033001226, -0.13564357481006795
736, -0.020926475524902344, -0.989995002746582, 2.2415032386779785, 0.0300750732421875, -1.1742745637893677, -0.018692731857299805, 0.0, -1.7905422158088877, -5.3829629973109165, -3.93876155223845, -0.1356432642667995
737, -0.020970821380615234, -0.986506462097168, 2.2367494106292725, 0.0300750732421875, -1.1742745637893677, -0.018674612045288086, 0.0, -1.7906357329255536, -5.382943915930278, -3.939513301250841, -0.13562854108269828
738, -0.020874977111816406, -0.9838516712188721, 2.2332019805908203, 0.03006577491760254, -1.1742292642593384, -0.018711090087890625, 0.0, -1.7907126982322072, -5.382937534750183, -3.9400731893095458, -0.13563093610960397
739, -0.02091193199157715, -0.9812777042388916, 2.2296628952026367, 0.03008413314819336, -1.1742926836013794, -0.018692731857299805, 0.0, -1.7907897754291444, -5.382925823218939, -3.940631630380646, -0.1356203833035714
740, -0.020882606506347656, -0.9771258234977722, 2.2239980697631836, 0.03005671501159668, -1.17424738407135, -0.018638134002685547, 0.0, -1.7909167143406102, -5.382904329629747, -3.941563481278705, -0.13559623613782712
741, -0.020970821380615234, -0.9739103317260742, 2.219587802886963, 0.03006577491760254, -1.1742197275161743, -0.018638134002685547, 0.0, -1.79101168755926, -5.3828855025752045, -3.9423214749958877, -0.1355734387703711
742, -0.02095627784729004, -0.9701120853424072, 2.214402675628662, 0.03005671501159668, -1.1742106676101685, -0.018619775772094727, 0.0, -1.791123973842451, -5.382869903253329, -3.943268492574625, -0.13555355975867656
743, -0.020978212356567383, -0.9672434329986572, 2.2103919982910156, 0.03003859519958496, -1.174174427986145, -0.018583297729492188, 0.0, -1.7912079971764847, -5.3828617795883975, -3.944033463064848, -0.13556869995422538
744, -0.020963668823242188, -0.963740348815918, 2.2055983543395996, 0.03002023696899414, -1.1741467714309692, -0.018610715866088867, 0.0, -1.7913075752613807, -5.38285545661647, -3.9450009825434904, -0.1355693802503497
745, -0.02100062370300293, -0.9617490768432617, 2.202770233154297, 0.03003859519958496, -1.1741102933883667, -0.018583297729492188, 0.0, -1.7913624931501222, -5.382849065180483, -3.9455791778671374, -0.13556919876673845
746, -0.020978212356567383, -0.9598388671875, 2.199957847595215, 0.03002023696899414, -1.1741012334823608, -0.018574237823486328, 0.0, -1.7914187691247445, -5.382844171247978, -3.946161930222533, -0.13558550447913742
747, -0.020978212356567383, -0.9571545124053955, 2.196162700653076, 0.030029296875, -1.1740645170211792, -0.01856517791748047, 0.0, -1.791493316426437, -5.382844358698854, -3.946940780216593, -0.135600774953466
748, -0.021007776260375977, -0.9538874626159668, 2.1913533210754395, 0.03002023696899414, -1.17400062084198, -0.01856517791748047, 0.0, -1.791585652573289, -5.382842685967452, -3.9479227128226757, -0.13560525908424825
749, -0.021015167236328125, -0.9519331455230713, 2.188436985015869, 0.03003859519958496, -1.1739825010299683, -0.01856517791748047, 0.0, -1.7916401566129188, -5.382850441809907, -3.9485155322856142, -0.1356120226336035
750, -0.021029949188232422, -0.9498827457427979, 2.1854248046875, 0.03000187873840332, -1.1739095449447632, -0.01856517791748047, 0.0, -1.7916931950102282, -5.382851501700146, -3.949104300708422, -0.13563192013336334
751, -0.021044492721557617, -0.9471761584281921, 2.181326389312744, 0.03001117706298828, -1.1739004850387573, -0.01853775978088379, 0.0, -1.7917608276292771, -5.382850291252786, -3.9498839625260493, -0.1355967446918056
752, -0.021103620529174805, -0.9443442225456238, 2.177083969116211, 0.03000187873840332, -1.1738821268081665, -0.01856517791748047, 0.0, -1.7918333198643848, -5.38284244802469, -3.950658079239963, -0.13556224896249702
753, -0.0211184024810791, -0.9423086047172546, 2.1739439964294434, 0.02999281883239746, -1.1738182306289673, -0.01854681968688965, 0.0, -1.791892568944776, -5.382835180708723, -3.9512268414002394, -0.13553994506503297
754, -0.021103620529174805, -0.9357008934020996, 2.1643567085266113, 0.03000187873840332, -1.1736904382705688, -0.018555879592895508, 0.0, -1.7920820334522964, -5.382838136123315, -3.9529070374578543, -0.13551652743103393
755, -0.021103620529174805, -0.933473527431488, 2.161160945892334, 0.02999281883239746, -1.173681378364563, -0.01854681968688965, 0.0, -1.7921483076456297, -5.3828443375511545, -3.9534611289697272, -0.13551834375433724
756, -0.02112579345703125, -0.9297124743461609, 2.1559677124023438, 0.029974699020385742, -1.1736356019973755, -0.01853775978088379, 0.0, -1.7922526408598085, -5.382838384981735, -3.9543729518013433, -0.13550994772951608
757, -0.0211331844329834, -0.9281930923461914, 2.1538665294647217, 0.029974699020385742, -1.1736356019973755, -0.018528461456298828, 0.0, -1.7922931953391157, -5.3828412389716815, -3.954738983248633, -0.1355172754648324
758, -0.0211331844329834, -0.9259216785430908, 2.1507105827331543, 0.02996540069580078, -1.1735533475875854, -0.01851034164428711, 0.0, -1.792350586660885, -5.382837922936171, -3.9552883322418366, -0.13553133754540792
759, -0.021162748336791992, -0.9228093028068542, 2.1465561389923096, 0.029947280883789062, -1.1735259294509888, -0.01851034164428711, 0.0, -1.792423076583459, -5.382832597878647, -3.9560163710239364, -0.1355332290799387
760, -0.021147727966308594, -0.9199773669242859, 2.142449378967285, 0.029956340789794922, -1.1735259294509888, -0.01851940155029297, 0.0, -1.7924920756572296, -5.382831895083243, -3.956757114181725, -0.13553128620124077
761, -0.021184921264648438, -0.9177281260490417, 2.1393096446990967, 0.0299837589263916, -1.1734527349472046, -0.01851940155029297, 0.0, -1.792539912893561, -5.3828313085359545, -3.957312388256334, -0.13555121234257062
762, -0.021147727966308594, -0.9148814678192139, 2.1352272033691406, 0.029928922653198242, -1.1733707189559937, -0.01851940155029297, 0.0, -1.7926087425694364, -5.382831927091963, -3.9580567566793263, -0.13555697957869217
763, -0.021155118942260742, -0.9128682017326355, 2.1322708129882812, 0.029947280883789062, -1.1733616590499878, -0.01851034164428711, 0.0, -1.7926587445140334, -5.382835552829065, -3.958620761242563, -0.1355720455552225
764, -0.02117753028869629, -0.9104049205780029, 2.1286516189575195, 0.029938220977783203, -1.1733978986740112, -0.01851034164428711, 0.0, -1.792719134120382, -5.382836653002986, -3.9593844567933125, -0.13556486359525888
765, -0.021147727966308594, -0.9088194370269775, 2.1262707710266113, 0.029938220977783203, -1.1734074354171753, -0.01850104331970215, 0.0, -1.7927554122040132, -5.382840103096822, -3.9599647871068657, -0.1355481453598122
766, -0.02122187614440918, -0.907078742980957, 2.1235861778259277, 0.029938220977783203, -1.1733978986740112, -0.01851034164428711, 0.0, -1.792787713588316, -5.382853323884245, -3.960758931132608, -0.13556991022076303
767, -0.021199464797973633, -0.9059431552886963, 2.1219325065612793, 0.029919862747192383, -1.1733978986740112, -0.01851034164428711, 0.0, -1.79280460554706, -5.382864595402015, -3.961358468002274, -0.13555719080771933
768, -0.021192073822021484, -0.9047484397888184, 2.1200709342956543, 0.029901504516601562, -1.1734346151351929, -0.01851940155029297, 0.0, -1.7928196551347912, -5.382887122235419, -3.962168511045001, -0.13557729965157606
769, -0.021229028701782227, -0.9038927555084229, 2.1188805103302, 0.029928922653198242, -1.1733978986740112, -0.01850104331970215, 0.0, -1.7928260479698839, -5.382896891376203, -3.96277320795653, -0.13557780619251325
770, -0.02122187614440918, -0.9028825759887695, 2.117434501647949, 0.029919862747192383, -1.1734617948532104, -0.018482685089111328, 0.0, -1.792832261040815, -5.382910512432972, -3.9635813703823217, -0.13556528303334314
771, -0.021229028701782227, -0.9020344614982605, 2.1164357662200928, 0.029901504516601562, -1.1734803915023804, -0.01850104331970215, 0.0, -1.7928372633267642, -5.382921868827624, -3.964181779911942, -0.13557246206709728
772, -0.021251201629638672, -0.9010166525840759, 2.1151654720306396, 0.029892444610595703, -1.173516869544983, -0.01849198341369629, 0.0, -1.7928486266012729, -5.382926384810461, -3.9649617761491878, -0.1355607293344372
773, -0.021229028701782227, -0.9001683592796326, 2.1142706871032715, 0.029883146286010742, -1.1736356019973755, -0.01846456527709961, 0.0, -1.7928672738421327, -5.3829334414652, -3.9655363814991524, -0.13554282174777654
774, -0.021295547485351562, -0.8991581797599792, 2.1132001876831055, 0.029892444610595703, -1.1743751764297485, -0.01844620704650879, 0.0, -1.7928974893769682, -5.382935645447262, -3.96629295900768, -0.13554384056985658
775, -0.021243810653686523, -0.8983469009399414, 2.112560749053955, 0.029883146286010742, -1.1752151250839233, -0.01841878890991211, 0.0, -1.7929204457159036, -5.382939965222677, -3.966849280339255, -0.13553961998476538
776, -0.021273374557495117, -0.8974030017852783, 2.111769914627075, 0.029855728149414062, -1.175991177558899, -0.01841878890991211, 0.0, -1.7929466159145984, -5.38294741800802, -3.9675919450106907, -0.13554816827665128
777, -0.021288156509399414, -0.896761417388916, 2.1112585067749023, 0.029874086380004883, -1.1766761541366577, -0.01840066909790039, 0.0, -1.7929654976018137, -5.382951352963244, -3.9681391335623406, -0.13553977109308768
778, -0.021265745162963867, -0.8959870338439941, 2.1107232570648193, 0.029865026473999023, -1.1783744096755981, -0.01840972900390625, 0.0, -1.7929897128944698, -5.382957369388038, -3.9688696367376686, -0.13551686194684276
779, -0.021288156509399414, -0.8953676223754883, 2.110339641571045, 0.029883146286010742, -1.179625391960144, -0.01839160919189453, 0.0, -1.7930082798074063, -5.382965512122717, -3.9694163289091113, -0.1355072857351658
780, -0.0213470458984375, -0.8946446776390076, 2.109828472137451, 0.029855728149414062, -1.181360125541687, -0.01839160919189453, 0.0, -1.793032901169648, -5.382974461509857, -3.970144918382923, -0.13550248759895656
781, -0.021273374557495117, -0.8938703536987305, 2.1093249320983887, 0.029837608337402344, -1.1827479600906372, -0.01838231086730957, 0.0, -1.7930607000592185, -5.3829852534786005, -3.9708608600182775, -0.13549875991221239
782, -0.0213470458984375, -0.8932583332061768, 2.1089096069335938, 0.029846668243408203, -1.1840630769729614, -0.01838231086730957, 0.0, -1.793078492698837, -5.3829829511144105, -3.9714016965389254, -0.1354923176808498
783, -0.021288156509399414, -0.8924987316131592, 2.1083264350891113, 0.029837608337402344, -1.1848846673965454, -0.01836419105529785, 0.0, -1.7931079883556567, -5.38297910234726, -3.9721167491569163, -0.13547986471795692
784, -0.02130270004272461, -0.8918642997741699, 2.107847213745117, 0.029837608337402344, -1.1850124597549438, -0.01837325096130371, 0.0, -1.7931337584572784, -5.382979144012064, -3.9726591391110566, -0.13548392705758427
785, -0.021324872970581055, -0.8907802104949951, 2.1068801879882812, 0.029837608337402344, -1.1850310564041138, -0.018336772918701172, 0.0, -1.7931787002726873, -5.382966933259875, -3.973565841488201, -0.13548492560462044
786, -0.021295547485351562, -0.890086829662323, 2.1063530445098877, 0.029846668243408203, -1.1850124597549438, -0.018318653106689453, 0.0, -1.793211311204745, -5.3829742932004265, -3.974105666281444, -0.1355050890345444
787, -0.02130270004272461, -0.8890988826751709, 2.105586051940918, 0.029837608337402344, -1.185176968574524, -0.018327713012695312, 0.0, -1.7932592053211163, -5.382976483775769, -3.9748263055104553, -0.1355172087328258
788, -0.02130270004272461, -0.8879926204681396, 2.1049070358276367, 0.029828310012817383, -1.1871675252914429, -0.018327713012695312, 0.0, -1.7933081658936592, -5.3829865630267415, -3.975546052512329, -0.13554541626880212
789, -0.021288156509399414, -0.8874320983886719, 2.10465145111084, 0.029819250106811523, -1.1888655424118042, -0.018309354782104492, 0.0, -1.7933316609846526, -5.382988496150274, -3.975901926745412, -0.13554410669102257
790, -0.0213470458984375, -0.8859643936157227, 2.1038684844970703, 0.029810190200805664, -1.1929837465286255, -0.018309354782104492, 0.0, -1.793386729377049, -5.382983843559782, -3.9767924788551636, -0.13556364074922111
791, -0.021295547485351562, -0.8848876953125, 2.1032211780548096, 0.029810190200805664, -1.1948100328445435, -0.018291234970092773, 0.0, -1.7934262901594369, -5.382979853235362, -3.977503196939367, -0.13558898427467625
792, -0.021295547485351562, -0.8840987682342529, 2.1026298999786377, 0.029791831970214844, -1.1962159872055054, -0.018281936645507812, 0.0, -1.793459590628295, -5.382973545772402, -3.978025540221453, -0.13560447136805553
793, -0.021332502365112305, -0.8832799792289734, 2.1021106243133545, 0.029810190200805664, -1.1976314783096313, -0.018245458602905273, 0.0, -1.7934952795860912, -5.382967898490965, -3.9785511841483863, -0.1356292099492462
794, -0.021280765533447266, -0.8824541568756104, 2.101583480834961, 0.029801130294799805, -1.19922935962677, -0.018208980560302734, 0.0, -1.793533392227304, -5.3829606057964945, -3.9790690337733534, -0.13563980547013266
795, -0.021288156509399414, -0.8812813758850098, 2.1009361743927, 0.029782772064208984, -1.2012747526168823, -0.018227100372314453, 0.0, -1.79358626899314, -5.382952945704316, -3.9797494639131914, -0.13564019414591488
796, -0.021295547485351562, -0.880138099193573, 2.1002731323242188, 0.029791831970214844, -1.2029727697372437, -0.018208980560302734, 0.0, -1.7936429300529912, -5.382944296314541, -3.980432135816032, -0.1356497383373707
797, -0.021265745162963867, -0.8792829513549805, 2.099761724472046, 0.029810190200805664, -1.2037400007247925, -0.018208980560302734, 0.0, -1.79368452892909, -5.3829435413564495, -3.9809396867386004, -0.13567058598919335
798, -0.021295547485351562, -0.878117561340332, 2.099130630493164, 0.029791831970214844, -1.2052921056747437, -0.018218040466308594, 0.0, -1.7937357297515382, -5.382933042584377, -3.9816140395000783, -0.1356712843184189
799, -0.021280765533447266, -0.8768712878227234, 2.0984911918640137, 0.029791831970214844, -1.2071455717086792, -0.018199682235717773, 0.0, -1.7937866229803534, -5.382925887668686, -3.982293260900094, -0.13567754146506417
800, -0.021288156509399414, -0.8762442469596863, 2.098179817199707, 0.029782772064208984, -1.2078124284744263, -0.018199682235717773, 0.0, -1.7938126082044328, -5.382922810005513, -3.98263262435781, -0.1356731674677727
801, -0.021273374557495117, -0.8751235008239746, 2.0975966453552246, 0.029782772064208984, -1.2090998888015747, -0.018190622329711914, 0.0, -1.79386418461367, -5.382916733249334, -3.983314399526507, -0.13566673878776392
802, -0.021288156509399414, -0.8739137649536133, 2.097013473510742, 0.029791831970214844, -1.210806965827942, -0.018190622329711914, 0.0, -1.7939210567037114, -5.382915499831034, -3.9840062187180867, -0.1356586444921133
803, -0.021265745162963867, -0.8731248378753662, 2.096573829650879, 0.029791831970214844, -1.2115377187728882, -0.018190622329711914, 0.0, -1.7939632478549967, -5.382912145001282, -3.984529534496152, -0.13565328590957293
804, -0.021280765533447266, -0.8720700740814209, 2.095958709716797, 0.029764652252197266, -1.2120765447616577, -0.018181562423706055, 0.0, -1.794021351474329, -5.382905900480362, -3.985222628373996, -0.1356111620095204
805, -0.02133965492248535, -0.8711630702018738, 2.095463275909424, 0.029782772064208984, -1.2126697301864624, -0.018190622329711914, 0.0, -1.7940651635091245, -5.38290388915382, -3.9857504530739516, -0.13556905783479856
806, -0.02135443687438965, -0.8698725700378418, 2.0948243141174316, 0.029773712158203125, -1.2141762971878052, -0.018190622329711914, 0.0, -1.7941203937827785, -5.382898976200021, -3.9864478606156224, -0.1355009669685483
807, -0.021361827850341797, -0.8688991069793701, 2.0943846702575684, 0.029764652252197266, -1.2156466245651245, -0.018172264099121094, 0.0, -1.7941656525188088, -5.382904175792395, -3.986968675936266, -0.13545453237917737
808, -0.021420717239379883, -0.8676600456237793, 2.093745708465576, 0.029764652252197266, -1.2172263860702515, -0.018181562423706055, 0.0, -1.7942314090460556, -5.382915333922421, -3.9876654961024762, -0.1354117895108491
809, -0.021413326263427734, -0.8664283156394958, 2.0931625366210938, 0.029782772064208984, -1.2189334630966187, -0.018190622329711914, 0.0, -1.7942976888702686, -5.3829351944927595, -3.988369701721502, -0.13537958786007476
810, -0.021420717239379883, -0.8658604025840759, 2.092890739440918, 0.029746294021606445, -1.2197552919387817, -0.018199682235717773, 0.0, -1.7943322430366282, -5.382944662380569, -3.9887203485115608, -0.13535690883715645
811, -0.02147960662841797, -0.8649606704711914, 2.0922913551330566, 0.029755353927612305, -1.2202757596969604, -0.018190622329711914, 0.0, -1.7943933956889164, -5.382960428119062, -3.9894265642009663, -0.13532854492367274
812, -0.021516799926757812, -0.864208459854126, 2.091708183288574, 0.029764652252197266, -1.2201846837997437, -0.018181562423706055, 0.0, -1.794446658140056, -5.382972643297103, -3.9901349496121776, -0.13529831020550365
813, -0.02156829833984375, -0.8636775016784668, 2.0913407802581787, 0.029773712158203125, -1.2202485799789429, -0.018181562423706055, 0.0, -1.7944774947093198, -5.382978791302449, -3.990665894432409, -0.13529201140891978
814, -0.021597623825073242, -0.8629400134086609, 2.090693473815918, 0.029764652252197266, -1.2202118635177612, -0.018172264099121094, 0.0, -1.794521616120157, -5.38297978729418, -3.9915463797739577, -0.13529325573455964
815, -0.021627426147460938, -0.8625490665435791, 2.0903420448303223, 0.029764652252197266, -1.220239281654358, -0.018154144287109375, 0.0, -1.7945465801995018, -5.382978319619163, -3.9920683209272108, -0.13529972668821966
816, -0.021627426147460938, -0.8621582984924316, 2.0899505615234375, 0.029746294021606445, -1.2202576398849487, -0.018163204193115234, 0.0, -1.794572414776761, -5.382978235731002, -3.992577944206892, -0.13532433254781662
817, -0.02164936065673828, -0.8616495132446289, 2.089543342590332, 0.029746294021606445, -1.2202666997909546, -0.018172264099121094, 0.0, -1.794603658996155, -5.382978100675898, -3.993079561044725, -0.1353766382422794
818, -0.021634578704833984, -0.8608307838439941, 2.088808059692383, 0.029737234115600586, -1.2203580141067505, -0.018163204193115234, 0.0, -1.7946666637289845, -5.382976152271926, -3.9938878677048635, -0.13546014053637734
819, -0.02162003517150879, -0.860454797744751, 2.088512420654297, 0.029764652252197266, -1.2205497026443481, -0.018144845962524414, 0.0, -1.7946952892125887, -5.382975311079003, -3.994198804902963, -0.13549229272399366
820, -0.02165675163269043, -0.8593999743461609, 2.087801456451416, 0.029746294021606445, -1.222723126411438, -0.018172264099121094, 0.0, -1.794753536712244, -5.382964565351214, -3.9948086845172193, -0.13554487894088663
821, -0.02164936065673828, -0.8582493662834167, 2.087210178375244, 0.029746294021606445, -1.226685643196106, -0.018154144287109375, 0.0, -1.7948175918196703, -5.382949207034816, -3.9953966368419658, -0.13558434122548668
822, -0.021641969680786133, -0.857010543346405, 2.086475372314453, 0.029746294021606445, -1.2300277948379517, -0.018154144287109375, 0.0, -1.794885762198371, -5.382940738175461, -3.9959660728588178, -0.1356119761313206
823, -0.021686315536499023, -0.8560444712638855, 2.085803985595703, 0.029727935791015625, -1.2316712141036987, -0.018154144287109375, 0.0, -1.7949325871783706, -5.382936242514514, -3.996389718268907, -0.13564611175788155
824, -0.02161264419555664, -0.8545105457305908, 2.0847814083099365, 0.029718875885009766, -1.2342642545700073, -0.018117666244506836, 0.0, -1.7950170001395982, -5.382934380322431, -3.9970919106230154, -0.13569282691694173
825, -0.02161264419555664, -0.8538689613342285, 2.0843260288238525, 0.029718875885009766, -1.2352687120437622, -0.018099308013916016, 0.0, -1.795049927300348, -5.382935931750527, -3.997361883058387, -0.13570612552100503
826, -0.021597623825073242, -0.8521356582641602, 2.0832552909851074, 0.029727935791015625, -1.2373687028884888, -0.018099308013916016, 0.0, -1.7951267974867096, -5.382932213391751, -3.9980351261970055, -0.13571600849927634
827, -0.021605253219604492, -0.8510958552360535, 2.082576274871826, 0.029737234115600586, -1.2382179498672485, -0.018099308013916016, 0.0, -1.7951737421284013, -5.382931471306731, -3.998438981587252, -0.13570280428464
828, -0.0215756893157959, -0.8498790264129639, 2.081785202026367, 0.029709815979003906, -1.2389758825302124, -0.018108367919921875, 0.0, -1.7952362757974571, -5.382924763890953, -3.9989637741829194, -0.13568097941810553
829, -0.021597623825073242, -0.8488466739654541, 2.081162214279175, 0.029709815979003906, -1.2397795915603638, -0.018099308013916016, 0.0, -1.7952772100659744, -5.382922404690568, -3.9993458377969615, -0.13567099954531336
830, -0.0215609073638916, -0.847371518611908, 2.0804190635681152, 0.029700756072998047, -1.241249442100525, -0.018099308013916016, 0.0, -1.7953310061959997, -5.38292578505829, -3.999867106547158, -0.1356582383276841
831, -0.0215756893157959, -0.8461620807647705, 2.0798120498657227, 0.029700756072998047, -1.2424639463424683, -0.018081188201904297, 0.0, -1.7953701092219454, -5.382928891234817, -4.000256793813407, -0.1356586864842857
832, -0.021553754806518555, -0.8446428775787354, 2.0790767669677734, 0.029700756072998047, -1.2436326742172241, -0.018053770065307617, 0.0, -1.7954231351813188, -5.382923573175814, -4.000753660900764, -0.13565320900943156
833, -0.021538734436035156, -0.8430719375610352, 2.078333854675293, 0.029700756072998047, -1.2455135583877563, -0.018044710159301758, 0.0, -1.7954751740323676, -5.382919685914403, -4.001252868932722, -0.1356378250967989
834, -0.02156829833984375, -0.8422608375549316, 2.0779824256896973, 0.029709815979003906, -1.246125340461731, -0.018044710159301758, 0.0, -1.7955022946274448, -5.382914384834258, -4.001508244382649, -0.1356272385603905
835, -0.021583080291748047, -0.8406825065612793, 2.077183246612549, 0.029700756072998047, -1.2470020055770874, -0.018026351928710938, 0.0, -1.7955540193862383, -5.382907959871706, -4.0020140995645965, -0.13561207342874226
836, -0.021516799926757812, -0.8391706943511963, 2.0764403343200684, 0.029682397842407227, -1.2470473051071167, -0.018007993698120117, 0.0, -1.7956139953312338, -5.3829016417736995, -4.00250955793871, -0.13563018286016515
837, -0.021531343460083008, -0.8379316329956055, 2.075777292251587, 0.029691457748413086, -1.2470201253890991, -0.018017292022705078, 0.0, -1.7956593738999527, -5.382897515421481, -4.002874644811348, -0.1356385428941138
838, -0.021531343460083008, -0.8363828659057617, 2.074986457824707, 0.029700756072998047, -1.2470566034317017, -0.017971515655517578, 0.0, -1.7957186923149613, -5.382889417511426, -4.003373416362198, -0.13565728221958828
839, -0.021516799926757812, -0.8356380462646484, 2.074586868286133, 0.029691457748413086, -1.2470473051071167, -0.0179898738861084, 0.0, -1.795747825519599, -5.382881518589326, -4.003614995346998, -0.13566099720619462
840, -0.021531343460083008, -0.8339419364929199, 2.0738120079040527, 0.029682397842407227, -1.2470840215682983, -0.0179440975189209, 0.0, -1.7958190614412788, -5.382859662321201, -4.004217612381446, -0.13568302107549357
841, -0.021531343460083008, -0.8332929611206055, 2.0735321044921875, 0.029691457748413086, -1.2470656633377075, -0.01795339584350586, 0.0, -1.7958417520335281, -5.382857684576167, -4.004462459297231, -0.13570106266146187
842, -0.021546125411987305, -0.8320242762565613, 2.0729331970214844, 0.029682397842407227, -1.2472482919692993, -0.01793503761291504, 0.0, -1.7958866657081345, -5.3828583860487935, -4.004969271914485, -0.13572265909378967
843, -0.021516799926757812, -0.8309845924377441, 2.072453498840332, 0.029682397842407227, -1.248846173286438, -0.017925739288330078, 0.0, -1.7959289289269917, -5.382863243940233, -4.005484603523312, -0.13576463043709275
844, -0.021494626998901367, -0.8299962878227234, 2.0721020698547363, 0.029673337936401367, -1.2519689798355103, -0.01791667938232422, 0.0, -1.7959718226725832, -5.382870841245426, -4.005992196732958, -0.13580204064048917
845, -0.021486997604370117, -0.8293547630310059, 2.0717825889587402, 0.029673337936401367, -1.2543615102767944, -0.01790761947631836, 0.0, -1.796003288361117, -5.382874064532604, -4.0063731463438454, -0.13581723141505098
846, -0.02152395248413086, -0.8286614418029785, 2.0713748931884766, 0.029664278030395508, -1.2560046911239624, -0.01791667938232422, 0.0, -1.796031228693475, -5.382871291608693, -4.006756311432463, -0.13582057728395647
847, -0.021486997604370117, -0.8278944492340088, 2.070648193359375, 0.029636859893798828, -1.2571552991867065, -0.0178983211517334, 0.0, -1.7960778738883643, -5.382858027702708, -4.007392461826464, -0.13578162232118096
848, -0.021502017974853516, -0.8276288509368896, 2.070232391357422, 0.029654979705810547, -1.2570730447769165, -0.01788926124572754, 0.0, -1.7961113768412598, -5.382855466004464, -4.0077555592034475, -0.13579499053391153
849, -0.02147960662841797, -0.8275110721588135, 2.0699291229248047, 0.029673337936401367, -1.2570639848709106, -0.01788926124572754, 0.0, -1.7961503069617963, -5.382856851999564, -4.008112364711594, -0.13578635599674627
850, -0.02147960662841797, -0.8274519443511963, 2.0697131156921387, 0.029664278030395508, -1.257045865058899, -0.01788926124572754, 0.0, -1.7961898132892418, -5.382865532930409, -4.008583189763467, -0.13579413416867325
851, -0.021450281143188477, -0.8275551795959473, 2.069697380065918, 0.029664278030395508, -1.2570730447769165, -0.0178983211517334, 0.0, -1.7962147735996083, -5.382875315573616, -4.008937714200163, -0.13580373129491008
852, -0.021465063095092773, -0.8280863761901855, 2.069840908050537, 0.029654979705810547, -1.2570549249649048, -0.01787090301513672, 0.0, -1.7962874258041053, -5.382857583528589, -4.00988398340504, -0.13577087437521485
853, -0.02142810821533203, -0.8281526565551758, 2.069777011871338, 0.029645919799804688, -1.2570823431015015, -0.01786184310913086, 0.0, -1.796319579035164, -5.382842682404275, -4.010176309359915, -0.13575846964788774
854, -0.02143549919128418, -0.8281748294830322, 2.0696892738342285, 0.029645919799804688, -1.2570823431015015, -0.01786184310913086, 0.0, -1.7963428315781476, -5.38283614180926, -4.010360725068099, -0.13574884118021835
855, -0.02139139175415039, -0.8287646770477295, 2.0696334838867188, 0.029654979705810547, -1.2570182085037231, -0.0178072452545166, 0.0, -1.7964100293568475, -5.382825646089686, -4.01078649349013, -0.13574431486702299
856, -0.021406173706054688, -0.829258918762207, 2.0696654319763184, 0.029654979705810547, -1.256872296333313, -0.01782536506652832, 0.0, -1.796449858260103, -5.382829856850093, -4.0110165955622925, -0.13574856465714547
857, -0.02139878273010254, -0.8297972679138184, 2.0698728561401367, 0.029645919799804688, -1.2568451166152954, -0.01782536506652832, 0.0, -1.796482918209292, -5.3828365262976146, -4.01123214737878, -0.13575581724676233
858, -0.02139878273010254, -0.8306379318237305, 2.0700807571411133, 0.029636859893798828, -1.256708025932312, -0.01779794692993164, 0.0, -1.7965136367889034, -5.382844000526644, -4.011510475603656, -0.1357356744083873
859, -0.021420717239379883, -0.8315744400024414, 2.0702085494995117, 0.029618501663208008, -1.2565711736679077, -0.0177614688873291, 0.0, -1.7965327276631224, -5.382844705185093, -4.01176353127918, -0.1357218086355827
860, -0.021406173706054688, -0.832282543182373, 2.0701684951782227, 0.029618501663208008, -1.2565525770187378, -0.017724990844726562, 0.0, -1.7965468487310452, -5.382841334308177, -4.011943781505226, -0.13571371475919225
861, -0.021457672119140625, -0.8330717086791992, 2.0698089599609375, 0.029618501663208008, -1.2564154863357544, -0.017697572708129883, 0.0, -1.7965716506972715, -5.382828736504443, -4.012156972838729, -0.13570276578452223
862, -0.02139878273010254, -0.8335585594177246, 2.0694737434387207, 0.029627561569213867, -1.2562881708145142, -0.017688512802124023, 0.0, -1.7966007524504963, -5.382817982036954, -4.012298887479372, -0.13570496688785916
863, -0.021413326263427734, -0.8342368006706238, 2.068986415863037, 0.029618501663208008, -1.2562881708145142, -0.017688512802124023, 0.0, -1.796647719886902, -5.38280587156478, -4.012455421905135, -0.13571941620602157
864, -0.021413326263427734, -0.834767758846283, 2.0687146186828613, 0.029627561569213867, -1.2562423944473267, -0.017688512802124023, 0.0, -1.7966788902796411, -5.382799649855254, -4.012543202712243, -0.13573276489013963
865, -0.021361827850341797, -0.8354167938232422, 2.068514823913574, 0.029618501663208008, -1.2561415433883667, -0.017652034759521484, 0.0, -1.796705929969336, -5.382796880342825, -4.012638430113216, -0.13575409682764228
866, -0.021332502365112305, -0.8358151912689209, 2.068530797958374, 0.029627561569213867, -1.2560776472091675, -0.017679452896118164, 0.0, -1.796716254788278, -5.382796125268128, -4.012700134436917, -0.1357670149425676
867, -0.0213470458984375, -0.8362133502960205, 2.068650722503662, 0.029600143432617188, -1.25605046749115, -0.017661094665527344, 0.0, -1.7967218154109654, -5.382800970386926, -4.012757262025188, -0.13577999912598848
868, -0.0213470458984375, -0.8368327617645264, 2.068922281265259, 0.02960944175720215, -1.2559775114059448, -0.017642736434936523, 0.0, -1.7967247416923446, -5.382804843742176, -4.012806225923261, -0.13578749998357154
869, -0.021295547485351562, -0.8372678756713867, 2.0691299438476562, 0.02960944175720215, -1.2559500932693481, -0.017652034759521484, 0.0, -1.7967237246206618, -5.382810761826037, -4.012842113767762, -0.13581438615416186
870, -0.02130270004272461, -0.837474524974823, 2.0692100524902344, 0.02960944175720215, -1.2559226751327515, -0.017652034759521484, 0.0, -1.7967269536651287, -5.382813873880021, -4.012861458278082, -0.13582598038477478
871, -0.021288156509399414, -0.837688148021698, 2.069225788116455, 0.029572725296020508, -1.255886197090149, -0.017624378204345703, 0.0, -1.7967315338938064, -5.382813092006263, -4.012876006889452, -0.135822962691317
872, -0.021295547485351562, -0.8377621173858643, 2.069082260131836, 0.029618501663208008, -1.255886197090149, -0.017624378204345703, 0.0, -1.7967249784608343, -5.382819711848363, -4.012890194128895, -0.13584957582576962
873, -0.021236419677734375, -0.8377842307090759, 2.0690102577209473, 0.029591083526611328, -1.2558585405349731, -0.017587900161743164, 0.0, -1.7967173407106134, -5.382827981288256, -4.012900193040852, -0.1358740357356396
874, -0.021184921264648438, -0.8378138542175293, 2.0689382553100586, 0.029600143432617188, -1.255877137184143, -0.017569780349731445, 0.0, -1.7967123355835393, -5.382836054271829, -4.012911828023966, -0.13589833180730526
875, -0.021147727966308594, -0.8378283977508545, 2.0689144134521484, 0.02960944175720215, -1.2558494806289673, -0.017560482025146484, 0.0, -1.7967047769341828, -5.382846846372326, -4.01292551981339, -0.13593067431110128
876, -0.021074295043945312, -0.8378875255584717, 2.0689382553100586, 0.029600143432617188, -1.255867600440979, -0.017551422119140625, 0.0, -1.7966849245994394, -5.382861915002942, -4.012949036044457, -0.13596173465561723
877, -0.021052122116088867, -0.8379094004631042, 2.068986415863037, 0.029591083526611328, -1.255794644355774, -0.017524003982543945, 0.0, -1.796670676807571, -5.382868252237904, -4.012963859367946, -0.13596455331915003
878, -0.02103710174560547, -0.8379316329956055, 2.0690503120422363, 0.029618501663208008, -1.255794644355774, -0.017533302307128906, 0.0, -1.79665281102111, -5.3828716753146875, -4.012981246911843, -0.13594028665401048
879, -0.021007776260375977, -0.8379759788513184, 2.0690979957580566, 0.029600143432617188, -1.2557584047317505, -0.017505884170532227, 0.0, -1.7966387934204922, -5.382881440189045, -4.012996063789543, -0.13593920038954987
880, -0.02099323272705078, -0.8379907608032227, 2.0691699981689453, 0.02960944175720215, -1.255712628364563, -0.017514944076538086, 0.0, -1.7966194697802926, -5.3828956357865145, -4.013017502688908, -0.13595046985785775
881, -0.02098560333251953, -0.8380496501922607, 2.0692100524902344, 0.029600143432617188, -1.2557307481765747, -0.017487525939941406, 0.0, -1.7966076331253764, -5.382906635827252, -4.013035362975835, -0.13594955270840625
882, -0.02098560333251953, -0.838064432144165, 2.0692179203033447, 0.029591083526611328, -1.2556945085525513, -0.017478466033935547, 0.0, -1.7966000688327357, -5.382913183061544, -4.013046670591038, -0.13593698852783653
883, -0.02098560333251953, -0.8381306529045105, 2.0692100524902344, 0.029600143432617188, -1.2556761503219604, -0.017451047897338867, 0.0, -1.7965801907998968, -5.382928172783368, -4.013072084940401, -0.13593829901704968
884, -0.020978212356567383, -0.8382046222686768, 2.069201946258545, 0.029600143432617188, -1.2556577920913696, -0.017478466033935547, 0.0, -1.7965650625810643, -5.382936366649736, -4.0130909678759865, -0.13595377646172402
885, -0.02095627784729004, -0.8382413387298584, 2.069185972213745, 0.02960944175720215, -1.2556031942367554, -0.017469406127929688, 0.0, -1.7965549086119568, -5.382939947343271, -4.013106703577491, -0.13596164836811298
886, -0.02094888687133789, -0.8383669853210449, 2.069185972213745, 0.029600143432617188, -1.2556122541427612, -0.017423629760742188, 0.0, -1.7965395338375136, -5.382938968380555, -4.013130696773112, -0.13595491373885515
887, -0.02094888687133789, -0.8384995460510254, 2.069185972213745, 0.029600143432617188, -1.2555574178695679, -0.017423629760742188, 0.0, -1.7965271651794867, -5.382938841102461, -4.013153398812637, -0.13595934593999992
888, -0.02094888687133789, -0.8386692404747009, 2.0691938400268555, 0.029581785202026367, -1.2555207014083862, -0.017423629760742188, 0.0, -1.7965079692864885, -5.382936756545817, -4.013178925618016, -0.1359634630419757
889, -0.02094888687133789, -0.8388166427612305, 2.069185972213745, 0.029581785202026367, -1.2555207014083862, -0.017423629760742188, 0.0, -1.796488394227763, -5.382932922964636, -4.013204250364991, -0.13595854357522263
890, -0.020963668823242188, -0.8389124870300293, 2.069161891937256, 0.029581785202026367, -1.2555116415023804, -0.01739645004272461, 0.0, -1.7964747348327517, -5.382930186993799, -4.01322153468768, -0.13595940374269233
891, -0.020963668823242188, -0.8389863967895508, 2.069122076034546, 0.029600143432617188, -1.2555025815963745, -0.01733231544494629, 0.0, -1.796459559142317, -5.382929528505686, -4.013239139552623, -0.135977706855134
892, -0.020963668823242188, -0.8390231132507324, 2.0690741539001465, 0.029591083526611328, -1.2554844617843628, -0.01725006103515625, 0.0, -1.796453060949336, -5.382932409387497, -4.013250993977676, -0.13598477547898113
893, -0.02094888687133789, -0.8390452861785889, 2.0690340995788574, 0.029591083526611328, -1.255466341972351, -0.016611099243164062, 0.0, -1.7964449263542095, -5.382933598502469, -4.013262953495959, -0.1360013811174623
894, -0.020963668823242188, -0.8390673995018005, 2.0690183639526367, 0.029591083526611328, -1.2554935216903687, -0.015515327453613281, 0.0, -1.796440208071194, -5.3829362747619145, -4.01327327714033, -0.1360083847888136
895, -0.02095627784729004, -0.8390896320343018, 2.069042205810547, 0.029581785202026367, -1.255456805229187, -0.014346599578857422, 0.0, -1.7964326419292334, -5.382938297053616, -4.0132904304787, -0.13600244960134233
896, -0.020963668823242188, -0.8391337394714355, 2.0690741539001465, 0.029591083526611328, -1.2554844617843628, -0.013780593872070312, 0.0, -1.796422715272775, -5.382938426092992, -4.013306198536106, -0.13599455321753773
897, -0.02095627784729004, -0.8391337394714355, 2.069082260131836, 0.029600143432617188, -1.255475401878357, -0.013753175735473633, 0.0, -1.7964190489519243, -5.382938819259739, -4.013315267955933, -0.1359939891677433
898, -0.020941495895385742, -0.8391780853271484, 2.0691142082214355, 0.02960944175720215, -1.2554205656051636, -0.013743877410888672, 0.0, -1.79641032543488, -5.38293880696055, -4.0133301580547425, -0.1359914029729632
899, -0.02094888687133789, -0.8392221927642822, 2.069146156311035, 0.029591083526611328, -1.2554022073745728, -0.013734817504882812, 0.0, -1.7964000705633025, -5.382940513653422, -4.013346032681463, -0.13598268682312842
900, -0.020933866500854492, -0.8392739295959473, 2.0691699981689453, 0.029581785202026367, -1.2553292512893677, -0.013753175735473633, 0.0, -1.7963859024030135, -5.382943750613851, -4.013359326791794, -0.1359786886076968
901, -0.020941495895385742, -0.8393328189849854, 2.0691781044006348, 0.029581785202026367, -1.2553199529647827, -0.013725757598876953, 0.0, -1.7963672217577549, -5.382952148018847, -4.013381119836818, -0.13597218935048705
902, -0.020933866500854492, -0.8394067287445068, 2.0691781044006348, 0.029600143432617188, -1.2553473711013794, -0.013734817504882812, 0.0, -1.7963491902174318, -5.3829568975397235, -4.013395996204769, -0.13596788533857307
903, -0.020933866500854492, -0.8394362926483154, 2.0691540241241455, 0.029591083526611328, -1.2553199529647827, -0.013716697692871094, 0.0, -1.7963378488767048, -5.382957597544809, -4.013401102422426, -0.13595978741705217
904, -0.020919322967529297, -0.8394951820373535, 2.069161891937256, 0.029572725296020508, -1.2553106546401978, -0.013707399368286133, 0.0, -1.7963253159059172, -5.382959501389527, -4.013408561546734, -0.13594934134150805
905, -0.020919322967529297, -0.8395617008209229, 2.0691540241241455, 0.029591083526611328, -1.2553106546401978, -0.013725757598876953, 0.0, -1.7963151602597245, -5.382964612354218, -4.0134154248469605, -0.13595635180020427
906, -0.020926475524902344, -0.8395983576774597, 2.069122076034546, 0.029600143432617188, -1.2553106546401978, -0.013725757598876953, 0.0, -1.7963014235757346, -5.382966465740083, -4.013423195687585, -0.1359615416305182
907, -0.020926475524902344, -0.8396942615509033, 2.0691142082214355, 0.029591083526611328, -1.255301594734192, -0.013716697692871094, 0.0, -1.7962800213043215, -5.3829709129934304, -4.013440240876033, -0.13598262841724118
908, -0.020926475524902344, -0.8397829532623291, 2.069122076034546, 0.02960944175720215, -1.255301594734192, -0.013707399368286133, 0.0, -1.7962592460847726, -5.382969994936144, -4.013456912743042, -0.13600407230164624
909, -0.020926475524902344, -0.839834451675415, 2.069122076034546, 0.029581785202026367, -1.255292534828186, -0.013716697692871094, 0.0, -1.7962435056546757, -5.382971267381738, -4.013472320962131, -0.1360187938585371
910, -0.020919322967529297, -0.8398639559745789, 2.0691142082214355, 0.029600143432617188, -1.2553106546401978, -0.013734817504882812, 0.0, -1.7962314739685865, -5.382975053100093, -4.013484956628085, -0.1360378098827839
911, -0.02091193199157715, -0.839885950088501, 2.0691142082214355, 0.029581785202026367, -1.2553199529647827, -0.013716697692871094, 0.0, -1.7962401203452691, -5.382977465108339, -4.0134789452352635, -0.13604604715752266
912, -0.020919322967529297, -0.8399081230163574, 2.0691380500793457, 0.029600143432617188, -1.2553106546401978, -0.013698339462280273, 0.0, -1.796264910708624, -5.382983978816111, -4.0134671080169255, -0.1360570667136436
913, -0.02091193199157715, -0.8399081230163574, 2.0691299438476562, 0.029591083526611328, -1.2552834749221802, -0.013725757598876953, 0.0, -1.7962658615547968, -5.38298542193004, -4.013467610937878, -0.1360455913528309
914, -0.020904541015625, -0.8399081230163574, 2.0691299438476562, 0.029591083526611328, -1.255301594734192, -0.013716697692871094, 0.0, -1.7962572961115857, -5.382985321826968, -4.013473764105282, -0.13604243576604969
915, -0.020889997482299805, -0.8399081230163574, 2.069122076034546, 0.029591083526611328, -1.2552744150161743, -0.013670921325683594, 0.0, -1.7962500307939566, -5.382978162739177, -4.013479628741477, -0.1360298864744598
916, -0.020889997482299805, -0.8399155139923096, 2.069122076034546, 0.029591083526611328, -1.2552834749221802, -0.013716697692871094, 0.0, -1.7962469879808063, -5.382982956277437, -4.013482357779725, -0.1360159629271136
917, -0.02089715003967285, -0.8399155139923096, 2.0691299438476562, 0.029591083526611328, -1.2553199529647827, -0.013698339462280273, 0.0, -1.796251448947551, -5.38298182173517, -4.013473297336355, -0.13601491332217197
918, -0.020889997482299805, -0.8399229049682617, 2.0691299438476562, 0.029591083526611328, -1.255292534828186, -0.013698339462280273, 0.0, -1.7962604190236082, -5.382975485641239, -4.013465222433399, -0.13599947893402753
919, -0.020904541015625, -0.8399302959442139, 2.0691299438476562, 0.029572725296020508, -1.255292534828186, -0.013698339462280273, 0.0, -1.796259720968533, -5.382973352987752, -4.01347098321496, -0.13597622797551168
920, -0.020889997482299805, -0.8399302959442139, 2.0691299438476562, 0.029581785202026367, -1.2552744150161743, -0.013679981231689453, 0.0, -1.796250363637667, -5.382965411458597, -4.0134785237868345, -0.13597894664103194
921, -0.020889997482299805, -0.8399302959442139, 2.0691299438476562, 0.029581785202026367, -1.2553106546401978, -0.013698339462280273, 0.0, -1.796237906225209, -5.382955411080358, -4.013486221397396, -0.13595790037110334
922, -0.02089715003967285, -0.8399302959442139, 2.069122076034546, 0.029591083526611328, -1.2553106546401978, -0.013698339462280273, 0.0, -1.7962407708052677, -5.3829687154861405, -4.013487868590889, -0.13596829770354457
923, -0.020904541015625, -0.839937686920166, 2.069122076034546, 0.029591083526611328, -1.2552834749221802, -0.013698339462280273, 0.0, -1.7962514651187944, -5.382967788440181, -4.013471844665375, -0.1359566978653639
924, -0.020889997482299805, -0.839937686920166, 2.0691299438476562, 0.029591083526611328, -1.255301594734192, -0.013698339462280273, 0.0, -1.7962517532847477, -5.382968883910237, -4.013476630669377, -0.13595957886300614
925, -0.02091193199157715, -0.8399450182914734, 2.0691299438476562, 0.029591083526611328, -1.2552834749221802, -0.013698339462280273, 0.0, -1.7962383528274106, -5.382965524474822, -4.0134825355247035, -0.1359612736904232
926, -0.020904541015625, -0.8399524092674255, 2.0691299438476562, 0.029572725296020508, -1.2552744150161743, -0.013689279556274414, 0.0, -1.79622758369397, -5.382971192702247, -4.013488667027251, -0.1359728923982697
927, -0.020904541015625, -0.8399524092674255, 2.0691299438476562, 0.029591083526611328, -1.255301594734192, -0.013679981231689453, 0.0, -1.7962457690415428, -5.382974003016377, -4.013486830902085, -0.1359769921080325
928, -0.020904541015625, -0.8399598598480225, 2.0691299438476562, 0.029581785202026367, -1.2552834749221802, -0.013698339462280273, 0.0, -1.7962518642565204, -5.382974778074885, -4.013477167361111, -0.13598719335747234
929, -0.020904541015625, -0.8399672508239746, 2.0691299438476562, 0.029581785202026367, -1.255292534828186, -0.013698339462280273, 0.0, -1.796254178631226, -5.382968605767959, -4.013480645409507, -0.13597409345070588
930, -0.020889997482299805, -0.8399746417999268, 2.0691299438476562, 0.029581785202026367, -1.255301594734192, -0.013679981231689453, 0.0, -1.796250993209813, -5.382966979912074, -4.01348693484387, -0.13597355649110376
931, -0.02089715003967285, -0.8399893641471863, 2.0691299438476562, 0.029600143432617188, -1.2552834749221802, -0.013698339462280273, 0.0, -1.796237930270661, -5.382968820518858, -4.013491390058958, -0.13595246291803953
932, -0.020889997482299805, -0.8399820327758789, 2.0691299438476562, 0.029581785202026367, -1.2552744150161743, -0.013689279556274414, 0.0, -1.7962370026061043, -5.3829741124836845, -4.013486835218149, -0.1359494790995628
933, -0.02089715003967285, -0.8399746417999268, 2.0691299438476562, 0.029591083526611328, -1.2552834749221802, -0.013689279556274414, 0.0, -1.7962397999490163, -5.382976509673617, -4.013482088434294, -0.1359611573212085
934, -0.02089715003967285, -0.8399672508239746, 2.069122076034546, 0.029591083526611328, -1.2552744150161743, -0.013689279556274414, 0.0, -1.7962364302241502, -5.382974248670072, -4.013474647726181, -0.13595510174112846
935, -0.020889997482299805, -0.8399672508239746, 2.0691299438476562, 0.029581785202026367, -1.2552744150161743, -0.013679981231689453, 0.0, -1.7962305536691185, -5.382969710646967, -4.013473075311507, -0.13595924874817022
936, -0.020889997482299805, -0.8399598598480225, 2.0691299438476562, 0.029591083526611328, -1.2552834749221802, -0.013689279556274414, 0.0, -1.7962247000548413, -5.38296407309196, -4.013474365601416, -0.13597201045105756
937, -0.020882606506347656, -0.8399598598480225, 2.069122076034546, 0.029591083526611328, -1.2552834749221802, -0.013698339462280273, 0.0, -1.7962161497883256, -5.382963273987121, -4.0134808940464035, -0.13598224412700333
938, -0.020882606506347656, -0.8399672508239746, 2.069122076034546, 0.029581785202026367, -1.2552653551101685, -0.013689279556274414, 0.0, -1.7962216419760635, -5.382971344991129, -4.013481507384552, -0.13598402278171218
939, -0.020889997482299805, -0.8399524092674255, 2.069122076034546, 0.029581785202026367, -1.2552562952041626, -0.013679981231689453, 0.0, -1.7962254814277552, -5.3829801008284415, -4.013472298671518, -0.1360170151154101
940, -0.020889997482299805, -0.8399598598480225, 2.069122076034546, 0.029600143432617188, -1.2552653551101685, -0.013679981231689453, 0.0, -1.796226465214, -5.382977824173073, -4.0134659552015615, -0.13601722884983136
941, -0.02089715003967285, -0.8399524092674255, 2.0691299438476562, 0.029591083526611328, -1.255292534828186, -0.013679981231689453, 0.0, -1.7962201293289985, -5.382975054537239, -4.01346699424922, -0.1360341104814573
942, -0.020889997482299805, -0.8399081230163574, 2.069122076034546, 0.029581785202026367, -1.255292534828186, -0.013652563095092773, 0.0, -1.7962087990140263, -5.382974265648547, -4.013468813462994, -0.1360505931494158
943, -0.020889997482299805, -0.8399081230163574, 2.0691142082214355, 0.029581785202026367, -1.2552744150161743, -0.013698339462280273, 0.0, -1.7962057711611483, -5.382979312672066, -4.013471481344975, -0.13605588581911565
944, -0.020889997482299805, -0.8398492336273193, 2.069089889526367, 0.029591083526611328, -1.2553106546401978, -0.013707399368286133, 0.0, -1.7962054908773517, -5.382984983726813, -4.01346957988054, -0.1360855440357227
945, -0.020889997482299805, -0.8398492336273193, 2.0690979957580566, 0.029572725296020508, -1.2552653551101685, -0.013679981231689453, 0.0, -1.7962044441188718, -5.382988168586261, -4.013464268732435, -0.13609717222928008
946, -0.020889997482299805, -0.8398122191429138, 2.0691142082214355, 0.02956366539001465, -1.2552834749221802, -0.013661861419677734, 0.0, -1.7962042225205503, -5.382989039714348, -4.013463792783743, -0.136095574807225
947, -0.02089715003967285, -0.8397974967956543, 2.0691299438476562, 0.029572725296020508, -1.2552834749221802, -0.013679981231689453, 0.0, -1.7962044544966589, -5.382984512067422, -4.013469230605932, -0.13608479195351286
948, -0.020882606506347656, -0.83976811170578, 2.069122076034546, 0.029591083526611328, -1.2552744150161743, -0.013679981231689453, 0.0, -1.7961937854328835, -5.382982557323349, -4.013470721678664, -0.1360946171610058
949, -0.02089715003967285, -0.8397237658500671, 2.069122076034546, 0.029591083526611328, -1.2552653551101685, -0.013670921325683594, 0.0, -1.7961873491248146, -5.382978354591812, -4.013473547918058, -0.13609421001992583
950, -0.020904541015625, -0.8396646976470947, 2.0691142082214355, 0.029581785202026367, -1.255292534828186, -0.013689279556274414, 0.0, -1.7961848116769736, -5.382974530102233, -4.013475448101122, -0.13609465637575813
951, -0.02089715003967285, -0.8396131992340088, 2.069122076034546, 0.029591083526611328, -1.2552834749221802, -0.013679981231689453, 0.0, -1.7961898254970765, -5.382975770656546, -4.0134703943207395, -0.13607266326241607
952, -0.020889997482299805, -0.8395836353302002, 2.0691299438476562, 0.02956366539001465, -1.2552834749221802, -0.013679981231689453, 0.0, -1.7961928086388648, -5.382971147893945, -4.013461647785163, -0.1360693440058096
953, -0.020889997482299805, -0.8394730091094971, 2.069089889526367, 0.029591083526611328, -1.255292534828186, -0.013670921325683594, 0.0, -1.7961878556798925, -5.382959692147789, -4.013471539246146, -0.1360563240017303
954, -0.020889997482299805, -0.8394434452056885, 2.069089889526367, 0.029581785202026367, -1.2553106546401978, -0.013670921325683594, 0.0, -1.7961897718491597, -5.382963177587177, -4.013476714047164, -0.1360632019110497
955, -0.020889997482299805, -0.8393919467926025, 2.0690979957580566, 0.029581785202026367, -1.2552834749221802, -0.013661861419677734, 0.0, -1.7961838991196026, -5.3829642639690185, -4.0134713214478, -0.13605978393252727
956, -0.020889997482299805, -0.8393328189849854, 2.069106101989746, 0.029591083526611328, -1.2552834749221802, -0.013689279556274414, 0.0, -1.7961968605049234, -5.382967273719861, -4.013472339380594, -0.13605240826412146
957, -0.02089715003967285, -0.8392739295959473, 2.0690979957580566, 0.029591083526611328, -1.255292534828186, -0.013661861419677734, 0.0, -1.7962029870258927, -5.382963486587936, -4.0134724866913, -0.13603651261999872
958, -0.020882606506347656, -0.8391706943511963, 2.0690979957580566, 0.029600143432617188, -1.2553106546401978, -0.013679981231689453, 0.0, -1.7962095447804176, -5.382959679156184, -4.013476710467107, -0.1360475930456131
959, -0.020889997482299805, -0.8391115665435791, 2.0690741539001465, 0.029581785202026367, -1.255292534828186, -0.013670921325683594, 0.0, -1.7961999618772793, -5.3829485522038905, -4.0134742078496375, -0.13604160785253416
960, -0.020874977111816406, -0.8390748500823975, 2.069106101989746, 0.029600143432617188, -1.255301594734192, -0.013643503189086914, 0.0, -1.7962018322395041, -5.382948189606576, -4.013480949631927, -0.1360531414001791
961, -0.020882606506347656, -0.8390748500823975, 2.0691699981689453, 0.029591083526611328, -1.2552834749221802, -0.013670921325683594, 0.0, -1.7962058508101244, -5.382946899299877, -4.013489205352325, -0.13606193321011784
962, -0.020874977111816406, -0.8390748500823975, 2.0692338943481445, 0.029572725296020508, -1.2553106546401978, -0.013670921325683594, 0.0, -1.7961970864059456, -5.382944395858377, -4.013489202971748, -0.13605883573015642
963, -0.020874977111816406, -0.8390822410583496, 2.0692577362060547, 0.029600143432617188, -1.255292534828186, -0.013670921325683594, 0.0, -1.7961970080308973, -5.382940523283283, -4.013490298529188, -0.1360594011147933
964, -0.020882606506347656, -0.8390748500823975, 2.0692338943481445, 0.029591083526611328, -1.255292534828186, -0.013661861419677734, 0.0, -1.7961892604119458, -5.3829271804755106, -4.013481316863242, -0.13604333637033594
965, -0.020874977111816406, -0.839052677154541, 2.0692100524902344, 0.029581785202026367, -1.2552834749221802, -0.013643503189086914, 0.0, -1.7961916543112229, -5.382919289463525, -4.013487585185206, -0.13602758548783278
966, -0.020874977111816406, -0.8390673995018005, 2.069185972213745, 0.029554367065429688, -1.2552653551101685, -0.013698339462280273, 0.0, -1.796191482815758, -5.382918897775026, -4.013487949086509, -0.1360184325871483
967, -0.020874977111816406, -0.8390673995018005, 2.0691699981689453, 0.029591083526611328, -1.255301594734192, -0.013679981231689453, 0.0, -1.796198560273886, -5.382919912489243, -4.013490464447822, -0.1360149171489251
968, -0.020882606506347656, -0.8390748500823975, 2.0691380500793457, 0.029572725296020508, -1.2553106546401978, -0.013661861419677734, 0.0, -1.7961977163283638, -5.382916549266755, -4.013487706677774, -0.13601386487033995
969, -0.020874977111816406, -0.8390748500823975, 2.069122076034546, 0.029591083526611328, -1.255301594734192, -0.013652563095092773, 0.0, -1.7961931337206494, -5.382909651611753, -4.013486928341793, -0.136010625350929
970, -0.020874977111816406, -0.8390673995018005, 2.069106101989746, 0.029600143432617188, -1.2553292512893677, -0.013670921325683594, 0.0, -1.7961844085247094, -5.382901226904822, -4.013485956602162, -0.13601915067954806
971, -0.020867586135864258, -0.8390600085258484, 2.069089889526367, 0.029581785202026367, -1.2553106546401978, -0.013679981231689453, 0.0, -1.7961742971608785, -5.382898866352253, -4.013488572111566, -0.13601408929340764
972, -0.020867586135864258, -0.8390748500823975, 2.069122076034546, 0.029581785202026367, -1.2553106546401978, -0.013689279556274414, 0.0, -1.7961689883269274, -5.382901067186432, -4.013491148375805, -0.1360165780232725
973, -0.020874977111816406, -0.8390822410583496, 2.0691299438476562, 0.029572725296020508, -1.2552834749221802, -0.013670921325683594, 0.0, -1.7961735137142594, -5.3829115777972705, -4.013495777815614, -0.13602271200508742
974, -0.020874977111816406, -0.8390673995018005, 2.0691299438476562, 0.029591083526611328, -1.2553106546401978, -0.013652563095092773, 0.0, -1.7961787144023926, -5.382911580377415, -4.013496868856751, -0.13604499726764008
975, -0.020874977111816406, -0.8390600085258484, 2.0691380500793457, 0.029581785202026367, -1.255301594734192, -0.013689279556274414, 0.0, -1.7961750596637847, -5.382907850327718, -4.01349752028573, -0.1360581918043744
976, -0.02086019515991211, -0.8390600085258484, 2.0691540241241455, 0.029581785202026367, -1.2552834749221802, -0.013643503189086914, 0.0, -1.7961713474582308, -5.38290607303743, -4.01349833561388, -0.13606387943837017
977, -0.020874977111816406, -0.8390748500823975, 2.069161891937256, 0.029591083526611328, -1.255292534828186, -0.013643503189086914, 0.0, -1.7961558551216217, -5.382912889981863, -4.013504631091997, -0.13610232820795254
978, -0.020853042602539062, -0.8390822410583496, 2.069146156311035, 0.029600143432617188, -1.255292534828186, -0.013661861419677734, 0.0, -1.7961603418123668, -5.3829209410973355, -4.013509266177401, -0.13611405923407016
979, -0.020853042602539062, -0.8390748500823975, 2.0691380500793457, 0.029581785202026367, -1.255292534828186, -0.013625144958496094, 0.0, -1.7961735746372516, -5.38292909517071, -4.013511473795606, -0.13611951558908597
980, -0.020838260650634766, -0.8390822410583496, 2.0691299438476562, 0.029591083526611328, -1.2553199529647827, -0.013643503189086914, 0.0, -1.7961728791265041, -5.382931772738018, -4.0135110279266195, -0.13612838047952458
981, -0.020838260650634766, -0.8390748500823975, 2.0691299438476562, 0.029572725296020508, -1.2553106546401978, -0.013652563095092773, 0.0, -1.7961668861583147, -5.382935172707703, -4.013511994398577, -0.1361198361519662
982, -0.020830869674682617, -0.8390822410583496, 2.0691380500793457, 0.029572725296020508, -1.255301594734192, -0.013652563095092773, 0.0, -1.7961624580323647, -5.382937398730518, -4.013514299582139, -0.13614196591987415
983, -0.02081584930419922, -0.8390896320343018, 2.069146156311035, 0.029572725296020508, -1.2553199529647827, -0.013652563095092773, 0.0, -1.7961471918373453, -5.382948465463862, -4.013514452514693, -0.13613876567474303
984, -0.020801305770874023, -0.8390673995018005, 2.069146156311035, 0.02956366539001465, -1.255292534828186, -0.013652563095092773, 0.0, -1.7961433618407678, -5.382956388639252, -4.013517709995284, -0.1361402494675117
985, -0.020756959915161133, -0.8390896320343018, 2.0691299438476562, 0.029581785202026367, -1.255301594734192, -0.013661861419677734, 0.0, -1.7961440154370494, -5.382980829337958, -4.013514007574289, -0.13614359984318725
986, -0.020742416381835938, -0.8390896320343018, 2.069146156311035, 0.029572725296020508, -1.255292534828186, -0.013661861419677734, 0.0, -1.7961458053721715, -5.382982706250767, -4.0135183130504215, -0.13613503656151416
987, -0.020720243453979492, -0.8390896320343018, 2.069146156311035, 0.029591083526611328, -1.255301594734192, -0.013652563095092773, 0.0, -1.7961477597002762, -5.382983322147879, -4.013523851778504, -0.13613423446988193
988, -0.020712614059448242, -0.8390896320343018, 2.069146156311035, 0.02956366539001465, -1.255301594734192, -0.013652563095092773, 0.0, -1.796142904445827, -5.382991669547708, -4.0135244297503725, -0.13613588057624693
989, -0.020720243453979492, -0.8390822410583496, 2.069146156311035, 0.029591083526611328, -1.255292534828186, -0.013652563095092773, 0.0, -1.796144630734217, -5.382996855555363, -4.013525690276128, -0.13613899830941723
990, -0.020705223083496094, -0.8390822410583496, 2.069146156311035, 0.029572725296020508, -1.2552834749221802, -0.013670921325683594, 0.0, -1.7961476573854342, -5.382999431798982, -4.013528595840286, -0.13614650656692806
991, -0.020698070526123047, -0.8390822410583496, 2.0691380500793457, 0.029581785202026367, -1.2552744150161743, -0.013634204864501953, 0.0, -1.7961488557019216, -5.382998055541066, -4.013529615614342, -0.13613069742255401
992, -0.020698070526123047, -0.8390822410583496, 2.069146156311035, 0.029581785202026367, -1.2553106546401978, -0.013625144958496094, 0.0, -1.7961434383565364, -5.382999351142163, -4.013533048179716, -0.13613436836470072
993, -0.02068328857421875, -0.8390896320343018, 2.069146156311035, 0.029581785202026367, -1.2553106546401978, -0.013670921325683594, 0.0, -1.7961430891848713, -5.383000533715717, -4.013538300943679, -0.13613756860708115
994, -0.020661354064941406, -0.8390970230102539, 2.0691380500793457, 0.029572725296020508, -1.2553292512893677, -0.013652563095092773, 0.0, -1.7961436769490393, -5.383013284067709, -4.013539260911729, -0.13617044886906982
995, -0.020661354064941406, -0.8390822410583496, 2.069146156311035, 0.029581785202026367, -1.2553199529647827, -0.013652563095092773, 0.0, -1.7961511194500877, -5.383017761872513, -4.013544710544691, -0.1361702784430765
996, -0.02063894271850586, -0.8390822410583496, 2.069146156311035, 0.029581785202026367, -1.2553106546401978, -0.013634204864501953, 0.0, -1.7961522742505664, -5.383008138555399, -4.013546630648332, -0.13617945852382718
997, -0.020624399185180664, -0.8390896320343018, 2.0691540241241455, 0.02956366539001465, -1.255292534828186, -0.013652563095092773, 0.0, -1.7961475713330208, -5.383007554442928, -4.013545005253104, -0.13617892425165845
998, -0.020624399185180664, -0.8390970230102539, 2.0691540241241455, 0.029572725296020508, -1.255301594734192, -0.013643503189086914, 0.0, -1.7961395859423557, -5.383006458054892, -4.013546869240976, -0.1361673663096976
999, -0.020609617233276367, -0.8390896320343018, 2.069146156311035, 0.029572725296020508, -1.255301594734192, -0.013652563095092773, 0.0, -1.796138977309294, -5.3830064920355065, -4.013551594636658, -0.13616480314298496
1000, -0.020601987838745117, -0.8390896320343018, 2.069146156311035, 0.029581785202026367, -1.2553106546401978, -0.013643503189086914, 0.0, -1.7961315691940039, -5.383008085285479, -4.013548975658171, -0.1361534196820795
1001, -0.02059459686279297, -0.8390896320343018, 2.0691380500793457, 0.029572725296020508, -1.255301594734192, -0.013634204864501953, 0.0, -1.796138559908239, -5.383009294004508, -4.013553146508781, -0.13614410434485613
1002, -0.02059459686279297, -0.8390970230102539, 2.0691380500793457, 0.029572725296020508, -1.255292534828186, -0.013652563095092773, 0.0, -1.7961430287029923, -5.383006765017928, -4.013554566805563, -0.13613477142450492
1003, -0.020587444305419922, -0.8391043543815613, 2.0691380500793457, 0.029581785202026367, -1.2553106546401978, -0.013652563095092773, 0.0, -1.796138127905893, -5.382989758254389, -4.013555536560924, -0.13611628817377408
1004, -0.02059459686279297, -0.8390748500823975, 2.0691380500793457, 0.029572725296020508, -1.255292534828186, -0.013652563095092773, 0.0, -1.7961288393199117, -5.38298805875702, -4.013555175741726, -0.136124576877668
1005, -0.020587444305419922, -0.8390822410583496, 2.069146156311035, 0.029591083526611328, -1.2552834749221802, -0.013661861419677734, 0.0, -1.7961235283673032, -5.3829836636073605, -4.013558778460092, -0.13612128870780094
1006, -0.020580053329467773, -0.8390822410583496, 2.0691380500793457, 0.02956366539001465, -1.2553199529647827, -0.013652563095092773, 0.0, -1.7961121916100673, -5.382990466918052, -4.013557593665625, -0.13610564183287188
1007, -0.020572662353515625, -0.8390822410583496, 2.0691540241241455, 0.029591083526611328, -1.2553106546401978, -0.013652563095092773, 0.0, -1.7961095925754518, -5.382998966858572, -4.0135577577319, -0.13611613799127475
1008, -0.020580053329467773, -0.8390822410583496, 2.069146156311035, 0.029591083526611328, -1.2553383111953735, -0.013616085052490234, 0.0, -1.7961188621177886, -5.382997617806431, -4.013563123311371, -0.1360814586929493
1009, -0.020580053329467773, -0.8390896320343018, 2.0691380500793457, 0.029581785202026367, -1.255301594734192, -0.013661861419677734, 0.0, -1.7961174533979496, -5.382998312859156, -4.013567480609221, -0.13608841915745007
1010, -0.020587444305419922, -0.8390822410583496, 2.0691380500793457, 0.029572725296020508, -1.2552744150161743, -0.013625144958496094, 0.0, -1.7961093777371113, -5.383003501298196, -4.0135659045987095, -0.13610824148912037
1011, -0.020587444305419922, -0.8390896320343018, 2.069146156311035, 0.029581785202026367, -1.2552744150161743, -0.013634204864501953, 0.0, -1.7961017942333641, -5.3829979059392175, -4.013566919747443, -0.13609774936403962
1012, -0.020580053329467773, -0.8388018608093262, 2.069082260131836, 0.029572725296020508, -1.2553199529647827, -0.013625144958496094, 0.0, -1.7961034637249236, -5.382999330129166, -4.013570701835969, -0.13610345733765516
1013, -0.020587444305419922, -0.8383593559265137, 2.068882465362549, 0.029572725296020508, -1.255383849143982, -0.013661861419677734, 0.0, -1.796122017882042, -5.382996872373518, -4.01357620928749, -0.1361037549748616
1014, -0.020580053329467773, -0.8377621173858643, 2.0685386657714844, 0.029591083526611328, -1.2553657293319702, -0.013652563095092773, 0.0, -1.7961655988353469, -5.382990135394288, -4.0135799154699905, -0.13612096411822172
1015, -0.020587444305419922, -0.8373563289642334, 2.0683789253234863, 0.029572725296020508, -1.2554022073745728, -0.013652563095092773, 0.0, -1.7961820340381416, -5.382980900017797, -4.013581311944228, -0.13611099546444816
1016, -0.020580053329467773, -0.8366410732269287, 2.0682430267333984, 0.02956366539001465, -1.2554386854171753, -0.013625144958496094, 0.0, -1.7961787801049316, -5.382981329814573, -4.013594011989698, -0.1361148503675187
1017, -0.020587444305419922, -0.8361393809318542, 2.0682830810546875, 0.029572725296020508, -1.2556487321853638, -0.013625144958496094, 0.0, -1.796176749740105, -5.382982061183242, -4.013611063102372, -0.1361143431474412
1018, -0.020580053329467773, -0.835505485534668, 2.068474769592285, 0.02956366539001465, -1.2567535638809204, -0.013625144958496094, 0.0, -1.7961732342664627, -5.382987522688522, -4.013622644463412, -0.1361158647836156
1019, -0.020580053329467773, -0.8347234129905701, 2.0687146186828613, 0.029554367065429688, -1.258287787437439, -0.013634204864501953, 0.0, -1.7961641020184003, -5.382995374212064, -4.013643852427689, -0.13610415390749875
1020, -0.020572662353515625, -0.8338901400566101, 2.068930149078369, 0.02956366539001465, -1.260177493095398, -0.013652563095092773, 0.0, -1.796174897629231, -5.383000287255331, -4.013686306223177, -0.13609145019981117
1021, -0.020580053329467773, -0.8335509300231934, 2.068986415863037, 0.02953624725341797, -1.2608166933059692, -0.013652563095092773, 0.0, -1.7961877439417115, -5.38300515652915, -4.013714743894336, -0.13610650056799756
1022, -0.020580053329467773, -0.8333517909049988, 2.0691938400268555, 0.029554367065429688, -1.2617024183273315, -0.013616085052490234, 0.0, -1.7961933893914022, -5.383031717237274, -4.013794402866765, -0.13610702790591667
1023, -0.020587444305419922, -0.833425760269165, 2.069305896759033, 0.02956366539001465, -1.2616475820541382, -0.013652563095092773, 0.0, -1.7961852515144578, -5.383038437999527, -4.013853178324542, -0.1360954656002047
1024, -0.020580053329467773, -0.8335878849029541, 2.0694494247436523, 0.029554367065429688, -1.2616475820541382, -0.013643503189086914, 0.0, -1.7961686663578644, -5.383052490496843, -4.013917460830523, -0.1361050230040508
1025, -0.020572662353515625, -0.8337206840515137, 2.0694336891174316, 0.029545307159423828, -1.2616842985153198, -0.013634204864501953, 0.0, -1.7961555950561943, -5.3830484244549295, -4.013988191632648, -0.13608492698411023
1026, -0.020624399185180664, -0.8338682651519775, 2.0692179203033447, 0.02956366539001465, -1.261675238609314, -0.013643503189086914, 0.0, -1.7961668936419324, -5.383037914269558, -4.014107244111929, -0.13602392205334368
1027, -0.020624399185180664, -0.8340155482292175, 2.0688982009887695, 0.02956366539001465, -1.261665940284729, -0.013616085052490234, 0.0, -1.796180128375481, -5.383030540100368, -4.014218262608629, -0.1359626097888178
1028, -0.020609617233276367, -0.8342146873474121, 2.068546772003174, 0.029554367065429688, -1.2617300748825073, -0.013643503189086914, 0.0, -1.7962089445905014, -5.383053260014874, -4.014326465819611, -0.1359169513309082
1029, -0.020609617233276367, -0.8343548774719238, 2.068315029144287, 0.029554367065429688, -1.2617114782333374, -0.013643503189086914, 0.0, -1.7962269859103175, -5.383073171762856, -4.014390285786118, -0.13588069892697074
1030, -0.020587444305419922, -0.8344802856445312, 2.0681872367858887, 0.029554367065429688, -1.2616933584213257, -0.013652563095092773, 0.0, -1.7962444993350188, -5.383097206485925, -4.014447442683575, -0.1358771654346178
1031, -0.02054309844970703, -0.834834098815918, 2.068315029144287, 0.029545307159423828, -1.2617114782333374, -0.013652563095092773, 0.0, -1.7962633411513962, -5.383070620806637, -4.014557988482095, -0.13586989876707012
1032, -0.02054309844970703, -0.8349816799163818, 2.068490982055664, 0.029545307159423828, -1.2617114782333374, -0.013634204864501953, 0.0, -1.7962937048873546, -5.383042063308825, -4.01460152163197, -0.135859721421145
1033, -0.020601987838745117, -0.8351881504058838, 2.0686826705932617, 0.02952718734741211, -1.261675238609314, -0.013643503189086914, 0.0, -1.7963286252512474, -5.383018746038162, -4.014654173916827, -0.13584411974649768
1034, -0.020624399185180664, -0.8352987170219421, 2.06881046295166, 0.02956366539001465, -1.261675238609314, -0.013625144958496094, 0.0, -1.796353732344703, -5.383032249286424, -4.014689356439667, -0.13583846281607848
1035, -0.020624399185180664, -0.8353579044342041, 2.068882465362549, 0.029554367065429688, -1.2616842985153198, -0.013643503189086914, 0.0, -1.796379062140697, -5.383059542586422, -4.0147268639404485, -0.1358632025738924
1036, -0.020609617233276367, -0.8353579044342041, 2.068906307220459, 0.02953624725341797, -1.2617024183273315, -0.013634204864501953, 0.0, -1.7963987020904024, -5.3830792583561236, -4.014751391754747, -0.1359144257745104
1037, -0.020601987838745117, -0.835343062877655, 2.068882465362549, 0.02953624725341797, -1.261665940284729, -0.013616085052490234, 0.0, -1.796422946274615, -5.383070105302962, -4.014780504189152, -0.13597289907875165
1038, -0.020617008209228516, -0.83540940284729, 2.068850517272949, 0.02952718734741211, -1.261665940284729, -0.013634204864501953, 0.0, -1.7964608922461438, -5.383024498423618, -4.014836319241265, -0.13604569536119548
1039, -0.020617008209228516, -0.8354611396789551, 2.0688424110412598, 0.02952718734741211, -1.261665940284729, -0.013616085052490234, 0.0, -1.796488282081063, -5.383032166240779, -4.014878529477334, -0.13605994136681243
1040, -0.020617008209228516, -0.835505485534668, 2.0688023567199707, 0.02953624725341797, -1.261665940284729, -0.013652563095092773, 0.0, -1.7965043322997323, -5.383063164969148, -4.014908216698134, -0.13608433621451343
1041, -0.020601987838745117, -0.8356013298034668, 2.068770408630371, 0.02953624725341797, -1.2616842985153198, -0.013643503189086914, 0.0, -1.7965186668275366, -5.383096193314031, -4.014937384944881, -0.1360961393336355
1042, -0.020572662353515625, -0.835704505443573, 2.068722724914551, 0.02953624725341797, -1.261675238609314, -0.013625144958496094, 0.0, -1.7965181428002512, -5.383113128549269, -4.014961304516044, -0.1361151912848806
1043, -0.02050638198852539, -0.835822582244873, 2.068690776824951, 0.02953624725341797, -1.261665940284729, -0.013607025146484375, 0.0, -1.7965135840715425, -5.383070796492946, -4.014984033018243, -0.13612711347018003
1044, -0.020447492599487305, -0.835969865322113, 2.068690776824951, 0.029545307159423828, -1.261665940284729, -0.013643503189086914, 0.0, -1.7965020189769005, -5.383001228463817, -4.015008887031501, -0.13612713644665853
1045, -0.020403146743774414, -0.8360731601715088, 2.0686984062194824, 0.029554367065429688, -1.2616475820541382, -0.013634204864501953, 0.0, -1.7964881400083619, -5.3829600166990526, -4.015030407719075, -0.1361199565769171
1046, -0.020395755767822266, -0.8361985683441162, 2.0686826705932617, 0.029554367065429688, -1.2616385221481323, -0.013607025146484375, 0.0, -1.796484229153994, -5.382959384555797, -4.015060668050192, -0.13608190521800445
1047, -0.020403146743774414, -0.8362721800804138, 2.0686588287353516, 0.029545307159423828, -1.2616385221481323, -0.013634204864501953, 0.0, -1.7964973679421934, -5.382997048044952, -4.015086010865435, -0.13603426490174364
1048, -0.020410537719726562, -0.8363091945648193, 2.068634510040283, 0.029554367065429688, -1.2616475820541382, -0.013625144958496094, 0.0, -1.7965186712000716, -5.383062967177335, -4.015118502558309, -0.13600220030539667
1049, -0.020388364791870117, -0.8363165259361267, 2.0686426162719727, 0.029554367065429688, -1.2616385221481323, -0.013616085052490234, 0.0, -1.796532284316464, -5.383063605544932, -4.015134677275357, -0.13596432878684261
1050, -0.020388364791870117, -0.8363165259361267, 2.0686745643615723, 0.029554367065429688, -1.2616294622421265, -0.013616085052490234, 0.0, -1.7965271638155216, -5.383039067214023, -4.015135668378943, -0.13596237827656488
1051, -0.020388364791870117, -0.8363165259361267, 2.068706512451172, 0.029545307159423828, -1.2616475820541382, -0.013625144958496094, 0.0, -1.796515073361399, -5.3830028945525275, -4.015136833458995, -0.13595570281305758
1052, -0.020425081253051758, -0.8363387584686279, 2.068722724914551, 0.029554367065429688, -1.2616475820541382, -0.013616085052490234, 0.0, -1.7964973957845571, -5.382984672922458, -4.015132793291217, -0.1359480495624723
1053, -0.020440101623535156, -0.8363387584686279, 2.0687146186828613, 0.02953624725341797, -1.2616294622421265, -0.013607025146484375, 0.0, -1.7964977963880986, -5.382986340682524, -4.015136665555491, -0.13593724589361944
1054, -0.0204620361328125, -0.8363535404205322, 2.068730592727661, 0.02952718734741211, -1.2616201639175415, -0.013597726821899414, 0.0, -1.7965058802427574, -5.383030096684874, -4.015147296227959, -0.1359366547034977
1055, -0.0204620361328125, -0.8363535404205322, 2.068722724914551, 0.02953624725341797, -1.2616568803787231, -0.013607025146484375, 0.0, -1.7965078200059776, -5.383037921259286, -4.015155800630311, -0.1359557459920513
1056, -0.020447492599487305, -0.8363902568817139, 2.0687146186828613, 0.029545307159423828, -1.2616385221481323, -0.013634204864501953, 0.0, -1.7965075404209028, -5.383017889565011, -4.015165753901246, -0.13598733030343624
1057, -0.0204620361328125, -0.8364272117614746, 2.0687146186828613, 0.029545307159423828, -1.261665940284729, -0.013616085052490234, 0.0, -1.7964960345362397, -5.38299134934478, -4.015165659228079, -0.1360008838620157
1058, -0.020476818084716797, -0.8364272117614746, 2.068706512451172, 0.029554367065429688, -1.2616294622421265, -0.013616085052490234, 0.0, -1.7964854063191824, -5.3829860798741285, -4.015162239202848, -0.13602216242094656
1059, -0.020476818084716797, -0.8364641666412354, 2.0686984062194824, 0.02953624725341797, -1.2616475820541382, -0.013616085052490234, 0.0, -1.7964910002879249, -5.3830115766255275, -4.015168369643605, -0.13604579866949607
1060, -0.020476818084716797, -0.8364713191986084, 2.0686984062194824, 0.02952718734741211, -1.2616385221481323, -0.013616085052490234, 0.0, -1.7964998914653507, -5.383026395948566, -4.015170913004496, -0.1360413998492218
1061, -0.02046942710876465, -0.8364567160606384, 2.0687146186828613, 0.02956366539001465, -1.2616201639175415, -0.013597726821899414, 0.0, -1.796510174999599, -5.383019382972416, -4.015178543578998, -0.13605394705349738
1062, -0.02046942710876465, -0.8364863395690918, 2.0687146186828613, 0.029545307159423828, -1.2616475820541382, -0.013616085052490234, 0.0, -1.7965085394840412, -5.383004922021146, -4.015178591996451, -0.13605329370862407
1063, -0.0204620361328125, -0.8365085124969482, 2.068706512451172, 0.029545307159423828, -1.2616294622421265, -0.013607025146484375, 0.0, -1.7964955372756715, -5.3829983201078875, -4.015176624606962, -0.13603552523117468
1064, -0.0204620361328125, -0.8365085124969482, 2.0686984062194824, 0.029554367065429688, -1.2616385221481323, -0.013597726821899414, 0.0, -1.7964832595361275, -5.38301196631063, -4.015174094419521, -0.13603089912639366
1065, -0.020440101623535156, -0.8365156650543213, 2.0686984062194824, 0.02953624725341797, -1.2616201639175415, -0.013607025146484375, 0.0, -1.7964842095462432, -5.383030888382264, -4.0151812266494415, -0.1360223341148057
1066, -0.020447492599487305, -0.8365230560302734, 2.068690776824951, 0.029545307159423828, -1.2616294622421265, -0.013597726821899414, 0.0, -1.7964774123885114, -5.383040379928163, -4.015178160802237, -0.13602045389509243
1067, -0.020432472229003906, -0.8365451693534851, 2.068706512451172, 0.02953624725341797, -1.2616568803787231, -0.013597726821899414, 0.0, -1.7964819900149638, -5.383033630287561, -4.015181593857251, -0.1360137041486693
1068, -0.020432472229003906, -0.836552619934082, 2.068730592727661, 0.029554367065429688, -1.2616294622421265, -0.013588666915893555, 0.0, -1.7964765989380025, -5.38301896288203, -4.01517886979038, -0.13600955150005056
1069, -0.020440101623535156, -0.8365600109100342, 2.0687146186828613, 0.029545307159423828, -1.2616201639175415, -0.013625144958496094, 0.0, -1.7964661560879507, -5.383000385036695, -4.015177117847065, -0.135995339133423
1070, -0.020440101623535156, -0.8365600109100342, 2.0687146186828613, 0.029554367065429688, -1.2616201639175415, -0.013607025146484375, 0.0, -1.796459746790734, -5.383007462622511, -4.015172884779941, -0.13600187246592466
1071, -0.020432472229003906, -0.8365747928619385, 2.0686984062194824, 0.029545307159423828, -1.2616475820541382, -0.013607025146484375, 0.0, -1.7964660813280644, -5.383019608679388, -4.015181182025146, -0.13601518663888346
1072, -0.020440101623535156, -0.8365969657897949, 2.0686984062194824, 0.029554367065429688, -1.2616385221481323, -0.013616085052490234, 0.0, -1.7964739547781128, -5.383037384905417, -4.015190881892458, -0.13603090849286836
1073, -0.020440101623535156, -0.8366191387176514, 2.068706512451172, 0.029545307159423828, -1.2616201639175415, -0.013625144958496094, 0.0, -1.7964746580226596, -5.383040898601653, -4.015191896066303, -0.13604847270295028
1074, -0.020447492599487305, -0.8366336226463318, 2.068706512451172, 0.029545307159423828, -1.2616475820541382, -0.013616085052490234, 0.0, -1.7964678708399517, -5.383017016747759, -4.015192886907576, -0.13606469638156682
1075, -0.020447492599487305, -0.8366410732269287, 2.068706512451172, 0.02953624725341797, -1.2616385221481323, -0.013607025146484375, 0.0, -1.7964571259826225, -5.383002609764949, -4.015190164737756, -0.13606937657488594
1076, -0.020447492599487305, -0.836655855178833, 2.068722724914551, 0.029545307159423828, -1.2616385221481323, -0.013607025146484375, 0.0, -1.796445009942704, -5.382998401805599, -4.015185859553703, -0.13608273808170424
1077, -0.020440101623535156, -0.8366705775260925, 2.0687146186828613, 0.02952718734741211, -1.2616568803787231, -0.013597726821899414, 0.0, -1.79644281906755, -5.38301771080038, -4.015191491602753, -0.1360897015218363
1078, -0.020440101623535156, -0.8366925716400146, 2.068706512451172, 0.029545307159423828, -1.2616475820541382, -0.013597726821899414, 0.0, -1.7964459909245725, -5.383031256097282, -4.015196292188098, -0.136092716585952
1079, -0.020440101623535156, -0.8367221355438232, 2.068722724914551, 0.02952718734741211, -1.2616475820541382, -0.013597726821899414, 0.0, -1.7964478453886277, -5.38303865478507, -4.015200704602706, -0.13609614692337324
1080, -0.020432472229003906, -0.8367443084716797, 2.068722724914551, 0.029554367065429688, -1.261665940284729, -0.013616085052490234, 0.0, -1.796443927226455, -5.383025755514513, -4.015201635372975, -0.1360974238092174
1081, -0.020440101623535156, -0.8367664217948914, 2.068706512451172, 0.029545307159423828, -1.2616568803787231, -0.013607025146484375, 0.0, -1.7964362293659026, -5.383007901474129, -4.0151998080274485, -0.13608305453265768
1082, -0.020425081253051758, -0.8367960453033447, 2.0687146186828613, 0.02951788902282715, -1.2616568803787231, -0.013588666915893555, 0.0, -1.796425132501656, -5.383002299026306, -4.015193020875289, -0.13606947793445734
1083, -0.020432472229003906, -0.8367960453033447, 2.068706512451172, 0.02953624725341797, -1.2616385221481323, -0.013597726821899414, 0.0, -1.796423786711395, -5.383012865287026, -4.015194680954182, -0.13604830346423924
1084, -0.020425081253051758, -0.8368253707885742, 2.068706512451172, 0.02953624725341797, -1.2616294622421265, -0.013579607009887695, 0.0, -1.796426299775593, -5.383021456948531, -4.015200306669338, -0.13602749822050608
1085, -0.020432472229003906, -0.8367221355438232, 2.0686745643615723, 0.029545307159423828, -1.2616568803787231, -0.013616085052490234, 0.0, -1.7964313988939706, -5.383033902239189, -4.015202023802018, -0.13600504012221393
1086, -0.020447492599487305, -0.8365451693534851, 2.0685949325561523, 0.029554367065429688, -1.2617205381393433, -0.013607025146484375, 0.0, -1.7964326043019245, -5.383027146480164, -4.015202361067442, -0.13600692845660767
1087, -0.020425081253051758, -0.8361616134643555, 2.0683631896972656, 0.029554367065429688, -1.2617300748825073, -0.013588666915893555, 0.0, -1.7964398989357846, -5.383002779318493, -4.015193688535782, -0.13599490209167975
1088, -0.020425081253051758, -0.8359257578849792, 2.0682592391967773, 0.029545307159423828, -1.261748194694519, -0.013597726821899414, 0.0, -1.796441081071226, -5.383001144441563, -4.015187980703326, -0.13599922652403418
1089, -0.020432472229003906, -0.835719108581543, 2.0682272911071777, 0.02953624725341797, -1.2617753744125366, -0.013588666915893555, 0.0, -1.7964351097193716, -5.383004595705853, -4.015190336947725, -0.13600082938281677
1090, -0.020425081253051758, -0.8353579044342041, 2.0683231353759766, 0.02953624725341797, -1.2618030309677124, -0.013616085052490234, 0.0, -1.7964356731613653, -5.383023445338129, -4.0152180236234445, -0.1360064549897615
1091, -0.020440101623535156, -0.8351366519927979, 2.068427085876465, 0.02952718734741211, -1.2618669271469116, -0.013588666915893555, 0.0, -1.7964365447523027, -5.383033147902965, -4.01522550484142, -0.1360144450749612
1092, -0.020440101623535156, -0.8344728946685791, 2.068570613861084, 0.029545307159423828, -1.2625881433486938, -0.013588666915893555, 0.0, -1.7964203759141721, -5.3830130413759765, -4.0152279696222966, -0.13603345788429433
1093, -0.020447492599487305, -0.8340155482292175, 2.068610668182373, 0.029545307159423828, -1.263327717781067, -0.013588666915893555, 0.0, -1.7964140985330954, -5.383003850326044, -4.015226945645009, -0.13604826813862925
1094, -0.02045464515686035, -0.8332412242889404, 2.0686025619506836, 0.029545307159423828, -1.2642866373062134, -0.013607025146484375, 0.0, -1.7964113077249653, -5.383000014668316, -4.015231307888751, -0.13605375853032076
1095, -0.02045464515686035, -0.8324227333068848, 2.0684189796447754, 0.02951788902282715, -1.2647064924240112, -0.013570308685302734, 0.0, -1.7964124053046067, -5.383012376327833, -4.015244120915339, -0.13606839023927275
1096, -0.020440101623535156, -0.8317811489105225, 2.068179130554199, 0.029545307159423828, -1.264560580253601, -0.013579607009887695, 0.0, -1.796427418226653, -5.383016703834803, -4.0152518122047045, -0.13607701076777978
1097, -0.020440101623535156, -0.8305272459983826, 2.0678677558898926, 0.029545307159423828, -1.2646154165267944, -0.013607025146484375, 0.0, -1.796442542172973, -5.383012383507214, -4.015251621951579, -0.13607106313907025
1098, -0.020432472229003906, -0.8297233581542969, 2.0676519870758057, 0.029545307159423828, -1.2645968198776245, -0.013579607009887695, 0.0, -1.7964419611988052, -5.383002897068804, -4.015249389969384, -0.13605360980269676
1099, -0.020447492599487305, -0.8289048671722412, 2.067523956298828, 0.02952718734741211, -1.2646154165267944, -0.013597726821899414, 0.0, -1.7964451247332947, -5.383002337313266, -4.015258204047947, -0.13604928669981042
1100, -0.020440101623535156, -0.8278133869171143, 2.0673165321350098, 0.02951788902282715, -1.2646335363388062, -0.013588666915893555, 0.0, -1.796444559999832, -5.382996919286221, -4.015270890637704, -0.13604918790582587
1101, -0.02045464515686035, -0.8272380828857422, 2.0672125816345215, 0.02953624725341797, -1.2646058797836304, -0.013588666915893555, 0.0, -1.7964460313825854, -5.383001145023122, -4.0152796669152, -0.1360363078621889
1102, -0.020440101623535156, -0.825755774974823, 2.0668530464172363, 0.02952718734741211, -1.2647064924240112, -0.013588666915893555, 0.0, -1.7964564271571917, -5.38301278925071, -4.015309992069007, -0.13602715299086832
1103, -0.020440101623535156, -0.8248560428619385, 2.06660532951355, 0.02953624725341797, -1.2647613286972046, -0.013597726821899414, 0.0, -1.7964612244656348, -5.383012704964414, -4.015324246505887, -0.13602156513696162
1104, -0.020432472229003906, -0.8236095905303955, 2.0662379264831543, 0.029545307159423828, -1.2655006647109985, -0.013597726821899414, 0.0, -1.7964720579272866, -5.383006658006923, -4.0153460312481934, -0.136028271533303
1105, -0.020440101623535156, -0.8223041892051697, 2.0659103393554688, 0.029554367065429688, -1.2675279378890991, -0.013597726821899414, 0.0, -1.796483549923523, -5.382998508973713, -4.015374913442778, -0.13601845651762812
1106, -0.020440101623535156, -0.8213603496551514, 2.065678596496582, 0.029545307159423828, -1.269363284111023, -0.013588666915893555, 0.0, -1.796480844771167, -5.382994954037119, -4.015394628747613, -0.13601756776613705
1107, -0.020440101623535156, -0.8204753398895264, 2.0653910636901855, 0.029545307159423828, -1.2707966566085815, -0.013616085052490234, 0.0, -1.796486524224624, -5.382985976794859, -4.015426400326911, -0.1359940434874627
1108, -0.020447492599487305, -0.8196713924407959, 2.065127372741699, 0.02953624725341797, -1.2719472646713257, -0.013579607009887695, 0.0, -1.7964978519186918, -5.382991843526366, -4.015463803076742, -0.13599803105850494
1109, -0.020432472229003906, -0.818734884262085, 2.0647759437561035, 0.02952718734741211, -1.2729698419570923, -0.013579607009887695, 0.0, -1.7965186449313266, -5.382995788353991, -4.015535703143512, -0.13599271080014663
1110, -0.02045464515686035, -0.8182113170623779, 2.064552068710327, 0.029545307159423828, -1.272997260093689, -0.013579607009887695, 0.0, -1.7965428444971172, -5.383000883282064, -4.015604374903781, -0.13599045158266954
1111, -0.020476818084716797, -0.8176064491271973, 2.064232349395752, 0.02953624725341797, -1.2728878259658813, -0.013588666915893555, 0.0, -1.7965440882763, -5.382997038888654, -4.0156907952179415, -0.13600867172628117
1112, -0.020425081253051758, -0.8171269297599792, 2.0639848709106445, 0.02952718734741211, -1.2728601694107056, -0.013561248779296875, 0.0, -1.7965450125736986, -5.382975347455618, -4.015783679410061, -0.13601953337377015
1113, -0.02045464515686035, -0.8167879581451416, 2.0637850761413574, 0.02953624725341797, -1.2728148698806763, -0.013552188873291016, 0.0, -1.7965570520774838, -5.382952767541351, -4.01586967683563, -0.13605177550595204
1114, -0.020440101623535156, -0.816603422164917, 2.0637052059173584, 0.02952718734741211, -1.272832989692688, -0.013579607009887695, 0.0, -1.7965725035041025, -5.382930716444233, -4.015981913144002, -0.13603801977079133
1115, -0.02046942710876465, -0.8164706230163574, 2.063521385192871, 0.02952718734741211, -1.2728148698806763, -0.013579607009887695, 0.0, -1.7965744756727653, -5.382938795116813, -4.016128697917463, -0.13601881801192217
1116, -0.020483970642089844, -0.8163232803344727, 2.0634255409240723, 0.02952718734741211, -1.2728148698806763, -0.013597726821899414, 0.0, -1.7966037232170338, -5.382957740162691, -4.0162537500007955, -0.13602068438670578
1117, -0.020483970642089844, -0.8162715435028076, 2.0633058547973633, 0.02953624725341797, -1.272832989692688, -0.013588666915893555, 0.0, -1.7966422753462645, -5.382995591541501, -4.016413067673934, -0.13601435588867083
1118, -0.020491361618041992, -0.8159987926483154, 2.0630979537963867, 0.02953624725341797, -1.2728420495986938, -0.013570308685302734, 0.0, -1.79665419848991, -5.38300466346217, -4.01654075615917, -0.13601125118407875
1119, -0.020476818084716797, -0.8157479763031006, 2.062930107116699, 0.02952718734741211, -1.2728420495986938, -0.013570308685302734, 0.0, -1.7966786194251885, -5.382982848441401, -4.0166320088172975, -0.1360165928330428
1120, -0.0204620361328125, -0.8154971599578857, 2.0627622604370117, 0.02952718734741211, -1.2728697061538696, -0.013579607009887695, 0.0, -1.7967085502272147, -5.382937443504396, -4.016737744568481, -0.13602064780091627
1121, -0.0204620361328125, -0.8152463436126709, 2.0625386238098145, 0.02951788902282715, -1.2728697061538696, -0.013570308685302734, 0.0, -1.796724774308486, -5.382893836060571, -4.016815703859587, -0.13600717870699341
1122, -0.020447492599487305, -0.8149587512016296, 2.0623550415039062, 0.02952718734741211, -1.2728239297866821, -0.013588666915893555, 0.0, -1.79678091363169, -5.382880342017818, -4.016953705144797, -0.13599634597582977
1123, -0.020447492599487305, -0.8148555755615234, 2.0622830390930176, 0.02953624725341797, -1.2728511095046997, -0.013561248779296875, 0.0, -1.7968378893392485, -5.382909459585339, -4.017063428362572, -0.13599425847995406
1124, -0.02046942710876465, -0.8147818446159363, 2.062274932861328, 0.02952718734741211, -1.2728511095046997, -0.013570308685302734, 0.0, -1.796892059564869, -5.382987584633261, -4.017196290816071, -0.13597885466033865
1125, -0.020440101623535156, -0.8147523403167725, 2.062291145324707, 0.02951788902282715, -1.2728968858718872, -0.013552188873291016, 0.0, -1.7969087511350434, -5.383005361774388, -4.017325352001948, -0.13602193410808283
1126, -0.020447492599487305, -0.814619779586792, 2.0622670650482178, 0.02952718734741211, -1.2728787660598755, -0.013561248779296875, 0.0, -1.7969250091153703, -5.38295136770911, -4.017408336939009, -0.136055428761102
1127, -0.020410537719726562, -0.8144869804382324, 2.062235116958618, 0.02950882911682129, -1.2728697061538696, -0.013570308685302734, 0.0, -1.7969342374806634, -5.382843909687787, -4.01749741299463, -0.1360631797575138
1128, -0.020432472229003906, -0.8144869804382324, 2.062235116958618, 0.02949070930480957, -1.2728787660598755, -0.013543128967285156, 0.0, -1.7969523518200985, -5.382810264246601, -4.017550680803803, -0.13606479344700606
1129, -0.02045464515686035, -0.8143910765647888, 2.0621070861816406, 0.02951788902282715, -1.272915005683899, -0.013561248779296875, 0.0, -1.7969977685561958, -5.382786652367504, -4.0176547750461475, -0.13607391063772045
1130, -0.020432472229003906, -0.8142139315605164, 2.0619394779205322, 0.02950882911682129, -1.2728878259658813, -0.013543128967285156, 0.0, -1.7970464196088762, -5.382827393694954, -4.017728746361259, -0.1360717949366954
1131, -0.020425081253051758, -0.8142287731170654, 2.061875581741333, 0.02949976921081543, -1.272915005683899, -0.013570308685302734, 0.0, -1.797136535142861, -5.382922027057977, -4.017843460508093, -0.13611547302094973
1132, -0.020410537719726562, -0.8142509460449219, 2.0618834495544434, 0.02952718734741211, -1.272905945777893, -0.013588666915893555, 0.0, -1.7971661887854844, -5.382954438815056, -4.0179117296134015, -0.1361326620953598
1133, -0.020403146743774414, -0.81430983543396, 2.061915397644043, 0.02952718734741211, -1.272905945777893, -0.013570308685302734, 0.0, -1.7971675338235296, -5.382922393666391, -4.017988652268529, -0.13616584320961245
1134, -0.020432472229003906, -0.8143393397331238, 2.0619394779205322, 0.02950882911682129, -1.2728787660598755, -0.013570308685302734, 0.0, -1.7971892543574657, -5.382813600048182, -4.01805650538229, -0.13617027070669963
1135, -0.02045464515686035, -0.8143985271453857, 2.0619635581970215, 0.02949070930480957, -1.272915005683899, -0.013570308685302734, 0.0, -1.7972108761215289, -5.382738211244006, -4.018108005483976, -0.1361605932754637
1136, -0.020447492599487305, -0.8144426345825195, 2.061971426010132, 0.02947235107421875, -1.272915005683899, -0.013552188873291016, 0.0, -1.7972217257688152, -5.382717961293646, -4.018161580474612, -0.1361340215183251
1137, -0.020476818084716797, -0.814464807510376, 2.0618996620178223, 0.02950882911682129, -1.272905945777893, -0.013561248779296875, 0.0, -1.7972770657146984, -5.382779712644158, -4.018257088874301, -0.1361096587467694
1138, -0.02041769027709961, -0.8144574165344238, 2.0618276596069336, 0.02949070930480957, -1.2728968858718872, -0.013561248779296875, 0.0, -1.7973490022200538, -5.382871762410601, -4.018344072740202, -0.13609737049934534
1139, -0.020388364791870117, -0.8144426345825195, 2.061819553375244, 0.02950882911682129, -1.2728787660598755, -0.013570308685302734, 0.0, -1.7973779077963383, -5.382921967447673, -4.018389853776985, -0.13610544767498567
1140, -0.020395755767822266, -0.8144426345825195, 2.0618276596069336, 0.02949976921081543, -1.2728787660598755, -0.013552188873291016, 0.0, -1.797389390180383, -5.382909072395572, -4.018415954860209, -0.13607738653908452
1141, -0.020388364791870117, -0.814464807510376, 2.0619235038757324, 0.02949070930480957, -1.2728968858718872, -0.013543128967285156, 0.0, -1.797391218169878, -5.382811550766061, -4.018424630481657, -0.13603351190723867
1142, -0.020432472229003906, -0.8144574165344238, 2.061971426010132, 0.02949070930480957, -1.2728968858718872, -0.013533830642700195, 0.0, -1.7973855152741103, -5.382764559983346, -4.01842642093312, -0.1359862933332563
1143, -0.020491361618041992, -0.8144869804382324, 2.0620033740997314, 0.02948141098022461, -1.2728968858718872, -0.013570308685302734, 0.0, -1.7973959544557332, -5.382756370223706, -4.018450016141148, -0.13592092784448973
1144, -0.020498991012573242, -0.8144869804382324, 2.061995506286621, 0.02949070930480957, -1.2728878259658813, -0.013552188873291016, 0.0, -1.79742391578321, -5.3827950196857195, -4.018483829980716, -0.13589358495304804
1145, -0.020476818084716797, -0.8145162463188171, 2.0619473457336426, 0.02949976921081543, -1.2728878259658813, -0.013561248779296875, 0.0, -1.7974528570426345, -5.382848017987366, -4.0185342149571905, -0.13588152254815
1146, -0.020395755767822266, -0.8145754337310791, 2.0618834495544434, 0.02950882911682129, -1.2728787660598755, -0.013552188873291016, 0.0, -1.7974691149487172, -5.382857720725716, -4.018573764764162, -0.1359026317956662
1147, -0.020380735397338867, -0.81456059217453, 2.061835765838623, 0.02949976921081543, -1.2728697061538696, -0.013561248779296875, 0.0, -1.797459523449328, -5.382835945094241, -4.018575185196282, -0.13592722452423356
1148, -0.020358800888061523, -0.8145754337310791, 2.061755657196045, 0.02949976921081543, -1.2728968858718872, -0.013552188873291016, 0.0, -1.7974477669356026, -5.382784650828175, -4.018588103202661, -0.13595157917532052
1149, -0.020351409912109375, -0.8145825862884521, 2.0617318153381348, 0.02948141098022461, -1.2728968858718872, -0.013570308685302734, 0.0, -1.7974331527913314, -5.382764130780798, -4.0185975898274515, -0.13595344730610215
1150, -0.020395755767822266, -0.8145679831504822, 2.0617237091064453, 0.02950882911682129, -1.272905945777893, -0.013552188873291016, 0.0, -1.7974439876266457, -5.382779048908881, -4.018625991271892, -0.13597948342598531
1151, -0.020447492599487305, -0.8145976066589355, 2.061779737472534, 0.02948141098022461, -1.2728601694107056, -0.013543128967285156, 0.0, -1.797465180284544, -5.382807340965009, -4.018656960609069, -0.13599113317630973
1152, -0.020432472229003906, -0.8145976066589355, 2.0618276596069336, 0.02949070930480957, -1.2728878259658813, -0.013533830642700195, 0.0, -1.7974844958152607, -5.382835361799505, -4.018678601003305, -0.13599705005333007
1153, -0.020432472229003906, -0.8146046996116638, 2.0618677139282227, 0.02947235107421875, -1.2728878259658813, -0.013543128967285156, 0.0, -1.7974928109695898, -5.382843775442661, -4.018685857614765, -0.13604571482479688
1154, -0.020410537719726562, -0.8146123290061951, 2.0619075298309326, 0.02948141098022461, -1.2728601694107056, -0.013533830642700195, 0.0, -1.797491368467363, -5.382816965444418, -4.0186849662885935, -0.1360803597805864
1155, -0.02041769027709961, -0.814619779586792, 2.061915397644043, 0.02948141098022461, -1.2728420495986938, -0.013561248779296875, 0.0, -1.7974792954678025, -5.38279556340868, -4.018681839392437, -0.13610734011399384
1156, -0.020440101623535156, -0.814626932144165, 2.061915397644043, 0.02948141098022461, -1.2728787660598755, -0.013561248779296875, 0.0, -1.7974717128804791, -5.382782503441959, -4.018687167175126, -0.13613425416093516
1157, -0.020447492599487305, -0.8146417140960693, 2.061891555786133, 0.02947235107421875, -1.2728697061538696, -0.013561248779296875, 0.0, -1.7974855157558804, -5.382802684056941, -4.018709080522488, -0.13612027498417856
1158, -0.020447492599487305, -0.8146564364433289, 2.061875581741333, 0.02948141098022461, -1.2728878259658813, -0.013543128967285156, 0.0, -1.797493555491697, -5.382824959838654, -4.018720131728826, -0.13611826344811728
1159, -0.020432472229003906, -0.8146638870239258, 2.0618677139282227, 0.02949070930480957, -1.2728787660598755, -0.013533830642700195, 0.0, -1.7974966008511635, -5.382838002109, -4.018726710116044, -0.13613645505586902
1160, -0.020410537719726562, -0.8146786689758301, 2.0618515014648438, 0.02948141098022461, -1.2728697061538696, -0.013552188873291016, 0.0, -1.7974901493624402, -5.3828292744647825, -4.018723940990669, -0.1361451179808073
1161, -0.020403146743774414, -0.8146860599517822, 2.0618515014648438, 0.02949976921081543, -1.272905945777893, -0.013543128967285156, 0.0, -1.7974680514817312, -5.382805993179252, -4.018717578031468, -0.1361204535028877
1162, -0.020395755767822266, -0.8146931529045105, 2.061859607696533, 0.02949070930480957, -1.2729336023330688, -0.013533830642700195, 0.0, -1.7974541642269672, -5.382802097486691, -4.0187172173806465, -0.13610844387960164
1163, -0.020410537719726562, -0.8146931529045105, 2.061859607696533, 0.02949070930480957, -1.272915005683899, -0.013533830642700195, 0.0, -1.797462774618612, -5.382819345369624, -4.018738313985565, -0.13609073653383152
1164, -0.020395755767822266, -0.8146860599517822, 2.061859607696533, 0.02949070930480957, -1.2728968858718872, -0.013533830642700195, 0.0, -1.7974689197634461, -5.382826274222265, -4.018746136568415, -0.1360817475725904
1165, -0.020403146743774414, -0.8146931529045105, 2.0618515014648438, 0.02949976921081543, -1.2728878259658813, -0.013533830642700195, 0.0, -1.7974685446460614, -5.382830294181872, -4.018746412455781, -0.13607015189219496
1166, -0.020388364791870117, -0.8146931529045105, 2.061859607696533, 0.02949070930480957, -1.2728787660598755, -0.013533830642700195, 0.0, -1.7974578840810622, -5.382820621677544, -4.018746817213072, -0.1360668579478883
1167, -0.020388364791870117, -0.8146931529045105, 2.0618515014648438, 0.02948141098022461, -1.2728968858718872, -0.013533830642700195, 0.0, -1.797449953176165, -5.382809718138678, -4.0187495846802275, -0.13607189147561183
1168, -0.020388364791870117, -0.8146638870239258, 2.0618515014648438, 0.02950882911682129, -1.2728697061538696, -0.013533830642700195, 0.0, -1.7974420931960469, -5.382798353533211, -4.0187542365632964, -0.13607795850554716
1169, -0.020395755767822266, -0.8146046996116638, 2.061811685562134, 0.02949070930480957, -1.2728697061538696, -0.013533830642700195, 0.0, -1.7974456714377072, -5.38280576643757, -4.01877245844095, -0.13608942972857907
1170, -0.020388364791870117, -0.8145458698272705, 2.061795711517334, 0.02947235107421875, -1.2728878259658813, -0.013533830642700195, 0.0, -1.7974586676245383, -5.38281531054512, -4.0187968891445385, -0.13609324170375015
1171, -0.020388364791870117, -0.81456059217453, 2.0617876052856445, 0.02948141098022461, -1.2728968858718872, -0.013543128967285156, 0.0, -1.7974641588997107, -5.3828286070624545, -4.018816057177582, -0.136096190633741
1172, -0.020388364791870117, -0.8145458698272705, 2.061779737472534, 0.02949976921081543, -1.272915005683899, -0.013506650924682617, 0.0, -1.7974593481262797, -5.382835697022622, -4.018836475339245, -0.13611044444584053
1173, -0.020388364791870117, -0.81456059217453, 2.0617876052856445, 0.02949070930480957, -1.2729240655899048, -0.013543128967285156, 0.0, -1.79743529493398, -5.382831271712534, -4.01886346282295, -0.13611563755903155
1174, -0.020380735397338867, -0.8145236372947693, 2.0617876052856445, 0.02949070930480957, -1.2728697061538696, -0.013524770736694336, 0.0, -1.797401383920056, -5.382816907333348, -4.018887929398599, -0.13613298514290673
1175, -0.020366191864013672, -0.8144574165344238, 2.0617475509643555, 0.02948141098022461, -1.272915005683899, -0.013524770736694336, 0.0, -1.797388750262326, -5.382800774017272, -4.018939616965057, -0.13615263379154108
1176, -0.020366191864013672, -0.8143689632415771, 2.061739921569824, 0.02948141098022461, -1.2729240655899048, -0.013533830642700195, 0.0, -1.7973827727214764, -5.382785111242947, -4.0189690408798295, -0.13615960992168752
1177, -0.020380735397338867, -0.8143172264099121, 2.0617237091064453, 0.02948141098022461, -1.2728968858718872, -0.013543128967285156, 0.0, -1.7973719402344015, -5.382779243911259, -4.018978666974818, -0.13616063395619715
1178, -0.020366191864013672, -0.8141918182373047, 2.061699867248535, 0.02948141098022461, -1.2729426622390747, -0.013533830642700195, 0.0, -1.7973598096875425, -5.382778847213744, -4.019015342812036, -0.1361657135541421
1179, -0.02037334442138672, -0.8141477108001709, 2.0616917610168457, 0.02948141098022461, -1.2729517221450806, -0.013543128967285156, 0.0, -1.7973509918120638, -5.382780174414437, -4.019024882182017, -0.13615611171927888
1180, -0.020358800888061523, -0.814051628112793, 2.061635971069336, 0.02949070930480957, -1.2729517221450806, -0.013533830642700195, 0.0, -1.7973341677870907, -5.382797601667997, -4.019050899611141, -0.13617052261357543
1181, -0.020344018936157227, -0.813985288143158, 2.0616040229797363, 0.02949070930480957, -1.2729517221450806, -0.013524770736694336, 0.0, -1.7973315292673173, -5.382800450700204, -4.019085477047926, -0.13617410743529756
1182, -0.02033686637878418, -0.8139042258262634, 2.061555862426758, 0.02949070930480957, -1.2729517221450806, -0.013524770736694336, 0.0, -1.7973283063702419, -5.382785239716713, -4.019130694055142, -0.13617446730157656
1183, -0.020351409912109375, -0.8138598799705505, 2.061500072479248, 0.02949070930480957, -1.2729426622390747, -0.013543128967285156, 0.0, -1.7973221957099854, -5.382768423707067, -4.019158452418195, -0.13614219319130694
1184, -0.020358800888061523, -0.8138010501861572, 2.0614442825317383, 0.02949070930480957, -1.2729698419570923, -0.013515710830688477, 0.0, -1.7973206459314657, -5.382785139415156, -4.019197741633363, -0.13610594186406022
1185, -0.020358800888061523, -0.8137052059173584, 2.0613722801208496, 0.02949976921081543, -1.272997260093689, -0.013533830642700195, 0.0, -1.797312712654294, -5.382821587845892, -4.019235676988034, -0.13608828554009467
1186, -0.020344018936157227, -0.8136019706726074, 2.06131649017334, 0.02949070930480957, -1.2729607820510864, -0.013506650924682617, 0.0, -1.7973101619836367, -5.382846323170885, -4.019262647742211, -0.13609840011850416
1187, -0.02032947540283203, -0.8135576248168945, 2.0612845420837402, 0.02948141098022461, -1.2729789018630981, -0.013524770736694336, 0.0, -1.7973124513359207, -5.382845780793757, -4.0192837452885675, -0.13610659109100087
1188, -0.02033686637878418, -0.8135280609130859, 2.061300277709961, 0.02949070930480957, -1.272987961769104, -0.013543128967285156, 0.0, -1.7972958121871376, -5.38281073557036, -4.019294048220459, -0.13611552064808308
1189, -0.02032947540283203, -0.8135501742362976, 2.06131649017334, 0.02949976921081543, -1.2729607820510864, -0.013543128967285156, 0.0, -1.797288290179008, -5.382793612596938, -4.019301333575965, -0.13611845749039642
1190, -0.020380735397338867, -0.8135501742362976, 2.06136417388916, 0.02950882911682129, -1.273006558418274, -0.013533830642700195, 0.0, -1.7972741802647532, -5.38275822406934, -4.01931253931945, -0.13609613141308774
1191, -0.020403146743774414, -0.8135576248168945, 2.0613722801208496, 0.02948141098022461, -1.2729789018630981, -0.013524770736694336, 0.0, -1.7972646964670589, -5.382771711680292, -4.019328847210357, -0.13608996816678776
1192, -0.02041769027709961, -0.8135501742362976, 2.06134033203125, 0.02948141098022461, -1.2729789018630981, -0.013524770736694336, 0.0, -1.7972719757046358, -5.382798498002801, -4.0193460847390305, -0.13609170376065727
1193, -0.020403146743774414, -0.8135576248168945, 2.0612845420837402, 0.02947235107421875, -1.272997260093689, -0.013506650924682617, 0.0, -1.797282841918624, -5.38281488242309, -4.019361975460493, -0.1361038191277597
1194, -0.020388364791870117, -0.8135871291160583, 2.061204433441162, 0.02949976921081543, -1.273006558418274, -0.013515710830688477, 0.0, -1.7972853901630101, -5.382812225809514, -4.019374351419383, -0.1361207246720868
1195, -0.02037334442138672, -0.8135576248168945, 2.061140537261963, 0.02949070930480957, -1.2730156183242798, -0.013524770736694336, 0.0, -1.7972818142137728, -5.382780140718661, -4.0193817614444525, -0.1361306918723324
1196, -0.020366191864013672, -0.8135871291160583, 2.0611324310302734, 0.02949070930480957, -1.2730156183242798, -0.013515710830688477, 0.0, -1.7972752686172333, -5.382747222766433, -4.019387124835433, -0.13612324756753402
1197, -0.020380735397338867, -0.8135945200920105, 2.0611324310302734, 0.02949070930480957, -1.2730611562728882, -0.013524770736694336, 0.0, -1.7972620090844302, -5.382737010900518, -4.019390721295555, -0.1361312884271353
1198, -0.020395755767822266, -0.8135871291160583, 2.061140537261963, 0.02949070930480957, -1.2730156183242798, -0.013515710830688477, 0.0, -1.7972619586782121, -5.382754450618662, -4.01940173893584, -0.1361398731031871
1199, -0.020388364791870117, -0.8136091232299805, 2.0611565113067627, 0.02948141098022461, -1.2730246782302856, -0.013524770736694336, 0.0, -1.7972743902967419, -5.38279301729599, -4.0194234909689, -0.13613906009024035
1200, -0.020403146743774414, -0.8135724067687988, 2.0611724853515625, 0.02949976921081543, -1.2730246782302856, -0.013515710830688477, 0.0, -1.7972815248862979, -5.3828018090306475, -4.019438386723244, -0.136150273202027
1201, -0.020395755767822266, -0.8135724067687988, 2.0611963272094727, 0.02949070930480957, -1.2730337381362915, -0.013533830642700195, 0.0, -1.7972902398856379, -5.382759596824008, -4.0194499220090725, -0.13616762653953973
1202, -0.020388364791870117, -0.8135724067687988, 2.061204433441162, 0.02948141098022461, -1.2730246782302856, -0.013506650924682617, 0.0, -1.7972887290322777, -5.382737624846065, -4.019448147788852, -0.13617063780108474
1203, -0.020380735397338867, -0.8135576248168945, 2.0611884593963623, 0.02948141098022461, -1.2730156183242798, -0.013506650924682617, 0.0, -1.797294063032183, -5.382753300520607, -4.019473425828194, -0.13616972603975164
1204, -0.020388364791870117, -0.8135724067687988, 2.0611963272094727, 0.02947235107421875, -1.273006558418274, -0.013488292694091797, 0.0, -1.7973055417629373, -5.382785497552401, -4.019486261824974, -0.13617088807087718
1205, -0.020388364791870117, -0.8135724067687988, 2.0611963272094727, 0.02947235107421875, -1.272997260093689, -0.013506650924682617, 0.0, -1.7973043698086228, -5.382788006738377, -4.0194870875138475, -0.1361801761903907
1206, -0.020380735397338867, -0.8136019706726074, 2.0611963272094727, 0.02949070930480957, -1.2730156183242798, -0.013488292694091797, 0.0, -1.79730662821438, -5.382772818753561, -4.0194932517771775, -0.13617774796381177
1207, -0.020366191864013672, -0.813579797744751, 2.0611963272094727, 0.02947235107421875, -1.2730156183242798, -0.013515710830688477, 0.0, -1.7973009391324632, -5.382752631900942, -4.019490228601024, -0.1361785663890016
1208, -0.02037334442138672, -0.8135871291160583, 2.0611963272094727, 0.02947235107421875, -1.2730156183242798, -0.013497352600097656, 0.0, -1.797293074729996, -5.382747224057104, -4.019489584673843, -0.13618110013499152
1209, -0.020366191864013672, -0.813579797744751, 2.0611884593963623, 0.02948141098022461, -1.2730156183242798, -0.013506650924682617, 0.0, -1.797290660859875, -5.382763942543328, -4.019498145276108, -0.13617536303867617
1210, -0.02037334442138672, -0.8135724067687988, 2.0611884593963623, 0.02949070930480957, -1.2730246782302856, -0.013515710830688477, 0.0, -1.797295635302932, -5.382782898205886, -4.019502372773374, -0.136180105838271
1211, -0.020366191864013672, -0.813579797744751, 2.061180591583252, 0.02949070930480957, -1.2730337381362915, -0.013497352600097656, 0.0, -1.7973057482245194, -5.382797593935133, -4.019516493200888, -0.13617114644659445
1212, -0.020358800888061523, -0.8136019706726074, 2.061180591583252, 0.02949070930480957, -1.2730611562728882, -0.013506650924682617, 0.0, -1.7973016282583107, -5.382787311664369, -4.019520423653922, -0.1361756579369997
1213, -0.02037334442138672, -0.8135724067687988, 2.0611884593963623, 0.02948141098022461, -1.2730520963668823, -0.013515710830688477, 0.0, -1.7972943279863345, -5.382774935503341, -4.019517088507977, -0.13617512764747097
1214, -0.020358800888061523, -0.8135871291160583, 2.0611884593963623, 0.02949070930480957, -1.273070216178894, -0.013533830642700195, 0.0, -1.7972933492251562, -5.382768556335321, -4.019517777084709, -0.1361884091298844
1215, -0.020366191864013672, -0.8135871291160583, 2.0611884593963623, 0.02948141098022461, -1.273070216178894, -0.013515710830688477, 0.0, -1.7973005998612113, -5.382796629816887, -4.01953146248605, -0.13618292905540041
1216, -0.020358800888061523, -0.813579797744751, 2.061180591583252, 0.02949976921081543, -1.273070216178894, -0.013506650924682617, 0.0, -1.797306475563454, -5.3828176099907985, -4.0195377843358315, -0.13618974972720022
1217, -0.020366191864013672, -0.813579797744751, 2.0611884593963623, 0.02949070930480957, -1.273079514503479, -0.013497352600097656, 0.0, -1.7973053847358211, -5.382812245332987, -4.019537477968075, -0.13619384725331596
1218, -0.02033686637878418, -0.813579797744751, 2.061180591583252, 0.02949070930480957, -1.273079514503479, -0.013488292694091797, 0.0, -1.7973014507090515, -5.382787512738259, -4.019538317795095, -0.13618912743878564
1219, -0.020351409912109375, -0.813579797744751, 2.0611884593963623, 0.02948141098022461, -1.273079514503479, -0.013524770736694336, 0.0, -1.7973004549481866, -5.382784776843684, -4.019537192400994, -0.1361880316908417
1220, -0.020344018936157227, -0.813579797744751, 2.061180591583252, 0.02949976921081543, -1.273079514503479, -0.013506650924682617, 0.0, -1.7973071798904987, -5.382787550944154, -4.019543445517247, -0.1361791954013709
1221, -0.020344018936157227, -0.813579797744751, 2.061180591583252, 0.02948141098022461, -1.273079514503479, -0.013506650924682617, 0.0, -1.7973126245018443, -5.382808069476467, -4.019551130172177, -0.13618417899232504
1222, -0.02032947540283203, -0.813579797744751, 2.0611884593963623, 0.02949976921081543, -1.2730978727340698, -0.013497352600097656, 0.0, -1.797321701270626, -5.382822410570213, -4.019561940914871, -0.13618904084655004
1223, -0.02033686637878418, -0.813579797744751, 2.061180591583252, 0.02948141098022461, -1.2730978727340698, -0.013488292694091797, 0.0, -1.797319216158767, -5.382821709561622, -4.0195657198564865, -0.13618853626876515
1224, -0.02033686637878418, -0.8135945200920105, 2.0611884593963623, 0.02949070930480957, -1.273088812828064, -0.013506650924682617, 0.0, -1.7973144760465822, -5.382810161016014, -4.019567691754939, -0.13618233381816047
1225, -0.020344018936157227, -0.8136019706726074, 2.061180591583252, 0.02949976921081543, -1.2730978727340698, -0.013479232788085938, 0.0, -1.797304636115623, -5.382799654693244, -4.01956290611101, -0.1361766562522586
1226, -0.02032947540283203, -0.8135945200920105, 2.061180591583252, 0.02948141098022461, -1.2730978727340698, -0.013506650924682617, 0.0, -1.7973022476685052, -5.382802875148411, -4.019563102282796, -0.13616519153578377
1227, -0.02032947540283203, -0.8135871291160583, 2.061180591583252, 0.02948141098022461, -1.2730978727340698, -0.013515710830688477, 0.0, -1.7973027443348821, -5.382824494306455, -4.019569516273136, -0.13615565046101974
1228, -0.02033686637878418, -0.8136019706726074, 2.061180591583252, 0.02949070930480957, -1.2730978727340698, -0.013470172882080078, 0.0, -1.7973092098554022, -5.382844059062844, -4.019575575811579, -0.13614579554308381
1229, -0.02032947540283203, -0.8135945200920105, 2.061180591583252, 0.02949070930480957, -1.273088812828064, -0.013497352600097656, 0.0, -1.797309205749813, -5.382859248890492, -4.019579417340401, -0.1361512864303691
1230, -0.02032947540283203, -0.8136019706726074, 2.0611884593963623, 0.02949976921081543, -1.273088812828064, -0.013479232788085938, 0.0, -1.7973001238660173, -5.382840532204245, -4.019580678086574, -0.13615489967339922
1231, -0.02032184600830078, -0.8135945200920105, 2.0611724853515625, 0.02949070930480957, -1.2731250524520874, -0.013488292694091797, 0.0, -1.7973005038214487, -5.382836505712293, -4.019579461847967, -0.13615929211058653
1232, -0.02032184600830078, -0.813579797744751, 2.0611884593963623, 0.02947235107421875, -1.2731159925460815, -0.013479232788085938, 0.0, -1.79729921685022, -5.382847757259102, -4.019585152544458, -0.1361422945809796
1233, -0.02032184600830078, -0.8135871291160583, 2.0611884593963623, 0.02949070930480957, -1.2730978727340698, -0.013488292694091797, 0.0, -1.7973037710337103, -5.382868375912637, -4.019587454571146, -0.13615258238223849
1234, -0.020314455032348633, -0.8136019706726074, 2.0611884593963623, 0.02949976921081543, -1.2731250524520874, -0.013488292694091797, 0.0, -1.7973027781181, -5.382881765494918, -4.019592454262348, -0.13613843919176016
1235, -0.020307064056396484, -0.8135945200920105, 2.061180591583252, 0.02949070930480957, -1.2731250524520874, -0.013506650924682617, 0.0, -1.7973003498199047, -5.382878477976154, -4.019593344764899, -0.1361314332096164
1236, -0.020299911499023438, -0.8136019706726074, 2.0611884593963623, 0.02946329116821289, -1.2731159925460815, -0.013479232788085938, 0.0, -1.7972952204162962, -5.382870523763512, -4.019591259343043, -0.13613116266104708
1237, -0.02029252052307129, -0.8135871291160583, 2.061180591583252, 0.02949976921081543, -1.2731436491012573, -0.013479232788085938, 0.0, -1.7972886278585967, -5.382856289709773, -4.019591380456532, -0.1361206029517268
1238, -0.02028512954711914, -0.8135871291160583, 2.0611884593963623, 0.02947235107421875, -1.2731527090072632, -0.013488292694091797, 0.0, -1.7972869747598597, -5.382852185348847, -4.019591704297692, -0.1361192096053463
1239, -0.020270109176635742, -0.8135945200920105, 2.0611884593963623, 0.02949976921081543, -1.273161768913269, -0.013479232788085938, 0.0, -1.7972945176781252, -5.382863393333889, -4.0195993409132615, -0.13611704654444523
1240, -0.020277738571166992, -0.8136019706726074, 2.061180591583252, 0.02948141098022461, -1.2731889486312866, -0.013488292694091797, 0.0, -1.7972936240612989, -5.382875577035905, -4.01960285770926, -0.13610807632158828
1241, -0.020270109176635742, -0.8135945200920105, 2.061180591583252, 0.02948141098022461, -1.2731980085372925, -0.013488292694091797, 0.0, -1.7972846100440263, -5.382869383160674, -4.019603769620578, -0.1360910530963384
1242, -0.020277738571166992, -0.8136019706726074, 2.061180591583252, 0.02947235107421875, -1.2732166051864624, -0.013470172882080078, 0.0, -1.7972744102839269, -5.382863900075977, -4.019600810419739, -0.1360993225643652
1243, -0.020277738571166992, -0.8136019706726074, 2.0611884593963623, 0.02949070930480957, -1.2731889486312866, -0.013479232788085938, 0.0, -1.7972614639018576, -5.382850816764445, -4.019598635705715, -0.1361010811531127
1244, -0.020277738571166992, -0.813579797744751, 2.061180591583252, 0.02947235107421875, -1.2731980085372925, -0.013460874557495117, 0.0, -1.7972549165840426, -5.38284068393815, -4.019597129159675, -0.13610783688671013
1245, -0.020277738571166992, -0.8135871291160583, 2.061180591583252, 0.02948141098022461, -1.2731798887252808, -0.013488292694091797, 0.0, -1.7972544923201281, -5.382844191453165, -4.019604226290126, -0.13611677867246552
1246, -0.020270109176635742, -0.8135945200920105, 2.061180591583252, 0.02948141098022461, -1.2731980085372925, -0.013497352600097656, 0.0, -1.7972586071456735, -5.382861814954272, -4.019609648906315, -0.13613146567093715
1247, -0.020270109176635742, -0.8135945200920105, 2.0611963272094727, 0.02948141098022461, -1.2731889486312866, -0.013488292694091797, 0.0, -1.7972554881183205, -5.382859815628896, -4.019613433726596, -0.13614324828163848
1248, -0.020277738571166992, -0.8135945200920105, 2.0611884593963623, 0.02949070930480957, -1.2731798887252808, -0.013479232788085938, 0.0, -1.7972472630322185, -5.3828489309576595, -4.01961350880138, -0.1361335732816844
1249, -0.020270109176635742, -0.8136091232299805, 2.061180591583252, 0.02947235107421875, -1.2731798887252808, -0.013470172882080078, 0.0, -1.7972371943751067, -5.382839974946682, -4.019608221859687, -0.1361387976737909
1250, -0.020270109176635742, -0.8136019706726074, 2.061180591583252, 0.02948141098022461, -1.2732070684432983, -0.013433456420898438, 0.0, -1.7972355251554777, -5.382839281970634, -4.0196111730012145, -0.1361427044692416
1251, -0.020277738571166992, -0.813579797744751, 2.061180591583252, 0.02948141098022461, -1.2732070684432983, -0.013470172882080078, 0.0, -1.7972313474287087, -5.382845510092523, -4.019612837857326, -0.13614585641683252
1252, -0.020270109176635742, -0.8136091232299805, 2.061180591583252, 0.02946329116821289, -1.2731889486312866, -0.013451814651489258, 0.0, -1.7972334097213902, -5.38285605589335, -4.019616980698044, -0.13614441707319802
1253, -0.020262718200683594, -0.8136019706726074, 2.0611884593963623, 0.02949070930480957, -1.2731889486312866, -0.013442754745483398, 0.0, -1.7972344976772738, -5.382852458523357, -4.019616352684141, -0.1361492910975235
1254, -0.020262718200683594, -0.8135945200920105, 2.061180591583252, 0.02949070930480957, -1.2731889486312866, -0.013460874557495117, 0.0, -1.7972295629562491, -5.382841121318151, -4.01961511395057, -0.13614303590050447
1255, -0.020262718200683594, -0.8136019706726074, 2.0611724853515625, 0.02948141098022461, -1.2731980085372925, -0.013470172882080078, 0.0, -1.7972237105062319, -5.382833926590403, -4.019615153088821, -0.13613890725058475
1256, -0.0202481746673584, -0.8136019706726074, 2.061180591583252, 0.02949976921081543, -1.2732166051864624, -0.013451814651489258, 0.0, -1.7972167886017407, -5.382829553384569, -4.019615085818088, -0.13615935163235626
1257, -0.020262718200683594, -0.8135871291160583, 2.061180591583252, 0.02949976921081543, -1.2732256650924683, -0.013451814651489258, 0.0, -1.7972216981189808, -5.382830788889741, -4.0196217746222125, -0.13615450737108237
1258, -0.020262718200683594, -0.8136019706726074, 2.0611884593963623, 0.02948141098022461, -1.2732166051864624, -0.013479232788085938, 0.0, -1.7972181471552198, -5.382846300699681, -4.019624291400462, -0.1361615133577292
1259, -0.020262718200683594, -0.8136019706726074, 2.061180591583252, 0.02947235107421875, -1.2732070684432983, -0.013460874557495117, 0.0, -1.7972147920721968, -5.3828509231658765, -4.019623258326181, -0.1361492031671423
1260, -0.020255565643310547, -0.813579797744751, 2.061180591583252, 0.02949070930480957, -1.2732256650924683, -0.013442754745483398, 0.0, -1.7972080887023156, -5.382849057817401, -4.019621035822875, -0.13614615132206698
1261, -0.020262718200683594, -0.8136019706726074, 2.061180591583252, 0.02948141098022461, -1.2732347249984741, -0.013442754745483398, 0.0, -1.7972041702833643, -5.382835929377358, -4.019620738565424, -0.13615104293174873
1262, -0.020262718200683594, -0.8136019706726074, 2.0611884593963623, 0.02948141098022461, -1.2732256650924683, -0.013442754745483398, 0.0, -1.797195335856751, -5.382831001269533, -4.019619802498192, -0.1361532898800517
1263, -0.020255565643310547, -0.8135945200920105, 2.061180591583252, 0.02950882911682129, -1.2732347249984741, -0.013451814651489258, 0.0, -1.797194663558428, -5.382833326601961, -4.019621459596075, -0.1361516936130167
1264, -0.0202481746673584, -0.8136019706726074, 2.061180591583252, 0.02949070930480957, -1.27324378490448, -0.013451814651489258, 0.0, -1.797190179760743, -5.382844327757303, -4.019620060200817, -0.13615551247942737
1265, -0.020262718200683594, -0.8136312365531921, 2.061180591583252, 0.02949070930480957, -1.2732256650924683, -0.013451814651489258, 0.0, -1.7971867456370325, -5.382853703677317, -4.01962493143247, -0.13616076663318388
1266, -0.020262718200683594, -0.8136167526245117, 2.061180591583252, 0.02948141098022461, -1.2732347249984741, -0.013451814651489258, 0.0, -1.7971816674396353, -5.382847540691258, -4.019623870857699, -0.13614333079364727
1267, -0.020262718200683594, -0.8136091232299805, 2.061180591583252, 0.02949070930480957, -1.2732528448104858, -0.013470172882080078, 0.0, -1.7971748080125356, -5.382844707452945, -4.019621453528079, -0.13614588211733825
1268, -0.020255565643310547, -0.813579797744751, 2.0611724853515625, 0.02948141098022461, -1.2732256650924683, -0.013442754745483398, 0.0, -1.7971740163270513, -5.3828400492611275, -4.019620748721726, -0.1361585210381211
1269, -0.020255565643310547, -0.8136019706726074, 2.061180591583252, 0.02947235107421875, -1.2732528448104858, -0.013479232788085938, 0.0, -1.7971757797552783, -5.382835514261695, -4.019620403106883, -0.13615554224033932
1270, -0.020255565643310547, -0.8136167526245117, 2.061180591583252, 0.02949070930480957, -1.2732256650924683, -0.013470172882080078, 0.0, -1.7971819637590563, -5.382842449559618, -4.0196258138065115, -0.13614818858880895
1271, -0.020262718200683594, -0.8136019706726074, 2.061180591583252, 0.02948141098022461, -1.2732256650924683, -0.013433456420898438, 0.0, -1.7971789105631533, -5.382855700317511, -4.019629083805807, -0.13616333689605398
1272, -0.020270109176635742, -0.8135945200920105, 2.061180591583252, 0.02949070930480957, -1.2732347249984741, -0.013433456420898438, 0.0, -1.7971744096176046, -5.382850534761956, -4.0196284909167055, -0.13616136320505046
1273, -0.020255565643310547, -0.813579797744751, 2.0611724853515625, 0.02947235107421875, -1.2732347249984741, -0.013433456420898438, 0.0, -1.797174147093899, -5.382841299997111, -4.019627870973649, -0.13614457669740165
1274, -0.020270109176635742, -0.8135945200920105, 2.0611724853515625, 0.02949976921081543, -1.2732347249984741, -0.013442754745483398, 0.0, -1.797163746149494, -5.382838555611952, -4.0196235880946105, -0.13615611716761222
1275, -0.020270109176635742, -0.8135871291160583, 2.061180591583252, 0.02947235107421875, -1.2732528448104858, -0.013451814651489258, 0.0, -1.7971634262783382, -5.382836685740341, -4.019625567746234, -0.13616298111911718
1276, -0.020270109176635742, -0.8136019706726074, 2.0611884593963623, 0.02949070930480957, -1.2732347249984741, -0.013433456420898438, 0.0, -1.797160448062547, -5.38284035435338, -4.0196286439588045, -0.13615297874339038
1277, -0.020270109176635742, -0.8136019706726074, 2.061180591583252, 0.02948141098022461, -1.2732619047164917, -0.013433456420898438, 0.0, -1.7971623027258898, -5.382851777512585, -4.019630717746272, -0.1361417778120506
1278, -0.020262718200683594, -0.8136091232299805, 2.0611884593963623, 0.02947235107421875, -1.2732528448104858, -0.013442754745483398, 0.0, -1.7971580244517247, -5.38285733260153, -4.01962904110256, -0.13614870534533097
1279, -0.020270109176635742, -0.8136167526245117, 2.061180591583252, 0.02947235107421875, -1.2732347249984741, -0.013433456420898438, 0.0, -1.7971542790705446, -5.38285643038935, -4.019630099038965, -0.13613528722437263
1280, -0.020255565643310547, -0.8135945200920105, 2.061180591583252, 0.02949070930480957, -1.2732528448104858, -0.013433456420898438, 0.0, -1.7971563558758707, -5.382853465579526, -4.019631307151397, -0.13614801407983723
1281, -0.020255565643310547, -0.8135945200920105, 2.0611724853515625, 0.02949070930480957, -1.27324378490448, -0.013451814651489258, 0.0, -1.7971560597202618, -5.382848935457219, -4.019628244900788, -0.13614691833750747
1282, -0.020262718200683594, -0.8136091232299805, 2.061180591583252, 0.02948141098022461, -1.2732712030410767, -0.013415336608886719, 0.0, -1.797157072925625, -5.382851595873153, -4.01962957861415, -0.13614093233579272
1283, -0.020255565643310547, -0.8136019706726074, 2.061180591583252, 0.02948141098022461, -1.2732256650924683, -0.013424396514892578, 0.0, -1.7971561763799042, -5.382854515104061, -4.019635157155316, -0.13613815915538474
1284, -0.020255565643310547, -0.8136167526245117, 2.061180591583252, 0.02948141098022461, -1.2732347249984741, -0.013460874557495117, 0.0, -1.7971467742273015, -5.38285467598402, -4.019634171958261, -0.13613374777057263
1285, -0.02024078369140625, -0.8136091232299805, 2.0611724853515625, 0.02947235107421875, -1.2732805013656616, -0.013415336608886719, 0.0, -1.7971459614186962, -5.38284593599638, -4.019633466590153, -0.13613475829227095
1286, -0.020262718200683594, -0.8136167526245117, 2.061180591583252, 0.02948141098022461, -1.27324378490448, -0.013415336608886719, 0.0, -1.7971472565361815, -5.3828518434647545, -4.0196350413689155, -0.13614838067957713
1287, -0.020255565643310547, -0.8136167526245117, 2.061180591583252, 0.02949976921081543, -1.27324378490448, -0.013433456420898438, 0.0, -1.7971431871802488, -5.382856492893514, -4.019637328878781, -0.13611892141468918
1288, -0.0202481746673584, -0.8135945200920105, 2.061180591583252, 0.02947235107421875, -1.2732619047164917, -0.013415336608886719, 0.0, -1.797139130265539, -5.382858058006451, -4.019639158473016, -0.1361327074876062
1289, -0.020270109176635742, -0.8135945200920105, 2.0611724853515625, 0.02947235107421875, -1.2732347249984741, -0.013424396514892578, 0.0, -1.7971308008096487, -5.382855770704866, -4.019637469818199, -0.13613463248354485
1290, -0.020262718200683594, -0.8136019706726074, 2.0611884593963623, 0.02948141098022461, -1.2732528448104858, -0.013424396514892578, 0.0, -1.7971336607427522, -5.382855162704024, -4.019634103663467, -0.1361491950458582
1291, -0.020262718200683594, -0.8136091232299805, 2.0611724853515625, 0.02948141098022461, -1.2732528448104858, -0.01340627670288086, 0.0, -1.797131771892976, -5.382858095260908, -4.019637212128495, -0.13613201892102733
1292, -0.02024078369140625, -0.8136167526245117, 2.061180591583252, 0.02949070930480957, -1.2732805013656616, -0.013451814651489258, 0.0, -1.7971277321407837, -5.382870207390472, -4.019640056956199, -0.13611968164625754
1293, -0.020255565643310547, -0.8136167526245117, 2.061180591583252, 0.02949070930480957, -1.2732712030410767, -0.013433456420898438, 0.0, -1.7971222666859379, -5.382879977859244, -4.019635268038191, -0.13612455433260617
1294, -0.0202481746673584, -0.8136167526245117, 2.0611724853515625, 0.02949070930480957, -1.2732619047164917, -0.013424396514892578, 0.0, -1.7971173731257624, -5.382881896299657, -4.019633926400402, -0.13613610699006884
1295, -0.0202481746673584, -0.8136312365531921, 2.0611724853515625, 0.02949976921081543, -1.2732805013656616, -0.013415336608886719, 0.0, -1.7971125006661492, -5.382874370967104, -4.019636656565746, -0.13614474442707536
1296, -0.02024078369140625, -0.8136167526245117, 2.061180591583252, 0.02948141098022461, -1.2733076810836792, -0.013415336608886719, 0.0, -1.7971103194504523, -5.382868893376393, -4.019634998252953, -0.1361377790079974
1297, -0.0202333927154541, -0.8136091232299805, 2.061180591583252, 0.02948141098022461, -1.27324378490448, -0.013415336608886719, 0.0, -1.7971131724518474, -5.382876568567178, -4.019640140428074, -0.136155400204375
1298, -0.02024078369140625, -0.8136167526245117, 2.0611884593963623, 0.02949070930480957, -1.2732986211776733, -0.013424396514892578, 0.0, -1.7971068158897927, -5.382881097976244, -4.019638240209546, -0.13615070879343705
1299, -0.020226240158081055, -0.8136019706726074, 2.061180591583252, 0.02948141098022461, -1.2732805013656616, -0.013433456420898438, 0.0, -1.7971072015980873, -5.382886557584739, -4.019640578119335, -0.13616031888055513
1300, -0.0202333927154541, -0.8136091232299805, 2.0611724853515625, 0.02947235107421875, -1.2732712030410767, -0.013396978378295898, 0.0, -1.7970997932915656, -5.382890520387164, -4.019637697503825, -0.1361708366784926
1301, -0.020218849182128906, -0.8136091232299805, 2.061180591583252, 0.02948141098022461, -1.2732712030410767, -0.013396978378295898, 0.0, -1.7970963247712586, -5.3828867212220795, -4.019636861252614, -0.13617439446719004
1302, -0.020211219787597656, -0.8136241436004639, 2.061180591583252, 0.02949070930480957, -1.2732805013656616, -0.013424396514892578, 0.0, -1.797097894916791, -5.382880194212254, -4.019634402678814, -0.13617125197685453
1303, -0.020203828811645508, -0.8136091232299805, 2.061180591583252, 0.02946329116821289, -1.2732619047164917, -0.01340627670288086, 0.0, -1.7971068966524617, -5.382880654105318, -4.01963828868322, -0.13618449154378354
1304, -0.02019643783569336, -0.8136312365531921, 2.061180591583252, 0.02947235107421875, -1.2732712030410767, -0.013442754745483398, 0.0, -1.797103457362782, -5.382885513386474, -4.019642189418614, -0.13620531881267262
1305, -0.020189285278320312, -0.8136091232299805, 2.061180591583252, 0.02949070930480957, -1.2732895612716675, -0.013442754745483398, 0.0, -1.7971002942246037, -5.3828831373481, -4.019641615471215, -0.13620370360365985
1306, -0.020174503326416016, -0.8136019706726074, 2.0611884593963623, 0.02947235107421875, -1.2733169794082642, -0.013415336608886719, 0.0, -1.7970909588165291, -5.382876554355568, -4.019639071987532, -0.13620406209350922
1307, -0.02015972137451172, -0.8136167526245117, 2.061180591583252, 0.02947235107421875, -1.2733076810836792, -0.01340627670288086, 0.0, -1.7970827343567741, -5.382870819774147, -4.019635849429823, -0.13621460693471832
1308, -0.02015209197998047, -0.8136091232299805, 2.061180591583252, 0.02949976921081543, -1.27332603931427, -0.013424396514892578, 0.0, -1.7970878802625976, -5.38286470732075, -4.019636315528481, -0.13621122907209404
1309, -0.020130157470703125, -0.8136019706726074, 2.061180591583252, 0.02947235107421875, -1.27332603931427, -0.013415336608886719, 0.0, -1.7970907316690712, -5.382864744853939, -4.019636699103107, -0.13620393357130656
1310, -0.020122766494750977, -0.8136167526245117, 2.0611884593963623, 0.02948141098022461, -1.2733534574508667, -0.013424396514892578, 0.0, -1.7970924889024835, -5.382874546200593, -4.0196450082006825, -0.13620788096960634
1311, -0.020122766494750977, -0.8136167526245117, 2.0611884593963623, 0.02949070930480957, -1.2734628915786743, -0.013415336608886719, 0.0, -1.7970882328240636, -5.382876903330019, -4.019643116961902, -0.1362001160546722
1312, -0.020122766494750977, -0.8136019706726074, 2.061180591583252, 0.02948141098022461, -1.2734357118606567, -0.013424396514892578, 0.0, -1.7970842120105002, -5.382875051197418, -4.019642257466306, -0.13619894725946935
1313, -0.02011561393737793, -0.8135871291160583, 2.0611724853515625, 0.02949070930480957, -1.2734719514846802, -0.013424396514892578, 0.0, -1.7970853481896705, -5.382871271684533, -4.019642822737557, -0.13619898242319906
1314, -0.020122766494750977, -0.8135945200920105, 2.0611724853515625, 0.02949070930480957, -1.2734447717666626, -0.013396978378295898, 0.0, -1.7970878671650068, -5.382875085891362, -4.019639271839794, -0.13620545542032314
1315, -0.02010822296142578, -0.8136241436004639, 2.061180591583252, 0.02946329116821289, -1.2734719514846802, -0.013424396514892578, 0.0, -1.797095263067467, -5.38287638110378, -4.019642476981233, -0.1361968734433967
1316, -0.02010822296142578, -0.8136312365531921, 2.061180591583252, 0.02945423126220703, -1.2734719514846802, -0.013396978378295898, 0.0, -1.7970935067631506, -5.3828807415859465, -4.019646000361213, -0.1362087399577634
1317, -0.02011561393737793, -0.8136167526245117, 2.061180591583252, 0.02949070930480957, -1.2734719514846802, -0.013424396514892578, 0.0, -1.797090468733725, -5.382882097850174, -4.0196474155153075, -0.1361942612446061
1318, -0.020122766494750977, -0.8136386275291443, 2.0611724853515625, 0.02949070930480957, -1.2734447717666626, -0.013415336608886719, 0.0, -1.7970861473520694, -5.3828806391704, -4.019647051041413, -0.13619366062259264
1319, -0.02010822296142578, -0.8136091232299805, 2.061180591583252, 0.02948141098022461, -1.273481011390686, -0.013415336608886719, 0.0, -1.7970831783185854, -5.382874355838121, -4.019646879580716, -0.13619063853178837
1320, -0.02011561393737793, -0.8136241436004639, 2.061180591583252, 0.02947235107421875, -1.2734719514846802, -0.013415336608886719, 0.0, -1.7970863386407325, -5.382869167995924, -4.019647744637077, -0.13619743890064218
1321, -0.020130157470703125, -0.8136167526245117, 2.061180591583252, 0.02946329116821289, -1.2735544443130493, -0.013369560241699219, 0.0, -1.7970929729051366, -5.382872199680007, -4.019649632515568, -0.13620241844954606
1322, -0.02011561393737793, -0.8136241436004639, 2.061180591583252, 0.02948141098022461, -1.2735086679458618, -0.013378620147705078, 0.0, -1.797095179517394, -5.382881333023244, -4.019654124259968, -0.13620482368067766
1323, -0.02011561393737793, -0.8136167526245117, 2.061180591583252, 0.02947235107421875, -1.2735177278518677, -0.013396978378295898, 0.0, -1.797092012280205, -5.382882224102835, -4.01965374975052, -0.1362163979883375
1324, -0.02011561393737793, -0.8136167526245117, 2.0611724853515625, 0.02949976921081543, -1.2735267877578735, -0.01340627670288086, 0.0, -1.797090107413497, -5.382877390027577, -4.019652229275904, -0.13620509693051286
1325, -0.02011561393737793, -0.8136241436004639, 2.0611724853515625, 0.02949070930480957, -1.2735267877578735, -0.013415336608886719, 0.0, -1.797084165395276, -5.382866930339813, -4.019651566630341, -0.13619283948222805
1326, -0.02010059356689453, -0.8136167526245117, 2.0611724853515625, 0.02949070930480957, -1.2735449075698853, -0.01340627670288086, 0.0, -1.7970821202255989, -5.382862119065212, -4.019650573260274, -0.13618441712073803
1327, -0.02010822296142578, -0.8136241436004639, 2.061180591583252, 0.02947235107421875, -1.2735267877578735, -0.013424396514892578, 0.0, -1.7970885754208927, -5.382858353138794, -4.019652503059356, -0.13619325070463173
1328, -0.02011561393737793, -0.8136091232299805, 2.061180591583252, 0.02949070930480957, -1.2735449075698853, -0.013415336608886719, 0.0, -1.797097990053928, -5.382860171053933, -4.019656995572018, -0.1361876177751773
1329, -0.02010822296142578, -0.8136019706726074, 2.061180591583252, 0.02947235107421875, -1.2735449075698853, -0.013415336608886719, 0.0, -1.7970926728832317, -5.382859640962896, -4.019650391537843, -0.1362011359819002
1330, -0.02010059356689453, -0.8136167526245117, 2.0611884593963623, 0.02947235107421875, -1.2735267877578735, -0.01340627670288086, 0.0, -1.7970862798405296, -5.3828506041289215, -4.019652364607298, -0.13620822586612213
1331, -0.02011561393737793, -0.8136312365531921, 2.061180591583252, 0.02948141098022461, -1.2735358476638794, -0.013442754745483398, 0.0, -1.7970858013594009, -5.3828463019529105, -4.019654348987698, -0.13620064360031936
1332, -0.020122766494750977, -0.8136167526245117, 2.0611963272094727, 0.02948141098022461, -1.2735267877578735, -0.01340627670288086, 0.0, -1.79708312352655, -5.382847267885199, -4.019652014008772, -0.13619642159787837
1333, -0.020122766494750977, -0.8136091232299805, 2.0611724853515625, 0.02946329116821289, -1.2735635042190552, -0.013424396514892578, 0.0, -1.7970895611144735, -5.382847122522741, -4.019657146444385, -0.1362010778186713
1334, -0.02010822296142578, -0.8135945200920105, 2.061180591583252, 0.02948141098022461, -1.2735358476638794, -0.013396978378295898, 0.0, -1.7970908800279255, -5.382850196007287, -4.019658064681664, -0.13619449930454586
1335, -0.020130157470703125, -0.8136241436004639, 2.061180591583252, 0.02949070930480957, -1.2735544443130493, -0.013396978378295898, 0.0, -1.7970935939258657, -5.3828546441780585, -4.019657504501894, -0.13618215662840427
1336, -0.020122766494750977, -0.8136091232299805, 2.0611724853515625, 0.02948141098022461, -1.273572564125061, -0.01340627670288086, 0.0, -1.797098829577475, -5.382855587459542, -4.019656804090966, -0.1361844400989547
1337, -0.020130157470703125, -0.8136091232299805, 2.061180591583252, 0.02947235107421875, -1.2735635042190552, -0.01340627670288086, 0.0, -1.7970928262401564, -5.382853950973456, -4.019657053972701, -0.13619590211184196
1338, -0.020130157470703125, -0.8136312365531921, 2.061180591583252, 0.02948141098022461, -1.2735906839370728, -0.013415336608886719, 0.0, -1.7970948257381378, -5.382851025545674, -4.019660690517139, -0.13619886331910092
1339, -0.020122766494750977, -0.8135945200920105, 2.0611724853515625, 0.02948141098022461, -1.2735999822616577, -0.013387918472290039, 0.0, -1.7970936056522733, -5.382845263905862, -4.0196609956992395, -0.1361923213293661
1340, -0.020137548446655273, -0.8136312365531921, 2.061180591583252, 0.02948141098022461, -1.2736274003982544, -0.013415336608886719, 0.0, -1.797096256910699, -5.382842020208694, -4.01966538257621, -0.13618810745001753
1341, -0.020130157470703125, -0.8136091232299805, 2.061180591583252, 0.02947235107421875, -1.2736364603042603, -0.013387918472290039, 0.0, -1.7970996893294782, -5.38284457193009, -4.019664584131139, -0.1361887919503184
1342, -0.020130157470703125, -0.8136091232299805, 2.061180591583252, 0.02948141098022461, -1.2736090421676636, -0.013415336608886719, 0.0, -1.7970982792201418, -5.382850922837689, -4.01966328549586, -0.1361877137967724
1343, -0.020122766494750977, -0.8136241436004639, 2.061180591583252, 0.02948141098022461, -1.273581624031067, -0.013415336608886719, 0.0, -1.7971026436340036, -5.382847308389616, -4.019665783554988, -0.13619882272236516
1344, -0.020122766494750977, -0.8136091232299805, 2.0611724853515625, 0.02948141098022461, -1.273663878440857, -0.013424396514892578, 0.0, -1.797100110072697, -5.3828510405761465, -4.019665938332732, -0.13619847371130334
1345, -0.020130157470703125, -0.8136091232299805, 2.061180591583252, 0.02948141098022461, -1.2736364603042603, -0.013378620147705078, 0.0, -1.7970986316844542, -5.382852678469956, -4.0196656846501035, -0.1361840545433557
1346, -0.020130157470703125, -0.8136091232299805, 2.061180591583252, 0.02948141098022461, -1.2736181020736694, -0.01340627670288086, 0.0, -1.7971030507748367, -5.382855222332345, -4.019670410106687, -0.13617193103344505
1347, -0.02011561393737793, -0.8136386275291443, 2.061180591583252, 0.02948141098022461, -1.2736364603042603, -0.013396978378295898, 0.0, -1.7971022767455584, -5.382851417642251, -4.01966882689432, -0.13616931748275363
1348, -0.020122766494750977, -0.8136386275291443, 2.061180591583252, 0.02948141098022461, -1.2736181020736694, -0.01340627670288086, 0.0, -1.7971011794693907, -5.382853833616494, -4.019672004793946, -0.13615508906293794
1349, -0.020137548446655273, -0.8136312365531921, 2.061180591583252, 0.02949976921081543, -1.2736274003982544, -0.013378620147705078, 0.0, -1.797097279621275, -5.382848638795557, -4.019669595432543, -0.13614077541525482
1350, -0.020144939422607422, -0.8136167526245117, 2.061180591583252, 0.02947235107421875, -1.2736457586288452, -0.013378620147705078, 0.0, -1.7970927716267526, -5.382848155878155, -4.019671542752372, -0.13615478198406983
1351, -0.020137548446655273, -0.8136091232299805, 2.0611724853515625, 0.02949070930480957, -1.2736181020736694, -0.013387918472290039, 0.0, -1.79709465667729, -5.38284455985025, -4.019671739373466, -0.136144636219238
1352, -0.020137548446655273, -0.8136091232299805, 2.0611724853515625, 0.02949070930480957, -1.2736364603042603, -0.013396978378295898, 0.0, -1.7970958271095467, -5.382839059881476, -4.019671823381354, -0.1361314832518099
1353, -0.02015209197998047, -0.8136241436004639, 2.0611724853515625, 0.02948141098022461, -1.2736457586288452, -0.013378620147705078, 0.0, -1.7971005595063148, -5.382833600771706, -4.019672658767982, -0.13612224519887128
1354, -0.020167112350463867, -0.8136019706726074, 2.061180591583252, 0.02948141098022461, -1.2735999822616577, -0.013378620147705078, 0.0, -1.7971043814458982, -5.382836413996523, -4.019677385492603, -0.1361289359923692
1355, -0.02015972137451172, -0.8136019706726074, 2.061180591583252, 0.02949070930480957, -1.273654818534851, -0.013387918472290039, 0.0, -1.7971064284865117, -5.382835275413807, -4.019676351482338, -0.13612280660912202
1356, -0.02015972137451172, -0.8136091232299805, 2.0611724853515625, 0.02947235107421875, -1.273654818534851, -0.01340627670288086, 0.0, -1.797106164006021, -5.38282697826962, -4.01967791301689, -0.13612905503607653
1357, -0.020181894302368164, -0.8136167526245117, 2.0611724853515625, 0.02949976921081543, -1.2736457586288452, -0.013378620147705078, 0.0, -1.797102759011468, -5.382824624642863, -4.019682800062095, -0.13612764680760403
1358, -0.020181894302368164, -0.8136167526245117, 2.061180591583252, 0.02947235107421875, -1.2736457586288452, -0.013378620147705078, 0.0, -1.7971019888521207, -5.382820299008608, -4.019682748497351, -0.13611686930371913
1359, -0.020189285278320312, -0.8136167526245117, 2.0611724853515625, 0.02948141098022461, -1.2736364603042603, -0.013378620147705078, 0.0, -1.7971028447433004, -5.382813021493396, -4.019685276147344, -0.13610375556516185
1360, -0.020189285278320312, -0.8136167526245117, 2.0611724853515625, 0.02949070930480957, -1.2736090421676636, -0.013396978378295898, 0.0, -1.7971099195193292, -5.382803516441024, -4.019688700445658, -0.1360965223061914
1361, -0.020203828811645508, -0.8136312365531921, 2.0611724853515625, 0.02948141098022461, -1.2736090421676636, -0.013387918472290039, 0.0, -1.797103562260371, -5.382807293656884, -4.019691088830048, -0.13609807664328777
1362, -0.020218849182128906, -0.8136167526245117, 2.061180591583252, 0.02949070930480957, -1.273663878440857, -0.01340627670288086, 0.0, -1.797105304645223, -5.38279872499425, -4.019694908990976, -0.13608624804657943
1363, -0.020226240158081055, -0.8136091232299805, 2.061180591583252, 0.02949976921081543, -1.273654818534851, -0.013387918472290039, 0.0, -1.7971064234331435, -5.382793503353762, -4.019698584200968, -0.13607438426691942
1364, -0.0202481746673584, -0.8136312365531921, 2.061180591583252, 0.02948141098022461, -1.2736274003982544, -0.013378620147705078, 0.0, -1.7971044830330523, -5.38279208253389, -4.01969900554734, -0.13606598898374056
1365, -0.02029252052307129, -0.8136019706726074, 2.0611724853515625, 0.02949070930480957, -1.2736364603042603, -0.013387918472290039, 0.0, -1.79709938471205, -5.38279178283824, -4.019700245666532, -0.13604590982321074
1366, -0.02032184600830078, -0.8136167526245117, 2.061180591583252, 0.02947235107421875, -1.273663878440857, -0.013387918472290039, 0.0, -1.7970987490333088, -5.382777639270043, -4.0197047918017255, -0.13602430339487093
1367, -0.020366191864013672, -0.8136312365531921, 2.0611884593963623, 0.02949070930480957, -1.2735999822616577, -0.013387918472290039, 0.0, -1.7970943619038071, -5.3827692391485025, -4.0197096898943405, -0.1360097637842541
1368, -0.02037334442138672, -0.8136312365531921, 2.061180591583252, 0.02947235107421875, -1.2736819982528687, -0.013387918472290039, 0.0, -1.7970958094488314, -5.382767687839014, -4.019710512907054, -0.13599825856116343
1369, -0.02041769027709961, -0.8136241436004639, 2.061180591583252, 0.02948141098022461, -1.2736457586288452, -0.013369560241699219, 0.0, -1.7970952492123504, -5.38276262625642, -4.019712745984827, -0.13599953284815403
1370, -0.0204620361328125, -0.8136167526245117, 2.0611724853515625, 0.02948141098022461, -1.2736457586288452, -0.013387918472290039, 0.0, -1.7970926548446036, -5.382757590836524, -4.0197130529030565, -0.1359987387411561
1371, -0.020521163940429688, -0.8136386275291443, 2.0611724853515625, 0.02949070930480957, -1.273663878440857, -0.013378620147705078, 0.0, -1.7970896436836785, -5.382754193704187, -4.019712550107803, -0.13599918515722464
1372, -0.020572662353515625, -0.8136386275291443, 2.061180591583252, 0.02949070930480957, -1.273654818534851, -0.013369560241699219, 0.0, -1.7970877872954398, -5.382747406613473, -4.019715039646397, -0.13598797477760183
1373, -0.020609617233276367, -0.8136241436004639, 2.061180591583252, 0.02947235107421875, -1.2736457586288452, -0.013369560241699219, 0.0, -1.7970888409305161, -5.38273959001811, -4.0197233734499305, -0.13598848071594016
1374, -0.020646333694458008, -0.8136241436004639, 2.061180591583252, 0.02946329116821289, -1.2736457586288452, -0.013369560241699219, 0.0, -1.7970851749753323, -5.382739362592746, -4.019722556508683, -0.13598977265625756
1375, -0.020653724670410156, -0.8136091232299805, 2.0611884593963623, 0.02945423126220703, -1.2736729383468628, -0.013369560241699219, 0.0, -1.7970920762232876, -5.382734666247265, -4.019728179153359, -0.13599404059691
1376, -0.02068328857421875, -0.8136312365531921, 2.0611884593963623, 0.02948141098022461, -1.2736819982528687, -0.013351202011108398, 0.0, -1.7970923121782403, -5.382730010806805, -4.019729365514841, -0.13599926366417048
1377, -0.0206758975982666, -0.8136241436004639, 2.061180591583252, 0.02947235107421875, -1.273654818534851, -0.013369560241699219, 0.0, -1.797089313800049, -5.382731146911138, -4.0197257472325365, -0.13600850437593248
1378, -0.0206758975982666, -0.8136312365531921, 2.0611884593963623, 0.02946329116821289, -1.273654818534851, -0.01336050033569336, 0.0, -1.797085385061302, -5.382734162907278, -4.019727972023698, -0.13601671976338814
1379, -0.020668745040893555, -0.8136167526245117, 2.061180591583252, 0.02947235107421875, -1.2736915349960327, -0.01336050033569336, 0.0, -1.797091267865965, -5.382724429057259, -4.019733585489696, -0.13602757435082768
1380, -0.0206906795501709, -0.8136091232299805, 2.0611724853515625, 0.02946329116821289, -1.2736364603042603, -0.013369560241699219, 0.0, -1.7970873968809884, -5.382722586215242, -4.019734484870871, -0.13602968604685284
1381, -0.020698070526123047, -0.8136386275291443, 2.061180591583252, 0.02949070930480957, -1.2736457586288452, -0.013351202011108398, 0.0, -1.7970894293685014, -5.382725075839744, -4.019738588617106, -0.13603330067398556
1382, -0.0206906795501709, -0.8136312365531921, 2.0611724853515625, 0.02947235107421875, -1.2736729383468628, -0.013351202011108398, 0.0, -1.7970874016676532, -5.38272170742435, -4.0197376189891445, -0.13602014905548998
1383, -0.020705223083496094, -0.8136019706726074, 2.061180591583252, 0.02947235107421875, -1.2736274003982544, -0.01336050033569336, 0.0, -1.7970916234250556, -5.382714681597489, -4.019740847683449, -0.1360247187119743
1384, -0.020712614059448242, -0.8136241436004639, 2.061180591583252, 0.02948141098022461, -1.2736729383468628, -0.013378620147705078, 0.0, -1.7970907308843302, -5.382717205779464, -4.0197396457305725, -0.13600996676899335
1385, -0.0206906795501709, -0.8136312365531921, 2.0611724853515625, 0.02948141098022461, -1.2736819982528687, -0.01336050033569336, 0.0, -1.797093521705992, -5.382721048420667, -4.019742044706514, -0.13601303349294014
1386, -0.020705223083496094, -0.8136167526245117, 2.061180591583252, 0.02947235107421875, -1.2736457586288452, -0.013378620147705078, 0.0, -1.7970823579200605, -5.382715400589251, -4.019739530233458, -0.13600027554023342
1387, -0.020712614059448242, -0.8136312365531921, 2.0611884593963623, 0.02945423126220703, -1.2736819982528687, -0.01336050033569336, 0.0, -1.7970878106047696, -5.3827198252139805, -4.01974396992981, -0.1359897442284499
1388, -0.020698070526123047, -0.8136312365531921, 2.061180591583252, 0.02947235107421875, -1.2736729383468628, -0.013369560241699219, 0.0, -1.797084982866445, -5.382721408365877, -4.0197411266163225, -0.13597240040658232
1389, -0.020712614059448242, -0.8136167526245117, 2.0611724853515625, 0.02947235107421875, -1.2736729383468628, -0.013351202011108398, 0.0, -1.7970917412453196, -5.3827174024280255, -4.019743854628728, -0.13595969254450324
1390, -0.020720243453979492, -0.8136167526245117, 2.0611724853515625, 0.02948141098022461, -1.2736729383468628, -0.013351202011108398, 0.0, -1.797093913461064, -5.382720285697886, -4.019747972012919, -0.13598384487220905
1391, -0.020742416381835938, -0.8136386275291443, 2.061180591583252, 0.02949070930480957, -1.273654818534851, -0.013351202011108398, 0.0, -1.7970950892852375, -5.382719114745616, -4.019744448833853, -0.1359606516748002
1392, -0.020742416381835938, -0.8136312365531921, 2.061180591583252, 0.02948141098022461, -1.2736819982528687, -0.013351202011108398, 0.0, -1.7970958058438011, -5.382715243954272, -4.019747606640875, -0.13595144207627374
1393, -0.02077198028564453, -0.8136167526245117, 2.061180591583252, 0.02947235107421875, -1.2736729383468628, -0.013351202011108398, 0.0, -1.7970980425608762, -5.382714217001033, -4.019748314591084, -0.13594627719801444
1394, -0.020786523818969727, -0.8136167526245117, 2.061180591583252, 0.02946329116821289, -1.2737005949020386, -0.013351202011108398, 0.0, -1.797099593417815, -5.382726197452165, -4.019747169860828, -0.13595978461417602
1395, -0.020793914794921875, -0.8136167526245117, 2.061180591583252, 0.02948141098022461, -1.2736729383468628, -0.013351202011108398, 0.0, -1.7971022416563502, -5.3827253031480655, -4.019748366910663, -0.13597662792782472
1396, -0.02081584930419922, -0.8136241436004639, 2.061180591583252, 0.02947235107421875, -1.2736915349960327, -0.013351202011108398, 0.0, -1.7971014152006557, -5.3827236319730725, -4.01974940409008, -0.1359850637431741
1397, -0.020801305770874023, -0.8136386275291443, 2.061180591583252, 0.02947235107421875, -1.2737005949020386, -0.013342142105102539, 0.0, -1.7971004335650955, -5.382725539704204, -4.019753262333107, -0.13598692514224453
1398, -0.020801305770874023, -0.8136241436004639, 2.061180591583252, 0.02948141098022461, -1.2736729383468628, -0.013351202011108398, 0.0, -1.7970968894217776, -5.382730372447182, -4.019751249487021, -0.13598731070305092
1399, -0.020801305770874023, -0.8136241436004639, 2.061180591583252, 0.02947235107421875, -1.2736729383468628, -0.013369560241699219, 0.0, -1.7971032689440587, -5.382730687604465, -4.019752490460011, -0.1359803616084072
1400, -0.020801305770874023, -0.8136460781097412, 2.0611724853515625, 0.02948141098022461, -1.2736729383468628, -0.013369560241699219, 0.0, -1.7971027714012378, -5.382728625873899, -4.019751129626159, -0.13598199846607706
1401, -0.020801305770874023, -0.8136386275291443, 2.0611724853515625, 0.02946329116821289, -1.2737005949020386, -0.01333308219909668, 0.0, -1.797110048040556, -5.382724543950066, -4.019756615962264, -0.13596496715560757
1402, -0.020808696746826172, -0.8136241436004639, 2.061180591583252, 0.02949070930480957, -1.2736915349960327, -0.01336050033569336, 0.0, -1.7971095163278579, -5.382725812670645, -4.019757019905573, -0.13595466849615878
1403, -0.020808696746826172, -0.8136241436004639, 2.0611724853515625, 0.02948141098022461, -1.2736819982528687, -0.013342142105102539, 0.0, -1.7971116753885035, -5.3827279567374555, -4.019758185076113, -0.13595023821389507
1404, -0.020793914794921875, -0.8136091232299805, 2.061180591583252, 0.02947235107421875, -1.2736729383468628, -0.01336050033569336, 0.0, -1.797109051098137, -5.382725676177706, -4.019757678331944, -0.13594462971460342
1405, -0.020786523818969727, -0.8136091232299805, 2.0611724853515625, 0.02949976921081543, -1.273663878440857, -0.013351202011108398, 0.0, -1.7971114297535449, -5.382730640016421, -4.019760544371716, -0.13592735885327745
1406, -0.020801305770874023, -0.8136167526245117, 2.061180591583252, 0.02949070930480957, -1.273663878440857, -0.013351202011108398, 0.0, -1.7971065765669798, -5.382730977381136, -4.019757962633231, -0.13592656075520715
1407, -0.020786523818969727, -0.8136091232299805, 2.061180591583252, 0.02948141098022461, -1.2736819982528687, -0.01333308219909668, 0.0, -1.7971096815396421, -5.382726380920026, -4.019761243553114, -0.13592759561626533
1408, -0.020793914794921875, -0.8136167526245117, 2.061180591583252, 0.02949070930480957, -1.273663878440857, -0.01333308219909668, 0.0, -1.7971108359364356, -5.382722325716434, -4.0197584622624385, -0.1359315457383925
1409, -0.020801305770874023, -0.8136167526245117, 2.0611724853515625, 0.02948141098022461, -1.2736915349960327, -0.013351202011108398, 0.0, -1.797107877606305, -5.382715930838437, -4.019758991135048, -0.13591982266793234
1410, -0.020801305770874023, -0.8136167526245117, 2.061164379119873, 0.02949070930480957, -1.2736915349960327, -0.01333308219909668, 0.0, -1.7971077278349679, -5.382709730824195, -4.019760069581892, -0.1359028563499436
1411, -0.02081584930419922, -0.8136167526245117, 2.061164379119873, 0.02948141098022461, -1.273654818534851, -0.01336050033569336, 0.0, -1.79711581473853, -5.382706918541206, -4.019764760440172, -0.1359136364877278
1412, -0.020823240280151367, -0.8136241436004639, 2.061180591583252, 0.02947235107421875, -1.2736915349960327, -0.01333308219909668, 0.0, -1.797113727447901, -5.382702647972446, -4.019761540908356, -0.1359091440443816
1413, -0.020838260650634766, -0.8136019706726074, 2.061180591583252, 0.02949070930480957, -1.2736819982528687, -0.013369560241699219, 0.0, -1.797123921672089, -5.3826989719683205, -4.019764736126027, -0.13590382904170273
1414, -0.020830869674682617, -0.8136167526245117, 2.061180591583252, 0.02948141098022461, -1.2736819982528687, -0.01333308219909668, 0.0, -1.797122555707635, -5.382692027944504, -4.019764479184549, -0.1358860307476677
1415, -0.020845651626586914, -0.8136091232299805, 2.0611724853515625, 0.02948141098022461, -1.2736915349960327, -0.013369560241699219, 0.0, -1.7971239654416378, -5.3826960976292115, -4.019767051248722, -0.13590125751720183
1416, -0.020853042602539062, -0.8136167526245117, 2.0611724853515625, 0.02949976921081543, -1.2736729383468628, -0.01333308219909668, 0.0, -1.797123102784817, -5.382694730915339, -4.019769338401358, -0.1358976916425032
1417, -0.02086019515991211, -0.8136241436004639, 2.061180591583252, 0.02948141098022461, -1.2736729383468628, -0.013342142105102539, 0.0, -1.7971239805974522, -5.382693173242086, -4.019772572579626, -0.13590182562345277
1418, -0.020867586135864258, -0.8136241436004639, 2.061180591583252, 0.02947235107421875, -1.2736729383468628, -0.013342142105102539, 0.0, -1.7971228233204972, -5.382690154465146, -4.019770874162917, -0.1358968556875162
1419, -0.020867586135864258, -0.8136312365531921, 2.0611724853515625, 0.02946329116821289, -1.2736729383468628, -0.013342142105102539, 0.0, -1.7971317353665381, -5.3826886983530375, -4.019773258736887, -0.13590303921399638
1420, -0.020889997482299805, -0.8136241436004639, 2.061180591583252, 0.02948141098022461, -1.2736915349960327, -0.013351202011108398, 0.0, -1.7971376250911912, -5.382688161912024, -4.019771966616809, -0.13590676745030184
1421, -0.020882606506347656, -0.8136091232299805, 2.0611724853515625, 0.02948141098022461, -1.2736819982528687, -0.01333308219909668, 0.0, -1.7971365174730325, -5.382689359099684, -4.019770146447636, -0.1359096367461996
1422, -0.020882606506347656, -0.8136019706726074, 2.061180591583252, 0.02948141098022461, -1.2736729383468628, -0.013323783874511719, 0.0, -1.7971387020330456, -5.382685458048562, -4.0197763503353485, -0.1358962457540036
1423, -0.020874977111816406, -0.8136241436004639, 2.061180591583252, 0.02948141098022461, -1.2736729383468628, -0.013323783874511719, 0.0, -1.797142444482719, -5.382688485149283, -4.019776516846414, -0.13589008934790314
1424, -0.020882606506347656, -0.8136167526245117, 2.0611724853515625, 0.02946329116821289, -1.2736915349960327, -0.013323783874511719, 0.0, -1.7971382622326455, -5.382693609963815, -4.019775442953365, -0.13589430864055885
1425, -0.020889997482299805, -0.8136091232299805, 2.0611724853515625, 0.02945423126220703, -1.2736819982528687, -0.01333308219909668, 0.0, -1.797131850549564, -5.382696203160316, -4.019770906418337, -0.13590463424110233
1426, -0.020882606506347656, -0.8136091232299805, 2.0611724853515625, 0.02947235107421875, -1.273663878440857, -0.013323783874511719, 0.0, -1.7971351752166975, -5.382695819765362, -4.019775547917704, -0.13588953727348851
1427, -0.020882606506347656, -0.8136091232299805, 2.0611724853515625, 0.02947235107421875, -1.2737096548080444, -0.013323783874511719, 0.0, -1.7971333070465947, -5.382699456983231, -4.0197739111337505, -0.13588642327634748
1428, -0.020874977111816406, -0.8136091232299805, 2.0611724853515625, 0.02948141098022461, -1.2737005949020386, -0.013342142105102539, 0.0, -1.7971370300634955, -5.3827051719427805, -4.01977547278513, -0.13590297307741928
1429, -0.020874977111816406, -0.8136241436004639, 2.0611724853515625, 0.02947235107421875, -1.273654818534851, -0.01333308219909668, 0.0, -1.7971421804201055, -5.382705194671876, -4.019775341811359, -0.13589839400773052
1430, -0.020882606506347656, -0.8136312365531921, 2.0611724853515625, 0.02947235107421875, -1.2737005949020386, -0.01333308219909668, 0.0, -1.7971424063808943, -5.382703056684692, -4.019774455333898, -0.13589007464025826
1431, -0.020874977111816406, -0.8136386275291443, 2.061180591583252, 0.02947235107421875, -1.2737005949020386, -0.013351202011108398, 0.0, -1.7971541118324033, -5.38269561646022, -4.019778267158261, -0.13589682229688904
1432, -0.020882606506347656, -0.8136091232299805, 2.061164379119873, 0.02947235107421875, -1.273663878440857, -0.01331472396850586, 0.0, -1.7971598551049937, -5.382695269296891, -4.0197821662597635, -0.1359055773327258
1433, -0.020882606506347656, -0.8136312365531921, 2.0611724853515625, 0.02948141098022461, -1.2737096548080444, -0.01333308219909668, 0.0, -1.7971591308473833, -5.38269760170085, -4.019781470484726, -0.1358955629099139
1434, -0.020889997482299805, -0.8136241436004639, 2.0611724853515625, 0.02945423126220703, -1.2736915349960327, -0.013342142105102539, 0.0, -1.7971561832862992, -5.382692517295825, -4.019780722143309, -0.13591167024166406
1435, -0.020889997482299805, -0.8136167526245117, 2.061164379119873, 0.02948141098022461, -1.2737005949020386, -0.01331472396850586, 0.0, -1.7971596001251866, -5.382689204242537, -4.019780616846076, -0.1359158801012601
1436, -0.020889997482299805, -0.8136091232299805, 2.0611884593963623, 0.02947235107421875, -1.2736819982528687, -0.013323783874511719, 0.0, -1.7971601098192471, -5.382682246623541, -4.019780861824467, -0.13592612996515108
1437, -0.020889997482299805, -0.8136091232299805, 2.0611724853515625, 0.02947235107421875, -1.273663878440857, -0.01333308219909668, 0.0, -1.7971638004935877, -5.382678631554685, -4.019783736024944, -0.13592890451530604
1438, -0.02089715003967285, -0.8136167526245117, 2.0611724853515625, 0.02947235107421875, -1.2737005949020386, -0.013296365737915039, 0.0, -1.7971647145616692, -5.3826761580360545, -4.019783111448171, -0.13592684157770396
1439, -0.020889997482299805, -0.8136019706726074, 2.061180591583252, 0.02946329116821289, -1.2736915349960327, -0.0133056640625, 0.0, -1.7971613913947235, -5.3826720279997184, -4.019782943143393, -0.1359421318050984
1440, -0.020889997482299805, -0.8136019706726074, 2.061180591583252, 0.02947235107421875, -1.2736819982528687, -0.013323783874511719, 0.0, -1.797164259053219, -5.382672130837866, -4.0197849881782135, -0.1359281781705457
1441, -0.020882606506347656, -0.8136019706726074, 2.0611724853515625, 0.02946329116821289, -1.2737005949020386, -0.01331472396850586, 0.0, -1.797163830441161, -5.382676432363532, -4.019784797365875, -0.13594108486088707
1442, -0.020889997482299805, -0.8136091232299805, 2.0611724853515625, 0.02947235107421875, -1.2736729383468628, -0.013323783874511719, 0.0, -1.7971706141111534, -5.38266782650076, -4.019785776424181, -0.135928957407355
1443, -0.02089715003967285, -0.8135945200920105, 2.0611724853515625, 0.02947235107421875, -1.2737187147140503, -0.01333308219909668, 0.0, -1.7971748437882749, -5.382669864437644, -4.019787437670979, -0.13593772746197352
1444, -0.02089715003967285, -0.8136091232299805, 2.061180591583252, 0.02947235107421875, -1.2737096548080444, -0.01333308219909668, 0.0, -1.7971774625062968, -5.382662941245567, -4.019784870588626, -0.1359244542210929
1445, -0.020889997482299805, -0.8136091232299805, 2.061180591583252, 0.02946329116821289, -1.2736915349960327, -0.013323783874511719, 0.0, -1.7971845021492854, -5.382660199480608, -4.019788266403758, -0.1359202403946771
1446, -0.020882606506347656, -0.8136091232299805, 2.061180591583252, 0.02946329116821289, -1.2736819982528687, -0.01331472396850586, 0.0, -1.7971876381190612, -5.382661820821039, -4.019790579163465, -0.13592388478669104
1447, -0.020882606506347656, -0.8135945200920105, 2.061164379119873, 0.02946329116821289, -1.2737096548080444, -0.01331472396850586, 0.0, -1.7971919600707924, -5.382658081159191, -4.019790968386555, -0.13592549187796088
1448, -0.020889997482299805, -0.8136019706726074, 2.061164379119873, 0.02947235107421875, -1.2737005949020386, -0.01333308219909668, 0.0, -1.797187238714277, -5.382661151630331, -4.019785685089987, -0.13593421050646892
1449, -0.02089715003967285, -0.8136019706726074, 2.061180591583252, 0.02947235107421875, -1.2736819982528687, -0.01331472396850586, 0.0, -1.7971911015297533, -5.382651644611192, -4.019785943973042, -0.1359309991244766
1450, -0.020904541015625, -0.8135945200920105, 2.061180591583252, 0.02947235107421875, -1.2737005949020386, -0.01333308219909668, 0.0, -1.7972080656840954, -5.3826461882374455, -4.019791649172093, -0.13593016316641737
1451, -0.020904541015625, -0.813579797744751, 2.061180591583252, 0.02947235107421875, -1.2736915349960327, -0.013342142105102539, 0.0, -1.7972081290232589, -5.382644780814025, -4.019790539236569, -0.13593213549010041
1452, -0.02091193199157715, -0.8136091232299805, 2.061180591583252, 0.02947235107421875, -1.2736915349960327, -0.01331472396850586, 0.0, -1.7972076761582514, -5.382644371714009, -4.019793750861341, -0.1359239472605891
1453, -0.020904541015625, -0.8135871291160583, 2.061164379119873, 0.02947235107421875, -1.2736819982528687, -0.0133056640625, 0.0, -1.7972105456247902, -5.382640913511016, -4.019794634238429, -0.13593449882919995
1454, -0.020919322967529297, -0.8135945200920105, 2.0611724853515625, 0.02949070930480957, -1.2737005949020386, -0.01333308219909668, 0.0, -1.797211627853201, -5.382634563303816, -4.019798239641233, -0.13592201147557947
1455, -0.02091193199157715, -0.8135871291160583, 2.0611724853515625, 0.02947235107421875, -1.2737096548080444, -0.01328730583190918, 0.0, -1.7972095386069151, -5.382632612345611, -4.019795037607673, -0.13593325432178016
1456, -0.020926475524902344, -0.8136019706726074, 2.0611724853515625, 0.02948141098022461, -1.2737096548080444, -0.0133056640625, 0.0, -1.7972134593627762, -5.38263250408718, -4.0197949477897374, -0.1359472540261235
1457, -0.020926475524902344, -0.8136019706726074, 2.0611724853515625, 0.02946329116821289, -1.2736729383468628, -0.01331472396850586, 0.0, -1.7972182557238021, -5.382633724756888, -4.01979755231911, -0.135943873510052
1458, -0.020926475524902344, -0.8135871291160583, 2.0611724853515625, 0.02946329116821289, -1.2736915349960327, -0.01331472396850586, 0.0, -1.7972134356555651, -5.38263755442488, -4.019798005803047, -0.13594069866621794
1459, -0.020933866500854492, -0.8136019706726074, 2.0611724853515625, 0.02948141098022461, -1.2736819982528687, -0.0133056640625, 0.0, -1.7972174164777484, -5.382641538326397, -4.019798693922409, -0.13594354481261828
1460, -0.020919322967529297, -0.8136091232299805, 2.0611724853515625, 0.02948141098022461, -1.2737096548080444, -0.01331472396850586, 0.0, -1.7972194632649596, -5.382636377120378, -4.0198016626223785, -0.13594428750676357
1461, -0.020919322967529297, -0.8135871291160583, 2.0611724853515625, 0.02947235107421875, -1.2736819982528687, -0.013296365737915039, 0.0, -1.7972210895410186, -5.382639012479196, -4.01980059170594, -0.13594586217700044
1462, -0.020919322967529297, -0.8136019706726074, 2.0611724853515625, 0.02946329116821289, -1.2737005949020386, -0.0133056640625, 0.0, -1.797224252063048, -5.382637989164584, -4.019799662090706, -0.13593728706477926
1463, -0.020926475524902344, -0.8135945200920105, 2.0611724853515625, 0.02949070930480957, -1.2736915349960327, -0.013296365737915039, 0.0, -1.7972336085095797, -5.382634420708778, -4.019800481482053, -0.13593841665070272
1464, -0.020919322967529297, -0.8135871291160583, 2.0611724853515625, 0.02949070930480957, -1.2736915349960327, -0.013296365737915039, 0.0, -1.7972334730895934, -5.3826310921421605, -4.019799526285305, -0.13593533242065092
1465, -0.020926475524902344, -0.8136019706726074, 2.0611724853515625, 0.02947235107421875, -1.2737096548080444, -0.0133056640625, 0.0, -1.7972409530223161, -5.382641480333705, -4.019803063642273, -0.13594882484525783
1466, -0.020919322967529297, -0.8135945200920105, 2.061164379119873, 0.02949070930480957, -1.2737187147140503, -0.013296365737915039, 0.0, -1.7972428676759629, -5.382634038207747, -4.019805874936164, -0.1359414117388349
1467, -0.02091193199157715, -0.8136019706726074, 2.0611724853515625, 0.02947235107421875, -1.2736915349960327, -0.013296365737915039, 0.0, -1.7972419298056346, -5.3826331918616805, -4.019803156411735, -0.13594417272128734
1468, -0.020919322967529297, -0.8135945200920105, 2.061180591583252, 0.02947235107421875, -1.2736915349960327, -0.01328730583190918, 0.0, -1.797239038610225, -5.3826361199652375, -4.019801841951861, -0.13594484911657467
1469, -0.020919322967529297, -0.8135871291160583, 2.0611724853515625, 0.02947235107421875, -1.2737096548080444, -0.01328730583190918, 0.0, -1.7972399965460195, -5.382632933700467, -4.019800261187838, -0.13593867108611946
1470, -0.020919322967529297, -0.813579797744751, 2.0611724853515625, 0.02946329116821289, -1.2737096548080444, -0.01328730583190918, 0.0, -1.7972402534415381, -5.38263032422547, -4.019800888943251, -0.13592745949350338
1471, -0.020919322967529297, -0.813579797744751, 2.0611724853515625, 0.02945423126220703, -1.2736819982528687, -0.0133056640625, 0.0, -1.7972445222341302, -5.382631714301121, -4.01980522157765, -0.13593358065367056
1472, -0.020926475524902344, -0.8135724067687988, 2.0611724853515625, 0.02947235107421875, -1.2737005949020386, -0.013296365737915039, 0.0, -1.7972477403216327, -5.38263116316437, -4.019805438406796, -0.1359480538546345
1473, -0.020926475524902344, -0.8135724067687988, 2.0611724853515625, 0.02945423126220703, -1.2736915349960327, -0.0133056640625, 0.0, -1.7972500165166103, -5.382633798773955, -4.01980870373152, -0.13595734454844433
1474, -0.020926475524902344, -0.8135871291160583, 2.0611724853515625, 0.02946329116821289, -1.2737005949020386, -0.013323783874511719, 0.0, -1.797248952557632, -5.38263543500935, -4.019809795296685, -0.13597299595391288
1475, -0.020919322967529297, -0.8135945200920105, 2.0611724853515625, 0.02947235107421875, -1.2737005949020386, -0.013296365737915039, 0.0, -1.7972434401221091, -5.382634516136302, -4.0198039458603025, -0.13597327057573594
1476, -0.02091193199157715, -0.8135945200920105, 2.0611724853515625, 0.02947235107421875, -1.2736819982528687, -0.013296365737915039, 0.0, -1.7972432547524895, -5.38263102396066, -4.019802969666222, -0.13597338018181482
1477, -0.020919322967529297, -0.8135724067687988, 2.061164379119873, 0.02945423126220703, -1.2736915349960327, -0.01331472396850586, 0.0, -1.7972450070796373, -5.382624833557005, -4.019805695648629, -0.13596788120782133
1478, -0.020919322967529297, -0.8135871291160583, 2.061164379119873, 0.02948141098022461, -1.2736729383468628, -0.013323783874511719, 0.0, -1.7972467639336802, -5.3826269553399815, -4.019808433295536, -0.135965225720577
1479, -0.020919322967529297, -0.8136091232299805, 2.0611724853515625, 0.02945423126220703, -1.2736819982528687, -0.01327824592590332, 0.0, -1.7972446976109289, -5.382635246787648, -4.019804736340954, -0.13595751779581722
1480, -0.020919322967529297, -0.8135945200920105, 2.0611724853515625, 0.02947235107421875, -1.2736915349960327, -0.01327824592590332, 0.0, -1.7972513643028567, -5.382630403959758, -4.019807160586082, -0.13595446053660698
1481, -0.020933866500854492, -0.8135945200920105, 2.061164379119873, 0.02947235107421875, -1.2737096548080444, -0.013296365737915039, 0.0, -1.7972556676471125, -5.3826336618869375, -4.0198075530581985, -0.13594671608092046
1482, -0.020926475524902344, -0.813579797744751, 2.0611724853515625, 0.02947235107421875, -1.2736915349960327, -0.0132598876953125, 0.0, -1.7972603629079948, -5.382633863983825, -4.019811046364343, -0.13594683379607275
1483, -0.020926475524902344, -0.8135871291160583, 2.0611724853515625, 0.02946329116821289, -1.2736915349960327, -0.01327824592590332, 0.0, -1.7972624651072937, -5.3826297414199775, -4.019810529045905, -0.13594713007605463
1484, -0.020933866500854492, -0.8135724067687988, 2.061164379119873, 0.02946329116821289, -1.2736915349960327, -0.013296365737915039, 0.0, -1.7972631295537307, -5.38262827867183, -4.0198107687947635, -0.13595406833001356
1485, -0.020933866500854492, -0.8135724067687988, 2.0611724853515625, 0.02946329116821289, -1.2736915349960327, -0.013269186019897461, 0.0, -1.7972647622788407, -5.382638312986138, -4.019811819281003, -0.13596866732896373
1486, -0.020919322967529297, -0.8135650157928467, 2.061164379119873, 0.02946329116821289, -1.2735999822616577, -0.01325082778930664, 0.0, -1.7972678195890757, -5.382639086363657, -4.019811932549285, -0.1359716650617253
1487, -0.02091193199157715, -0.8135576248168945, 2.0612282752990723, 0.02948141098022461, -1.2737549543380737, -0.0132598876953125, 0.02020162343978882, -1.7972689856632156, -5.382636036987335, -4.01981508362779, -0.13597765907725545
1488, -0.020919322967529297, -0.8135427832603455, 2.0613083839416504, 0.02946329116821289, -1.2741659879684448, -0.01325082778930664, 0.03107142448425293, -1.7972652443437385, -5.382633885643314, -4.019814173876381, -0.1359742013841041
1489, -0.02091193199157715, -0.8135427832603455, 2.0613560676574707, 0.02947235107421875, -1.274065613746643, -0.01327824592590332, 0.04571962356567383, -1.7972594010055776, -5.382629481144783, -4.019816799696974, -0.13597941218458942
1490, -0.02089715003967285, -0.8135427832603455, 2.061380386352539, 0.02944493293762207, -1.2740565538406372, -0.013269186019897461, 0.05910843849182129, -1.7972551950701594, -5.382627581463964, -4.019824800740644, -0.1359856401831694
1491, -0.02091193199157715, -0.8135427832603455, 2.0613722801208496, 0.02946329116821289, -1.2740474939346313, -0.0132598876953125, 0.07462686538696289, -1.7972552365003889, -5.382629084479639, -4.019824598813498, -0.13598030767224945
1492, -0.02091193199157715, -0.8135354518890381, 2.06131649017334, 0.02948141098022461, -1.2741113901138306, -0.01325082778930664, 0.09716028213500977, -1.797256562118053, -5.382635879110645, -4.01982322595003, -0.13597188536713745
1493, -0.020919322967529297, -0.8135724067687988, 2.061164379119873, 0.02944493293762207, -1.2741018533706665, -0.013269186019897461, 0.11028182983398438, -1.7972561535681852, -5.382632907210515, -4.0198201040947925, -0.13597208969935082
1494, -0.02091193199157715, -0.8135871291160583, 2.0610527992248535, 0.02948141098022461, -1.2740474939346313, -0.01325082778930664, 0.11935013771057129, -1.797263939282995, -5.382632982288092, -4.019820115824234, -0.13597761032539424
1495, -0.020919322967529297, -0.813579797744751, 2.0609569549560547, 0.02945423126220703, -1.2740288972854614, -0.013223409652709961, 0.13181525230407715, -1.7972654540184045, -5.382627269016552, -4.01981659134133, -0.13596487149871805
1496, -0.02091193199157715, -0.8135650157928467, 2.0609488487243652, 0.02947235107421875, -1.2741385698318481, -0.013223409652709961, 0.14615816116333008, -1.7972696843114204, -5.38262737398571, -4.019814548567952, -0.1359698916339136
1497, -0.02091193199157715, -0.8135576248168945, 2.0609488487243652, 0.02948141098022461, -1.2740474939346313, -0.013214349746704102, 0.16808849334716797, -1.797272937932568, -5.382625907649188, -4.019817037815932, -0.13596983078151048
1498, -0.020904541015625, -0.8135427832603455, 2.061044692993164, 0.02948141098022461, -1.2740474939346313, -0.013196229934692383, 0.19353019714355468, -1.7972729010056367, -5.382624150236953, -4.019817026416096, -0.13596656254142747
1499, -0.020919322967529297, -0.8135724067687988, 2.061084747314453, 0.02946329116821289, -1.273992657661438, -0.013214349746704102, 0.2157277488708496, -1.7972719153965062, -5.382617863301368, -4.019821197137567, -0.13596247043543297
1500, -0.020919322967529297, -0.8135501742362976, 2.0611486434936523, 0.02944493293762207, -1.2740384340286255, -0.013205289840698242, 0.23910839080810548, -1.7972689012663083, -5.382615933976756, -4.019825614666058, -0.1359540562383783
1501, -0.020926475524902344, -0.8135135173797607, 2.0612525939941406, 0.02948141098022461, -1.2739468812942505, -0.013186931610107422, 0.3034874153137207, -1.797263935426714, -5.382615389529846, -4.019827034028691, -0.13597031493929101
1502, -0.020919322967529297, -0.8135060667991638, 2.061276435852051, 0.02946329116821289, -1.2739559412002563, -0.013186931610107422, 0.33444786071777344, -1.7972561112807992, -5.382609621772765, -4.019828245918915, -0.13596534077284606
1503, -0.020933866500854492, -0.8134765625, 2.061260223388672, 0.02944493293762207, -1.273901343345642, -0.013168811798095703, 0.3784383392333984, -1.7972521690850156, -5.382612262389381, -4.019826643217214, -0.1359663269934508
1504, -0.020933866500854492, -0.8134543299674988, 2.061260223388672, 0.02945423126220703, -1.2739287614822388, -0.013159751892089844, 0.4150170135498047, -1.7972576133904654, -5.382612230230248, -4.019827798006501, -0.1359771043920972
1505, -0.020926475524902344, -0.8134543299674988, 2.0611963272094727, 0.02947235107421875, -1.273910403251648, -0.013196229934692383, 0.4654652404785156, -1.7972584348209693, -5.3826069242171455, -4.019822647330844, -0.1359838276623737
1506, -0.020941495895385742, -0.8134691715240479, 2.061084747314453, 0.02945423126220703, -1.2739378213882446, -0.013159751892089844, 0.5345615005493164, -1.7972644877637651, -5.382606296255944, -4.01982046500758, -0.13597523235944386
1507, -0.020919322967529297, -0.8134984374046326, 2.0610127449035645, 0.02945423126220703, -1.273992657661438, -0.013186931610107422, 0.5769261550903321, -1.7972667506512612, -5.382610590845504, -4.019819730378418, -0.13597190459808228
1508, -0.020933866500854492, -0.8135060667991638, 2.060925006866455, 0.02947235107421875, -1.2741385698318481, -0.013205289840698242, 0.616130599975586, -1.7972678029289373, -5.382613382184785, -4.019821396787162, -0.135973863364673
1509, -0.020926475524902344, -0.8135206699371338, 2.060821056365967, 0.02943587303161621, -1.2741113901138306, -0.013186931610107422, 0.6550373840332031, -1.7972641672124003, -5.382618241522077, -4.019816615413612, -0.1359696834290567
1510, -0.020919322967529297, -0.8135280609130859, 2.060685157775879, 0.02945423126220703, -1.274321436882019, -0.013159751892089844, 0.7017376708984375, -1.797275399455978, -5.382620932071587, -4.019815838886647, -0.13597211715463953
1511, -0.02091193199157715, -0.8135427832603455, 2.0606131553649902, 0.02945423126220703, -1.2745128870010376, -0.013168811798095703, 0.7555598449707032, -1.7972868347222417, -5.382618075319989, -4.019817291386799, -0.1359705492726322
1512, -0.020919322967529297, -0.8135427832603455, 2.0605974197387695, 0.02946329116821289, -1.2744582891464233, -0.013196229934692383, 0.7760857391357422, -1.7972846336921595, -5.382620870950091, -4.019815853781225, -0.13596695911200118
1513, -0.02091193199157715, -0.8135427832603455, 2.0606532096862793, 0.02943587303161621, -1.2744947671890259, -0.013168811798095703, 0.812923812866211, -1.7972870912411127, -5.3826252716902845, -4.019820279607693, -0.13598629136044504
1514, -0.020926475524902344, -0.8135354518890381, 2.060765027999878, 0.02946329116821289, -1.2744766473770142, -0.013205289840698242, 0.8462659454345703, -1.7972958243710029, -5.382624663335335, -4.0198245940809, -0.13599170503385682
1515, -0.020919322967529297, -0.8135280609130859, 2.0608530044555664, 0.02945423126220703, -1.2744673490524292, -0.013159751892089844, 0.8688069152832031, -1.7972959756020501, -5.382622979529325, -4.019823290658293, -0.13597992123718416
1516, -0.020919322967529297, -0.8135135173797607, 2.0609569549560547, 0.02944493293762207, -1.2744766473770142, -0.013168811798095703, 0.8900426483154297, -1.7972953685789161, -5.38261712857336, -4.0198262855159435, -0.1359716518701184
1517, -0.02091193199157715, -0.8134984374046326, 2.0610926151275635, 0.02943587303161621, -1.2744308710098267, -0.013186931610107422, 0.9143852233886719, -1.797301395495852, -5.382612541186928, -4.019831281856821, -0.1359813672960044
1518, -0.02091193199157715, -0.8134984374046326, 2.0611963272094727, 0.02946329116821289, -1.2744582891464233, -0.013177871704101562, 0.9301783752441406, -1.7972937128346538, -5.382614088743179, -4.0198305354944255, -0.135971456975037
1519, -0.020904541015625, -0.8135060667991638, 2.061276435852051, 0.02943587303161621, -1.2745224237442017, -0.013196229934692383, 0.9479562377929688, -1.7972891454954534, -5.38261242752578, -4.019830339345879, -0.1359671065851229
1520, -0.020919322967529297, -0.8134839534759521, 2.061380386352539, 0.02944493293762207, -1.275152325630188, -0.013205289840698242, 0.9540780639648437, -1.7972957987722538, -5.382604159540076, -4.019833842140085, -0.13596657766694964
1521, -0.020919322967529297, -0.8134765625, 2.0613560676574707, 0.02943587303161621, -1.2752801179885864, -0.013168811798095703, 0.9562535858154297, -1.7972949215344884, -5.382610045885741, -4.019829209081434, -0.1359610462862335
1522, -0.020926475524902344, -0.8134839534759521, 2.0612845420837402, 0.02944493293762207, -1.275225281715393, -0.013095617294311523, 0.9566734313964844, -1.7972953315124125, -5.382609700043077, -4.019829035438657, -0.13596526420392507
1523, -0.020933866500854492, -0.8134984374046326, 2.0611724853515625, 0.02943587303161621, -1.2752071619033813, -0.013059139251708984, 0.9566963195800782, -1.7972998272525844, -5.382607818015337, -4.019829211622318, -0.1359656687575317
1524, -0.020933866500854492, -0.8134984374046326, 2.0609169006347656, 0.02943587303161621, -1.2751976251602173, -0.013031721115112305, 0.9567192077636719, -1.7972945182804878, -5.3826074809943405, -4.019827928997692, -0.13596060665058118
1525, -0.020933866500854492, -0.8134913444519043, 2.0608367919921875, 0.02943587303161621, -1.2752524614334106, -0.013068199157714844, 0.9566963195800782, -1.7972909995116075, -5.382607233536522, -4.019829179216278, -0.13595435423814273
1526, -0.020933866500854492, -0.8135206699371338, 2.0607969760894775, 0.02944493293762207, -1.2752708196640015, -0.013049840927124023, 0.9567115783691407, -1.797289289863181, -5.382608464960048, -4.019832621957545, -0.13596084473641135
1527, -0.020933866500854492, -0.8135280609130859, 2.0607571601867676, 0.02943587303161621, -1.2752434015274048, -0.013040781021118164, 0.9566963195800782, -1.7972867442937883, -5.382606645543319, -4.019831291372089, -0.13597265151651428
1528, -0.020919322967529297, -0.8135206699371338, 2.0607728958129883, 0.02941751480102539, -1.2752071619033813, -0.013031721115112305, 0.9567115783691407, -1.7972779379937907, -5.3826038209341425, -4.019828139105561, -0.1359714583060958
1529, -0.020926475524902344, -0.8135135173797607, 2.060804843902588, 0.02941751480102539, -1.2752708196640015, -0.013059139251708984, 0.9566886901855469, -1.7972745660162712, -5.382597519955839, -4.019826724740858, -0.13598006726285927
1530, -0.020933866500854492, -0.8135060667991638, 2.0609169006347656, 0.02942681312561035, -1.275234341621399, -0.013031721115112305, 0.9566963195800782, -1.7972742242410895, -5.382599127398181, -4.019829810069091, -0.13598560675427596
1531, -0.020919322967529297, -0.8134765625, 2.061020851135254, 0.02945423126220703, -1.2751976251602173, -0.013031721115112305, 0.9566963195800782, -1.7972714791083984, -5.3825997668694505, -4.019833954924553, -0.1359874112766848
1532, -0.020926475524902344, -0.8134913444519043, 2.061060667037964, 0.02943587303161621, -1.2751885652542114, -0.013022661209106445, 0.9567039489746094, -1.7972716237374466, -5.382604352055205, -4.019834981258744, -0.1359988812628634
1533, -0.020926475524902344, -0.8134765625, 2.061084747314453, 0.02943587303161621, -1.275225281715393, -0.013022661209106445, 0.9566963195800782, -1.7972703956660208, -5.3826041322389875, -4.019834853617955, -0.1359937976189194
1534, -0.020926475524902344, -0.8134691715240479, 2.061084747314453, 0.02945423126220703, -1.275225281715393, -0.013022661209106445, 0.9566963195800782, -1.7972750742759005, -5.382606033197733, -4.019835500229536, -0.13599771248756642
1535, -0.020919322967529297, -0.8134617209434509, 2.061068534851074, 0.02941751480102539, -1.275225281715393, -0.013040781021118164, 0.9566963195800782, -1.797275363582847, -5.382608051054838, -4.019831038236141, -0.1360072954355802
1536, -0.020919322967529297, -0.8134839534759521, 2.0610527992248535, 0.02942681312561035, -1.2751976251602173, -0.013022661209106445, 0.9566963195800782, -1.7972908730207773, -5.382598819233928, -4.0198385647891435, -0.13600553287860517
1537, -0.020926475524902344, -0.8134765625, 2.0610527992248535, 0.02944493293762207, -1.2752071619033813, -0.013031721115112305, 0.9567115783691407, -1.7972987128364892, -5.382600814598528, -4.019840063658936, -0.13600186153708904
1538, -0.020919322967529297, -0.8134839534759521, 2.061044692993164, 0.02942681312561035, -1.2751976251602173, -0.013040781021118164, 0.9567115783691407, -1.7973007034027995, -5.382602146275832, -4.019837702605726, -0.13600358365188914
1539, -0.020919322967529297, -0.8134765625, 2.0610127449035645, 0.02942681312561035, -1.2752162218093872, -0.012995243072509766, 0.9566963195800782, -1.7973031648923288, -5.382598344797281, -4.019832465859796, -0.13600229717029055
1540, -0.020919322967529297, -0.8135060667991638, 2.0609726905822754, 0.02943587303161621, -1.2751976251602173, -0.013031721115112305, 0.9567039489746094, -1.7973028074921757, -5.382595390412485, -4.019827417750544, -0.13601597085676165
1541, -0.020926475524902344, -0.8134913444519043, 2.0609569549560547, 0.02944493293762207, -1.2751976251602173, -0.013013362884521484, 0.9567115783691407, -1.7973099699409474, -5.3825973520716905, -4.019833801982933, -0.13603200364502488
1542, -0.02091193199157715, -0.8134984374046326, 2.060940742492676, 0.02943587303161621, -1.2751976251602173, -0.013022661209106445, 0.9567039489746094, -1.7973131255123338, -5.382601118564358, -4.019838589433465, -0.1360328369425563
1543, -0.020919322967529297, -0.8134913444519043, 2.0609569549560547, 0.02944493293762207, -1.275234341621399, -0.013013362884521484, 0.9566963195800782, -1.7973069813906855, -5.382604655242909, -4.019837744575441, -0.1360128729855683
1544, -0.02091193199157715, -0.8134839534759521, 2.0609726905822754, 0.02943587303161621, -1.2751976251602173, -0.013022661209106445, 0.9566963195800782, -1.7973006408467294, -5.382605670603888, -4.0198380427875495, -0.13601699073754503
1545, -0.020919322967529297, -0.8134765625, 2.061004638671875, 0.02945423126220703, -1.275225281715393, -0.013013362884521484, 0.9567039489746094, -1.797291335967864, -5.382611988443732, -4.019832842079577, -0.1360194757525246
1546, -0.020919322967529297, -0.8134617209434509, 2.0610127449035645, 0.02944493293762207, -1.2751976251602173, -0.013004302978515625, 0.9567269134521484, -1.7972919926735136, -5.382611354323478, -4.019834952023177, -0.13601296627560888
1547, -0.020919322967529297, -0.8134691715240479, 2.0610127449035645, 0.02944493293762207, -1.2752071619033813, -0.012985944747924805, 0.9567192077636719, -1.79729379566299, -5.3826124084249924, -4.019836347054933, -0.13599647628947942
1548, -0.020919322967529297, -0.8134617209434509, 2.0610127449035645, 0.02943587303161621, -1.2752162218093872, -0.012995243072509766, 0.9567039489746094, -1.7972952695134348, -5.382607367361187, -4.019837830660808, -0.13598715442072074
1549, -0.020926475524902344, -0.8134765625, 2.0609967708587646, 0.02943587303161621, -1.275225281715393, -0.012995243072509766, 0.9566886901855469, -1.797291334148844, -5.382607289345301, -4.019832008430674, -0.1359845179334469
1550, -0.020919322967529297, -0.8134765625, 2.060980796813965, 0.02942681312561035, -1.2751976251602173, -0.012995243072509766, 0.9566810607910157, -1.7972904977293007, -5.382608227224142, -4.019830202283959, -0.13597747686347716
1551, -0.020919322967529297, -0.8134839534759521, 2.0609488487243652, 0.02943587303161621, -1.275234341621399, -0.013013362884521484, 0.9567039489746094, -1.7972933626168932, -5.382608725288718, -4.019829165515716, -0.13597040615283973
1552, -0.020919322967529297, -0.8134765625, 2.0609488487243652, 0.02940845489501953, -1.2752071619033813, -0.013004302978515625, 0.9566963195800782, -1.7972958312783494, -5.382609266891526, -4.019829685285378, -0.13597549111884888
1553, -0.02091193199157715, -0.8134765625, 2.0609488487243652, 0.02942681312561035, -1.2751885652542114, -0.013004302978515625, 0.9567115783691407, -1.7973106253995006, -5.382610441563016, -4.0198379950255925, -0.13597210928675096
1554, -0.020919322967529297, -0.8134617209434509, 2.0609488487243652, 0.02943587303161621, -1.2752162218093872, -0.012995243072509766, 0.9567115783691407, -1.7973185019312976, -5.382605691474811, -4.019844043713271, -0.1359625115875982
1555, -0.020919322967529297, -0.8134765625, 2.060980796813965, 0.02944493293762207, -1.2752162218093872, -0.012985944747924805, 0.9567269134521484, -1.797318688462237, -5.382603448532266, -4.019845773630587, -0.1359721444908999
1556, -0.020933866500854492, -0.8134691715240479, 2.060980796813965, 0.02942681312561035, -1.2752071619033813, -0.013004302978515625, 0.9567039489746094, -1.7973128448100721, -5.38260220688383, -4.019840742126693, -0.13597796403465168
1557, -0.020933866500854492, -0.8134765625, 2.0609726905822754, 0.02943587303161621, -1.2751976251602173, -0.013013362884521484, 0.9567039489746094, -1.7973131152791346, -5.382602458494008, -4.019837275071122, -0.13597741890471582
1558, -0.020919322967529297, -0.8134617209434509, 2.0609726905822754, 0.02943587303161621, -1.2752071619033813, -0.013004302978515625, 0.9567192077636719, -1.7973198229733875, -5.3826015706350265, -4.019844005914234, -0.13596726107734902
1559, -0.020926475524902344, -0.8134691715240479, 2.0609889030456543, 0.02943587303161621, -1.275225281715393, -0.012995243072509766, 0.9567039489746094, -1.7973195986866561, -5.382594866092956, -4.0198446549887, -0.13596642511727985
1560, -0.020933866500854492, -0.8134617209434509, 2.060980796813965, 0.02943587303161621, -1.2752071619033813, -0.013022661209106445, 0.9567115783691407, -1.7973201190845423, -5.382596356050719, -4.019842502626083, -0.13597763267186735
1561, -0.020926475524902344, -0.8134691715240479, 2.0609726905822754, 0.02944493293762207, -1.2752162218093872, -0.012995243072509766, 0.9567039489746094, -1.7973178264186556, -5.382594877790995, -4.019839797689026, -0.13596445014668213
1562, -0.020926475524902344, -0.8134617209434509, 2.0609726905822754, 0.02942681312561035, -1.2751976251602173, -0.012995243072509766, 0.9566963195800782, -1.7973231907147331, -5.382595555628992, -4.0198417401396656, -0.1359714668892229
1563, -0.020933866500854492, -0.8134765625, 2.0609569549560547, 0.02943587303161621, -1.2751976251602173, -0.013013362884521484, 0.9567115783691407, -1.797319090766515, -5.382594150229844, -4.019837917271372, -0.13596057460989108
1564, -0.020926475524902344, -0.8134691715240479, 2.0609569549560547, 0.02942681312561035, -1.2752071619033813, -0.013013362884521484, 0.9567192077636719, -1.7973256928238321, -5.3825928847917535, -4.019841463707987, -0.13596143089386103
1565, -0.020926475524902344, -0.8134839534759521, 2.0609569549560547, 0.02943587303161621, -1.275225281715393, -0.012985944747924805, 0.9567115783691407, -1.7973314979404071, -5.3825934261265, -4.0198465712689115, -0.13596621014038757
1566, -0.020926475524902344, -0.8134765625, 2.0609569549560547, 0.02944493293762207, -1.2752071619033813, -0.012985944747924805, 0.9567039489746094, -1.7973266661901255, -5.382590685278929, -4.019845478814761, -0.13596649831113172
1567, -0.020919322967529297, -0.8134617209434509, 2.0609569549560547, 0.02942681312561035, -1.275234341621399, -0.012995243072509766, 0.9566963195800782, -1.7973268340994646, -5.382591933442469, -4.019847103025338, -0.1359701249976384
1568, -0.020919322967529297, -0.8134543299674988, 2.060964584350586, 0.02942681312561035, -1.2751976251602173, -0.012995243072509766, 0.9567115783691407, -1.7973215691852724, -5.382593754293915, -4.019840748724805, -0.13595674358865573
1569, -0.020933866500854492, -0.8134691715240479, 2.060964584350586, 0.02942681312561035, -1.275225281715393, -0.013013362884521484, 0.9567115783691407, -1.7973234309781014, -5.382589225896112, -4.0198440922935825, -0.1359483998370088
1570, -0.020941495895385742, -0.8134469985961914, 2.060964584350586, 0.02942681312561035, -1.2752071619033813, -0.012985944747924805, 0.9567115783691407, -1.7973207803589033, -5.382591493786121, -4.019840990770587, -0.13595840752724264
1571, -0.020933866500854492, -0.8134691715240479, 2.0609726905822754, 0.02942681312561035, -1.2752071619033813, -0.012995243072509766, 0.9567039489746094, -1.797336937790182, -5.382589854695954, -4.019848082603071, -0.1359628202097669
1572, -0.020926475524902344, -0.8134469985961914, 2.0609726905822754, 0.02942681312561035, -1.2752071619033813, -0.012995243072509766, 0.9567039489746094, -1.797337133550508, -5.382592891301154, -4.019850844590744, -0.13596760356899296
1573, -0.020933866500854492, -0.8134691715240479, 2.0609726905822754, 0.02943587303161621, -1.2752071619033813, -0.012995243072509766, 0.9567115783691407, -1.7973408700490507, -5.382591823276162, -4.0198522436746265, -0.1359758525912751
1574, -0.020919322967529297, -0.8134469985961914, 2.060964584350586, 0.02942681312561035, -1.275225281715393, -0.012995243072509766, 0.9567192077636719, -1.7973374968857936, -5.382592458166757, -4.019844262894482, -0.13598207800562268
1575, -0.020926475524902344, -0.8134617209434509, 2.0609569549560547, 0.02943587303161621, -1.2752071619033813, -0.012995243072509766, 0.9567192077636719, -1.797340760699557, -5.382594606342727, -4.019847005726429, -0.13597359900614325
1576, -0.020926475524902344, -0.8134691715240479, 2.0609569549560547, 0.02943587303161621, -1.2751976251602173, -0.013004302978515625, 0.9567115783691407, -1.797348504677593, -5.382599617779295, -4.0198469404519805, -0.13599585172848894
1577, -0.020926475524902344, -0.8134617209434509, 2.060964584350586, 0.02942681312561035, -1.2752162218093872, -0.012976884841918945, 0.9567192077636719, -1.797359777522953, -5.382599178824254, -4.019851832494621, -0.13600160906891468
1578, -0.020926475524902344, -0.8134617209434509, 2.060964584350586, 0.02941751480102539, -1.2752071619033813, -0.012976884841918945, 0.9567192077636719, -1.7973576499548185, -5.3825957647218745, -4.019851141019207, -0.13599697052175408
1579, -0.020926475524902344, -0.8134765625, 2.0609569549560547, 0.02943587303161621, -1.2751976251602173, -0.012995243072509766, 0.9567115783691407, -1.797359626028277, -5.382600857938244, -4.019854043487304, -0.13600053091492104
1580, -0.020919322967529297, -0.8134617209434509, 2.0609569549560547, 0.029399394989013672, -1.2751885652542114, -0.012995243072509766, 0.9567115783691407, -1.7973524403726902, -5.382602556525363, -4.01984786997017, -0.1360081901631407
1581, -0.020926475524902344, -0.8134691715240479, 2.060964584350586, 0.02944493293762207, -1.2752071619033813, -0.012967824935913086, 0.9567192077636719, -1.7973508359962427, -5.3826016716688745, -4.019848265060347, -0.1360050694040913
1582, -0.020933866500854492, -0.8134543299674988, 2.0609569549560547, 0.02942681312561035, -1.2752071619033813, -0.013004302978515625, 0.9567115783691407, -1.7973566407136246, -5.382605097231633, -4.019849874883888, -0.13600614755748097
1583, -0.020919322967529297, -0.8134543299674988, 2.0609569549560547, 0.02941751480102539, -1.275225281715393, -0.012985944747924805, 0.9567039489746094, -1.7973603885066622, -5.3826038667761305, -4.019849866253707, -0.1360220991315888
1584, -0.02091193199157715, -0.8134543299674988, 2.060964584350586, 0.02943587303161621, -1.275225281715393, -0.013013362884521484, 0.9567192077636719, -1.7973660844135584, -5.3826020800649195, -4.019855462479092, -0.13601628503940244
1585, -0.02091193199157715, -0.8134617209434509, 2.0609726905822754, 0.02942681312561035, -1.2752071619033813, -0.012995243072509766, 0.9567269134521484, -1.7973655933674493, -5.382608700789798, -4.019852159312437, -0.136011066159762
1586, -0.02091193199157715, -0.8134469985961914, 2.060964584350586, 0.02944493293762207, -1.275225281715393, -0.012958765029907227, 0.9566963195800782, -1.7973604099287828, -5.382609985766062, -4.0198475410552845, -0.1360166394932838
1587, -0.020919322967529297, -0.8134469985961914, 2.060980796813965, 0.02942681312561035, -1.2752071619033813, -0.012995243072509766, 0.9567115783691407, -1.7973596205333855, -5.382610465462116, -4.019844775650432, -0.13601035467129297
1588, -0.02091193199157715, -0.8134396076202393, 2.0609569549560547, 0.02944493293762207, -1.2752071619033813, -0.013013362884521484, 0.9566963195800782, -1.7973620664195338, -5.382608677061986, -4.019846592265738, -0.1360088909670818
1589, -0.020919322967529297, -0.8134543299674988, 2.0609569549560547, 0.02942681312561035, -1.2751795053482056, -0.013013362884521484, 0.9567115783691407, -1.7973703394987373, -5.382608896744427, -4.019849987985499, -0.13602086415501624
1590, -0.020904541015625, -0.8134543299674988, 2.060964584350586, 0.02940845489501953, -1.2752071619033813, -0.012985944747924805, 0.9567115783691407, -1.797375550830218, -5.382604049422946, -4.019854610843128, -0.1360291971056231
1591, -0.02091193199157715, -0.8134469985961914, 2.0609569549560547, 0.02943587303161621, -1.2751885652542114, -0.012995243072509766, 0.9567192077636719, -1.7973801891539023, -5.382605647421412, -4.019856848739224, -0.1360330145622335
1592, -0.02091193199157715, -0.8134322166442871, 2.060964584350586, 0.02940845489501953, -1.275225281715393, -0.013004302978515625, 0.9567192077636719, -1.797380239267767, -5.382607977927205, -4.01985639453171, -0.13602913081340606
1593, -0.020904541015625, -0.8134322166442871, 2.0609569549560547, 0.02941751480102539, -1.275225281715393, -0.012985944747924805, 0.9566963195800782, -1.797375707735538, -5.382606446405476, -4.019853364058896, -0.13602131733483436
1594, -0.020904541015625, -0.8134469985961914, 2.0609569549560547, 0.02942681312561035, -1.275225281715393, -0.012985944747924805, 0.9567115783691407, -1.7973758025684767, -5.382599327846101, -4.019857483727331, -0.13601957366931838
1595, -0.020904541015625, -0.8134469985961914, 2.060964584350586, 0.02944493293762207, -1.275225281715393, -0.013004302978515625, 0.9567192077636719, -1.7973743544095802, -5.382595822422922, -4.019854650619395, -0.13601483096195643
1596, -0.020904541015625, -0.8134543299674988, 2.060964584350586, 0.02943587303161621, -1.2751976251602173, -0.012995243072509766, 0.9566963195800782, -1.797377146292696, -5.382597861865841, -4.019858156052408, -0.1360253350076741
1597, -0.02091193199157715, -0.8134469985961914, 2.0609569549560547, 0.02942681312561035, -1.275225281715393, -0.012995243072509766, 0.9567269134521484, -1.7973739973328544, -5.382602810565958, -4.019856807421773, -0.13603346230854374
1598, -0.02089715003967285, -0.8134543299674988, 2.060964584350586, 0.02941751480102539, -1.2751976251602173, -0.012985944747924805, 0.9567192077636719, -1.7973753239807366, -5.382597072559509, -4.019855218419372, -0.13603610422438983
1599, -0.020904541015625, -0.8134617209434509, 2.0609569549560547, 0.02942681312561035, -1.2752162218093872, -0.012985944747924805, 0.9567039489746094, -1.7973731416602283, -5.382596810203302, -4.019855849839056, -0.1360401976349408
1600, -0.020904541015625, -0.8134469985961914, 2.060964584350586, 0.02944493293762207, -1.2751976251602173, -0.012976884841918945, 0.9567192077636719, -1.7973735962190212, -5.382596385213053, -4.01985317471472, -0.13603257492532617
1601, -0.02089715003967285, -0.8134543299674988, 2.060964584350586, 0.02942681312561035, -1.2752162218093872, -0.012967824935913086, 0.9567192077636719, -1.797376954004015, -5.3825959755438895, -4.019858390239243, -0.13603054577669305
1602, -0.02089715003967285, -0.8134469985961914, 2.0609569549560547, 0.02942681312561035, -1.275225281715393, -0.012967824935913086, 0.9567269134521484, -1.7973716555284707, -5.382596648794531, -4.019857967979963, -0.1360476431231481
1603, -0.020904541015625, -0.8134543299674988, 2.060964584350586, 0.02942681312561035, -1.2751885652542114, -0.012995243072509766, 0.9567039489746094, -1.797372830418515, -5.3825923825990785, -4.0198593311124435, -0.13603362055903112
1604, -0.020904541015625, -0.8134396076202393, 2.0609569549560547, 0.02942681312561035, -1.2751976251602173, -0.012976884841918945, 0.9567269134521484, -1.797368048473721, -5.382589854379972, -4.019853826361901, -0.13602991946746545
1605, -0.020904541015625, -0.8134396076202393, 2.0609488487243652, 0.02942681312561035, -1.275234341621399, -0.012985944747924805, 0.9566963195800782, -1.7973701537872904, -5.3825951772582314, -4.019855715422072, -0.13601438722620696
1606, -0.020904541015625, -0.8134543299674988, 2.060964584350586, 0.02942681312561035, -1.2752071619033813, -0.012976884841918945, 0.9567039489746094, -1.7973707917565167, -5.382595418274083, -4.019853236969926, -0.13601032223933807
1607, -0.02089715003967285, -0.8134543299674988, 2.0609569549560547, 0.02944493293762207, -1.2751885652542114, -0.012995243072509766, 0.9567192077636719, -1.7973780821233556, -5.382599984252825, -4.019856403987233, -0.13601628379286357
1608, -0.02089715003967285, -0.8134396076202393, 2.060964584350586, 0.02941751480102539, -1.275225281715393, -0.012958765029907227, 0.9567192077636719, -1.7973834175967416, -5.382601081508333, -4.019860704491869, -0.1360190366428471
1609, -0.02091193199157715, -0.8134396076202393, 2.060964584350586, 0.02942681312561035, -1.2751976251602173, -0.012967824935913086, 0.9567115783691407, -1.7973867979337161, -5.382600659276463, -4.01986013158034, -0.13602667565240179
1610, -0.02091193199157715, -0.8134322166442871, 2.0609569549560547, 0.02943587303161621, -1.2751976251602173, -0.012985944747924805, 0.9567039489746094, -1.797389707292155, -5.382599829053703, -4.019857483922787, -0.13602965579887982
1611, -0.020904541015625, -0.8134396076202393, 2.0609569549560547, 0.02942681312561035, -1.2752524614334106, -0.012976884841918945, 0.9567115783691407, -1.797394420561663, -5.382596247437862, -4.0198642842233685, -0.13602818808734263
1612, -0.020904541015625, -0.813424825668335, 2.060964584350586, 0.02944493293762207, -1.2752162218093872, -0.012976884841918945, 0.9567269134521484, -1.7973976175863613, -5.38259630559237, -4.019863046775004, -0.13603668329217378
1613, -0.020904541015625, -0.8134322166442871, 2.0609488487243652, 0.02942681312561035, -1.2752162218093872, -0.012976884841918945, 0.9567269134521484, -1.7973990854201063, -5.382600868041674, -4.019859959253085, -0.1360445306118061
1614, -0.02089715003967285, -0.8134396076202393, 2.0609569549560547, 0.02942681312561035, -1.2751885652542114, -0.012976884841918945, 0.9566963195800782, -1.7974033054370295, -5.382598368246408, -4.019863576793518, -0.13603514661043725
1615, -0.020889997482299805, -0.8134469985961914, 2.0609569549560547, 0.02943587303161621, -1.275225281715393, -0.012958765029907227, 0.9567115783691407, -1.7974011620394927, -5.382609082738151, -4.019865156500328, -0.13605176776853956
1616, -0.02089715003967285, -0.8134322166442871, 2.0609569549560547, 0.02942681312561035, -1.2752071619033813, -0.012949466705322266, 0.9567115783691407, -1.7973996672186363, -5.3826043351566115, -4.019861868522216, -0.13603583787245555
1617, -0.020904541015625, -0.8134396076202393, 2.0609569549560547, 0.02940845489501953, -1.2751976251602173, -0.012985944747924805, 0.9567115783691407, -1.7974036935147808, -5.382602287612653, -4.019860407434059, -0.13603669147817232
1618, -0.02089715003967285, -0.8134469985961914, 2.0609488487243652, 0.02941751480102539, -1.275225281715393, -0.012958765029907227, 0.9567269134521484, -1.7974076823353669, -5.382601772054936, -4.019865112570027, -0.1360434497849896
1619, -0.02089715003967285, -0.8134469985961914, 2.0609569549560547, 0.02942681312561035, -1.2752162218093872, -0.012985944747924805, 0.9567192077636719, -1.79741270600745, -5.382600820898794, -4.019866548761556, -0.13604677618759187
1620, -0.02089715003967285, -0.8134322166442871, 2.0609488487243652, 0.02942681312561035, -1.275225281715393, -0.012967824935913086, 0.9567192077636719, -1.797403350815689, -5.38259617288538, -4.01985960782997, -0.13604672886679037
1621, -0.02091193199157715, -0.8134543299674988, 2.0609569549560547, 0.02941751480102539, -1.2752434015274048, -0.012967824935913086, 0.9567115783691407, -1.797412743802307, -5.382601196239924, -4.01986555677682, -0.13606017918673086
1622, -0.020904541015625, -0.813424825668335, 2.0609488487243652, 0.02942681312561035, -1.2752162218093872, -0.012976884841918945, 0.9567344665527344, -1.7974063621031657, -5.3825979084648985, -4.0198618507683666, -0.13605832190354228
1623, -0.02089715003967285, -0.813424825668335, 2.0609488487243652, 0.02940845489501953, -1.2751976251602173, -0.012958765029907227, 0.9567269134521484, -1.7974080311708285, -5.382596032108308, -4.019861877764773, -0.1360638356954169
1624, -0.020904541015625, -0.813424825668335, 2.0609488487243652, 0.02942681312561035, -1.2751976251602173, -0.012967824935913086, 0.9567115783691407, -1.7974153184996027, -5.382589101810603, -4.019866007808621, -0.13604523950375125
1625, -0.02089715003967285, -0.8134176135063171, 2.0609569549560547, 0.02941751480102539, -1.2752071619033813, -0.012967824935913086, 0.9567192077636719, -1.7974109290842628, -5.382593582612466, -4.019867867692609, -0.1360570096983995
1626, -0.020904541015625, -0.8134322166442871, 2.0609488487243652, 0.02943587303161621, -1.2752071619033813, -0.012967824935913086, 0.9567192077636719, -1.7974025922603902, -5.382587776015518, -4.0198608719398665, -0.13607074548581188
1627, -0.020904541015625, -0.8134176135063171, 2.060964584350586, 0.02943587303161621, -1.275234341621399, -0.012976884841918945, 0.9567115783691407, -1.7974061613534236, -5.382589073808475, -4.019865708444971, -0.13607821938396647
1628, -0.02089715003967285, -0.8134396076202393, 2.0609569549560547, 0.02942681312561035, -1.275225281715393, -0.012958765029907227, 0.9567115783691407, -1.797403178778547, -5.382588677793402, -4.019863708844732, -0.13608243725190672
1629, -0.020882606506347656, -0.8134099841117859, 2.060964584350586, 0.02941751480102539, -1.2752162218093872, -0.012958765029907227, 0.9567269134521484, -1.7974052033214871, -5.382591410955458, -4.019863254677656, -0.13608540110253475
1630, -0.02089715003967285, -0.8134176135063171, 2.060964584350586, 0.02943587303161621, -1.2752071619033813, -0.012967824935913086, 0.9567269134521484, -1.797409062961762, -5.382590611052853, -4.019865786392693, -0.1360860179588439
1631, -0.02089715003967285, -0.8134322166442871, 2.060964584350586, 0.02943587303161621, -1.2752162218093872, -0.012967824935913086, 0.9567115783691407, -1.7974137377222905, -5.382594446172666, -4.019870243008657, -0.13607718588089313
1632, -0.020889997482299805, -0.8134322166442871, 2.0609569549560547, 0.02942681312561035, -1.2752071619033813, -0.012949466705322266, 0.9567192077636719, -1.797409621479865, -5.382598920890522, -4.019868211370684, -0.13608876537457348
1633, -0.020889997482299805, -0.813424825668335, 2.0609569549560547, 0.02942681312561035, -1.2752071619033813, -0.012958765029907227, 0.9567115783691407, -1.79741086918991, -5.382597181741934, -4.019869120411078, -0.13608422691046762
1634, -0.020882606506347656, -0.8134396076202393, 2.0609488487243652, 0.02943587303161621, -1.275234341621399, -0.012967824935913086, 0.9567192077636719, -1.7974099676473567, -5.38259580956951, -4.0198696761773585, -0.13606276700373954
1635, -0.02089715003967285, -0.8134176135063171, 2.0609488487243652, 0.02942681312561035, -1.275225281715393, -0.012967824935913086, 0.9567039489746094, -1.7974118135252484, -5.382600464242877, -4.019870149498246, -0.13606280487527656
1636, -0.02089715003967285, -0.8134322166442871, 2.0609488487243652, 0.02945423126220703, -1.2752524614334106, -0.012976884841918945, 0.9567269134521484, -1.7974181497606834, -5.38260542726968, -4.019872462899488, -0.13605811223903785
1637, -0.020889997482299805, -0.8134322166442871, 2.060940742492676, 0.02945423126220703, -1.275225281715393, -0.012985944747924805, 0.9567269134521484, -1.7974210625764429, -5.382605992718917, -4.019870767124629, -0.1360632459138289
1638, -0.02089715003967285, -0.813424825668335, 2.0609488487243652, 0.029399394989013672, -1.275225281715393, -0.012958765029907227, 0.9567192077636719, -1.797421541744661, -5.382605292328387, -4.019874756736188, -0.13606665616734226
1639, -0.020889997482299805, -0.8134322166442871, 2.0609569549560547, 0.02944493293762207, -1.2752071619033813, -0.012967824935913086, 0.9567192077636719, -1.7974217775145065, -5.3826063752443, -4.019871763419736, -0.1360650328816586
1640, -0.020889997482299805, -0.8134176135063171, 2.0609569549560547, 0.02942681312561035, -1.2752071619033813, -0.012940406799316406, 0.9567269134521484, -1.7974185373284153, -5.382603021593851, -4.019869629681363, -0.136073150707837
1641, -0.020882606506347656, -0.8134099841117859, 2.0609488487243652, 0.02941751480102539, -1.2751885652542114, -0.012967824935913086, 0.9567192077636719, -1.7974199743734662, -5.382601954204549, -4.019874989277593, -0.13606372342275463
1642, -0.020889997482299805, -0.8134322166442871, 2.060940742492676, 0.02941751480102539, -1.2752434015274048, -0.012940406799316406, 0.9567192077636719, -1.7974193833041459, -5.382600686714792, -4.019872550356999, -0.13607341855155752
1643, -0.020882606506347656, -0.8134176135063171, 2.0609488487243652, 0.02942681312561035, -1.2752071619033813, -0.012949466705322266, 0.9567269134521484, -1.7974177186850848, -5.382594268184084, -4.01987348108851, -0.1360704546501479
1644, -0.020874977111816406, -0.8134176135063171, 2.0609488487243652, 0.02942681312561035, -1.2751976251602173, -0.012931346893310547, 0.9567115783691407, -1.7974150188956768, -5.382597950450701, -4.019870255327531, -0.13607320206452123
1645, -0.020882606506347656, -0.813424825668335, 2.060940742492676, 0.02942681312561035, -1.275225281715393, -0.012967824935913086, 0.9567344665527344, -1.7974194681275923, -5.382597395996274, -4.0198702075276955, -0.13607378244497248
1646, -0.020889997482299805, -0.8134176135063171, 2.0609488487243652, 0.02942681312561035, -1.2752071619033813, -0.012985944747924805, 0.9567192077636719, -1.7974263393736114, -5.382591242018431, -4.019873234190157, -0.13606762880752576
1647, -0.020882606506347656, -0.8134099841117859, 2.0609569549560547, 0.02943587303161621, -1.275234341621399, -0.012958765029907227, 0.9567269134521484, -1.797428683418186, -5.382600401326773, -4.019876614040748, -0.1360676314926188
1648, -0.020882606506347656, -0.8134322166442871, 2.0609488487243652, 0.029399394989013672, -1.2751976251602173, -0.012931346893310547, 0.9567269134521484, -1.7974278244713646, -5.3826013952149765, -4.019873608366845, -0.1360657133445411
1649, -0.020882606506347656, -0.8134176135063171, 2.0609488487243652, 0.02941751480102539, -1.2752162218093872, -0.012949466705322266, 0.9567269134521484, -1.7974324702640805, -5.382604059959956, -4.019877366434919, -0.13607303300937446
1650, -0.020874977111816406, -0.8134176135063171, 2.0609488487243652, 0.02942681312561035, -1.2751704454421997, -0.012931346893310547, 0.9567421722412109, -1.797430947363882, -5.382601409061924, -4.019876388014771, -0.1360604227587574
1651, -0.020882606506347656, -0.8134176135063171, 2.060940742492676, 0.02942681312561035, -1.275225281715393, -0.012958765029907227, 0.9567269134521484, -1.7974290294619593, -5.382600761010801, -4.0198754408558335, -0.13605914848822653
1652, -0.020882606506347656, -0.813424825668335, 2.0609488487243652, 0.02942681312561035, -1.275234341621399, -0.012967824935913086, 0.9567039489746094, -1.7974287776712112, -5.382602460572048, -4.019871296818699, -0.13608313801201088
1653, -0.020874977111816406, -0.813424825668335, 2.0609488487243652, 0.02941751480102539, -1.2752162218093872, -0.012949466705322266, 0.9567269134521484, -1.7974347129419175, -5.382599294428583, -4.019874246504207, -0.13608460303937342
1654, -0.020874977111816406, -0.813424825668335, 2.0609569549560547, 0.02941751480102539, -1.2752071619033813, -0.012967824935913086, 0.9567344665527344, -1.7974290811618996, -5.382602673874909, -4.019873551040855, -0.13608901703503218
1655, -0.020874977111816406, -0.8134099841117859, 2.0609569549560547, 0.02940845489501953, -1.2752162218093872, -0.012940406799316406, 0.9567115783691407, -1.7974372395006735, -5.382600552276208, -4.019876687571563, -0.13607368913392826
1656, -0.020874977111816406, -0.8134176135063171, 2.0609488487243652, 0.02942681312561035, -1.275225281715393, -0.012958765029907227, 0.9567192077636719, -1.797437466607549, -5.3826056941853, -4.0198735265571575, -0.13606830792668845
1657, -0.020882606506347656, -0.8133955001831055, 2.060940742492676, 0.02941751480102539, -1.2751704454421997, -0.012958765029907227, 0.9567269134521484, -1.7974344526164616, -5.382607204988007, -4.019876616923803, -0.13608127395433023
1658, -0.020874977111816406, -0.8134176135063171, 2.0609488487243652, 0.02944493293762207, -1.2751976251602173, -0.012922286987304688, 0.9567039489746094, -1.7974363150531438, -5.382605796846441, -4.019875878090599, -0.136076524483566
1659, -0.020874977111816406, -0.8134099841117859, 2.0609326362609863, 0.02942681312561035, -1.2752071619033813, -0.012940406799316406, 0.9567192077636719, -1.797441844602622, -5.382604233907134, -4.0198778272549855, -0.13608882363464048
1660, -0.020867586135864258, -0.8134099841117859, 2.0609488487243652, 0.02941751480102539, -1.275225281715393, -0.012931346893310547, 0.9567115783691407, -1.7974430110551078, -5.3826034660107425, -4.019876072286433, -0.1360778880866338
1661, -0.020853042602539062, -0.8134099841117859, 2.0609326362609863, 0.02940845489501953, -1.2752162218093872, -0.012949466705322266, 0.9567269134521484, -1.7974419166954567, -5.382602851533717, -4.019876953112992, -0.13608830959568952
1662, -0.020867586135864258, -0.8134099841117859, 2.060940742492676, 0.02944493293762207, -1.275225281715393, -0.012940406799316406, 0.9567192077636719, -1.7974408494177065, -5.382607206406151, -4.019877476610125, -0.13609255856096958
1663, -0.020853042602539062, -0.8134176135063171, 2.0609488487243652, 0.02940845489501953, -1.275225281715393, -0.012949466705322266, 0.9567192077636719, -1.7974356468106598, -5.382603407830618, -4.019873622515161, -0.13607899056452233
1664, -0.02086019515991211, -0.8134028911590576, 2.0609569549560547, 0.02942681312561035, -1.2752071619033813, -0.012931346893310547, 0.9567192077636719, -1.797443401073543, -5.382602632840016, -4.019877685852159, -0.13608499539235552
1665, -0.020874977111816406, -0.8134099841117859, 2.0609488487243652, 0.02941751480102539, -1.275234341621399, -0.012940406799316406, 0.9567192077636719, -1.7974426771107932, -5.38259278844555, -4.019877344828452, -0.13608101158196195
1666, -0.020874977111816406, -0.8134028911590576, 2.0609488487243652, 0.02941751480102539, -1.2751885652542114, -0.012940406799316406, 0.9567344665527344, -1.7974452508790781, -5.382590440917143, -4.019877686725561, -0.136069587678886
1667, -0.020874977111816406, -0.8134028911590576, 2.0609488487243652, 0.02941751480102539, -1.2752162218093872, -0.012949466705322266, 0.9567192077636719, -1.797449024205549, -5.3825955552056275, -4.019881187290943, -0.13608352767738996
1668, -0.020874977111816406, -0.8134099841117859, 2.0609488487243652, 0.02941751480102539, -1.2752162218093872, -0.012931346893310547, 0.9567269134521484, -1.7974513372407952, -5.382600456710262, -4.019878757981975, -0.1360881256534734
1669, -0.02086019515991211, -0.8134028911590576, 2.0609569549560547, 0.02942681312561035, -1.2751885652542114, -0.012931346893310547, 0.9567039489746094, -1.7974488180807953, -5.382596380384187, -4.019879294529129, -0.1360920485983561
1670, -0.02086019515991211, -0.8134028911590576, 2.060940742492676, 0.02940845489501953, -1.2752162218093872, -0.012940406799316406, 0.9567192077636719, -1.7974537368872325, -5.382598253757921, -4.019883136241204, -0.13609869869009295
1671, -0.020853042602539062, -0.8134099841117859, 2.0609488487243652, 0.02942681312561035, -1.275225281715393, -0.012958765029907227, 0.9567115783691407, -1.797449263272268, -5.38259157999075, -4.019881273072931, -0.13608678643728744
1672, -0.02086019515991211, -0.8134099841117859, 2.0609326362609863, 0.02940845489501953, -1.2752162218093872, -0.012958765029907227, 0.9567192077636719, -1.7974517062943878, -5.382591194933263, -4.0198821340488955, -0.13609908692079564
1673, -0.02086019515991211, -0.8134028911590576, 2.060925006866455, 0.02941751480102539, -1.2751976251602173, -0.012940406799316406, 0.9567115783691407, -1.797457091379676, -5.382589345600314, -4.019883592272411, -0.13610216576913903
1674, -0.020867586135864258, -0.8134176135063171, 2.060940742492676, 0.02942681312561035, -1.275225281715393, -0.012949466705322266, 0.9567344665527344, -1.7974602974706222, -5.382587579339725, -4.019882957683495, -0.13609560365224382
1675, -0.020867586135864258, -0.8133878707885742, 2.0609326362609863, 0.02942681312561035, -1.2751795053482056, -0.012949466705322266, 0.9567192077636719, -1.7974617413341023, -5.3825876364559395, -4.019884084723345, -0.13609901390169377
1676, -0.020853042602539062, -0.8134028911590576, 2.0609326362609863, 0.02943587303161621, -1.275234341621399, -0.012931346893310547, 0.9567192077636719, -1.7974664270102132, -5.382592202847585, -4.019887427364959, -0.13610210220848007
1677, -0.020867586135864258, -0.8134028911590576, 2.060925006866455, 0.02942681312561035, -1.2751885652542114, -0.012949466705322266, 0.9567344665527344, -1.7974663603703758, -5.382585480938276, -4.01988721593803, -0.13609675077075067
1678, -0.02086019515991211, -0.8133955001831055, 2.0609326362609863, 0.02940845489501953, -1.2752071619033813, -0.012958765029907227, 0.9567192077636719, -1.7974587252095668, -5.382581623736735, -4.019886693913316, -0.1360958133204324
1679, -0.020853042602539062, -0.8133955001831055, 2.0609326362609863, 0.02941751480102539, -1.2751976251602173, -0.012931346893310547, 0.9567269134521484, -1.7974620652473576, -5.382581088459907, -4.01988849183407, -0.13610296525776633
1680, -0.02086019515991211, -0.8133955001831055, 2.060940742492676, 0.02944493293762207, -1.2751795053482056, -0.012931346893310547, 0.9567192077636719, -1.7974676160893188, -5.3825770653979275, -4.019887204725217, -0.13609982285095512
1681, -0.02086019515991211, -0.8133955001831055, 2.0609326362609863, 0.02941751480102539, -1.2751976251602173, -0.012949466705322266, 0.9567269134521484, -1.7974689198904994, -5.382582125358028, -4.019887828347749, -0.13609613933809062
1682, -0.02086019515991211, -0.8133955001831055, 2.0609326362609863, 0.02944493293762207, -1.2751795053482056, -0.012949466705322266, 0.9567344665527344, -1.797468231481567, -5.3825845269901205, -4.019890439644331, -0.1361040609698092
1683, -0.020853042602539062, -0.8133878707885742, 2.0609326362609863, 0.02943587303161621, -1.2752071619033813, -0.012922286987304688, 0.9567269134521484, -1.7974688812729163, -5.382582456789816, -4.019889799102203, -0.1361117688913014
1684, -0.02086019515991211, -0.8134099841117859, 2.0609326362609863, 0.02941751480102539, -1.2751976251602173, -0.012940406799316406, 0.9567269134521484, -1.7974665537263577, -5.382579962580304, -4.019886209577913, -0.13610393923474984
1685, -0.02086019515991211, -0.8133955001831055, 2.060925006866455, 0.02940845489501953, -1.2752071619033813, -0.012949466705322266, 0.9567344665527344, -1.7974655515644553, -5.382583098507485, -4.019891497027521, -0.13610286921010673
1686, -0.02086019515991211, -0.8133585453033447, 2.0609169006347656, 0.02940845489501953, -1.2752071619033813, -0.012931346893310547, 0.9567115783691407, -1.797466253026279, -5.382586478514121, -4.019888753196463, -0.1360949272777292
1687, -0.02086019515991211, -0.8133363723754883, 2.0609006881713867, 0.02941751480102539, -1.275225281715393, -0.012958765029907227, 0.9567421722412109, -1.7974735025322097, -5.382592503889974, -4.019885260575833, -0.13609132900880017
1688, -0.02086019515991211, -0.8132922649383545, 2.0608930587768555, 0.02942681312561035, -1.275225281715393, -0.012949466705322266, 0.9567115783691407, -1.7974733590138556, -5.3825943048616685, -4.01988631514016, -0.13610669206368353
1689, -0.020853042602539062, -0.8132553100585938, 2.0608768463134766, 0.02942681312561035, -1.2752162218093872, -0.012940406799316406, 0.9567192077636719, -1.7974687870932011, -5.382593013483381, -4.019887979880277, -0.13609785055663703
1690, -0.02086019515991211, -0.8131887316703796, 2.0608530044555664, 0.02941751480102539, -1.2752071619033813, -0.012958765029907227, 0.9567269134521484, -1.797466125794344, -5.382587356533328, -4.019887061190182, -0.1360998444979966
1691, -0.020867586135864258, -0.8131225109100342, 2.060821056365967, 0.02942681312561035, -1.2752162218093872, -0.012940406799316406, 0.9567344665527344, -1.7974740469088282, -5.382586674024576, -4.019892065961278, -0.13611082197996893
1692, -0.02086019515991211, -0.8130044937133789, 2.0607728958129883, 0.02941751480102539, -1.275234341621399, -0.012967824935913086, 0.9567344665527344, -1.797475985323984, -5.382585994342173, -4.01989274556739, -0.13610560446524556
1693, -0.020874977111816406, -0.8127095103263855, 2.06058931350708, 0.02943587303161621, -1.275225281715393, -0.012931346893310547, 0.9567269134521484, -1.7974799295056965, -5.382594370724666, -4.0198893576425965, -0.13610088883630755
1694, -0.020867586135864258, -0.81253981590271, 2.060485363006592, 0.02942681312561035, -1.275225281715393, -0.012976884841918945, 0.9567269134521484, -1.7974800695161444, -5.3825947360653945, -4.019888947388188, -0.13612636901366582
1695, -0.020853042602539062, -0.8123113512992859, 2.0603575706481934, 0.02943587303161621, -1.2752801179885864, -0.012931346893310547, 0.9567269134521484, -1.7974745380368722, -5.382593963021944, -4.019888058210531, -0.13612048730974724
1696, -0.02086019515991211, -0.8120824694633484, 2.0602457523345947, 0.02940845489501953, -1.2752891778945923, -0.012922286987304688, 0.9567269134521484, -1.797477208525556, -5.382593456669346, -4.019892331365841, -0.1361298942569471
1697, -0.020853042602539062, -0.8117213249206543, 2.0600857734680176, 0.02940845489501953, -1.275307297706604, -0.012940406799316406, 0.9567344665527344, -1.7974813773834322, -5.382595512507051, -4.019890260307857, -0.1361331881813097
1698, -0.020867586135864258, -0.8114557266235352, 2.0599422454833984, 0.02944493293762207, -1.275307297706604, -0.012940406799316406, 0.9567269134521484, -1.7974849662898973, -5.382601184076226, -4.0198889764726715, -0.13613720581607414
1699, -0.020853042602539062, -0.8111016750335693, 2.059798240661621, 0.02941751480102539, -1.275316596031189, -0.012931346893310547, 0.9567269134521484, -1.7974875431846469, -5.382598847296559, -4.01989227800076, -0.13614124103254532
1700, -0.02086019515991211, -0.8107330799102783, 2.059654474258423, 0.02942681312561035, -1.275316596031189, -0.012931346893310547, 0.9567344665527344, -1.7974873844259416, -5.382600841599078, -4.019894130624192, -0.13614128025988137
1701, -0.02086019515991211, -0.8103864192962646, 2.0594868659973145, 0.02941751480102539, -1.2753714323043823, -0.012940406799316406, 0.9567344665527344, -1.797477524342709, -5.382604008441558, -4.019895583635784, -0.13613217361821928
1702, -0.02086019515991211, -0.8100841045379639, 2.0593509674072266, 0.02942681312561035, -1.2753530740737915, -0.012949466705322266, 0.9567421722412109, -1.7974721488743568, -5.382601615919744, -4.019897946352396, -0.13613571643001787
1703, -0.02086019515991211, -0.8094277381896973, 2.0590872764587402, 0.02941751480102539, -1.2754625082015991, -0.012922286987304688, 0.9567421722412109, -1.7974683810445562, -5.382601829326562, -4.019898515488707, -0.13613443673740377
1704, -0.020845651626586914, -0.8088672161102295, 2.0588154792785645, 0.02941751480102539, -1.276394009590149, -0.012958765029907227, 0.9567192077636719, -1.797488084493498, -5.382612999967337, -4.019915515768636, -0.13611543073218435
1705, -0.020874977111816406, -0.8083658218383789, 2.0586798191070557, 0.02942681312561035, -1.2781106233596802, -0.012922286987304688, 0.9567421722412109, -1.7974941009945207, -5.38262844737068, -4.019927387577786, -0.13611100455740566
1706, -0.020838260650634766, -0.807539701461792, 2.05836820602417, 0.02942681312561035, -1.280356526374817, -0.012940406799316406, 0.9567192077636719, -1.7974908032248322, -5.382646300642943, -4.019952102392745, -0.13614477165589012
1707, -0.020823240280151367, -0.8070604801177979, 2.0582404136657715, 0.02941751480102539, -1.2813793420791626, -0.012922286987304688, 0.9567269134521484, -1.797487251498383, -5.382652678578327, -4.01996726065796, -0.13616232890106605
1708, -0.020823240280151367, -0.8065218925476074, 2.0580086708068848, 0.02941751480102539, -1.2820731401443481, -0.012958765029907227, 0.9567421722412109, -1.797475990823085, -5.382646629001242, -4.019973682434418, -0.136179626442261
1709, -0.020808696746826172, -0.8058435916900635, 2.0576891899108887, 0.02940845489501953, -1.2819639444351196, -0.012931346893310547, 0.9567192077636719, -1.7974582387969262, -5.382640084912872, -4.019968564636678, -0.13618863572633266
1710, -0.020830869674682617, -0.8052608966827393, 2.0573854446411133, 0.029399394989013672, -1.282009243965149, -0.012949466705322266, 0.9567269134521484, -1.7974603971853051, -5.382641339216349, -4.0199755524478205, -0.1362141146721907
1711, -0.020823240280151367, -0.8044864535331726, 2.056985855102539, 0.02941751480102539, -1.2819639444351196, -0.012922286987304688, 0.9567269134521484, -1.7974583975079306, -5.382648038340676, -4.019977965248654, -0.13622174415321986
1712, -0.02081584930419922, -0.8036088943481445, 2.056586503982544, 0.02941751480102539, -1.2819911241531372, -0.012922286987304688, 0.9567192077636719, -1.7974610738704542, -5.382669744419371, -4.019985030809649, -0.1362501085557728
1713, -0.020808696746826172, -0.8031589388847351, 2.056370735168457, 0.02941751480102539, -1.2820278406143188, -0.012931346893310547, 0.9567269134521484, -1.7974568587991608, -5.382681078896706, -4.019990410308798, -0.1362651970922144
1714, -0.020808696746826172, -0.8021780848503113, 2.0558834075927734, 0.02941751480102539, -1.2819911241531372, -0.012940406799316406, 0.9567269134521484, -1.7974514934903305, -5.382697756044016, -4.019996520790885, -0.13629288234844505
1715, -0.020823240280151367, -0.801131010055542, 2.0554041862487793, 0.02941751480102539, -1.2821189165115356, -0.012949466705322266, 0.9567269134521484, -1.7974378792222048, -5.382704541758618, -4.01998999031373, -0.13630866761506066
1716, -0.020823240280151367, -0.8000466823577881, 2.0548768043518066, 0.02940845489501953, -1.282100796699524, -0.012949466705322266, 0.9567269134521484, -1.7974273954741844, -5.382704246753399, -4.019985773869672, -0.1363163296127894
1717, -0.020801305770874023, -0.799206018447876, 2.054509162902832, 0.029390335083007812, -1.282091736793518, -0.012931346893310547, 0.9567421722412109, -1.7974205905820115, -5.382716365150548, -4.019990198934663, -0.1363267011709146
1718, -0.02081584930419922, -0.7979965209960938, 2.054013967514038, 0.02940845489501953, -1.2822195291519165, -0.012931346893310547, 0.9567574310302734, -1.7974081998892786, -5.38272873638943, -4.019997495374315, -0.1363259058847195
1719, -0.02081584930419922, -0.7971853613853455, 2.0536623001098633, 0.02940845489501953, -1.2821921110153198, -0.012912988662719727, 0.9567039489746094, -1.797394417377427, -5.382747886555373, -4.02000443500537, -0.13633329330199917
1720, -0.020823240280151367, -0.7951497435569763, 2.052863597869873, 0.029399394989013672, -1.28233802318573, -0.012912988662719727, 0.9567421722412109, -1.7973716182616826, -5.382767138303917, -4.020009659675035, -0.13633425925576947
1721, -0.020808696746826172, -0.7945599555969238, 2.0526156425476074, 0.02940845489501953, -1.2823561429977417, -0.012949466705322266, 0.9567497253417969, -1.7973669333763536, -5.382769704755339, -4.0200105873969525, -0.1363376506750429
1722, -0.020823240280151367, -0.793320894241333, 2.052112579345703, 0.02940845489501953, -1.282493233680725, -0.012940406799316406, 0.9567574310302734, -1.7973526678660026, -5.3827788840064805, -4.0200148064510834, -0.13634287235598386
1723, -0.02081584930419922, -0.7924432754516602, 2.0517289638519287, 0.029399394989013672, -1.282666802406311, -0.012931346893310547, 0.9567344665527344, -1.7973494504525966, -5.382779599181184, -4.020018704478897, -0.1363243531957954
1724, -0.02081584930419922, -0.7912263870239258, 2.0512094497680664, 0.02941751480102539, -1.2838083505630493, -0.012940406799316406, 0.9567269134521484, -1.7973431948793, -5.382802298409548, -4.020028142786729, -0.13631391417968253
1725, -0.020823240280151367, -0.7900464534759521, 2.0507702827453613, 0.02941751480102539, -1.2864471673965454, -0.012940406799316406, 0.9567192077636719, -1.7973238251574708, -5.382823243517699, -4.020034640218461, -0.13632674512380039
1726, -0.020830869674682617, -0.7891910076141357, 2.0504026412963867, 0.02940845489501953, -1.2884467840194702, -0.012931346893310547, 0.9567269134521484, -1.7973124781372982, -5.38282758183798, -4.020035502711542, -0.13632765155614912
1727, -0.020838260650634766, -0.788468062877655, 2.050034999847412, 0.02938103675842285, -1.289953351020813, -0.012949466705322266, 0.9567269134521484, -1.7973076069301146, -5.382829874301026, -4.020044585552574, -0.1363278613675316
1728, -0.020838260650634766, -0.7874578833580017, 2.049579620361328, 0.02940845489501953, -1.2914141416549683, -0.012931346893310547, 0.9567421722412109, -1.7973016033964608, -5.3828337577367025, -4.020061799365579, -0.13632997309833872
1729, -0.020845651626586914, -0.7861967086791992, 2.0488686561584473, 0.029399394989013672, -1.2920807600021362, -0.012949466705322266, 0.9567497253417969, -1.7973082535414897, -5.382838338182256, -4.020080047872195, -0.13634492369688722
1730, -0.020838260650634766, -0.7855550646781921, 2.048525333404541, 0.02940845489501953, -1.2920717000961304, -0.012912988662719727, 0.9567497253417969, -1.7973146623576293, -5.382856958230834, -4.020087962750287, -0.13635916004024118
1731, -0.020845651626586914, -0.7848986983299255, 2.0482215881347656, 0.029399394989013672, -1.292098879814148, -0.012940406799316406, 0.9567344665527344, -1.79731431803393, -5.382864966937244, -4.0200961874049845, -0.13635621651738639
1732, -0.020845651626586914, -0.7842275500297546, 2.0479021072387695, 0.029399394989013672, -1.292108178138733, -0.012940406799316406, 0.9567421722412109, -1.7973136132417051, -5.382869811146856, -4.020103893571945, -0.13634754398703652
1733, -0.020845651626586914, -0.7833499312400818, 2.0474624633789062, 0.02941751480102539, -1.2920807600021362, -0.012922286987304688, 0.9567344665527344, -1.7973199606728851, -5.382866432309204, -4.020110886898992, -0.1363672264767848
1734, -0.020838260650634766, -0.78269362449646, 2.0471510887145996, 0.029390335083007812, -1.2921720743179321, -0.012912988662719727, 0.9567497253417969, -1.7973321411927325, -5.382866988541077, -4.020124610241043, -0.13637806200228653
1735, -0.020845651626586914, -0.7818160057067871, 2.0467276573181152, 0.02940845489501953, -1.292199730873108, -0.012940406799316406, 0.9567344665527344, -1.7973374338665389, -5.382872861366381, -4.020143970348264, -0.13637649145438324
1736, -0.020845651626586914, -0.7808647155761719, 2.046344041824341, 0.02941751480102539, -1.2923089265823364, -0.012958765029907227, 0.9567269134521484, -1.7973575904620556, -5.382883841427013, -4.0201821589557145, -0.13639479958125555
1737, -0.020845651626586914, -0.7801861763000488, 2.046112298965454, 0.02940845489501953, -1.2925828695297241, -0.012922286987304688, 0.9567421722412109, -1.7973680472523523, -5.3828953421924055, -4.0202158086876745, -0.13639841684193055
1738, -0.02086019515991211, -0.7792791724205017, 2.0458168983459473, 0.029399394989013672, -1.2940984964370728, -0.012931346893310547, 0.9567269134521484, -1.7973674557977766, -5.382905151246081, -4.0202642224132195, -0.13637865031043006
1739, -0.020853042602539062, -0.7785859107971191, 2.0456249713897705, 0.029399394989013672, -1.295897364616394, -0.012912988662719727, 0.9567344665527344, -1.7973709840766057, -5.382910160717459, -4.020310000534285, -0.13638387999620694
1740, -0.020853042602539062, -0.777730405330658, 2.045297384262085, 0.029399394989013672, -1.2978240251541138, -0.012958765029907227, 0.9567344665527344, -1.7973666540936455, -5.382901910026237, -4.0203799116491625, -0.1363848743582139
1741, -0.020838260650634766, -0.776911735534668, 2.0449776649475098, 0.02940845489501953, -1.2991753816604614, -0.012931346893310547, 0.9567497253417969, -1.797354517819053, -5.38288131579604, -4.020461798039953, -0.13642475469909332
1742, -0.02081584930419922, -0.7763659954071045, 2.044706344604492, 0.029390335083007812, -1.2995315790176392, -0.012922286987304688, 0.9567421722412109, -1.797346405410945, -5.382856650143681, -4.020534697256357, -0.13643411411410256
1743, -0.02077198028564453, -0.7756137251853943, 2.044330596923828, 0.029390335083007812, -1.2993491888046265, -0.012931346893310547, 0.9567269134521484, -1.797348730922652, -5.382833591745333, -4.020654690731909, -0.1364261783164462
1744, -0.020808696746826172, -0.7750089168548584, 2.0440831184387207, 0.029399394989013672, -1.2993944883346558, -0.012940406799316406, 0.9567344665527344, -1.797343989837266, -5.382826772206153, -4.0207537350691505, -0.13644968983119643
1745, -0.020786523818969727, -0.7742936611175537, 2.043771266937256, 0.029399394989013672, -1.299376368522644, -0.012940406799316406, 0.9567344665527344, -1.7973460903633056, -5.3828404276997315, -4.020898382023191, -0.1364756225181889
1746, -0.020786523818969727, -0.7734381556510925, 2.0434679985046387, 0.029399394989013672, -1.29938542842865, -0.012922286987304688, 0.9567192077636719, -1.7973479556978975, -5.382890420909041, -4.021067146445738, -0.1365044250505516
1747, -0.02081584930419922, -0.7726123332977295, 2.043180227279663, 0.02938103675842285, -1.2993944883346558, -0.012958765029907227, 0.9567115783691407, -1.797350134449739, -5.382922417729173, -4.021245606914989, -0.1365453546825366
1748, -0.020838260650634766, -0.7718893885612488, 2.0429165363311768, 0.029399394989013672, -1.2994493246078491, -0.012949466705322266, 0.9567497253417969, -1.7973279149876267, -5.382917409119255, -4.02142615928835, -0.1365480842741924
1749, -0.02086019515991211, -0.7713581919670105, 2.0427088737487793, 0.029390335083007812, -1.2993396520614624, -0.012931346893310547, 0.9567269134521484, -1.7973029965515728, -5.382870896468478, -4.021608746386736, -0.13657373280930152
1750, -0.020830869674682617, -0.7711224555969238, 2.0426926612854004, 0.029399394989013672, -1.29938542842865, -0.012958765029907227, 0.9567192077636719, -1.7972876112962293, -5.382841377104134, -4.0217018935495705, -0.13659468172342937
1751, -0.02077937126159668, -0.7709822654724121, 2.0427565574645996, 0.029371976852416992, -1.2993673086166382, -0.012949466705322266, 0.9567192077636719, -1.7972775872898932, -5.382786185625062, -4.021959646771677, -0.1366432226023404
1752, -0.020793914794921875, -0.7709970474243164, 2.0427489280700684, 0.029390335083007812, -1.299376368522644, -0.012958765029907227, 0.9567269134521484, -1.7972811533904784, -5.382796273398961, -4.022124552168409, -0.13665364998099783
1753, -0.020756959915161133, -0.7710192203521729, 2.042685031890869, 0.029371976852416992, -1.2994402647018433, -0.012949466705322266, 0.9567574310302734, -1.7972833574012976, -5.382836185547417, -4.022292543587384, -0.13666036137352044
1754, -0.02077198028564453, -0.7710043787956238, 2.0425009727478027, 0.02940845489501953, -1.29938542842865, -0.012922286987304688, 0.9567497253417969, -1.7973053572830389, -5.382897387837355, -4.0225306498039926, -0.13665240639634835
1755, -0.02077198028564453, -0.7709529399871826, 2.0423173904418945, 0.029390335083007812, -1.2993582487106323, -0.012922286987304688, 0.9567269134521484, -1.7972907657137873, -5.382903012869898, -4.022751519144749, -0.13664496655064173
1756, -0.020749568939208984, -0.7709529399871826, 2.042285442352295, 0.02938103675842285, -1.2993673086166382, -0.012958765029907227, 0.9567574310302734, -1.7972662727949493, -5.382882194873957, -4.0228491864674, -0.13664658735030688
1757, -0.020793914794921875, -0.7709455490112305, 2.0422372817993164, 0.02938103675842285, -1.2993673086166382, -0.012931346893310547, 0.9567344665527344, -1.7972151635185059, -5.382820008819066, -4.023025084281408, -0.13663909048069822
1758, -0.020720243453979492, -0.77097487449646, 2.042349338531494, 0.029344558715820312, -1.2993944883346558, -0.012949466705322266, 0.9567344665527344, -1.7971753819254297, -5.382730905068735, -4.023344844444667, -0.13662001328048579
1759, -0.0206906795501709, -0.7709455490112305, 2.0423173904418945, 0.029353857040405273, -1.2993396520614624, -0.012931346893310547, 0.9567344665527344, -1.7971855351997752, -5.382763201667717, -4.023492431311949, -0.13660160394664977
1760, -0.02072763442993164, -0.7707757949829102, 2.0422773361206055, 0.029390335083007812, -1.2993673086166382, -0.012912988662719727, 0.9567344665527344, -1.7972181441828061, -5.382909622287405, -4.023755886260348, -0.13654051961505864
1761, -0.020786523818969727, -0.7706946730613708, 2.042269229888916, 0.02938103675842285, -1.2993305921554565, -0.012958765029907227, 0.9567344665527344, -1.797223282540327, -5.382954049689326, -4.023855540986294, -0.1365276590856599
1762, -0.020749568939208984, -0.7705767154693604, 2.042349338531494, 0.029371976852416992, -1.2993673086166382, -0.012949466705322266, 0.9567344665527344, -1.7971839111884957, -5.382964474241336, -4.024021446757846, -0.1365024072499681
1763, -0.02081584930419922, -0.7705249190330505, 2.042389392852783, 0.029335498809814453, -1.2993582487106323, -0.012949466705322266, 0.9567344665527344, -1.7970940684534822, -5.382891046945938, -4.024126962342807, -0.13648473461951127
1764, -0.02081584930419922, -0.7703628540039062, 2.0423731803894043, 0.029335498809814453, -1.2994035482406616, -0.012940406799316406, 0.9567269134521484, -1.7970295286376672, -5.382777746292189, -4.024213642575565, -0.1364908794848967
1765, -0.020720243453979492, -0.7701416015625, 2.0422613620758057, 0.029317140579223633, -1.2993582487106323, -0.012940406799316406, 0.9567269134521484, -1.7969583824641155, -5.382683301774915, -4.024308974920143, -0.1364902117987068
1766, -0.020698070526123047, -0.7697360515594482, 2.042029857635498, 0.029344558715820312, -1.2994402647018433, -0.012922286987304688, 0.9567574310302734, -1.7969469589318265, -5.382678000421172, -4.024447265249523, -0.1365047496567131
1767, -0.020668745040893555, -0.7694261074066162, 2.0418059825897217, 0.029353857040405273, -1.2994493246078491, -0.012949466705322266, 0.9567421722412109, -1.7969675172685495, -5.382799220308792, -4.024615532310041, -0.13650751795285476
1768, -0.020720243453979492, -0.7691976428031921, 2.0416860580444336, 0.029353857040405273, -1.2994402647018433, -0.012922286987304688, 0.9567421722412109, -1.7969746430774185, -5.382889861257643, -4.024729498162127, -0.13649733826701116
1769, -0.02068328857421875, -0.7689687609672546, 2.0416221618652344, 0.029317140579223633, -1.2994312047958374, -0.012949466705322266, 0.9567421722412109, -1.796944404664882, -5.382953176926779, -4.0248094673709405, -0.13650306502754095
1770, -0.02073502540588379, -0.768733024597168, 2.041630268096924, 0.029326200485229492, -1.299458384513855, -0.012940406799316406, 0.9567344665527344, -1.7968884421106643, -5.3829114099016495, -4.024891697125866, -0.13654147595475763
1771, -0.020756959915161133, -0.7686812877655029, 2.0416383743286133, 0.029280424118041992, -1.2994674444198608, -0.012903928756713867, 0.9567344665527344, -1.7968476889708904, -5.382838288474785, -4.024916950279816, -0.136553489281928
1772, -0.020749568939208984, -0.768526554107666, 2.041670322418213, 0.029280424118041992, -1.2995315790176392, -0.012931346893310547, 0.9567269134521484, -1.7967610010200938, -5.382672076738664, -4.024987632723198, -0.13660512914665812
1773, -0.020742416381835938, -0.7684304714202881, 2.0415902137756348, 0.029262304306030273, -1.2995132207870483, -0.012922286987304688, 0.9567269134521484, -1.7967490865724418, -5.382665267577014, -4.025073448492291, -0.1366224621218075
1774, -0.020742416381835938, -0.7683272361755371, 2.041478395462036, 0.029271364212036133, -1.2995132207870483, -0.012931346893310547, 0.9567497253417969, -1.7967693115929608, -5.382748409144989, -4.0251478446970905, -0.13663854387108199
1775, -0.020705223083496094, -0.7681872844696045, 2.041374683380127, 0.029271364212036133, -1.2995315790176392, -0.012940406799316406, 0.9567574310302734, -1.7967916746047976, -5.382897064212795, -4.0252421515572365, -0.13666317532988792
1776, -0.020705223083496094, -0.7680175304412842, 2.0413026809692383, 0.029289722442626953, -1.2995041608810425, -0.012931346893310547, 0.9567269134521484, -1.7967908337884069, -5.3829826562332395, -4.025289064473872, -0.13669139608691072
1777, -0.0206758975982666, -0.7677667140960693, 2.0412707328796387, 0.029253244400024414, -1.2995589971542358, -0.012940406799316406, 0.9567497253417969, -1.7967404189866152, -5.382945556756238, -4.025308293695077, -0.13671410190947153
1778, -0.0206906795501709, -0.767471969127655, 2.0412306785583496, 0.029262304306030273, -1.2995041608810425, -0.012931346893310547, 0.9567344665527344, -1.7966809583547017, -5.382832559952761, -4.025311285063553, -0.1367188498984353
1779, -0.020668745040893555, -0.7669556140899658, 2.0411109924316406, 0.029234886169433594, -1.2999242544174194, -0.012912988662719727, 0.9567192077636719, -1.7965969427610644, -5.382660529758672, -4.02531187756448, -0.13671582225458234
1780, -0.020631790161132812, -0.7664541602134705, 2.040919303894043, 0.029207468032836914, -1.3008371591567993, -0.012922286987304688, 0.9567344665527344, -1.7965687277457452, -5.382595989336694, -4.025322626933268, -0.13670818727505107
1781, -0.020631790161132812, -0.7660853862762451, 2.040767192840576, 0.029198408126831055, -1.3017410039901733, -0.012922286987304688, 0.9567344665527344, -1.7965735495907662, -5.382615007073642, -4.02534058861825, -0.13670057533175584
1782, -0.020631790161132812, -0.7650160789489746, 2.040328025817871, 0.029234886169433594, -1.3040422201156616, -0.012922286987304688, 0.9567269134521484, -1.7966178000573099, -5.382795378988897, -4.025415436342496, -0.13666323626168886
1783, -0.020617008209228516, -0.7643964290618896, 2.040104389190674, 0.029243946075439453, -1.3047820329666138, -0.012922286987304688, 0.9567344665527344, -1.7966483413551497, -5.382924599033415, -4.025459745762804, -0.13665337895109264
1784, -0.020624399185180664, -0.7638432383537292, 2.039888381958008, 0.029234886169433594, -1.30516517162323, -0.012949466705322266, 0.9567421722412109, -1.7966447582178948, -5.38297923117519, -4.025487171054657, -0.136623574613572
1785, -0.020624399185180664, -0.7630839347839355, 2.0396170616149902, 0.029225826263427734, -1.3052290678024292, -0.012903928756713867, 0.9567421722412109, -1.7966014498049796, -5.382935305114996, -4.025490220766739, -0.1365802647124683
1786, -0.020661354064941406, -0.7621249556541443, 2.0392093658447266, 0.029189348220825195, -1.3052290678024292, -0.012958765029907227, 0.9567421722412109, -1.7965383382604598, -5.3827839418014225, -4.025478075653069, -0.1364989961532972
1787, -0.02068328857421875, -0.76127690076828, 2.0387940406799316, 0.029198408126831055, -1.3052383661270142, -0.012931346893310547, 0.9567269134521484, -1.7965003170962117, -5.38268574913105, -4.025482624483, -0.1364628933137313
1788, -0.0206758975982666, -0.7603549361228943, 2.0383706092834473, 0.029170989990234375, -1.3052841424942017, -0.012931346893310547, 0.9567344665527344, -1.7964843546492872, -5.382665263761894, -4.025501854640217, -0.13645272323959023
1789, -0.020646333694458008, -0.7591084837913513, 2.0377392768859863, 0.029207468032836914, -1.305329442024231, -0.012931346893310547, 0.9567421722412109, -1.7965138990133434, -5.382753840548741, -4.025557036341364, -0.1364375886108764
1790, -0.020668745040893555, -0.7582089900970459, 2.0373077392578125, 0.029207468032836914, -1.3053480386734009, -0.012958765029907227, 0.9567497253417969, -1.7965600044684087, -5.382872675470321, -4.0256178442945885, -0.1364213924205364
1791, -0.02068328857421875, -0.757117509841919, 2.036876678466797, 0.029207468032836914, -1.305503010749817, -0.012912988662719727, 0.9567497253417969, -1.7965844952471177, -5.382987145709752, -4.025677013898366, -0.13641661731244614
1792, -0.020698070526123047, -0.7562029361724854, 2.0365490913391113, 0.029180288314819336, -1.3063338994979858, -0.012940406799316406, 0.9567344665527344, -1.7965668398663757, -5.382983921418579, -4.025697318523036, -0.13641062381227975
1793, -0.02072763442993164, -0.7554802894592285, 2.0363731384277344, 0.029161930084228516, -1.3077856302261353, -0.012931346893310547, 0.9567344665527344, -1.7965313004611487, -5.382906347350563, -4.025697641324906, -0.13639009682075187
1794, -0.020823240280151367, -0.754359245300293, 2.035989761352539, 0.029143571853637695, -1.3091281652450562, -0.012949466705322266, 0.9567344665527344, -1.7964713146408369, -5.382766241979481, -4.025716559589902, -0.13634192344523122
1795, -0.020845651626586914, -0.7535406947135925, 2.0356061458587646, 0.029143571853637695, -1.3089181184768677, -0.012949466705322266, 0.9567344665527344, -1.7964602042951021, -5.382740421843188, -4.025763909926496, -0.13632362442105794
1796, -0.020845651626586914, -0.7531422972679138, 2.0354223251342773, 0.029134511947631836, -1.308972716331482, -0.012931346893310547, 0.9567421722412109, -1.7964778339573138, -5.382774617811778, -4.025803452424068, -0.13632873636597154
1797, -0.02081584930419922, -0.7523608207702637, 2.035015106201172, 0.029152870178222656, -1.3089452981948853, -0.012922286987304688, 0.9567421722412109, -1.796523075178379, -5.382889569120809, -4.0258922312929055, -0.13633649025557748
1798, -0.020793914794921875, -0.7516674995422363, 2.0346875190734863, 0.029161930084228516, -1.3089271783828735, -0.012940406799316406, 0.9567269134521484, -1.796548436169925, -5.38296979046208, -4.025952402461435, -0.13637806045925416
1799, -0.02077198028564453, -0.7511880397796631, 2.0344557762145996, 0.029152870178222656, -1.3089271783828735, -0.012940406799316406, 0.9567421722412109, -1.7965457207781625, -5.3829785126311, -4.025980258495622, -0.13641462569812646
1800, -0.02077198028564453, -0.7505833506584167, 2.0341601371765137, 0.029143571853637695, -1.3089271783828735, -0.012931346893310547, 0.9567344665527344, -1.7965185117064704, -5.382924872113449, -4.026006242791203, -0.1364532471897233
1801, -0.020830869674682617, -0.7499048709869385, 2.0338406562805176, 0.029134511947631836, -1.3089090585708618, -0.012922286987304688, 0.9567421722412109, -1.796497534489345, -5.382846875350127, -4.026041233313472, -0.13646557070339504
1802, -0.02086019515991211, -0.7494106292724609, 2.033608913421631, 0.029116392135620117, -1.308982014656067, -0.012949466705322266, 0.9567344665527344, -1.7964941123709526, -5.3828126640705936, -4.026082991597421, -0.13643996560654514
1803, -0.020904541015625, -0.748577356338501, 2.033177375793457, 0.029116392135620117, -1.3090275526046753, -0.012958765029907227, 0.9567421722412109, -1.7965224715639612, -5.382838843726482, -4.026174759051658, -0.13642840030957082
1804, -0.02089715003967285, -0.7480833530426025, 2.032937526702881, 0.029125452041625977, -1.3090184926986694, -0.012912988662719727, 0.9567421722412109, -1.7965477114168702, -5.382887143427103, -4.026224445942366, -0.13643899502039147
1805, -0.020853042602539062, -0.7473900318145752, 2.032641887664795, 0.029125452041625977, -1.3090366125106812, -0.012958765029907227, 0.9567421722412109, -1.7965805198877594, -5.382952374919233, -4.026292922906397, -0.13646003828234843
1806, -0.02077937126159668, -0.7465490698814392, 2.0322823524475098, 0.029125452041625977, -1.3090275526046753, -0.012922286987304688, 0.9567497253417969, -1.7965903653512965, -5.382984899815324, -4.026361344592271, -0.13650348393712086
1807, -0.020756959915161133, -0.7456421852111816, 2.0318989753723145, 0.029116392135620117, -1.3091920614242554, -0.012931346893310547, 0.9567344665527344, -1.7965788620960703, -5.38293670560123, -4.02641749976905, -0.13652775485855706
1808, -0.02077937126159668, -0.7450301647186279, 2.0316433906555176, 0.029098033905029297, -1.309794545173645, -0.012922286987304688, 0.9567269134521484, -1.796569326062639, -5.382883886777985, -4.026448855902219, -0.13652473172636093
1809, -0.02081584930419922, -0.7440860271453857, 2.0312838554382324, 0.029088973999023438, -1.3119858503341675, -0.012940406799316406, 0.9567497253417969, -1.796558978058577, -5.382832824941703, -4.026484748016809, -0.1365022942498193
1810, -0.020838260650634766, -0.743053674697876, 2.030876398086548, 0.029098033905029297, -1.31450617313385, -0.012940406799316406, 0.9567344665527344, -1.7965769099162578, -5.382828258581201, -4.0265368056293624, -0.13650447482878825
1811, -0.020838260650634766, -0.7423160076141357, 2.0305328369140625, 0.029098033905029297, -1.315674901008606, -0.012940406799316406, 0.9567421722412109, -1.796604134174881, -5.382852904988719, -4.026589670808073, -0.13651684965911848
1812, -0.02077937126159668, -0.7416670322418213, 2.0302133560180664, 0.029125452041625977, -1.3168069124221802, -0.012940406799316406, 0.9567574310302734, -1.7966360712991547, -5.382894534714444, -4.026654166282895, -0.13654145983620936
1813, -0.02076435089111328, -0.7406713366508484, 2.0297179222106934, 0.029134511947631836, -1.3177932500839233, -0.012922286987304688, 0.9567421722412109, -1.796691496765728, -5.38296740845574, -4.0267773350796965, -0.1365736477401187
1814, -0.020786523818969727, -0.7403172850608826, 2.029510021209717, 0.029107093811035156, -1.3177202939987183, -0.012958765029907227, 0.9567574310302734, -1.7967021820460551, -5.3829757337449635, -4.026820827018365, -0.13658856955944287
1815, -0.020801305770874023, -0.7395579814910889, 2.0291666984558105, 0.029098033905029297, -1.3177565336227417, -0.012940406799316406, 0.9567421722412109, -1.7966817188728184, -5.382935576519244, -4.026887668470048, -0.13660793336796218
1816, -0.02076435089111328, -0.738200843334198, 2.028439521789551, 0.029070615768432617, -1.3177202939987183, -0.012949466705322266, 0.9567344665527344, -1.7966398572021947, -5.3827560312511205, -4.026970577902714, -0.13666584637994816
1817, -0.020756959915161133, -0.7369617819786072, 2.0277843475341797, 0.029070615768432617, -1.31773841381073, -0.012949466705322266, 0.9567574310302734, -1.7966819168382306, -5.38272012558662, -4.0270870865394945, -0.13667148082941782
1818, -0.02077937126159668, -0.7360916137695312, 2.0273609161376953, 0.029088973999023438, -1.3178023099899292, -0.012931346893310547, 0.9567344665527344, -1.7967632629622585, -5.3828176024218495, -4.0272246122663375, -0.13667266163463765
1819, -0.020845651626586914, -0.7352876663208008, 2.026937484741211, 0.029088973999023438, -1.31782066822052, -0.012931346893310547, 0.9567574310302734, -1.7968436985231626, -5.382973848152625, -4.027369763751749, -0.1366913326707584
1820, -0.020823240280151367, -0.7345576286315918, 2.026721954345703, 0.029070615768432617, -1.3177748918533325, -0.012931346893310547, 0.9567269134521484, -1.7968464360927023, -5.382956833785065, -4.027455399184705, -0.13669372510164202
1821, -0.020786523818969727, -0.7340781092643738, 2.0266261100769043, 0.029043197631835938, -1.3177932500839233, -0.012903928756713867, 0.9567497253417969, -1.7967848258322014, -5.382808178725522, -4.027488405294972, -0.13666197087036913
1822, -0.020801305770874023, -0.7336061000823975, 2.026458263397217, 0.029015779495239258, -1.3178023099899292, -0.012949466705322266, 0.9567421722412109, -1.7967643808879075, -5.382651603383237, -4.027592079009676, -0.1365742142775721
1823, -0.020845651626586914, -0.7333555221557617, 2.0263142585754395, 0.029015779495239258, -1.3178478479385376, -0.012922286987304688, 0.9567497253417969, -1.796791072367082, -5.382669895372313, -4.027691935406205, -0.13652456326374107
1824, -0.02077937126159668, -0.7329721450805664, 2.0260186195373535, 0.029034137725830078, -1.3178297281265259, -0.012931346893310547, 0.9567497253417969, -1.7968563963564095, -5.382798272749272, -4.02784812674224, -0.1364867968810497
1825, -0.020720243453979492, -0.7324705123901367, 2.0257630348205566, 0.0290524959564209, -1.3178755044937134, -0.012931346893310547, 0.9567344665527344, -1.796912887921322, -5.382978296596037, -4.027983430138543, -0.1364730300298902
1826, -0.020808696746826172, -0.7318437099456787, 2.025371551513672, 0.0290524959564209, -1.3179212808609009, -0.012931346893310547, 0.9567344665527344, -1.796900371909571, -5.382974609498644, -4.028107289137324, -0.13640545017197425
1827, -0.02077937126159668, -0.7312462329864502, 2.0250041484832764, 0.0290067195892334, -1.3179117441177368, -0.012922286987304688, 0.9567269134521484, -1.7968114475527437, -5.382717974835, -4.028162720578596, -0.13636388446425762
1828, -0.02077937126159668, -0.7293436527252197, 2.0238137245178223, 0.029015779495239258, -1.3180214166641235, -0.012931346893310547, 0.9567344665527344, -1.7968861799934026, -5.3827395858203735, -4.0284680781209765, -0.13636431858414166
1829, -0.02077198028564453, -0.7285323143005371, 2.023454189300537, 0.029034137725830078, -1.3182772397994995, -0.012940406799316406, 0.9567421722412109, -1.796977430125476, -5.382987387586329, -4.028640199430403, -0.13638862638266858
1830, -0.02086019515991211, -0.7280675768852234, 2.023294448852539, 0.02897930145263672, -1.3191081285476685, -0.012922286987304688, 0.9567421722412109, -1.796979736490897, -5.383003259579267, -4.0287202670686995, -0.1364211374585098
1831, -0.020882606506347656, -0.7275440096855164, 2.02325439453125, 0.02897930145263672, -1.3210347890853882, -0.012922286987304688, 0.9567344665527344, -1.7969257610215297, -5.382845174393438, -4.028767671632282, -0.13646033367823573
1832, -0.02086019515991211, -0.7268285155296326, 2.023118495941162, 0.0289154052734375, -1.323445200920105, -0.012931346893310547, 0.9567269134521484, -1.7968444822405703, -5.382595789486902, -4.028823721882397, -0.13650866857420496
1833, -0.020786523818969727, -0.725191593170166, 2.0220959186553955, 0.02893352508544922, -1.3263946771621704, -0.012931346893310547, 0.9567344665527344, -1.7969860555587995, -5.38298886063718, -4.029380058692733, -0.13661624082926505
1834, -0.020793914794921875, -0.7250440120697021, 2.0220000743865967, 0.0289154052734375, -1.3264495134353638, -0.012940406799316406, 0.9567421722412109, -1.7969844102257326, -5.383026947153193, -4.029441860466937, -0.1366321917535407
1835, -0.020838260650634766, -0.7245645523071289, 2.02175235748291, 0.02890634536743164, -1.3263946771621704, -0.012922286987304688, 0.9567269134521484, -1.7969029419600728, -5.3828969815948815, -4.029540413817029, -0.1366199609089458
1836, -0.020749568939208984, -0.7239303588867188, 2.0215368270874023, 0.028796672821044922, -1.3264127969741821, -0.012894868850708008, 0.9567497253417969, -1.7967535943815172, -5.382578045252504, -4.029603725914047, -0.13662269922968662
1837, -0.02077937126159668, -0.7234289050102234, 2.0212490558624268, 0.028796672821044922, -1.3263760805130005, -0.012903928756713867, 0.9567344665527344, -1.7967342416802583, -5.382498837820086, -4.0297036189813475, -0.13658771907788392
1838, -0.020720243453979492, -0.7229125499725342, 2.0209693908691406, 0.0288240909576416, -1.326494812965393, -0.012876510620117188, 0.9567421722412109, -1.7967852451854327, -5.382651939705288, -4.029863555097365, -0.13656310216773537
1839, -0.020720243453979492, -0.7224626541137695, 2.020801544189453, 0.02886056900024414, -1.326494812965393, -0.012867450714111328, 0.9567421722412109, -1.7968498761744176, -5.3828622723609225, -4.02999983214662, -0.13654432507529535
1840, -0.020749568939208984, -0.7220496535301208, 2.020658016204834, 0.028842449188232422, -1.3264766931533813, -0.012885808944702148, 0.9567421722412109, -1.796887831716452, -5.383054845457547, -4.030115595507853, -0.13651509000509154
1841, -0.02086019515991211, -0.7205305099487305, 2.0202741622924805, 0.028705358505249023, -1.3264495134353638, -0.012885808944702148, 0.9567421722412109, -1.796671503695385, -5.382636406120289, -4.030247743754433, -0.13641335800463406
1842, -0.02086019515991211, -0.7201544642448425, 2.020066738128662, 0.028696060180664062, -1.3264766931533813, -0.012876510620117188, 0.9567344665527344, -1.7966360401775543, -5.382504920324432, -4.030294536167552, -0.13638995248034913
1843, -0.02081584930419922, -0.718886137008667, 2.019171714782715, 0.028741836547851562, -1.326494812965393, -0.012894868850708008, 0.9567574310302734, -1.7968501860100443, -5.383063087065463, -4.0306922105565, -0.13641730091336335
1844, -0.020830869674682617, -0.7181410789489746, 2.018916130065918, 0.028696060180664062, -1.3265224695205688, -0.012894868850708008, 0.9567344665527344, -1.7967753158288786, -5.382974201709042, -4.030773884061525, -0.13648203109502877
1845, -0.020941495895385742, -0.7173078060150146, 2.018540620803833, 0.028614044189453125, -1.3265405893325806, -0.012867450714111328, 0.9567269134521484, -1.7966345895281053, -5.382597136153364, -4.030803050169379, -0.13645096783063604
1846, -0.02076435089111328, -0.7145051956176758, 2.017030715942383, 0.028650522232055664, -1.3268235921859741, -0.012931346893310547, 0.9567421722412109, -1.7968070995456735, -5.38302824424328, -4.031089587961807, -0.13651984938347717
1847, -0.020808696746826172, -0.7139449119567871, 2.0167508125305176, 0.028614044189453125, -1.3268054723739624, -0.012894868850708008, 0.9567497253417969, -1.7967567301905665, -5.382913779995047, -4.031100468004944, -0.1365039322129462
1848, -0.020853042602539062, -0.7133767604827881, 2.016463279724121, 0.028604984283447266, -1.3269058465957642, -0.012912988662719727, 0.9567192077636719, -1.7967132614060162, -5.382784482716229, -4.031122231164642, -0.13646439022301138
1849, -0.020904541015625, -0.7113931179046631, 2.015233039855957, 0.028577566146850586, -1.3271156549453735, -0.012885808944702148, 0.9567650604248047, -1.7967619269907769, -5.38288038804468, -4.031331190749844, -0.13639869928924764
1850, -0.020853042602539062, -0.7108914852142334, 2.014953374862671, 0.028604984283447266, -1.3272162675857544, -0.012876510620117188, 0.9567344665527344, -1.796768587224007, -5.382899994446474, -4.031368895858758, -0.13640560084574638
1851, -0.02077937126159668, -0.7100138664245605, 2.014482021331787, 0.028604984283447266, -1.3284672498703003, -0.012903928756713867, 0.9567497253417969, -1.7967760513705002, -5.3828807862721355, -4.031428046590655, -0.13645776940561838
1852, -0.02081584930419922, -0.7095491886138916, 2.0143141746520996, 0.028586626052856445, -1.3303207159042358, -0.012894868850708008, 0.9567574310302734, -1.796778621906223, -5.382861944762346, -4.031472464703515, -0.1364699806365639
1853, -0.020919322967529297, -0.7085757255554199, 2.0138587951660156, 0.028586626052856445, -1.3343018293380737, -0.012876510620117188, 0.9567497253417969, -1.7967619990471304, -5.3828681660736875, -4.031627182867252, -0.13647749377557616
1854, -0.020882606506347656, -0.7074992656707764, 2.013035774230957, 0.028595924377441406, -1.3347309827804565, -0.012867450714111328, 0.9567344665527344, -1.796730200865044, -5.382796969798514, -4.031809159204259, -0.13653609054558213
1855, -0.020882606506347656, -0.7048513293266296, 2.0113978385925293, 0.028586626052856445, -1.3346303701400757, -0.012858390808105469, 0.9567497253417969, -1.7967779703726015, -5.3828780703616195, -4.032105918848638, -0.13654078898091626
1856, -0.020838260650634766, -0.7023217678070068, 2.0096163749694824, 0.028586626052856445, -1.3346670866012573, -0.012885808944702148, 0.9567497253417969, -1.7968163795577512, -5.38275053327512, -4.03225497080717, -0.136538765076069
1857, -0.020845651626586914, -0.7000062465667725, 2.0072834491729736, 0.028577566146850586, -1.3346761465072632, -0.012849092483520508, 0.9567344665527344, -1.7969070070422686, -5.3828648166472135, -4.032456418705651, -0.13650427626746353
1858, -0.020874977111816406, -0.6987452507019043, 2.005949020385742, 0.028568506240844727, -1.334685206413269, -0.012812614440917969, 0.9567497253417969, -1.796942981001836, -5.382877289856318, -4.032547325891832, -0.13648331969764183
1859, -0.020838260650634766, -0.6962966918945312, 2.0035042762756348, 0.028550148010253906, -1.3346580266952515, -0.012830972671508789, 0.9567421722412109, -1.7968924459430247, -5.382665550864835, -4.032641521568649, -0.13648749725837117
1860, -0.020845651626586914, -0.6940767765045166, 2.001011848449707, 0.028586626052856445, -1.3345667123794556, -0.012849092483520508, 0.9567421722412109, -1.7970096756464997, -5.38282177238794, -4.032882384066194, -0.1364672018086548
1861, -0.020882606506347656, -0.6908984184265137, 1.9976001977920532, 0.028550148010253906, -1.3343383073806763, -0.012830972671508789, 0.9567574310302734, -1.7969910209103956, -5.3826692362251105, -4.033085163654064, -0.1365029884927722
1862, -0.020786523818969727, -0.6899247169494629, 1.9946200847625732, 0.028541088104248047, -1.3335074186325073, -0.012849092483520508, 0.9567497253417969, -1.797093064536066, -5.38290316260494, -4.033544539234633, -0.1366402005566556
1863, -0.020867586135864258, -0.6898877620697021, 1.9892511367797852, 0.028513669967651367, -1.3301199674606323, -0.012830972671508789, 0.9567650604248047, -1.7971420649963576, -5.382944312866307, -4.034005992604647, -0.1366619663326647
1864, -0.020845651626586914, -0.6892092227935791, 1.9853922128677368, 0.028486251831054688, -1.3271065950393677, -0.012821674346923828, 0.9567421722412109, -1.7971061257579337, -5.382613567930467, -4.034131710204696, -0.13661465840238307
1865, -0.020882606506347656, -0.6881990432739258, 1.978481411933899, 0.028477191925048828, -1.3233722448349, -0.012840032577514648, 0.9567574310302734, -1.7971987935528075, -5.382688612134737, -4.034466066627999, -0.13651063833300192
1866, -0.02099323272705078, -0.6867091655731201, 1.973999261856079, 0.028467893600463867, -1.3185783624649048, -0.012849092483520508, 0.9567497253417969, -1.7972932473077272, -5.382726072403685, -4.034557507103232, -0.13641640122561682
1867, -0.020793914794921875, -0.6840174198150635, 1.9657381772994995, 0.028477191925048828, -1.3119128942489624, -0.012830972671508789, 0.9567497253417969, -1.7974234547175558, -5.382857847933775, -4.03469420662069, -0.13661930340469386
1868, -0.02100062370300293, -0.6816573143005371, 1.9588991403579712, 0.028467893600463867, -1.306251883506775, -0.012867450714111328, 0.9567344665527344, -1.7974068417560785, -5.382628992546064, -4.034739543916964, -0.1365709292078776
1869, -0.021066904067993164, -0.6796660423278809, 1.9536100625991821, 0.028467893600463867, -1.3022249937057495, -0.012849092483520508, 0.9567497253417969, -1.7975243023764302, -5.382774036896309, -4.034831040009045, -0.1365454491525302
1870, -0.021022558212280273, -0.670241117477417, 1.9290504455566406, 0.02844977378845215, -1.2888942956924438, -0.012876510620117188, 0.9567497253417969, -1.7976899110224331, -5.382754772326142, -4.0349827517872825, -0.13663336257205483
1871, -0.021044492721557617, -0.6672835350036621, 1.9209650754928589, 0.028440475463867188, -1.284575343132019, -0.012849092483520508, 0.9567497253417969, -1.7977130821778766, -5.3827678354645, -4.035011167277868, -0.13661266178944853
1872, -0.020970821380615234, -0.6651892066001892, 1.9151806831359863, 0.028458833694458008, -1.2802835702896118, -0.012830972671508789, 0.9567497253417969, -1.7976879042480496, -5.382676595067272, -4.034997329878658, -0.136621908814889
1873, -0.020933866500854492, -0.6626818180084229, 1.908389687538147, 0.028467893600463867, -1.2757822275161743, -0.012840032577514648, 0.9567574310302734, -1.7977165885727726, -5.382680964849044, -4.035014780256889, -0.13661556272179176
1874, -0.02095627784729004, -0.6602773070335388, 1.9017822742462158, 0.028467893600463867, -1.2706691026687622, -0.012830972671508789, 0.9567421722412109, -1.7977747815497511, -5.382768776641611, -4.035057272555082, -0.13659633928156367
1875, -0.020970821380615234, -0.658057689666748, 1.895534634590149, 0.028467893600463867, -1.2671810388565063, -0.012849092483520508, 0.9567574310302734, -1.7977568166507152, -5.3827364342022985, -4.035062356191142, -0.1365734512212775
1876, -0.021022558212280273, -0.656169593334198, 1.8902695178985596, 0.02844977378845215, -1.2641676664352417, -0.012849092483520508, 0.9567497253417969, -1.7977258731221117, -5.382667145568492, -4.035056754342463, -0.13657586341358652
1877, -0.021015167236328125, -0.6540679931640625, 1.8849564790725708, 0.028458833694458008, -1.2612184286117554, -0.012840032577514648, 0.9567421722412109, -1.7977445023576961, -5.38267796450971, -4.035074982816238, -0.13657231109593493
1878, -0.021015167236328125, -0.6523568630218506, 1.8807860612869263, 0.028431415557861328, -1.2598215341567993, -0.012830972671508789, 0.9567421722412109, -1.797792782571345, -5.382728111102923, -4.035093247209601, -0.1365899042302372
1879, -0.02100062370300293, -0.6502920985221863, 1.8754650354385376, 0.02844977378845215, -1.2568541765213013, -0.012830972671508789, 0.9567497253417969, -1.7978184891440772, -5.3827560455479695, -4.035100644954389, -0.13660699846345192
1880, -0.02099323272705078, -0.6474010944366455, 1.8679627180099487, 0.028440475463867188, -1.2514852285385132, -0.012840032577514648, 0.9567497253417969, -1.7978083051222373, -5.3826832049223015, -4.035088207141525, -0.13664335760791246
1881, -0.02103710174560547, -0.6423711180686951, 1.85513174533844, 0.02844977378845215, -1.2421804666519165, -0.012858390808105469, 0.9567574310302734, -1.7979062076911643, -5.382729332674669, -4.035124911090715, -0.136649112876281
1882, -0.021029949188232422, -0.6410660743713379, 1.8519599437713623, 0.028431415557861328, -1.2399893999099731, -0.012812614440917969, 0.9567421722412109, -1.797920991501137, -5.382728697723275, -4.035126381421227, -0.1366446337868723
1883, -0.021015167236328125, -0.6393916606903076, 1.8476375341415405, 0.02844977378845215, -1.237012505531311, -0.012867450714111328, 0.9567344665527344, -1.7979166768132044, -5.382694039008545, -4.035123694203588, -0.13666190792937627
1884, -0.021015167236328125, -0.636699914932251, 1.8411500453948975, 0.02844977378845215, -1.2334152460098267, -0.012840032577514648, 0.9567574310302734, -1.7979335223184305, -5.3826654839650026, -4.035131336233091, -0.1366745637347213
1885, -0.021029949188232422, -0.633004903793335, 1.8322417736053467, 0.02844977378845215, -1.2290688753128052, -0.012840032577514648, 0.9567497253417969, -1.7980161634183411, -5.382730185905115, -4.035173740936279, -0.1366684627615813
1886, -0.021066904067993164, -0.6275548934936523, 1.818691611289978, 0.02842235565185547, -1.2216087579727173, -0.012858390808105469, 0.9567497253417969, -1.7980489267207045, -5.382654270025286, -4.0351807023178266, -0.13667512281167227
1887, -0.021052122116088867, -0.6243691444396973, 1.8108221292495728, 0.028431415557861328, -1.2159844636917114, -0.012867450714111328, 0.9567574310302734, -1.798131413582758, -5.382676126814283, -4.035211456607399, -0.13667342019670947
1888, -0.021059513092041016, -0.6230490207672119, 1.8074824810028076, 0.028458833694458008, -1.213455080986023, -0.012840032577514648, 0.9567344665527344, -1.7981768740114177, -5.382696137481717, -4.035222385454052, -0.13665589533422207
1889, -0.021074295043945312, -0.6217362880706787, 1.8040789365768433, 0.028431415557861328, -1.2109898328781128, -0.012876510620117188, 0.9567574310302734, -1.7982118833142648, -5.382697185375493, -4.035226865655385, -0.13667446639554193
1890, -0.021066904067993164, -0.619457483291626, 1.7985103130340576, 0.028431415557861328, -1.2069905996322632, -0.012821674346923828, 0.9567497253417969, -1.7982313242261676, -5.382660790476292, -4.035231390180776, -0.13668111329038357
1891, -0.02108144760131836, -0.6176729202270508, 1.794052004814148, 0.028431415557861328, -1.204370141029358, -0.012830972671508789, 0.9567574310302734, -1.7982462221443485, -5.38262408069063, -4.035234945610961, -0.13668384545424228
1892, -0.021066904067993164, -0.6133804321289062, 1.7836817502975464, 0.028431415557861328, -1.1992384195327759, -0.012858390808105469, 0.9567497253417969, -1.7983433051460858, -5.382663358268081, -4.035285387829303, -0.13667879422685303
1893, -0.021074295043945312, -0.6115074157714844, 1.7791038751602173, 0.028440475463867188, -1.1974214315414429, -0.012840032577514648, 0.9567421722412109, -1.7983792981452003, -5.38266812487741, -4.035298133579916, -0.13668202521187123
1894, -0.021066904067993164, -0.6091620922088623, 1.7732794284820557, 0.028440475463867188, -1.1942530870437622, -0.012840032577514648, 0.9567574310302734, -1.7984071228495833, -5.382633321290021, -4.035309114024546, -0.13667105337867724
1895, -0.021074295043945312, -0.6068093776702881, 1.767391324043274, 0.028431415557861328, -1.1908107995986938, -0.012876510620117188, 0.9567421722412109, -1.7984335738672963, -5.382604738459063, -4.035314196624235, -0.13668787497257284
1896, -0.02108144760131836, -0.6049141883850098, 1.7627652883529663, 0.028413057327270508, -1.187897801399231, -0.012849092483520508, 0.9567421722412109, -1.79848464356256, -5.382618818867116, -4.035327621094691, -0.13666147106876192
1897, -0.02108144760131836, -0.6029303073883057, 1.7580435276031494, 0.028431415557861328, -1.1847752332687378, -0.012858390808105469, 0.9567650604248047, -1.798539281074433, -5.382643818444794, -4.035346032005777, -0.13665689036099238
1898, -0.021096229553222656, -0.6014404296875, 1.7545281648635864, 0.028431415557861328, -1.182191014289856, -0.012812614440917969, 0.9567421722412109, -1.7985701136611074, -5.382648904407582, -4.035357934713954, -0.13665472436639892
1899, -0.021111249923706055, -0.5995378494262695, 1.749854326248169, 0.028440475463867188, -1.1789861917495728, -0.012849092483520508, 0.9567574310302734, -1.7985962186186994, -5.382625665883696, -4.035360700645882, -0.13664331401809804
1900, -0.021111249923706055, -0.5976793766021729, 1.7452443838119507, 0.028431415557861328, -1.1758633852005005, -0.012849092483520508, 0.9567726898193359, -1.7986153361027029, -5.382588990836163, -4.035365368598128, -0.13666119799533938
1901, -0.0211184024810791, -0.5962190628051758, 1.741744875907898, 0.02842235565185547, -1.173516869544983, -0.012849092483520508, 0.9567421722412109, -1.7986329099031722, -5.3825756710753945, -4.035376209374058, -0.136655444981721
1902, -0.021103620529174805, -0.5952086448669434, 1.7394120693206787, 0.028431415557861328, -1.1723662614822388, -0.012830972671508789, 0.9567421722412109, -1.7986471592729734, -5.382573617914196, -4.035384395328895, -0.1366609326586028
1903, -0.0211184024810791, -0.5931954383850098, 1.7347142696380615, 0.02842235565185547, -1.1702390909194946, -0.012840032577514648, 0.9567650604248047, -1.7986981093941317, -5.382583123063189, -4.035408405011145, -0.13668398757435085
1904, -0.021140575408935547, -0.5906291007995605, 1.728793978691101, 0.028413057327270508, -1.1673260927200317, -0.012867450714111328, 0.9567574310302734, -1.7987636432061433, -5.382578827527128, -4.035434582968786, -0.13668401663445628
1905, -0.021140575408935547, -0.58955979347229, 1.7263891696929932, 0.02842235565185547, -1.1661850214004517, -0.012858390808105469, 0.9567344665527344, -1.7987845578426, -5.382567720177801, -4.035440827485212, -0.136696539740079
1906, -0.021147727966308594, -0.5868384838104248, 1.720285177230835, 0.02842235565185547, -1.1635643243789673, -0.012840032577514648, 0.9567574310302734, -1.7988310526364266, -5.3825377334493245, -4.035437735373103, -0.1366929676291475
1907, -0.021162748336791992, -0.5846259593963623, 1.7154115438461304, 0.02842235565185547, -1.161263108253479, -0.012849092483520508, 0.9567497253417969, -1.7988824839377227, -5.38251969099808, -4.035430954240405, -0.13669929451797724
1908, -0.021162748336791992, -0.5823469161987305, 1.7104262113571167, 0.028431415557861328, -1.1580036878585815, -0.012867450714111328, 0.9567574310302734, -1.7989486233491059, -5.382527538967623, -4.0354135066215004, -0.13671161630747353
1909, -0.021162748336791992, -0.5800015926361084, 1.7053848505020142, 0.02840399742126465, -1.1545523405075073, -0.012867450714111328, 0.9567344665527344, -1.799019433306155, -5.382522878590135, -4.035382490251103, -0.13670882674663076
1910, -0.02117013931274414, -0.578106164932251, 1.7016297578811646, 0.028431415557861328, -1.1521414518356323, -0.012858390808105469, 0.9567344665527344, -1.7990695995782433, -5.382507753731952, -4.035355000805667, -0.13672936706257754
1911, -0.021147727966308594, -0.5769262313842773, 1.6992169618606567, 0.028431415557861328, -1.150516390800476, -0.012867450714111328, 0.9567497253417969, -1.7991011582594783, -5.382490109240805, -4.0353324686936425, -0.13673467815863205
1912, -0.021192073822021484, -0.5739247798919678, 1.6929610967636108, 0.028413057327270508, -1.146234154701233, -0.012849092483520508, 0.9567497253417969, -1.7991826832810833, -5.382447138884266, -4.035273600439928, -0.1367172262066756
1913, -0.02117753028869629, -0.5720367431640625, 1.6892701387405396, 0.02842235565185547, -1.1442526578903198, -0.012858390808105469, 0.9567497253417969, -1.7992256631563248, -5.3824365171744635, -4.03524620557418, -0.13672437130155402
1914, -0.021184921264648438, -0.5702300071716309, 1.6856108903884888, 0.02842235565185547, -1.1424719095230103, -0.012849092483520508, 0.9567574310302734, -1.7992682144266765, -5.38243759553577, -4.0352224778652, -0.13673027572413776
1915, -0.02117013931274414, -0.5678036212921143, 1.6807292699813843, 0.028413057327270508, -1.1399885416030884, -0.012840032577514648, 0.9567574310302734, -1.7993276126867346, -5.3824167377800185, -4.035191512427104, -0.13674136473185872
1916, -0.021162748336791992, -0.5659377574920654, 1.6770861148834229, 0.028431415557861328, -1.1379703283309937, -0.012867450714111328, 0.9567421722412109, -1.7993662693237202, -5.3823980543178855, -4.035167731209077, -0.13672626001271126
1917, -0.021192073822021484, -0.5641310214996338, 1.6734429597854614, 0.02840399742126465, -1.1366010904312134, -0.012867450714111328, 0.9567497253417969, -1.799406063435609, -5.382377077072904, -4.035140097841385, -0.13670182977386158
1918, -0.021236419677734375, -0.5617415904998779, 1.6686012744903564, 0.02842235565185547, -1.134729027748108, -0.012858390808105469, 0.9567421722412109, -1.7994691889190528, -5.382356577922181, -4.0351093477158715, -0.13666106224841013
1919, -0.021236419677734375, -0.5599343776702881, 1.664997935295105, 0.02840399742126465, -1.13298499584198, -0.012867450714111328, 0.9567497253417969, -1.7995118671497543, -5.382353525566789, -4.035084757398, -0.13663596162106018
1920, -0.021229028701782227, -0.5576188564300537, 1.6600844860076904, 0.028431415557861328, -1.1299444437026978, -0.012840032577514648, 0.9567497253417969, -1.7995663584319939, -5.3823649132138165, -4.035052541246284, -0.1366449496862785
1921, -0.021199464797973633, -0.5550966262817383, 1.6550670862197876, 0.028431415557861328, -1.1270042657852173, -0.012867450714111328, 0.9567497253417969, -1.7996183575836806, -5.382344247995761, -4.035000997625617, -0.13665185715492267
1922, -0.021199464797973633, -0.553208589553833, 1.651304006576538, 0.02842235565185547, -1.1248677968978882, -0.012876510620117188, 0.9567497253417969, -1.7996688129841139, -5.382312694497468, -4.03495055281945, -0.13663359645572992
1923, -0.021251201629638672, -0.5505685806274414, 1.6461747884750366, 0.028431415557861328, -1.1215895414352417, -0.012849092483520508, 0.9567650604248047, -1.799730782774249, -5.382275977468161, -4.034864822325982, -0.13660608320804268
1924, -0.02125835418701172, -0.5484960079193115, 1.6422998905181885, 0.028440475463867188, -1.1189051866531372, -0.012849092483520508, 0.9567574310302734, -1.799789730118765, -5.382254736070152, -4.034801834636421, -0.13659960779669866
1925, -0.021229028701782227, -0.5457305908203125, 1.637130618095398, 0.02842235565185547, -1.1161476373672485, -0.012849092483520508, 0.9567421722412109, -1.799883700148727, -5.3822451693273115, -4.034708742925625, -0.13658526612949462
1926, -0.021310091018676758, -0.5427730083465576, 1.6319376230239868, 0.02842235565185547, -1.1132351160049438, -0.012867450714111328, 0.9567497253417969, -1.7999807944408102, -5.382261637344348, -4.034603171427771, -0.13659418954957214
1927, -0.021236419677734375, -0.540553092956543, 1.6280146837234497, 0.028385639190673828, -1.110906720161438, -0.012858390808105469, 0.9567421722412109, -1.8000506139659638, -5.382240009363489, -4.034513835964164, -0.13659434192372277
1928, -0.021280765533447266, -0.5382893085479736, 1.624027967453003, 0.028431415557861328, -1.1094273328781128, -0.012858390808105469, 0.9567421722412109, -1.8001158828852115, -5.382222046631519, -4.034410961208092, -0.13657778391403497
1929, -0.021324872970581055, -0.5351474285125732, 1.6186989545822144, 0.028431415557861328, -1.1074186563491821, -0.012840032577514648, 0.9567574310302734, -1.8002001704524682, -5.382161294253087, -4.03425018905731, -0.13655336279571628
1930, -0.021361827850341797, -0.5303685665130615, 1.610589623451233, 0.028413057327270508, -1.1040583848953247, -0.012840032577514648, 0.9567421722412109, -1.8003482384572582, -5.382155163794204, -4.034012838525613, -0.13652218979007458
1931, -0.021376371383666992, -0.5286798477172852, 1.6078251600265503, 0.02840399742126465, -1.1029082536697388, -0.012849092483520508, 0.9567344665527344, -1.8004169941208825, -5.3821656320309215, -4.033946634479564, -0.13651334237732105
1932, -0.021457672119140625, -0.52622389793396, 1.6037665605545044, 0.028431415557861328, -1.101300835609436, -0.012858390808105469, 0.9567421722412109, -1.800523340043432, -5.382199411987289, -4.033835059481153, -0.13652875917549068
1933, -0.02143549919128418, -0.5220792293548584, 1.5970314741134644, 0.02842235565185547, -1.0987900495529175, -0.012849092483520508, 0.9567421722412109, -1.8006800217791097, -5.382164410933686, -4.033618954053114, -0.13654554044278022
1934, -0.02147960662841797, -0.5195863246917725, 1.5928369760513306, 0.02840399742126465, -1.0966078042984009, -0.012867450714111328, 0.9567574310302734, -1.8007553344338068, -5.3820999089522665, -4.033471841083353, -0.1365498321801022
1935, -0.021546125411987305, -0.515131950378418, 1.5857583284378052, 0.02840399742126465, -1.0924805402755737, -0.012876510620117188, 0.9567574310302734, -1.8008714736108535, -5.381985469790569, -4.033203823865331, -0.1365319332415309
1936, -0.021627426147460938, -0.5124549865722656, 1.5814759731292725, 0.02839493751525879, -1.0904079675674438, -0.012840032577514648, 0.9567650604248047, -1.8009667866510166, -5.381975105344917, -4.033052770884332, -0.13651801543516395
1937, -0.02165675163269043, -0.5096597671508789, 1.5770817995071411, 0.02840399742126465, -1.088234543800354, -0.012858390808105469, 0.9567421722412109, -1.8010811026125113, -5.382000088165092, -4.032911368797134, -0.13653745207539103
1938, -0.021627426147460938, -0.5039148330688477, 1.5683091878890991, 0.02840399742126465, -1.0834044218063354, -0.012858390808105469, 0.9567421722412109, -1.8013429833077081, -5.382072521939115, -4.032597395318967, -0.1365817733791932
1939, -0.02164936065673828, -0.5019309520721436, 1.5653690099716187, 0.02840399742126465, -1.0824004411697388, -0.012876510620117188, 0.9567497253417969, -1.801416530105083, -5.382069513416051, -4.032478083076616, -0.13660416091310434
1940, -0.02166438102722168, -0.4990250766277313, 1.5610148906707764, 0.02842235565185547, -1.0806471109390259, -0.012858390808105469, 0.9567574310302734, -1.8015123708551717, -5.382017179854607, -4.032284410420373, -0.13663755606703187
1941, -0.021678924560546875, -0.49507975578308105, 1.5552223920822144, 0.02840399742126465, -1.078163504600525, -0.012858390808105469, 0.9567574310302734, -1.8016071403661373, -5.381891544905557, -4.031994934553338, -0.1366735888458912
1942, -0.021671533584594727, -0.49196743965148926, 1.5508601665496826, 0.02840399742126465, -1.0762735605239868, -0.012830972671508789, 0.9567497253417969, -1.8016769554428833, -5.381823319442664, -4.03177931361756, -0.1366863296198435
1943, -0.021715879440307617, -0.48774170875549316, 1.5449960231781006, 0.02839493751525879, -1.074511170387268, -0.012876510620117188, 0.9567650604248047, -1.8018170140749772, -5.381825225354011, -4.031521083223522, -0.13668795155001146
1944, -0.02174520492553711, -0.4834935665130615, 1.5390678644180298, 0.02840399742126465, -1.0729588270187378, -0.012858390808105469, 0.9567497253417969, -1.801989748573771, -5.381905031443312, -4.031267260897825, -0.1367069087041486
1945, -0.021730661392211914, -0.47492384910583496, 1.5270435810089111, 0.02839493751525879, -1.068402647972107, -0.012876510620117188, 0.9567726898193359, -1.802243977089692, -5.381942047327755, -4.030692102954061, -0.13675041600609905
1946, -0.021730661392211914, -0.4717381000518799, 1.5224655866622925, 0.02840399742126465, -1.0661746263504028, -0.012867450714111328, 0.9567421722412109, -1.8023026823697479, -5.381860382973091, -4.030441592055567, -0.1367755803769013
1947, -0.021715879440307617, -0.46841931343078613, 1.5178557634353638, 0.02839493751525879, -1.0641568899154663, -0.012885808944702148, 0.9567726898193359, -1.8023522177990952, -5.381779550952755, -4.030199615430087, -0.13677144701900712
1948, -0.02184128761291504, -0.46279236674308777, 1.5100339651107788, 0.02840399742126465, -1.0606046915054321, -0.012885808944702148, 0.9567574310302734, -1.802440762224753, -5.381741406205006, -4.0298267462666155, -0.13672994063018518
1949, -0.021855831146240234, -0.45830103754997253, 1.503810167312622, 0.028385639190673828, -1.0573817491531372, -0.012876510620117188, 0.9567497253417969, -1.8025107735722505, -5.381735951271196, -4.029528517778976, -0.13669056595996665
1950, -0.02187061309814453, -0.4549379050731659, 1.4990962743759155, 0.02840399742126465, -1.055162787437439, -0.012876510620117188, 0.9567650604248047, -1.8025638399945858, -5.381740079337471, -4.029298883727059, -0.13666884125180445
1951, -0.021914958953857422, -0.45258545875549316, 1.4959404468536377, 0.02839493751525879, -1.053747534751892, -0.012858390808105469, 0.9567497253417969, -1.802598718898036, -5.381746000479774, -4.029147389295286, -0.13665540669311493
1952, -0.021848678588867188, -0.4466707408428192, 1.4881027936935425, 0.02839493751525879, -1.0504239797592163, -0.012885808944702148, 0.9567574310302734, -1.8026743874356126, -5.381758152182423, -4.028762964237472, -0.136653089072321
1953, -0.021855831146240234, -0.44188427925109863, 1.4817670583724976, 0.02839493751525879, -1.0483511686325073, -0.012858390808105469, 0.9567574310302734, -1.8027224771237065, -5.381767375673071, -4.028458496294858, -0.13664401602675724
1954, -0.02188563346862793, -0.4371645152568817, 1.4754713773727417, 0.02839493751525879, -1.0463699102401733, -0.012867450714111328, 0.9567574310302734, -1.8027652391216973, -5.381765530805822, -4.028155939685866, -0.13662936580980212
1955, -0.021892786026000977, -0.4324004650115967, 1.4691437482833862, 0.028385639190673828, -1.0441421270370483, -0.012867450714111328, 0.9567497253417969, -1.8028035848587565, -5.381762183963686, -4.027859209718509, -0.136580009412131
1956, -0.021981239318847656, -0.42873501777648926, 1.4644219875335693, 0.028385639190673828, -1.0426536798477173, -0.012867450714111328, 0.9567574310302734, -1.8028300396377803, -5.3817557075706794, -4.0276381604381815, -0.1365481976494065
1957, -0.022025585174560547, -0.42526865005493164, 1.4597080945968628, 0.028385639190673828, -1.041019320487976, -0.012876510620117188, 0.9567574310302734, -1.8028555429412532, -5.381754588728664, -4.0274196780184495, -0.13652560563156424
1958, -0.021996259689331055, -0.4217805564403534, 1.4550822973251343, 0.028385639190673828, -1.0396496057510376, -0.012867450714111328, 0.9567574310302734, -1.8028839681655757, -5.381760338555861, -4.027208034078824, -0.13650267223313595
1959, -0.022077083587646484, -0.416138619184494, 1.4473084211349487, 0.028385639190673828, -1.0370017290115356, -0.012876510620117188, 0.9567497253417969, -1.8029354376557345, -5.3817642608921314, -4.026869936365294, -0.13650169600405615
1960, -0.02201080322265625, -0.41283488273620605, 1.4426586627960205, 0.028385639190673828, -1.0346094369888306, -0.012885808944702148, 0.9567574310302734, -1.8029705626227335, -5.381760717813696, -4.026671064954027, -0.13649601406634737
1961, -0.022069931030273438, -0.4083876609802246, 1.4363709688186646, 0.02837657928466797, -1.031431794166565, -0.012867450714111328, 0.9567421722412109, -1.8030191710229473, -5.38175142487704, -4.026416682246976, -0.1364807747962642
1962, -0.022150754928588867, -0.40295958518981934, 1.4284613132476807, 0.02840399742126465, -1.027377724647522, -0.012885808944702148, 0.9567574310302734, -1.803080224372874, -5.381731643219096, -4.026119623413892, -0.13645828924796888
1963, -0.022128820419311523, -0.39864516258239746, 1.4221017360687256, 0.02836751937866211, -1.0237253904342651, -0.012876510620117188, 0.9567574310302734, -1.8031371691986362, -5.381731931049854, -4.025901514791449, -0.13647514756189594
1964, -0.022202491760253906, -0.395356148481369, 1.4172121286392212, 0.02839493751525879, -1.0212417840957642, -0.012894868850708008, 0.9567497253417969, -1.803180261971065, -5.381730966349529, -4.025750628769446, -0.1364925215912498
1965, -0.022173166275024414, -0.3909461498260498, 1.4107725620269775, 0.028385639190673828, -1.018356442451477, -0.012858390808105469, 0.9567574310302734, -1.803237770178566, -5.3817356022738405, -4.025555453873921, -0.13651754967035323
1966, -0.022136211395263672, -0.3876788318157196, 1.4059308767318726, 0.02836751937866211, -1.0163384675979614, -0.012876510620117188, 0.9567574310302734, -1.8032815514722471, -5.381737873271547, -4.025410494722411, -0.13652566048879855
1967, -0.02222466468811035, -0.38326120376586914, 1.3994594812393188, 0.02837657928466797, -1.0136815309524536, -0.012885808944702148, 0.9567421722412109, -1.8033321592736824, -5.381731921789202, -4.025212591733466, -0.13654510823341948
1968, -0.022195100784301758, -0.3800826072692871, 1.394649863243103, 0.02839493751525879, -1.0121475458145142, -0.012903928756713867, 0.9567574310302734, -1.8033705322032119, -5.381723871284916, -4.025065152225415, -0.13656423509552784
1969, -0.022165775299072266, -0.37592315673828125, 1.388314127922058, 0.02834916114807129, -1.0101934671401978, -0.012885808944702148, 0.9567497253417969, -1.8034229573279708, -5.381719289860558, -4.024862257117044, -0.13658424893931898
1970, -0.022195100784301758, -0.37278151512145996, 1.3835126161575317, 0.028385639190673828, -1.0084768533706665, -0.012894868850708008, 0.9567650604248047, -1.8034644523749364, -5.381714985632235, -4.024709235010703, -0.1365732815017946
1971, -0.02222466468811035, -0.36957335472106934, 1.3786789178848267, 0.02837657928466797, -1.0065046548843384, -0.012849092483520508, 0.9567421722412109, -1.8035077398378199, -5.3817137940773465, -4.024553158037694, -0.13655252846637556
1972, -0.022217512130737305, -0.3640570640563965, 1.3705775737762451, 0.02836751937866211, -1.0026696920394897, -0.012867450714111328, 0.9567574310302734, -1.803584678064078, -5.381721417975222, -4.024298969851342, -0.13654335204003853
1973, -0.02222466468811035, -0.36182236671447754, 1.367309808731079, 0.028385639190673828, -1.0012818574905396, -0.012885808944702148, 0.9567650604248047, -1.8036147692931201, -5.381726587087676, -4.024192587595949, -0.13655091553680254
1974, -0.022202491760253906, -0.35612890124320984, 1.3591045141220093, 0.02836751937866211, -0.9969903230667114, -0.012849092483520508, 0.9567421722412109, -1.8036872052589685, -5.381732862721251, -4.023924856287831, -0.1365598669026875
1975, -0.022180557250976562, -0.35274383425712585, 1.354167103767395, 0.02837657928466797, -0.9941598176956177, -0.012903928756713867, 0.9567497253417969, -1.803728292818146, -5.381731609939872, -4.02376880947742, -0.13657139570295396
1976, -0.022158145904541016, -0.35044312477111816, 1.3508754968643188, 0.02837657928466797, -0.9924613237380981, -0.012912988662719727, 0.9567574310302734, -1.8037559144518749, -5.381729895987118, -4.023661604934702, -0.1365792576773801
1977, -0.022114038467407227, -0.34590744972229004, 1.344236135482788, 0.02837657928466797, -0.9890280961990356, -0.012912988662719727, 0.9567802429199219, -1.8038136288006992, -5.381718702453458, -4.023443445559622, -0.13658814225081795
1978, -0.022173166275024414, -0.3424413204193115, 1.3391788005828857, 0.02839493751525879, -0.9865080118179321, -0.012894868850708008, 0.9567497253417969, -1.8038543282419162, -5.381708881994732, -4.023276126306451, -0.1365848835542467
1979, -0.022136211395263672, -0.3365044593811035, 1.3307899236679077, 0.02837657928466797, -0.9834858179092407, -0.012867450714111328, 0.9567650604248047, -1.8039228338502435, -5.381700222165171, -4.022997567675459, -0.13660117252830073
1980, -0.022209882736206055, -0.3316514492034912, 1.3238710165023804, 0.02837657928466797, -0.9812213182449341, -0.012894868850708008, 0.9567650604248047, -1.8039816711417531, -5.381695674547975, -4.022774524758287, -0.13659312327728568
1981, -0.02223944664001465, -0.3280601501464844, 1.3187018632888794, 0.02836751937866211, -0.9790207147598267, -0.012894868850708008, 0.9567497253417969, -1.8040245521472928, -5.381698295956706, -4.022608908946314, -0.13661662483334158
1982, -0.022195100784301758, -0.32318517565727234, 1.3117430210113525, 0.02837657928466797, -0.9766560792922974, -0.012922286987304688, 0.9567650604248047, -1.8040792800911563, -5.381696638796779, -4.022392454056094, -0.13663158154837962
1983, -0.022246837615966797, -0.31845805048942566, 1.3048800230026245, 0.02837657928466797, -0.9744554758071899, -0.012894868850708008, 0.9567497253417969, -1.804136634664256, -5.381683156000243, -4.022174638467957, -0.13661647353316653
1984, -0.022261381149291992, -0.31514644622802734, 1.2998226881027222, 0.02837657928466797, -0.9724191427230835, -0.012912988662719727, 0.9567650604248047, -1.8041804004571442, -5.381671503185368, -4.022016370646768, -0.1366121978216972
1985, -0.02222466468811035, -0.3119680881500244, 1.2950769662857056, 0.02836751937866211, -0.9698444604873657, -0.012894868850708008, 0.9567497253417969, -1.8042235478995394, -5.381666835342005, -4.021869223748341, -0.13662570810449015
1986, -0.0222320556640625, -0.3079264163970947, 1.2889889478683472, 0.02836751937866211, -0.9670137166976929, -0.012912988662719727, 0.9567574310302734, -1.8042783949180243, -5.381663027513805, -4.0216871973144, -0.13663525945495714
1987, -0.022217512130737305, -0.3040621280670166, 1.283204436302185, 0.02836751937866211, -0.964110255241394, -0.012912988662719727, 0.9567574310302734, -1.8043329385019602, -5.381666894178763, -4.021526011205689, -0.13664164487157926
1988, -0.0222320556640625, -0.30124497413635254, 1.278922200202942, 0.02836751937866211, -0.9613069295883179, -0.012894868850708008, 0.9567574310302734, -1.8043692888570917, -5.381671264643055, -4.021419903096164, -0.13666068119630914
1989, -0.022209882736206055, -0.2983686923980713, 1.2746556997299194, 0.02836751937866211, -0.9586683511734009, -0.012903928756713867, 0.9567497253417969, -1.8044034171194359, -5.381669819370157, -4.0213224044415155, -0.13664710949541536
1990, -0.022261381149291992, -0.29063963890075684, 1.2633745670318604, 0.02836751937866211, -0.9538835287094116, -0.012931346893310547, 0.9567574310302734, -1.8044757890495347, -5.3816597983286, -4.021091634619338, -0.13659751574588963
1991, -0.02228379249572754, -0.28775620460510254, 1.2591321468353271, 0.028385639190673828, -0.9517196416854858, -0.012867450714111328, 0.9567421722412109, -1.8045013707807587, -5.381658376085862, -4.021012258339003, -0.13658525982401226
1992, -0.02223944664001465, -0.2849390506744385, 1.2550256252288818, 0.02836751937866211, -0.950140118598938, -0.012903928756713867, 0.9567497253417969, -1.804527259092204, -5.381669077225651, -4.02094015911574, -0.13659507816133765
1993, -0.02223944664001465, -0.28217339515686035, 1.2510708570480347, 0.02839493751525879, -0.94939124584198, -0.012903928756713867, 0.9567650604248047, -1.8045493648321753, -5.381677385049241, -4.02087084244836, -0.13660197253423423
1994, -0.02222466468811035, -0.27872204780578613, 1.2459415197372437, 0.02834010124206543, -0.9478117227554321, -0.012922286987304688, 0.9567650604248047, -1.8045742181730966, -5.381686002571381, -4.0207970074167205, -0.13657489441606607
1995, -0.022253990173339844, -0.2762882709503174, 1.2423382997512817, 0.02836751937866211, -0.946578860282898, -0.012912988662719727, 0.9567650604248047, -1.8045970906380748, -5.381687197564968, -4.020742724561121, -0.13654142239772682
1996, -0.02232050895690918, -0.2730581760406494, 1.2375366687774658, 0.028385639190673828, -0.9444059133529663, -0.012940406799316406, 0.9567574310302734, -1.8046265580849856, -5.3816908912036805, -4.020671547218621, -0.1364979759981475
1997, -0.022350072860717773, -0.2706315517425537, 1.2338933944702148, 0.02836751937866211, -0.942524790763855, -0.012903928756713867, 0.9567574310302734, -1.8046483290192654, -5.38169795993756, -4.0206174254930085, -0.13651351133222356
1998, -0.022291183471679688, -0.2650783061981201, 1.2255845069885254, 0.02835845947265625, -0.9387446641921997, -0.012922286987304688, 0.9567497253417969, -1.8047023098007489, -5.381700637731172, -4.020482778875531, -0.13654197657157496
1999, -0.02228379249572754, -0.2634851932525635, 1.2231636047363281, 0.02835845947265625, -0.9375213384628296, -0.012949466705322266, 0.9567726898193359, -1.8047162804353807, -5.381698537004899, -4.020445126874886, -0.13654236492813787
2000, -0.022342681884765625, -0.260225772857666, 1.2182340621948242, 0.02837657928466797, -0.9342523813247681, -0.012940406799316406, 0.9567421722412109, -1.8047449064804661, -5.381689581024062, -4.020376961471474, -0.13653394057075907
2001, -0.022335290908813477, -0.2579615116119385, 1.2147586345672607, 0.02834916114807129, -0.9322618246078491, -0.012949466705322266, 0.9567421722412109, -1.8047650278728002, -5.381679004225799, -4.020330574296987, -0.13654399039515308
2002, -0.02231311798095703, -0.2552328109741211, 1.2106361389160156, 0.028385639190673828, -0.930709719657898, -0.012958765029907227, 0.9567726898193359, -1.8047838095889392, -5.381667544712078, -4.020270509265965, -0.1365694679238061
2003, -0.02231311798095703, -0.2533080577850342, 1.2077758312225342, 0.02835845947265625, -0.9291115999221802, -0.012940406799316406, 0.9567497253417969, -1.8047966526190033, -5.381666921662263, -4.020240824579429, -0.1365794176658941
2004, -0.022342681884765625, -0.25020313262939453, 1.203317642211914, 0.02836751937866211, -0.9266737699508667, -0.012958765029907227, 0.9567497253417969, -1.8048153613582913, -5.381665295729564, -4.02021067591844, -0.13657456136684232
2005, -0.022342681884765625, -0.2483668327331543, 1.2006571292877197, 0.02836751937866211, -0.9251123666763306, -0.012949466705322266, 0.9567574310302734, -1.804828384002939, -5.381666388058866, -4.02018461407664, -0.13656460222595346
2006, -0.022372007369995117, -0.2465376853942871, 1.1980047225952148, 0.02835845947265625, -0.9242540597915649, -0.012967824935913086, 0.9567497253417969, -1.8048478888331214, -5.38166624314212, -4.0201573863371305, -0.13655162631476525
2007, -0.022431135177612305, -0.24405263364315033, 1.194441318511963, 0.02837657928466797, -0.9236880540847778, -0.012940406799316406, 0.9567574310302734, -1.8048804316050213, -5.381667568594033, -4.020113786495116, -0.13652062704238865
2008, -0.022416353225708008, -0.24133847653865814, 1.1906542778015137, 0.02835845947265625, -0.9222544431686401, -0.012985944747924805, 0.9567650604248047, -1.8049178143274354, -5.381672816753939, -4.020057687415369, -0.13649927878013735
2009, -0.02236461639404297, -0.23926638066768646, 1.1877622604370117, 0.02835845947265625, -0.9206472635269165, -0.012922286987304688, 0.9567421722412109, -1.8049433764916105, -5.381680482071088, -4.020009385682763, -0.1365069172413662
2010, -0.02232050895690918, -0.2372896671295166, 1.1848540306091309, 0.02835845947265625, -0.9195243120193481, -0.012958765029907227, 0.9567497253417969, -1.804968536032761, -5.3816811961457285, -4.019957730520476, -0.13652020292775457
2011, -0.02231311798095703, -0.23461270332336426, 1.1810431480407715, 0.02836751937866211, -0.9180084466934204, -0.012949466705322266, 0.9567650604248047, -1.804992815103915, -5.381666314176279, -4.019893272770781, -0.13649873338320795
2012, -0.022379398345947266, -0.23259949684143066, 1.1781268119812012, 0.02835845947265625, -0.9165841341018677, -0.012958765029907227, 0.9567574310302734, -1.8050022247272177, -5.381648023014138, -4.019852850703615, -0.1364671972668683
2013, -0.02236461639404297, -0.2306520938873291, 1.1754424571990967, 0.02834916114807129, -0.9155889749526978, -0.012949466705322266, 0.9567497253417969, -1.8050139107674226, -5.381633464467642, -4.019815086807556, -0.13643805644218165
2014, -0.02236461639404297, -0.2279975414276123, 1.1718471050262451, 0.02834916114807129, -0.9150866270065308, -0.012940406799316406, 0.9567497253417969, -1.8050260313328517, -5.381629823639367, -4.019765875064623, -0.13646098998095724
2015, -0.02232050895690918, -0.2253425121307373, 1.1680760383605957, 0.02834916114807129, -0.9136258363723755, -0.012958765029907227, 0.9567726898193359, -1.8050373605821124, -5.381643450500922, -4.019727915144485, -0.1364809551661086
2016, -0.02232050895690918, -0.22339534759521484, 1.1652398109436035, 0.02834010124206543, -0.9120005369186401, -0.012995243072509766, 0.9567497253417969, -1.8050423821583237, -5.381657115194002, -4.019715996993332, -0.13649208625120224
2017, -0.022305727005004883, -0.22080683708190918, 1.1614928245544434, 0.02834010124206543, -0.9097815752029419, -0.012958765029907227, 0.9567497253417969, -1.8050457389638637, -5.381673547710112, -4.019703422100093, -0.13648177629386016
2018, -0.0224606990814209, -0.217879056930542, 1.1569068431854248, 0.02836751937866211, -0.9067777395248413, -0.012949466705322266, 0.9567497253417969, -1.8050505511510528, -5.381673719205299, -4.019689397959502, -0.13642742261281882
2019, -0.02249765396118164, -0.2160794585943222, 1.154118537902832, 0.02835845947265625, -0.9051979780197144, -0.012958765029907227, 0.9567574310302734, -1.805061085558582, -5.381669342398788, -4.019676773889271, -0.13639913146239646
2020, -0.02249002456665039, -0.2141396850347519, 1.1511943340301514, 0.02834010124206543, -0.9032989740371704, -0.012940406799316406, 0.9567421722412109, -1.8050836420089713, -5.3816718709349, -4.019664154471716, -0.13639364208127613
2021, -0.022512435913085938, -0.2122814655303955, 1.1481902599334717, 0.02835845947265625, -0.9012809991836548, -0.012958765029907227, 0.9567497253417969, -1.8051118693546633, -5.3816838388830215, -4.019648387096878, -0.13640122145293265
2022, -0.0224459171295166, -0.20963381230831146, 1.144195556640625, 0.02834916114807129, -0.898788332939148, -0.012958765029907227, 0.9567421722412109, -1.805145715370855, -5.381705261436174, -4.019619367368629, -0.13643047484407766
2023, -0.022401809692382812, -0.20695661008358002, 1.1402487754821777, 0.02834010124206543, -0.8968707323074341, -0.012976884841918945, 0.9567497253417969, -1.8051718302450253, -5.381721658787328, -4.019592860114928, -0.13644313185171164
2024, -0.022423744201660156, -0.20506882667541504, 1.1372926235198975, 0.02834916114807129, -0.8955374956130981, -0.012958765029907227, 0.9567421722412109, -1.8051855879439458, -5.381724762137308, -4.019573611237896, -0.1364503231393952
2025, -0.02236461639404297, -0.2026350498199463, 1.13336181640625, 0.02835845947265625, -0.8934191465377808, -0.012949466705322266, 0.9567497253417969, -1.8051995799058966, -5.381716244215055, -4.019541701035637, -0.13643733381236522
2026, -0.022401809692382812, -0.2014477252960205, 1.131380319595337, 0.02834010124206543, -0.8923417329788208, -0.012967824935913086, 0.9567650604248047, -1.805206496944392, -5.381712190743514, -4.019530111202734, -0.13642389471282446
2027, -0.022438764572143555, -0.19863033294677734, 1.126586675643921, 0.02835845947265625, -0.8900407552719116, -0.012931346893310547, 0.9567497253417969, -1.8052149412127445, -5.381708883071694, -4.019520273875976, -0.13642328600078102
2028, -0.022335290908813477, -0.19699333608150482, 1.1237823963165283, 0.02834010124206543, -0.8888994455337524, -0.012976884841918945, 0.9567574310302734, -1.8052112513156204, -5.381724415246041, -4.019525137580816, -0.13644355277951892
2029, -0.02236461639404297, -0.1948544830083847, 1.1200671195983887, 0.02834010124206543, -0.8880594968795776, -0.012940406799316406, 0.9567497253417969, -1.8052014809472117, -5.3817497823366365, -4.019532741639725, -0.1364805844772521
2030, -0.022387027740478516, -0.19326138496398926, 1.1171989440917969, 0.02835845947265625, -0.8869911432266235, -0.012976884841918945, 0.9567802429199219, -1.8051948706205285, -5.3817624531126, -4.019542684504809, -0.136474364176836
2031, -0.022335290908813477, -0.19168327748775482, 1.1143467426300049, 0.02835845947265625, -0.8856490850448608, -0.012958765029907227, 0.9567574310302734, -1.805187258311458, -5.381782375022674, -4.019551251978229, -0.13648418449056088
2032, -0.02240896224975586, -0.18959641456604004, 1.1105198860168457, 0.02834010124206543, -0.884224534034729, -0.012985944747924805, 0.9567650604248047, -1.8051742285651262, -5.381799476609907, -4.019562626557942, -0.13647064256104358
2033, -0.022416353225708008, -0.18804024159908295, 1.1077156066894531, 0.02833104133605957, -0.8830009698867798, -0.012967824935913086, 0.9567497253417969, -1.805165790616573, -5.381810293372828, -4.019573958673584, -0.13646036075564094
2034, -0.022438764572143555, -0.1859602928161621, 1.1038405895233154, 0.02833104133605957, -0.880837082862854, -0.012995243072509766, 0.9567650604248047, -1.8051554382702797, -5.3818266933314005, -4.019582724745567, -0.13643746739787943
2035, -0.022482633590698242, -0.18382906913757324, 1.0998938083648682, 0.02835845947265625, -0.879010796546936, -0.012940406799316406, 0.9567726898193359, -1.8051449568426015, -5.38184649437783, -4.019582006682072, -0.13640575902610586
2036, -0.022468090057373047, -0.1820664256811142, 1.0968897342681885, 0.02834010124206543, -0.8773947954177856, -0.012976884841918945, 0.9567497253417969, -1.8051402991107373, -5.381870475889966, -4.019585529296383, -0.13640174592602072
2037, -0.022431135177612305, -0.17970657348632812, 1.0928950309753418, 0.02834916114807129, -0.8750296831130981, -0.012967824935913086, 0.9567574310302734, -1.8051286057908957, -5.381899696334937, -4.019585285804582, -0.1364207946242706
2038, -0.022379398345947266, -0.1780102252960205, 1.0899629592895508, 0.02836751937866211, -0.8732308149337769, -0.012967824935913086, 0.9567650604248047, -1.8051176363426111, -5.381919576999164, -4.019579081361702, -0.13643144608579671
2039, -0.022387027740478516, -0.1762549877166748, 1.0869109630584717, 0.02834010124206543, -0.8710852861404419, -0.012985944747924805, 0.9567497253417969, -1.8051131960256153, -5.381933484588544, -4.019570408544956, -0.13641836124040196
2040, -0.022468090057373047, -0.17401288449764252, 1.0829401016235352, 0.02834916114807129, -0.8686290979385376, -0.012995243072509766, 0.9567497253417969, -1.8051133315111825, -5.381944316290448, -4.019567285988373, -0.13634225805522426
2041, -0.022468090057373047, -0.1712031364440918, 1.0778589248657227, 0.02834010124206543, -0.8655883073806763, -0.012985944747924805, 0.9567421722412109, -1.8051089307132617, -5.381969240905253, -4.019565563442129, -0.1363015742500533
2042, -0.022468090057373047, -0.16942571103572845, 1.0748388767242432, 0.02834916114807129, -0.86388099193573, -0.013004302978515625, 0.9567497253417969, -1.8051035436914262, -5.381988146224484, -4.019565934177023, -0.13631192444359375
2043, -0.022401809692382812, -0.16776657104492188, 1.0718107223510742, 0.02834916114807129, -0.8622556924819946, -0.013013362884521484, 0.9567344665527344, -1.8050937662796638, -5.382005922947252, -4.0195674964533055, -0.13633758652672778
2044, -0.022357463836669922, -0.16560578346252441, 1.0678720474243164, 0.02834010124206543, -0.8607765436172485, -0.012967824935913086, 0.9567650604248047, -1.8050726365853507, -5.382019452108949, -4.019575440202462, -0.13634913416784844
2045, -0.022394418716430664, -0.16351842880249023, 1.0639011859893799, 0.02834916114807129, -0.8590415716171265, -0.013004302978515625, 0.9567574310302734, -1.8050492312854773, -5.38201500470429, -4.0195849239382495, -0.13635309281788555
2046, -0.02240896224975586, -0.16114377975463867, 1.0594110488891602, 0.02834916114807129, -0.8566857576370239, -0.012995243072509766, 0.9567574310302734, -1.8050215078440606, -5.382006651900419, -4.019601047719319, -0.136359326132105
2047, -0.022438764572143555, -0.15973520278930664, 1.057070255279541, 0.02834916114807129, -0.8553527593612671, -0.012985944747924805, 0.9567574310302734, -1.8050038196018765, -5.3820126117508, -4.019614291714922, -0.1363833554953171
2048, -0.022438764572143555, -0.1579134464263916, 1.05421781539917, 0.02834010124206543, -0.853617787361145, -0.012985944747924805, 0.9567421722412109, -1.8049997578701873, -5.38203662106635, -4.019624881289408, -0.1364466814141574
2049, -0.022431135177612305, -0.15644598007202148, 1.0522284507751465, 0.02833104133605957, -0.8531888723373413, -0.012985944747924805, 0.9567497253417969, -1.8050102880717915, -5.382059881697318, -4.019627292647486, -0.13648093386535098
2050, -0.022438764572143555, -0.15488982200622559, 1.0501112937927246, 0.02833104133605957, -0.8528784513473511, -0.012995243072509766, 0.9567650604248047, -1.8050266628306004, -5.382080128152315, -4.019619260674219, -0.13651169647779327
2051, -0.022431135177612305, -0.15276598930358887, 1.0471553802490234, 0.02834916114807129, -0.8514996767044067, -0.012995243072509766, 0.9567650604248047, -1.8050634385873652, -5.382091936499278, -4.0196006668006765, -0.13656243909017007
2052, -0.02245330810546875, -0.15070843696594238, 1.0441112518310547, 0.02832198143005371, -0.8495546579360962, -0.012967824935913086, 0.9567497253417969, -1.805115129504185, -5.382077030102615, -4.019576233013465, -0.13657336601668302
2053, -0.02245330810546875, -0.1490931510925293, 1.0417304039001465, 0.02831268310546875, -0.8482581377029419, -0.012958765029907227, 0.9567650604248047, -1.8051629200422086, -5.382055919351013, -4.019553807349193, -0.13658341325012913
2054, -0.0224606990814209, -0.14690279960632324, 1.03847074508667, 0.02832198143005371, -0.8460575342178345, -0.012995243072509766, 0.9567650604248047, -1.805241829603745, -5.382034226048446, -4.0195105996401095, -0.13659320211798587
2055, -0.02245330810546875, -0.14532470703125, 1.036057949066162, 0.02833104133605957, -0.8446058034896851, -0.012958765029907227, 0.9567650604248047, -1.805316408097466, -5.382025495544395, -4.019482945742334, -0.13661102469918074
2056, -0.022431135177612305, -0.14342188835144043, 1.0331096649169922, 0.02833104133605957, -0.8433364629745483, -0.012985944747924805, 0.9567574310302734, -1.8054273522445992, -5.382028416585659, -4.019451345597354, -0.1366556160244139
2057, -0.022416353225708008, -0.14221978187561035, 1.031304121017456, 0.02834916114807129, -0.8422867059707642, -0.012995243072509766, 0.9567726898193359, -1.8055167538125805, -5.382035719291215, -4.019425199202366, -0.13668083015140375
2058, -0.022401809692382812, -0.14120197296142578, 1.030033826828003, 0.02832198143005371, -0.8414648771286011, -0.012967824935913086, 0.9567344665527344, -1.8056329252826866, -5.3820389446858075, -4.019401462871184, -0.13668103652499575
2059, -0.022387027740478516, -0.14081859588623047, 1.0296263694763184, 0.02832198143005371, -0.8412913084030151, -0.013022661209106445, 0.9567650604248047, -1.8057073689215273, -5.382040241075106, -4.019395329531635, -0.1366524954983248
2060, -0.022372007369995117, -0.14028024673461914, 1.0290031433105469, 0.02833104133605957, -0.8407708406448364, -0.012985944747924805, 0.9567574310302734, -1.8058053033650694, -5.3820455135959415, -4.019398537720346, -0.13660169969821911
2061, -0.022342681884765625, -0.1400001049041748, 1.0285637378692627, 0.02834010124206543, -0.8401864767074585, -0.012995243072509766, 0.9567726898193359, -1.8058572610064436, -5.382050949066053, -4.019392735539807, -0.13658006117929666
2062, -0.02236461639404297, -0.139542818069458, 1.0277886390686035, 0.02832198143005371, -0.8390542268753052, -0.012967824935913086, 0.9567650604248047, -1.8059144036917012, -5.382063875507976, -4.0193814430860595, -0.1365366762005804
2063, -0.022394418716430664, -0.1391003131866455, 1.0271334648132324, 0.02834010124206543, -0.8377941846847534, -0.012985944747924805, 0.9567421722412109, -1.80595193714545, -5.38208343305859, -4.019369322542129, -0.13649799872708002
2064, -0.02240896224975586, -0.1389157772064209, 1.0269098281860352, 0.02832198143005371, -0.8374289274215698, -0.013013362884521484, 0.9567497253417969, -1.805969581955578, -5.3820950208939315, -4.019365497403461, -0.13646438971711472
2065, -0.022401809692382812, -0.13857650756835938, 1.0265183448791504, 0.02832198143005371, -0.8370088338851929, -0.012985944747924805, 0.9567650604248047, -1.8060036230583199, -5.382132186022485, -4.019369962398868, -0.13643202142051702
2066, -0.022387027740478516, -0.1384439468383789, 1.0263824462890625, 0.02832198143005371, -0.8369542360305786, -0.013004302978515625, 0.9567574310302734, -1.80600991010536, -5.3821518094471426, -4.019374178131629, -0.13643163211258447
2067, -0.022342681884765625, -0.13819289207458496, 1.0260469913482666, 0.02831268310546875, -0.8368719816207886, -0.012976884841918945, 0.9567726898193359, -1.8060172040765083, -5.382197095528201, -4.019386244367995, -0.13646434213442404
2068, -0.02232050895690918, -0.13791275024414062, 1.02577543258667, 0.02832198143005371, -0.8368536233901978, -0.012995243072509766, 0.9567726898193359, -1.8060178648368441, -5.382233637677492, -4.019397614000439, -0.13648951049038605
2069, -0.022298336029052734, -0.13770651817321777, 1.0255277156829834, 0.02832198143005371, -0.8368171453475952, -0.013013362884521484, 0.9567650604248047, -1.8060129258466335, -5.382270109169282, -4.019400279190266, -0.1365288457321414
2070, -0.022291183471679688, -0.13744091987609863, 1.025224208831787, 0.02832198143005371, -0.8367987871170044, -0.013022661209106445, 0.9567726898193359, -1.805994995314531, -5.382308462357121, -4.019401512783897, -0.13655678880512756
2071, -0.022253990173339844, -0.13725638389587402, 1.0249524116516113, 0.02833104133605957, -0.8367623090744019, -0.013022661209106445, 0.9567650604248047, -1.8059731370160417, -5.382331189802088, -4.019397130231039, -0.1365609731011599
2072, -0.02223944664001465, -0.13713836669921875, 1.0247368812561035, 0.02833104133605957, -0.8367348909378052, -0.012985944747924805, 0.9567726898193359, -1.8059460330420694, -5.382355541209147, -4.019396063560749, -0.13657823901854727
2073, -0.022173166275024414, -0.13704276084899902, 1.0246009826660156, 0.02833104133605957, -0.8367258310317993, -0.012985944747924805, 0.9567497253417969, -1.805912548361288, -5.382382229679016, -4.019394015620137, -0.13659023256341918
2074, -0.022069931030273438, -0.13695406913757324, 1.0244810581207275, 0.02833104133605957, -0.8367167711257935, -0.013013362884521484, 0.9567574310302734, -1.8058647830589196, -5.382427291315202, -4.019399810020311, -0.13662483198422315
2075, -0.0220181941986084, -0.13693952560424805, 1.0244331359863281, 0.02832198143005371, -0.8367258310317993, -0.013004302978515625, 0.9567574310302734, -1.8058308380344936, -5.382457226961948, -4.019404065866012, -0.13663323591109933
2076, -0.0220181941986084, -0.13690972328186035, 1.024393081665039, 0.02832198143005371, -0.8367077112197876, -0.012995243072509766, 0.9567726898193359, -1.8057937142034406, -5.382487560561275, -4.019408665812564, -0.13663718514065248
2077, -0.0220034122467041, -0.13690972328186035, 1.0243611335754395, 0.02834916114807129, -0.8367167711257935, -0.013013362884521484, 0.9567650604248047, -1.8057386580351755, -5.38252214110385, -4.019412982423673, -0.13661770127477535
2078, -0.0220034122467041, -0.1369025707244873, 1.0243773460388184, 0.02831268310546875, -0.8367167711257935, -0.013022661209106445, 0.9567574310302734, -1.8056900255143267, -5.382549201499682, -4.019413694531955, -0.13662468331692068
2079, -0.02201080322265625, -0.13690972328186035, 1.0243773460388184, 0.02832198143005371, -0.8367348909378052, -0.013022661209106445, 0.9567726898193359, -1.805622166202074, -5.382580550442301, -4.019414123171423, -0.1366168390041338
2080, -0.02201080322265625, -0.13690972328186035, 1.0243773460388184, 0.02833104133605957, -0.8367348909378052, -0.013031721115112305, 0.9567650604248047, -1.805570122784778, -5.382606564327198, -4.019410110145867, -0.13661027182344476
2081, -0.021996259689331055, -0.1369025707244873, 1.0243773460388184, 0.02832198143005371, -0.8367258310317993, -0.013013362884521484, 0.9567574310302734, -1.8055184806842028, -5.382631649758698, -4.0194072468898785, -0.13660025555961486
2082, -0.02201080322265625, -0.1369171142578125, 1.024369239807129, 0.02834916114807129, -0.8367441892623901, -0.012995243072509766, 0.9567574310302734, -1.8054494558027139, -5.382665053912346, -4.019402864170305, -0.1365975416763252
2083, -0.02201080322265625, -0.1369025707244873, 1.0243852138519287, 0.02834010124206543, -0.8367441892623901, -0.013031721115112305, 0.9567574310302734, -1.8053833333165534, -5.382698547769398, -4.019403048568036, -0.13659529539320037
2084, -0.0220034122467041, -0.1369171142578125, 1.0243852138519287, 0.02832198143005371, -0.836753249168396, -0.013013362884521484, 0.9567497253417969, -1.8053220202863391, -5.382728524330359, -4.019400165592292, -0.13660941628295742
2085, -0.021996259689331055, -0.1369025707244873, 1.0243852138519287, 0.02832198143005371, -0.8367077112197876, -0.013022661209106445, 0.9567650604248047, -1.8052741341120675, -5.382751053922575, -4.019399699847217, -0.13661074755904945
2086, -0.021988630294799805, -0.1369025707244873, 1.0243773460388184, 0.02833104133605957, -0.8367623090744019, -0.013022661209106445, 0.9567574310302734, -1.8052314254108879, -5.382772009874706, -4.019400757572799, -0.13662202217194874
2087, -0.021981239318847656, -0.1369171142578125, 1.024369239807129, 0.02832198143005371, -0.8367623090744019, -0.013013362884521484, 0.9567497253417969, -1.805174700955174, -5.382803616636104, -4.019398683107199, -0.13665750154458856
2088, -0.021959304809570312, -0.13689517974853516, 1.0243852138519287, 0.02832198143005371, -0.8367348909378052, -0.013013362884521484, 0.9567726898193359, -1.805128825224311, -5.38283019605255, -4.019400374159013, -0.13667246310721914
2089, -0.021929502487182617, -0.13690972328186035, 1.0243852138519287, 0.02831268310546875, -0.8367441892623901, -0.013031721115112305, 0.9567574310302734, -1.8052892584468279, -5.382752776385515, -4.019405446510689, -0.1366892695550419
2090, -0.021900177001953125, -0.13690972328186035, 1.024369239807129, 0.02833104133605957, -0.836753249168396, -0.013004302978515625, 0.9567574310302734, -1.805312375564394, -5.382748202543807, -4.019400983892725, -0.13668454725470003
2091, -0.02188563346862793, -0.136887788772583, 1.024353265762329, 0.02833104133605957, -0.8367258310317993, -0.013004302978515625, 0.9567574310302734, -1.8052601827034263, -5.382778801277773, -4.019401820491728, -0.1366882058782668
2092, -0.021855831146240234, -0.13689517974853516, 1.0243611335754395, 0.02832198143005371, -0.8367167711257935, -0.013031721115112305, 0.9567574310302734, -1.8052384646233692, -5.382792838665901, -4.019402503794122, -0.1366925713779059
2093, -0.021848678588867188, -0.13689517974853516, 1.0243611335754395, 0.02831268310546875, -0.8367441892623901, -0.013004302978515625, 0.9567726898193359, -1.805169070484187, -5.382821014424008, -4.019397060677766, -0.13666316717462212
2094, -0.021848678588867188, -0.136887788772583, 1.024369239807129, 0.02832198143005371, -0.8367167711257935, -0.013022661209106445, 0.9567802429199219, -1.8051885145478828, -5.382814329745993, -4.0193992713943585, -0.1366661054691285
2095, -0.021848678588867188, -0.13689517974853516, 1.0243611335754395, 0.02832198143005371, -0.8367258310317993, -0.013022661209106445, 0.9567574310302734, -1.8052646063023254, -5.382779950905889, -4.019396676035817, -0.13665017615797836
2096, -0.021848678588867188, -0.1368730068206787, 1.0243611335754395, 0.02831268310546875, -0.8367258310317993, -0.013022661209106445, 0.9567497253417969, -1.8052982700230258, -5.382765198515803, -4.019400525633008, -0.13662901235162384
2097, -0.021848678588867188, -0.136887788772583, 1.024369239807129, 0.02831268310546875, -0.836753249168396, -0.013031721115112305, 0.9567650604248047, -1.8052462030233427, -5.3828040346677986, -4.019394451705233, -0.1366192555520982
2098, -0.02184128761291504, -0.13688039779663086, 1.024353265762329, 0.02832198143005371, -0.8367348909378052, -0.013031721115112305, 0.9567650604248047, -1.8051996600929725, -5.382827754504542, -4.019385188556374, -0.13662813662286233
2099, -0.021826505661010742, -0.13686537742614746, 1.0243611335754395, 0.02831268310546875, -0.836753249168396, -0.013040781021118164, 0.9567726898193359, -1.8051362425723911, -5.382857515242487, -4.019381720533566, -0.13664350772809009
2100, -0.021826505661010742, -0.13685822486877441, 1.0243611335754395, 0.02834916114807129, -0.836753249168396, -0.013022661209106445, 0.9567497253417969, -1.8051613361710883, -5.382846824189699, -4.019381498396214, -0.13665672174785826
2101, -0.021818876266479492, -0.1368730068206787, 1.0243611335754395, 0.02832198143005371, -0.8367348909378052, -0.013031721115112305, 0.9567650604248047, -1.805207038532007, -5.382826853176743, -4.019372613581141, -0.13666005471638254
2102, -0.021811485290527344, -0.13686537742614746, 1.0243611335754395, 0.02834916114807129, -0.8367441892623901, -0.013068199157714844, 0.9567574310302734, -1.8052305348597042, -5.382818979669261, -4.019373585254134, -0.1366694019783905
2103, -0.02178955078125, -0.136887788772583, 1.024369239807129, 0.02830362319946289, -0.8367441892623901, -0.013059139251708984, 0.9567726898193359, -1.805176647009187, -5.382856312619058, -4.019358556691089, -0.13669696271916276
2104, -0.021775007247924805, -0.1368730068206787, 1.0243611335754395, 0.02832198143005371, -0.8367348909378052, -0.013059139251708984, 0.9567650604248047, -1.8051167530018568, -5.382892256897, -4.019345865060378, -0.1367087049370923
2105, -0.021759986877441406, -0.13688039779663086, 1.024369239807129, 0.02830362319946289, -0.8367348909378052, -0.013040781021118164, 0.9567726898193359, -1.805053553431326, -5.3829247459540035, -4.019330964026666, -0.13670837928769686
2106, -0.02174520492553711, -0.136887788772583, 1.024369239807129, 0.02832198143005371, -0.836753249168396, -0.013049840927124023, 0.9567574310302734, -1.805063526666114, -5.382924029670771, -4.019321371551541, -0.1367213324330816
2107, -0.021708250045776367, -0.13689517974853516, 1.0243773460388184, 0.02832198143005371, -0.8367623090744019, -0.013040781021118164, 0.9567574310302734, -1.8051111836939981, -5.3828960942195385, -4.019311163114326, -0.13673230972830908
2108, -0.021678924560546875, -0.13689517974853516, 1.024369239807129, 0.02834010124206543, -0.8367806673049927, -0.013059139251708984, 0.9567497253417969, -1.8051194625547076, -5.382890124365113, -4.019303127169159, -0.1367204499940664
2109, -0.021671533584594727, -0.136887788772583, 1.0243852138519287, 0.02832198143005371, -0.8367713689804077, -0.013040781021118164, 0.9567726898193359, -1.8050793745727094, -5.382914188688813, -4.019293108217311, -0.13672036221323225
2110, -0.021634578704833984, -0.136887788772583, 1.0243852138519287, 0.02833104133605957, -0.8367987871170044, -0.013031721115112305, 0.9567650604248047, -1.8049760990537058, -5.382977503412924, -4.0192700182672, -0.13670827947445208
2111, -0.021627426147460938, -0.13688039779663086, 1.024393081665039, 0.02830362319946289, -0.8367987871170044, -0.013086557388305664, 0.9567574310302734, -1.804949095985323, -5.382993426649583, -4.019265479397985, -0.13670308957723254
2112, -0.021605253219604492, -0.136887788772583, 1.024409294128418, 0.02831268310546875, -0.8367806673049927, -0.013040781021118164, 0.9567802429199219, -1.8049508060983224, -5.3829984779332, -4.019255847002657, -0.13672000825112285
2113, -0.021583080291748047, -0.13689517974853516, 1.0244171619415283, 0.02830362319946289, -0.8367987871170044, -0.013049840927124023, 0.9567650604248047, -1.8049941346089933, -5.382969920928069, -4.019253287165312, -0.13671881077230275
2114, -0.02156829833984375, -0.136887788772583, 1.024409294128418, 0.02832198143005371, -0.8367897272109985, -0.013049840927124023, 0.9567574310302734, -1.8049921827422724, -5.382970677207875, -4.0192462479423074, -0.13673273309946854
2115, -0.02156829833984375, -0.13689517974853516, 1.0244171619415283, 0.02830362319946289, -0.8368078470230103, -0.013040781021118164, 0.9567497253417969, -1.8049609103683344, -5.3829890014686095, -4.019243839172544, -0.1367337819117651
2116, -0.021546125411987305, -0.1369025707244873, 1.0244331359863281, 0.02833104133605957, -0.8368078470230103, -0.013049840927124023, 0.9567650604248047, -1.804909269960985, -5.383028616232624, -4.01923846890233, -0.13672742426885964
2117, -0.02152395248413086, -0.13689517974853516, 1.0244331359863281, 0.02832198143005371, -0.8368262052536011, -0.013068199157714844, 0.9567497253417969, -1.8048633146492135, -5.383066587287438, -4.0192304422679745, -0.13672302230629096
2118, -0.021486997604370117, -0.136887788772583, 1.0244331359863281, 0.02830362319946289, -0.8368262052536011, -0.013049840927124023, 0.9567650604248047, -1.8048708404891576, -5.3830765700908465, -4.0192294493232685, -0.13672599706589317
2119, -0.021472454071044922, -0.13689517974853516, 1.0244331359863281, 0.02833104133605957, -0.8368445634841919, -0.013049840927124023, 0.9567574310302734, -1.8049076939429962, -5.383062849343301, -4.019230677866103, -0.13671920014482364
2120, -0.02143549919128418, -0.13689517974853516, 1.0244250297546387, 0.02833104133605957, -0.8368719816207886, -0.013068199157714844, 0.9567574310302734, -1.8049384674877391, -5.383050033415797, -4.019228524754183, -0.13671564558393534
2121, -0.021420717239379883, -0.13689517974853516, 1.0244250297546387, 0.02832198143005371, -0.8368629217147827, -0.013059139251708984, 0.9567574310302734, -1.8049285479086985, -5.383058255357304, -4.01922844236119, -0.13673042203875152
2122, -0.02139139175415039, -0.136887788772583, 1.0244250297546387, 0.02831268310546875, -0.8368812799453735, -0.013068199157714844, 0.9567650604248047, -1.8048614249583985, -5.383105270267299, -4.019219137479988, -0.13670890812978698
2123, -0.021376371383666992, -0.13688039779663086, 1.0244412422180176, 0.02832198143005371, -0.8368629217147827, -0.013068199157714844, 0.9567421722412109, -1.8048332709559358, -5.383135329069263, -4.019216332442908, -0.13670783772685802
2124, -0.02133965492248535, -0.13688039779663086, 1.0244412422180176, 0.02831268310546875, -0.8368536233901978, -0.013077259063720703, 0.9567726898193359, -1.8048346915883415, -5.38315564548978, -4.019210983417227, -0.13672484560665854
2125, -0.021324872970581055, -0.13689517974853516, 1.0244331359863281, 0.02832198143005371, -0.8368536233901978, -0.013077259063720703, 0.9567650604248047, -1.804867670389507, -5.383145031140691, -4.0192104258083265, -0.13672409412838693
2126, -0.021295547485351562, -0.13688039779663086, 1.024449110031128, 0.02832198143005371, -0.8368629217147827, -0.013049840927124023, 0.9567497253417969, -1.8048942840706177, -5.383128115025875, -4.019210092867694, -0.136731485717835
2127, -0.021273374557495117, -0.13689517974853516, 1.0244650840759277, 0.02832198143005371, -0.8368629217147827, -0.013059139251708984, 0.9567497253417969, -1.8048733714405625, -5.383136651373643, -4.0192084017535255, -0.1367453107058294
2128, -0.021251201629638672, -0.136887788772583, 1.0244731903076172, 0.02832198143005371, -0.8368903398513794, -0.013068199157714844, 0.9567650604248047, -1.8048260458474705, -5.383155996758894, -4.019202758273911, -0.13675139402690473
2129, -0.021251201629638672, -0.13688039779663086, 1.0244731903076172, 0.02829456329345703, -0.8368445634841919, -0.013059139251708984, 0.9567650604248047, -1.804786581206817, -5.383186750153172, -4.019200767692314, -0.13676129278884908
2130, -0.021236419677734375, -0.136887788772583, 1.0245051383972168, 0.02832198143005371, -0.8369177579879761, -0.013049840927124023, 0.9567497253417969, -1.8047682205346343, -5.383214396992862, -4.019193468235499, -0.13675281593029354
2131, -0.021236419677734375, -0.1369025707244873, 1.0244970321655273, 0.02832198143005371, -0.8369268178939819, -0.013068199157714844, 0.9567497253417969, -1.804786629452209, -5.383203723032268, -4.019191055231128, -0.1367470678201892
2132, -0.02121424674987793, -0.136887788772583, 1.0245130062103271, 0.02830362319946289, -0.8368993997573853, -0.013059139251708984, 0.9567650604248047, -1.8048051510299863, -5.383191699085117, -4.019190985486294, -0.13674825857815076
2133, -0.02120685577392578, -0.136887788772583, 1.0245211124420166, 0.02832198143005371, -0.8368993997573853, -0.013095617294311523, 0.9567650604248047, -1.8047854310623643, -5.383195019134835, -4.019186420278951, -0.13674509869451157
2134, -0.021192073822021484, -0.13689517974853516, 1.0245370864868164, 0.02831268310546875, -0.8369358777999878, -0.013086557388305664, 0.9567726898193359, -1.804730130064751, -5.383225377828422, -4.019179348655205, -0.1367479626669157
2135, -0.021192073822021484, -0.13689517974853516, 1.0245530605316162, 0.02831268310546875, -0.8369268178939819, -0.013068199157714844, 0.9567574310302734, -1.804695879379743, -5.3832524225327285, -4.019177022416875, -0.13674863166815765
2136, -0.021192073822021484, -0.136887788772583, 1.0245609283447266, 0.02832198143005371, -0.8369632959365845, -0.013059139251708984, 0.9567574310302734, -1.8046821003517002, -5.383275479592131, -4.0191751773640165, -0.1367509738837498
2137, -0.02117753028869629, -0.136887788772583, 1.0245769023895264, 0.02833104133605957, -0.8369907140731812, -0.013077259063720703, 0.9567574310302734, -1.8047056035789915, -5.3832664415294555, -4.019172116154408, -0.1367588412097538
2138, -0.021162748336791992, -0.136887788772583, 1.0245850086212158, 0.02831268310546875, -0.8369907140731812, -0.013095617294311523, 0.9567421722412109, -1.8047137051373408, -5.383257041933571, -4.019173785122696, -0.13677176605771724
2139, -0.021155118942260742, -0.13688039779663086, 1.0246009826660156, 0.02831268310546875, -0.8370181322097778, -0.013068199157714844, 0.9567802429199219, -1.804700203599109, -5.383248021449486, -4.019166502597132, -0.13678295007861951
2140, -0.021147727966308594, -0.13688039779663086, 1.0246329307556152, 0.02831268310546875, -0.8369907140731812, -0.013068199157714844, 0.9567574310302734, -1.8046611486834343, -5.383262326962056, -4.019159841979377, -0.1367855167206331
2141, -0.021140575408935547, -0.136887788772583, 1.0246248245239258, 0.02834010124206543, -0.8369814157485962, -0.013104915618896484, 0.9567726898193359, -1.8046256492916275, -5.383279497235384, -4.0191583270479345, -0.13677474081961272
2142, -0.02112579345703125, -0.13689517974853516, 1.024648904800415, 0.02830362319946289, -0.8370362520217896, -0.013104915618896484, 0.9567650604248047, -1.8046067726612849, -5.383303079266147, -4.019158715124331, -0.13678271893175697
2143, -0.0211331844329834, -0.1369025707244873, 1.0246648788452148, 0.02834010124206543, -0.8370088338851929, -0.013086557388305664, 0.9567726898193359, -1.804607955140872, -5.383307115377458, -4.019157703807239, -0.13678206622472633
2144, -0.0211184024810791, -0.136887788772583, 1.0246648788452148, 0.02832198143005371, -0.8370271921157837, -0.013095617294311523, 0.9567650604248047, -1.8046221802045581, -5.383299944626415, -4.019156356289519, -0.13678402862604155
2145, -0.0211184024810791, -0.136887788772583, 1.0246729850769043, 0.02831268310546875, -0.836999773979187, -0.013104915618896484, 0.9567650604248047, -1.8046181049526393, -5.383290745394727, -4.019151863606018, -0.13677375961865668
2146, -0.021111249923706055, -0.136887788772583, 1.0246968269348145, 0.02833104133605957, -0.8370088338851929, -0.013086557388305664, 0.9567650604248047, -1.8045817090587906, -5.383301701218837, -4.019144131424143, -0.13676770602801724
2147, -0.0211184024810791, -0.1368730068206787, 1.0247128009796143, 0.02831268310546875, -0.8370453119277954, -0.013077259063720703, 0.9567574310302734, -1.8045327558066697, -5.383321132563575, -4.019138757920846, -0.13678099582389702
2148, -0.0211184024810791, -0.136887788772583, 1.024704933166504, 0.02831268310546875, -0.836999773979187, -0.013095617294311523, 0.9567650604248047, -1.8045205181746324, -5.383339169959422, -4.019140116200914, -0.13677444348599632
2149, -0.021103620529174805, -0.1368730068206787, 1.024728775024414, 0.02832198143005371, -0.837081789970398, -0.013077259063720703, 0.9567574310302734, -1.8045176549111532, -5.383342830717986, -4.019137877529575, -0.13677239188388057
2150, -0.021103620529174805, -0.1368730068206787, 1.024728775024414, 0.02830362319946289, -0.837081789970398, -0.013123035430908203, 0.9567574310302734, -1.8045318486352993, -5.383336418134717, -4.019137731698507, -0.13678146483758002
2151, -0.021088838577270508, -0.1368730068206787, 1.0247447490692139, 0.02832198143005371, -0.8370636701583862, -0.013123035430908203, 0.9567650604248047, -1.8045139348923298, -5.383325686032287, -4.019135254005338, -0.1367942937693849
2152, -0.021096229553222656, -0.1368730068206787, 1.0247526168823242, 0.02831268310546875, -0.8370636701583862, -0.013113975524902344, 0.9567574310302734, -1.8044970093795007, -5.383330824835093, -4.019129345241166, -0.136796434570293
2153, -0.02108144760131836, -0.13688039779663086, 1.0247845649719238, 0.02832198143005371, -0.837081789970398, -0.013132333755493164, 0.9567497253417969, -1.8044516062651192, -5.383365637805669, -4.019121124518906, -0.1367911540452642
2154, -0.02108144760131836, -0.13688039779663086, 1.0247845649719238, 0.02830362319946289, -0.837081789970398, -0.013113975524902344, 0.9567497253417969, -1.804444726894943, -5.383378253057055, -4.019122400218318, -0.1367929840740123
2155, -0.02108144760131836, -0.136887788772583, 1.0247926712036133, 0.02833104133605957, -0.8370910882949829, -0.013141393661499023, 0.9567497253417969, -1.80444891600003, -5.383389817943999, -4.019123747660456, -0.13680216781481747
2156, -0.02108144760131836, -0.1368730068206787, 1.0247845649719238, 0.02831268310546875, -0.837081789970398, -0.013104915618896484, 0.9567574310302734, -1.8044569572730047, -5.383395482832498, -4.019121065997201, -0.1368015961625737
2157, -0.021066904067993164, -0.1368730068206787, 1.024808645248413, 0.02830362319946289, -0.8370910882949829, -0.013141393661499023, 0.9567497253417969, -1.8044509629505228, -5.383391072285008, -4.019114656577149, -0.13680520204437396
2158, -0.021066904067993164, -0.13688039779663086, 1.024824619293213, 0.02832198143005371, -0.8371185064315796, -0.013141393661499023, 0.9567650604248047, -1.8044234293452124, -5.383393264234411, -4.019109129394058, -0.136798553785213
2159, -0.021052122116088867, -0.13688039779663086, 1.024848461151123, 0.02831268310546875, -0.8371185064315796, -0.013150453567504883, 0.9567497253417969, -1.8043903549525375, -5.38341219494361, -4.019107852111346, -0.13679411394116325
2160, -0.021052122116088867, -0.1368730068206787, 1.0248565673828125, 0.02829456329345703, -0.8371368646621704, -0.013150453567504883, 0.9567650604248047, -1.804383398340814, -5.383432844965049, -4.019112602815938, -0.1367841787197417
2161, -0.021052122116088867, -0.13688039779663086, 1.0248565673828125, 0.02831268310546875, -0.8371275663375854, -0.013150453567504883, 0.9567650604248047, -1.8043838682219537, -5.383434554202174, -4.019110170217436, -0.13677168642914594
2162, -0.021052122116088867, -0.136887788772583, 1.024864673614502, 0.02832198143005371, -0.8371368646621704, -0.013150453567504883, 0.9567574310302734, -1.804387418226803, -5.38343728006065, -4.01910904474856, -0.13676458544859393
2163, -0.02103710174560547, -0.13688039779663086, 1.0248725414276123, 0.02831268310546875, -0.8371549844741821, -0.013168811798095703, 0.9567650604248047, -1.8043754029637826, -5.383428095177114, -4.019102636064325, -0.136768511679092
2164, -0.021052122116088867, -0.13688039779663086, 1.024888515472412, 0.02831268310546875, -0.8371368646621704, -0.013150453567504883, 0.9567421722412109, -1.8043532652415704, -5.383426554816467, -4.019102981203043, -0.13675727490968725
2165, -0.021052122116088867, -0.13688039779663086, 1.024904489517212, 0.02832198143005371, -0.8371642827987671, -0.013168811798095703, 0.9567650604248047, -1.8043211071944074, -5.3834436131112415, -4.01909757453287, -0.13676849009159664
2166, -0.02103710174560547, -0.13688039779663086, 1.0248966217041016, 0.02831268310546875, -0.8371549844741821, -0.013168811798095703, 0.9567650604248047, -1.8043160906477305, -5.383465724913759, -4.019100936149371, -0.13677361237752184
2167, -0.021044492721557617, -0.1368730068206787, 1.0249285697937012, 0.02831268310546875, -0.837173342704773, -0.013150453567504883, 0.9567726898193359, -1.8043230267218064, -5.383467325910684, -4.01910157234011, -0.13676735879833668
2168, -0.021044492721557617, -0.13688039779663086, 1.0249285697937012, 0.02829456329345703, -0.8371642827987671, -0.013168811798095703, 0.9567802429199219, -1.8043267037088, -5.383463974172807, -4.019103145040746, -0.1367635879558966
2169, -0.021029949188232422, -0.136887788772583, 1.0249285697937012, 0.02833104133605957, -0.8371917009353638, -0.013150453567504883, 0.9567650604248047, -1.804316251589119, -5.3834545480429, -4.01909550490244, -0.13677684129963819
2170, -0.02103710174560547, -0.1368730068206787, 1.0249364376068115, 0.02832198143005371, -0.8371642827987671, -0.013168811798095703, 0.9567497253417969, -1.8042939344767865, -5.383455255350658, -4.019092565194286, -0.13677708588687043
2171, -0.021029949188232422, -0.1368730068206787, 1.0249605178833008, 0.02831268310546875, -0.8372098207473755, -0.013177871704101562, 0.9567344665527344, -1.804257067312383, -5.383478119754983, -4.019092137153384, -0.13677568841862975
2172, -0.021029949188232422, -0.13688039779663086, 1.0249605178833008, 0.02831268310546875, -0.8372098207473755, -0.013177871704101562, 0.9567574310302734, -1.8042638123619974, -5.383482800727042, -4.019092859156006, -0.13677254197626532
2173, -0.021022558212280273, -0.13688039779663086, 1.0249683856964111, 0.02832198143005371, -0.8371824026107788, -0.013150453567504883, 0.9567574310302734, -1.8042749830286722, -5.3834855946611535, -4.019099775657016, -0.13676831026629088
2174, -0.021029949188232422, -0.13688039779663086, 1.0249764919281006, 0.02831268310546875, -0.8372372388839722, -0.013168811798095703, 0.9567574310302734, -1.8042723776066705, -5.383485777041734, -4.019097824570505, -0.1367743504169976
2175, -0.021022558212280273, -0.136887788772583, 1.0249764919281006, 0.02833104133605957, -0.8372372388839722, -0.013159751892089844, 0.9567574310302734, -1.8042578900108532, -5.38347931034879, -4.019093559955679, -0.13676330691326566
2176, -0.02103710174560547, -0.136887788772583, 1.0249924659729004, 0.02830362319946289, -0.8372737169265747, -0.013150453567504883, 0.9567574310302734, -1.8042313971044601, -5.3834788233465725, -4.019090005922496, -0.13677076612001215
2177, -0.021029949188232422, -0.13689517974853516, 1.0250003337860107, 0.02834010124206543, -0.837246298789978, -0.013177871704101562, 0.9567650604248047, -1.8042131852409082, -5.383492587305792, -4.019091158838235, -0.13676675740992117
2178, -0.021029949188232422, -0.13688039779663086, 1.0250003337860107, 0.02834010124206543, -0.8372553586959839, -0.013159751892089844, 0.9567650604248047, -1.8042114598629324, -5.3834980070480905, -4.019092424113713, -0.13676310020402394
2179, -0.021029949188232422, -0.13689517974853516, 1.0250003337860107, 0.02832198143005371, -0.8372553586959839, -0.013168811798095703, 0.9567650604248047, -1.8042120000942417, -5.3835131301528865, -4.019092148938594, -0.1367676508361919
2180, -0.021022558212280273, -0.13688039779663086, 1.0250163078308105, 0.02831268310546875, -0.837246298789978, -0.013159751892089844, 0.9567574310302734, -1.804216816926099, -5.383512274868462, -4.01909296098474, -0.13676706288948903
2181, -0.021007776260375977, -0.136887788772583, 1.0250163078308105, 0.02830362319946289, -0.8372553586959839, -0.013159751892089844, 0.9567650604248047, -1.8042161595713426, -5.383509841020151, -4.019089812137009, -0.13677108646647707
2182, -0.021007776260375977, -0.13689517974853516, 1.0250244140625, 0.02832198143005371, -0.8372920751571655, -0.013159751892089844, 0.9567726898193359, -1.8041889283445054, -5.383505408446055, -4.019085501055528, -0.13679781330881013
2183, -0.021007776260375977, -0.136887788772583, 1.0250163078308105, 0.02831268310546875, -0.8373011350631714, -0.013177871704101562, 0.9567497253417969, -1.804170099577492, -5.383517455993352, -4.019085219868763, -0.1367887782322672
2184, -0.02099323272705078, -0.136887788772583, 1.0250403881072998, 0.02833104133605957, -0.8372737169265747, -0.013150453567504883, 0.9567574310302734, -1.804166713446559, -5.383536768845819, -4.019084382816029, -0.1368002514432929
2185, -0.02099323272705078, -0.13689517974853516, 1.0250325202941895, 0.02831268310546875, -0.8372920751571655, -0.013159751892089844, 0.9567574310302734, -1.8041729831161284, -5.383538686217291, -4.019086089579378, -0.13679808762799084
2186, -0.02099323272705078, -0.13689517974853516, 1.0250482559204102, 0.02833104133605957, -0.8373011350631714, -0.013177871704101562, 0.9567726898193359, -1.8041827619582718, -5.383536862198293, -4.019090166114979, -0.136807368718606
2187, -0.020978212356567383, -0.13689517974853516, 1.0250403881072998, 0.02833104133605957, -0.8372737169265747, -0.013159751892089844, 0.9567650604248047, -1.8041799224127062, -5.383540450676317, -4.019086837469145, -0.1368049967698921
2188, -0.020978212356567383, -0.136887788772583, 1.025064468383789, 0.02831268310546875, -0.8373376131057739, -0.013168811798095703, 0.9567650604248047, -1.8041546100111832, -5.3835387150806655, -4.019081317207369, -0.1367977025230287
2189, -0.02098560333251953, -0.136887788772583, 1.025064468383789, 0.02829456329345703, -0.8373285531997681, -0.013150453567504883, 0.9567650604248047, -1.8041311945714678, -5.383549210734531, -4.019082517423539, -0.13679357487777644
2190, -0.020978212356567383, -0.13689517974853516, 1.025064468383789, 0.02832198143005371, -0.8373466730117798, -0.013177871704101562, 0.9567650604248047, -1.804126305984484, -5.383551874588618, -4.019081321617355, -0.13680034207220348
2191, -0.020978212356567383, -0.136887788772583, 1.025064468383789, 0.02829456329345703, -0.8373557329177856, -0.013168811798095703, 0.9567650604248047, -1.804124135107323, -5.3835611217472845, -4.019081771292678, -0.1368030343691684
2192, -0.020978212356567383, -0.1369025707244873, 1.0250802040100098, 0.02832198143005371, -0.8373740911483765, -0.013159751892089844, 0.9567650604248047, -1.804134957463601, -5.383558457153386, -4.019085859057707, -0.13681300604608282
2193, -0.020970821380615234, -0.13689517974853516, 1.0250802040100098, 0.02831268310546875, -0.8373831510543823, -0.013196229934692383, 0.9567802429199219, -1.8041363034891345, -5.383553087231689, -4.019083585023019, -0.1368048859845672
2194, -0.020963668823242188, -0.13689517974853516, 1.0250883102416992, 0.02830362319946289, -0.8373924493789673, -0.013177871704101562, 0.9567650604248047, -1.804129593404521, -5.383548696845921, -4.019082974392956, -0.13680172467283125
2195, -0.020963668823242188, -0.13689517974853516, 1.0250883102416992, 0.02831268310546875, -0.8373650312423706, -0.013177871704101562, 0.9567574310302734, -1.8041038107677145, -5.383550171366671, -4.019077468527241, -0.13680965289719715
2196, -0.02095627784729004, -0.1369025707244873, 1.0250883102416992, 0.02830362319946289, -0.8373740911483765, -0.013177871704101562, 0.9567650604248047, -1.8040978940247474, -5.3835557799753095, -4.019078724045524, -0.13680130840598892
2197, -0.02094888687133789, -0.136887788772583, 1.0250964164733887, 0.02833104133605957, -0.8373924493789673, -0.013150453567504883, 0.9567726898193359, -1.8040960151421201, -5.38356162413124, -4.019077115366951, -0.13681445626136757
2198, -0.020941495895385742, -0.13689517974853516, 1.025104284286499, 0.02831268310546875, -0.8373924493789673, -0.013168811798095703, 0.9567574310302734, -1.804104365495726, -5.3835616843143725, -4.019080094379457, -0.1368158618766815
2199, -0.020963668823242188, -0.13690972328186035, 1.025104284286499, 0.02832198143005371, -0.8373924493789673, -0.013168811798095703, 0.9567497253417969, -1.8041063469183474, -5.383557828928399, -4.019080357824437, -0.1368129763127479
2200, -0.020970821380615234, -0.13689517974853516, 1.0251202583312988, 0.02830362319946289, -0.8374015092849731, -0.013168811798095703, 0.9567726898193359, -1.8040938402905147, -5.3835589301986495, -4.019074371167204, -0.1368154753433526
2201, -0.02095627784729004, -0.13689517974853516, 1.025104284286499, 0.02831268310546875, -0.8374289274215698, -0.013168811798095703, 0.9567650604248047, -1.8040779359932753, -5.38355553968025, -4.019072059827043, -0.13682419150261005
2202, -0.02095627784729004, -0.13690972328186035, 1.0251283645629883, 0.02834010124206543, -0.8374015092849731, -0.013177871704101562, 0.9567650604248047, -1.8040615817730727, -5.3835676997334705, -4.019072679312098, -0.1368145238766525
2203, -0.02094888687133789, -0.136887788772583, 1.0251283645629883, 0.02831268310546875, -0.8374382257461548, -0.013186931610107422, 0.9567726898193359, -1.8040619631041934, -5.3835793595996275, -4.019073704835206, -0.13681214377934658
2204, -0.02095627784729004, -0.1369025707244873, 1.0251283645629883, 0.02831268310546875, -0.837419867515564, -0.013177871704101562, 0.9567650604248047, -1.8040664126555388, -5.383578914996005, -4.0190780589788915, -0.1368061146293167
2205, -0.020933866500854492, -0.136887788772583, 1.0251522064208984, 0.02832198143005371, -0.8374289274215698, -0.013177871704101562, 0.9567650604248047, -1.8040427773541399, -5.383570399489598, -4.0190734669507115, -0.13680476176195988
2206, -0.020933866500854492, -0.1369025707244873, 1.0251362323760986, 0.02833104133605957, -0.8374289274215698, -0.013186931610107422, 0.9567421722412109, -1.804029117627513, -5.383569394519574, -4.019066493073326, -0.13679701193682092
2207, -0.02095627784729004, -0.13689517974853516, 1.0251522064208984, 0.02831268310546875, -0.8374563455581665, -0.013186931610107422, 0.9567726898193359, -1.8040171741477913, -5.383576919907193, -4.019071417405789, -0.13679481166838414
2208, -0.020941495895385742, -0.13689517974853516, 1.025160312652588, 0.02832198143005371, -0.837419867515564, -0.013168811798095703, 0.9567726898193359, -1.8040071196172438, -5.3835817238245225, -4.0190664739181345, -0.13679084083660964
2209, -0.02094888687133789, -0.13689517974853516, 1.0251522064208984, 0.02830362319946289, -0.8374382257461548, -0.013186931610107422, 0.9567574310302734, -1.804013874058771, -5.383577707247045, -4.0190695809915375, -0.1367784080063812
2210, -0.020941495895385742, -0.1369025707244873, 1.025160312652588, 0.02833104133605957, -0.837419867515564, -0.013159751892089844, 0.9567650604248047, -1.8040158812583527, -5.383577582641928, -4.019068668104726, -0.13679632949803633
2211, -0.020933866500854492, -0.13689517974853516, 1.0251522064208984, 0.02831268310546875, -0.8374472856521606, -0.013159751892089844, 0.9567650604248047, -1.8040096583856855, -5.383574697353597, -4.019068061609567, -0.13680030032992274
2212, -0.02094888687133789, -0.136887788772583, 1.0251522064208984, 0.02833104133605957, -0.837419867515564, -0.013168811798095703, 0.9567574310302734, -1.8040033199361558, -5.383576529938667, -4.019066516258429, -0.1368011625972052
2213, -0.020933866500854492, -0.1369171142578125, 1.0251522064208984, 0.02830362319946289, -0.8374747037887573, -0.013177871704101562, 0.9567574310302734, -1.8039973707027475, -5.383585881591761, -4.019068563896497, -0.13681222769146562
2214, -0.020926475524902344, -0.1369025707244873, 1.025160312652588, 0.02832198143005371, -0.8374289274215698, -0.013159751892089844, 0.9567726898193359, -1.8039962060218107, -5.383598873652532, -4.0190646870142475, -0.13680781085977323
2215, -0.020933866500854492, -0.1369025707244873, 1.025160312652588, 0.02832198143005371, -0.8374382257461548, -0.013168811798095703, 0.9567650604248047, -1.8040028789624873, -5.38359942431237, -4.019067639322904, -0.13681511325597473
2216, -0.020926475524902344, -0.1369025707244873, 1.0251681804656982, 0.02830362319946289, -0.8374472856521606, -0.013186931610107422, 0.9567650604248047, -1.8039990788941322, -5.383595849303733, -4.01906444030768, -0.136816822922893
2217, -0.020926475524902344, -0.1369025707244873, 1.025184154510498, 0.02832198143005371, -0.8374837636947632, -0.013168811798095703, 0.9567497253417969, -1.8039949436705027, -5.3835890881667705, -4.019067483170634, -0.13682099516968282
2218, -0.020919322967529297, -0.1369025707244873, 1.0251760482788086, 0.02833104133605957, -0.8374382257461548, -0.013186931610107422, 0.9567650604248047, -1.8039782024923319, -5.3835915020721625, -4.01906286105024, -0.1368085541934354
2219, -0.020933866500854492, -0.13689517974853516, 1.025184154510498, 0.02834010124206543, -0.8374472856521606, -0.013177871704101562, 0.9567726898193359, -1.8039745004368157, -5.383603634837881, -4.019062524621139, -0.1368000543153176
2220, -0.020926475524902344, -0.13689517974853516, 1.0251922607421875, 0.02831268310546875, -0.8374656438827515, -0.013177871704101562, 0.9567650604248047, -1.8039669879947473, -5.383616849139228, -4.019060208596341, -0.1368022411457872
2221, -0.020933866500854492, -0.13690972328186035, 1.025184154510498, 0.02830362319946289, -0.8374563455581665, -0.013177871704101562, 0.9567802429199219, -1.8039717692512158, -5.383616237446182, -4.019063635915878, -0.13679191938495094
2222, -0.020933866500854492, -0.1369025707244873, 1.0251922607421875, 0.02831268310546875, -0.837419867515564, -0.013168811798095703, 0.9567726898193359, -1.8039734272209946, -5.383615283680361, -4.019067140803741, -0.13679403188173733
2223, -0.020941495895385742, -0.1369025707244873, 1.0251922607421875, 0.02832198143005371, -0.8374837636947632, -0.013196229934692383, 0.9567726898193359, -1.803958969044147, -5.38361420239734, -4.019064029348734, -0.1367957050974642
2224, -0.020926475524902344, -0.13689517974853516, 1.0252079963684082, 0.02831268310546875, -0.837502121925354, -0.013177871704101562, 0.9567497253417969, -1.8039424112803806, -5.383615379202589, -4.019063717800409, -0.13679024759698777
2225, -0.020926475524902344, -0.1369025707244873, 1.0252161026000977, 0.02832198143005371, -0.8375293016433716, -0.013186931610107422, 0.9567802429199219, -1.8039302698567743, -5.383624198442611, -4.019059370437444, -0.1368024142562536
2226, -0.020926475524902344, -0.1369171142578125, 1.0252161026000977, 0.02830362319946289, -0.837502121925354, -0.013196229934692383, 0.9567650604248047, -1.8039293387376119, -5.383630327772458, -4.019061013993392, -0.1368045929392725
2227, -0.020933866500854492, -0.1369171142578125, 1.0252161026000977, 0.02831268310546875, -0.8375476598739624, -0.013168811798095703, 0.9567650604248047, -1.803928346717588, -5.383633350820425, -4.019062902478817, -0.13680066670689506
2228, -0.020941495895385742, -0.1369025707244873, 1.025224208831787, 0.02832198143005371, -0.837502121925354, -0.013186931610107422, 0.9567802429199219, -1.8039282315592025, -5.383631524097268, -4.019063140577817, -0.13682226169926182
2229, -0.02091193199157715, -0.13690972328186035, 1.0252399444580078, 0.02831268310546875, -0.8375293016433716, -0.013186931610107422, 0.9567726898193359, -1.8039187501087226, -5.383622716666445, -4.019062308511151, -0.13681401455288267
2230, -0.020926475524902344, -0.13692450523376465, 1.025224208831787, 0.02830362319946289, -0.8375293016433716, -0.013205289840698242, 0.9567726898193359, -1.8039125121431785, -5.383619126796955, -4.019061450940799, -0.1368158067021854
2231, -0.020919322967529297, -0.13690972328186035, 1.0252320766448975, 0.02831268310546875, -0.8375293016433716, -0.013168811798095703, 0.9567574310302734, -1.803903527244315, -5.383630734899477, -4.019060747367621, -0.13681467011705095
2232, -0.02091193199157715, -0.13692450523376465, 1.0252320766448975, 0.02831268310546875, -0.8375293016433716, -0.013186931610107422, 0.9567650604248047, -1.8039018643353715, -5.383635355206153, -4.019059208889561, -0.13681181428516798
2233, -0.02091193199157715, -0.1369171142578125, 1.025224208831787, 0.02829456329345703, -0.8375385999679565, -0.013214349746704102, 0.9567650604248047, -1.8039053224846966, -5.383642581925336, -4.0190598459616895, -0.13681780698487245
2234, -0.02091193199157715, -0.13690972328186035, 1.0252320766448975, 0.02832198143005371, -0.837502121925354, -0.013177871704101562, 0.9567497253417969, -1.8039108117552738, -5.383645233923034, -4.01906062601021, -0.13682637448054802
2235, -0.02091193199157715, -0.1369171142578125, 1.0252320766448975, 0.02830362319946289, -0.8375567197799683, -0.013177871704101562, 0.9567802429199219, -1.8039077752338106, -5.383641470005912, -4.01906373943591, -0.1368406224754688
2236, -0.02091193199157715, -0.13692450523376465, 1.0252480506896973, 0.02831268310546875, -0.8375567197799683, -0.013177871704101562, 0.9567726898193359, -1.8039031509011472, -5.383633966122119, -4.019062289842851, -0.13684187942508164
2237, -0.02089715003967285, -0.13690972328186035, 1.0252399444580078, 0.02832198143005371, -0.8375202417373657, -0.013196229934692383, 0.9567726898193359, -1.8039014333403602, -5.383636020394929, -4.0190653443732876, -0.1368276827471977
2238, -0.020904541015625, -0.1369171142578125, 1.0252399444580078, 0.02831268310546875, -0.8375476598739624, -0.013177871704101562, 0.9567650604248047, -1.8038977964571523, -5.383641209793329, -4.019063956112982, -0.13682380926440008
2239, -0.020904541015625, -0.1369171142578125, 1.0252399444580078, 0.02830362319946289, -0.8375293016433716, -0.013168811798095703, 0.9567726898193359, -1.80390087076903, -5.3836431922196955, -4.019063874819756, -0.13681707180009894
2240, -0.020889997482299805, -0.1369321346282959, 1.0252399444580078, 0.02832198143005371, -0.8376024961471558, -0.013196229934692383, 0.9567650604248047, -1.8038991053618094, -5.383648543416233, -4.019062963200283, -0.13682576494718202
2241, -0.02089715003967285, -0.1369321346282959, 1.0252399444580078, 0.02832198143005371, -0.8375841379165649, -0.013205289840698242, 0.9567650604248047, -1.803900335414007, -5.383644269232137, -4.019058095904395, -0.1368268880965786
2242, -0.020889997482299805, -0.13693952560424805, 1.0252480506896973, 0.02831268310546875, -0.8376115560531616, -0.013186931610107422, 0.9567497253417969, -1.8038978397363437, -5.383647644540321, -4.019061382728266, -0.1368400345255889
2243, -0.02089715003967285, -0.1369171142578125, 1.0252561569213867, 0.02831268310546875, -0.8375841379165649, -0.013177871704101562, 0.9567574310302734, -1.8038955982154878, -5.383648701500856, -4.019063661248613, -0.13684128332492929
2244, -0.020889997482299805, -0.13692450523376465, 1.0252561569213867, 0.02830362319946289, -0.8375931978225708, -0.013177871704101562, 0.9567726898193359, -1.803898258107869, -5.383653567462692, -4.019067625503291, -0.13683492567766464
2245, -0.02089715003967285, -0.1369321346282959, 1.0252561569213867, 0.02832198143005371, -0.8376024961471558, -0.013196229934692383, 0.9567421722412109, -1.803895531411721, -5.38365484766455, -4.019065798935842, -0.13683430127784835
2246, -0.02089715003967285, -0.1369321346282959, 1.025264024734497, 0.02833104133605957, -0.8376115560531616, -0.013168811798095703, 0.9567650604248047, -1.8038943126585663, -5.383652770083659, -4.01906764472918, -0.13683523116075413
2247, -0.020889997482299805, -0.13693952560424805, 1.025264024734497, 0.02831268310546875, -0.8376024961471558, -0.013186931610107422, 0.9567650604248047, -1.8038699063969252, -5.383651227723287, -4.019058047590674, -0.13684095097570648
2248, -0.020882606506347656, -0.13692450523376465, 1.0252561569213867, 0.02834010124206543, -0.8376024961471558, -0.013168811798095703, 0.9567726898193359, -1.8038633479722617, -5.383655349267738, -4.019061220061131, -0.136863051435685
2249, -0.020889997482299805, -0.13693952560424805, 1.0252721309661865, 0.02831268310546875, -0.8376206159591675, -0.013186931610107422, 0.9567650604248047, -1.8038632943726391, -5.383654521529107, -4.019061101276842, -0.13686024835400357
2250, -0.020882606506347656, -0.13693952560424805, 1.0252721309661865, 0.02830362319946289, -0.8376389741897583, -0.013177871704101562, 0.9567726898193359, -1.8038634053548654, -5.383657080448654, -4.01906218849144, -0.13685470022128143
2251, -0.020882606506347656, -0.1369466781616211, 1.0252721309661865, 0.02830362319946289, -0.8376296758651733, -0.013186931610107422, 0.9567650604248047, -1.8038650538953822, -5.383658251449321, -4.019063744590436, -0.1368534284047529
2252, -0.020882606506347656, -0.13693952560424805, 1.0252721309661865, 0.02832198143005371, -0.8376661539077759, -0.013177871704101562, 0.9567726898193359, -1.8038686854838502, -5.383657347407972, -4.0190646528238165, -0.13686607080191138
2253, -0.020882606506347656, -0.1369466781616211, 1.0252799987792969, 0.02832198143005371, -0.8376661539077759, -0.013177871704101562, 0.9567726898193359, -1.803858976369088, -5.383660630289476, -4.019058443690613, -0.13687137963164986
2254, -0.020874977111816406, -0.13693952560424805, 1.0252721309661865, 0.02831268310546875, -0.8376661539077759, -0.013196229934692383, 0.9567574310302734, -1.8038650777390386, -5.383663341885914, -4.019059777358675, -0.13687111203204783
2255, -0.020874977111816406, -0.1369321346282959, 1.0252721309661865, 0.02832198143005371, -0.8377028703689575, -0.013168811798095703, 0.9567726898193359, -1.80386904611738, -5.383664577754386, -4.0190627819213605, -0.13686874679830918
2256, -0.020874977111816406, -0.1369321346282959, 1.0252799987792969, 0.02832198143005371, -0.8377028703689575, -0.013168811798095703, 0.9567574310302734, -1.8038667262580161, -5.383666577236418, -4.0190640825573265, -0.13686639643139742
2257, -0.020874977111816406, -0.1369321346282959, 1.0252881050109863, 0.02833104133605957, -0.8377028703689575, -0.013223409652709961, 0.9567650604248047, -1.803865095893502, -5.383666482624463, -4.019066343333654, -0.13688440856198536
2258, -0.02086019515991211, -0.13692450523376465, 1.0252799987792969, 0.02831268310546875, -0.8376845121383667, -0.013196229934692383, 0.9567802429199219, -1.8038641576743146, -5.383662673648179, -4.019064245337579, -0.1368740867983611
2259, -0.02086019515991211, -0.13693952560424805, 1.0253040790557861, 0.02832198143005371, -0.8377760648727417, -0.013186931610107422, 0.9555513000488282, -1.8038599315431252, -5.383664323889505, -4.01906401377555, -0.13688796312742735
2260, -0.020853042602539062, -0.13695406913757324, 1.0252881050109863, 0.02831268310546875, -0.8377212285995483, -0.013205289840698242, 0.9539788818359375, -1.8038532452360383, -5.383669208868541, -4.019058016406674, -0.13689223129129235
2261, -0.020853042602539062, -0.13693952560424805, 1.0253360271453857, 0.02832198143005371, -0.8381868600845337, -0.013223409652709961, 0.9490706634521484, -1.8038543332206913, -5.383676607656738, -4.019060846665141, -0.13689107840727122
2262, -0.020830869674682617, -0.1369321346282959, 1.0253679752349854, 0.02832198143005371, -0.8388534784317017, -0.013205289840698242, 0.9405290222167969, -1.803852561788017, -5.383674870592797, -4.019061090444192, -0.136896968474014
2263, -0.020845651626586914, -0.13692450523376465, 1.0253758430480957, 0.02831268310546875, -0.8389354944229126, -0.013196229934692383, 0.9321630096435547, -1.8038510562978451, -5.383672384711622, -4.019066217021609, -0.13690566833383766
2264, -0.020838260650634766, -0.1369321346282959, 1.0253758430480957, 0.02831268310546875, -0.8388534784317017, -0.013205289840698242, 0.9216138458251953, -1.8038511843721161, -5.383669684591268, -4.019066573086135, -0.1369088445209652
2265, -0.020838260650634766, -0.1369321346282959, 1.025399923324585, 0.02831268310546875, -0.8388625383377075, -0.013205289840698242, 0.9038130950927734, -1.8038444301961487, -5.38367527225803, -4.019065481354996, -0.1369023976756818
2266, -0.020830869674682617, -0.1369171142578125, 1.0253839492797852, 0.02832198143005371, -0.8387254476547241, -0.013168811798095703, 0.8753256988525391, -1.8038425817239343, -5.383678639630933, -4.019063404045523, -0.13689821871158436
2267, -0.020830869674682617, -0.1369466781616211, 1.025320053100586, 0.02832198143005371, -0.838150143623352, -0.01327824592590332, 0.8709671020507812, -1.8038427853869754, -5.383681483916116, -4.019062013503423, -0.13688652921653333
2268, -0.020838260650634766, -0.13690972328186035, 1.0254318714141846, 0.02832198143005371, -0.8390723466873169, -0.013296365737915039, 0.8675626373291015, -1.8038401634471894, -5.383687155053857, -4.019064451388774, -0.13689881337685783
2269, -0.020838260650634766, -0.1369171142578125, 1.0255756378173828, 0.02832198143005371, -0.8400312662124634, -0.0133056640625, 0.8583798980712891, -1.8038278683833637, -5.38368196970089, -4.019059094305157, -0.13689864313090272
2270, -0.020830869674682617, -0.13692450523376465, 1.0255517959594727, 0.02831268310546875, -0.8399215936660767, -0.013323783874511719, 0.8490367889404297, -1.8038198304282869, -5.3836817528605705, -4.0190573696328675, -0.1368942857668065
2271, -0.020823240280151367, -0.13692450523376465, 1.0255837440490723, 0.02832198143005371, -0.8402868509292603, -0.013369560241699219, 0.8182136535644531, -1.8038141518832895, -5.383685115524069, -4.019061068337987, -0.1369010759864917
2272, -0.020808696746826172, -0.13690972328186035, 1.0255756378173828, 0.02832198143005371, -0.8402777910232544, -0.013369560241699219, 0.795008544921875, -1.8038118914951782, -5.3836868973917555, -4.019060690027385, -0.13688545881850622
2273, -0.020823240280151367, -0.13692450523376465, 1.0255756378173828, 0.02831268310546875, -0.8402136564254761, -0.013342142105102539, 0.7587963104248047, -1.803810860562594, -5.383693565049772, -4.019060526146512, -0.1368744613399011
2274, -0.02081584930419922, -0.13692450523376465, 1.025519847869873, 0.02832198143005371, -0.8397756814956665, -0.013232707977294922, 0.7439420318603516, -1.8038125911697263, -5.383698706473657, -4.01906149668866, -0.1368782389058225
2275, -0.02081584930419922, -0.13689517974853516, 1.0256314277648926, 0.02831268310546875, -0.8402594327926636, -0.013451814651489258, 0.7294235229492188, -1.8037999643482667, -5.383705319382334, -4.019056391003654, -0.13687629808961166
2276, -0.02081584930419922, -0.1369025707244873, 1.0257115364074707, 0.02833104133605957, -0.8410083055496216, -0.013470172882080078, 0.716912612915039, -1.803794020713501, -5.383700035677898, -4.019058935764713, -0.13688087174015706
2277, -0.020801305770874023, -0.13692450523376465, 1.0257034301757812, 0.02831268310546875, -0.8407615423202515, -0.013479232788085938, 0.707668685913086, -1.8037865899965928, -5.383701179717561, -4.0190615790009225, -0.13688508187768456
2278, -0.020838260650634766, -0.1369171142578125, 1.0257673263549805, 0.02832198143005371, -0.8413187265396118, -0.013524770736694336, 0.708958740234375, -1.8037784884876835, -5.383706656703052, -4.019059751513534, -0.136874989824741
2279, -0.02086019515991211, -0.13690972328186035, 1.0258712768554688, 0.02832198143005371, -0.8425697088241577, -0.013607025146484375, 0.6968294525146485, -1.8037797573618288, -5.383697765814568, -4.019054752079321, -0.13686609525697957
2280, -0.02081584930419922, -0.1369614601135254, 1.0259270668029785, 0.02830362319946289, -0.843363881111145, -0.013762235641479492, 0.6862115478515625, -1.803785960052628, -5.383701147354497, -4.019054618961645, -0.13686610340867045
2281, -0.020926475524902344, -0.13703513145446777, 1.0266063213348389, 0.02832198143005371, -0.8510795831680298, -0.013826131820678711, 0.6708458709716797, -1.8038027459436523, -5.383699692846458, -4.019054089085014, -0.1368780576297688
2282, -0.02108144760131836, -0.1380159854888916, 1.0291788578033447, 0.02830362319946289, -0.8636161088943481, -0.01386260986328125, 0.6505718231201172, -1.8038642365806767, -5.383669440011282, -4.019056105252778, -0.1368702521696612
2283, -0.021147727966308594, -0.138502836227417, 1.0302414894104004, 0.02832198143005371, -0.8682821989059448, -0.01389002799987793, 0.6448851013183594, -1.8039234271467106, -5.383669179208563, -4.019062556459181, -0.13689253485126862
2284, -0.021088838577270508, -0.1393733024597168, 1.030928611755371, 0.02832198143005371, -0.8690582513809204, -0.014036178588867188, 0.6414578247070313, -1.8040893172836736, -5.383648955475438, -4.019079358376107, -0.13696244676569158
2285, -0.020941495895385742, -0.1396017074584961, 1.0305452346801758, 0.02831268310546875, -0.8693228960037231, -0.014109134674072266, 0.6372900009155273, -1.8043566169150176, -5.38361413220702, -4.019168867408119, -0.13705033419845414
2286, -0.020786523818969727, -0.1397860050201416, 1.0304412841796875, 0.02831268310546875, -0.8694874048233032, -0.014072656631469727, 0.6345573806762695, -1.8045379389403102, -5.383572547890936, -4.019234550446051, -0.13711886763883552
2287, -0.02055072784423828, -0.14008092880249023, 1.030353307723999, 0.02831268310546875, -0.8695055246353149, -0.014045238494873047, 0.6315727233886719, -1.8047604950622962, -5.383538243377229, -4.019318191529431, -0.1371731114050858
2288, -0.020498991012573242, -0.1400001049041748, 1.0297861099243164, 0.02833104133605957, -0.8698068857192993, -0.013999700546264648, 0.6286033248901367, -1.8049861149557982, -5.3835281631207, -4.019411639153428, -0.13717355967433242
2289, -0.020535707473754883, -0.13989663124084473, 1.0292749404907227, 0.02834010124206543, -0.870080828666687, -0.014045238494873047, 0.6256645202636719, -1.805168831859321, -5.383529634666522, -4.01948432928933, -0.13715253198606003
2290, -0.02055811882019043, -0.1398158073425293, 1.0287954807281494, 0.02832198143005371, -0.870162844657898, -0.014063596725463867, 0.6237639236450195, -1.8053220956622518, -5.3835499452486655, -4.019532015489682, -0.13712562243558057
2291, -0.02059459686279297, -0.13977885246276855, 1.028531789779663, 0.02829456329345703, -0.8703821897506714, -0.014036178588867188, 0.6207487487792969, -1.8055500962619022, -5.383546611525877, -4.01960653593378, -0.13707776630837998
2292, -0.020572662353515625, -0.1397860050201416, 1.028331995010376, 0.02834010124206543, -0.8704642057418823, -0.014027118682861328, 0.6176038360595704, -1.805801847145393, -5.383497904987214, -4.0196827591831115, -0.13705057376822083
2293, -0.02055811882019043, -0.13982295989990234, 1.0281882286071777, 0.02831268310546875, -0.8708661794662476, -0.014036178588867188, 0.6141383743286133, -1.8060313117064613, -5.3834418717367925, -4.019723197051459, -0.13701345049174396
2294, -0.020580053329467773, -0.13988208770751953, 1.0280444622039795, 0.02832198143005371, -0.871076226234436, -0.014054536819458008, 0.611939926147461, -1.8061827738274963, -5.383410786338273, -4.019734163781024, -0.13697594363854826
2295, -0.02055811882019043, -0.13977885246276855, 1.0276849269866943, 0.02831268310546875, -0.8720349073410034, -0.014017820358276367, 0.606512680053711, -1.8064590017776416, -5.3834660318645655, -4.0197562458852545, -0.1369253753751929
2296, -0.02055072784423828, -0.1397416591644287, 1.0276849269866943, 0.02832198143005371, -0.8726557493209839, -0.014036178588867188, 0.6053753662109375, -1.8065006820866643, -5.383479307755145, -4.019757448638575, -0.1369246306070151
2297, -0.020535707473754883, -0.13966822624206543, 1.0275249481201172, 0.02834010124206543, -0.8730484247207642, -0.014036178588867188, 0.6031998443603516, -1.806676042124823, -5.383521324347245, -4.019771146204293, -0.13695533421447603
2298, -0.02046942710876465, -0.1393139362335205, 1.027221441268921, 0.02832198143005371, -0.8735231161117554, -0.014081716537475586, 0.6006350708007813, -1.806865282513191, -5.383510705395526, -4.0197890164066, -0.13699558493245334
2299, -0.02045464515686035, -0.13872408866882324, 1.0266623497009277, 0.02832198143005371, -0.8739432096481323, -0.014054536819458008, 0.5972764587402344, -1.807098375768939, -5.383453117452638, -4.019777617685597, -0.13700699798545557
2300, -0.020425081253051758, -0.13840699195861816, 1.026230812072754, 0.02833104133605957, -0.8740071058273315, -0.014072656631469727, 0.5959711074829102, -1.8072260222123362, -5.383449282236776, -4.01975590863934, -0.13705365660186253
2301, -0.020307064056396484, -0.13753652572631836, 1.0252561569213867, 0.02833104133605957, -0.8740345239639282, -0.014036178588867188, 0.5936812210083008, -1.8073954565969625, -5.383502942030453, -4.019693278783262, -0.13712976604727434
2302, -0.02024078369140625, -0.13705015182495117, 1.024808645248413, 0.02831268310546875, -0.8740800619125366, -0.014027118682861328, 0.592574348449707, -1.807469821100374, -5.383530585178229, -4.019666200415569, -0.13716643669047102
2303, -0.020130157470703125, -0.13631224632263184, 1.024153470993042, 0.02833104133605957, -0.8740345239639282, -0.014027118682861328, 0.591215591430664, -1.807596128051148, -5.3835502809986355, -4.01962841499311, -0.13723204221421526
2304, -0.02001953125, -0.13518404960632324, 1.0232348442077637, 0.02831268310546875, -0.875038743019104, -0.014017820358276367, 0.5861243057250977, -1.8077912062423527, -5.38353533155693, -4.0195488510979605, -0.1373117802654784
2305, -0.020034313201904297, -0.13462352752685547, 1.0226755142211914, 0.02832198143005371, -0.8743449449539185, -0.014081716537475586, 0.5861853408813477, -1.8078645151899493, -5.383524641034037, -4.019511448044061, -0.13732934842258082
2306, -0.020049095153808594, -0.1336503028869629, 1.0219483375549316, 0.02831268310546875, -0.8736511468887329, -0.014045238494873047, 0.5847197341918945, -1.8080333326095586, -5.3835063897894315, -4.019446805203361, -0.13737908409017763
2307, -0.020078659057617188, -0.1329200267791748, 1.0213651657104492, 0.02832198143005371, -0.8737331628799438, -0.014027118682861328, 0.5826892852783203, -1.8081306598768316, -5.383511938475067, -4.019393581075638, -0.13742064851124258
2308, -0.02007126808166504, -0.13168835639953613, 1.0202467441558838, 0.02831268310546875, -0.8734411001205444, -0.014072656631469727, 0.5804527282714844, -1.8082422215648415, -5.383547373127269, -4.019313836951749, -0.13749551536784121
2309, -0.02001214027404785, -0.13075923919677734, 1.0192480087280273, 0.02832198143005371, -0.8723269701004028, -0.014072656631469727, 0.578857421875, -1.8083353837992915, -5.383546715729442, -4.019270597708344, -0.13753742981378103
2310, -0.02001214027404785, -0.1295790672302246, 1.017913818359375, 0.02833104133605957, -0.8703912496566772, -0.014072656631469727, 0.5772009658813476, -1.8084482306871266, -5.38352654126969, -4.0192353191052295, -0.1375952733788317
2311, -0.020004987716674805, -0.12845826148986816, 1.0168750286102295, 0.02831268310546875, -0.8687659502029419, -0.014054536819458008, 0.576048355102539, -1.808544659862686, -5.383504085940841, -4.019202290244325, -0.13763297401931052
2312, -0.02002692222595215, -0.12734460830688477, 1.0159721374511719, 0.02831268310546875, -0.8668211698532104, -0.014036178588867188, 0.5750407409667969, -1.8086599516411108, -5.383507918520668, -4.019182765379253, -0.1376884025832945
2313, -0.02002692222595215, -0.12697577476501465, 1.0156927108764648, 0.02830362319946289, -0.8663920164108276, -0.014072656631469727, 0.5747506713867188, -1.8086928829245779, -5.383530426420994, -4.019181836824244, -0.1377048720336722
2314, -0.020041465759277344, -0.1264817714691162, 1.015381097793579, 0.02832198143005371, -0.8660815954208374, -0.014063596725463867, 0.5730789947509766, -1.8087056450568881, -5.383579828886052, -4.019173386566758, -0.13774553405696288
2315, -0.02007126808166504, -0.12603163719177246, 1.0153090953826904, 0.02830362319946289, -0.8662093877792358, -0.014091014862060547, 0.5707126998901367, -1.8087318337813794, -5.3836156033738165, -4.019179744045294, -0.13775712746596547
2316, -0.020130157470703125, -0.12594342231750488, 1.0155408382415771, 0.02830362319946289, -0.8654333353042603, -0.014127492904663086, 0.5685677337646484, -1.8087616071963626, -5.383624637288382, -4.019191202001757, -0.13776991990087595
2317, -0.020174503326416016, -0.12584757804870605, 1.0162439346313477, 0.02829456329345703, -0.8615435361862183, -0.014803171157836914, 0.5578200912475586, -1.8087862055381685, -5.383597868532141, -4.019190486050444, -0.13780083344614535
2318, -0.020262718200683594, -0.12512469291687012, 1.0164995193481445, 0.02830362319946289, -0.858913779258728, -0.016885042190551758, 0.5577132797241211, -1.8088084362017276, -5.38357046877105, -4.019174767165806, -0.1379048224873758
2319, -0.020262718200683594, -0.12458633631467819, 1.0155649185180664, 0.02830362319946289, -0.8606942892074585, -0.01739645004272461, 0.5559270477294922, -1.8088127931367586, -5.383572507622605, -4.019168793467895, -0.13793154074191616
2320, -0.02010059356689453, -0.1238858699798584, 1.0139031410217285, 0.02830362319946289, -0.8621004819869995, -0.01845526695251465, 0.553354606628418, -1.8088271743665871, -5.383648615336302, -4.019190949017947, -0.13803734306942683
2321, -0.019916296005249023, -0.12453460693359375, 1.0151174068450928, 0.02830362319946289, -0.8626483678817749, -0.01851034164428711, 0.5525379180908203, -1.8088261748378893, -5.38370742414137, -4.019217560577983, -0.13812520625748714
2322, -0.01985001564025879, -0.12464523315429688, 1.0149974822998047, 0.02830362319946289, -0.8636893033981323, -0.01853775978088379, 0.5494998550415039, -1.8088667462290486, -5.383645315189931, -4.019177792513805, -0.13819897063462516
2323, -0.019864559173583984, -0.12466025352478027, 1.0149097442626953, 0.02831268310546875, -0.8638535737991333, -0.018583297729492188, 0.5485991287231445, -1.8088955627129466, -5.383626376860971, -4.019153742765963, -0.13821531445704238
2324, -0.019864559173583984, -0.12466764450073242, 1.015261173248291, 0.02830362319946289, -0.8643466234207153, -0.018555879592895508, 0.5465686798095704, -1.8089667899785793, -5.383616553842764, -4.0191296780317565, -0.13820775627997062
2325, -0.019857406616210938, -0.12454962730407715, 1.0151972770690918, 0.02831268310546875, -0.8648306131362915, -0.01854681968688965, 0.5452939224243164, -1.8090277959928025, -5.383648976347684, -4.0191269113280415, -0.13819790055369108
2326, -0.019783735275268555, -0.12445354461669922, 1.0146939754486084, 0.02830362319946289, -0.8649309873580933, -0.01850104331970215, 0.5440420532226562, -1.8091294282667496, -5.383685518661158, -4.019143107129182, -0.13817610286729654
2327, -0.019687652587890625, -0.12446831911802292, 1.0145902633666992, 0.02834010124206543, -0.8650404214859009, -0.01849198341369629, 0.5430878829956055, -1.8091900508748613, -5.383701652272386, -4.019156295430304, -0.13818764505118164
2328, -0.019613981246948242, -0.12441658228635788, 1.0144462585449219, 0.02831268310546875, -0.8654149770736694, -0.01849198341369629, 0.5413398742675781, -1.809252259480759, -5.383670316379821, -4.019173681954961, -0.13819121123099176
2329, -0.0195770263671875, -0.12442398071289062, 1.0142066478729248, 0.02832198143005371, -0.8657344579696655, -0.01846456527709961, 0.5394620895385742, -1.8093380141892574, -5.3836076602127445, -4.019178142863085, -0.1381692500291507
2330, -0.01956963539123535, -0.12446831911802292, 1.0141427516937256, 0.02833104133605957, -0.8659812211990356, -0.01849198341369629, 0.5381339263916015, -1.8093905642778432, -5.383607504974598, -4.019173626168653, -0.13818754284304013
2331, -0.019547462463378906, -0.1245126724243164, 1.014014720916748, 0.02833104133605957, -0.866191029548645, -0.01849198341369629, 0.5369737243652344, -1.8094504414061068, -5.383627845294023, -4.01916808937684, -0.13821704256006662
2332, -0.01949596405029297, -0.12454962730407715, 1.0139269828796387, 0.02834010124206543, -0.8663281202316284, -0.01846456527709961, 0.5357141494750977, -1.809572438174914, -5.383657715318868, -4.019178325265459, -0.13824839225460117
2333, -0.019377708435058594, -0.124542236328125, 1.013775110244751, 0.02834010124206543, -0.8664010763168335, -0.01845526695251465, 0.5344165420532226, -1.8096706259787219, -5.383651617059687, -4.019169431024653, -0.13831376241851423
2334, -0.019282102584838867, -0.12445354461669922, 1.013615369796753, 0.02831268310546875, -0.8668485879898071, -0.01843714714050293, 0.5328059387207031, -1.8097314310037333, -5.3836224824097565, -4.019147097373192, -0.1383764997280501
2335, -0.019156455993652344, -0.12433576583862305, 1.0133357048034668, 0.02832198143005371, -0.8670676946640015, -0.01844620704650879, 0.5312868881225586, -1.8098181994903744, -5.383580707113602, -4.019113900795209, -0.1384523400903257
2336, -0.019083023071289062, -0.12421035766601562, 1.0131919384002686, 0.02833104133605957, -0.8672958612442017, -0.01843714714050293, 0.5299587249755859, -1.809884327016895, -5.3835677354372, -4.019094114659921, -0.13851414245219473
2337, -0.019031286239624023, -0.12403320521116257, 1.0128722190856934, 0.02833104133605957, -0.8676429986953735, -0.01843714714050293, 0.5279816818237305, -1.8099819335780638, -5.383589763633817, -4.019075380355476, -0.13858459981700655
2338, -0.01896500587463379, -0.12384891510009766, 1.012465000152588, 0.02834010124206543, -0.8677159547805786, -0.01845526695251465, 0.5263939666748046, -1.8101374919681585, -5.383631700715239, -4.019067085188063, -0.13867891127710053
2339, -0.018928050994873047, -0.12373089045286179, 1.0123291015625, 0.02833104133605957, -0.8677159547805786, -0.01846456527709961, 0.5258061981201172, -1.810187177163158, -5.383630041508719, -4.019059145482195, -0.13869938101156087
2340, -0.018846988677978516, -0.1234138011932373, 1.011913776397705, 0.02834010124206543, -0.8678802251815796, -0.01845526695251465, 0.5245772552490234, -1.8102552249542199, -5.383595822292962, -4.019032837334164, -0.13873316027038562
2341, -0.01873636245727539, -0.12280154228210449, 1.011082649230957, 0.02832198143005371, -0.8682090044021606, -0.01840972900390625, 0.5229666137695312, -1.8103451513285704, -5.383518249622462, -4.018989766665284, -0.13875660306730087
2342, -0.018721580505371094, -0.12223386764526367, 1.0103797912597656, 0.02834010124206543, -0.8685377836227417, -0.01837325096130371, 0.5216307830810547, -1.8104226891645516, -5.383487898428534, -4.018945417183059, -0.13873515551938187
2343, -0.018706798553466797, -0.1218726634979248, 1.0098843574523926, 0.02834916114807129, -0.8689121007919312, -0.01838231086730957, 0.5205239486694336, -1.810492209071041, -5.383510100957406, -4.0189234311059545, -0.13870575165886923
2344, -0.018751144409179688, -0.12128233909606934, 1.008925437927246, 0.02834916114807129, -0.8696242570877075, -0.01836419105529785, 0.5185393142700195, -1.8106386929160214, -5.383581112441005, -4.018907364210035, -0.1386687680746439
2345, -0.018751144409179688, -0.12111282348632812, 1.0086219310760498, 0.02835845947265625, -0.869752049446106, -0.01839160919189453, 0.5180508041381836, -1.810691874271383, -5.383592352901795, -4.018896918634706, -0.13866173837156648
2346, -0.018728971481323242, -0.1205301284790039, 1.0078709125518799, 0.02834010124206543, -0.869916558265686, -0.01840066909790039, 0.5168294906616211, -1.8108125098953, -5.38354641546839, -4.018839075444316, -0.1386528703130674
2347, -0.0186920166015625, -0.11932086944580078, 1.006289005279541, 0.02834010124206543, -0.8702908754348755, -0.018355131149291992, 0.5145928955078125, -1.8109417078042824, -5.383450699736877, -4.0187329098730755, -0.1386357635043991
2348, -0.018670082092285156, -0.11815547943115234, 1.0047709941864014, 0.02837657928466797, -0.8706926107406616, -0.01836419105529785, 0.51270751953125, -1.811109894751734, -5.383501142969131, -4.0186782609531635, -0.1386469373601873
2349, -0.018670082092285156, -0.11771297454833984, 1.0040760040283203, 0.02835845947265625, -0.8707839250564575, -0.01838231086730957, 0.5117761993408203, -1.8112260565258682, -5.383552662507585, -4.018670961351652, -0.13863722527882505
2350, -0.018655061721801758, -0.1172189712524414, 1.0033009052276611, 0.02836751937866211, -0.8712130784988403, -0.01838231086730957, 0.5098526382446289, -1.8113327270283277, -5.383545280046596, -4.018638726055158, -0.13868187112231212
2351, -0.018596172332763672, -0.11710834503173828, 1.002941370010376, 0.02836751937866211, -0.8711308240890503, -0.01838231086730957, 0.5093412399291992, -1.8113783561108412, -5.383498045945165, -4.018609155911872, -0.13870148193070175
2352, -0.01852250099182129, -0.11698293685913086, 1.0026538372039795, 0.02834916114807129, -0.871231198310852, -0.01837325096130371, 0.508486328125, -1.8114382991499673, -5.383458941522073, -4.018584756084237, -0.13872769958392173
2353, -0.01847076416015625, -0.11686468124389648, 1.002110481262207, 0.02834916114807129, -0.8712221384048462, -0.01839160919189453, 0.5078985595703125, -1.8115168200623644, -5.383470414998484, -4.018582244394546, -0.1387395688072255
2354, -0.01847076416015625, -0.11672472953796387, 1.0017189979553223, 0.02837657928466797, -0.8712221384048462, -0.01840972900390625, 0.5075321960449218, -1.8115889159172451, -5.383494273996264, -4.018596670996348, -0.13873765777420477
2355, -0.018448829650878906, -0.116348497569561, 1.0010318756103516, 0.02836751937866211, -0.8712495565414429, -0.01838231086730957, 0.5070436096191406, -1.8116915237684992, -5.38350432129577, -4.018613847501029, -0.13875042718579778
2356, -0.018397092819213867, -0.11585449427366257, 1.000129222869873, 0.02836751937866211, -0.8712495565414429, -0.01839160919189453, 0.5067535781860352, -1.8117506629526743, -5.383452008682866, -4.01861177635024, -0.13876718052159998
2357, -0.018360137939453125, -0.11561107635498047, 0.9996576309204102, 0.028385639190673828, -0.8712495565414429, -0.01838231086730957, 0.5067078018188477, -1.8117668859932397, -5.383426152172958, -4.018603351946518, -0.13877694380115635
2358, -0.018330812454223633, -0.11538267135620117, 0.9991703033447266, 0.02836751937866211, -0.8712221384048462, -0.01838231086730957, 0.5066696548461914, -1.8117873991630202, -5.383420186947174, -4.018605665512286, -0.1387639448064908
2359, -0.018330812454223633, -0.11516141891479492, 0.9987468719482422, 0.02835845947265625, -0.871231198310852, -0.01838231086730957, 0.5065550994873047, -1.8118210820237322, -5.3834345966782315, -4.0186140112564, -0.13876381928245607
2360, -0.01834559440612793, -0.1150064468383789, 0.9983716011047363, 0.02836751937866211, -0.8712040185928345, -0.01838231086730957, 0.5065398406982422, -1.8118646292777831, -5.383464567970018, -4.0186309785227845, -0.1387584578180565
2361, -0.01834559440612793, -0.11489582061767578, 0.9980039596557617, 0.02837657928466797, -0.8712130784988403, -0.01839160919189453, 0.5064025115966797, -1.8119010319935531, -5.383463930270376, -4.018636750370778, -0.13877026098274836
2362, -0.018330812454223633, -0.1148221492767334, 0.9977881908416748, 0.02836751937866211, -0.8712586164474487, -0.01839160919189453, 0.5060741806030273, -1.8119124198178178, -5.383443331931676, -4.018635703825342, -0.1387752128175581
2363, -0.018330812454223633, -0.11476302146911621, 0.9976844787597656, 0.02837657928466797, -0.8714231252670288, -0.018355131149291992, 0.5053490447998047, -1.8119065433924104, -5.383417058888265, -4.018624268437337, -0.1387838380638966
2364, -0.018323183059692383, -0.11473345756530762, 0.9975244998931885, 0.02836751937866211, -0.8716331720352173, -0.01836419105529785, 0.5040590667724609, -1.8119059879546893, -5.383401947486077, -4.018614420139814, -0.13878467219042
2365, -0.018315792083740234, -0.1147925853729248, 0.9975326061248779, 0.02837657928466797, -0.8717700242996216, -0.01834583282470703, 0.5032804107666016, -1.811934839471122, -5.383426116261527, -4.018619975668269, -0.13879517873855196
2366, -0.018360137939453125, -0.11477779597043991, 0.9973249435424805, 0.02839493751525879, -0.8717609643936157, -0.01839160919189453, 0.5024713134765625, -1.8119981375382603, -5.38343940453856, -4.018623101509686, -0.13880262795198028
2367, -0.01834559440612793, -0.11473345756530762, 0.9971091747283936, 0.02840399742126465, -0.871733546257019, -0.01837325096130371, 0.5019369888305664, -1.812036971677372, -5.383418883280747, -4.018621182479003, -0.13881566327587258
2368, -0.01834559440612793, -0.11470413208007812, 0.9969973564147949, 0.02837657928466797, -0.8717974424362183, -0.01836419105529785, 0.5015858459472656, -1.81204284556784, -5.38339873923309, -4.018619387783125, -0.13881121686626674
2369, -0.018308639526367188, -0.11458587646484375, 0.9966456890106201, 0.02837657928466797, -0.8718703985214233, -0.01838231086730957, 0.500853042602539, -1.8120420211175647, -5.383376180308132, -4.018615867680706, -0.1388240440750108
2370, -0.01830124855041504, -0.11446070671081543, 0.9963181018829346, 0.028385639190673828, -0.8721624612808228, -0.018355131149291992, 0.49954776763916015, -1.8120550538050033, -5.3833873400536, -4.018623227626421, -0.1388252564360588
2371, -0.018286466598510742, -0.11448287963867188, 0.9962542057037354, 0.028385639190673828, -0.8722904920578003, -0.018336772918701172, 0.4991050338745117, -1.8120684801173128, -5.383395669726214, -4.018629986427938, -0.1388288175216026
2372, -0.018286466598510742, -0.11451958864927292, 0.9961504936218262, 0.02836751937866211, -0.8724182844161987, -0.01838231086730957, 0.49831878662109375, -1.812100996146057, -5.383417750451271, -4.018635843769828, -0.13883797131812958
2373, -0.018264293670654297, -0.11449027061462402, 0.9957590103149414, 0.028385639190673828, -0.8723269701004028, -0.018355131149291992, 0.49760128021240235, -1.8121482361447767, -5.383401391375865, -4.018624098647851, -0.1388500849890093
2374, -0.018220186233520508, -0.11434268951416016, 0.9953994750976562, 0.02837657928466797, -0.8723269701004028, -0.01836419105529785, 0.49720436096191406, -1.8121601973465662, -5.383369477604682, -4.018611531717565, -0.1388741851370643
2375, -0.018190622329711914, -0.11421728134155273, 0.9951038360595703, 0.028385639190673828, -0.8723453283309937, -0.018355131149291992, 0.49702880859375, -1.812149048317032, -5.38336786942728, -4.018603648452924, -0.1389010304503735
2376, -0.018146276473999023, -0.11400341242551804, 0.9947123527526855, 0.02842235565185547, -0.8723634481430054, -0.01836419105529785, 0.49688373565673827, -1.8121380953614903, -5.383378451445994, -4.018606660592877, -0.13891456459721407
2377, -0.018138885498046875, -0.1139371395111084, 0.9945363998413086, 0.028385639190673828, -0.8723999261856079, -0.01837325096130371, 0.49679218292236327, -1.812134552958541, -5.383390905702167, -4.018614115523351, -0.13891470497685354
2378, -0.01812434196472168, -0.11381149291992188, 0.9942488670349121, 0.02839493751525879, -0.8724457025527954, -0.01836419105529785, 0.49670059204101563, -1.812125065062397, -5.383400621278665, -4.018614966885169, -0.13893342388483632
2379, -0.018109560012817383, -0.11378955841064453, 0.9941129684448242, 0.028385639190673828, -0.8724182844161987, -0.018355131149291992, 0.49668533325195313, -1.8121036433026396, -5.383401281785956, -4.018607601459, -0.13894495780968708
2380, -0.01807999610900879, -0.11378955841064453, 0.993969202041626, 0.02840399742126465, -0.8724182844161987, -0.01837325096130371, 0.4965402603149414, -1.8120638704277496, -5.383392072449781, -4.0185842111208085, -0.13895290751652656
2381, -0.018057823181152344, -0.11377477645874023, 0.9937934875488281, 0.02839493751525879, -0.872390866279602, -0.01834583282470703, 0.49631126403808595, -1.812025874003293, -5.383394982563377, -4.0185677711125845, -0.1389745614790634
2382, -0.018057823181152344, -0.11378215998411179, 0.9937534332275391, 0.02842235565185547, -0.8723543882369995, -0.018355131149291992, 0.4962348937988281, -1.8120201391119575, -5.383399299805332, -4.018564385433043, -0.13897625780827916
2383, -0.018050670623779297, -0.11377477645874023, 0.9935617446899414, 0.028413057327270508, -0.8724731206893921, -0.01839160919189453, 0.49553264617919923, -1.8119990313520247, -5.3834148370868595, -4.018547951543322, -0.13900241763435428
2384, -0.018057823181152344, -0.11377477645874023, 0.9934577941894531, 0.02842235565185547, -0.8724731206893921, -0.01834583282470703, 0.4951586151123047, -1.8119907556257542, -5.383402294109181, -4.018540422032795, -0.13900742233001395
2385, -0.0180208683013916, -0.11379694938659668, 0.9933860301971436, 0.02842235565185547, -0.8727928400039673, -0.01836419105529785, 0.4939449310302734, -1.811962014549316, -5.383374387903299, -4.01852123360797, -0.13903049018245994
2386, -0.017991304397583008, -0.11389278620481491, 0.993354082107544, 0.02842235565185547, -0.8729203939437866, -0.018355131149291992, 0.4932350540161133, -1.8119475746615992, -5.383362795353224, -4.018514076198719, -0.13904461235663668
2387, -0.017976760864257812, -0.11395907402038574, 0.993314266204834, 0.02842235565185547, -0.87297523021698, -0.018355131149291992, 0.4924488067626953, -1.811946864893276, -5.383361573061296, -4.018505059579958, -0.13905954383758612
2388, -0.017998933792114258, -0.11395907402038574, 0.9930903911590576, 0.028431415557861328, -0.8730207681655884, -0.018355131149291992, 0.4916397476196289, -1.8119718428871914, -5.383370711946848, -4.018504808057615, -0.1390665256081567
2389, -0.018006324768066406, -0.1139371395111084, 0.9928908348083496, 0.02842235565185547, -0.8730391263961792, -0.018355131149291992, 0.49104427337646483, -1.8119956378897444, -5.383376977904243, -4.018508202535449, -0.13905963133023658
2390, -0.01798391342163086, -0.11388540267944336, 0.9926271438598633, 0.028413057327270508, -0.8732947111129761, -0.018336772918701172, 0.4896398162841797, -1.812012304959358, -5.383364877035834, -4.0185151584084355, -0.13906899323448307
2391, -0.01794719696044922, -0.11386322230100632, 0.9924113750457764, 0.028413057327270508, -0.8734411001205444, -0.018355131149291992, 0.48857109069824217, -1.8120108961242756, -5.383347526009616, -4.018516904213917, -0.1390883050681726
2392, -0.017917633056640625, -0.1139516830444336, 0.9922513961791992, 0.028431415557861328, -0.8734411001205444, -0.018318653106689453, 0.4878688430786133, -1.8120047758725588, -5.383338203486162, -4.018517523964057, -0.1391017202938194
2393, -0.017917633056640625, -0.11407708376646042, 0.9921555519104004, 0.02842235565185547, -0.8734866380691528, -0.018318653106689453, 0.4871055603027344, -1.8120010411572127, -5.383330210321459, -4.018518192254474, -0.13909509358811434
2394, -0.017961978912353516, -0.11401820182800293, 0.9918122291564941, 0.02844977378845215, -0.8734046220779419, -0.01834583282470703, 0.4865177917480469, -1.8120177154385293, -5.383329888940603, -4.018517212525165, -0.1390811052022327
2395, -0.01798391342163086, -0.113922119140625, 0.9914765357971191, 0.02844977378845215, -0.8734592199325562, -0.018336772918701172, 0.4858307647705078, -1.812031361813214, -5.383333709182264, -4.018520437195582, -0.13907812217606796
2396, -0.017954587936401367, -0.11391472071409225, 0.9912927150726318, 0.02844977378845215, -0.8733953237533569, -0.018355131149291992, 0.48564754486083983, -1.8120307578214372, -5.383326769709385, -4.018522417960346, -0.13906264897014964
2397, -0.017932415008544922, -0.11386322230100632, 0.9911329746246338, 0.028431415557861328, -0.8734046220779419, -0.018327713012695312, 0.48541854858398437, -1.8120171777277048, -5.383320134024266, -4.018521700352948, -0.13906314610544257
2398, -0.017917633056640625, -0.11382651329040527, 0.990781307220459, 0.028458833694458008, -0.8734592199325562, -0.018291234970092773, 0.4849530029296875, -1.8119589276806334, -5.383313970659769, -4.018509445093864, -0.13905557800912938
2399, -0.017940044403076172, -0.11380409449338913, 0.9906377792358398, 0.028467893600463867, -0.873641848564148, -0.018281936645507812, 0.48420494079589843, -1.8119307248134224, -5.383325855177151, -4.0185052926688964, -0.1390356781501616
2400, -0.01794719696044922, -0.11394453048706055, 0.9905416965484619, 0.028467893600463867, -0.8738335371017456, -0.018300294876098633, 0.4832354736328125, -1.8118922686365806, -5.38335448352969, -4.018490452914028, -0.1390462161046191
2401, -0.01794719696044922, -0.11399602890014648, 0.9905178546905518, 0.028477191925048828, -0.8739248514175415, -0.018309354782104492, 0.4826019287109375, -1.8118846838065763, -5.383357697674551, -4.018479115541965, -0.13905301290874839
2402, -0.017917633056640625, -0.11397384852170944, 0.9903180599212646, 0.028467893600463867, -0.8739615678787231, -0.018300294876098633, 0.48186153411865235, -1.8118763999935117, -5.3833478385276, -4.018463084812353, -0.13905653766523152
2403, -0.017888307571411133, -0.11398147791624069, 0.9902541637420654, 0.028458833694458008, -0.8740254640579224, -0.018300294876098633, 0.48120506286621095, -1.8118666211998526, -5.3833414466132945, -4.018450832397061, -0.1390701015431226
2404, -0.017873287200927734, -0.11397384852170944, 0.990046501159668, 0.028467893600463867, -0.8741897344589233, -0.018318653106689453, 0.48007530212402344, -1.8118541960882033, -5.383341875174356, -4.018440681445889, -0.13907469001267003
2405, -0.01785135269165039, -0.11397384852170944, 0.989750862121582, 0.028486251831054688, -0.874381422996521, -0.018300294876098633, 0.47862499237060546, -1.811864937714831, -5.383357933202148, -4.018448239249394, -0.13907513596911958
2406, -0.017836570739746094, -0.11401820182800293, 0.9896788597106934, 0.028477191925048828, -0.8744269609451294, -0.018300294876098633, 0.4781364059448242, -1.811870469982889, -5.383374652548905, -4.018450510116895, -0.1390711801213742
2407, -0.01781439781188965, -0.1141214370727539, 0.9895191192626953, 0.028477191925048828, -0.8744910955429077, -0.018300294876098633, 0.47704486846923827, -1.8118869267962738, -5.3833795663222315, -4.0184522333285555, -0.13907219095609946
2408, -0.017792463302612305, -0.11409926414489746, 0.9891834259033203, 0.028477191925048828, -0.8743449449539185, -0.018309354782104492, 0.4766250991821289, -1.8118948694321655, -5.383366895715063, -4.018447140543609, -0.13907210176480334
2409, -0.01779961585998535, -0.11400341242551804, 0.9886002540588379, 0.028477191925048828, -0.8742626905441284, -0.018327713012695312, 0.47593807220458983, -1.8118865788209142, -5.383350346583541, -4.018437167360592, -0.13905954044021307
2410, -0.017785072326660156, -0.11384105682373047, 0.9881608486175537, 0.028486251831054688, -0.8743723630905151, -0.018309354782104492, 0.4751136779785156, -1.8118708071630911, -5.383355549247676, -4.018443956479513, -0.13904075058704102
2411, -0.017755508422851562, -0.11381912231445312, 0.9879052639007568, 0.028486251831054688, -0.8745549917221069, -0.018309354782104492, 0.47409088134765626, -1.8118652212614728, -5.38337492338617, -4.018451027498305, -0.1390462161046191
2412, -0.017740726470947266, -0.11387801170349121, 0.9878253936767578, 0.02849555015563965, -0.8746644258499146, -0.018300294876098633, 0.4733809280395508, -1.8118458326783289, -5.383379797807726, -4.0184469858345455, -0.13904617979008993
2413, -0.017733335494995117, -0.11398147791624069, 0.9877934455871582, 0.02849555015563965, -0.8747009038925171, -0.018300294876098633, 0.4727473831176758, -1.8118266288044234, -5.383380011107316, -4.018443570006104, -0.1390480230785558
2414, -0.017748117446899414, -0.1141657829284668, 0.9878013134002686, 0.028504610061645508, -0.8746370077133179, -0.018327713012695312, 0.4721061706542969, -1.8118124042474812, -5.383367593699681, -4.018424182921748, -0.13904349576734543
2415, -0.017770051956176758, -0.11423206329345703, 0.9877374172210693, 0.028504610061645508, -0.874627947807312, -0.01834583282470703, 0.47155658721923827, -1.8118004376406556, -5.38336186211637, -4.01840385001716, -0.1390313589512937
2416, -0.01776266098022461, -0.11423945426940918, 0.9875059127807617, 0.02849555015563965, -0.8746463060379028, -0.018336772918701172, 0.47039634704589844, -1.8117899571762763, -5.38335881108388, -4.018395258168415, -0.13904263188717358
2417, -0.017740726470947266, -0.11426162719726562, 0.9873380661010742, 0.02849555015563965, -0.8747831583023071, -0.018309354782104492, 0.46907581329345704, -1.8117965012787258, -5.383367476997984, -4.018395341833664, -0.13903532966504972
2418, -0.017688989639282227, -0.1143500804901123, 0.9871222972869873, 0.028504610061645508, -0.8747466802597046, -0.018309354782104492, 0.468175048828125, -1.811796266785811, -5.383385701338308, -4.018392543800639, -0.13903437828994392
2419, -0.017688989639282227, -0.11438703536987305, 0.9870662689208984, 0.028522729873657227, -0.8747924566268921, -0.01834583282470703, 0.4678086471557617, -1.8117929641257997, -5.383390794719558, -4.018392709576496, -0.13903097245510398
2420, -0.017711162567138672, -0.11443853378295898, 0.9868984222412109, 0.028513669967651367, -0.8743723630905151, -0.018309354782104492, 0.4674040603637695, -1.8117802416021145, -5.383385880525269, -4.018381970440514, -0.13902130496462117
2421, -0.017718791961669922, -0.11442351341247559, 0.9865069389343262, 0.028513669967651367, -0.8745185136795044, -0.018336772918701172, 0.46654151916503905, -1.8117712114744209, -5.383371573028616, -4.018367049359065, -0.13902222660965347
2422, -0.01772594451904297, -0.11441635340452194, 0.9862353801727295, 0.028532028198242188, -0.8742810487747192, -0.018336772918701172, 0.4662820053100586, -1.811768089789227, -5.383372545477757, -4.018364788144057, -0.1390080747085074
2423, -0.01768183708190918, -0.11437225341796875, 0.9859957695007324, 0.028504610061645508, -0.8743904829025269, -0.018327713012695312, 0.4656560516357422, -1.8117667327448053, -5.3833766230050895, -4.0183676551791505, -0.1390057920465262
2424, -0.017652034759521484, -0.11434268951416016, 0.9857401847839355, 0.028513669967651367, -0.8743723630905151, -0.018318653106689453, 0.46535076141357423, -1.8117605895999243, -5.383385184015846, -4.018367662253665, -0.13900020760662457
2425, -0.017659664154052734, -0.11431288719177246, 0.9855163097381592, 0.028532028198242188, -0.8743995428085327, -0.018318653106689453, 0.4649079895019531, -1.8117454485287134, -5.383387373523139, -4.018364482329297, -0.1389973451994635
2426, -0.01767444610595703, -0.11429833620786667, 0.9853405952453613, 0.028513669967651367, -0.8745640516281128, -0.018300294876098633, 0.46392333984375, -1.811702686885374, -5.383389044706311, -4.018354681438196, -0.1389820338085439
2427, -0.01767444610595703, -0.11441635340452194, 0.9851727485656738, 0.028541088104248047, -0.8747557401657104, -0.018327713012695312, 0.4625569534301758, -1.8116268296507627, -5.383389130280818, -4.018329311915986, -0.13896348837736028
2428, -0.01767444610595703, -0.11454916000366211, 0.9851808547973633, 0.028532028198242188, -0.8746827840805054, -0.018318653106689453, 0.46208370208740235, -1.8116091398097127, -5.38339326538706, -4.01832304577153, -0.1389412678497246
2429, -0.017659664154052734, -0.11463021486997604, 0.9851408004760742, 0.028522729873657227, -0.8746463060379028, -0.018327713012695312, 0.4615035629272461, -1.8116001416661691, -5.383390857017645, -4.018312335963073, -0.13893463624775926
2430, -0.017667055130004883, -0.11468195915222168, 0.9850609302520752, 0.028522729873657227, -0.8745824098587036, -0.018327713012695312, 0.4610456085205078, -1.8115887359981167, -5.383393069615704, -4.018301822735158, -0.13892093030774078
2431, -0.017667055130004883, -0.11471152305603027, 0.9849011898040771, 0.028532028198242188, -0.8745824098587036, -0.018318653106689453, 0.46052654266357423, -1.8115699611098766, -5.383394115114981, -4.018287455319731, -0.13891573068232876
2432, -0.017667055130004883, -0.11470413208007812, 0.9846134185791016, 0.028532028198242188, -0.8747373819351196, -0.018318653106689453, 0.45928226470947264, -1.8115225912138313, -5.383395523275023, -4.018264063183977, -0.13891891521914523
2433, -0.017659664154052734, -0.11471152305603027, 0.9844458103179932, 0.028541088104248047, -0.8747740983963013, -0.018309354782104492, 0.4586258697509766, -1.8114933752572022, -5.383398051837506, -4.018254605555136, -0.13891885575795904
2434, -0.017622709274291992, -0.11480712890625, 0.9843499660491943, 0.028550148010253906, -0.8747924566268921, -0.018309354782104492, 0.45794647216796874, -1.8114592954437618, -5.383402425408526, -4.018242093894038, -0.13892277696893895
2435, -0.017622709274291992, -0.11489582061767578, 0.9843180179595947, 0.028532028198242188, -0.8747466802597046, -0.01834583282470703, 0.45746559143066406, -1.8114435877139847, -5.3834077967918095, -4.018234236994047, -0.13891275103070644
2436, -0.017644882202148438, -0.11498427391052246, 0.984166145324707, 0.028522729873657227, -0.8747192621231079, -0.018327713012695312, 0.4568854522705078, -1.8114329232409188, -5.383403823324137, -4.018228385280869, -0.1388950892411538
2437, -0.017659664154052734, -0.11499904841184616, 0.9840223789215088, 0.028532028198242188, -0.8746463060379028, -0.018355131149291992, 0.45655719757080077, -1.8114078931323165, -5.383400636649084, -4.018213200303328, -0.13887939962326445
2438, -0.017652034759521484, -0.11501383781433105, 0.9837746620178223, 0.028541088104248047, -0.8743265867233276, -0.018336772918701172, 0.45643508911132813, -1.811377305553404, -5.383394004051555, -4.018197089808695, -0.1388735310630249
2439, -0.017644882202148438, -0.11499166488647461, 0.983630895614624, 0.028532028198242188, -0.8744088411331177, -0.018318653106689453, 0.4562366485595703, -1.8113427658744778, -5.3833889811899995, -4.0181837824404045, -0.13885420435957485
2440, -0.01763010025024414, -0.11497664451599121, 0.9833831787109375, 0.028541088104248047, -0.8743449449539185, -0.01834583282470703, 0.45616031646728517, -1.81129020687216, -5.383379813519049, -4.018161802026159, -0.138848173956986
2441, -0.01763749122619629, -0.11494731903076172, 0.9832074642181396, 0.028541088104248047, -0.8743358850479126, -0.018336772918701172, 0.45611454010009767, -1.811252391350418, -5.38337777547969, -4.01815239713297, -0.13883785239542235
2442, -0.01767444610595703, -0.11494731903076172, 0.9830875396728516, 0.028550148010253906, -0.8743540048599243, -0.018309354782104492, 0.4560763168334961, -1.811206655471663, -5.383374058362852, -4.018151298612604, -0.13880560929014152
2443, -0.017696380615234375, -0.11494731903076172, 0.9830155372619629, 0.028541088104248047, -0.8743630647659302, -0.01836419105529785, 0.45606868743896484, -1.8111635078590318, -5.383375546763315, -4.018141911544424, -0.13877893576088862
2444, -0.017688989639282227, -0.11495471000671387, 0.9829437732696533, 0.028541088104248047, -0.8743904829025269, -0.018318653106689453, 0.4560763168334961, -1.8110896398360568, -5.383379333450362, -4.018128679626592, -0.13875951986143154
2445, -0.017688989639282227, -0.11496948450803757, 0.982935905456543, 0.028532028198242188, -0.8743904829025269, -0.018336772918701172, 0.4560763168334961, -1.8110288617964896, -5.383380602988024, -4.01811165012026, -0.13876533555108583
2446, -0.017703771591186523, -0.11501383781433105, 0.9829277992248535, 0.028550148010253906, -0.8743995428085327, -0.018336772918701172, 0.4560763168334961, -1.8109320677676128, -5.383387576594476, -4.018088311578014, -0.13874249894981983
2447, -0.017718791961669922, -0.1150209829211235, 0.9829277992248535, 0.028541088104248047, -0.8743995428085327, -0.01834583282470703, 0.4560305404663086, -1.8108784142087793, -5.383390173886699, -4.018075012389793, -0.13873258701489455
2448, -0.017733335494995117, -0.11504340171813965, 0.982935905456543, 0.028541088104248047, -0.8744269609451294, -0.018327713012695312, 0.4560305404663086, -1.8108222939164484, -5.383395574821593, -4.018063505191679, -0.13872859316683606
2449, -0.017748117446899414, -0.1150357723236084, 0.9829437732696533, 0.028541088104248047, -0.8743995428085327, -0.018336772918701172, 0.4560457992553711, -1.8107503794183766, -5.383388166376747, -4.018050197399006, -0.13870367375083248
2450, -0.017748117446899414, -0.11505794525146484, 0.9829516410827637, 0.028532028198242188, -0.8744362592697144, -0.01834583282470703, 0.45603816986083984, -1.8106923399645738, -5.383391675096755, -4.018045007179255, -0.13869139655842666
2451, -0.017748117446899414, -0.11504340171813965, 0.9829516410827637, 0.028568506240844727, -0.8744269609451294, -0.018336772918701172, 0.4560305404663086, -1.8106059157957162, -5.383398792664836, -4.018034010236225, -0.13869457941221874
2452, -0.017740726470947266, -0.11506533622741699, 0.9829516410827637, 0.028559446334838867, -0.8744362592697144, -0.018327713012695312, 0.4560457992553711, -1.8105461696890592, -5.383397807467495, -4.018024104938767, -0.13868953012133733
2453, -0.017748117446899414, -0.11506533622741699, 0.9829516410827637, 0.028550148010253906, -0.8744362592697144, -0.018336772918701172, 0.4560000228881836, -1.8104781784967539, -5.3834053971720675, -4.0180174707835645, -0.13868816084856572
2454, -0.017740726470947266, -0.11508011072874069, 0.9829516410827637, 0.028541088104248047, -0.8744362592697144, -0.018327713012695312, 0.4559770965576172, -1.8104207026484562, -5.383410650298189, -4.018007586870497, -0.13869842294915813
2455, -0.017740726470947266, -0.11507271975278854, 0.9829437732696533, 0.028541088104248047, -0.8744727373123169, -0.018355131149291992, 0.4560000228881836, -1.8103947427157197, -5.383416625753387, -4.01800905005831, -0.13871563050806035
2456, -0.017718791961669922, -0.11505794525146484, 0.982935905456543, 0.028559446334838867, -0.8744543790817261, -0.018327713012695312, 0.4559465789794922, -1.8103218775903092, -5.383426603879213, -4.017991370996356, -0.13873282320156122
2457, -0.017696380615234375, -0.11506533622741699, 0.982935905456543, 0.028559446334838867, -0.8744543790817261, -0.018336772918701172, 0.45589317321777345, -1.810262080196765, -5.383435387699952, -4.017976908865903, -0.1387397091981981
2458, -0.017688989639282227, -0.11508727073669434, 0.9829277992248535, 0.028568506240844727, -0.8744543790817261, -0.01834583282470703, 0.45587791442871095, -1.8102181055684503, -5.383438371142222, -4.017966689479154, -0.13874063251295787
2459, -0.017711162567138672, -0.11508727073669434, 0.982935905456543, 0.028559446334838867, -0.8744362592697144, -0.018355131149291992, 0.4558244323730469, -1.8101687450925283, -5.383447629460619, -4.017963050920756, -0.1387253574544145
2460, -0.017711162567138672, -0.11508727073669434, 0.9829196929931641, 0.028550148010253906, -0.8744362592697144, -0.018318653106689453, 0.4557786560058594, -1.8101203152096543, -5.38345919705377, -4.017956018616356, -0.1386977688710367
2461, -0.017711162567138672, -0.11510967463254929, 0.9829196929931641, 0.028550148010253906, -0.8744543790817261, -0.018336772918701172, 0.45574806213378904, -1.810084990188751, -5.3834650855519355, -4.017948398346626, -0.13868258466252747
2462, -0.017711162567138672, -0.11510967463254929, 0.9829118251800537, 0.028559446334838867, -0.8744269609451294, -0.018336772918701172, 0.4557099151611328, -1.8100257418459083, -5.383479266033453, -4.017940600915799, -0.1386385995083348
2463, -0.017718791961669922, -0.11510967463254929, 0.9829118251800537, 0.028550148010253906, -0.8744453191757202, -0.01834583282470703, 0.4557251739501953, -1.8099614196076705, -5.383499907190553, -4.017930491059177, -0.138617294045976
2464, -0.017740726470947266, -0.11511707305908203, 0.9829196929931641, 0.028559446334838867, -0.8744453191757202, -0.01834583282470703, 0.4556946563720703, -1.8099190048627758, -5.383507641999266, -4.017922324702856, -0.13858226779978455
2465, -0.017748117446899414, -0.11512446403503418, 0.9829118251800537, 0.028532028198242188, -0.8744543790817261, -0.018336772918701172, 0.4556793975830078, -1.8098678577307088, -5.383522304508, -4.017917019880503, -0.13855507397214062
2466, -0.01776266098022461, -0.11512446403503418, 0.9829196929931641, 0.028550148010253906, -0.8744179010391235, -0.01836419105529785, 0.45571754455566404, -1.8098153429562363, -5.383531354219203, -4.017909663020191, -0.13855053836038422
2467, -0.017755508422851562, -0.11513900756835938, 0.9829196929931641, 0.028568506240844727, -0.8744727373123169, -0.018318653106689453, 0.45571754455566404, -1.8097908810715198, -5.383533544933918, -4.017903262190198, -0.13854241852745464
2468, -0.017748117446899414, -0.11512446403503418, 0.9829277992248535, 0.028568506240844727, -0.8744727373123169, -0.01834583282470703, 0.4557099151611328, -1.8097563752454677, -5.383544101433466, -4.017897226360836, -0.13856219945590453
2469, -0.017718791961669922, -0.11512446403503418, 0.9829277992248535, 0.028559446334838867, -0.8744817972183228, -0.01834583282470703, 0.45571754455566404, -1.8096845554830214, -5.383552172723949, -4.017886754528105, -0.13857496721085916
2470, -0.017711162567138672, -0.11513900756835938, 0.9829196929931641, 0.028559446334838867, -0.874463677406311, -0.018355131149291992, 0.4557251739501953, -1.8096394173195707, -5.3835616216162, -4.017877093755422, -0.13858143697496583
2471, -0.017688989639282227, -0.11512446403503418, 0.9829196929931641, 0.028559446334838867, -0.8744817972183228, -0.01834583282470703, 0.45570228576660154, -1.809598778557824, -5.383572981773983, -4.01787234792605, -0.13861765907255919
2472, -0.017652034759521484, -0.11512446403503418, 0.9829196929931641, 0.028568506240844727, -0.874463677406311, -0.018355131149291992, 0.4556946563720703, -1.80956101510183, -5.383575700581322, -4.017873803491338, -0.13864169316912722
2473, -0.01763749122619629, -0.11512446403503418, 0.9829277992248535, 0.028559446334838867, -0.8744543790817261, -0.018355131149291992, 0.4556641387939453, -1.8095299288327418, -5.383578445920651, -4.017870202620912, -0.13864956854310684
2474, -0.01763010025024414, -0.11512446403503418, 0.9829277992248535, 0.028568506240844727, -0.8744817972183228, -0.01834583282470703, 0.4556412124633789, -1.8095011278489153, -5.383586760682388, -4.01786786788722, -0.1386600453684066
2475, -0.017615318298339844, -0.11512446403503418, 0.9829277992248535, 0.028577566146850586, -0.8744817972183228, -0.01837325096130371, 0.4556106948852539, -1.8094627191441774, -5.383586510533344, -4.017863562133479, -0.13866935608238773
2476, -0.017608165740966797, -0.11512446403503418, 0.9829196929931641, 0.028559446334838867, -0.874463677406311, -0.018355131149291992, 0.45558780670166016, -1.8094277333476254, -5.3835910320965095, -4.017858992711571, -0.1386713794328065
2477, -0.017622709274291992, -0.11513900756835938, 0.9829277992248535, 0.028559446334838867, -0.8744453191757202, -0.018355131149291992, 0.45557254791259766, -1.8093824363989235, -5.383602803095719, -4.017854421500541, -0.13867441197977826
2478, -0.01763749122619629, -0.11512446403503418, 0.9829277992248535, 0.028568506240844727, -0.8744727373123169, -0.018336772918701172, 0.4555496597290039, -1.8093508559090379, -5.3836016610405135, -4.017851347324923, -0.13866373364660411
2479, -0.017644882202148438, -0.11510967463254929, 0.9829118251800537, 0.028559446334838867, -0.8744727373123169, -0.01834583282470703, 0.4555343246459961, -1.8093192351428937, -5.383597112398298, -4.017851561158496, -0.13863247164876036
2480, -0.017667055130004883, -0.11510967463254929, 0.9829196929931641, 0.028550148010253906, -0.8744910955429077, -0.01836419105529785, 0.45552669525146483, -1.8092879047817412, -5.383603635073642, -4.017847762637778, -0.13861015533606658
2481, -0.017688989639282227, -0.11512446403503418, 0.9829277992248535, 0.028559446334838867, -0.8744910955429077, -0.018336772918701172, 0.45552669525146483, -1.8092565187937943, -5.383602391993874, -4.017847056474951, -0.13859789961908486
2482, -0.01772594451904297, -0.11510967463254929, 0.982935905456543, 0.028577566146850586, -0.8744817972183228, -0.018355131149291992, 0.4555343246459961, -1.80922008825059, -5.383597908175723, -4.017843671173425, -0.13857088253610428
2483, -0.017748117446899414, -0.11510229110717773, 0.982935905456543, 0.028550148010253906, -0.8744910955429077, -0.01834583282470703, 0.4555190658569336, -1.8091679988394769, -5.383604375469132, -4.017837229573478, -0.13853483883048412
2484, -0.017755508422851562, -0.11511707305908203, 0.982935905456543, 0.028541088104248047, -0.8745001554489136, -0.01834583282470703, 0.45552669525146483, -1.8091472827798936, -5.383607762585603, -4.017838404136299, -0.13851109543239026
2485, -0.01776266098022461, -0.11512446403503418, 0.9829277992248535, 0.028568506240844727, -0.8744910955429077, -0.018355131149291992, 0.4554885482788086, -1.8091275477571973, -5.383611711382264, -4.017839415147898, -0.13851345243194846
2486, -0.017770051956176758, -0.11511707305908203, 0.982935905456543, 0.028550148010253906, -0.8744910955429077, -0.01836419105529785, 0.45549617767333983, -1.8091081975002323, -5.383611824738162, -4.017834547201599, -0.1384990181078818
2487, -0.017770051956176758, -0.11511707305908203, 0.9829437732696533, 0.028577566146850586, -0.8745094537734985, -0.01834583282470703, 0.4554732894897461, -1.809079311206095, -5.3836187210528115, -4.017830799595235, -0.13849587985285972
2488, -0.017770051956176758, -0.11512446403503418, 0.9829196929931641, 0.028577566146850586, -0.8745094537734985, -0.01834583282470703, 0.45548091888427733, -1.8090572653658508, -5.383625968016598, -4.017829212664445, -0.13851268604165945
2489, -0.017770051956176758, -0.11513900756835938, 0.9829277992248535, 0.028559446334838867, -0.8745185136795044, -0.018355131149291992, 0.4554580307006836, -1.8090282646819298, -5.383635277928578, -4.017826759531985, -0.13850396995530811
2490, -0.017755508422851562, -0.11512446403503418, 0.9829196929931641, 0.028568506240844727, -0.8745366334915161, -0.018336772918701172, 0.45543514251708983, -1.8090036566828989, -5.383637738656502, -4.017821680136295, -0.13851283469672282
2491, -0.017748117446899414, -0.11511707305908203, 0.9829277992248535, 0.028559446334838867, -0.8745185136795044, -0.01834583282470703, 0.4554198455810547, -1.8089895996881336, -5.383641572145384, -4.017820507885188, -0.13850379981809624
2492, -0.017740726470947266, -0.11510229110717773, 0.9829196929931641, 0.028559446334838867, -0.8745094537734985, -0.01834583282470703, 0.45542747497558594, -1.80897037545742, -5.383652370850894, -4.017816254452139, -0.1384992047426774
2493, -0.017740726470947266, -0.11510967463254929, 0.9829196929931641, 0.028559446334838867, -0.8745185136795044, -0.018336772918701172, 0.45541221618652344, -1.8089568839417294, -5.383655949883838, -4.017816771686991, -0.138489061566883
2494, -0.01772594451904297, -0.11510229110717773, 0.9829196929931641, 0.028559446334838867, -0.8745275735855103, -0.018355131149291992, 0.45543514251708983, -1.808927724401955, -5.383668048907942, -4.017813297579123, -0.13849074961858676
2495, -0.01772594451904297, -0.11512446403503418, 0.9829196929931641, 0.028559446334838867, -0.8745549917221069, -0.01836419105529785, 0.4554198455810547, -1.808907005437859, -5.383675624918036, -4.017811341165003, -0.1384807253670921
2496, -0.017733335494995117, -0.11511707305908203, 0.9829196929931641, 0.028577566146850586, -0.8745275735855103, -0.01834583282470703, 0.45542747497558594, -1.808888762013638, -5.38368231760609, -4.017810323827754, -0.13849415545303856
2497, -0.01772594451904297, -0.11511707305908203, 0.9829277992248535, 0.028568506240844727, -0.8745549917221069, -0.018336772918701172, 0.45542747497558594, -1.8088691724739083, -5.383685768909452, -4.017806994129244, -0.1384920511668346
2498, -0.017718791961669922, -0.11512446403503418, 0.982935905456543, 0.028568506240844727, -0.8745549917221069, -0.018327713012695312, 0.45543514251708983, -1.8088493452538659, -5.3836906019432424, -4.017801813470863, -0.13847688843246786
2499, -0.017718791961669922, -0.11511707305908203, 0.9829277992248535, 0.028568506240844727, -0.8745731115341187, -0.01834583282470703, 0.45542747497558594, -1.8088267652210468, -5.383694326753415, -4.017794868814453, -0.13847095382979635
2500, -0.017718791961669922, -0.11511707305908203, 0.982935905456543, 0.028577566146850586, -0.8745640516281128, -0.01834583282470703, 0.45543514251708983, -1.8088120235864864, -5.3836901954108445, -4.017796480541417, -0.13845601407940222
2501, -0.017711162567138672, -0.11513160914182663, 0.982935905456543, 0.028568506240844727, -0.8745914697647095, -0.018355131149291992, 0.45541221618652344, -1.8087989588161493, -5.383691711338646, -4.01779326161968, -0.1384451507383826
2502, -0.017718791961669922, -0.11510229110717773, 0.9829277992248535, 0.028559446334838867, -0.8745731115341187, -0.018327713012695312, 0.4553893280029297, -1.80878190997861, -5.383694621466363, -4.017795279351628, -0.13846921456290673
2503, -0.017718791961669922, -0.11510967463254929, 0.9829277992248535, 0.028568506240844727, -0.8745731115341187, -0.01837325096130371, 0.45536643981933594, -1.8087620319723388, -5.383691751643034, -4.017794016909192, -0.13846089984775833
2504, -0.017711162567138672, -0.11511707305908203, 0.9829196929931641, 0.028568506240844727, -0.8745824098587036, -0.018355131149291992, 0.4553588104248047, -1.8087516408883342, -5.383687756468986, -4.0177924034588495, -0.13847053759500394
2505, -0.017718791961669922, -0.11510967463254929, 0.9829277992248535, 0.028577566146850586, -0.8745731115341187, -0.01837325096130371, 0.45535118103027344, -1.8087361001712843, -5.3836809951563644, -4.017789965417687, -0.13847816686760517
2506, -0.017718791961669922, -0.11510967463254929, 0.9829277992248535, 0.028559446334838867, -0.8745914697647095, -0.01836419105529785, 0.45535118103027344, -1.8087249134328, -5.383676580254831, -4.0177933070096, -0.13847710153890613
2507, -0.017711162567138672, -0.11510967463254929, 0.982935905456543, 0.028559446334838867, -0.8745731115341187, -0.018336772918701172, 0.4553282928466797, -1.8087054073775088, -5.383668112624803, -4.0177905016119215, -0.13847962368890254
2508, -0.017703771591186523, -0.11509490013122559, 0.9829277992248535, 0.028568506240844727, -0.8745640516281128, -0.018336772918701172, 0.4553282928466797, -1.8086857083037615, -5.383667605404599, -4.01779054406426, -0.13848327398918947
2509, -0.017696380615234375, -0.11510967463254929, 0.982935905456543, 0.028568506240844727, -0.8745731115341187, -0.018327713012695312, 0.45529769897460937, -1.8086706694765968, -5.383668793063392, -4.017790582796722, -0.1384872678262088
2510, -0.017718791961669922, -0.11512446403503418, 0.9829277992248535, 0.028577566146850586, -0.8745731115341187, -0.018355131149291992, 0.4553282928466797, -1.808644448317677, -5.383670045606821, -4.01778969067227, -0.13848425511346463
2511, -0.01772594451904297, -0.11510229110717773, 0.982935905456543, 0.028577566146850586, -0.8745731115341187, -0.018336772918701172, 0.4553053283691406, -1.8086320687298512, -5.383671836472429, -4.0177893855844475, -0.13848348210646577
2512, -0.01772594451904297, -0.11510967463254929, 0.9829277992248535, 0.028559446334838867, -0.8746005296707153, -0.01836419105529785, 0.45531295776367187, -1.8086179981370227, -5.383668954640949, -4.017790872417072, -0.13849256819801514
2513, -0.01772594451904297, -0.11510229110717773, 0.982935905456543, 0.028568506240844727, -0.8746098279953003, -0.01837325096130371, 0.45529769897460937, -1.808606085922775, -5.383664555331053, -4.017792724692436, -0.13850513608156323
2514, -0.017733335494995117, -0.11510229110717773, 0.982935905456543, 0.028577566146850586, -0.8745824098587036, -0.018336772918701172, 0.45529769897460937, -1.8085882471797918, -5.383660761067677, -4.0177893897037915, -0.1384947765422586
2515, -0.017733335494995117, -0.11510967463254929, 0.9829437732696533, 0.028568506240844727, -0.8746005296707153, -0.01834583282470703, 0.4552900695800781, -1.8085654745626303, -5.383655714265076, -4.017784292443774, -0.1384787367463023
2516, -0.01772594451904297, -0.11510967463254929, 0.9829277992248535, 0.028559446334838867, -0.8745914697647095, -0.018355131149291992, 0.45528244018554687, -1.808564380362819, -5.383661321146872, -4.017788032840546, -0.138495617259351
2517, -0.017740726470947266, -0.11510229110717773, 0.9829196929931641, 0.028550148010253906, -0.8745914697647095, -0.018355131149291992, 0.4552748107910156, -1.8085516789978715, -5.383658367371233, -4.017785657260691, -0.1385000867929378
2518, -0.017740726470947266, -0.11510229110717773, 0.9829277992248535, 0.028559446334838867, -0.8746188879013062, -0.018327713012695312, 0.4552748107910156, -1.8085356088233362, -5.383659680719095, -4.0177850090503675, -0.1385010745333588
2519, -0.017733335494995117, -0.11509490013122559, 0.9829277992248535, 0.028577566146850586, -0.8745824098587036, -0.01834583282470703, 0.4552442932128906, -1.8085259938962084, -5.383653645677273, -4.017789800028628, -0.13847927190504628
2520, -0.017740726470947266, -0.11509490013122559, 0.9829277992248535, 0.028568506240844727, -0.8745824098587036, -0.018318653106689453, 0.45525192260742187, -1.8085188500215665, -5.38365317458158, -4.017785437892995, -0.13847768791244253
2521, -0.017740726470947266, -0.11508727073669434, 0.9829196929931641, 0.028559446334838867, -0.8746005296707153, -0.01836419105529785, 0.455213737487793, -1.8085063101097414, -5.383659937045496, -4.017784737834765, -0.1384685555952787
2522, -0.017755508422851562, -0.11509490013122559, 0.9829277992248535, 0.028559446334838867, -0.8745914697647095, -0.018355131149291992, 0.45522140502929687, -1.8084962872045756, -5.383664871092767, -4.0177829403792416, -0.13845512551377492
2523, -0.017755508422851562, -0.11509490013122559, 0.9829277992248535, 0.028577566146850586, -0.8745640516281128, -0.01836419105529785, 0.4552290344238281, -1.8084914197132576, -5.383676976619134, -4.017782188982576, -0.13845421047033746
2524, -0.017740726470947266, -0.11510229110717773, 0.982935905456543, 0.028559446334838867, -0.8745824098587036, -0.018336772918701172, 0.455213737487793, -1.8084768863693588, -5.383678369420085, -4.0177757180092435, -0.13844103310371114
2525, -0.017740726470947266, -0.11510229110717773, 0.9829277992248535, 0.028559446334838867, -0.8746005296707153, -0.018336772918701172, 0.45523666381835937, -1.8084733772078327, -5.383677243301752, -4.017781430819851, -0.13843568650537375
2526, -0.017748117446899414, -0.11510229110717773, 0.9829437732696533, 0.028568506240844727, -0.8746005296707153, -0.01838231086730957, 0.4552290344238281, -1.8084598420411049, -5.383686485114362, -4.017778085904177, -0.1384365503310221
2527, -0.017748117446899414, -0.11510229110717773, 0.982935905456543, 0.028559446334838867, -0.874627947807312, -0.018336772918701172, 0.45522140502929687, -1.8084493626777294, -5.383692623704446, -4.017778441098726, -0.13843562866737535
2528, -0.017740726470947266, -0.11509490013122559, 0.9829277992248535, 0.028568506240844727, -0.8746188879013062, -0.01836419105529785, 0.4552290344238281, -1.80843390971847, -5.383703290291494, -4.017776139153031, -0.13841867382749395
2529, -0.017748117446899414, -0.11508011072874069, 0.9831595420837402, 0.028577566146850586, -0.8763262033462524, -0.018227100372314453, 0.4509162139892578, -1.808420522092443, -5.383714438676464, -4.017774123456623, -0.1384095348904193
2530, -0.017785072326660156, -0.1150507926940918, 0.9832954406738281, 0.028568506240844727, -0.8796042203903198, -0.018309354782104492, 0.44687824249267577, -1.808414737367971, -5.383717397596143, -4.0177720210288825, -0.13841630196086463
2531, -0.017792463302612305, -0.11536026000976562, 0.9835269451141357, 0.028586626052856445, -0.8818777799606323, -0.018281936645507812, 0.4427944564819336, -1.8084378020572252, -5.383710969430014, -4.017774838702323, -0.13840463425794525
2532, -0.017792463302612305, -0.11575865745544434, 0.98392653465271, 0.028577566146850586, -0.8819693326950073, -0.018291234970092773, 0.441519660949707, -1.8084629310310418, -5.383710505222667, -4.017775911460481, -0.13840823996602936
2533, -0.017785072326660156, -0.11628960818052292, 0.984461784362793, 0.028568506240844727, -0.8817683458328247, -0.018309354782104492, 0.4405655288696289, -1.8085144967012057, -5.383705654950571, -4.0177701806198876, -0.13841253448975177
2534, -0.01779961585998535, -0.11637091636657715, 0.9844458103179932, 0.028568506240844727, -0.8811200857162476, -0.018355131149291992, 0.44017623901367187, -1.8085554938271122, -5.38369256103877, -4.0177684779228, -0.1384169792885448
2535, -0.01776266098022461, -0.11631917953491211, 0.984046459197998, 0.028577566146850586, -0.8792208433151245, -0.018318653106689453, 0.4405884552001953, -1.8086087608765304, -5.383675493868869, -4.017776606794056, -0.13840217333962812
2536, -0.017740726470947266, -0.11632656306028366, 0.9839584827423096, 0.028577566146850586, -0.878928542137146, -0.018318653106689453, 0.44037471771240233, -1.8086480541539038, -5.383679218070286, -4.017801762698537, -0.13839125716316492
2537, -0.01772594451904297, -0.1163783073425293, 0.9838147163391113, 0.028568506240844727, -0.8791204690933228, -0.018300294876098633, 0.43995487213134765, -1.808676569848934, -5.383685859195782, -4.017843406363602, -0.1383674543127018
2538, -0.017770051956176758, -0.11635589599609375, 0.9836549758911133, 0.028586626052856445, -0.8803437948226929, -0.018254756927490234, 0.437237434387207, -1.808674542298983, -5.383686405177635, -4.017883680630014, -0.13831354899900816
2539, -0.017792463302612305, -0.11648154258728027, 0.9835748672485352, 0.028568506240844727, -0.8802982568740845, -0.018291234970092773, 0.4370923614501953, -1.8086647500834103, -5.383686300359087, -4.017893041472391, -0.13829524802634907
2540, -0.01779961585998535, -0.11654781550168991, 0.9836149215698242, 0.028577566146850586, -0.8802069425582886, -0.018291234970092773, 0.43697021484375, -1.8086608796384378, -5.383685629641195, -4.017893061515619, -0.13826650657518602
2541, -0.01785135269165039, -0.11655521392822266, 0.9836068153381348, 0.028577566146850586, -0.8803073167800903, -0.018327713012695312, 0.43636722564697267, -1.8086675690455138, -5.3836868545929875, -4.017865519561266, -0.13822832887649472
2542, -0.01785874366760254, -0.11653280258178711, 0.9835989475250244, 0.028577566146850586, -0.8801156282424927, -0.018300294876098633, 0.43651992797851563, -1.8086784493455679, -5.383687029218898, -4.017850602959037, -0.13822746506987382
2543, -0.017843961715698242, -0.11650347709655762, 0.9835190773010254, 0.028586626052856445, -0.8788100481033325, -0.018291234970092773, 0.43791683197021486, -1.8086731374327962, -5.38368611622893, -4.017843651493697, -0.13824667284263814
2544, -0.017836570739746094, -0.11653280258178711, 0.9835109710693359, 0.028586626052856445, -0.8774493932723999, -0.018281936645507812, 0.4390083694458008, -1.808652658650382, -5.383685739075282, -4.017852923555535, -0.1382480272168527
2545, -0.01785135269165039, -0.1165626049041748, 0.9835190773010254, 0.028577566146850586, -0.8776868581771851, -0.018327713012695312, 0.43901599884033204, -1.8086318908276005, -5.383693846870147, -4.017859550074519, -0.138262788565382
2546, -0.017843961715698242, -0.1166067123413086, 0.9834949970245361, 0.028604984283447266, -0.8779424428939819, -0.018309354782104492, 0.4390923309326172, -1.808587924150769, -5.383697138208502, -4.017868102309138, -0.13825550120186136
2547, -0.017836570739746094, -0.11661410331726074, 0.9834790229797363, 0.028577566146850586, -0.8782163858413696, -0.018300294876098633, 0.43920677185058593, -1.8085508916755932, -5.3837053194144175, -4.017865590614324, -0.13825040892193652
2548, -0.017821788787841797, -0.11658453941345215, 0.9834871292114258, 0.028595924377441406, -0.878517746925354, -0.018300294876098633, 0.43911521911621093, -1.8085254765945562, -5.383704194740599, -4.0178595179897, -0.13824900331855883
2549, -0.017843961715698242, -0.11654781550168991, 0.9834949970245361, 0.028586626052856445, -0.8785268068313599, -0.018318653106689453, 0.43911521911621093, -1.8085097918935782, -5.383712540381923, -4.017852753390983, -0.13823628016171874
2550, -0.01785874366760254, -0.11654043197631836, 0.9834949970245361, 0.028577566146850586, -0.8776229619979858, -0.018318653106689453, 0.4403594207763672, -1.8084983161438262, -5.383721019452416, -4.017846718862461, -0.13821655208646622
2551, -0.017866134643554688, -0.11651825159788132, 0.9834389686584473, 0.028595924377441406, -0.8734592199325562, -0.018318653106689453, 0.4456263732910156, -1.8084753466652308, -5.383723167161745, -4.017832911215711, -0.13820011595595982
2552, -0.01789569854736328, -0.11645912379026413, 0.9834232330322266, 0.028577566146850586, -0.8706833124160767, -0.018327713012695312, 0.44922168731689455, -1.8084491474025293, -5.3837157241217835, -4.017821058888223, -0.13818955655075005
2553, -0.017925024032592773, -0.11632656306028366, 0.9834070205688477, 0.028577566146850586, -0.8692589998245239, -0.018327713012695312, 0.451771125793457, -1.8083996215116573, -5.383702504895959, -4.017809564120183, -0.1381838911378166
2554, -0.017910242080688477, -0.11625266075134277, 0.9834232330322266, 0.028577566146850586, -0.8693870306015015, -0.018309354782104492, 0.45262603759765624, -1.8083534194606696, -5.3837059887996475, -4.017807292118198, -0.1381628697479691
2555, -0.017910242080688477, -0.1161496639251709, 0.9834790229797363, 0.028586626052856445, -0.8697429895401001, -0.018291234970092773, 0.45303829193115236, -1.8082664104732835, -5.383725560786784, -4.017823726712273, -0.13815528665889332
2556, -0.017917633056640625, -0.11612724512815475, 0.9836468696594238, 0.028577566146850586, -0.870162844657898, -0.018291234970092773, 0.4530001449584961, -1.8081713549883194, -5.383751513513406, -4.017834496684993, -0.1381418499442555
2557, -0.017932415008544922, -0.11614203453063965, 0.9840145111083984, 0.028595924377441406, -0.8715964555740356, -0.018281936645507812, 0.4507712173461914, -1.8081015190729084, -5.383766009038073, -4.017823789971903, -0.13815538567188757
2558, -0.017969369888305664, -0.11618637293577194, 0.9842700958251953, 0.028595924377441406, -0.8733953237533569, -0.018291234970092773, 0.4486262893676758, -1.8080478061073582, -5.383762625081244, -4.017806707732699, -0.1381441044805669
2559, -0.01802825927734375, -0.11627483367919922, 0.9845337867736816, 0.028604984283447266, -0.8752032518386841, -0.018309354782104492, 0.4454890060424805, -1.8080116489947518, -5.383750387799273, -4.017775437538363, -0.13813787921511622
2560, -0.01802825927734375, -0.11637091636657715, 0.984621524810791, 0.028595924377441406, -0.8753219842910767, -0.018309354782104492, 0.44429821014404297, -1.8080078621064342, -5.383741310556109, -4.017757755245736, -0.13813324458020748
2561, -0.017998933792114258, -0.11642980575561523, 0.9847333431243896, 0.028586626052856445, -0.8755592107772827, -0.018318653106689453, 0.44229827880859374, -1.8080230736864542, -5.383728242042738, -4.017742464294993, -0.13813558513289248
2562, -0.01798391342163086, -0.11648893356323242, 0.9848213195800781, 0.028586626052856445, -0.8756324052810669, -0.018318653106689453, 0.4405044937133789, -1.8080403317362248, -5.383721167431094, -4.017745474842209, -0.13815072476016432
2563, -0.017888307571411133, -0.11664342880249023, 0.9852287769317627, 0.028604984283447266, -0.87537682056427, -0.01837325096130371, 0.43706947326660156, -1.8080858549119088, -5.3837234995140575, -4.0177602819471545, -0.1381584185449718
2564, -0.017821788787841797, -0.11670255661010742, 0.9855563640594482, 0.028586626052856445, -0.8741074800491333, -0.01846456527709961, 0.433260498046875, -1.8081198478284901, -5.383719058351276, -4.017773671113632, -0.13814382895151756
2565, -0.017615318298339844, -0.11665105819702148, 0.9856600761413574, 0.028577566146850586, -0.8710211515426636, -0.01846456527709961, 0.4309476089477539, -1.8081487904302036, -5.383708806487369, -4.0177809392361965, -0.13815706417743545
2566, -0.017055034637451172, -0.11628960818052292, 0.9858598709106445, 0.028604984283447266, -0.8680902719497681, -0.01851034164428711, 0.4254288101196289, -1.8081796346879913, -5.383707059411651, -4.017797704800996, -0.13812579715548168
2567, -0.016627073287963867, -0.11594295501708984, 0.986147403717041, 0.028568506240844727, -0.8649035692214966, -0.01851034164428711, 0.42518455505371094, -1.808183402603539, -5.383719870861886, -4.017822410592679, -0.13806866439920107
2568, -0.01634693145751953, -0.11552261561155319, 0.9864273071289062, 0.028568506240844727, -0.8624564409255981, -0.01849198341369629, 0.4258409881591797, -1.8081689640832599, -5.383713095924086, -4.017841044064134, -0.1379643851753034
2569, -0.01648688316345215, -0.11490321159362793, 0.9866747856140137, 0.028577566146850586, -0.8587766885757446, -0.018528461456298828, 0.4294056701660156, -1.8081161292795622, -5.383682055111536, -4.017850759139526, -0.13772918961480052
2570, -0.01741623878479004, -0.11398863792419434, 0.9861555099487305, 0.028586626052856445, -0.8540107011795044, -0.0191495418548584, 0.439832763671875, -1.8079948055680057, -5.383622953046866, -4.01784290542741, -0.1373198256124688
2571, -0.018057823181152344, -0.1134650707244873, 0.9857878684997559, 0.028532028198242188, -0.8520292043685913, -0.020354747772216797, 0.44543560028076173, -1.8079099884988175, -5.383604296508546, -4.017850284979212, -0.13708631442540042
2572, -0.018581390380859375, -0.11322902888059616, 0.9858520030975342, 0.028541088104248047, -0.8510795831680298, -0.021678686141967773, 0.44964908599853515, -1.8077888665201274, -5.383611096870301, -4.017859445219955, -0.13691393786549266
2573, -0.01891326904296875, -0.11317729949951172, 0.9864990711212158, 0.028504610061645508, -0.8513261079788208, -0.02255535125732422, 0.4529390335083008, -1.807571081765036, -5.383661773286546, -4.017876480970976, -0.13681351478574477
2574, -0.018928050994873047, -0.11328792572021484, 0.9871222972869873, 0.028513669967651367, -0.8517643213272095, -0.022591829299926758, 0.45376350402832033, -1.8073812468033814, -5.3836811560982785, -4.017874486962305, -0.13683725153468274
2575, -0.018758296966552734, -0.11373782157897949, 0.9883847236633301, 0.028522729873657227, -0.8545218706130981, -0.0225369930267334, 0.4512063217163086, -1.8071349573070363, -5.383674285649435, -4.017856352006975, -0.13694385951304255
2576, -0.01852250099182129, -0.11491035670042038, 0.9902541637420654, 0.028513669967651367, -0.8565946817398071, -0.022582530975341797, 0.45187801361083985, -1.8068553275957049, -5.383650163501702, -4.017817332203474, -0.13712669067124583
2577, -0.01847076416015625, -0.1157217025756836, 0.9915244579315186, 0.028513669967651367, -0.8551520109176636, -0.022582530975341797, 0.4545573043823242, -1.8067209527996702, -5.383643739753928, -4.0177991858821995, -0.13721009863478084
2578, -0.018493175506591797, -0.11644458770751953, 0.9927229881286621, 0.028504610061645508, -0.85370934009552, -0.022600889205932617, 0.4586106109619141, -1.8066021105345234, -5.383670654003442, -4.017788281925236, -0.13726633949617817
2579, -0.01860332489013672, -0.11667323112487793, 0.993314266204834, 0.028513669967651367, -0.8510428667068481, -0.022600889205932617, 0.464740104675293, -1.8064666301001542, -5.383707746352758, -4.017767945945544, -0.13730861361332636
2580, -0.01874375343322754, -0.11626029014587402, 0.993354082107544, 0.028486251831054688, -0.8471533060073853, -0.022692203521728516, 0.4743809127807617, -1.806199245208963, -5.383733608122921, -4.01773310455288, -0.13735212829656707
2581, -0.018891334533691406, -0.11607574671506882, 0.9938173294067383, 0.028467893600463867, -0.8462127447128296, -0.022701263427734375, 0.4785257720947266, -1.8059572940667707, -5.383698875385664, -4.0177036581483, -0.1373776869148573
2582, -0.018876314163208008, -0.11607574671506882, 0.9941129684448242, 0.028467893600463867, -0.8463772535324097, -0.022692203521728516, 0.4799073791503906, -1.8058397673537003, -5.383682845977165, -4.017697027830481, -0.13739460533773684
2583, -0.01886892318725586, -0.1161346435546875, 0.9945683479309082, 0.028486251831054688, -0.8470619916915894, -0.022673845291137695, 0.4811363220214844, -1.8056337834691205, -5.383675867093067, -4.01769438684096, -0.13739607639734608
2584, -0.018802642822265625, -0.11632656306028366, 0.9951756000518799, 0.028486251831054688, -0.849737286567688, -0.022619247436523438, 0.4775181579589844, -1.8054955067799585, -5.383697571192515, -4.01772032474516, -0.13740583755907565
2585, -0.018721580505371094, -0.11783099174499512, 0.9969491958618164, 0.02849555015563965, -0.8531888723373413, -0.022719383239746094, 0.477823486328125, -1.8052027282211327, -5.3837838162670995, -4.017792253116291, -0.13741844783933477
2586, -0.018706798553466797, -0.11845039576292038, 0.9978840351104736, 0.028486251831054688, -0.8529514074325562, -0.022710323333740234, 0.4793043899536133, -1.8050910589918598, -5.383795901923175, -4.017804504649646, -0.1374104119615911
2587, -0.018758296966552734, -0.11974096298217773, 0.9997456073760986, 0.028467893600463867, -0.8509424924850464, -0.022673845291137695, 0.4848461151123047, -1.8048644133000016, -5.383790562463692, -4.017819065638518, -0.13735180879681153
2588, -0.018935203552246094, -0.1203603744506836, 1.0005686283111572, 0.028467893600463867, -0.8486782312393188, -0.0225369930267334, 0.49529605865478515, -1.8046499775571925, -5.383746393165143, -4.0178178284840405, -0.1372527532687542
2589, -0.01922321319580078, -0.1203603744506836, 1.0000972747802734, 0.028504610061645508, -0.8488517999649048, -0.022573471069335938, 0.49956302642822265, -1.8044674739096274, -5.383751008876396, -4.017824323734152, -0.13716915924659112
2590, -0.019370555877685547, -0.12050795555114746, 1.0001530647277832, 0.028513669967651367, -0.8485504388809204, -0.022619247436523438, 0.5011812591552735, -1.8043869390661222, -5.383789054773785, -4.017838215647955, -0.13713436045908356
2591, -0.019562482833862305, -0.1209876537322998, 1.0012717247009277, 0.02849555015563965, -0.8492077589035034, -0.022664785385131836, 0.5018682479858398, -1.8041889208648243, -5.383910089243143, -4.017877042941423, -0.1371031986575426
2592, -0.019613981246948242, -0.12157726287841797, 1.0025498867034912, 0.02849555015563965, -0.8501025438308716, -0.022655725479125977, 0.49994468688964844, -1.804034722845308, -5.383985949601817, -4.017902182933233, -0.137115678793009
2593, -0.01953268051147461, -0.12249206751585007, 1.004587173461914, 0.028504610061645508, -0.8582473993301392, -0.022600889205932617, 0.49066265106201173, -1.8037283769224506, -5.383991885815418, -4.017897699482025, -0.13714991709522462
2594, -0.019473791122436523, -0.12325143069028854, 1.0055220127105713, 0.028522729873657227, -0.8609863519668579, -0.022682905197143555, 0.48964744567871094, -1.8035664102767803, -5.383956067391532, -4.0178805951446215, -0.13717643018021697
2595, -0.019333839416503906, -0.12466764450073242, 1.0073914527893066, 0.028513669967651367, -0.8583019971847534, -0.022619247436523438, 0.49292205810546874, -1.8034102899661932, -5.383920929207813, -4.01787143298303, -0.13721512463575092
2596, -0.01926708221435547, -0.1258103847503662, 1.0093729496002197, 0.02849555015563965, -0.8554898500442505, -0.022546052932739258, 0.4980440139770508, -1.8032926208175515, -5.383996610816078, -4.017885138925799, -0.137213102827765
2597, -0.01931142807006836, -0.12610578536987305, 1.0098044872283936, 0.02849555015563965, -0.8527778387069702, -0.0224456787109375, 0.505051383972168, -1.8032068827217806, -5.384072252416938, -4.0178924779550815, -0.13720990363107965
2598, -0.019392728805541992, -0.1259138584136963, 1.0096526145935059, 0.028504610061645508, -0.8518737554550171, -0.02250957489013672, 0.5162569808959961, -1.8030972636927527, -5.384140094930196, -4.017890878748899, -0.1371904348625348
2599, -0.019473791122436523, -0.1255967617034912, 1.009061336517334, 0.028522729873657227, -0.8523761034011841, -0.02239990234375, 0.5205926895141602, -1.8029723474842247, -5.384174041893944, -4.017886576735282, -0.1371874980412695
2600, -0.019606590270996094, -0.1256852149963379, 1.0086379051208496, 0.028513669967651367, -0.8520017862319946, -0.02239084243774414, 0.5250581359863281, -1.8027101033267074, -5.384126211314122, -4.017868318139116, -0.13718901360403724
2601, -0.019695043563842773, -0.12596535682678223, 1.0089974403381348, 0.028532028198242188, -0.852458119392395, -0.02240896224975586, 0.5249054336547851, -1.8025558769732402, -5.384107420774248, -4.017872306814196, -0.13719904231445135
2602, -0.01970958709716797, -0.12640786170959473, 1.0097084045410156, 0.028513669967651367, -0.8546861410140991, -0.0224456787109375, 0.518921012878418, -1.8024107516091954, -5.384125966668581, -4.01789048611225, -0.13722457575232383
2603, -0.01967310905456543, -0.12728571891784668, 1.0114662647247314, 0.028532028198242188, -0.8609408140182495, -0.0224912166595459, 0.5135090255737305, -1.8022125593830516, -5.384224476003947, -4.017929861884511, -0.13729422175029704
2604, -0.019525527954101562, -0.12831830978393555, 1.012544870376587, 0.028522729873657227, -0.8599272966384888, -0.02243638038635254, 0.5164249038696289, -1.8020701519620863, -5.384285369687147, -4.017953378353457, -0.13735204021326552
2605, -0.019370555877685547, -0.1291365623474121, 1.0137910842895508, 0.028504610061645508, -0.8575989007949829, -0.02238178253173828, 0.520096549987793, -1.8019265366914567, -5.38433199086819, -4.017967077296168, -0.13739698676944911
2606, -0.019333839416503906, -0.1300215721130371, 1.0152132511138916, 0.028504610061645508, -0.8552979230880737, -0.022299528121948242, 0.5315005874633789, -1.801680776631645, -5.384313452768207, -4.01794905488553, -0.13740602471920127
2607, -0.019385337829589844, -0.13012480735778809, 1.0154528617858887, 0.028513669967651367, -0.8549965620040894, -0.02233600616455078, 0.5374927520751953, -1.8015507814231508, -5.384301466716943, -4.017938188484544, -0.13740142288948753
2608, -0.019414901733398438, -0.13013219833374023, 1.0155329704284668, 0.028522729873657227, -0.8552249670028687, -0.022345304489135742, 0.5418054962158203, -1.801370819251749, -5.384330256699806, -4.017943876407724, -0.1373720316390532
2609, -0.019466400146484375, -0.13018393516540527, 1.015676736831665, 0.028522729873657227, -0.8551062345504761, -0.02237248420715332, 0.5421719360351562, -1.8012672820643556, -5.384414184992046, -4.017969096493255, -0.13734726375880513
2610, -0.01949596405029297, -0.1303389072418213, 1.0161161422729492, 0.028522729873657227, -0.856768012046814, -0.022171735763549805, 0.5320349884033203, -1.8011433729492163, -5.384476686589269, -4.017990491589838, -0.1373009175213591
2611, -0.019562482833862305, -0.13086223602294922, 1.017202615737915, 0.028532028198242188, -0.8605483770370483, -0.022263050079345703, 0.5257527923583984, -1.8009554835043933, -5.384514516477169, -4.017999630211149, -0.1372750576873738
2612, -0.019643306732177734, -0.1320202350616455, 1.0192079544067383, 0.028532028198242188, -0.8670767545700073, -0.022299528121948242, 0.5192110443115234, -1.8007526153427897, -5.384450481724611, -4.017996288599005, -0.1372778473383569
2613, -0.0195770263671875, -0.1329789161682129, 1.020094871520996, 0.028522729873657227, -0.86512291431427, -0.022290468215942383, 0.5227223587036133, -1.8006877120944413, -5.384436298765528, -4.018011893321597, -0.13727840705176142
2614, -0.019510746002197266, -0.13398957252502441, 1.021221399307251, 0.028532028198242188, -0.8611782789230347, -0.022253990173339844, 0.5284243774414062, -1.8006322995331523, -5.384494096100302, -4.018046769449571, -0.13730588509005592
2615, -0.01949596405029297, -0.13437294960021973, 1.0217647552490234, 0.028541088104248047, -0.860237717628479, -0.022135019302368164, 0.5296609497070313, -1.8006001616680085, -5.3845447424112844, -4.018063076594018, -0.13730883678354644
2616, -0.019466400146484375, -0.13463830947875977, 1.022252082824707, 0.028522729873657227, -0.8595620393753052, -0.022208213806152344, 0.5315005874633789, -1.8005446583429365, -5.384618849717664, -4.018078057733247, -0.13731056795546248
2617, -0.01943683624267578, -0.1346900463104248, 1.0228991508483887, 0.028532028198242188, -0.8626025915145874, -0.022235631942749023, 0.5227376174926758, -1.8004307661938648, -5.384665826356656, -4.018063186939737, -0.1373284282628653
2618, -0.019466400146484375, -0.13482284545898438, 1.0234344005584717, 0.028532028198242188, -0.8664649724960327, -0.022281408309936523, 0.5166310119628906, -1.8003649098939083, -5.3846311752293365, -4.0180384442764865, -0.13730250598626448
2619, -0.019525527954101562, -0.13522100448608398, 1.0242254734039307, 0.028541088104248047, -0.8711036443710327, -0.022272109985351562, 0.5096236419677734, -1.8003329276192286, -5.384576399247249, -4.018024412975292, -0.13730688781666078
2620, -0.019518136978149414, -0.13571524620056152, 1.0249605178833008, 0.028532028198242188, -0.8738518953323364, -0.022253990173339844, 0.5046696472167969, -1.8003437281267551, -5.384569254136783, -4.0180314349525315, -0.1372901342946813
2621, -0.019481182098388672, -0.13628292083740234, 1.025695562362671, 0.028541088104248047, -0.8751848936080933, -0.022345304489135742, 0.5029369735717774, -1.8003814602619437, -5.384605621161982, -4.018045081002556, -0.13731041780330866
2622, -0.019326448440551758, -0.1371753215789795, 1.0261907577514648, 0.028513669967651367, -0.8690856695175171, -0.022308826446533203, 0.5084328460693359, -1.8004691887504762, -5.384682014941315, -4.018061704779449, -0.1373170748940744
2623, -0.019304275512695312, -0.13729333877563477, 1.0263185501098633, 0.028541088104248047, -0.8654423952102661, -0.022226572036743164, 0.5132189559936523, -1.800506056172385, -5.384694727769906, -4.018059997338422, -0.13732269952228027
2624, -0.01926708221435547, -0.13718271255493164, 1.0259032249450684, 0.028541088104248047, -0.8619362115859985, -0.022217273712158203, 0.5186767578125, -1.8005179727270635, -5.384652562643989, -4.01804655442059, -0.1373140168861422
2625, -0.019282102584838867, -0.13692450523376465, 1.0255756378173828, 0.028532028198242188, -0.8597904443740845, -0.022253990173339844, 0.5219667053222656, -1.8005397796082288, -5.384580908684726, -4.0180574540100045, -0.13728979756614113
2626, -0.019341230392456055, -0.13686537742614746, 1.0259511470794678, 0.028522729873657227, -0.8624383211135864, -0.022235631942749023, 0.5156081390380859, -1.800538601965229, -5.38458145394056, -4.018116192280643, -0.1372838674262047
2627, -0.019377708435058594, -0.136887788772583, 1.0262866020202637, 0.028522729873657227, -0.8654240369796753, -0.022308826446533203, 0.5114098739624023, -1.8005327275545795, -5.384609118229398, -4.018159647134194, -0.13730108327272816
2628, -0.0193483829498291, -0.13698363304138184, 1.026270866394043, 0.028550148010253906, -0.8663281202316284, -0.022326946258544922, 0.5131196975708008, -1.8005393008307111, -5.3846648721852075, -4.018233209650288, -0.13730445270679414
2629, -0.01926708221435547, -0.13701319694519043, 1.026214838027954, 0.028522729873657227, -0.8639174699783325, -0.02233600616455078, 0.5163486099243164, -1.800545179247175, -5.384694400147562, -4.018257271059146, -0.13732139278625333
2630, -0.019282102584838867, -0.13699102401733398, 1.026710033416748, 0.028532028198242188, -0.8660906553268433, -0.022290468215942383, 0.5110358047485352, -1.8005227932734245, -5.384674404158405, -4.018232980991931, -0.13735206703749459
2631, -0.019326448440551758, -0.13702774047851562, 1.0267021656036377, 0.028541088104248047, -0.865369439125061, -0.022253990173339844, 0.5142876052856445, -1.8005251928464896, -5.384587587870183, -4.0181934165163025, -0.13736855813794513
2632, -0.019296884536743164, -0.13685822486877441, 1.0262947082519531, 0.028550148010253906, -0.8610230684280396, -0.022226572036743164, 0.5225086212158203, -1.8005641780748447, -5.384567656731797, -4.0181879566638985, -0.13738997443423084
2633, -0.01931142807006836, -0.13684344291687012, 1.026230812072754, 0.028550148010253906, -0.859817624092102, -0.022171735763549805, 0.5275007629394531, -1.8005575893775663, -5.384582079387518, -4.018194643042864, -0.13739917959791637
2634, -0.0193483829498291, -0.13679194450378418, 1.0261189937591553, 0.028550148010253906, -0.8581193685531616, -0.022180795669555664, 0.5398895645141601, -1.800534328227243, -5.384623710913209, -4.018227746635393, -0.13740985951413887
2635, -0.0193631649017334, -0.13675475120544434, 1.026230812072754, 0.028522729873657227, -0.8580280542373657, -0.022153377532958984, 0.5490800094604492, -1.800486526033373, -5.384660124689028, -4.018250565400884, -0.13740789199848535
2636, -0.019296884536743164, -0.1366884708404541, 1.0263266563415527, 0.028550148010253906, -0.857763409614563, -0.022153377532958984, 0.5549881362915039, -1.800401635818396, -5.384638233553881, -4.018244646678597, -0.1374256244974008
2637, -0.01922321319580078, -0.13659262657165527, 1.0264785289764404, 0.028532028198242188, -0.8579734563827515, -0.022235631942749023, 0.5559651947021484, -1.8003318486843054, -5.384610746100534, -4.018233350645291, -0.137438127787064
2638, -0.01918625831604004, -0.13641571998596191, 1.0267181396484375, 0.028550148010253906, -0.8591238260269165, -0.022116899490356445, 0.5425077819824219, -1.800251021423345, -5.384608571256915, -4.0182447137331545, -0.13745915391548635
2639, -0.019156455993652344, -0.13637900352478027, 1.0266542434692383, 0.028532028198242188, -0.8585394620895386, -0.022253990173339844, 0.5462862396240235, -1.8001670948847794, -5.384652467260653, -4.01825986696194, -0.13743888530163595
2640, -0.019252538681030273, -0.1364600658416748, 1.0267419815063477, 0.028541088104248047, -0.8613334894180298, -0.022107839584350586, 0.5349127197265625, -1.8000735388445177, -5.384710827112845, -4.018273060943965, -0.1374077152536355
2641, -0.019326448440551758, -0.13705015182495117, 1.0264225006103516, 0.028541088104248047, -0.8587311506271362, -0.022125959396362305, 0.5585147094726562, -1.7999313054041444, -5.384714076631754, -4.018249160706835, -0.1374010202819811
2642, -0.019341230392456055, -0.13710904121398926, 1.0265583992004395, 0.028532028198242188, -0.8594616651535034, -0.022098541259765625, 0.5622702789306641, -1.7998814695221856, -5.38470278821624, -4.018233036359787, -0.13740746035002527
2643, -0.01926708221435547, -0.13715338706970215, 1.0264465808868408, 0.028550148010253906, -0.858338475227356, -0.022098541259765625, 0.570384521484375, -1.7997732329918534, -5.384734568834064, -4.018217118753439, -0.13745038222325512
2644, -0.019083023071289062, -0.13710904121398926, 1.0265183448791504, 0.028559446334838867, -0.8582748174667358, -0.022025585174560547, 0.5752774047851562, -1.799691098522211, -5.384791624396003, -4.018217434626699, -0.13750312029124245
2645, -0.018950223922729492, -0.13710904121398926, 1.0267181396484375, 0.028532028198242188, -0.8578544855117798, -0.022025585174560547, 0.585704460144043, -1.7996283417064955, -5.384834085904412, -4.018217740831905, -0.13753444353886746
2646, -0.01878070831298828, -0.13702774047851562, 1.0271575450897217, 0.028559446334838867, -0.8580189943313599, -0.022025585174560547, 0.5963070297241211, -1.7994962459451573, -5.384854485331779, -4.018204349958471, -0.13756516699608579
2647, -0.018500328063964844, -0.13684344291687012, 1.0276849269866943, 0.028559446334838867, -0.8580373525619507, -0.022043943405151367, 0.5990549850463868, -1.7992811282994134, -5.384847310889115, -4.018202438479756, -0.13749602485255696
2648, -0.01852250099182129, -0.1369025707244873, 1.02803635597229, 0.028559446334838867, -0.858009934425354, -0.02194356918334961, 0.6027494812011719, -1.7991763856917733, -5.384879762854583, -4.018231401880076, -0.1374463336418712
2649, -0.01856684684753418, -0.13699102401733398, 1.028212070465088, 0.028559446334838867, -0.8578544855117798, -0.022025585174560547, 0.6129399108886718, -1.799101944692062, -5.384905386336746, -4.018257765842151, -0.13737085083673595
2650, -0.018677473068237305, -0.13707947731018066, 1.0285239219665527, 0.028559446334838867, -0.8579734563827515, -0.02197098731994629, 0.6234967041015625, -1.7990300375574233, -5.384928635163357, -4.018276946657724, -0.1372917539951839
2651, -0.018758296966552734, -0.13715338706970215, 1.02874755859375, 0.028550148010253906, -0.8578637838363647, -0.022025585174560547, 0.6365801239013672, -1.7989639532701749, -5.384945816014013, -4.018295359251803, -0.13722419260713092
2652, -0.018802642822265625, -0.137359619140625, 1.0293865203857422, 0.028568506240844727, -0.8580280542373657, -0.021989107131958008, 0.6555030059814453, -1.7988368378465038, -5.384995414511849, -4.0183457542123175, -0.13713760448624068
2653, -0.018810033798217773, -0.1373891830444336, 1.0294504165649414, 0.028550148010253906, -0.8579460382461548, -0.022025585174560547, 0.6578845977783203, -1.7988124175337012, -5.38500570076426, -4.018352547643332, -0.1371325566132926
2654, -0.01869940757751465, -0.13771390914916992, 1.0302815437316895, 0.028559446334838867, -0.8579915761947632, -0.021998167037963867, 0.666662826538086, -1.798677345422892, -5.385038540335385, -4.018396007604473, -0.137129297110814
2655, -0.01868462562561035, -0.13795709609985352, 1.0307209491729736, 0.028550148010253906, -0.8580280542373657, -0.022071361541748047, 0.6681130981445312, -1.798608422335378, -5.385010425989798, -4.018414811202426, -0.13712654829488002
2656, -0.01864767074584961, -0.1382153034210205, 1.0312962532043457, 0.028568506240844727, -0.8581012487411499, -0.02194356918334961, 0.6640751647949219, -1.7985111998985839, -5.3849590188471135, -4.018421241950876, -0.1371015356612233
2657, -0.01869940757751465, -0.13837766647338867, 1.0315518379211426, 0.028559446334838867, -0.8571516275405884, -0.02194356918334961, 0.6691435241699218, -1.7984755622650836, -5.384942896846186, -4.018450365798217, -0.1370594140614365
2658, -0.018810033798217773, -0.1386427879333496, 1.0321907997131348, 0.028577566146850586, -0.8580645322799683, -0.02189779281616211, 0.6753876495361328, -1.7984487750166287, -5.384986075796985, -4.018494593144193, -0.13701296482650793
2659, -0.01883220672607422, -0.13890838623046875, 1.032750129699707, 0.028568506240844727, -0.858667254447937, -0.02192521095275879, 0.6837537384033203, -1.7984079375566768, -5.3850588983647905, -4.018531507899291, -0.1370241234135232
2660, -0.01878070831298828, -0.1391739845275879, 1.033341407775879, 0.028559446334838867, -0.8583751916885376, -0.02190685272216797, 0.6984019470214844, -1.7983587262593235, -5.385133291165409, -4.018575925257777, -0.1370403284467825
2661, -0.018765687942504883, -0.13948392868041992, 1.0338687896728516, 0.028577566146850586, -0.8585942983627319, -0.02197098731994629, 0.7160424041748047, -1.7982911006898654, -5.385070226743422, -4.018599668347615, -0.13706783637303843
2662, -0.018795251846313477, -0.13973450660705566, 1.0342841148376465, 0.028577566146850586, -0.8586033582687378, -0.02193427085876465, 0.7294845581054688, -1.798192223114699, -5.384951577833278, -4.0186044722280965, -0.13704528627089285
2663, -0.0189058780670166, -0.13990402221679688, 1.0344839096069336, 0.028568506240844727, -0.8585304021835327, -0.02194356918334961, 0.735972900390625, -1.7981408471031097, -5.384885248450675, -4.018620162487244, -0.13700412273585982
2664, -0.019038677215576172, -0.14036846160888672, 1.035027265548706, 0.028577566146850586, -0.8588773012161255, -0.02189779281616211, 0.743270263671875, -1.7981301420428188, -5.384921475563602, -4.018680371710995, -0.13694921960397988
2665, -0.018994569778442383, -0.14101028442382812, 1.035858154296875, 0.028586626052856445, -0.858749270439148, -0.02190685272216797, 0.7572390747070312, -1.7981076643747258, -5.385136452438104, -4.018762805237342, -0.13701498166085546
2666, -0.018950223922729492, -0.1413865089416504, 1.0363614559173584, 0.028559446334838867, -0.8587950468063354, -0.021961688995361328, 0.7753910064697266, -1.7980658176399453, -5.385079229233141, -4.018771851329567, -0.13707010020194588
2667, -0.01900935173034668, -0.14159274101257324, 1.0365211963653564, 0.028586626052856445, -0.8587766885757446, -0.021915912628173828, 0.7973825073242188, -1.7979735070744454, -5.384894457300818, -4.018738511525965, -0.13706042590543266
2668, -0.019083023071289062, -0.14163708686828613, 1.0365691184997559, 0.028577566146850586, -0.8588134050369263, -0.02194356918334961, 0.8114124298095703, -1.797956636782282, -5.384850058145307, -4.018738141150642, -0.1370451157500776
2669, -0.019097566604614258, -0.1417994499206543, 1.0366730690002441, 0.028577566146850586, -0.8587859869003296, -0.021961688995361328, 0.8256179046630859, -1.7979734946935013, -5.384909629274328, -4.018764532698997, -0.1370543023724764
2670, -0.019083023071289062, -0.14194703102111816, 1.0367770195007324, 0.028568506240844727, -0.8588134050369263, -0.021961688995361328, 0.836189956665039, -1.7979954991206581, -5.385047271358527, -4.018791899748091, -0.1370736807046038
2671, -0.01905345916748047, -0.1420278549194336, 1.0368728637695312, 0.028568506240844727, -0.8588498830795288, -0.02195262908935547, 0.8431438446044922, -1.7980020046183824, -5.38511881181379, -4.018799318101258, -0.1370997288408473
2672, -0.019083023071289062, -0.14217543601989746, 1.0369048118591309, 0.028559446334838867, -0.8585578203201294, -0.02192521095275879, 0.8507466125488281, -1.7979601917922863, -5.384952060296014, -4.018759952564516, -0.13707403457699296
2673, -0.019038677215576172, -0.1422126293182373, 1.0369925498962402, 0.028577566146850586, -0.8591331243515015, -0.02192521095275879, 0.8595630645751953, -1.7979624092732813, -5.384893878124035, -4.018759304459051, -0.13707204917166127
2674, -0.01904582977294922, -0.14223456382751465, 1.0369846820831299, 0.028559446334838867, -0.8590050935745239, -0.02194356918334961, 0.8692726135253906, -1.7979726197779475, -5.384919738254095, -4.018765416598811, -0.13709180732329784
2675, -0.019031286239624023, -0.142256498336792, 1.0370006561279297, 0.028577566146850586, -0.8589776754379272, -0.02195262908935547, 0.8809132385253906, -1.7980017394013816, -5.385007746856951, -4.018788636697014, -0.13707603484876696
2676, -0.01905345916748047, -0.14227890968322754, 1.0370326042175293, 0.028559446334838867, -0.8589321374893188, -0.02194356918334961, 0.9005537414550782, -1.7980226596887203, -5.385114547600743, -4.018808183113908, -0.13706192888022262
2677, -0.019060850143432617, -0.14229345321655273, 1.0371203422546387, 0.028586626052856445, -0.8589411973953247, -0.021915912628173828, 0.9217130279541016, -1.7980047888425879, -5.385096953694113, -4.018798891074269, -0.13705071371266797
2678, -0.019068241119384766, -0.14230084419250488, 1.0372323989868164, 0.028586626052856445, -0.8591421842575073, -0.02195262908935547, 0.9354148101806641, -1.797976577934311, -5.38499569145994, -4.018776880161915, -0.13705297487760415
2679, -0.01905345916748047, -0.14233040809631348, 1.0373601913452148, 0.028568506240844727, -0.8592332601547241, -0.022025585174560547, 0.947994384765625, -1.797958271741981, -5.3849075433315905, -4.018762830465694, -0.13705906489231534
2680, -0.019060850143432617, -0.14234519004821777, 1.0374321937561035, 0.028586626052856445, -0.8592880964279175, -0.022025585174560547, 0.9515133666992187, -1.7979703513277756, -5.384917994970202, -4.018767332778954, -0.13704888513461722
2681, -0.019075632095336914, -0.14233779907226562, 1.0374321937561035, 0.028577566146850586, -0.8591057062149048, -0.02192521095275879, 0.9542079162597656, -1.7980040383054043, -5.385035909247187, -4.018791066091067, -0.13704654147497308
2682, -0.019075632095336914, -0.14232325553894043, 1.0374400615692139, 0.028577566146850586, -0.859169602394104, -0.02187037467956543, 0.9546582794189453, -1.7980267762426032, -5.3851114495192185, -4.0188070455994085, -0.13704814035167256
2683, -0.01904582977294922, -0.14233040809631348, 1.0374479293823242, 0.028586626052856445, -0.8590506315231323, -0.021915912628173828, 0.9546430206298828, -1.7980207095633078, -5.385106133502764, -4.018802902641319, -0.13706374259102905
2684, -0.019038677215576172, -0.14234519004821777, 1.0374641418457031, 0.028559446334838867, -0.8591238260269165, -0.02189779281616211, 0.9546430206298828, -1.797980344522498, -5.385024729641513, -4.018780006793662, -0.13707908393793922
2685, -0.019060850143432617, -0.14236712455749512, 1.0374560356140137, 0.028586626052856445, -0.8590506315231323, -0.02190685272216797, 0.9546353149414063, -1.7979528848417083, -5.384943653480729, -4.0187640098248325, -0.13708107750764498
2686, -0.019083023071289062, -0.14238214492797852, 1.0374720096588135, 0.028577566146850586, -0.859078049659729, -0.02193427085876465, 0.9546430206298828, -1.7979687014114907, -5.3849318296479485, -4.018776074691933, -0.13707246689438612
2687, -0.01909017562866211, -0.14238953590393066, 1.0374960899353027, 0.028577566146850586, -0.8590506315231323, -0.02189779281616211, 0.9546200561523438, -1.7979969973628969, -5.385019332205357, -4.018797448790881, -0.13709843399387722
2688, -0.019075632095336914, -0.14241886138916016, 1.0375280380249023, 0.028577566146850586, -0.8590232133865356, -0.02189779281616211, 0.9546353149414063, -1.7980170009593317, -5.385099974843514, -4.0188120708305854, -0.13710978296507292
2689, -0.019068241119384766, -0.142411470413208, 1.037543773651123, 0.028568506240844727, -0.8590232133865356, -0.02190685272216797, 0.9546277618408203, -1.7980133232757316, -5.385075926628611, -4.018802301703521, -0.13710859888293125
2690, -0.019075632095336914, -0.14240407943725586, 1.0375518798828125, 0.028568506240844727, -0.8590506315231323, -0.02188849449157715, 0.9546430206298828, -1.7979961838418144, -5.385022760448914, -4.018790231855766, -0.1371251012813195
2691, -0.01909017562866211, -0.14240407943725586, 1.037559986114502, 0.028577566146850586, -0.8590599298477173, -0.021915912628173828, 0.9546200561523438, -1.7979789178298453, -5.384949296707491, -4.0187782906374165, -0.13711838540985077
2692, -0.019075632095336914, -0.14241886138916016, 1.037559986114502, 0.028586626052856445, -0.8590415716171265, -0.02190685272216797, 0.9546353149414063, -1.797991642128231, -5.384957447393297, -4.018789417118076, -0.13711630263956742
2693, -0.019075632095336914, -0.1424262523651123, 1.037559986114502, 0.028595924377441406, -0.8590415716171265, -0.021915912628173828, 0.9546125030517578, -1.7980052560385285, -5.384993646547322, -4.0188007405237105, -0.13710785555999205
2694, -0.019068241119384766, -0.1424410343170166, 1.0375678539276123, 0.028568506240844727, -0.8590506315231323, -0.02189779281616211, 0.9546277618408203, -1.7980289019023754, -5.385075697623028, -4.018817331685736, -0.13709527267371513
2695, -0.019075632095336914, -0.1424558162689209, 1.037583827972412, 0.028559446334838867, -0.8590232133865356, -0.02189779281616211, 0.9546505737304688, -1.7980249762801648, -5.385074797207424, -4.018812698773493, -0.13709070720472294
2696, -0.019075632095336914, -0.1424703598022461, 1.0376396179199219, 0.028577566146850586, -0.8590325117111206, -0.02190685272216797, 0.9546505737304688, -1.7979989743058722, -5.385008737179716, -4.018798184927333, -0.1370609841285244
2697, -0.019083023071289062, -0.1424558162689209, 1.0376477241516113, 0.028568506240844727, -0.8590325117111206, -0.02193427085876465, 0.9546353149414063, -1.7979798588328793, -5.384948957919852, -4.01878696710026, -0.137032934261347
2698, -0.019083023071289062, -0.14247775077819824, 1.0376956462860107, 0.028586626052856445, -0.8590599298477173, -0.02188849449157715, 0.9546353149414063, -1.7980037517235252, -5.385018011603193, -4.018808387659068, -0.13700836461087462
2699, -0.01909017562866211, -0.1425001621246338, 1.0377435684204102, 0.028568506240844727, -0.8590325117111206, -0.02188849449157715, 0.9546277618408203, -1.798020266550711, -5.385066410641525, -4.018818421895176, -0.13699578318129646
2700, -0.019075632095336914, -0.1425001621246338, 1.0377357006072998, 0.028559446334838867, -0.8590325117111206, -0.021915912628173828, 0.9546277618408203, -1.7980194331349502, -5.385050211133435, -4.018816642658487, -0.136986442651982
2701, -0.019075632095336914, -0.14251470565795898, 1.0377435684204102, 0.028568506240844727, -0.8590415716171265, -0.02190685272216797, 0.9546353149414063, -1.798002436344238, -5.385009696397886, -4.018802094168475, -0.13699312062251412
2702, -0.019068241119384766, -0.14249277114868164, 1.0377435684204102, 0.028577566146850586, -0.8590325117111206, -0.02189779281616211, 0.9546430206298828, -1.7979921741886764, -5.384962077742671, -4.018794454197254, -0.13699851862027046
2703, -0.01909017562866211, -0.1425001621246338, 1.0377516746520996, 0.028577566146850586, -0.8590232133865356, -0.021915912628173828, 0.9546277618408203, -1.7979942371756759, -5.384954415230079, -4.018797606789857, -0.13699863755238884
2704, -0.019097566604614258, -0.14250731468200684, 1.03775954246521, 0.028568506240844727, -0.8590506315231323, -0.02188849449157715, 0.9546353149414063, -1.7980085882487782, -5.3850054201208755, -4.018811552770298, -0.13700681849374696
2705, -0.019112586975097656, -0.14252209663391113, 1.0377917289733887, 0.028568506240844727, -0.8590415716171265, -0.02192521095275879, 0.9546353149414063, -1.7980113895773595, -5.385012547389977, -4.018816009757207, -0.1370265238877746
2706, -0.019112586975097656, -0.14252209663391113, 1.0377836227416992, 0.028568506240844727, -0.8590415716171265, -0.021915912628173828, 0.9546505737304688, -1.7979936770309226, -5.384968375420291, -4.018802149568192, -0.1370357142961005
2707, -0.01912713050842285, -0.14251470565795898, 1.0378074645996094, 0.028568506240844727, -0.8590415716171265, -0.021915912628173828, 0.9546505737304688, -1.7980024371110699, -5.384959645952442, -4.018807221549217, -0.13705413592270865
2708, -0.019119977951049805, -0.14250731468200684, 1.0378074645996094, 0.028595924377441406, -0.8590325117111206, -0.02189779281616211, 0.9546353149414063, -1.7980140267584204, -5.3850259242254275, -4.018823206437412, -0.13706038276591492
2709, -0.019097566604614258, -0.14252209663391113, 1.0378155708312988, 0.028568506240844727, -0.8590141534805298, -0.021915912628173828, 0.9546277618408203, -1.7980213076288596, -5.385051151140144, -4.01882852709126, -0.13708255075099185
2710, -0.019119977951049805, -0.14252948760986328, 1.0378475189208984, 0.028559446334838867, -0.8590415716171265, -0.02190685272216797, 0.9546430206298828, -1.79800585953864, -5.3850127733699935, -4.018817875225541, -0.13708403739826114
2711, -0.019105195999145508, -0.14254450798034668, 1.0378713607788086, 0.028568506240844727, -0.8590415716171265, -0.02190685272216797, 0.9546582794189453, -1.7979972659653263, -5.384978699648537, -4.018808308355837, -0.13709337793125265
2712, -0.019097566604614258, -0.14254450798034668, 1.0378875732421875, 0.028577566146850586, -0.8590325117111206, -0.021915912628173828, 0.9546430206298828, -1.7979957228131114, -5.384965880168051, -4.018806543657061, -0.13709742307426698
2713, -0.01909017562866211, -0.14255905151367188, 1.0378954410552979, 0.028577566146850586, -0.8590599298477173, -0.021915912628173828, 0.9546430206298828, -1.7980137500060094, -5.38500359476052, -4.018818850887313, -0.13708829883674234
2714, -0.019083023071289062, -0.14255905151367188, 1.0378954410552979, 0.028568506240844727, -0.8590325117111206, -0.02190685272216797, 0.9546277618408203, -1.7980289253771853, -5.385036395946646, -4.018827369887642, -0.13708433472769688
2715, -0.01909017562866211, -0.14254450798034668, 1.0379114151000977, 0.028577566146850586, -0.8590506315231323, -0.02190685272216797, 0.9546353149414063, -1.7980352507473143, -5.385051986165437, -4.018832105377618, -0.13708379283283545
2716, -0.019075632095336914, -0.14259600639343262, 1.0379672050476074, 0.028577566146850586, -0.8590325117111206, -0.02192521095275879, 0.9546353149414063, -1.7980076206062932, -5.384979037643644, -4.018814069937525, -0.13706733649767155
2717, -0.019068241119384766, -0.14260339736938477, 1.0379834175109863, 0.028568506240844727, -0.8590415716171265, -0.02190685272216797, 0.9546430206298828, -1.7980064832598341, -5.384960779340877, -4.0188092461203535, -0.13706867448097793
2718, -0.019083023071289062, -0.14261078834533691, 1.0380072593688965, 0.028577566146850586, -0.8590325117111206, -0.02192521095275879, 0.9546353149414063, -1.7980137961426683, -5.385005075257617, -4.018822714351884, -0.13706238449819974
2719, -0.019075632095336914, -0.14263272285461426, 1.038015365600586, 0.028577566146850586, -0.8590141534805298, -0.02190685272216797, 0.9546505737304688, -1.7980218587390904, -5.385037951393174, -4.01882829929612, -0.13707840154222772
2720, -0.019068241119384766, -0.142669677734375, 1.0380711555480957, 0.028577566146850586, -0.8590232133865356, -0.02190685272216797, 0.9546277618408203, -1.7980228112122518, -5.385036497692013, -4.01883005516345, -0.13709436058207825
2721, -0.019068241119384766, -0.142669677734375, 1.038095235824585, 0.028559446334838867, -0.8590506315231323, -0.021915912628173828, 0.9546430206298828, -1.7980057396062128, -5.38500336335188, -4.018823162066189, -0.13710875717930637
2722, -0.019060850143432617, -0.1426990032196045, 1.0381031036376953, 0.028568506240844727, -0.8590415716171265, -0.02190685272216797, 0.9546277618408203, -1.7980015474138693, -5.384974158349007, -4.018820650115664, -0.137115568949854
2723, -0.019075632095336914, -0.14272856712341309, 1.038135051727295, 0.028586626052856445, -0.8590325117111206, -0.021915912628173828, 0.9546430206298828, -1.7980071351465787, -5.384980748696267, -4.0188217454540665, -0.13713047100586362
2724, -0.019060850143432617, -0.14274334907531738, 1.0381591320037842, 0.028568506240844727, -0.8590599298477173, -0.02189779281616211, 0.9546353149414063, -1.7980187797837113, -5.385011248418306, -4.018831913342266, -0.13713995350729213
2725, -0.019060850143432617, -0.14275074005126953, 1.038175106048584, 0.028577566146850586, -0.8590415716171265, -0.021915912628173828, 0.9546430206298828, -1.7980259067120474, -5.385046166096919, -4.018841744141455, -0.13713224158174864
2726, -0.019060850143432617, -0.14278769493103027, 1.0381910800933838, 0.028577566146850586, -0.8590232133865356, -0.02190685272216797, 0.9546430206298828, -1.7980238102316464, -5.3850377465384325, -4.018835877446402, -0.13712633666453566
2727, -0.019068241119384766, -0.14277291297912598, 1.0382070541381836, 0.028568506240844727, -0.8590325117111206, -0.02193427085876465, 0.9546353149414063, -1.7980275958654917, -5.384995446692961, -4.018831184704114, -0.13711052628804676
2728, -0.019068241119384766, -0.14278030395507812, 1.0382070541381836, 0.028568506240844727, -0.8590599298477173, -0.021915912628173828, 0.9546430206298828, -1.7980281839283587, -5.3849813051997755, -4.018832444128902, -0.13711770971957815
2729, -0.019075632095336914, -0.14280962944030762, 1.038215160369873, 0.028577566146850586, -0.8590325117111206, -0.02192521095275879, 0.9546505737304688, -1.7980421219221163, -5.384983820905992, -4.018834650954809, -0.1371046429392413
2730, -0.019060850143432617, -0.14280223846435547, 1.0382230281829834, 0.028577566146850586, -0.8590325117111206, -0.021915912628173828, 0.9546353149414063, -1.7980520394974975, -5.385000454631452, -4.01884229564231, -0.1371061890510692
2731, -0.01905345916748047, -0.14280962944030762, 1.0382390022277832, 0.028577566146850586, -0.8590599298477173, -0.02192521095275879, 0.9546277618408203, -1.798045385018054, -5.385018712393934, -4.018843300600372, -0.13709098296616684
2732, -0.019060850143432617, -0.14281725883483887, 1.038254976272583, 0.028577566146850586, -0.8590506315231323, -0.02192521095275879, 0.9546430206298828, -1.7980351824275342, -5.384994474664047, -4.018838830410957, -0.13707949495927174
2733, -0.019068241119384766, -0.14282464981079102, 1.0382709503173828, 0.028577566146850586, -0.8590415716171265, -0.02190685272216797, 0.9546353149414063, -1.79802717936959, -5.384966229706084, -4.018828112350947, -0.13707663096961653
2734, -0.019060850143432617, -0.1428391933441162, 1.038294792175293, 0.028586626052856445, -0.8589960336685181, -0.02189779281616211, 0.9546582794189453, -1.7980319733020815, -5.384965701844133, -4.0188330045242635, -0.1370697746004934
2735, -0.019060850143432617, -0.14282464981079102, 1.0383028984069824, 0.028577566146850586, -0.8590325117111206, -0.02190685272216797, 0.9546582794189453, -1.798045294609018, -5.384989549326965, -4.01884296079264, -0.13707028006078392
2736, -0.019068241119384766, -0.1428391933441162, 1.0383110046386719, 0.028577566146850586, -0.8590232133865356, -0.02188849449157715, 0.9546582794189453, -1.7980508155154162, -5.3850099197667545, -4.018847160663973, -0.13706708900962195
2737, -0.019068241119384766, -0.14283204078674316, 1.0383110046386719, 0.028559446334838867, -0.8590506315231323, -0.021915912628173828, 0.9546353149414063, -1.7980517918920151, -5.385012033024922, -4.018848240300375, -0.1370831075124137
2738, -0.019060850143432617, -0.14283204078674316, 1.0383267402648926, 0.028586626052856445, -0.8590325117111206, -0.02192521095275879, 0.9546505737304688, -1.7980419873726, -5.384998705977702, -4.018841188780738, -0.13707690526846683
2739, -0.019060850143432617, -0.14284658432006836, 1.0383267402648926, 0.028586626052856445, -0.8589960336685181, -0.021915912628173828, 0.9546505737304688, -1.7980368294374587, -5.384976122188305, -4.018836793081231, -0.13708960708606543
2740, -0.019068241119384766, -0.14286136627197266, 1.038334846496582, 0.028586626052856445, -0.8589960336685181, -0.021915912628173828, 0.9546505737304688, -1.7980411629460553, -5.3849692139404075, -4.018838469466997, -0.1370926197413791
2741, -0.019068241119384766, -0.14287638664245605, 1.0383429527282715, 0.028568506240844727, -0.8590415716171265, -0.02189779281616211, 0.9546430206298828, -1.7980465119290037, -5.384988324246063, -4.018843748081468, -0.13709888815329663
2742, -0.019083023071289062, -0.1428687572479248, 1.0383508205413818, 0.028586626052856445, -0.8590415716171265, -0.021915912628173828, 0.9546430206298828, -1.7980631564883143, -5.385018449962835, -4.018851169201403, -0.1371100126622693
2743, -0.019075632095336914, -0.14289093017578125, 1.0383508205413818, 0.028559446334838867, -0.8590141534805298, -0.02189779281616211, 0.9546505737304688, -1.7980589695875788, -5.385013138661949, -4.018846984838184, -0.1371048808026103
2744, -0.019075632095336914, -0.14287638664245605, 1.0383586883544922, 0.028559446334838867, -0.8590325117111206, -0.021915912628173828, 0.9546582794189453, -1.798061285590586, -5.3850001861487335, -4.018845180292268, -0.13710841901976156
2745, -0.019068241119384766, -0.14287638664245605, 1.0383586883544922, 0.028586626052856445, -0.8590325117111206, -0.02190685272216797, 0.9546505737304688, -1.798054123616233, -5.384976063838461, -4.018841945135373, -0.13711060732060698
2746, -0.019068241119384766, -0.14286136627197266, 1.0383586883544922, 0.028577566146850586, -0.8590415716171265, -0.021915912628173828, 0.9546505737304688, -1.798063302145908, -5.3849696778196225, -4.018844527852048, -0.13712178982736045
2747, -0.019075632095336914, -0.1428983211517334, 1.0383827686309814, 0.028568506240844727, -0.8590232133865356, -0.02189779281616211, 0.9546582794189453, -1.798079333647382, -5.385002316054452, -4.01885545764475, -0.1371447836314088
2748, -0.01905345916748047, -0.14301633834838867, 1.0385026931762695, 0.028586626052856445, -0.859078049659729, -0.02190685272216797, 0.9546505737304688, -1.7980795723752856, -5.385018715040405, -4.018850397592441, -0.13716247387468794
2749, -0.01905345916748047, -0.1435401439666748, 1.0395572185516357, 0.028586626052856445, -0.8594707250595093, -0.02187943458557129, 0.9546353149414063, -1.7980745286389301, -5.385007791972652, -4.018852212211023, -0.13714860724672562
2750, -0.01905345916748047, -0.14476418495178223, 1.0419061183929443, 0.028577566146850586, -0.8613334894180298, -0.021915912628173828, 0.9546505737304688, -1.7980419494403037, -5.3849913360997235, -4.018861536512656, -0.1371612793350634
2751, -0.01904582977294922, -0.14586281776428223, 1.0441112518310547, 0.028568506240844727, -0.8625844717025757, -0.02189779281616211, 0.9546430206298828, -1.7980268538661088, -5.384987313346127, -4.018864315114056, -0.13715846140990706
2752, -0.019031286239624023, -0.14840006828308105, 1.0492243766784668, 0.028577566146850586, -0.8643466234207153, -0.02189779281616211, 0.9546735382080078, -1.798034493666942, -5.3850047688093605, -4.018842891568353, -0.13713966287689416
2753, -0.019038677215576172, -0.1493513584136963, 1.0513339042663574, 0.028568506240844727, -0.8645931482315063, -0.02189779281616211, 0.9546277618408203, -1.798036700420217, -5.385018920236555, -4.018840072060712, -0.13712900592646093
2754, -0.019038677215576172, -0.15078949928283691, 1.0542738437652588, 0.028577566146850586, -0.8650223016738892, -0.02190685272216797, 0.9546735382080078, -1.7980430253844342, -5.385017933438242, -4.018827616505812, -0.13713541336500512
2755, -0.019038677215576172, -0.15275835990905762, 1.0580768585205078, 0.028577566146850586, -0.8666931390762329, -0.02188849449157715, 0.9546430206298828, -1.798056340600374, -5.384992983934459, -4.018832044687611, -0.1371212330690632
2756, -0.019038677215576172, -0.15386462211608887, 1.060338020324707, 0.028577566146850586, -0.8684920072555542, -0.02192521095275879, 0.9546658325195313, -1.7980497549778656, -5.384986586721303, -4.0188456090334475, -0.13711170597240674
2757, -0.01904582977294922, -0.15492653846740723, 1.0624711513519287, 0.028577566146850586, -0.8702453374862671, -0.02190685272216797, 0.9546735382080078, -1.7980598427273267, -5.384984636073952, -4.018861741985561, -0.13709542133836372
2758, -0.01905345916748047, -0.15738272666931152, 1.0673127174377441, 0.028577566146850586, -0.87305748462677, -0.021915912628173828, 0.9546735382080078, -1.7980842506952885, -5.385006294343906, -4.018868744025879, -0.13710407801372515
2759, -0.01905345916748047, -0.15806102752685547, 1.068655014038086, 0.028595924377441406, -0.8735412359237671, -0.021915912628173828, 0.9546810913085938, -1.7980799669029834, -5.385008082781771, -4.018862930006173, -0.13710398064915807
2760, -0.01905345916748047, -0.15930722653865814, 1.071251392364502, 0.028568506240844727, -0.8736053705215454, -0.02190685272216797, 0.9546430206298828, -1.798092058749982, -5.384995202363513, -4.0188525942231195, -0.13710895944682733
2761, -0.01905345916748047, -0.16027355194091797, 1.0732808113098145, 0.028577566146850586, -0.8736234903335571, -0.02190685272216797, 0.9546505737304688, -1.7981097738191842, -5.384976474607692, -4.018851577028403, -0.13710830532285367
2762, -0.01905345916748047, -0.16158628463745117, 1.076005220413208, 0.028568506240844727, -0.873641848564148, -0.02188849449157715, 0.9546353149414063, -1.7981184464723738, -5.384971776844046, -4.018848117081673, -0.13711298972140806
2763, -0.019068241119384766, -0.16227221488952637, 1.0773155689239502, 0.028568506240844727, -0.8736511468887329, -0.02190685272216797, 0.9546810913085938, -1.7981266731422305, -5.384970093464835, -4.018855647392771, -0.1371021016153673
2764, -0.019068241119384766, -0.1643226146697998, 1.0814540386199951, 0.028577566146850586, -0.8737515211105347, -0.02188849449157715, 0.9546430206298828, -1.798136656196157, -5.384980461840683, -4.0188658188341035, -0.1370985700995675
2765, -0.01904582977294922, -0.16567204892635345, 1.0842742919921875, 0.028577566146850586, -0.8753126859664917, -0.02187943458557129, 0.9546353149414063, -1.7981080037131933, -5.384994233874217, -4.018862101881224, -0.1371059846904279
2766, -0.01904582977294922, -0.16666768491268158, 1.0865354537963867, 0.028568506240844727, -0.8782895803451538, -0.02189779281616211, 0.9546430206298828, -1.7980931053471285, -5.3849943284080375, -4.018861149938785, -0.1371137278101786
2767, -0.01904582977294922, -0.16819405555725098, 1.0900907516479492, 0.028586626052856445, -0.882736086845398, -0.02189779281616211, 0.9546582794189453, -1.7980780113992496, -5.38498628379166, -4.018861656238274, -0.13709984630792071
2768, -0.019038677215576172, -0.16955852508544922, 1.0931825637817383, 0.028568506240844727, -0.8860505819320679, -0.021915912628173828, 0.9546353149414063, -1.7980492924039384, -5.384991356597708, -4.018865436010827, -0.13708570390597608
2769, -0.019038677215576172, -0.17105577886104584, 1.0965142250061035, 0.028595924377441406, -0.8889814615249634, -0.021915912628173828, 0.9546735382080078, -1.7980342927162685, -5.385001672998417, -4.018871336370004, -0.13708973418276837
2770, -0.019038677215576172, -0.17317962646484375, 1.1011321544647217, 0.028577566146850586, -0.8921042680740356, -0.02189779281616211, 0.9546735382080078, -1.7980362017742755, -5.385005804991165, -4.018863069933806, -0.13707324141270938
2771, -0.01904582977294922, -0.1746988147497177, 1.1045198440551758, 0.028577566146850586, -0.8937662839889526, -0.02188849449157715, 0.9546658325195313, -1.7980240931249223, -5.3850122067951895, -4.018841692429119, -0.13707932472589768
2772, -0.019016504287719727, -0.17719149589538574, 1.1099843978881836, 0.028595924377441406, -0.8963044881820679, -0.02189779281616211, 0.9546505737304688, -1.798007134616717, -5.385004088045692, -4.018817331383869, -0.1370707260551427
2773, -0.019023895263671875, -0.18028903007507324, 1.1165359020233154, 0.028577566146850586, -0.8997012376785278, -0.02189779281616211, 0.9546505737304688, -1.7980237096358012, -5.38499856840607, -4.018823147416137, -0.13706887444799154
2774, -0.019016504287719727, -0.18198537826538086, 1.11989164352417, 0.028586626052856445, -0.9011622667312622, -0.02188849449157715, 0.9546582794189453, -1.7980205968725802, -5.385005958777016, -4.01883455165575, -0.13706285206236135
2775, -0.019023895263671875, -0.18370342254638672, 1.1232631206512451, 0.028577566146850586, -0.9024771451950073, -0.021915912628173828, 0.9546430206298828, -1.7980234348006165, -5.385010002199841, -4.018849824955987, -0.1370655740891884
2776, -0.019023895263671875, -0.18532633781433105, 1.1266345977783203, 0.028586626052856445, -0.9039105176925659, -0.02189779281616211, 0.9546505737304688, -1.7980396473600944, -5.385013112470972, -4.018862468209584, -0.1370538088599833
2777, -0.019031286239624023, -0.1869044303894043, 1.1300063133239746, 0.028595924377441406, -0.9056364297866821, -0.02187943458557129, 0.9546505737304688, -1.798043155923506, -5.385010152491638, -4.018859606010075, -0.1370578391372126
2778, -0.019023895263671875, -0.18947815895080566, 1.1354069709777832, 0.028577566146850586, -0.9082750082015991, -0.02192521095275879, 0.9546505737304688, -1.7980518394822267, -5.3850006627779345, -4.018863425744076, -0.1370654172608532
2779, -0.019031286239624023, -0.19042205810546875, 1.1375961303710938, 0.028595924377441406, -0.9095076322555542, -0.02189779281616211, 0.9546505737304688, -1.7980579331077744, -5.384998480462222, -4.018864192128423, -0.13706543883030875
2780, -0.019031286239624023, -0.1924428939819336, 1.141918659210205, 0.028586626052856445, -0.911763072013855, -0.02189779281616211, 0.9546430206298828, -1.7980796515317967, -5.385002696097784, -4.0188756471376985, -0.13707671200429328
2781, -0.019023895263671875, -0.19408750534057617, 1.1452500820159912, 0.028586626052856445, -0.9136806726455688, -0.02189779281616211, 0.9546658325195313, -1.7980835501352823, -5.385008374903265, -4.018880803736457, -0.13710574452263735
2782, -0.01900935173034668, -0.19613027572631836, 1.1497163772583008, 0.028586626052856445, -0.91639244556427, -0.02189779281616211, 0.9546505737304688, -1.7980808855810204, -5.385021333897658, -4.0188917156361414, -0.13712998711212876
2783, -0.019016504287719727, -0.19928693771362305, 1.1563873291015625, 0.028568506240844727, -0.9207113981246948, -0.02188849449157715, 0.9546658325195313, -1.798068725801162, -5.38502466910888, -4.018900350385232, -0.13713855459203916
2784, -0.019023895263671875, -0.20038579404354095, 1.158592700958252, 0.028595924377441406, -0.9220350980758667, -0.02190685272216797, 0.9546735382080078, -1.7980626335929815, -5.385025877666096, -4.018905218521347, -0.13715505029828545
2785, -0.019023895263671875, -0.2041909545660019, 1.1661746501922607, 0.028559446334838867, -0.926071047782898, -0.021915912628173828, 0.9546735382080078, -1.79803388298073, -5.385028743821721, -4.01893366550923, -0.13719068125397182
2786, -0.01900196075439453, -0.20627093315124512, 1.1702971458435059, 0.028577566146850586, -0.9276782274246216, -0.02189779281616211, 0.9546582794189453, -1.798025091605482, -5.38502557328254, -4.018958315299881, -0.13718448195333366
2787, -0.019023895263671875, -0.21074748039245605, 1.1794133186340332, 0.028586626052856445, -0.9321430921554565, -0.02189779281616211, 0.9546735382080078, -1.7979808559252888, -5.385036126377208, -4.018985117117753, -0.1371619021073096
2788, -0.018986940383911133, -0.21420621871948242, 1.1866836547851562, 0.028577566146850586, -0.9358137845993042, -0.02187943458557129, 0.9546582794189453, -1.7979586393783558, -5.385045750467117, -4.019000270707677, -0.13713772189629658
2789, -0.01895761489868164, -0.22245144844055176, 1.2035894393920898, 0.028614044189453125, -0.9439219236373901, -0.02188849449157715, 0.9546658325195313, -1.7978847227793553, -5.385100027027994, -4.019109884080161, -0.13709759286099477
2790, -0.018950223922729492, -0.22459004819393158, 1.2078557014465332, 0.028595924377441406, -0.9462593793869019, -0.02188849449157715, 0.9546582794189453, -1.7978490353151582, -5.385110955150752, -4.019147623006459, -0.1371075295417601
2791, -0.019038677215576172, -0.23498128354549408, 1.227797508239746, 0.028577566146850586, -0.9572347402572632, -0.02185201644897461, 0.9546505737304688, -1.7976943663111018, -5.3851797327857165, -4.019359431244516, -0.13702218541254219
2792, -0.018950223922729492, -0.2370612621307373, 1.2317922115325928, 0.028568506240844727, -0.9590972661972046, -0.02188849449157715, 0.9546582794189453, -1.797640494782851, -5.385206555610826, -4.019403218481107, -0.13706248750493089
2793, -0.018935203552246094, -0.23869085311889648, 1.2348203659057617, 0.028586626052856445, -0.9607683420181274, -0.02186131477355957, 0.9546505737304688, -1.7975953379010945, -5.38518380757983, -4.019430480173091, -0.13707043354941018
2794, -0.0189206600189209, -0.2408737987279892, 1.2388468980789185, 0.028577566146850586, -0.9629141092300415, -0.02187037467956543, 0.9546582794189453, -1.7975257735683656, -5.385140356813, -4.019464912336742, -0.13706107723888739
2795, -0.018950223922729492, -0.24251842498779297, 1.2418429851531982, 0.028577566146850586, -0.9640005826950073, -0.02184295654296875, 0.9546582794189453, -1.7974750802057504, -5.38511080400155, -4.019490597271244, -0.13704522130527064
2796, -0.018942832946777344, -0.24409650266170502, 1.2447670698165894, 0.028586626052856445, -0.9648956060409546, -0.02184295654296875, 0.9546505737304688, -1.7974444497834392, -5.385128877082776, -4.0195352347520705, -0.13705618673045894
2797, -0.0189206600189209, -0.24630188941955566, 1.2489535808563232, 0.028577566146850586, -0.9669681787490845, -0.02185201644897461, 0.9546582794189453, -1.7974086950589083, -5.3851769706823545, -4.0196002959131185, -0.13704834825162937
2798, -0.0189058780670166, -0.24851441383361816, 1.2531720399856567, 0.028577566146850586, -0.9691230058670044, -0.02183389663696289, 0.9546582794189453, -1.7973610608147665, -5.385251212996577, -4.019666194663831, -0.1370769623955086
2799, -0.0189058780670166, -0.2501664161682129, 1.2563518285751343, 0.028577566146850586, -0.9707299470901489, -0.02182459831237793, 0.9546505737304688, -1.7973196793146817, -5.385270102381037, -4.019714594569302, -0.1370851396299715
2800, -0.0189206600189209, -0.2518625259399414, 1.2595317363739014, 0.028595924377441406, -0.9724010229110718, -0.02184295654296875, 0.9546810913085938, -1.7972764391671627, -5.385244748844075, -4.01976576968572, -0.1370934142353848
2801, -0.01891326904296875, -0.25429630279541016, 1.2638061046600342, 0.028577566146850586, -0.9739075899124146, -0.02180647850036621, 0.9546430206298828, -1.7971922303060412, -5.385165889504916, -4.019825051690632, -0.1370724619496615
2802, -0.018972396850585938, -0.25656771659851074, 1.2680084705352783, 0.028577566146850586, -0.9760624170303345, -0.02183389663696289, 0.9546582794189453, -1.797122802749007, -5.385146226721901, -4.019913341144922, -0.13706508724474187
2803, -0.018994569778442383, -0.25821971893310547, 1.2710925340652466, 0.028586626052856445, -0.9778977632522583, -0.02182459831237793, 0.9546505737304688, -1.7970891901530905, -5.385177011342083, -4.020005988009923, -0.13707537994223973
2804, -0.018979549407958984, -0.2617819309234619, 1.2772923707962036, 0.028586626052856445, -0.981887936592102, -0.02178812026977539, 0.9546735382080078, -1.7970322376045669, -5.385309753926143, -4.020196205501525, -0.13708891042109794
2805, -0.01878809928894043, -0.27176761627197266, 1.2944058179855347, 0.028568506240844727, -0.9897130727767944, -0.02182459831237793, 0.9546582794189453, -1.7967968183528482, -5.3852690720915914, -4.02060054984918, -0.13715194475937942
2806, -0.018846988677978516, -0.27468061447143555, 1.2992874383926392, 0.028604984283447266, -0.9913657903671265, -0.02180647850036621, 0.9546505737304688, -1.796800771943741, -5.385380489469267, -4.020752633124998, -0.1371376250196663
2807, -0.01883220672607422, -0.2771880626678467, 1.3034418821334839, 0.028577566146850586, -0.9936484098434448, -0.02181553840637207, 0.9546658325195313, -1.7967757427406112, -5.385450376646234, -4.0208558525763705, -0.1370984987004693
2808, -0.018861770629882812, -0.27968811988830566, 1.3075724840164185, 0.028577566146850586, -0.995538592338562, -0.02184295654296875, 0.9546582794189453, -1.7967133919705418, -5.385404598969397, -4.020939893477789, -0.13705809603687413
2809, -0.01882457733154297, -0.28220272064208984, 1.3116791248321533, 0.028568506240844727, -0.9972368478775024, -0.02178812026977539, 0.9546658325195313, -1.796643681358936, -5.385360055410183, -4.021022583241128, -0.1370164243432317
2810, -0.018854379653930664, -0.283405065536499, 1.313684344291687, 0.028577566146850586, -0.9980860948562622, -0.02179741859436035, 0.9546735382080078, -1.796618298638442, -5.38534820502468, -4.021070133568055, -0.13699524433563148
2811, -0.018861770629882812, -0.2879183292388916, 1.3207870721817017, 0.028586626052856445, -1.000177025794983, -0.02179741859436035, 0.9546582794189453, -1.796566003754359, -5.385388480588644, -4.021291287014589, -0.13695899849952653
2812, -0.018876314163208008, -0.29045557975769043, 1.3248536586761475, 0.028568506240844727, -1.0023409128189087, -0.02180647850036621, 0.9546505737304688, -1.7965479399118345, -5.38543208316179, -4.021440133375172, -0.1369086614291195
2813, -0.018891334533691406, -0.29288196563720703, 1.328856348991394, 0.028586626052856445, -1.0047422647476196, -0.02183389663696289, 0.9546582794189453, -1.7965164827194287, -5.38547981326642, -4.021590057788601, -0.13690193966452835
2814, -0.018876314163208008, -0.29535961151123047, 1.33287513256073, 0.028586626052856445, -1.0069612264633179, -0.02177906036376953, 0.9546658325195313, -1.7964613397860798, -5.38547293322449, -4.0217175141594765, -0.13690031870495645
2815, -0.018861770629882812, -0.2976827621459961, 1.3366941213607788, 0.028586626052856445, -1.0084220170974731, -0.02178812026977539, 0.9546658325195313, -1.796410314294257, -5.385457599920393, -4.021840290824513, -0.13690843707845968
2816, -0.018854379653930664, -0.29934215545654297, 1.3394824266433716, 0.028586626052856445, -1.009846568107605, -0.021760940551757812, 0.9546430206298828, -1.7963829949720567, -5.3854555379080296, -4.0219339624853685, -0.1369120665702468
2817, -0.018861770629882812, -0.30100154876708984, 1.342342734336853, 0.028577566146850586, -1.0119739770889282, -0.02178812026977539, 0.9546810913085938, -1.7963739040161042, -5.385470236245189, -4.02203831591698, -0.1369049740526398
2818, -0.0189206600189209, -0.30319929122924805, 1.3462096452713013, 0.028577566146850586, -1.0146676301956177, -0.02179741859436035, 0.9546658325195313, -1.7963459239697612, -5.385487884294932, -4.022166260808801, -0.13689721011483424
2819, -0.018928050994873047, -0.30489563941955566, 1.3491417169570923, 0.028568506240844727, -1.0161925554275513, -0.02178812026977539, 0.9546735382080078, -1.7963383071087007, -5.385506213447987, -4.022268576621975, -0.13690845731185952
2820, -0.0189206600189209, -0.3072481155395508, 1.3531444072723389, 0.028586626052856445, -1.0175710916519165, -0.02175164222717285, 0.9546582794189453, -1.7962935415438241, -5.385515596640659, -4.022379478047019, -0.13693070811331776
2821, -0.018950223922729492, -0.3095858097076416, 1.3571711778640747, 0.028577566146850586, -1.0192331075668335, -0.02175164222717285, 0.9546430206298828, -1.7962536821765513, -5.385517775174003, -4.022494983876474, -0.13694856357849616
2822, -0.018928050994873047, -0.31307435035705566, 1.3632032871246338, 0.028577566146850586, -1.0219722986221313, -0.02175164222717285, 0.9546810913085938, -1.7961902229514877, -5.38551546539425, -4.022664628591117, -0.13700087302343533
2823, -0.018928050994873047, -0.3148074150085449, 1.366199254989624, 0.028577566146850586, -1.0232139825820923, -0.02175164222717285, 0.9546505737304688, -1.796163292084362, -5.385491983234974, -4.022752786288411, -0.1370260350767003
2824, -0.018883943557739258, -0.3165109157562256, 1.369219422340393, 0.028559446334838867, -1.0246931314468384, -0.021733522415161133, 0.9546658325195313, -1.7961284766314114, -5.385476871046955, -4.0228410310744405, -0.13702851086872236
2825, -0.0189206600189209, -0.31891509890556335, 1.3730942010879517, 0.028586626052856445, -1.0256885290145874, -0.021742582321166992, 0.9546887969970703, -1.7961088164020031, -5.3854737069481065, -4.022981451375453, -0.1370502579432591
2826, -0.0189058780670166, -0.3207513988018036, 1.3759464025497437, 0.028577566146850586, -1.026546835899353, -0.021660327911376953, 0.9546505737304688, -1.7960706402050917, -5.385465355606811, -4.023081634371958, -0.1370593919167602
2827, -0.018891334533691406, -0.323148250579834, 1.3797495365142822, 0.028595924377441406, -1.0283182859420776, -0.021678686141967773, 0.9546735382080078, -1.7960456205060036, -5.385510352113918, -4.023226010834489, -0.13707054552674247
2828, -0.018861770629882812, -0.32486674189567566, 1.3825377225875854, 0.028595924377441406, -1.0298248529434204, -0.021651268005371094, 0.9546658325195313, -1.7960079920055507, -5.38553012127612, -4.023319841706704, -0.13709192778041235
2829, -0.018846988677978516, -0.327573299407959, 1.3869799375534058, 0.028586626052856445, -1.0319615602493286, -0.021669626235961914, 0.9546505737304688, -1.7959816481813855, -5.38556715513454, -4.023481397300006, -0.13710693354322512
2830, -0.018817424774169922, -0.32869434356689453, 1.3888334035873413, 0.028550148010253906, -1.033084511756897, -0.021642208099365234, 0.9546658325195313, -1.7959588439616327, -5.3855421412965825, -4.023535321641968, -0.13711493564463773
2831, -0.01883220672607422, -0.33031678199768066, 1.3915499448776245, 0.028577566146850586, -1.0343354940414429, -0.021642208099365234, 0.9546810913085938, -1.7959218891495485, -5.385497716558841, -4.023613313207548, -0.13711596797929548
2832, -0.018773317337036133, -0.33263254165649414, 1.3952491283416748, 0.028550148010253906, -1.0358694791793823, -0.021623849868774414, 0.9546430206298828, -1.7958674235399994, -5.385438683506225, -4.023719897907051, -0.13711061851382667
2833, -0.018810033798217773, -0.33481547236442566, 1.398948073387146, 0.028568506240844727, -1.037878394126892, -0.021623849868774414, 0.9546964263916016, -1.7958233665147763, -5.385427123171097, -4.023843132118736, -0.1371085687216329
2834, -0.01883220672607422, -0.33658549189567566, 1.4016486406326294, 0.028568506240844727, -1.0384992361068726, -0.021605491638183594, 0.9546964263916016, -1.7957973311191404, -5.38547712901377, -4.023972763585763, -0.13707537742184073
2835, -0.01883220672607422, -0.33741140365600586, 1.4027591943740845, 0.028559446334838867, -1.0381613969802856, -0.021605491638183594, 0.9546505737304688, -1.7958050792848543, -5.385541110266021, -4.0240687432275335, -0.1370660087026465
2836, -0.018765687942504883, -0.3379499912261963, 1.4034463167190552, 0.028586626052856445, -1.03846275806427, -0.021587371826171875, 0.9546964263916016, -1.7958160895441682, -5.385586451576947, -4.0241430873558235, -0.1370638698690767
2837, -0.018751144409179688, -0.33834075927734375, 1.4035661220550537, 0.028577566146850586, -1.0383528470993042, -0.021660327911376953, 0.9546658325195313, -1.7958171342548912, -5.385573943218796, -4.024213584396842, -0.13705814129947225
2838, -0.01869940757751465, -0.33859872817993164, 1.4035980701446533, 0.028586626052856445, -1.038371205329895, -0.021605491638183594, 0.9546505737304688, -1.7958169327233475, -5.385522478151637, -4.024264729470832, -0.13705121516607388
2839, -0.018706798553466797, -0.3390045166015625, 1.403581976890564, 0.028586626052856445, -1.0383437871932983, -0.021605491638183594, 0.9546582794189453, -1.7957972282735577, -5.385436701033627, -4.024329166702471, -0.13699781676621914
2840, -0.018773317337036133, -0.33945441246032715, 1.4036699533462524, 0.028595924377441406, -1.0384079217910767, -0.021596431732177734, 0.9546887969970703, -1.7958015461200048, -5.385423085668899, -4.024415966288212, -0.1369500520345346
2841, -0.018728971481323242, -0.34030985832214355, 1.4040614366531372, 0.028577566146850586, -1.0383437871932983, -0.021596431732177734, 0.9546658325195313, -1.7958155688234845, -5.385498766861053, -4.024567467896193, -0.13689965605166776
2842, -0.01874375343322754, -0.3405606746673584, 1.4042532444000244, 0.028577566146850586, -1.0383802652359009, -0.021578073501586914, 0.9546735382080078, -1.795820499787889, -5.385535913587822, -4.024611953884474, -0.13689836450690596
2843, -0.018728971481323242, -0.34095144271850586, 1.4045169353485107, 0.028586626052856445, -1.0383073091506958, -0.021605491638183594, 0.9546430206298828, -1.7958035644760664, -5.385557423920821, -4.024660973788012, -0.13690417054893445
2844, -0.018588781356811523, -0.3415193557739258, 1.4050681591033936, 0.028577566146850586, -1.0383895635604858, -0.021569013595581055, 0.9546810913085938, -1.7957849828292725, -5.385527514494584, -4.024720524901774, -0.13690943227109198
2845, -0.018640518188476562, -0.3420426845550537, 1.4054596424102783, 0.028577566146850586, -1.0383347272872925, -0.021605491638183594, 0.9546810913085938, -1.7957581127388516, -5.385474405070669, -4.024764331851575, -0.1369057178071369
2846, -0.01864767074584961, -0.3424043655395508, 1.4057952165603638, 0.028595924377441406, -1.0383621454238892, -0.021559953689575195, 0.9546735382080078, -1.7957434168099906, -5.38545076927061, -4.024806115834135, -0.136903789836051
2847, -0.018596172332763672, -0.3429131507873535, 1.4062665700912476, 0.028586626052856445, -1.0383073091506958, -0.021587371826171875, 0.9546658325195313, -1.7957528894106756, -5.3854538236477, -4.024880190062461, -0.136880925334963
2848, -0.018713951110839844, -0.34352514147758484, 1.4067858457565308, 0.028595924377441406, -1.038371205329895, -0.021569013595581055, 0.9546887969970703, -1.7957759128491404, -5.385514161517521, -4.0249662674882964, -0.136864070181276
2849, -0.018751144409179688, -0.343930721282959, 1.4071214199066162, 0.028568506240844727, -1.0383073091506958, -0.021605491638183594, 0.9546505737304688, -1.7957826900776654, -5.38555352577214, -4.025027556042398, -0.13685556391397036
2850, -0.018670082092285156, -0.3448307514190674, 1.4079283475875854, 0.028577566146850586, -1.0383437871932983, -0.021569013595581055, 0.9546658325195313, -1.7957653168024337, -5.385536664721837, -4.025119479449228, -0.13685342962533742
2851, -0.018728971481323242, -0.3454132080078125, 1.4083517789840698, 0.028577566146850586, -1.03829824924469, -0.021559953689575195, 0.9546887969970703, -1.7957398638649233, -5.385483076349932, -4.025168274250928, -0.13686012247300372
2852, -0.01874375343322754, -0.3460400104522705, 1.4088151454925537, 0.028586626052856445, -1.0383073091506958, -0.021559953689575195, 0.9546505737304688, -1.7957129143496882, -5.3854364478127055, -4.025218520159334, -0.13687457678500348
2853, -0.01869940757751465, -0.3468143939971924, 1.4093505144119263, 0.028559446334838867, -1.0383163690567017, -0.021569013595581055, 0.9546658325195313, -1.795708605126324, -5.385422840003054, -4.025302476235437, -0.1368758299791768
2854, -0.01878070831298828, -0.34750768542289734, 1.4097739458084106, 0.028586626052856445, -1.038371205329895, -0.021550655364990234, 0.9546964263916016, -1.7957378741010042, -5.385494565024461, -4.025399544800941, -0.1368808068516998
2855, -0.018773317337036133, -0.3480386435985565, 1.410077452659607, 0.028586626052856445, -1.0383163690567017, -0.021578073501586914, 0.9546658325195313, -1.7957568612553279, -5.3855373118940815, -4.025459766277398, -0.13689893219665983
2856, -0.018655061721801758, -0.34876129031181335, 1.4105409383773804, 0.028586626052856445, -1.0383437871932983, -0.021532535552978516, 0.9546658325195313, -1.7957604994126537, -5.385550289956365, -4.025520952763428, -0.13694100255975705
2857, -0.018670082092285156, -0.34924817085266113, 1.4107725620269775, 0.028568506240844727, -1.0383528470993042, -0.021550655364990234, 0.9546810913085938, -1.7957503592458424, -5.385521156149266, -4.0255560020628165, -0.13697495994269016
2858, -0.018655061721801758, -0.3499488830566406, 1.4111801385879517, 0.028595924377441406, -1.0383528470993042, -0.021523475646972656, 0.9546582794189453, -1.795714989476966, -5.385428852142558, -4.025589689668294, -0.13700996688241585
2859, -0.018655061721801758, -0.35050201416015625, 1.411483645439148, 0.028568506240844727, -1.0383256673812866, -0.021550655364990234, 0.9546658325195313, -1.7957007422780316, -5.385397889551595, -4.025644809384777, -0.13700128661908906
2860, -0.018758296966552734, -0.3510400950908661, 1.4117792844772339, 0.028586626052856445, -1.0383621454238892, -0.021532535552978516, 0.9546735382080078, -1.7957120640435402, -5.385453755662515, -4.025712607541113, -0.1369986441518849
2861, -0.01874375343322754, -0.351534366607666, 1.41205894947052, 0.028586626052856445, -1.0383347272872925, -0.021550655364990234, 0.9546735382080078, -1.795737216189218, -5.385529895143851, -4.025775791581064, -0.13699664480020424
2862, -0.018706798553466797, -0.351969450712204, 1.4123305082321167, 0.028568506240844727, -1.0383347272872925, -0.021505117416381836, 0.9546810913085938, -1.7957402065458241, -5.385572367812651, -4.025818262670426, -0.13702396704941933
2863, -0.0186920166015625, -0.3522939682006836, 1.412506341934204, 0.028577566146850586, -1.0383256673812866, -0.021550655364990234, 0.9546735382080078, -1.79572177159162, -5.385542320327214, -4.0258234131788875, -0.1370429262843329
2864, -0.018625736236572266, -0.35275864601135254, 1.4128497838974, 0.028586626052856445, -1.0383528470993042, -0.021514177322387695, 0.9546735382080078, -1.7956719978605549, -5.3854209727074505, -4.025802492078326, -0.13705118354567514
2865, -0.018625736236572266, -0.35289883613586426, 1.4129058122634888, 0.028577566146850586, -1.0383163690567017, -0.021514177322387695, 0.9546582794189453, -1.795660666636219, -5.38539545907152, -4.025802730335183, -0.1370525371208089
2866, -0.01864767074584961, -0.3531789779663086, 1.4131295680999756, 0.028568506240844727, -1.0383256673812866, -0.021523475646972656, 0.9546810913085938, -1.7956555082853165, -5.385421645667357, -4.025831670804872, -0.13705236513287922
2867, -0.018655061721801758, -0.3533930480480194, 1.4132813215255737, 0.028577566146850586, -1.0383437871932983, -0.021523475646972656, 0.9546735382080078, -1.79567275730142, -5.385483483596964, -4.0258653516992595, -0.13703650244615684
2868, -0.018662691116333008, -0.3536951243877411, 1.4135210514068604, 0.028586626052856445, -1.0383437871932983, -0.021505117416381836, 0.9546735382080078, -1.7956928305833306, -5.385564482532811, -4.025912509205961, -0.13702400573265727
2869, -0.018618345260620117, -0.35398268699645996, 1.4137526750564575, 0.028568506240844727, -1.0383437871932983, -0.021514177322387695, 0.9546505737304688, -1.7956789187192996, -5.385577023314291, -4.025928605485197, -0.137042632730501
2870, -0.01860332489013672, -0.3541450500488281, 1.413920521736145, 0.028568506240844727, -1.0383347272872925, -0.021450519561767578, 0.9546735382080078, -1.7956457801253412, -5.385521662953345, -4.025917297278178, -0.13705337911468263
2871, -0.018596172332763672, -0.3542630672454834, 1.4140242338180542, 0.028595924377441406, -1.0383347272872925, -0.021505117416381836, 0.9546810913085938, -1.7956146140013183, -5.385465915354857, -4.025905361090196, -0.1370583902345306
2872, -0.018596172332763672, -0.3543663024902344, 1.4141441583633423, 0.028577566146850586, -1.0383437871932983, -0.021468639373779297, 0.9546658325195313, -1.7955920166361303, -5.385437064650419, -4.0258985660438835, -0.1370483639307265
2873, -0.01864767074584961, -0.3544623851776123, 1.4142481088638306, 0.028577566146850586, -1.0383347272872925, -0.021459579467773438, 0.9546658325195313, -1.795598703644796, -5.385474860246545, -4.025922329400097, -0.13700253998250833
2874, -0.018662691116333008, -0.35448431968688965, 1.4142720699310303, 0.028586626052856445, -1.0383802652359009, -0.021468639373779297, 0.9546810913085938, -1.7956096239839652, -5.385503818891887, -4.025940490723087, -0.13698230015526303
2875, -0.018662691116333008, -0.3546171188354492, 1.4143198728561401, 0.028586626052856445, -1.038371205329895, -0.021477699279785156, 0.9546735382080078, -1.7956205171437023, -5.3855442146445585, -4.025967667622955, -0.1369697587212082
2876, -0.018655061721801758, -0.3548235595226288, 1.414455771446228, 0.028586626052856445, -1.0383347272872925, -0.021468639373779297, 0.9546735382080078, -1.7956026809878116, -5.385529210974884, -4.025968935207301, -0.13697002307358552
2877, -0.01861095428466797, -0.355074405670166, 1.414663553237915, 0.028595924377441406, -1.0383528470993042, -0.021450519561767578, 0.9546505737304688, -1.7955723650962911, -5.385491839721395, -4.025965224743371, -0.13697928029547057
2878, -0.01860332489013672, -0.3552513122558594, 1.4148792028427124, 0.028568506240844727, -1.0383437871932983, -0.021468639373779297, 0.9546505737304688, -1.7955516148873656, -5.385476345819917, -4.025971889382296, -0.13697035994307338
2879, -0.018596172332763672, -0.35553884506225586, 1.415206789970398, 0.028595924377441406, -1.0383256673812866, -0.021486997604370117, 0.9546735382080078, -1.7955366310621579, -5.385489758572715, -4.025986668161421, -0.13698574432190558
2880, -0.01861095428466797, -0.35576748847961426, 1.4154703617095947, 0.028586626052856445, -1.0383528470993042, -0.021441221237182617, 0.9546735382080078, -1.7955402635197966, -5.385525970489415, -4.026010884604691, -0.1369772551360029
2881, -0.018640518188476562, -0.3561069965362549, 1.41582190990448, 0.028568506240844727, -1.0383528470993042, -0.021477699279785156, 0.9546658325195313, -1.7955375550585382, -5.385555624831333, -4.026027604939464, -0.13699306927655286
2882, -0.018640518188476562, -0.3563501536846161, 1.416117548942566, 0.028586626052856445, -1.0383437871932983, -0.021441221237182617, 0.9546735382080078, -1.795530003475158, -5.385542755058539, -4.026033433651114, -0.13699692505031358
2883, -0.018618345260620117, -0.3567337989807129, 1.416477084159851, 0.028586626052856445, -1.0383528470993042, -0.021441221237182617, 0.9546658325195313, -1.7955019280748967, -5.385491047503029, -4.026021812725505, -0.1370256535693004
2884, -0.018625736236572266, -0.35699936747550964, 1.416732668876648, 0.028568506240844727, -1.0383528470993042, -0.021450519561767578, 0.9546658325195313, -1.7954787539835617, -5.385447772070813, -4.026019146621988, -0.1370348753478705
2885, -0.018670082092285156, -0.357279509305954, 1.416932463645935, 0.028577566146850586, -1.0383347272872925, -0.021432161331176758, 0.9546735382080078, -1.7954550687628932, -5.385434888537723, -4.026021064775587, -0.13702598327348348
2886, -0.01869940757751465, -0.357419490814209, 1.4170364141464233, 0.028586626052856445, -1.0383437871932983, -0.021432161331176758, 0.9546810913085938, -1.795470284561062, -5.3854660514817745, -4.026048768730755, -0.13699944726625635
2887, -0.018728971481323242, -0.35762619972229004, 1.4171322584152222, 0.028577566146850586, -1.0383621454238892, -0.02141404151916504, 0.9546735382080078, -1.7954904775765803, -5.3855380671736475, -4.02608054667948, -0.13699311103865242
2888, -0.0186920166015625, -0.3577439785003662, 1.417188286781311, 0.028586626052856445, -1.0383528470993042, -0.02141404151916504, 0.9546658325195313, -1.7955034186006995, -5.385582530549445, -4.026092237043699, -0.13702357867643045
2889, -0.018618345260620117, -0.3578767478466034, 1.4172041416168213, 0.028577566146850586, -1.0383347272872925, -0.021441221237182617, 0.9546658325195313, -1.7954950316995264, -5.385576943757244, -4.026090955545483, -0.13707578051989255
2890, -0.01856684684753418, -0.3579580783843994, 1.4172121286392212, 0.028577566146850586, -1.0383437871932983, -0.0214231014251709, 0.9546735382080078, -1.7954725822161655, -5.385540040308604, -4.026071614451373, -0.13712248871509658
2891, -0.018552064895629883, -0.3580169677734375, 1.4172202348709106, 0.028577566146850586, -1.0383256673812866, -0.0214231014251709, 0.9546658325195313, -1.7954489865111334, -5.385496534820521, -4.026051844473006, -0.13712133339653043
2892, -0.018573999404907227, -0.3580613136291504, 1.4172202348709106, 0.028577566146850586, -1.0383528470993042, -0.02141404151916504, 0.9546658325195313, -1.795442643330231, -5.385497756068258, -4.026046582258732, -0.13711816793227527
2893, -0.018581390380859375, -0.3580758571624756, 1.4172202348709106, 0.028577566146850586, -1.0383621454238892, -0.021441221237182617, 0.9546810913085938, -1.7954463153951212, -5.385525380978786, -4.026053266674736, -0.13708511753069264
2894, -0.01856684684753418, -0.3581056296825409, 1.417228102684021, 0.028577566146850586, -1.0383621454238892, -0.02138662338256836, 0.9546735382080078, -1.7954503474484367, -5.385566060354967, -4.026050396563895, -0.13707811312432217
2895, -0.018552064895629883, -0.358164519071579, 1.4172600507736206, 0.028586626052856445, -1.0383437871932983, -0.02138662338256836, 0.9546658325195313, -1.7954378057700917, -5.385557726837118, -4.026036352198754, -0.13705528829256064
2896, -0.01855945587158203, -0.358164519071579, 1.4172440767288208, 0.028586626052856445, -1.0383528470993042, -0.021404743194580078, 0.9546735382080078, -1.7954304860338057, -5.3855375196522814, -4.026028094350162, -0.1370381163176111
2897, -0.01856684684753418, -0.35820862650871277, 1.4172440767288208, 0.028586626052856445, -1.0383528470993042, -0.02141404151916504, 0.9546735382080078, -1.795412441528603, -5.385512398716832, -4.026016226285028, -0.13701722872557198
2898, -0.01855945587158203, -0.3582456111907959, 1.417228102684021, 0.028577566146850586, -1.0383437871932983, -0.0214231014251709, 0.9546735382080078, -1.7954052000588043, -5.385514760187698, -4.026010438771554, -0.13699372810385402
2899, -0.018552064895629883, -0.3582601547241211, 1.4172600507736206, 0.028586626052856445, -1.038371205329895, -0.02139568328857422, 0.9546735382080078, -1.7954064358619155, -5.385538390571894, -4.026017460639077, -0.13698910406241982
2900, -0.018552064895629883, -0.3582899570465088, 1.4172521829605103, 0.028559446334838867, -1.0383802652359009, -0.02138662338256836, 0.9546735382080078, -1.7954118221405542, -5.385567135340038, -4.026018666533476, -0.1369946216539608
2901, -0.018544435501098633, -0.35829710960388184, 1.4172841310501099, 0.028586626052856445, -1.0383347272872925, -0.02141404151916504, 0.9546658325195313, -1.795421793843499, -5.385580010933387, -4.026019612776182, -0.1369992188632061
2902, -0.01855945587158203, -0.358304500579834, 1.4172999858856201, 0.028568506240844727, -1.0383802652359009, -0.0214231014251709, 0.9546582794189453, -1.7954097506033433, -5.385560255124496, -4.026002866261436, -0.1370098689227568
2903, -0.01856684684753418, -0.3583192527294159, 1.4173160791397095, 0.028595924377441406, -1.0383528470993042, -0.021404743194580078, 0.9546887969970703, -1.7953922859604263, -5.385522638659119, -4.025987593830431, -0.13700961090870045
2904, -0.018581390380859375, -0.35832688212394714, 1.4173400402069092, 0.028577566146850586, -1.038371205329895, -0.02138662338256836, 0.9546810913085938, -1.7953860826521726, -5.38551442346857, -4.0259845222436, -0.13702778869137333
2905, -0.018581390380859375, -0.3583343029022217, 1.417348027229309, 0.028586626052856445, -1.0383802652359009, -0.021404743194580078, 0.9546505737304688, -1.7953831945415875, -5.385523246418374, -4.025984701419, -0.13704818855572043
2906, -0.018596172332763672, -0.3583635985851288, 1.4173558950424194, 0.028586626052856445, -1.0383437871932983, -0.02138662338256836, 0.9546582794189453, -1.7953968006086325, -5.385565860244332, -4.025996275223231, -0.13706891698127954
2907, -0.01860332489013672, -0.3583707809448242, 1.4173558950424194, 0.028577566146850586, -1.0383347272872925, -0.0213773250579834, 0.9546658325195313, -1.7954090558329712, -5.385583519338811, -4.0260029593928, -0.13708545109735315
2908, -0.018581390380859375, -0.358378142118454, 1.4173558950424194, 0.028577566146850586, -1.0383528470993042, -0.02139568328857422, 0.9546735382080078, -1.7954008362488092, -5.3855559773144615, -4.02598802398337, -0.1371289151747801
2909, -0.018581390380859375, -0.3584005832672119, 1.4173558950424194, 0.028568506240844727, -1.0383437871932983, -0.02139568328857422, 0.9546582794189453, -1.7953924699599897, -5.385528372110523, -4.025979426734697, -0.13713882182654302
2910, -0.018581390380859375, -0.3584151268005371, 1.4173719882965088, 0.028586626052856445, -1.0383437871932983, -0.02139568328857422, 0.9546658325195313, -1.7953831497756654, -5.385535192812279, -4.025975904160106, -0.13715595068072872
2911, -0.018573999404907227, -0.35842251777648926, 1.4173719882965088, 0.028568506240844727, -1.0383437871932983, -0.02138662338256836, 0.9546658325195313, -1.7953903396258042, -5.385568543276468, -4.025977561677085, -0.1371608817049097
2912, -0.01856684684753418, -0.35842251777648926, 1.4173719882965088, 0.028568506240844727, -1.0383437871932983, -0.021404743194580078, 0.9546735382080078, -1.7953979615443032, -5.385581038433788, -4.025982958857046, -0.13716212540990202
2913, -0.01855945587158203, -0.35845205187797546, 1.4173799753189087, 0.028568506240844727, -1.0383528470993042, -0.02138662338256836, 0.9546658325195313, -1.795384685777742, -5.385566145137208, -4.025968736616596, -0.13715329890899142
2914, -0.018537044525146484, -0.35845205187797546, 1.4173719882965088, 0.028577566146850586, -1.0383802652359009, -0.02138662338256836, 0.9546735382080078, -1.795369880975813, -5.38553470224868, -4.0259574502349285, -0.1371514768150668
2915, -0.018552064895629883, -0.35845947265625, 1.4173719882965088, 0.028595924377441406, -1.0383528470993042, -0.02136826515197754, 0.9546810913085938, -1.7953666515952493, -5.385522511914559, -4.025952077831738, -0.13713608084092588
2916, -0.018544435501098633, -0.35846686363220215, 1.4173799753189087, 0.028586626052856445, -1.0383802652359009, -0.021404743194580078, 0.9546735382080078, -1.795367581754703, -5.385528625621681, -4.02595477201193, -0.13710594603320736
2917, -0.018537044525146484, -0.3584742248058319, 1.4173719882965088, 0.028586626052856445, -1.0383437871932983, -0.0213773250579834, 0.9546735382080078, -1.795373388494811, -5.385562864385455, -4.025957309390102, -0.13707711146345414
2918, -0.018537044525146484, -0.3584742248058319, 1.4173799753189087, 0.028577566146850586, -1.038371205329895, -0.021404743194580078, 0.9546658325195313, -1.795382226431736, -5.385576101427735, -4.025966459837908, -0.13705919459159777
2919, -0.018537044525146484, -0.3584742248058319, 1.417387843132019, 0.028568506240844727, -1.0383621454238892, -0.0213773250579834, 0.9546582794189453, -1.795378119756176, -5.385566064889423, -4.0259595044237795, -0.13705607371239825
2920, -0.01852250099182129, -0.3584887683391571, 1.4174039363861084, 0.028577566146850586, -1.0383621454238892, -0.0213773250579834, 0.9546735382080078, -1.7953666630274423, -5.385544105961486, -4.025952551175136, -0.13704312722089718
2921, -0.01851511001586914, -0.3584887683391571, 1.417395830154419, 0.028586626052856445, -1.0383528470993042, -0.021404743194580078, 0.9546505737304688, -1.7953504321508045, -5.385515667286842, -4.025944541954454, -0.1370201603726935
2922, -0.018544435501098633, -0.35849639773368835, 1.417395830154419, 0.028586626052856445, -1.0383437871932983, -0.02139568328857422, 0.9546735382080078, -1.795353192630225, -5.385514375234123, -4.025949196204626, -0.13701964814384837
2923, -0.018544435501098633, -0.3585038185119629, 1.4174039363861084, 0.028568506240844727, -1.0383528470993042, -0.02136826515197754, 0.9546735382080078, -1.7953541549539538, -5.385525262094382, -4.025949985258962, -0.1370192155078218
2924, -0.018537044525146484, -0.3585038185119629, 1.4174039363861084, 0.028568506240844727, -1.0383528470993042, -0.02136826515197754, 0.9546810913085938, -1.79535920205781, -5.385541808636827, -4.025956134226837, -0.13702694993564357
2925, -0.018552064895629883, -0.3585183620452881, 1.4174039363861084, 0.028604984283447266, -1.0383528470993042, -0.02138662338256836, 0.9546582794189453, -1.7953744176963484, -5.38554540484692, -4.02595971537514, -0.1370331841220951
2926, -0.01855945587158203, -0.35852575302124023, 1.4174119234085083, 0.028586626052856445, -1.0383621454238892, -0.02136826515197754, 0.9546582794189453, -1.7953812541545067, -5.38553255431455, -4.025955372513827, -0.1370427310241542
2927, -0.01856684684753418, -0.3585183620452881, 1.4174039363861084, 0.028568506240844727, -1.038371205329895, -0.02138662338256836, 0.9546810913085938, -1.7953748474433553, -5.385505025635292, -4.025948611618556, -0.13704100484463932
2928, -0.01855945587158203, -0.3585183620452881, 1.4174119234085083, 0.028595924377441406, -1.0383802652359009, -0.02139568328857422, 0.9546810913085938, -1.7953762394042578, -5.38549714118818, -4.025947734596091, -0.1370583931644127
2929, -0.018573999404907227, -0.35852575302124023, 1.4174119234085083, 0.028577566146850586, -1.0383437871932983, -0.0213773250579834, 0.9546735382080078, -1.7953804851982094, -5.385509287204132, -4.025951529750427, -0.13708503247262627
2930, -0.01855945587158203, -0.35852575302124023, 1.4174119234085083, 0.028586626052856445, -1.0383621454238892, -0.02139568328857422, 0.9546810913085938, -1.7953883522421177, -5.3855312162002, -4.025958969396293, -0.13709183019642524
2931, -0.018573999404907227, -0.3585183620452881, 1.4174119234085083, 0.028586626052856445, -1.0383621454238892, -0.021358966827392578, 0.9546735382080078, -1.7953947044445604, -5.385535906021907, -4.025959070586517, -0.13710081355427484
2932, -0.018573999404907227, -0.35852575302124023, 1.4174039363861084, 0.028595924377441406, -1.038371205329895, -0.0214231014251709, 0.9546810913085938, -1.7953963713058205, -5.385531043184735, -4.025957359890425, -0.13710306682767115
2933, -0.01856684684753418, -0.3585331439971924, 1.4174197912216187, 0.028577566146850586, -1.0383528470993042, -0.021404743194580078, 0.9546658325195313, -1.7953953813579593, -5.385519758158121, -4.025953181506912, -0.13711663253794626
2934, -0.01855945587158203, -0.3585331439971924, 1.4174119234085083, 0.028586626052856445, -1.0383621454238892, -0.0213773250579834, 0.9546887969970703, -1.7953906628042628, -5.385508766821471, -4.025948498889563, -0.13712032803100183
2935, -0.018544435501098633, -0.3585331439971924, 1.4174197912216187, 0.028595924377441406, -1.0383528470993042, -0.02138662338256836, 0.9546735382080078, -1.795388873451086, -5.385516675823005, -4.025950619798479, -0.13711167847770067
2936, -0.018552064895629883, -0.3585331439971924, 1.4174197912216187, 0.028577566146850586, -1.0383528470993042, -0.02136826515197754, 0.9546735382080078, -1.795390009858757, -5.385531658247173, -4.0259498251855925, -0.13710702324885382
2937, -0.01855945587158203, -0.35854050517082214, 1.4174197912216187, 0.028568506240844727, -1.0383621454238892, -0.02138662338256836, 0.9546735382080078, -1.79539287151379, -5.385538604771292, -4.025948702618209, -0.1371096794308606
2938, -0.018537044525146484, -0.3585331439971924, 1.4174197912216187, 0.028577566146850586, -1.038371205329895, -0.021358966827392578, 0.9546658325195313, -1.7953870936598029, -5.385532603542697, -4.025945924706143, -0.137109083234785
2939, -0.018544435501098633, -0.35854050517082214, 1.417427897453308, 0.028586626052856445, -1.0383437871932983, -0.02138662338256836, 0.9546810913085938, -1.7953864377112811, -5.385524812247158, -4.025941164836117, -0.1370946997708682
2940, -0.018537044525146484, -0.35854050517082214, 1.4174197912216187, 0.028595924377441406, -1.0383437871932983, -0.0213773250579834, 0.9546735382080078, -1.795382499879373, -5.385516140191473, -4.025936960373899, -0.13708672745487593
2941, -0.018537044525146484, -0.3585331439971924, 1.4174197912216187, 0.028577566146850586, -1.0383528470993042, -0.02138662338256836, 0.9546658325195313, -1.7953870001613579, -5.385524956121669, -4.025940548082754, -0.13708790497451062
2942, -0.018552064895629883, -0.3585481345653534, 1.4174197912216187, 0.028604984283447266, -1.0383437871932983, -0.0213773250579834, 0.9546735382080078, -1.795386148028986, -5.385539772941182, -4.025941797119349, -0.1370908867935805
2943, -0.018537044525146484, -0.3585481345653534, 1.4174197912216187, 0.028586626052856445, -1.0383528470993042, -0.02136826515197754, 0.9546658325195313, -1.7953873354717425, -5.38554904512343, -4.0259404068349385, -0.13709441203605444
2944, -0.018544435501098633, -0.3585481345653534, 1.417427897453308, 0.028577566146850586, -1.0383895635604858, -0.02136826515197754, 0.9546810913085938, -1.7953860892554, -5.385552771023309, -4.0259383409027665, -0.13711964702603385
2945, -0.018544435501098633, -0.35855555534362793, 1.417427897453308, 0.028577566146850586, -1.0383437871932983, -0.0213773250579834, 0.9546735382080078, -1.7953909473037413, -5.385541182992775, -4.025935791157957, -0.13712692723487852
2946, -0.018537044525146484, -0.35855555534362793, 1.417427897453308, 0.028577566146850586, -1.038371205329895, -0.02138662338256836, 0.9546658325195313, -1.7953946201047013, -5.385538440138686, -4.025936343489892, -0.1371306822006746
2947, -0.018537044525146484, -0.35855555534362793, 1.417427897453308, 0.028559446334838867, -1.038371205329895, -0.02136826515197754, 0.9546735382080078, -1.7953946054844394, -5.385535764138667, -4.025937698534632, -0.13713140404472313
2948, -0.018552064895629883, -0.35855555534362793, 1.417435884475708, 0.028586626052856445, -1.038371205329895, -0.02136826515197754, 0.9546658325195313, -1.795399723899333, -5.3855463833025885, -4.025940850793204, -0.137154607313275
2949, -0.018552064895629883, -0.3585700988769531, 1.417435884475708, 0.028586626052856445, -1.0383528470993042, -0.02138662338256836, 0.9546658325195313, -1.7954086434429999, -5.385550612628064, -4.025942060306401, -0.13715260385841876
2950, -0.018552064895629883, -0.3585626780986786, 1.417435884475708, 0.028559446334838867, -1.038371205329895, -0.02138662338256836, 0.9546735382080078, -1.7954089617795599, -5.38555315771815, -4.025941708234669, -0.13715753488254467
2951, -0.018552064895629883, -0.3585626780986786, 1.417435884475708, 0.028586626052856445, -1.0383621454238892, -0.02134990692138672, 0.9546735382080078, -1.7954148778988661, -5.3855397017985425, -4.025943759814769, -0.13717957989581375
2952, -0.018544435501098633, -0.3585700988769531, 1.417427897453308, 0.028586626052856445, -1.0383802652359009, -0.021358966827392578, 0.9546810913085938, -1.7954149398296892, -5.385534928867547, -4.025944375365813, -0.13718265239395233
2953, -0.018544435501098633, -0.3585626780986786, 1.417435884475708, 0.028586626052856445, -1.0383528470993042, -0.02136826515197754, 0.9546735382080078, -1.7954119114250098, -5.385535201834197, -4.0259424720447505, -0.137181550671456
2954, -0.018544435501098633, -0.3585774898529053, 1.417427897453308, 0.028577566146850586, -1.038371205329895, -0.02136826515197754, 0.9546735382080078, -1.7954173489630638, -5.385542553687711, -4.025942659881764, -0.1371762531645162
2955, -0.018544435501098633, -0.3585700988769531, 1.417427897453308, 0.028586626052856445, -1.0383802652359009, -0.0213773250579834, 0.9546735382080078, -1.7954225123681313, -5.385550792593754, -4.025945164718571, -0.13716746979929173
2956, -0.018544435501098633, -0.3585626780986786, 1.417435884475708, 0.028586626052856445, -1.0383528470993042, -0.02136826515197754, 0.9546887969970703, -1.7954258036676143, -5.3855539484477255, -4.025945301165614, -0.13716966359793048
2957, -0.018537044525146484, -0.3585700988769531, 1.417427897453308, 0.028586626052856445, -1.0383528470993042, -0.021358966827392578, 0.9546582794189453, -1.7954306845539376, -5.385542166316653, -4.0259443133144135, -0.1371636970243033
2958, -0.018537044525146484, -0.3585481345653534, 1.417435884475708, 0.028577566146850586, -1.038371205329895, -0.02134990692138672, 0.9546735382080078, -1.7954381223649174, -5.385540698874815, -4.025942013833772, -0.13713442312155077
2959, -0.018537044525146484, -0.3585626780986786, 1.417427897453308, 0.028586626052856445, -1.038371205329895, -0.02134990692138672, 0.9546735382080078, -1.795437012812048, -5.385549047850754, -4.0259436036289244, -0.1371275049877596
2960, -0.01852250099182129, -0.3585774898529053, 1.417435884475708, 0.028586626052856445, -1.0383437871932983, -0.02131342887878418, 0.9546658325195313, -1.7954400197295148, -5.385549449312741, -4.025941161465091, -0.13712487854259248
2961, -0.018529891967773438, -0.3585626780986786, 1.417427897453308, 0.028577566146850586, -1.038371205329895, -0.0213315486907959, 0.9546735382080078, -1.7954480822301266, -5.385552585162478, -4.02594574534121, -0.13712131539915084
2962, -0.018507719039916992, -0.3585626780986786, 1.417435884475708, 0.028577566146850586, -1.0383528470993042, -0.0213315486907959, 0.9546887969970703, -1.795449305633866, -5.385548429647511, -4.025945837613148, -0.13712428234550078
2963, -0.018507719039916992, -0.3585700988769531, 1.417435884475708, 0.028595924377441406, -1.0383621454238892, -0.02134990692138672, 0.9546735382080078, -1.7954555254993112, -5.385532928415611, -4.025944532814693, -0.13712496481635306
2964, -0.018507719039916992, -0.3585626780986786, 1.417427897453308, 0.028586626052856445, -1.0383528470993042, -0.021358966827392578, 0.9546887969970703, -1.7954591774348385, -5.385520423915054, -4.025942802346988, -0.13712767083394173
2965, -0.01851511001586914, -0.3585626780986786, 1.417435884475708, 0.028577566146850586, -1.038371205329895, -0.02134990692138672, 0.9546810913085938, -1.7954616989669596, -5.385524516307716, -4.025943547180935, -0.13712276285060732
2966, -0.01851511001586914, -0.3585626780986786, 1.417435884475708, 0.028595924377441406, -1.0383437871932983, -0.02134990692138672, 0.9546735382080078, -1.7954624433474267, -5.385529700374261, -4.0259424342774075, -0.1371337601061109
2967, -0.018507719039916992, -0.3585626780986786, 1.417435884475708, 0.028586626052856445, -1.0383621454238892, -0.02134990692138672, 0.9546735382080078, -1.7954719404820594, -5.385535082092528, -4.025949519621111, -0.1371427084835597
2968, -0.01851511001586914, -0.3585626780986786, 1.417435884475708, 0.028586626052856445, -1.038371205329895, -0.02134990692138672, 0.9546735382080078, -1.795473706941656, -5.385534848893234, -4.025952842129965, -0.13714083361814566
2969, -0.01851511001586914, -0.3585700988769531, 1.417443871498108, 0.028586626052856445, -1.0383895635604858, -0.02134084701538086, 0.9546505737304688, -1.795477189717723, -5.385529343212535, -4.025946768002643, -0.13715367599772588
2970, -0.018507719039916992, -0.35855555534362793, 1.417435884475708, 0.028577566146850586, -1.0383437871932983, -0.02134990692138672, 0.9546582794189453, -1.7954755907677997, -5.385520139824315, -4.025941505596276, -0.13715174165923472
2971, -0.01851511001586914, -0.3585626780986786, 1.417443871498108, 0.028568506240844727, -1.0383621454238892, -0.0213315486907959, 0.9546658325195313, -1.795474779326247, -5.385525968286876, -4.025940132811348, -0.1371743799004177
2972, -0.01851511001586914, -0.35855555534362793, 1.417435884475708, 0.028586626052856445, -1.0383621454238892, -0.02132248878479004, 0.9546887969970703, -1.7954791241727692, -5.385530357217264, -4.025938940587137, -0.13716788624814136
2973, -0.01851511001586914, -0.3585626780986786, 1.417435884475708, 0.028586626052856445, -1.0383528470993042, -0.02132248878479004, 0.9546810913085938, -1.7954857118177436, -5.3855302025147, -4.0259394865472435, -0.13718148020055576
2974, -0.018500328063964844, -0.3585626780986786, 1.417435884475708, 0.028577566146850586, -1.0383621454238892, -0.02134990692138672, 0.9546658325195313, -1.795486123348028, -5.38552363297128, -4.025938185440442, -0.13717271988595137
2975, -0.018500328063964844, -0.3585626780986786, 1.417435884475708, 0.028568506240844727, -1.0383528470993042, -0.02132248878479004, 0.9546658325195313, -1.7954830015924903, -5.385520888570119, -4.02593216072385, -0.13717126802663593
2976, -0.018500328063964844, -0.35855555534362793, 1.417435884475708, 0.028577566146850586, -1.0383347272872925, -0.02134084701538086, 0.9546582794189453, -1.7954883858537523, -5.385518818537561, -4.0259292790935595, -0.1371664396143233
2977, -0.018493175506591797, -0.3585626780986786, 1.417427897453308, 0.028568506240844727, -1.0383437871932983, -0.02134084701538086, 0.9546658325195313, -1.795481531540706, -5.385525441356666, -4.02592450334487, -0.1371686564484591
2978, -0.018493175506591797, -0.3585481345653534, 1.417427897453308, 0.028586626052856445, -1.0383621454238892, -0.02134990692138672, 0.9546735382080078, -1.7954861461293077, -5.3855316192587885, -4.025923678482469, -0.13714907289580935
2979, -0.018493175506591797, -0.35855555534362793, 1.417427897453308, 0.028586626052856445, -1.0383621454238892, -0.021358966827392578, 0.9546735382080078, -1.7954949645605536, -5.385530689038556, -4.025926171574314, -0.13714545845142911
2980, -0.018500328063964844, -0.3585481345653534, 1.417435884475708, 0.028568506240844727, -1.0383621454238892, -0.02132248878479004, 0.9546658325195313, -1.79549461215831, -5.385528536634762, -4.025928855770865, -0.1371325187000414
2981, -0.018500328063964844, -0.3585626780986786, 1.417435884475708, 0.028586626052856445, -1.038371205329895, -0.0213315486907959, 0.9546810913085938, -1.7954934680069679, -5.385526453164797, -4.025927155877047, -0.1371301234489266
2982, -0.018500328063964844, -0.3585481345653534, 1.417435884475708, 0.028568506240844727, -1.0383621454238892, -0.0213315486907959, 0.9546735382080078, -1.7954903346279731, -5.385526662350574, -4.025920980213772, -0.13713418247101394
2983, -0.018500328063964844, -0.3585626780986786, 1.417443871498108, 0.028586626052856445, -1.0383528470993042, -0.02134084701538086, 0.9546582794189453, -1.7954882831058376, -5.385527773597303, -4.0259153366996685, -0.1371382132249579
2984, -0.018500328063964844, -0.3585481345653534, 1.417435884475708, 0.028568506240844727, -1.038371205329895, -0.02134084701538086, 0.9546582794189453, -1.7954854048771447, -5.3855351511913545, -4.025915899388483, -0.13715522310417239
2985, -0.018500328063964844, -0.3585481345653534, 1.417435884475708, 0.028586626052856445, -1.0383163690567017, -0.02134084701538086, 0.9546735382080078, -1.7954907703760035, -5.385532124936966, -4.0259194442360435, -0.13717222481504532
2986, -0.018507719039916992, -0.3585626780986786, 1.417427897453308, 0.028568506240844727, -1.0383437871932983, -0.02136826515197754, 0.9546735382080078, -1.7954965353238934, -5.385525907853058, -4.025918767049574, -0.1371891737499924
2987, -0.018507719039916992, -0.35855555534362793, 1.417435884475708, 0.028586626052856445, -1.038371205329895, -0.02132248878479004, 0.9546810913085938, -1.79549585755204, -5.385517567565213, -4.025914621081898, -0.13717779368905703
2988, -0.018507719039916992, -0.35855555534362793, 1.417435884475708, 0.028577566146850586, -1.0383347272872925, -0.02132248878479004, 0.9546735382080078, -1.7954954707318465, -5.385514141109155, -4.025909756617305, -0.1371852604673034
2989, -0.018493175506591797, -0.3585481345653534, 1.417435884475708, 0.028577566146850586, -1.038371205329895, -0.0213315486907959, 0.9546735382080078, -1.7954936306201434, -5.3855212163839274, -4.025910200528722, -0.13718959675543196
2990, -0.018507719039916992, -0.35855555534362793, 1.417435884475708, 0.028586626052856445, -1.0383802652359009, -0.02136826515197754, 0.9546735382080078, -1.7954979535287738, -5.385527852836223, -4.025912159255571, -0.1371697158415186
2991, -0.018500328063964844, -0.3585626780986786, 1.417435884475708, 0.028604984283447266, -1.0383528470993042, -0.021358966827392578, 0.9546964263916016, -1.7955023760614024, -5.385528364902152, -4.0259180546247455, -0.13717194754333928
2992, -0.018507719039916992, -0.35855555534362793, 1.417427897453308, 0.028586626052856445, -1.0383528470993042, -0.02134084701538086, 0.9546658325195313, -1.7954998737937071, -5.385527030744622, -4.025914654257241, -0.13716479299708517
2993, -0.018507719039916992, -0.3585626780986786, 1.417435884475708, 0.028568506240844727, -1.0383528470993042, -0.02134990692138672, 0.9546810913085938, -1.7954971818961638, -5.385520103976702, -4.025914019771391, -0.1371639603782171
2994, -0.018500328063964844, -0.3585626780986786, 1.417435884475708, 0.028595924377441406, -1.0383895635604858, -0.02130413055419922, 0.9546887969970703, -1.795493606982762, -5.385517554738409, -4.025911238190382, -0.13715185324976353
2995, -0.018507719039916992, -0.35854050517082214, 1.417443871498108, 0.028577566146850586, -1.038371205329895, -0.0213315486907959, 0.9546810913085938, -1.7954892263054294, -5.385521111461281, -4.0259058976188475, -0.1371480670861116
2996, -0.018507719039916992, -0.35855555534362793, 1.417435884475708, 0.028586626052856445, -1.0383621454238892, -0.0213315486907959, 0.9546658325195313, -1.7954994224030458, -5.385531270332536, -4.025908472837445, -0.13715664080987278
2997, -0.018500328063964844, -0.3585481345653534, 1.417435884475708, 0.028568506240844727, -1.0383437871932983, -0.02134084701538086, 0.9546735382080078, -1.7955095383595865, -5.3855255491955685, -4.02591384779681, -0.13714477827256388
2998, -0.018493175506591797, -0.35855555534362793, 1.417443871498108, 0.028595924377441406, -1.0383802652359009, -0.02134990692138672, 0.9546658325195313, -1.795514382745136, -5.385526735769752, -4.025914513073798, -0.13714495669099325
2999, -0.018493175506591797, -0.35855555534362793, 1.417435884475708, 0.028577566146850586, -1.0383621454238892, -0.02130413055419922, 0.9546810913085938, -1.7955054363681802, -5.385525007170508, -4.025911733009194, -0.13713887265599567
3000, -0.018500328063964844, -0.3585481345653534, 1.417435884475708, 0.028586626052856445, -1.0383621454238892, -0.0213315486907959, 0.9546658325195313, -1.795502369824667, -5.385518728855764, -4.025905601154812, -0.13712475015120518
3001, -0.018493175506591797, -0.3585700988769531, 1.417435884475708, 0.028577566146850586, -1.0383621454238892, -0.02134084701538086, 0.9546735382080078, -1.795498757930415, -5.385521164624202, -4.025905325144713, -0.13713065429915705
3002, -0.0184781551361084, -0.3585481345653534, 1.417427897453308, 0.028586626052856445, -1.0383621454238892, -0.02132248878479004, 0.9546735382080078, -1.7955023015151177, -5.3855271795823585, -4.02590525220583, -0.1371436765554801
3003, -0.018500328063964844, -0.3585481345653534, 1.417435884475708, 0.028577566146850586, -1.0383621454238892, -0.0213315486907959, 0.9546810913085938, -1.7955108530684591, -5.385525422898637, -4.025908931149089, -0.1371304231076813
3004, -0.018500328063964844, -0.35855555534362793, 1.417443871498108, 0.028586626052856445, -1.0383256673812866, -0.02132248878479004, 0.9546735382080078, -1.7955161795111438, -5.38551983057345, -4.025912698279891, -0.1371183457164351
3005, -0.018493175506591797, -0.3585481345653534, 1.417435884475708, 0.028586626052856445, -1.0383621454238892, -0.02134990692138672, 0.9546735382080078, -1.7955102099302889, -5.385519371250296, -4.025908397681898, -0.13712633141385577
3006, -0.018493175506591797, -0.3585481345653534, 1.417443871498108, 0.028586626052856445, -1.0383528470993042, -0.02132248878479004, 0.9546810913085938, -1.7955144799618443, -5.385519445543814, -4.025910319663679, -0.13714056616158832
3007, -0.018500328063964844, -0.3585481345653534, 1.417435884475708, 0.028568506240844727, -1.0383347272872925, -0.02132248878479004, 0.9546887969970703, -1.7955101326042664, -5.385519711995713, -4.025904573669678, -0.13715111882409925
3008, -0.018500328063964844, -0.3585331439971924, 1.417427897453308, 0.028577566146850586, -1.0383437871932983, -0.02134084701538086, 0.9546735382080078, -1.7955148154400384, -5.385528716467939, -4.025902504303393, -0.137156614828581
3009, -0.018485546112060547, -0.35855555534362793, 1.417435884475708, 0.028595924377441406, -1.0383528470993042, -0.02132248878479004, 0.9546735382080078, -1.7955217839146909, -5.385528057365687, -4.025904955490144, -0.13716454921579846
3010, -0.018485546112060547, -0.3585331439971924, 1.417443871498108, 0.028586626052856445, -1.0383802652359009, -0.0213315486907959, 0.9546658325195313, -1.795539647263414, -5.385527208966389, -4.025912238462867, -0.13717370279235652
3011, -0.018485546112060547, -0.35855555534362793, 1.417435884475708, 0.028568506240844727, -1.0383528470993042, -0.02132248878479004, 0.9546735382080078, -1.7955380274925585, -5.385526888289651, -4.025913408144976, -0.13717485581315803
3012, -0.018485546112060547, -0.35854050517082214, 1.417435884475708, 0.028577566146850586, -1.0383528470993042, -0.02132248878479004, 0.9546887969970703, -1.7955376063789013, -5.385523664914646, -4.025910823407398, -0.13716081288413307
3013, -0.0184781551361084, -0.35854050517082214, 1.417443871498108, 0.028568506240844727, -1.0383528470993042, -0.0213315486907959, 0.9546658325195313, -1.7955320598178663, -5.385530949801777, -4.025906562401054, -0.13716758902322645
3014, -0.018485546112060547, -0.35855555534362793, 1.417435884475708, 0.028568506240844727, -1.0383347272872925, -0.02132248878479004, 0.9546810913085938, -1.795528679755492, -5.385535697716437, -4.025902506934925, -0.13716865283477642
3015, -0.018485546112060547, -0.35854050517082214, 1.417435884475708, 0.028559446334838867, -1.0383621454238892, -0.02131342887878418, 0.9546810913085938, -1.795536145283838, -5.385542038839934, -4.025905523776018, -0.13716948397984385
3016, -0.018493175506591797, -0.3585481345653534, 1.417443871498108, 0.028577566146850586, -1.0383621454238892, -0.021358966827392578, 0.9546735382080078, -1.7955396366156877, -5.385536088575892, -4.025902622825846, -0.1371589595871301
3017, -0.018485546112060547, -0.35854050517082214, 1.417443871498108, 0.028586626052856445, -1.038371205329895, -0.02131342887878418, 0.9546735382080078, -1.7955508122319637, -5.385528641122748, -4.02590908885212, -0.1371466428435193
3018, -0.018493175506591797, -0.35854050517082214, 1.417443871498108, 0.028586626052856445, -1.0383528470993042, -0.02132248878479004, 0.9546887969970703, -1.795549495915173, -5.385520522050373, -4.025907613997164, -0.13714729704386386
3019, -0.018493175506591797, -0.3585331439971924, 1.417435884475708, 0.028586626052856445, -1.0383528470993042, -0.02132248878479004, 0.9546735382080078, -1.7955513861760686, -5.385518190079721, -4.025905293659914, -0.1371584525970304
3020, -0.018485546112060547, -0.35854050517082214, 1.417427897453308, 0.028577566146850586, -1.0383528470993042, -0.02132248878479004, 0.9546658325195313, -1.7955479405373882, -5.3855218124253605, -4.025903410088582, -0.13714919870126074
3021, -0.018485546112060547, -0.3585481345653534, 1.417435884475708, 0.028577566146850586, -1.0383347272872925, -0.02132248878479004, 0.9546810913085938, -1.7955540642794943, -5.385526968386601, -4.025905390465113, -0.1371564208825129
3022, -0.018493175506591797, -0.35854050517082214, 1.417435884475708, 0.028577566146850586, -1.0383528470993042, -0.0213315486907959, 0.9546810913085938, -1.7955598529571586, -5.385517251195134, -4.025905254991969, -0.1371536093244794
3023, -0.018485546112060547, -0.35854050517082214, 1.417435884475708, 0.028577566146850586, -1.0383621454238892, -0.02131342887878418, 0.9546735382080078, -1.7955610008047298, -5.385510773285436, -4.025908298302588, -0.13715020303916958
3024, -0.018485546112060547, -0.35854050517082214, 1.417435884475708, 0.028586626052856445, -1.0383802652359009, -0.02132248878479004, 0.9546810913085938, -1.7955596129676645, -5.38550571257083, -4.025908362366848, -0.13715874031882347
3025, -0.018485546112060547, -0.35854050517082214, 1.417427897453308, 0.028577566146850586, -1.0383802652359009, -0.02131342887878418, 0.9546735382080078, -1.7955593499652118, -5.3855036655378115, -4.0259054451192755, -0.13714690753006042
3026, -0.018485546112060547, -0.3585481345653534, 1.417427897453308, 0.028577566146850586, -1.0383621454238892, -0.02130413055419922, 0.9546735382080078, -1.795560677995923, -5.3855056667827785, -4.025903413301116, -0.13714564079360958
3027, -0.018493175506591797, -0.3585481345653534, 1.417427897453308, 0.028586626052856445, -1.0383621454238892, -0.02130413055419922, 0.9546735382080078, -1.7955684231782505, -5.3855050147716375, -4.025906190604265, -0.13714954442673566
3028, -0.018500328063964844, -0.3585331439971924, 1.417435884475708, 0.028595924377441406, -1.0383528470993042, -0.02131342887878418, 0.9546735382080078, -1.7955713090964402, -5.385504904738393, -4.02590416860089, -0.13714694919373382
3029, -0.018500328063964844, -0.35854050517082214, 1.417435884475708, 0.028568506240844727, -1.0383256673812866, -0.02132248878479004, 0.9546810913085938, -1.7955798818032522, -5.385501370180134, -4.025906766038687, -0.13712906211753761
3030, -0.018507719039916992, -0.3585331439971924, 1.417443871498108, 0.028577566146850586, -1.0383347272872925, -0.02131342887878418, 0.9546582794189453, -1.7955770710508991, -5.385506736692852, -4.025907539058281, -0.13713376863368065
3031, -0.01851511001586914, -0.3585331439971924, 1.417443871498108, 0.028577566146850586, -1.038371205329895, -0.02132248878479004, 0.9546810913085938, -1.7955787055379298, -5.385506900271513, -4.025907737645574, -0.13712648028416563
3032, -0.018493175506591797, -0.3585331439971924, 1.4174517393112183, 0.028577566146850586, -1.0383621454238892, -0.02130413055419922, 0.9546810913085938, -1.7955819138623874, -5.385507872551288, -4.025909375866612, -0.137109866641266
3033, -0.018500328063964844, -0.3585481345653534, 1.417435884475708, 0.028586626052856445, -1.038371205329895, -0.02130413055419922, 0.9546810913085938, -1.7955821002464976, -5.385511204898255, -4.025908789942141, -0.13709931252228813
3034, -0.018507719039916992, -0.3585331439971924, 1.417435884475708, 0.028586626052856445, -1.0383621454238892, -0.02131342887878418, 0.9546658325195313, -1.7955908462542816, -5.3855089092012935, -4.025910718374768, -0.13711205226663203
3035, -0.018500328063964844, -0.3585331439971924, 1.417435884475708, 0.028577566146850586, -1.0383802652359009, -0.02132248878479004, 0.9546810913085938, -1.7955927993369791, -5.385503936791679, -4.025910954906517, -0.13712204956256535
3036, -0.018500328063964844, -0.3585331439971924, 1.417427897453308, 0.028577566146850586, -1.038371205329895, -0.02132248878479004, 0.9546887969970703, -1.7955886855435752, -5.385502174702819, -4.025912931986899, -0.13711793630545088
3037, -0.018500328063964844, -0.3585481345653534, 1.417427897453308, 0.028559446334838867, -1.0383437871932983, -0.02129507064819336, 0.9546658325195313, -1.7955820860714093, -5.385507096691469, -4.025910118662095, -0.13712506110576683
3038, -0.018493175506591797, -0.35854050517082214, 1.417435884475708, 0.028577566146850586, -1.0383437871932983, -0.02131342887878418, 0.9546810913085938, -1.7955785946652443, -5.385509637325988, -4.025905205823583, -0.13712381217747094
3039, -0.018500328063964844, -0.3585331439971924, 1.417435884475708, 0.028595924377441406, -1.0383621454238892, -0.02129507064819336, 0.9546810913085938, -1.7955855280965412, -5.385511309491214, -4.025906386990279, -0.1371259219930261
3040, -0.018500328063964844, -0.3585331439971924, 1.417435884475708, 0.028577566146850586, -1.0383621454238892, -0.02132248878479004, 0.9546735382080078, -1.7955931131846556, -5.385511534461398, -4.025906730118482, -0.1371454891712336
3041, -0.018485546112060547, -0.35854050517082214, 1.417435884475708, 0.028577566146850586, -1.0383895635604858, -0.0213315486907959, 0.9546810913085938, -1.7956014186762592, -5.385506125091307, -4.025907938891228, -0.13713898066708463
3042, -0.018493175506591797, -0.35852575302124023, 1.417435884475708, 0.028568506240844727, -1.0383802652359009, -0.02132248878479004, 0.9546735382080078, -1.7956046232583427, -5.385502260677031, -4.025909122405964, -0.1371367734763993
3043, -0.018493175506591797, -0.3585183620452881, 1.417435884475708, 0.028577566146850586, -1.0383621454238892, -0.02130413055419922, 0.9546887969970703, -1.7955941599244085, -5.385503370624316, -4.025907355276383, -0.13713730873107988
3044, -0.0184781551361084, -0.35854050517082214, 1.417435884475708, 0.028568506240844727, -1.0383802652359009, -0.02132248878479004, 0.9546658325195313, -1.7955904746995388, -5.385516928960733, -4.025906016512311, -0.13714745177092702
3045, -0.018485546112060547, -0.3585331439971924, 1.417435884475708, 0.028586626052856445, -1.0383621454238892, -0.02130413055419922, 0.9546887969970703, -1.7955895342086352, -5.385516822973851, -4.025903850966076, -0.13714933333074875
3046, -0.018493175506591797, -0.35854050517082214, 1.417435884475708, 0.028595924377441406, -1.0383437871932983, -0.02131342887878418, 0.9546735382080078, -1.7955882696617809, -5.385511688951865, -4.02590358411285, -0.13714079752467612
3047, -0.018493175506591797, -0.3585331439971924, 1.417435884475708, 0.028577566146850586, -1.038371205329895, -0.02131342887878418, 0.9546964263916016, -1.7955905685146645, -5.385507399428375, -4.025906601103722, -0.13714874677305566
3048, -0.018500328063964844, -0.35854050517082214, 1.417435884475708, 0.028586626052856445, -1.038371205329895, -0.02129507064819336, 0.9546887969970703, -1.795603346769452, -5.385493736339655, -4.02590952609562, -0.13712973788602234
3049, -0.018485546112060547, -0.35854050517082214, 1.417435884475708, 0.028586626052856445, -1.0383802652359009, -0.02130413055419922, 0.9546887969970703, -1.7956021852468242, -5.385496396651644, -4.025908127303121, -0.13713401175542117
3050, -0.018493175506591797, -0.35854050517082214, 1.417435884475708, 0.028577566146850586, -1.0383802652359009, -0.0212860107421875, 0.9546735382080078, -1.7956010797516055, -5.385505075009488, -4.025905985183048, -0.13713772357092235
3051, -0.018493175506591797, -0.35854050517082214, 1.417427897453308, 0.028586626052856445, -1.0383528470993042, -0.02127695083618164, 0.9546582794189453, -1.7955971388830123, -5.385509164262389, -4.025904012574067, -0.137127191021154
3052, -0.018500328063964844, -0.35852575302124023, 1.417435884475708, 0.028568506240844727, -1.0383802652359009, -0.02129507064819336, 0.9546964263916016, -1.795604006614317, -5.3855131715464655, -4.025903813676553, -0.13712591758923676
3053, -0.018500328063964844, -0.3585331439971924, 1.417435884475708, 0.028568506240844727, -1.0383621454238892, -0.0212860107421875, 0.9546887969970703, -1.7956125345383622, -5.385513864638141, -4.02590588432504, -0.137119648446979
3054, -0.018493175506591797, -0.3585331439971924, 1.417435884475708, 0.028586626052856445, -1.038371205329895, -0.0212860107421875, 0.9546582794189453, -1.7956188207819357, -5.38550283664951, -4.025909926614052, -0.13712072042386492
3055, -0.018500328063964844, -0.3585331439971924, 1.417435884475708, 0.028568506240844727, -1.0383347272872925, -0.0212860107421875, 0.9546810913085938, -1.7956189221236025, -5.385504416590204, -4.025908816454577, -0.13713549563562122
3056, -0.01851511001586914, -0.35854050517082214, 1.417435884475708, 0.028586626052856445, -1.0383347272872925, -0.02130413055419922, 0.9546658325195313, -1.7956184710364411, -5.3855033378837405, -4.025910247588702, -0.13714738935722437
3057, -0.018507719039916992, -0.3585331439971924, 1.417435884475708, 0.028568506240844727, -1.038371205329895, -0.02131342887878418, 0.9546810913085938, -1.7956138895480238, -5.385504083459255, -4.025906287339923, -0.13715174720286427
3058, -0.018493175506591797, -0.35854050517082214, 1.417435884475708, 0.028568506240844727, -1.0383437871932983, -0.02129507064819336, 0.9546887969970703, -1.7956153405674198, -5.385506558184768, -4.025905980174079, -0.13715295969443897
3059, -0.018500328063964844, -0.3585331439971924, 1.417435884475708, 0.028586626052856445, -1.038371205329895, -0.02130413055419922, 0.9546810913085938, -1.7956185665236264, -5.385508543090115, -4.025907198787268, -0.1371662495546575
3060, -0.018493175506591797, -0.35854050517082214, 1.417435884475708, 0.028577566146850586, -1.038371205329895, -0.02129507064819336, 0.9546887969970703, -1.795622314656648, -5.385510343052278, -4.025905166285125, -0.1371654169374148
3061, -0.018485546112060547, -0.35852575302124023, 1.417427897453308, 0.028586626052856445, -1.0383437871932983, -0.02127695083618164, 0.9546735382080078, -1.79563142394065, -5.385511534146048, -4.025908291580329, -0.13718143436651076
3062, -0.0184781551361084, -0.3585331439971924, 1.417443871498108, 0.028595924377441406, -1.0383802652359009, -0.02131342887878418, 0.9546810913085938, -1.7956355071433738, -5.385511877456794, -4.025908712171357, -0.13715696445878045
3063, -0.018485546112060547, -0.35854050517082214, 1.417435884475708, 0.028586626052856445, -1.0383621454238892, -0.0212860107421875, 0.9546582794189453, -1.795634296469403, -5.385512519995539, -4.025910512157927, -0.13716435688006356
3064, -0.018485546112060547, -0.35852575302124023, 1.417435884475708, 0.028577566146850586, -1.0383528470993042, -0.02130413055419922, 0.9546582794189453, -1.7956371295989206, -5.385509143187683, -4.025907102789963, -0.13715566798538248
3065, -0.018493175506591797, -0.35852575302124023, 1.417435884475708, 0.028577566146850586, -1.0383528470993042, -0.02130413055419922, 0.9546887969970703, -1.795653833682561, -5.385496042221797, -4.025912531420885, -0.1371502693703759
3066, -0.0184781551361084, -0.3585331439971924, 1.417427897453308, 0.028577566146850586, -1.0383528470993042, -0.0212860107421875, 0.9546810913085938, -1.7956544239191676, -5.38549791244955, -4.0259083730405525, -0.13715857397504383
3067, -0.018500328063964844, -0.3585331439971924, 1.417435884475708, 0.028595924377441406, -1.0383437871932983, -0.02129507064819336, 0.9546735382080078, -1.7956558005104124, -5.385501377397369, -4.0259119463130135, -0.13715032884304268
3068, -0.018493175506591797, -0.35852575302124023, 1.417427897453308, 0.028559446334838867, -1.0383621454238892, -0.02127695083618164, 0.9546887969970703, -1.7956516006599907, -5.385501199977642, -4.0259068259920925, -0.13715492980420407
3069, -0.018493175506591797, -0.3585331439971924, 1.417435884475708, 0.028577566146850586, -1.0383437871932983, -0.0212860107421875, 0.9546735382080078, -1.7956584327326928, -5.385503827734296, -4.0259074417706335, -0.13716589875063612
3070, -0.018485546112060547, -0.3585183620452881, 1.417435884475708, 0.028577566146850586, -1.0383621454238892, -0.02129507064819336, 0.9546810913085938, -1.7956618200083136, -5.385502995516791, -4.025911858999808, -0.1371589523771597
3071, -0.018485546112060547, -0.35852575302124023, 1.417435884475708, 0.028586626052856445, -1.0383256673812866, -0.02127695083618164, 0.9546735382080078, -1.7956671627736502, -5.38549561807254, -4.025912719555981, -0.13715593266928572
3072, -0.018493175506591797, -0.3585183620452881, 1.417427897453308, 0.028577566146850586, -1.0383347272872925, -0.02130413055419922, 0.9546735382080078, -1.7956721121809498, -5.385487390139426, -4.025914161935199, -0.13715196662672646
3073, -0.018485546112060547, -0.35852575302124023, 1.417435884475708, 0.028577566146850586, -1.0383528470993042, -0.0212860107421875, 0.9546735382080078, -1.795672235106268, -5.385489283782157, -4.025910936010068, -0.13716248952600552
3074, -0.018485546112060547, -0.35852575302124023, 1.417435884475708, 0.028577566146850586, -1.0383528470993042, -0.0212860107421875, 0.9546582794189453, -1.7956738020368601, -5.385486633545791, -4.02591380833326, -0.13715611631397095
3075, -0.018493175506591797, -0.35851120948791504, 1.417435884475708, 0.028577566146850586, -1.0383528470993042, -0.02130413055419922, 0.9546735382080078, -1.7956716747764234, -5.38548713888467, -4.025912350141543, -0.13716190297008435
3076, -0.018500328063964844, -0.35852575302124023, 1.4174517393112183, 0.028577566146850586, -1.0383621454238892, -0.0212860107421875, 0.9546810913085938, -1.795674296064595, -5.385486828933251, -4.02591378796702, -0.1371584141798463
3077, -0.018485546112060547, -0.3585183620452881, 1.417435884475708, 0.028595924377441406, -1.0383528470993042, -0.02127695083618164, 0.9546582794189453, -1.7956789354369342, -5.385483235092703, -4.025912208443666, -0.13717049970704664
3078, -0.018493175506591797, -0.3585183620452881, 1.417435884475708, 0.028577566146850586, -1.0383802652359009, -0.02127695083618164, 0.9546735382080078, -1.7956929048548722, -5.385489809363771, -4.025916106166948, -0.13717980194265866
3079, -0.0184781551361084, -0.35852575302124023, 1.417443871498108, 0.028577566146850586, -1.0383621454238892, -0.02127695083618164, 0.9546735382080078, -1.795694804901613, -5.385487197430443, -4.025916594355813, -0.1371798316789432
3080, -0.018493175506591797, -0.35851120948791504, 1.417435884475708, 0.028577566146850586, -1.038371205329895, -0.02129507064819336, 0.9546658325195313, -1.7956934053909341, -5.385491365552381, -4.025916898893828, -0.13717937893776533
3081, -0.018485546112060547, -0.35852575302124023, 1.417435884475708, 0.028577566146850586, -1.0383528470993042, -0.02127695083618164, 0.9546810913085938, -1.7956891097749286, -5.3854970142100616, -4.025914528956433, -0.1371914347279981
3082, -0.018485546112060547, -0.35851120948791504, 1.417427897453308, 0.028568506240844727, -1.038371205329895, -0.0212860107421875, 0.9546810913085938, -1.7956857588700457, -5.385491117455051, -4.025913076040431, -0.13718480728399296
3083, -0.018493175506591797, -0.35852575302124023, 1.417443871498108, 0.028577566146850586, -1.0383621454238892, -0.0212860107421875, 0.9546810913085938, -1.7956883795613443, -5.385488930408045, -4.025914458243379, -0.1371815199502322
3084, -0.0184781551361084, -0.35851120948791504, 1.417443871498108, 0.028568506240844727, -1.038371205329895, -0.0212860107421875, 0.9546735382080078, -1.795690709579355, -5.385488539274754, -4.025915498432549, -0.1371812278096769
3085, -0.01847076416015625, -0.35851120948791504, 1.417443871498108, 0.028586626052856445, -1.0383347272872925, -0.02129507064819336, 0.9546810913085938, -1.795696249711433, -5.385488001593867, -4.02591624756949, -0.13718066576933197
3086, -0.018493175506591797, -0.3585183620452881, 1.417435884475708, 0.028586626052856445, -1.0383621454238892, -0.02125859260559082, 0.9546735382080078, -1.7956917957139615, -5.385490829007987, -4.025916323286081, -0.13716500894133432
3087, -0.0184781551361084, -0.3585183620452881, 1.417435884475708, 0.028568506240844727, -1.0383528470993042, -0.02129507064819336, 0.9546735382080078, -1.7956969850458344, -5.38549061342104, -4.02591692490615, -0.13716941955653628
3088, -0.018485546112060547, -0.35852575302124023, 1.417443871498108, 0.028568506240844727, -1.0383528470993042, -0.02126765251159668, 0.9546887969970703, -1.7956909723703545, -5.38548324466392, -4.025909925650462, -0.1371792503471001
3089, -0.01847076416015625, -0.35851120948791504, 1.417435884475708, 0.028586626052856445, -1.0383528470993042, -0.02129507064819336, 0.9546658325195313, -1.7956924100165133, -5.38548218154047, -4.025910192131249, -0.13718411370317263
3090, -0.018485546112060547, -0.35851120948791504, 1.417427897453308, 0.028586626052856445, -1.0383528470993042, -0.02129507064819336, 0.9546735382080078, -1.7957019759588628, -5.3854840994433655, -4.025914405082395, -0.13718417317572307
3091, -0.018485546112060547, -0.3585038185119629, 1.417435884475708, 0.028577566146850586, -1.0383437871932983, -0.02127695083618164, 0.9546658325195313, -1.795716263672364, -5.385486803568377, -4.02591909690472, -0.137196234182845
3092, -0.0184781551361084, -0.3585038185119629, 1.417435884475708, 0.028595924377441406, -1.0383437871932983, -0.02127695083618164, 0.9546735382080078, -1.795718719285837, -5.385488337996068, -4.025917835167454, -0.13720448894654425
3093, -0.018485546112060547, -0.3585183620452881, 1.417435884475708, 0.028586626052856445, -1.0383621454238892, -0.02129507064819336, 0.9546810913085938, -1.7957162457978968, -5.385487793529215, -4.025918399119395, -0.13720138968087436
3094, -0.018485546112060547, -0.35851120948791504, 1.417435884475708, 0.028595924377441406, -1.0383256673812866, -0.02127695083618164, 0.9546658325195313, -1.7957067844110115, -5.385485885575434, -4.025915076105892, -0.13719861603646066
3095, -0.018485546112060547, -0.3585038185119629, 1.417443871498108, 0.028586626052856445, -1.0383621454238892, -0.02124953269958496, 0.9546810913085938, -1.7957041846525983, -5.385482097241257, -4.02591101202675, -0.13720666934287706
3096, -0.0184781551361084, -0.35851120948791504, 1.417435884475708, 0.028595924377441406, -1.0383621454238892, -0.02129507064819336, 0.9546658325195313, -1.7957079143959302, -5.385479973037592, -4.025911757634077, -0.13720213978279538
3097, -0.0184781551361084, -0.35851120948791504, 1.417435884475708, 0.028586626052856445, -1.0383802652359009, -0.02127695083618164, 0.9546810913085938, -1.7957130366751297, -5.385480031185286, -4.0259161256719675, -0.1371995609010339
3098, -0.0184781551361084, -0.35851120948791504, 1.417427897453308, 0.028586626052856445, -1.0383347272872925, -0.02127695083618164, 0.9546810913085938, -1.795722514114288, -5.38549215386549, -4.025919329305945, -0.1372006299294819
3099, -0.0184781551361084, -0.35851120948791504, 1.417427897453308, 0.028577566146850586, -1.0383621454238892, -0.02127695083618164, 0.9546887969970703, -1.7957249633278027, -5.385492340817539, -4.025920262826743, -0.13720225055521862
3100, -0.01847076416015625, -0.3585038185119629, 1.417435884475708, 0.028559446334838867, -1.0383437871932983, -0.02126765251159668, 0.9546735382080078, -1.7957198408506487, -5.385484533110512, -4.025917501448579, -0.13720036230319632
3101, -0.0184781551361084, -0.3585038185119629, 1.417435884475708, 0.028577566146850586, -1.0383528470993042, -0.02127695083618164, 0.9546582794189453, -1.7957182350079774, -5.385484104218339, -4.0259162648733, -0.13717296339888563
3102, -0.01847076416015625, -0.3585038185119629, 1.417435884475708, 0.028586626052856445, -1.0383347272872925, -0.02126765251159668, 0.9546658325195313, -1.7957193104607043, -5.385485799270765, -4.0259144133024956, -0.13717645071448903
3103, -0.0184781551361084, -0.3585038185119629, 1.417435884475708, 0.028586626052856445, -1.0383528470993042, -0.02125859260559082, 0.9546735382080078, -1.7957200169952559, -5.385485727018364, -4.025915833659733, -0.1371678026801506
3104, -0.0184781551361084, -0.35851120948791504, 1.417435884475708, 0.028577566146850586, -1.0383621454238892, -0.02126765251159668, 0.9546887969970703, -1.7957229274992998, -5.385484922625851, -4.025917944200689, -0.1371636150882578
3105, -0.01847076416015625, -0.35851120948791504, 1.417435884475708, 0.028568506240844727, -1.0383347272872925, -0.02129507064819336, 0.9546810913085938, -1.7957232856488614, -5.38548430652072, -4.025916409946671, -0.13716115220168223
3106, -0.0184781551361084, -0.35851120948791504, 1.417435884475708, 0.028577566146850586, -1.0383621454238892, -0.02125859260559082, 0.9546582794189453, -1.795718753008816, -5.3854864624324446, -4.025915594440396, -0.13716735663581225
3107, -0.018485546112060547, -0.35851120948791504, 1.417435884475708, 0.028577566146850586, -1.0383437871932983, -0.02124953269958496, 0.9546810913085938, -1.7957157908464745, -5.385476532578675, -4.025915867121299, -0.1371518715336606
3108, -0.0184781551361084, -0.35851120948791504, 1.417435884475708, 0.028568506240844727, -1.0383528470993042, -0.02127695083618164, 0.9546658325195313, -1.7957206031998827, -5.3854791557986035, -4.025918041670603, -0.13716725925643747
3109, -0.0184781551361084, -0.3585183620452881, 1.417435884475708, 0.028586626052856445, -1.0383528470993042, -0.02126765251159668, 0.9546658325195313, -1.7957204844173815, -5.38548466052339, -4.025918120101902, -0.13715941262851405
3110, -0.0184781551361084, -0.3585038185119629, 1.417435884475708, 0.028577566146850586, -1.0383802652359009, -0.02124953269958496, 0.9546735382080078, -1.7957279834191422, -5.385492741322889, -4.025922696966126, -0.1371703600007601
3111, -0.018485546112060547, -0.3585038185119629, 1.417435884475708, 0.028577566146850586, -1.038371205329895, -0.02126765251159668, 0.9546810913085938, -1.7957282138788155, -5.385496371703875, -4.025919782728273, -0.13716857582363762
3112, -0.018493175506591797, -0.3585038185119629, 1.417427897453308, 0.028568506240844727, -1.0383528470993042, -0.02126765251159668, 0.9546810913085938, -1.795727812878738, -5.385497762256746, -4.0259191491485256, -0.13716343519809548
3113, -0.0184781551361084, -0.35849639773368835, 1.417427897453308, 0.028586626052856445, -1.0383528470993042, -0.0212860107421875, 0.9546887969970703, -1.7957334712567943, -5.385489240473525, -4.025919678595365, -0.13716854314131233
3114, -0.0184781551361084, -0.3585038185119629, 1.417435884475708, 0.028577566146850586, -1.0383621454238892, -0.02127695083618164, 0.9546810913085938, -1.7957333422965975, -5.385483130045623, -4.025916536133825, -0.1371689824879736
3115, -0.018485546112060547, -0.3585038185119629, 1.417435884475708, 0.028568506240844727, -1.0383528470993042, -0.02127695083618164, 0.9546735382080078, -1.7957332261494703, -5.385487115726675, -4.025916831733607, -0.1371853083756598
3116, -0.0184781551361084, -0.3585038185119629, 1.417435884475708, 0.028586626052856445, -1.0383621454238892, -0.02126765251159668, 0.9546735382080078, -1.795733994701558, -5.385489654536977, -4.025915489788004, -0.13719440245068704
3117, -0.018485546112060547, -0.3585038185119629, 1.417435884475708, 0.028577566146850586, -1.0383528470993042, -0.02126765251159668, 0.9546735382080078, -1.7957376982208926, -5.385492704620919, -4.025916130287089, -0.13718784265455763
3118, -0.01847076416015625, -0.3585038185119629, 1.417427897453308, 0.028577566146850586, -1.038371205329895, -0.021240234375, 0.9546810913085938, -1.795740702027425, -5.385489073061403, -4.025918786273912, -0.13717725064581288
3119, -0.01847076416015625, -0.3584887683391571, 1.417427897453308, 0.028577566146850586, -1.0383528470993042, -0.02124953269958496, 0.9546810913085938, -1.7957406662796584, -5.385477244753721, -4.025918194601834, -0.13715525183064958
3120, -0.01847076416015625, -0.35849639773368835, 1.417443871498108, 0.028595924377441406, -1.0383528470993042, -0.02125859260559082, 0.9546735382080078, -1.7957422334157285, -5.3854761860154525, -4.025918234494723, -0.1371585755967386
3121, -0.0184781551361084, -0.35849639773368835, 1.417435884475708, 0.028586626052856445, -1.0383347272872925, -0.02126765251159668, 0.9546658325195313, -1.7957423229327332, -5.3854829004376, -4.025916184651678, -0.1371519481598673
3122, -0.018485546112060547, -0.35849639773368835, 1.417435884475708, 0.028577566146850586, -1.0383163690567017, -0.02126765251159668, 0.9546735382080078, -1.7957556952051197, -5.385486813796321, -4.025922790865615, -0.137151680533246
3123, -0.0184781551361084, -0.3585038185119629, 1.417435884475708, 0.028577566146850586, -1.0383437871932983, -0.02127695083618164, 0.9546810913085938, -1.7957487208394631, -5.385483686710365, -4.025916287937066, -0.137156099314927
3124, -0.01847076416015625, -0.3585038185119629, 1.417427897453308, 0.028586626052856445, -1.0383347272872925, -0.02126765251159668, 0.9546658325195313, -1.7957499546165376, -5.3854825270283175, -4.025917716695893, -0.13715216301244393
3125, -0.01847076416015625, -0.3584887683391571, 1.417435884475708, 0.028595924377441406, -1.0383347272872925, -0.02127695083618164, 0.9546887969970703, -1.7957540404447343, -5.385477840760043, -4.025919954281864, -0.13714669676275015
3126, -0.01847076416015625, -0.35848140716552734, 1.417435884475708, 0.028586626052856445, -1.0383621454238892, -0.02124953269958496, 0.9546735382080078, -1.7957596263603068, -5.385478598534804, -4.0259205204090565, -0.13715307666770826
3127, -0.0184781551361084, -0.3584887683391571, 1.417435884475708, 0.028568506240844727, -1.0383437871932983, -0.021240234375, 0.9546735382080078, -1.7957607321705353, -5.385478992544232, -4.025918506406865, -0.13715417691021514
3128, -0.018485546112060547, -0.35851120948791504, 1.417435884475708, 0.028568506240844727, -1.038371205329895, -0.02124953269958496, 0.9546964263916016, -1.7957688285631617, -5.385485126015563, -4.025920199962174, -0.13716865619430418
3129, -0.0184781551361084, -0.3585038185119629, 1.417435884475708, 0.028559446334838867, -1.0383437871932983, -0.02125859260559082, 0.9546658325195313, -1.7957721427193236, -5.385484259910817, -4.02592255865788, -0.13716922265644005
3130, -0.018485546112060547, -0.35851120948791504, 1.417427897453308, 0.028577566146850586, -1.0383621454238892, -0.02126765251159668, 0.9546658325195313, -1.7957684899529562, -5.385484737505736, -4.025920469938976, -0.1371801120240974
3131, -0.0184781551361084, -0.3584887683391571, 1.417435884475708, 0.028586626052856445, -1.0383437871932983, -0.02122211456298828, 0.9546887969970703, -1.795767802121587, -5.385480191742958, -4.025920694674291, -0.13717393880149764
3132, -0.018485546112060547, -0.3585038185119629, 1.417427897453308, 0.028568506240844727, -1.0383621454238892, -0.021240234375, 0.9546810913085938, -1.795762659211558, -5.385480157410541, -4.025916651813013, -0.13718431300767797
3133, -0.01847076416015625, -0.3584887683391571, 1.417435884475708, 0.028577566146850586, -1.0383256673812866, -0.021240234375, 0.9546735382080078, -1.7957651441242892, -5.3854822501438795, -4.02591841589051, -0.13718215565451164
3134, -0.01847076416015625, -0.3585038185119629, 1.417435884475708, 0.028586626052856445, -1.0383256673812866, -0.02122211456298828, 0.9546735382080078, -1.795776453304545, -5.385484873166507, -4.025922731171303, -0.13719272314472164
3135, -0.01847076416015625, -0.3585038185119629, 1.417435884475708, 0.028577566146850586, -1.038371205329895, -0.02122211456298828, 0.9546887969970703, -1.7957842641483241, -5.385487367850579, -4.025921714328673, -0.1372045774640691
3136, -0.018485546112060547, -0.3585038185119629, 1.417427897453308, 0.028586626052856445, -1.0383621454238892, -0.021240234375, 0.9546810913085938, -1.7957798625957062, -5.3854812692728675, -4.025922539775735, -0.13718932651649318
3137, -0.01847076416015625, -0.35849639773368835, 1.417443871498108, 0.028568506240844727, -1.038371205329895, -0.02122211456298828, 0.9546887969970703, -1.7957696549766595, -5.385489122531745, -4.025917351303964, -0.13719189200574533
3138, -0.0184633731842041, -0.35849639773368835, 1.417427897453308, 0.028595924377441406, -1.0383528470993042, -0.021240234375, 0.9546810913085938, -1.7957676704859802, -5.385489375978285, -4.025917355903422, -0.13718357924761282
3139, -0.0184633731842041, -0.3585038185119629, 1.417435884475708, 0.028568506240844727, -1.0383437871932983, -0.02124953269958496, 0.9546887969970703, -1.7957690204881422, -5.38548797725301, -4.025918309854859, -0.1371790036112328
3140, -0.01847076416015625, -0.35849639773368835, 1.417443871498108, 0.028577566146850586, -1.0383437871932983, -0.021240234375, 0.9546735382080078, -1.795774418075892, -5.385484260894983, -4.025920191344636, -0.13718088516683835
3141, -0.0184633731842041, -0.35849639773368835, 1.417427897453308, 0.028586626052856445, -1.038371205329895, -0.02122211456298828, 0.9546810913085938, -1.7957749877309173, -5.3854764688264565, -4.02592074039928, -0.1371820746171295
3142, -0.0184633731842041, -0.3585038185119629, 1.417427897453308, 0.028604984283447266, -1.0383621454238892, -0.02124953269958496, 0.9546810913085938, -1.795773080825679, -5.385468000835432, -4.025918546740587, -0.1371805796329575
3143, -0.01847076416015625, -0.35851120948791504, 1.417427897453308, 0.028595924377441406, -1.0383437871932983, -0.02122211456298828, 0.9546658325195313, -1.7957703671518754, -5.385466198699363, -4.025918670646684, -0.137188799435763
3144, -0.01847076416015625, -0.35849639773368835, 1.417427897453308, 0.028577566146850586, -1.0383621454238892, -0.02120375633239746, 0.9546810913085938, -1.7957677396218041, -5.385469961840908, -4.025922067075836, -0.13720185285739994
3145, -0.0184781551361084, -0.35849639773368835, 1.417427897453308, 0.028586626052856445, -1.0383528470993042, -0.021213054656982422, 0.9546887969970703, -1.795766256491198, -5.385469095199084, -4.0259174379090945, -0.13718864780365703
3146, -0.0184633731842041, -0.35849639773368835, 1.4174197912216187, 0.028559446334838867, -1.0383621454238892, -0.02120375633239746, 0.9546658325195313, -1.7957772828655592, -5.385466058909804, -4.025921936508352, -0.1372026839950644
3147, -0.0184633731842041, -0.35849639773368835, 1.417427897453308, 0.028568506240844727, -1.0383347272872925, -0.0211946964263916, 0.9546964263916016, -1.7957771112476544, -5.385459397086938, -4.025921049884512, -0.13720170122222886
3148, -0.01847076416015625, -0.35849639773368835, 1.417427897453308, 0.028577566146850586, -1.0383621454238892, -0.02123117446899414, 0.9546964263916016, -1.7957737896765633, -5.385453157327198, -4.0259171160591265, -0.13721402314870446
3149, -0.018485546112060547, -0.35848140716552734, 1.417435884475708, 0.028586626052856445, -1.0383621454238892, -0.021213054656982422, 0.9546735382080078, -1.795777835826653, -5.3854537830078835, -4.025922511534223, -0.1372096370557081
3150, -0.0184633731842041, -0.3584887683391571, 1.417435884475708, 0.028559446334838867, -1.0383347272872925, -0.02122211456298828, 0.9546887969970703, -1.7957762074258934, -5.385452445616797, -4.02592167471226, -0.1372080825988311
3151, -0.0184781551361084, -0.3584887683391571, 1.417427897453308, 0.028586626052856445, -1.0383437871932983, -0.021213054656982422, 0.9546810913085938, -1.7957746261834255, -5.385453971664462, -4.025917522703987, -0.13720286763086698
3152, -0.01847076416015625, -0.35848140716552734, 1.417427897453308, 0.028586626052856445, -1.0383256673812866, -0.0211946964263916, 0.9546735382080078, -1.7957785284947376, -5.385454528302836, -4.025918091678978, -0.13720999241247256
3153, -0.0184781551361084, -0.3584887683391571, 1.417435884475708, 0.028577566146850586, -1.0383528470993042, -0.0211946964263916, 0.9546887969970703, -1.7957790807827778, -5.385446267892228, -4.02592204842727, -0.13721634405234706
3154, -0.01847076416015625, -0.3584887683391571, 1.417427897453308, 0.028577566146850586, -1.0383621454238892, -0.021213054656982422, 0.9546887969970703, -1.7957792469586473, -5.385444632266496, -4.025919570749364, -0.13721765392476648
3155, -0.0184781551361084, -0.3584887683391571, 1.417427897453308, 0.028568506240844727, -1.038371205329895, -0.021213054656982422, 0.9546810913085938, -1.7957815332691487, -5.38544906160675, -4.025920613449017, -0.13721888128326043
3156, -0.01847076416015625, -0.35849639773368835, 1.417435884475708, 0.028577566146850586, -1.0383528470993042, -0.02122211456298828, 0.9546810913085938, -1.7957806750427943, -5.385451702453838, -4.025919955969121, -0.1372081703297683
3157, -0.0184633731842041, -0.3585038185119629, 1.417427897453308, 0.028568506240844727, -1.0383802652359009, -0.02120375633239746, 0.9546810913085938, -1.7957870013974353, -5.385456018333881, -4.025920556151988, -0.13721174832775596
3158, -0.0184633731842041, -0.35849639773368835, 1.417427897453308, 0.028586626052856445, -1.0383437871932983, -0.02120375633239746, 0.9546810913085938, -1.795786801657278, -5.385457089552087, -4.025919158910452, -0.13722599119743073
3159, -0.0184633731842041, -0.3584887683391571, 1.417427897453308, 0.028586626052856445, -1.0383256673812866, -0.02120375633239746, 0.9546810913085938, -1.7957873307402257, -5.385455508420851, -4.025916167271428, -0.13723800089085803
3160, -0.0184633731842041, -0.3584887683391571, 1.417427897453308, 0.028577566146850586, -1.0383528470993042, -0.0211946964263916, 0.9546810913085938, -1.7957851610244224, -5.385449557711996, -4.0259163661867845, -0.13721969755010832
3161, -0.018456220626831055, -0.35848140716552734, 1.417427897453308, 0.028577566146850586, -1.0383621454238892, -0.02120375633239746, 0.9546735382080078, -1.7957879640827914, -5.385456211647878, -4.025920640596248, -0.13720066567272493
3162, -0.0184633731842041, -0.3584742248058319, 1.417427897453308, 0.028577566146850586, -1.0383437871932983, -0.02120375633239746, 0.9546964263916016, -1.7957881128619184, -5.385454517357078, -4.025919354180276, -0.13720912041109923
3163, -0.0184633731842041, -0.3584742248058319, 1.417427897453308, 0.028568506240844727, -1.0383528470993042, -0.02122211456298828, 0.9546964263916016, -1.795794050145258, -5.385459258469509, -4.025920310438279, -0.13719227710109294
3164, -0.0184633731842041, -0.3584742248058319, 1.417427897453308, 0.028586626052856445, -1.0383437871932983, -0.021213054656982422, 0.9546735382080078, -1.7957943049769174, -5.385463015539619, -4.0259219163232896, -0.13721070608182817
3165, -0.01847076416015625, -0.35848140716552734, 1.417435884475708, 0.028577566146850586, -1.0383528470993042, -0.021213054656982422, 0.9546810913085938, -1.795787501350051, -5.3854615480822625, -4.025920875447663, -0.13720285423986756
3166, -0.0184781551361084, -0.3584887683391571, 1.417435884475708, 0.028577566146850586, -1.0383895635604858, -0.02120375633239746, 0.9546735382080078, -1.7957830835080053, -5.385461839873745, -4.025916633147221, -0.13720988016265423
3167, -0.01847076416015625, -0.35848140716552734, 1.417427897453308, 0.028595924377441406, -1.0383256673812866, -0.0211946964263916, 0.9546887969970703, -1.795785983397046, -5.385466975352707, -4.02591912488934, -0.13721282031008286
3168, -0.0184781551361084, -0.35848140716552734, 1.417427897453308, 0.028577566146850586, -1.0383437871932983, -0.02120375633239746, 0.9546810913085938, -1.795786839325386, -5.385471340953967, -4.025920501413056, -0.13722323911812317
3169, -0.018456220626831055, -0.35849639773368835, 1.417427897453308, 0.028595924377441406, -1.0383621454238892, -0.02120375633239746, 0.9546810913085938, -1.7957911996921985, -5.385471699078178, -4.025918862672208, -0.1372188798042293
3170, -0.0184633731842041, -0.3584887683391571, 1.417427897453308, 0.028577566146850586, -1.0383437871932983, -0.02122211456298828, 0.9546810913085938, -1.795800539911222, -5.385467879803358, -4.025918440817875, -0.1372223158160546
3171, -0.0184633731842041, -0.3584887683391571, 1.4174197912216187, 0.028586626052856445, -1.0383621454238892, -0.0211946964263916, 0.9546810913085938, -1.7957993291414374, -5.385465172302645, -4.025919874691143, -0.13721736325720357
3172, -0.0184633731842041, -0.3584887683391571, 1.417427897453308, 0.028586626052856445, -1.0383347272872925, -0.021213054656982422, 0.9546810913085938, -1.7957913318772634, -5.3854725618357095, -4.025917536473798, -0.1372127377963146
3173, -0.0184633731842041, -0.3584742248058319, 1.417427897453308, 0.028586626052856445, -1.0383437871932983, -0.0211946964263916, 0.9546735382080078, -1.795794966725732, -5.385471118411284, -4.025917584402918, -0.1372178605993879
3174, -0.01847076416015625, -0.3584887683391571, 1.417427897453308, 0.028586626052856445, -1.0383621454238892, -0.021213054656982422, 0.9546810913085938, -1.7958029730177993, -5.3854750336046955, -4.025918083667316, -0.13721282404836987
3175, -0.01847076416015625, -0.3584887683391571, 1.417427897453308, 0.028586626052856445, -1.0383437871932983, -0.02120375633239746, 0.9546810913085938, -1.795815063345744, -5.3854759240462835, -4.025917436061237, -0.13721047340906267
3176, -0.018456220626831055, -0.3584742248058319, 1.417427897453308, 0.028568506240844727, -1.0383621454238892, -0.021167278289794922, 0.9546735382080078, -1.7958154212585289, -5.3854735274482195, -4.025917706117045, -0.13720389874900807
3177, -0.0184633731842041, -0.3584742248058319, 1.417435884475708, 0.028595924377441406, -1.0383256673812866, -0.02120375633239746, 0.9546810913085938, -1.7958178443606976, -5.385472586868631, -4.025922532100272, -0.13719994904959254
3178, -0.018456220626831055, -0.3584742248058319, 1.417435884475708, 0.028568506240844727, -1.0383347272872925, -0.021158218383789062, 0.9546735382080078, -1.7958174012219141, -5.385476213448149, -4.0259207597671045, -0.13719775526445765
3179, -0.018456220626831055, -0.35848140716552734, 1.417427897453308, 0.028559446334838867, -1.0383621454238892, -0.021176576614379883, 0.9546658325195313, -1.7958147224240222, -5.385480256307982, -4.025919091375916, -0.13719531836966237
3180, -0.0184633731842041, -0.3584742248058319, 1.417427897453308, 0.028577566146850586, -1.0383621454238892, -0.021167278289794922, 0.9546810913085938, -1.7958157407045623, -5.3854844644471385, -4.025915900125386, -0.13718558871640418
3181, -0.0184633731842041, -0.3584742248058319, 1.417427897453308, 0.028586626052856445, -1.0383528470993042, -0.021213054656982422, 0.9546735382080078, -1.7958180490427091, -5.385483227715812, -4.025915119481025, -0.13718425728199612
3182, -0.018448829650878906, -0.3584887683391571, 1.417427897453308, 0.028577566146850586, -1.038371205329895, -0.0211946964263916, 0.9546810913085938, -1.7958269456446474, -5.385476787327898, -4.025919015052171, -0.1371761348632088
3183, -0.0184633731842041, -0.3584742248058319, 1.4174197912216187, 0.028577566146850586, -1.0383437871932983, -0.021167278289794922, 0.9547040557861328, -1.7958216517029884, -5.385475438080686, -4.025921835691138, -0.13717855314467542
3184, -0.0184633731842041, -0.35846686363220215, 1.417427897453308, 0.028577566146850586, -1.0383256673812866, -0.021176576614379883, 0.9546810913085938, -1.7958218299774467, -5.385473349899295, -4.025918945323278, -0.1371698360010596
3185, -0.0184781551361084, -0.35848140716552734, 1.4174197912216187, 0.028577566146850586, -1.0383437871932983, -0.021149158477783203, 0.9546887969970703, -1.7958249370898673, -5.385472792581835, -4.025920681131171, -0.13717212569274295
3186, -0.018456220626831055, -0.3584742248058319, 1.417427897453308, 0.028586626052856445, -1.0383347272872925, -0.021185636520385742, 0.9546887969970703, -1.7958259625254782, -5.385470303229122, -4.0259210612610845, -0.1371698657373175
3187, -0.01847076416015625, -0.35848140716552734, 1.417427897453308, 0.028586626052856445, -1.0383347272872925, -0.021185636520385742, 0.9546735382080078, -1.7958199704724644, -5.385464079875797, -4.02591440994285, -0.13716864507766147
3188, -0.0184633731842041, -0.3584742248058319, 1.417427897453308, 0.028586626052856445, -1.0383437871932983, -0.021167278289794922, 0.9546735382080078, -1.7958223597941105, -5.385461233398328, -4.025912866639983, -0.13716076055119952
3189, -0.0184633731842041, -0.35846686363220215, 1.4174197912216187, 0.028568506240844727, -1.0383528470993042, -0.021149158477783203, 0.9546810913085938, -1.7958276577203585, -5.385453317590222, -4.025920959455004, -0.13716147422147706
3190, -0.0184781551361084, -0.3584742248058319, 1.4174197912216187, 0.028577566146850586, -1.0383528470993042, -0.0211946964263916, 0.9546658325195313, -1.795838123345622, -5.38544891188014, -4.0259232005363605, -0.13716949631219233
3191, -0.0184781551361084, -0.35846686363220215, 1.417427897453308, 0.028577566146850586, -1.0383437871932983, -0.021167278289794922, 0.9546735382080078, -1.7958440746228583, -5.385443960882982, -4.0259226996449184, -0.13716895288915598
3192, -0.01847076416015625, -0.35845947265625, 1.417427897453308, 0.028586626052856445, -1.0383621454238892, -0.021158218383789062, 0.9546964263916016, -1.7958485413459901, -5.385443600440544, -4.025922566093605, -0.1371567930430606
3193, -0.01847076416015625, -0.3584742248058319, 1.417435884475708, 0.028577566146850586, -1.0383347272872925, -0.021158218383789062, 0.9546810913085938, -1.7958447067713272, -5.385442955724583, -4.025919486899289, -0.1371667576316753
3194, -0.0184781551361084, -0.35845947265625, 1.4174197912216187, 0.028577566146850586, -1.0383528470993042, -0.021185636520385742, 0.9546887969970703, -1.7958520251481034, -5.385439560083599, -4.025920011997373, -0.1371653518577265
3195, -0.018485546112060547, -0.35846686363220215, 1.417427897453308, 0.028586626052856445, -1.0383437871932983, -0.021158218383789062, 0.9546810913085938, -1.7958509664876137, -5.385443123897905, -4.025922621501653, -0.1371732282106155
3196, -0.01847076416015625, -0.35845947265625, 1.417427897453308, 0.028586626052856445, -1.0383437871932983, -0.021167278289794922, 0.9546810913085938, -1.7958515535827937, -5.385444789239551, -4.025926255592468, -0.13716967472966868
3197, -0.01847076416015625, -0.3584742248058319, 1.4174197912216187, 0.028586626052856445, -1.0383437871932983, -0.021185636520385742, 0.9546887969970703, -1.7958497445237223, -5.385441832030125, -4.0259218922025894, -0.13716601569825304
3198, -0.01847076416015625, -0.35845947265625, 1.4174197912216187, 0.028577566146850586, -1.0383437871932983, -0.021185636520385742, 0.9546810913085938, -1.7958482948541061, -5.38544217224905, -4.02591778122229, -0.13716538306661175
3199, -0.0184781551361084, -0.3584742248058319, 1.4174197912216187, 0.028577566146850586, -1.0383347272872925, -0.021158218383789062, 0.9546735382080078, -1.7958562090585386, -5.385443353389679, -4.025918872942435, -0.1371645935834387
3200, -0.0184781551361084, -0.35846686363220215, 1.4174197912216187, 0.028586626052856445, -1.0383437871932983, -0.021185636520385742, 0.9546810913085938, -1.7958614257212302, -5.385441423989633, -4.025925419332682, -0.13716026401474934
3201, -0.0184781551361084, -0.3584742248058319, 1.417427897453308, 0.028586626052856445, -1.0383528470993042, -0.021176576614379883, 0.9546810913085938, -1.7958599125397376, -5.385438484622956, -4.025925080972565, -0.13714451948074657
3202, -0.0184781551361084, -0.3584742248058319, 1.4174197912216187, 0.028595924377441406, -1.0383528470993042, -0.021185636520385742, 0.9546964263916016, -1.7958606386438216, -5.385440692868248, -4.025923481584252, -0.1371434705423482
3203, -0.018493175506591797, -0.35846686363220215, 1.4174197912216187, 0.028586626052856445, -1.0383347272872925, -0.021176576614379883, 0.9546810913085938, -1.7958615435372265, -5.38544360236321, -4.025919551998928, -0.1371467890764233
3204, -0.018485546112060547, -0.35846686363220215, 1.4174197912216187, 0.028577566146850586, -1.0383347272872925, -0.021149158477783203, 0.9546735382080078, -1.7958608453568814, -5.385448444924959, -4.025920403021275, -0.13714461685868784
3205, -0.018485546112060547, -0.35845947265625, 1.417427897453308, 0.028577566146850586, -1.0383528470993042, -0.021140098571777344, 0.9546735382080078, -1.7958591638027994, -5.38544903974139, -4.0259223481397, -0.13714512237521514
3206, -0.0184781551361084, -0.35846686363220215, 1.4174197912216187, 0.028586626052856445, -1.0383437871932983, -0.021140098571777344, 0.9546810913085938, -1.7958601986476708, -5.38545165692989, -4.025923322476621, -0.13714497369388567
3207, -0.018493175506591797, -0.35845205187797546, 1.417427897453308, 0.028595924377441406, -1.0383528470993042, -0.021167278289794922, 0.9546887969970703, -1.795861932203056, -5.38545087234908, -4.025923695767249, -0.13713157979380863
3208, -0.0184781551361084, -0.3584742248058319, 1.417427897453308, 0.028568506240844727, -1.0383437871932983, -0.021140098571777344, 0.9546887969970703, -1.7958603443205108, -5.385453524338228, -4.02592138473605, -0.13713778274576605
3209, -0.018493175506591797, -0.35846686363220215, 1.417427897453308, 0.028568506240844727, -1.0383528470993042, -0.021158218383789062, 0.9546810913085938, -1.7958644673266984, -5.38545280048063, -4.02592392545738, -0.1371299145619762
3210, -0.018485546112060547, -0.35845947265625, 1.4174197912216187, 0.028550148010253906, -1.0383528470993042, -0.021158218383789062, 0.9546887969970703, -1.7958628366963612, -5.385456572165862, -4.02591865826861, -0.13714359765649498
3211, -0.018500328063964844, -0.35845205187797546, 1.4174197912216187, 0.028586626052856445, -1.0383163690567017, -0.021149158477783203, 0.9546658325195313, -1.795869802260208, -5.38545767164233, -4.025920241833744, -0.1371434489751584
3212, -0.018485546112060547, -0.35846686363220215, 1.417427897453308, 0.028577566146850586, -1.0383621454238892, -0.021140098571777344, 0.9546810913085938, -1.795868839129993, -5.385458435242185, -4.025922879035024, -0.1371422595244116
3213, -0.018485546112060547, -0.35846686363220215, 1.4174197912216187, 0.028577566146850586, -1.0383528470993042, -0.021185636520385742, 0.9546810913085938, -1.7958703876800768, -5.385461847198111, -4.0259217688885816, -0.1371554437986955
3214, -0.018485546112060547, -0.35845947265625, 1.4174197912216187, 0.028586626052856445, -1.0383528470993042, -0.021140098571777344, 0.9546810913085938, -1.79587565328454, -5.385455982513213, -4.025922443982112, -0.1371463118257985
3215, -0.0184781551361084, -0.35845947265625, 1.4174197912216187, 0.028577566146850586, -1.0383437871932983, -0.021121740341186523, 0.9546658325195313, -1.795881950621034, -5.3854568590662035, -4.0259232420721265, -0.1371425189818165
3216, -0.018485546112060547, -0.35845947265625, 1.4174197912216187, 0.028577566146850586, -1.038371205329895, -0.021140098571777344, 0.9546810913085938, -1.7958771006718075, -5.385453766159363, -4.0259208663591135, -0.13713935729874915
3217, -0.018485546112060547, -0.35845947265625, 1.417427897453308, 0.028586626052856445, -1.0383895635604858, -0.021149158477783203, 0.9546810913085938, -1.7958786805715667, -5.385453902738512, -4.025920958364877, -0.1371414172700991
3218, -0.018485546112060547, -0.3584742248058319, 1.417427897453308, 0.028577566146850586, -1.0383437871932983, -0.021149158477783203, 0.9547040557861328, -1.7958764096423674, -5.385454470187144, -4.025920171856145, -0.13714666719055124
3219, -0.0184781551361084, -0.35846686363220215, 1.4174197912216187, 0.028568506240844727, -1.0383437871932983, -0.021140098571777344, 0.9546887969970703, -1.7958765595220871, -5.385447154110437, -4.025919697028467, -0.13712453605817476
3220, -0.018493175506591797, -0.35845947265625, 1.4174197912216187, 0.028568506240844727, -1.0383256673812866, -0.021130800247192383, 0.9546887969970703, -1.795879058600937, -5.38544475186065, -4.025921636382149, -0.1371285801925799
3221, -0.018493175506591797, -0.35845205187797546, 1.417427897453308, 0.028586626052856445, -1.0383528470993042, -0.021158218383789062, 0.9546735382080078, -1.795882902364862, -5.385442765093925, -4.025920446921988, -0.13713925992111697
3222, -0.018493175506591797, -0.35846686363220215, 1.417427897453308, 0.028577566146850586, -1.0383437871932983, -0.021158218383789062, 0.9546658325195313, -1.7958826972837503, -5.385444485539982, -4.025919851433942, -0.13714546810068295
3223, -0.018485546112060547, -0.35845947265625, 1.4174197912216187, 0.028586626052856445, -1.0383437871932983, -0.021176576614379883, 0.9546810913085938, -1.795883954977583, -5.385440309832934, -4.025921756884824, -0.1371316958017017
3224, -0.018493175506591797, -0.35845947265625, 1.4174197912216187, 0.028568506240844727, -1.0383621454238892, -0.021149158477783203, 0.9546887969970703, -1.7958854545550393, -5.385445908895312, -4.025923617051285, -0.13713359892309285
3225, -0.0184781551361084, -0.35845205187797546, 1.4174197912216187, 0.028577566146850586, -1.0383347272872925, -0.021149158477783203, 0.9546887969970703, -1.795885986181788, -5.3854434360010845, -4.02592610529317, -0.1371171949604184
3226, -0.018500328063964844, -0.35845205187797546, 1.417427897453308, 0.028586626052856445, -1.0383347272872925, -0.021149158477783203, 0.9546810913085938, -1.7958818496185136, -5.385435730792984, -4.025921893548206, -0.13710997280854365
3227, -0.018500328063964844, -0.35846686363220215, 1.4174197912216187, 0.028586626052856445, -1.0383621454238892, -0.021158218383789062, 0.9546735382080078, -1.7958886987950575, -5.385434151128386, -4.025923342162309, -0.1371104255540514
3228, -0.018500328063964844, -0.35845947265625, 1.417427897453308, 0.028577566146850586, -1.0383347272872925, -0.021140098571777344, 0.9546735382080078, -1.7958902865150352, -5.385435953964119, -4.025923223513978, -0.13711949135526424
3229, -0.018500328063964844, -0.35845205187797546, 1.4174197912216187, 0.028586626052856445, -1.0383528470993042, -0.021140098571777344, 0.9546735382080078, -1.7958908935689974, -5.385434041290352, -4.025921366763913, -0.1370994469977198
3230, -0.018493175506591797, -0.35845205187797546, 1.4174197912216187, 0.028577566146850586, -1.0383347272872925, -0.021121740341186523, 0.9546887969970703, -1.7958920691483653, -5.385437834521317, -4.025922263636266, -0.13710274919224474
3231, -0.018507719039916992, -0.35845205187797546, 1.417427897453308, 0.028586626052856445, -1.0383347272872925, -0.021149158477783203, 0.9546887969970703, -1.7959005861736792, -5.385439757293197, -4.025923022660871, -0.13710639188863727
3232, -0.018507719039916992, -0.3584449291229248, 1.4174197912216187, 0.028577566146850586, -1.0383621454238892, -0.021167278289794922, 0.9546887969970703, -1.7959030214832477, -5.385434700223885, -4.025925209983998, -0.13708782911288253
3233, -0.01851511001586914, -0.3584449291229248, 1.4174197912216187, 0.028595924377441406, -1.0383437871932983, -0.021158218383789062, 0.9546735382080078, -1.7958989745952254, -5.385431027768201, -4.025918768847266, -0.1370942684874743
3234, -0.018493175506591797, -0.35845205187797546, 1.4174197912216187, 0.028568506240844727, -1.0383621454238892, -0.021167278289794922, 0.9546887969970703, -1.7959075882490072, -5.385426628310508, -4.025922772690088, -0.13708541084258297
3235, -0.018507719039916992, -0.35845205187797546, 1.4174197912216187, 0.028586626052856445, -1.0383437871932983, -0.021149158477783203, 0.9546810913085938, -1.7959066032009947, -5.385426954836821, -4.0259246017934665, -0.137090549985313
3236, -0.018507719039916992, -0.3584449291229248, 1.4174197912216187, 0.028577566146850586, -1.038371205329895, -0.021149158477783203, 0.9546887969970703, -1.7959151948387404, -5.385431074811577, -4.025928498874427, -0.13708678017616993
3237, -0.018500328063964844, -0.35845205187797546, 1.4174197912216187, 0.028559446334838867, -1.0383347272872925, -0.021121740341186523, 0.9546810913085938, -1.7959163835035363, -5.385432028436036, -4.025929473629443, -0.13709394138812758
3238, -0.01852250099182129, -0.3584449291229248, 1.4174197912216187, 0.028586626052856445, -1.0383256673812866, -0.021140098571777344, 0.9546658325195313, -1.795915421351835, -5.385425622394079, -4.0259261876203345, -0.137081497591649
3239, -0.01851511001586914, -0.3584449291229248, 1.4174197912216187, 0.028586626052856445, -1.0383073091506958, -0.021149158477783203, 0.9546887969970703, -1.795907736327615, -5.385424329695217, -4.025920995024282, -0.1370851432157627
3240, -0.01852250099182129, -0.3584449291229248, 1.4174197912216187, 0.028568506240844727, -1.038371205329895, -0.021121740341186523, 0.9546887969970703, -1.7959134376403336, -5.385422235106577, -4.025921503375726, -0.13709501043082106
3241, -0.01851511001586914, -0.3584449291229248, 1.4174197912216187, 0.028568506240844727, -1.0383528470993042, -0.021149158477783203, 0.9546887969970703, -1.7959211700225577, -5.385417995164386, -4.025924916087228, -0.1370893739375436
3242, -0.018529891967773438, -0.3584449291229248, 1.4174197912216187, 0.028586626052856445, -1.0383437871932983, -0.021130800247192383, 0.9546735382080078, -1.7959256598472653, -5.385423664179001, -4.025926089501253, -0.13708266401054736
3243, -0.01852250099182129, -0.3584449291229248, 1.4174119234085083, 0.028586626052856445, -1.0383621454238892, -0.021130800247192383, 0.9546735382080078, -1.795932171940343, -5.385430654120995, -4.025928148488646, -0.13711043455789884
3244, -0.018529891967773438, -0.3584449291229248, 1.4174039363861084, 0.028586626052856445, -1.0383437871932983, -0.021140098571777344, 0.9546810913085938, -1.7959364422291937, -5.385424781611375, -4.025929938273034, -0.13712293636134554
3245, -0.01852250099182129, -0.3584449291229248, 1.4174119234085083, 0.028586626052856445, -1.0383347272872925, -0.021140098571777344, 0.9546810913085938, -1.7959370004398791, -5.385419718133636, -4.025930354743176, -0.13711679958759504
3246, -0.01852250099182129, -0.35843750834465027, 1.4174197912216187, 0.028568506240844727, -1.0383621454238892, -0.021140098571777344, 0.9546887969970703, -1.795936830950462, -5.385415623315645, -4.025926988273045, -0.13712048835214574
3247, -0.01851511001586914, -0.3584449291229248, 1.4174119234085083, 0.028586626052856445, -1.0383347272872925, -0.021121740341186523, 0.9546735382080078, -1.7959326746615167, -5.385410269261965, -4.025928137803266, -0.13712672103502577
3248, -0.018529891967773438, -0.35843750834465027, 1.4174197912216187, 0.028586626052856445, -1.0383621454238892, -0.021158218383789062, 0.9546658325195313, -1.795932334529036, -5.3854161720495135, -4.025921796698849, -0.13712621405059444
3249, -0.01851511001586914, -0.35843750834465027, 1.4174119234085083, 0.028577566146850586, -1.0383347272872925, -0.021112680435180664, 0.9546735382080078, -1.795940441195068, -5.3854236170643714, -4.025925607727217, -0.1371306841257134
3250, -0.01852250099182129, -0.358429878950119, 1.4174119234085083, 0.028586626052856445, -1.0383437871932983, -0.021130800247192383, 0.9546887969970703, -1.7959452150700737, -5.38542320553558, -4.025927475460739, -0.1371188811264945
3251, -0.01852250099182129, -0.358429878950119, 1.4174119234085083, 0.028595924377441406, -1.0383437871932983, -0.021130800247192383, 0.9546887969970703, -1.7959452103155777, -5.385422734387928, -4.025924296434113, -0.1371128283283669
3252, -0.01851511001586914, -0.358429878950119, 1.4174197912216187, 0.028559446334838867, -1.0383437871932983, -0.021140098571777344, 0.9546810913085938, -1.7959378307127862, -5.385419120177236, -4.025922074131343, -0.13710972088712392
3253, -0.01851511001586914, -0.35843750834465027, 1.4174119234085083, 0.028577566146850586, -1.038371205329895, -0.021121740341186523, 0.9546810913085938, -1.7959381007140551, -5.385411398842118, -4.025922505672432, -0.13710704315573707
3254, -0.018529891967773438, -0.358429878950119, 1.4174197912216187, 0.028586626052856445, -1.0383528470993042, -0.021112680435180664, 0.9546964263916016, -1.7959313870427174, -5.3854150376326855, -4.025922125326831, -0.13711565474107346
3255, -0.01852250099182129, -0.35843750834465027, 1.4174197912216187, 0.028559446334838867, -1.0383256673812866, -0.021140098571777344, 0.9546735382080078, -1.795947145769481, -5.385420494648517, -4.025923776331956, -0.13713182227178233
3256, -0.01852250099182129, -0.358429878950119, 1.4174197912216187, 0.028586626052856445, -1.0383528470993042, -0.021112680435180664, 0.9546810913085938, -1.7959485934707886, -5.385419095089687, -4.025923506456367, -0.13712060059679487
3257, -0.01852250099182129, -0.35843750834465027, 1.4174119234085083, 0.028586626052856445, -1.0383528470993042, -0.021103382110595703, 0.9546810913085938, -1.7959523018229602, -5.385420907852044, -4.025919549029092, -0.13712059766221785
3258, -0.01852250099182129, -0.3584449291229248, 1.4174039363861084, 0.028595924377441406, -1.0383621454238892, -0.021121740341186523, 0.9546658325195313, -1.7959565793137624, -5.385417166864564, -4.025923952105345, -0.13712857138312895
3259, -0.018507719039916992, -0.358429878950119, 1.4174039363861084, 0.028577566146850586, -1.0383528470993042, -0.021121740341186523, 0.9546887969970703, -1.7959509864213028, -5.385408290870286, -4.025921895835986, -0.13712567733001002
3260, -0.01851511001586914, -0.35843750834465027, 1.4174119234085083, 0.028577566146850586, -1.0383528470993042, -0.021130800247192383, 0.9546810913085938, -1.795949934983597, -5.385409580004822, -4.025921544072215, -0.1371359935156038
3261, -0.01851511001586914, -0.35843750834465027, 1.4174119234085083, 0.028586626052856445, -1.0383347272872925, -0.021121740341186523, 0.9546964263916016, -1.7959535099598865, -5.385415990503938, -4.025923993795446, -0.13714334800629846
3262, -0.018507719039916992, -0.358429878950119, 1.4174039363861084, 0.028586626052856445, -1.0383163690567017, -0.021140098571777344, 0.9546735382080078, -1.7959595114281819, -5.385415419065422, -4.025926681900358, -0.13714770207747495
3263, -0.01851511001586914, -0.35842251777648926, 1.4174039363861084, 0.028595924377441406, -1.0383621454238892, -0.021130800247192383, 0.9546964263916016, -1.7959568288955865, -5.385419772735139, -4.025926583292074, -0.13713815903162985
3264, -0.018507719039916992, -0.358429878950119, 1.4174119234085083, 0.028586626052856445, -1.0383437871932983, -0.021130800247192383, 0.9546810913085938, -1.79595571547177, -5.385417969714127, -4.025924821320413, -0.13714776007942664
3265, -0.018507719039916992, -0.35842251777648926, 1.4174119234085083, 0.028577566146850586, -1.0383437871932983, -0.021140098571777344, 0.9546887969970703, -1.7959517811229964, -5.385406924581501, -4.025924006388626, -0.1371442660709139
3266, -0.01851511001586914, -0.35843750834465027, 1.417395830154419, 0.028577566146850586, -1.0383347272872925, -0.021140098571777344, 0.9546887969970703, -1.7959507117689752, -5.385405141612075, -4.02592285905135, -0.13714715718534265
3267, -0.01851511001586914, -0.35842251777648926, 1.4174119234085083, 0.028586626052856445, -1.0383621454238892, -0.021121740341186523, 0.9546887969970703, -1.7959543669921247, -5.385405439810208, -4.025923636002841, -0.13715748007154271
3268, -0.01851511001586914, -0.358429878950119, 1.4174039363861084, 0.028586626052856445, -1.0383437871932983, -0.021112680435180664, 0.9546964263916016, -1.7959630384855907, -5.385403277048348, -4.025924072053788, -0.13715050251179495
3269, -0.01851511001586914, -0.35842251777648926, 1.4174119234085083, 0.028568506240844727, -1.0383163690567017, -0.021130800247192383, 0.9546810913085938, -1.7959655597628357, -5.385399877974664, -4.025925571380753, -0.1371445983984474
3270, -0.018500328063964844, -0.35842251777648926, 1.4174119234085083, 0.028577566146850586, -1.0383621454238892, -0.021140098571777344, 0.9546735382080078, -1.795962159369537, -5.38540040370932, -4.025922981344084, -0.13714226410340302
3271, -0.018507719039916992, -0.35842251777648926, 1.4174119234085083, 0.028577566146850586, -1.0383163690567017, -0.021130800247192383, 0.9546887969970703, -1.7959621217854056, -5.385398816828177, -4.025925086250656, -0.1371416084362007
3272, -0.01851511001586914, -0.358429878950119, 1.4174039363861084, 0.028595924377441406, -1.0383256673812866, -0.021121740341186523, 0.9546887969970703, -1.7959537676533934, -5.385397064461546, -4.0259189401267514, -0.13713211146594073
3273, -0.018507719039916992, -0.358429878950119, 1.4174039363861084, 0.028577566146850586, -1.0383621454238892, -0.021130800247192383, 0.9546964263916016, -1.7959551388477792, -5.385400061404507, -4.025922027972054, -0.13713689377172322
3274, -0.01851511001586914, -0.35842251777648926, 1.4174039363861084, 0.028595924377441406, -1.0383528470993042, -0.021121740341186523, 0.9546964263916016, -1.7959587503326713, -5.385400646929229, -4.025922366869796, -0.13713884296535994
3275, -0.01852250099182129, -0.35842251777648926, 1.4174039363861084, 0.028568506240844727, -1.0383437871932983, -0.021112680435180664, 0.9546964263916016, -1.7959639636907379, -5.38540656573557, -4.02592499351547, -0.13712409460806274
3276, -0.01851511001586914, -0.35842251777648926, 1.417395830154419, 0.028586626052856445, -1.0383437871932983, -0.021130800247192383, 0.9546964263916016, -1.7959640996843769, -5.3854107195231045, -4.025923184433463, -0.1371235310867025
3277, -0.01852250099182129, -0.358429878950119, 1.4174119234085083, 0.028586626052856445, -1.0383528470993042, -0.021149158477783203, 0.9546810913085938, -1.7959586132301975, -5.3854082794300675, -4.025924040064455, -0.13712114255002916
3278, -0.01851511001586914, -0.35842251777648926, 1.4174039363861084, 0.028568506240844727, -1.0383621454238892, -0.021121740341186523, 0.9546810913085938, -1.7959527639524802, -5.385407377497903, -4.025918987071597, -0.1371140177793846
3279, -0.01852250099182129, -0.358429878950119, 1.417395830154419, 0.028586626052856445, -1.0383437871932983, -0.021130800247192383, 0.9546810913085938, -1.7959554206152597, -5.385411063186541, -4.025925294383674, -0.1371200044041716
3280, -0.018500328063964844, -0.35842251777648926, 1.4174039363861084, 0.028568506240844727, -1.0383528470993042, -0.021103382110595703, 0.9546964263916016, -1.795965465325223, -5.385406343556433, -4.025927869338694, -0.13713113833788704
3281, -0.018507719039916992, -0.35840773582458496, 1.417395830154419, 0.028577566146850586, -1.0383163690567017, -0.021112680435180664, 0.9546887969970703, -1.7959639815632225, -5.38540937672819, -4.025927357852187, -0.13713436765928488
3282, -0.01852250099182129, -0.3584151268005371, 1.4174039363861084, 0.028586626052856445, -1.0383621454238892, -0.021112680435180664, 0.9546887969970703, -1.7959609834566794, -5.385408866848595, -4.025924241453478, -0.13712133060275988
3283, -0.018529891967773438, -0.35842251777648926, 1.4174039363861084, 0.028586626052856445, -1.0383437871932983, -0.021112680435180664, 0.9546735382080078, -1.795964300560541, -5.385408113004714, -4.025926550984044, -0.13712529369435522
3284, -0.018529891967773438, -0.35842251777648926, 1.417395830154419, 0.028568506240844727, -1.0383347272872925, -0.021121740341186523, 0.9546887969970703, -1.7959540794920266, -5.3853974297601725, -4.0259243525076664, -0.1371154763234257
3285, -0.01851511001586914, -0.3584151268005371, 1.4174039363861084, 0.028577566146850586, -1.0383347272872925, -0.021103382110595703, 0.9546735382080078, -1.7959529686103533, -5.385399305183998, -4.025925718817892, -0.13711093190753942
3286, -0.01852250099182129, -0.35840773582458496, 1.4174119234085083, 0.028595924377441406, -1.0383437871932983, -0.021112680435180664, 0.9546887969970703, -1.7959574135744147, -5.385398930577503, -4.0259236127112645, -0.1371095692737656
3287, -0.01851511001586914, -0.358429878950119, 1.4174039363861084, 0.028568506240844727, -1.0383347272872925, -0.021085262298583984, 0.9546735382080078, -1.795967267438725, -5.385399881279163, -4.0259309310185145, -0.13711937994254342
3288, -0.01852250099182129, -0.358429878950119, 1.4174039363861084, 0.028577566146850586, -1.0383437871932983, -0.021121740341186523, 0.9546810913085938, -1.7959669699082048, -5.385398379412668, -4.025924117216555, -0.13711878375008713
3289, -0.018529891967773438, -0.35842251777648926, 1.417395830154419, 0.028577566146850586, -1.0383528470993042, -0.021112680435180664, 0.9546887969970703, -1.7959663348801094, -5.385400735874291, -4.025926500203805, -0.1371083731215128
3290, -0.01851511001586914, -0.35842251777648926, 1.4174039363861084, 0.028577566146850586, -1.0383621454238892, -0.021103382110595703, 0.9546810913085938, -1.7959651553008975, -5.385402091701343, -4.025925830410924, -0.13711537894720038
3291, -0.01852250099182129, -0.3584151268005371, 1.4174039363861084, 0.028595924377441406, -1.0383528470993042, -0.021085262298583984, 0.9546887969970703, -1.795963534408507, -5.385402428399047, -4.0259277900365555, -0.13711873391221996
3292, -0.018529891967773438, -0.35842251777648926, 1.4174039363861084, 0.028577566146850586, -1.0383437871932983, -0.021103382110595703, 0.9546810913085938, -1.7959638944233371, -5.385402707873761, -4.025924913221573, -0.1371240366032369
3293, -0.018529891967773438, -0.358429878950119, 1.4174119234085083, 0.028586626052856445, -1.0383347272872925, -0.021103382110595703, 0.9546810913085938, -1.795970093425065, -5.385398533447563, -4.025929621161669, -0.1371313182239966
3294, -0.01852250099182129, -0.35842251777648926, 1.4174039363861084, 0.028577566146850586, -1.0383528470993042, -0.021103382110595703, 0.9546658325195313, -1.7959683833798175, -5.385401493812296, -4.0259278965459355, -0.1371360031533584
3295, -0.018529891967773438, -0.35842251777648926, 1.4174119234085083, 0.028586626052856445, -1.0383347272872925, -0.021112680435180664, 0.9546810913085938, -1.795967766105806, -5.385401201609476, -4.02592568120441, -0.13711976798122016
3296, -0.01852250099182129, -0.35842251777648926, 1.417395830154419, 0.028568506240844727, -1.0383347272872925, -0.021121740341186523, 0.9546810913085938, -1.7959614454531436, -5.385400497285594, -4.02592828196189, -0.1371293853669533
3297, -0.018529891967773438, -0.35842251777648926, 1.417395830154419, 0.028577566146850586, -1.0383437871932983, -0.021103382110595703, 0.9546887969970703, -1.7959599000848154, -5.385401782051322, -4.025925583835094, -0.1371243436015659
3298, -0.01852250099182129, -0.35842251777648926, 1.4174039363861084, 0.028586626052856445, -1.0383437871932983, -0.021112680435180664, 0.9546735382080078, -1.7959630220332972, -5.385403692256825, -4.0259248872729865, -0.13711605764751944
3299, -0.018529891967773438, -0.35842251777648926, 1.4174119234085083, 0.028568506240844727, -1.0383256673812866, -0.021094322204589844, 0.9546887969970703, -1.7959623574372088, -5.385404897094823, -4.025923259090571, -0.13711763513705932
3300, -0.018537044525146484, -0.35842251777648926, 1.417395830154419, 0.028577566146850586, -1.0383163690567017, -0.021121740341186523, 0.9546887969970703, -1.7959635986147622, -5.385407846357283, -4.0259235201811565, -0.13713681567010205
3301, -0.01851511001586914, -0.358429878950119, 1.4174039363861084, 0.028586626052856445, -1.0383621454238892, -0.021112680435180664, 0.9546810913085938, -1.7959579092308757, -5.385409998658581, -4.025922297459876, -0.13713697252007773
3302, -0.01851511001586914, -0.3584151268005371, 1.4174039363861084, 0.028559446334838867, -1.0383347272872925, -0.021130800247192383, 0.9546735382080078, -1.795954917326842, -5.385412020352158, -4.025921204055319, -0.1371364588350037
3303, -0.01852250099182129, -0.3584151268005371, 1.417395830154419, 0.028568506240844727, -1.0383528470993042, -0.021112680435180664, 0.9546735382080078, -1.7959616787296384, -5.385411521212331, -4.025921411046961, -0.13713320124552641
3304, -0.01851511001586914, -0.35842251777648926, 1.417387843132019, 0.028586626052856445, -1.0383347272872925, -0.021121740341186523, 0.9546810913085938, -1.7959721865953788, -5.385414826685068, -4.025926408268079, -0.13713306073267084
3305, -0.01851511001586914, -0.3584151268005371, 1.4174039363861084, 0.028577566146850586, -1.0383163690567017, -0.021140098571777344, 0.9546887969970703, -1.795966928173014, -5.385411777682834, -4.025922276250798, -0.13713163192333244
3306, -0.01852250099182129, -0.3584151268005371, 1.4174039363861084, 0.028586626052856445, -1.0383163690567017, -0.021085262298583984, 0.9546810913085938, -1.7959642783008007, -5.385405061641446, -4.025923248966955, -0.13712081838572043
3307, -0.01851511001586914, -0.35842251777648926, 1.4174119234085083, 0.028577566146850586, -1.0383437871932983, -0.021075963973999023, 0.9546810913085938, -1.795959983809082, -5.385405112558258, -4.025921957008717, -0.13712863672863662
3308, -0.01852250099182129, -0.3584151268005371, 1.4174039363861084, 0.028577566146850586, -1.0383437871932983, -0.021094322204589844, 0.9546887969970703, -1.7959530923070859, -5.385407429260513, -4.025919132116306, -0.1371288515824629
3309, -0.018507719039916992, -0.3584151268005371, 1.4174039363861084, 0.028568506240844727, -1.0383256673812866, -0.021112680435180664, 0.9546810913085938, -1.7959556703367752, -5.385405979068852, -4.025919137092302, -0.1371335974542509
3310, -0.01851511001586914, -0.35842251777648926, 1.4174039363861084, 0.028586626052856445, -1.0383347272872925, -0.021103382110595703, 0.9546810913085938, -1.7959594138854267, -5.385410662769791, -4.025923097256731, -0.13712738780519995
3311, -0.018507719039916992, -0.35842251777648926, 1.4174039363861084, 0.028586626052856445, -1.0383437871932983, -0.021112680435180664, 0.9546964263916016, -1.7959608355566978, -5.38541221695222, -4.025924427748747, -0.13713064539528297
3312, -0.018507719039916992, -0.3584151268005371, 1.417395830154419, 0.028604984283447266, -1.0383256673812866, -0.021121740341186523, 0.9546887969970703, -1.7959681401965497, -5.385410804817946, -4.025925461401067, -0.13714233615455207
3313, -0.01852250099182129, -0.35842251777648926, 1.4174039363861084, 0.028568506240844727, -1.0383437871932983, -0.021085262298583984, 0.9546735382080078, -1.7959644878828156, -5.385413786272074, -4.025921674739417, -0.13713720371072213
3314, -0.01851511001586914, -0.35842251777648926, 1.417395830154419, 0.028577566146850586, -1.0383621454238892, -0.021112680435180664, 0.9546887969970703, -1.7959618006437517, -5.385410560993146, -4.025919524880843, -0.13714575582373723
3315, -0.018507719039916992, -0.35842251777648926, 1.417395830154419, 0.028568506240844727, -1.0383528470993042, -0.021103382110595703, 0.9546964263916016, -1.795963877739809, -5.385409063524363, -4.025920891474201, -0.13714233468466652
3316, -0.01852250099182129, -0.35842251777648926, 1.4174039363861084, 0.028568506240844727, -1.0383256673812866, -0.021130800247192383, 0.9546964263916016, -1.7959671256756446, -5.38540868618418, -4.025922727016096, -0.13715210075536
3317, -0.01851511001586914, -0.35842251777648926, 1.417395830154419, 0.028568506240844727, -1.0383256673812866, -0.021085262298583984, 0.9546810913085938, -1.7959684029267962, -5.385407353592202, -4.02592193960795, -0.1371462100367209
3318, -0.018529891967773438, -0.3584151268005371, 1.4174039363861084, 0.028595924377441406, -1.0383163690567017, -0.021103382110595703, 0.9546964263916016, -1.7959701353820507, -5.38540861327033, -4.025920754485379, -0.13714836591476942
3319, -0.018507719039916992, -0.3584151268005371, 1.417395830154419, 0.028559446334838867, -1.0383163690567017, -0.021112680435180664, 0.9546887969970703, -1.795973681553241, -5.385407141468663, -4.025922040652193, -0.13715056639686196
3320, -0.01851511001586914, -0.35842251777648926, 1.4174039363861084, 0.028586626052856445, -1.0383621454238892, -0.021121740341186523, 0.9546887969970703, -1.7959752722946427, -5.385405524430703, -4.0259211095603105, -0.13714967430956726
3321, -0.018507719039916992, -0.35842251777648926, 1.4174039363861084, 0.028577566146850586, -1.0383437871932983, -0.021121740341186523, 0.9546810913085938, -1.7959773810005701, -5.385408450438727, -4.025917385465053, -0.13714151399809094
3322, -0.018507719039916992, -0.35842251777648926, 1.4174119234085083, 0.028577566146850586, -1.0383528470993042, -0.021112680435180664, 0.9546810913085938, -1.7959830842864069, -5.385404071630493, -4.025918737142356, -0.13713938115688595
3323, -0.01851511001586914, -0.3584151268005371, 1.4174039363861084, 0.028577566146850586, -1.0383437871932983, -0.021094322204589844, 0.9546964263916016, -1.7959837903148324, -5.385408301185074, -4.025918884384005, -0.13713813076476278
3324, -0.01851511001586914, -0.3584151268005371, 1.4174039363861084, 0.028577566146850586, -1.0383528470993042, -0.021103382110595703, 0.9546810913085938, -1.7959828239497915, -5.385410089122451, -4.025919872723752, -0.1371317129637477
3325, -0.01851511001586914, -0.3584151268005371, 1.4174039363861084, 0.028568506240844727, -1.0383528470993042, -0.021112680435180664, 0.9546964263916016, -1.7959797553932269, -5.3854092185125735, -4.025920214807236, -0.1371377969665799
3326, -0.018507719039916992, -0.35843750834465027, 1.4174039363861084, 0.028604984283447266, -1.0383528470993042, -0.021112680435180664, 0.9546658325195313, -1.7959804562101742, -5.385410557837394, -4.025921821533458, -0.13714643975747798
3327, -0.018529891967773438, -0.35842251777648926, 1.4174039363861084, 0.028586626052856445, -1.0383621454238892, -0.021121740341186523, 0.9546658325195313, -1.7959753301105594, -5.385408614806705, -4.02591667287325, -0.1371528426903561
3328, -0.018529891967773438, -0.3584151268005371, 1.417395830154419, 0.028568506240844727, -1.0383347272872925, -0.021085262298583984, 0.9546887969970703, -1.7959843813473446, -5.385403710387709, -4.025919804477402, -0.13714543395365997
3329, -0.01851511001586914, -0.3584151268005371, 1.417395830154419, 0.028586626052856445, -1.0383528470993042, -0.021130800247192383, 0.9546964263916016, -1.795984748433141, -5.3854045853467705, -4.025916656669176, -0.1371626437231397
3330, -0.018507719039916992, -0.35842251777648926, 1.417387843132019, 0.028586626052856445, -1.0383437871932983, -0.021112680435180664, 0.9546887969970703, -1.7959814176391433, -5.385399084259357, -4.025914858514969, -0.1371553040998208
3331, -0.018507719039916992, -0.3584151268005371, 1.417395830154419, 0.028586626052856445, -1.0383256673812866, -0.021130800247192383, 0.9546964263916016, -1.795983348658994, -5.385402390333411, -4.025914878769736, -0.13716088111545943
3332, -0.01851511001586914, -0.3584151268005371, 1.417395830154419, 0.028586626052856445, -1.0383528470993042, -0.021094322204589844, 0.9546887969970703, -1.795988173189827, -5.385405430795697, -4.025917034785048, -0.137159957820308
3333, -0.01851511001586914, -0.35842251777648926, 1.417395830154419, 0.028577566146850586, -1.0383437871932983, -0.021121740341186523, 0.9546887969970703, -1.7959892147771617, -5.385402525361753, -4.025916068353253, -0.13715939283195766
3334, -0.018507719039916992, -0.35842251777648926, 1.417387843132019, 0.028559446334838867, -1.0383621454238892, -0.021121740341186523, 0.9546887969970703, -1.79600047244109, -5.38539708097106, -4.025919099964116, -0.1371514555421527
3335, -0.018500328063964844, -0.3584151268005371, 1.417395830154419, 0.028568506240844727, -1.0383621454238892, -0.021112680435180664, 0.9546887969970703, -1.7960036573323415, -5.385388887113024, -4.025920138797547, -0.13714246261820495
3336, -0.01851511001586914, -0.3584151268005371, 1.4174039363861084, 0.028586626052856445, -1.0383256673812866, -0.021103382110595703, 0.9546887969970703, -1.796008792137636, -5.385391005427623, -4.025917340978574, -0.1371489763238225
3337, -0.01851511001586914, -0.3584151268005371, 1.4174039363861084, 0.028577566146850586, -1.0383256673812866, -0.021103382110595703, 0.9546887969970703, -1.7960085973298123, -5.38538892833423, -4.025914523380513, -0.13715494137939643
3338, -0.01851511001586914, -0.35840773582458496, 1.417387843132019, 0.028586626052856445, -1.0383621454238892, -0.021130800247192383, 0.9546964263916016, -1.7960145366265192, -5.385396534866407, -4.025914628718623, -0.13715073745986928
3339, -0.01851511001586914, -0.3584005832672119, 1.4174039363861084, 0.028568506240844727, -1.038371205329895, -0.021085262298583984, 0.9546964263916016, -1.7960259194804375, -5.3853947804820725, -4.025921588120845, -0.1371483043174475
3340, -0.01851511001586914, -0.3584005832672119, 1.417387843132019, 0.028568506240844727, -1.0383528470993042, -0.021112680435180664, 0.9546887969970703, -1.7960336476479517, -5.385396721317265, -4.025923216962987, -0.13716631025586867
3341, -0.018507719039916992, -0.35839319229125977, 1.417387843132019, 0.028586626052856445, -1.0383528470993042, -0.021094322204589844, 0.9546887969970703, -1.796029649599794, -5.385387858291927, -4.025923274967506, -0.13716747144076358
3342, -0.018507719039916992, -0.35840773582458496, 1.417387843132019, 0.028586626052856445, -1.0383256673812866, -0.021075963973999023, 0.9546887969970703, -1.7960268870725713, -5.385382478790661, -4.025919977078157, -0.13715786075554526
3343, -0.018507719039916992, -0.35840773582458496, 1.417387843132019, 0.028586626052856445, -1.038371205329895, -0.021094322204589844, 0.9546887969970703, -1.796027057675265, -5.385380704483649, -4.025919456099376, -0.13716360948623674
3344, -0.018507719039916992, -0.3584005832672119, 1.417395830154419, 0.028568506240844727, -1.0383621454238892, -0.021085262298583984, 0.9546887969970703, -1.7960276408655689, -5.385377019700585, -4.025920873420918, -0.13715746748656166
3345, -0.018507719039916992, -0.3584005832672119, 1.417387843132019, 0.028577566146850586, -1.0383437871932983, -0.021066904067993164, 0.9546964263916016, -1.7960261304476326, -5.385380466515923, -4.02591646749437, -0.1371522161014127
3346, -0.018507719039916992, -0.3584005832672119, 1.417387843132019, 0.028568506240844727, -1.0383437871932983, -0.021085262298583984, 0.9546810913085938, -1.7960352961262716, -5.385383377845101, -4.025921708837011, -0.13714388554740964
3347, -0.018507719039916992, -0.3584005832672119, 1.417387843132019, 0.028568506240844727, -1.0383256673812866, -0.021103382110595703, 0.9546887969970703, -1.7960449676262573, -5.385379200806488, -4.025923463630858, -0.1371423392635922
3348, -0.018507719039916992, -0.35838577151298523, 1.4173719882965088, 0.028586626052856445, -1.0383256673812866, -0.021094322204589844, 0.9546964263916016, -1.7960445855703924, -5.385371872674362, -4.025920425019453, -0.1371495882029432
3349, -0.01851511001586914, -0.35838577151298523, 1.4173799753189087, 0.028577566146850586, -1.0383437871932983, -0.021121740341186523, 0.9546887969970703, -1.7960472204508777, -5.385369338418537, -4.025921388805985, -0.13713940583615347
3350, -0.01851511001586914, -0.35839319229125977, 1.4173719882965088, 0.028577566146850586, -1.0383347272872925, -0.021103382110595703, 0.9546887969970703, -1.796049402705021, -5.3853704588526154, -4.0259231496281975, -0.1371395842534966
3351, -0.01851511001586914, -0.35838577151298523, 1.4173719882965088, 0.028586626052856445, -1.0383347272872925, -0.021085262298583984, 0.9546887969970703, -1.796052856403881, -5.385365699343513, -4.025924079351949, -0.13713547918496793
3352, -0.01851511001586914, -0.358378142118454, 1.4173638820648193, 0.028586626052856445, -1.0383528470993042, -0.021103382110595703, 0.9546810913085938, -1.7960557509475168, -5.385364329554243, -4.0259248711807425, -0.13713269737859246
3353, -0.01852250099182129, -0.358378142118454, 1.4173719882965088, 0.028559446334838867, -1.0383437871932983, -0.021085262298583984, 0.9546887969970703, -1.7960595991722867, -5.385364320958627, -4.025921988002243, -0.13713302447712739
3354, -0.01851511001586914, -0.35838577151298523, 1.4173719882965088, 0.028586626052856445, -1.0383528470993042, -0.021075963973999023, 0.9546964263916016, -1.7960601862868482, -5.3853687206291605, -4.02592399489509, -0.13713501157386432
3355, -0.018529891967773438, -0.358378142118454, 1.4173719882965088, 0.028595924377441406, -1.0383256673812866, -0.021103382110595703, 0.9546810913085938, -1.7960578950371962, -5.385375509093877, -4.025923385694954, -0.1371417780347466
3356, -0.01851511001586914, -0.3583707809448242, 1.4173719882965088, 0.028577566146850586, -1.0383163690567017, -0.021103382110595703, 0.9546887969970703, -1.796052570144101, -5.3853732516182875, -4.025921771027247, -0.1371611087004041
3357, -0.01851511001586914, -0.35838577151298523, 1.4173719882965088, 0.028586626052856445, -1.0383528470993042, -0.021103382110595703, 0.9546887969970703, -1.7960567846602493, -5.3853730724692, -4.025921458216696, -0.13716692360008764
3358, -0.018507719039916992, -0.358378142118454, 1.4173799753189087, 0.028577566146850586, -1.0383437871932983, -0.021094322204589844, 0.9547040557861328, -1.796059393078088, -5.385374334480811, -4.025922646480488, -0.13716648572756807
3359, -0.018507719039916992, -0.3583707809448242, 1.4173638820648193, 0.028577566146850586, -1.0383621454238892, -0.021103382110595703, 0.9546887969970703, -1.7960628285650282, -5.385370669512475, -4.0259193934783175, -0.13716233605493322
3360, -0.018507719039916992, -0.3583707809448242, 1.4173558950424194, 0.028577566146850586, -1.0383256673812866, -0.021094322204589844, 0.9546735382080078, -1.7960601325612924, -5.385375810849308, -4.025922214757413, -0.13716381616723172
3361, -0.018507719039916992, -0.35838577151298523, 1.4173558950424194, 0.028568506240844727, -1.0383256673812866, -0.021094322204589844, 0.9546735382080078, -1.7960570108253386, -5.385375012530601, -4.025921279152964, -0.13716766847788797
3362, -0.01851511001586914, -0.3583635985851288, 1.4173558950424194, 0.028577566146850586, -1.0383528470993042, -0.021075963973999023, 0.9546887969970703, -1.7960620450777935, -5.385381270195463, -4.025920076078614, -0.13718279522580268
3363, -0.01852250099182129, -0.3583707809448242, 1.4173638820648193, 0.028577566146850586, -1.0383621454238892, -0.021103382110595703, 0.9546735382080078, -1.7960635296420335, -5.385378542440127, -4.025918947580804, -0.13717749253931544
3364, -0.018500328063964844, -0.35839319229125977, 1.4173638820648193, 0.028577566146850586, -1.0383437871932983, -0.021075963973999023, 0.9546887969970703, -1.7960677238214768, -5.3853783376173565, -4.025920470708055, -0.13717494862130408
3365, -0.01851511001586914, -0.3583707809448242, 1.4173558950424194, 0.028577566146850586, -1.0383437871932983, -0.021103382110595703, 0.9546964263916016, -1.7960720838846136, -5.385374368918256, -4.025920611634243, -0.13717763304915387
3366, -0.01851511001586914, -0.3583635985851288, 1.4173638820648193, 0.028577566146850586, -1.0383621454238892, -0.021103382110595703, 0.9546810913085938, -1.7960700928291014, -5.3853681564596805, -4.025919322000007, -0.13716954185826857
3367, -0.01852250099182129, -0.358356237411499, 1.4173558950424194, 0.028559446334838867, -1.0383437871932983, -0.021085262298583984, 0.9546964263916016, -1.7960662723175913, -5.385370043014675, -4.025919194996806, -0.13716575571799083
3368, -0.018507719039916992, -0.3583707809448242, 1.417348027229309, 0.028586626052856445, -1.0383621454238892, -0.021103382110595703, 0.9546887969970703, -1.7960651014730011, -5.385374671188785, -4.025918827083801, -0.13716653702952897
3369, -0.018507719039916992, -0.3583707809448242, 1.4173558950424194, 0.028577566146850586, -1.0383528470993042, -0.021121740341186523, 0.9546887969970703, -1.7960734444563724, -5.385373516986483, -4.025920155291189, -0.1371705528888505
3370, -0.01851511001586914, -0.3583635985851288, 1.4173558950424194, 0.028586626052856445, -1.0383347272872925, -0.021094322204589844, 0.9546964263916016, -1.7960757354901462, -5.385368652796379, -4.0259205627683095, -0.1371674358130246
3371, -0.01852250099182129, -0.3583635985851288, 1.417348027229309, 0.028586626052856445, -1.0383437871932983, -0.021075963973999023, 0.9546810913085938, -1.7960805259894255, -5.385369262074946, -4.02592059351083, -0.13716286166404057
3372, -0.01851511001586914, -0.3583635985851288, 1.4173558950424194, 0.028586626052856445, -1.0383437871932983, -0.021103382110595703, 0.9546964263916016, -1.7960817927757298, -5.3853717844009426, -4.025921540008921, -0.13716823199266948
3373, -0.018507719039916992, -0.3583707809448242, 1.4173638820648193, 0.028568506240844727, -1.0383528470993042, -0.021075963973999023, 0.9546810913085938, -1.7960770781660143, -5.3853655836973635, -4.025922250293359, -0.13718338847463762
3374, -0.01851511001586914, -0.3583635985851288, 1.417348027229309, 0.028586626052856445, -1.0383437871932983, -0.021066904067993164, 0.9546810913085938, -1.7960768741284798, -5.385364999432827, -4.025918417582321, -0.13718601342957015
3375, -0.018507719039916992, -0.3583635985851288, 1.4173558950424194, 0.028568506240844727, -1.0383528470993042, -0.021094322204589844, 0.9546887969970703, -1.7960862048334796, -5.3853638419213965, -4.025921861552502, -0.13718155822506883
3376, -0.018500328063964844, -0.358356237411499, 1.417348027229309, 0.028568506240844727, -1.0383256673812866, -0.021103382110595703, 0.9546658325195313, -1.7960839720639232, -5.3853606534290455, -4.025922789436342, -0.13718624462247586
3377, -0.018500328063964844, -0.3583707809448242, 1.417348027229309, 0.028559446334838867, -1.0383437871932983, -0.021112680435180664, 0.9546887969970703, -1.7960826452615635, -5.385357580044816, -4.025917546990457, -0.13718389398963726
3378, -0.01851511001586914, -0.358356237411499, 1.417348027229309, 0.028577566146850586, -1.0383621454238892, -0.021066904067993164, 0.9546964263916016, -1.796089655679972, -5.3853592322934025, -4.025919724312877, -0.13716713845108597
3379, -0.01851511001586914, -0.3583635985851288, 1.4173558950424194, 0.028577566146850586, -1.0383347272872925, -0.021085262298583984, 0.9547040557861328, -1.796084211288514, -5.385365528882399, -4.0259172877252025, -0.1371794157458428
3380, -0.01852250099182129, -0.358356237411499, 1.417348027229309, 0.028595924377441406, -1.0383437871932983, -0.021094322204589844, 0.9546887969970703, -1.7960824033520537, -5.385368722224749, -4.0259174537246745, -0.13716766553206838
3381, -0.01851511001586914, -0.358356237411499, 1.417348027229309, 0.028577566146850586, -1.0383347272872925, -0.021075963973999023, 0.9546735382080078, -1.796087113556782, -5.385374216179219, -4.0259206912617005, -0.1371683494644529
3382, -0.01851511001586914, -0.3583635985851288, 1.4173558950424194, 0.028586626052856445, -1.0383256673812866, -0.021057605743408203, 0.9546887969970703, -1.7960996723436982, -5.385374139586495, -4.025924180175918, -0.13715842132816647
3383, -0.018500328063964844, -0.358356237411499, 1.417348027229309, 0.028577566146850586, -1.038371205329895, -0.021066904067993164, 0.9546887969970703, -1.7960965767927537, -5.385368640486886, -4.025919281622739, -0.137158651047808
3384, -0.018507719039916992, -0.358356237411499, 1.417348027229309, 0.028559446334838867, -1.0383256673812866, -0.021085262298583984, 0.9546810913085938, -1.7960945778762594, -5.385361646182287, -4.025916313524107, -0.13714963803518643
3385, -0.01851511001586914, -0.3583488464355469, 1.417348027229309, 0.028595924377441406, -1.0383528470993042, -0.021075963973999023, 0.9546887969970703, -1.7960945708466827, -5.3853630886790995, -4.0259151873293675, -0.13713520045227234
3386, -0.018507719039916992, -0.3583488464355469, 1.4173400402069092, 0.028568506240844727, -1.0383621454238892, -0.021066904067993164, 0.9546887969970703, -1.7960914017930047, -5.385363365306571, -4.025915720965888, -0.1371431362618294
3387, -0.01851511001586914, -0.358356237411499, 1.417348027229309, 0.028577566146850586, -1.0383256673812866, -0.021085262298583984, 0.9547040557861328, -1.7960969235897064, -5.385361727949846, -4.025915803260081, -0.13713650884590756
3388, -0.01852250099182129, -0.3583488464355469, 1.417348027229309, 0.028595924377441406, -1.0383528470993042, -0.021066904067993164, 0.9546735382080078, -1.7961044161288016, -5.3853631878816035, -4.025919959207034, -0.13713496256250757
3389, -0.01851511001586914, -0.3583488464355469, 1.4173400402069092, 0.028586626052856445, -1.0383256673812866, -0.021094322204589844, 0.9546964263916016, -1.7961070101042629, -5.385362261394097, -4.025919366498613, -0.1371325539284225
3390, -0.01852250099182129, -0.358356237411499, 1.417348027229309, 0.028577566146850586, -1.0383528470993042, -0.021094322204589844, 0.9546810913085938, -1.796107224890271, -5.385364961687397, -4.025921621877614, -0.1371490403695974
3391, -0.018507719039916992, -0.35834142565727234, 1.4173400402069092, 0.028586626052856445, -1.0383347272872925, -0.021085262298583984, 0.9546887969970703, -1.79610876180534, -5.385364737921962, -4.025920552931736, -0.13714578948344958
3392, -0.01852250099182129, -0.3583343029022217, 1.4173400402069092, 0.028577566146850586, -1.0383437871932983, -0.021112680435180664, 0.9546887969970703, -1.7961139196320468, -5.38536180848237, -4.025920018960062, -0.13715399961649055
3393, -0.018500328063964844, -0.3583343029022217, 1.4173400402069092, 0.028577566146850586, -1.0383347272872925, -0.021094322204589844, 0.9546887969970703, -1.7961209897118138, -5.385362071995531, -4.025924492638328, -0.13715217084031295
3394, -0.01851511001586914, -0.358356237411499, 1.4173400402069092, 0.028559446334838867, -1.0383347272872925, -0.021085262298583984, 0.9546887969970703, -1.7961253246945188, -5.385352821160748, -4.025922760743161, -0.13715020008152656
3395, -0.01852250099182129, -0.3583343029022217, 1.4173319339752197, 0.028595924377441406, -1.0383528470993042, -0.021066904067993164, 0.9547040557861328, -1.7961207330991993, -5.385354657860252, -4.025918263727028, -0.13715726537115103
3396, -0.01851511001586914, -0.3583343029022217, 1.4173400402069092, 0.028577566146850586, -1.0383256673812866, -0.021057605743408203, 0.9546887969970703, -1.7961137722168348, -5.38536031380722, -4.025920842664952, -0.13715190321451143
3397, -0.01852250099182129, -0.35834142565727234, 1.4173400402069092, 0.028586626052856445, -1.0383347272872925, -0.021094322204589844, 0.9547117614746093, -1.7961163390651802, -5.385359777656403, -4.025921609970969, -0.13714280769354215
3398, -0.01851511001586914, -0.35834142565727234, 1.4173400402069092, 0.028577566146850586, -1.0383437871932983, -0.021066904067993164, 0.9546964263916016, -1.7961149080674212, -5.385361195322001, -4.025921836557103, -0.13716640696879168
3399, -0.01852250099182129, -0.3583488464355469, 1.4173319339752197, 0.028586626052856445, -1.038289189338684, -0.021085262298583984, 0.9546964263916016, -1.796129296748452, -5.385360794286509, -4.025925596274181, -0.13718292313969016
3400, -0.01851511001586914, -0.35834142565727234, 1.4173319339752197, 0.028568506240844727, -1.0383437871932983, -0.021066904067993164, 0.9546964263916016, -1.7961300802335036, -5.385357488488181, -4.0259234773869, -0.13717818544303384
3401, -0.01851511001586914, -0.35832688212394714, 1.4173319339752197, 0.028568506240844727, -1.0383437871932983, -0.021103382110595703, 0.9546810913085938, -1.7961260907141807, -5.385358366544409, -4.025923228015251, -0.1371741346259281
3402, -0.01851511001586914, -0.3583343029022217, 1.4173400402069092, 0.028577566146850586, -1.0383073091506958, -0.021066904067993164, 0.9546964263916016, -1.7961180990085905, -5.385363687237942, -4.025921405100962, -0.13717654325644357
3403, -0.018507719039916992, -0.35834142565727234, 1.4173239469528198, 0.028586626052856445, -1.0383347272872925, -0.021094322204589844, 0.9547040557861328, -1.796119609896097, -5.385363937616385, -4.025922150766836, -0.13717156766997007
3404, -0.018493175506591797, -0.3583488464355469, 1.4173319339752197, 0.028577566146850586, -1.0383073091506958, -0.021085262298583984, 0.9546887969970703, -1.7961161279820486, -5.385366949025256, -4.025923056198307, -0.1371623925827814
3405, -0.018500328063964844, -0.35834142565727234, 1.4173160791397095, 0.028577566146850586, -1.0383437871932983, -0.021066904067993164, 0.9546887969970703, -1.7961130168638446, -5.385369437112979, -4.0259206553720785, -0.13716620028820437
3406, -0.018500328063964844, -0.35834142565727234, 1.4173319339752197, 0.028595924377441406, -1.0383437871932983, -0.021085262298583984, 0.9546964263916016, -1.796116088260368, -5.385370323690902, -4.025919898326433, -0.1371692430232212
3407, -0.018507719039916992, -0.358356237411499, 1.4173319339752197, 0.028559446334838867, -1.0383621454238892, -0.021057605743408203, 0.9546964263916016, -1.7961188172356293, -5.385368775735802, -4.025921005221924, -0.13717174086310635
3408, -0.018500328063964844, -0.35834142565727234, 1.4173319339752197, 0.028595924377441406, -1.0383437871932983, -0.021085262298583984, 0.9546964263916016, -1.7961169865402464, -5.385366875768145, -4.025923805728725, -0.1371543541664071
3409, -0.01851511001586914, -0.3583343029022217, 1.4173319339752197, 0.028577566146850586, -1.0383437871932983, -0.021066904067993164, 0.9546887969970703, -1.796113019428814, -5.385370273808529, -4.025921339457578, -0.13717313324010583
3410, -0.018507719039916992, -0.35834142565727234, 1.4173239469528198, 0.028586626052856445, -1.0383347272872925, -0.021075963973999023, 0.9546887969970703, -1.796114972021519, -5.385372441475017, -4.025923526206403, -0.13716620028820437
3411, -0.018500328063964844, -0.358356237411499, 1.4173319339752197, 0.028577566146850586, -1.0383256673812866, -0.021075963973999023, 0.9546887969970703, -1.7961145192568055, -5.385372741616904, -4.02592007146514, -0.1371669005615308
3412, -0.018500328063964844, -0.35834142565727234, 1.4173239469528198, 0.028577566146850586, -1.0383621454238892, -0.021094322204589844, 0.9546887969970703, -1.7961199328087052, -5.385367886429398, -4.025923820539134, -0.13716096818948564
3413, -0.018500328063964844, -0.35834142565727234, 1.4173319339752197, 0.028577566146850586, -1.0383256673812866, -0.021075963973999023, 0.9546887969970703, -1.7961119573466031, -5.385365850562939, -4.0259186719877835, -0.13716065448723835
3414, -0.018507719039916992, -0.3583343029022217, 1.4173080921173096, 0.028595924377441406, -1.0383347272872925, -0.021048545837402344, 0.9546964263916016, -1.7961106260624757, -5.385365214926829, -4.025919501939316, -0.1371495882029432
3415, -0.01851511001586914, -0.3583343029022217, 1.4173160791397095, 0.028586626052856445, -1.0383437871932983, -0.021048545837402344, 0.9546887969970703, -1.7961160267867398, -5.385363719479657, -4.025922119542268, -0.13714651573276093
3416, -0.01851511001586914, -0.3583488464355469, 1.4173160791397095, 0.028577566146850586, -1.0383437871932983, -0.021057605743408203, 0.9546964263916016, -1.7961103368236078, -5.385360369620684, -4.025922685434655, -0.1371478270673192
3417, -0.018500328063964844, -0.3583488464355469, 1.4173239469528198, 0.028577566146850586, -1.0383437871932983, -0.021057605743408203, 0.9546887969970703, -1.7961106971186245, -5.385356957658193, -4.025921530100725, -0.13714807165585796
3418, -0.018507719039916992, -0.35834142565727234, 1.4173239469528198, 0.028568506240844727, -1.0383437871932983, -0.021066904067993164, 0.9546887969970703, -1.7961183571941546, -5.385352709563213, -4.025921488873963, -0.13712581050372297
3419, -0.01852250099182129, -0.35834142565727234, 1.4173160791397095, 0.028586626052856445, -1.0383256673812866, -0.021048545837402344, 0.9546964263916016, -1.7961175162824092, -5.3853485348014445, -4.025920287815909, -0.13712186898425305
3420, -0.01852250099182129, -0.358356237411499, 1.4173080921173096, 0.028586626052856445, -1.0383256673812866, -0.021039485931396484, 0.9546964263916016, -1.7961144955478552, -5.3853502402163205, -4.025919457433637, -0.13713640770749613
3421, -0.01852250099182129, -0.3583343029022217, 1.4173080921173096, 0.028577566146850586, -1.0383256673812866, -0.021066904067993164, 0.9546887969970703, -1.7961167635255726, -5.385352335609434, -4.025922621541126, -0.1371353089361751
3422, -0.01851511001586914, -0.3583488464355469, 1.4173080921173096, 0.028577566146850586, -1.0383347272872925, -0.021048545837402344, 0.9546964263916016, -1.7961167961927196, -5.385347124159126, -4.025921958998692, -0.13714216607547858
3423, -0.01851511001586914, -0.3583488464355469, 1.4173160791397095, 0.028568506240844727, -1.0383437871932983, -0.021048545837402344, 0.9546810913085938, -1.796117700521675, -5.385346388567768, -4.025919954945146, -0.13714726730745141
3424, -0.01852250099182129, -0.3583343029022217, 1.4172999858856201, 0.028577566146850586, -1.0383621454238892, -0.021048545837402344, 0.9546964263916016, -1.796115931577499, -5.385345112544942, -4.02591983819269, -0.1371442721183378
3425, -0.018507719039916992, -0.3583343029022217, 1.4173160791397095, 0.028577566146850586, -1.0383256673812866, -0.021048545837402344, 0.9546887969970703, -1.7961122635896554, -5.385344518993348, -4.025920321413745, -0.1371562252637304
3426, -0.01851511001586914, -0.3583343029022217, 1.4173080921173096, 0.028586626052856445, -1.0383256673812866, -0.021057605743408203, 0.9546887969970703, -1.7961033980474657, -5.385350178683525, -4.0259168613918295, -0.13713963326651601
3427, -0.01851511001586914, -0.35834142565727234, 1.4173239469528198, 0.028586626052856445, -1.0383528470993042, -0.021066904067993164, 0.9547040557861328, -1.796105142786533, -5.385353520764314, -4.0259191195639366, -0.13714085245207386
3428, -0.01851511001586914, -0.3583488464355469, 1.4173080921173096, 0.028568506240844727, -1.0383621454238892, -0.021066904067993164, 0.9546887969970703, -1.7961049158664646, -5.385353387622647, -4.025918558020685, -0.1371496127112346
3429, -0.01851511001586914, -0.3583488464355469, 1.4173080921173096, 0.028577566146850586, -1.0383256673812866, -0.021057605743408203, 0.9546964263916016, -1.7961082585224388, -5.385357056678154, -4.025920822616057, -0.137151234806141
3430, -0.01851511001586914, -0.3583488464355469, 1.4173080921173096, 0.028586626052856445, -1.0383621454238892, -0.021048545837402344, 0.9546887969970703, -1.7961158615126778, -5.385361447401226, -4.025921112059192, -0.13714923283905645
3431, -0.01852250099182129, -0.35834142565727234, 1.4173080921173096, 0.028559446334838867, -1.0383256673812866, -0.021048545837402344, 0.9546964263916016, -1.796122217932167, -5.385351566087401, -4.025919183708886, -0.13715420842797155
3432, -0.01851511001586914, -0.35834142565727234, 1.4173160791397095, 0.028577566146850586, -1.0383347272872925, -0.021048545837402344, 0.9546887969970703, -1.7961216341417983, -5.385348594262093, -4.02592266889699, -0.13716975148478827
3433, -0.018529891967773438, -0.35834142565727234, 1.4173160791397095, 0.028586626052856445, -1.0383528470993042, -0.021048545837402344, 0.9546887969970703, -1.7961266947890104, -5.385346812959738, -4.025927815745405, -0.13718615688907043
3434, -0.018507719039916992, -0.358356237411499, 1.4173239469528198, 0.028595924377441406, -1.0383256673812866, -0.021057605743408203, 0.9546887969970703, -1.7961209278610015, -5.385342312178348, -4.025923889838641, -0.13718902938092903
3435, -0.01851511001586914, -0.35834142565727234, 1.4173160791397095, 0.028586626052856445, -1.0383163690567017, -0.021066904067993164, 0.9546887969970703, -1.796122327792093, -5.385342859937694, -4.025924254056226, -0.13717826715433912
3436, -0.01851511001586914, -0.3583488464355469, 1.4172999858856201, 0.028586626052856445, -1.0383528470993042, -0.021048545837402344, 0.9546887969970703, -1.7961167594258411, -5.385343496669555, -4.025920489802072, -0.1371818451425586
3437, -0.018507719039916992, -0.3583488464355469, 1.4173080921173096, 0.028568506240844727, -1.0383347272872925, -0.021030187606811523, 0.9546735382080078, -1.7961154790577984, -5.385340569042874, -4.025917378364409, -0.13719049314988574
3438, -0.018507719039916992, -0.35834142565727234, 1.4173160791397095, 0.028595924377441406, -1.0383347272872925, -0.021048545837402344, 0.9546887969970703, -1.7961176534310714, -5.385339804410088, -4.025918901405323, -0.13719213681137354
3439, -0.018507719039916992, -0.35834142565727234, 1.4173080921173096, 0.028577566146850586, -1.0383256673812866, -0.021057605743408203, 0.9546887969970703, -1.7961290325488424, -5.385337939255613, -4.025924287857664, -0.1371841630900983
3440, -0.01851511001586914, -0.35832688212394714, 1.4173080921173096, 0.028577566146850586, -1.0383347272872925, -0.021039485931396484, 0.9546810913085938, -1.7961334964325055, -5.385338984296324, -4.025926324766366, -0.1372002793017515
3441, -0.018507719039916992, -0.3583488464355469, 1.4173160791397095, 0.028577566146850586, -1.0383437871932983, -0.021021127700805664, 0.9546887969970703, -1.7961309193292312, -5.38534406393785, -4.025924911221573, -0.13720442897306295
3442, -0.01851511001586914, -0.35834142565727234, 1.4172999858856201, 0.028568506240844727, -1.0383437871932983, -0.021030187606811523, 0.9546964263916016, -1.796137573051429, -5.385343714707687, -4.025927189601037, -0.1372152804074096
3443, -0.018493175506591797, -0.3583343029022217, 1.4172999858856201, 0.028577566146850586, -1.0383347272872925, -0.021039485931396484, 0.9546964263916016, -1.7961315685438963, -5.385338330572533, -4.025922077114887, -0.1372063618231456
3444, -0.018507719039916992, -0.3583343029022217, 1.4173080921173096, 0.028586626052856445, -1.0383256673812866, -0.021039485931396484, 0.9546964263916016, -1.7961357035844792, -5.385340124301748, -4.0259251309353346, -0.1372195839745478
3445, -0.018500328063964844, -0.3583488464355469, 1.4172999858856201, 0.028568506240844727, -1.0383437871932983, -0.021066904067993164, 0.9546810913085938, -1.7961425443857904, -5.385336251474606, -4.025927777978302, -0.1372279806970198
3446, -0.018500328063964844, -0.35834142565727234, 1.4173080921173096, 0.028577566146850586, -1.0383437871932983, -0.021030187606811523, 0.9546810913085938, -1.7961507996276551, -5.385334527815149, -4.02593023247452, -0.13722908910788867
3447, -0.018500328063964844, -0.3583343029022217, 1.4173160791397095, 0.028577566146850586, -1.0383528470993042, -0.021039485931396484, 0.9546887969970703, -1.7961538709139169, -5.385339544958345, -4.025931902793879, -0.13722893894701826
3448, -0.018500328063964844, -0.35834142565727234, 1.4173080921173096, 0.028577566146850586, -1.0383437871932983, -0.021039485931396484, 0.9546887969970703, -1.7961530244394233, -5.385339039573505, -4.025929605643074, -0.13723395392566395
3449, -0.018500328063964844, -0.35832688212394714, 1.4172919988632202, 0.028568506240844727, -1.0383163690567017, -0.021039485931396484, 0.9546887969970703, -1.7961427019342553, -5.385338670702553, -4.025929954181791, -0.13722400422910752
3450, -0.018500328063964844, -0.35834142565727234, 1.4172841310501099, 0.028577566146850586, -1.0383347272872925, -0.021048545837402344, 0.9546887969970703, -1.7961370417247187, -5.385339095728386, -4.025929747215959, -0.13723818759219064
3451, -0.018493175506591797, -0.35834142565727234, 1.4173080921173096, 0.028577566146850586, -1.0383256673812866, -0.021021127700805664, 0.9546964263916016, -1.7961383989851516, -5.385333002840212, -4.02592982489592, -0.13721880561946342
3452, -0.018493175506591797, -0.35832688212394714, 1.4172999858856201, 0.028595924377441406, -1.0383528470993042, -0.020993709564208984, 0.9546964263916016, -1.7961319875455644, -5.385333413922881, -4.025928902142174, -0.13722510742573046
3453, -0.018500328063964844, -0.3583343029022217, 1.4172919988632202, 0.028577566146850586, -1.0383347272872925, -0.021039485931396484, 0.9546964263916016, -1.7961322299212423, -5.385331573855714, -4.025927527046369, -0.1372257318847252
3454, -0.018493175506591797, -0.35832688212394714, 1.4173160791397095, 0.028586626052856445, -1.0383437871932983, -0.021021127700805664, 0.9546887969970703, -1.7961334186245523, -5.385332724331777, -4.025924336363186, -0.13722399753489256
3455, -0.018500328063964844, -0.35832688212394714, 1.4173160791397095, 0.028577566146850586, -1.0383437871932983, -0.021021127700805664, 0.9547040557861328, -1.7961330833453792, -5.385327310644581, -4.025927117032652, -0.13722548730146045
3456, -0.018507719039916992, -0.35834142565727234, 1.4173160791397095, 0.028577566146850586, -1.0383256673812866, -0.021021127700805664, 0.9546810913085938, -1.7961260287567589, -5.385325584440162, -4.025926801786459, -0.137215440218724
3457, -0.018507719039916992, -0.35834142565727234, 1.4172841310501099, 0.028586626052856445, -1.0383347272872925, -0.021012067794799805, 0.9546887969970703, -1.7961281655159065, -5.385324947408372, -4.0259259000165635, -0.1372183394936366
3458, -0.018500328063964844, -0.3583343029022217, 1.4172760248184204, 0.028568506240844727, -1.0383256673812866, -0.021030187606811523, 0.9546887969970703, -1.7961269477865276, -5.385320054748789, -4.0259238589222655, -0.13722805130361593
3459, -0.018493175506591797, -0.3583488464355469, 1.4172760248184204, 0.028577566146850586, -1.0383347272872925, -0.021030187606811523, 0.9546887969970703, -1.7961320217047223, -5.385320004894193, -4.025929998896033, -0.13722289060338078
3460, -0.018507719039916992, -0.35834142565727234, 1.4172760248184204, 0.028586626052856445, -1.0383528470993042, -0.021021127700805664, 0.9547040557861328, -1.7961319732361276, -5.38531976884359, -4.025929490816855, -0.13722847726382703
3461, -0.018493175506591797, -0.3583343029022217, 1.4172760248184204, 0.028577566146850586, -1.03829824924469, -0.021021127700805664, 0.9546887969970703, -1.7961322654184875, -5.385316257603964, -4.025928270751472, -0.13724637912881565
3462, -0.018493175506591797, -0.3583343029022217, 1.4172760248184204, 0.028568506240844727, -1.0383347272872925, -0.021021127700805664, 0.9546887969970703, -1.7961278797715436, -5.385310930707329, -4.025930172089836, -0.13724730094865123
3463, -0.018500328063964844, -0.3583343029022217, 1.4172841310501099, 0.028577566146850586, -1.0383163690567017, -0.021030187606811523, 0.9546810913085938, -1.796127845294463, -5.3853098037729, -4.0259274417337485, -0.1372476198707373
3464, -0.018500328063964844, -0.3583343029022217, 1.4172919988632202, 0.028568506240844727, -1.0383437871932983, -0.021021127700805664, 0.9547040557861328, -1.796119281398246, -5.385308708380725, -4.025921502142262, -0.1372341813891662
3465, -0.01851511001586914, -0.3583343029022217, 1.4172841310501099, 0.028568506240844727, -1.0383528470993042, -0.021012067794799805, 0.9546964263916016, -1.7961305863036854, -5.385307293699321, -4.0259212363183465, -0.13724201685873094
3466, -0.018507719039916992, -0.35834142565727234, 1.4172680377960205, 0.028577566146850586, -1.0383073091506958, -0.021003007888793945, 0.9547040557861328, -1.7961378263253078, -5.385306039700019, -4.025923648172326, -0.1372344393590188
3467, -0.01851511001586914, -0.35832688212394714, 1.4172680377960205, 0.028586626052856445, -1.0383256673812866, -0.021030187606811523, 0.9546735382080078, -1.7961435904432277, -5.385300895475283, -4.025927937941718, -0.1372373237632969
3468, -0.018507719039916992, -0.35832688212394714, 1.4172680377960205, 0.028577566146850586, -1.0383073091506958, -0.021021127700805664, 0.9546964263916016, -1.7961452441217354, -5.385297979990053, -4.0259289528474085, -0.1372227404431703
3469, -0.01851511001586914, -0.35832688212394714, 1.4172760248184204, 0.028577566146850586, -1.0383163690567017, -0.021003007888793945, 0.9546887969970703, -1.7961477214082022, -5.3852984862899005, -4.025931690193371, -0.13722390980610033
3470, -0.018507719039916992, -0.35834142565727234, 1.4172760248184204, 0.028577566146850586, -1.0383256673812866, -0.021030187606811523, 0.9546964263916016, -1.796138308117001, -5.385298279832343, -4.025923664164181, -0.13722789592894724
3471, -0.018500328063964844, -0.3583488464355469, 1.4172680377960205, 0.028568506240844727, -1.0383347272872925, -0.021003007888793945, 0.9546964263916016, -1.7961352823264023, -5.385292130554631, -4.025923918984767, -0.13721289334223208
3472, -0.01851511001586914, -0.3583343029022217, 1.4172680377960205, 0.028586626052856445, -1.0383347272872925, -0.021021127700805664, 0.9546810913085938, -1.7961447290978396, -5.385301671936498, -4.0259251330764805, -0.13721236774292667
3473, -0.01851511001586914, -0.3583343029022217, 1.4172760248184204, 0.028586626052856445, -1.0383347272872925, -0.021012067794799805, 0.9546964263916016, -1.7961435263920098, -5.385302005866424, -4.025926527028979, -0.13720905068320466
3474, -0.01852250099182129, -0.35834142565727234, 1.4172600507736206, 0.028577566146850586, -1.0383256673812866, -0.020993709564208984, 0.9546964263916016, -1.7961444005221565, -5.385298556636707, -4.025923779235678, -0.13720932500373983
3475, -0.01852250099182129, -0.35834142565727234, 1.4172680377960205, 0.028577566146850586, -1.0383437871932983, -0.021021127700805664, 0.9546735382080078, -1.796139202976987, -5.385305916845545, -4.025922774732143, -0.13722224606137434
3476, -0.018507719039916992, -0.3583343029022217, 1.4172680377960205, 0.028604984283447266, -1.0383163690567017, -0.021021127700805664, 0.9547040557861328, -1.796130469928715, -5.385304683343947, -4.025919827435542, -0.1372239112857292
3477, -0.01851511001586914, -0.35834142565727234, 1.4172600507736206, 0.028595924377441406, -1.0383528470993042, -0.021012067794799805, 0.9546964263916016, -1.796130187781634, -5.385307973081834, -4.025920065551435, -0.13723372865349592
3478, -0.01851511001586914, -0.3583343029022217, 1.4172680377960205, 0.028577566146850586, -1.0383347272872925, -0.020993709564208984, 0.9546887969970703, -1.7961395975679628, -5.385312456952787, -4.025922827167461, -0.13723939634965543
3479, -0.018507719039916992, -0.3583488464355469, 1.4172680377960205, 0.028586626052856445, -1.0383163690567017, -0.021012067794799805, 0.9546810913085938, -1.7961398612794712, -5.385310087675118, -4.025920787883443, -0.1372583308050883
3480, -0.018507719039916992, -0.35834142565727234, 1.4172680377960205, 0.028577566146850586, -1.0383347272872925, -0.021003007888793945, 0.9547040557861328, -1.7961423746422152, -5.3853052312961385, -4.025924217714099, -0.13726731556278704
3481, -0.018507719039916992, -0.3583343029022217, 1.4172680377960205, 0.028577566146850586, -1.0383528470993042, -0.020993709564208984, 0.9546964263916016, -1.796141366984783, -5.385305839568661, -4.025923760412914, -0.13726683309345145
3482, -0.018507719039916992, -0.35832688212394714, 1.4172680377960205, 0.028595924377441406, -1.0383073091506958, -0.021012067794799805, 0.9547117614746093, -1.7961364185755089, -5.385298144216059, -4.02592157273707, -0.13726856447914226
3483, -0.018507719039916992, -0.3583343029022217, 1.4172600507736206, 0.028568506240844727, -1.0383437871932983, -0.020993709564208984, 0.9547040557861328, -1.796137161942534, -5.385300261166956, -4.025920955703667, -0.1372830615646512
3484, -0.018500328063964844, -0.35832688212394714, 1.4172600507736206, 0.028577566146850586, -1.0383256673812866, -0.020993709564208984, 0.9547040557861328, -1.7961394280399, -5.3852994399469605, -4.025922677846317, -0.13726502588252298
3485, -0.018507719039916992, -0.3583343029022217, 1.4172600507736206, 0.028577566146850586, -1.0383163690567017, -0.020993709564208984, 0.9546887969970703, -1.7961406404902462, -5.385300373272597, -4.025921536205187, -0.13727614494980145
3486, -0.018507719039916992, -0.3583343029022217, 1.4172600507736206, 0.028577566146850586, -1.0383256673812866, -0.021021127700805664, 0.9546964263916016, -1.7961395873065034, -5.385296602503611, -4.02592201768856, -0.1372702787604343
3487, -0.018507719039916992, -0.35834142565727234, 1.4172600507736206, 0.028577566146850586, -1.0383256673812866, -0.020993709564208984, 0.9546964263916016, -1.796135202413557, -5.38530551503966, -4.025920279477677, -0.13727430948837416
3488, -0.01851511001586914, -0.35834142565727234, 1.4172680377960205, 0.028577566146850586, -1.0383437871932983, -0.020984649658203125, 0.9546810913085938, -1.7961286844447908, -5.38530956358282, -4.0259208056378055, -0.13728450673879333
3489, -0.018500328063964844, -0.35834142565727234, 1.4172760248184204, 0.028559446334838867, -1.0383437871932983, -0.020984649658203125, 0.9546887969970703, -1.7961173419432188, -5.385299667859039, -4.025917584975932, -0.13727296615780027
3490, -0.018500328063964844, -0.35834142565727234, 1.4172600507736206, 0.028586626052856445, -1.0383073091506958, -0.021003007888793945, 0.9546964263916016, -1.7961167027581513, -5.385305936423714, -4.025918839814599, -0.13727449087634547
3491, -0.018493175506591797, -0.3583488464355469, 1.4172680377960205, 0.028577566146850586, -1.0383437871932983, -0.020993709564208984, 0.9547040557861328, -1.796120748164771, -5.385305286278796, -4.025917501277922, -0.13727834318842458
3492, -0.018493175506591797, -0.3583488464355469, 1.4172521829605103, 0.028577566146850586, -1.0383163690567017, -0.020984649658203125, 0.9546887969970703, -1.796127163408094, -5.385305988333486, -4.025922395645415, -0.13727270670953828
3493, -0.018500328063964844, -0.3583343029022217, 1.4172680377960205, 0.028568506240844727, -1.0383347272872925, -0.021003007888793945, 0.9546964263916016, -1.7961203325564266, -5.3853029758120226, -4.025921125144294, -0.13728137106676908
3494, -0.018500328063964844, -0.35834142565727234, 1.4172600507736206, 0.028577566146850586, -1.0383528470993042, -0.020984649658203125, 0.9546964263916016, -1.7961201106207652, -5.38529849855136, -4.025921542586277, -0.13727267028212164
3495, -0.018493175506591797, -0.35834142565727234, 1.4172600507736206, 0.028586626052856445, -1.0383256673812866, -0.020993709564208984, 0.9547040557861328, -1.7961171615423255, -5.385299072459547, -4.0259174480969175, -0.13728612363959058
3496, -0.018493175506591797, -0.3583343029022217, 1.4172600507736206, 0.028568506240844727, -1.0383528470993042, -0.020993709564208984, 0.9546964263916016, -1.7961167175262247, -5.385300827080649, -4.025919730107383, -0.13727786071970982
3497, -0.018493175506591797, -0.3583488464355469, 1.4172680377960205, 0.028595924377441406, -1.0383256673812866, -0.020975589752197266, 0.9546964263916016, -1.7961156257907414, -5.385302681983426, -4.025918653065766, -0.13729158318872337
3498, -0.018493175506591797, -0.3583488464355469, 1.4172600507736206, 0.028586626052856445, -1.0383437871932983, -0.021003007888793945, 0.9546887969970703, -1.7961197605701118, -5.385303512946045, -4.025917222855248, -0.13727016427145955
3499, -0.018493175506591797, -0.3583488464355469, 1.4172521829605103, 0.028595924377441406, -1.0383256673812866, -0.020984649658203125, 0.9546964263916016, -1.7961218562909254, -5.385306767052985, -4.025918614963632, -0.13727034268818183
3500, -0.0184781551361084, -0.3583488464355469, 1.4172521829605103, 0.028586626052856445, -1.0383256673812866, -0.021039485931396484, 0.9547040557861328, -1.7961209992709397, -5.385309723829333, -4.025920922313021, -0.13729481104309826
3501, -0.018493175506591797, -0.35834142565727234, 1.4172600507736206, 0.028568506240844727, -1.038371205329895, -0.021012067794799805, 0.9546810913085938, -1.7961259589942644, -5.385316862898074, -4.025918732802569, -0.13728528954174735
3502, -0.018500328063964844, -0.3583343029022217, 1.4172680377960205, 0.028586626052856445, -1.0383347272872925, -0.020993709564208984, 0.9547040557861328, -1.7961264965200778, -5.385317639488708, -4.025916297767614, -0.13729344169473023
3503, -0.018493175506591797, -0.3583343029022217, 1.4172680377960205, 0.028586626052856445, -1.0383347272872925, -0.021030187606811523, 0.9547040557861328, -1.7961290426911198, -5.385319257367259, -4.025917455566675, -0.13729474339283954
3504, -0.018485546112060547, -0.35834142565727234, 1.4172680377960205, 0.028586626052856445, -1.0383437871932983, -0.021012067794799805, 0.9547117614746093, -1.7961281590294877, -5.385317993934991, -4.025919681188103, -0.1372844205042183
3505, -0.018493175506591797, -0.358356237411499, 1.4172680377960205, 0.028577566146850586, -1.0383163690567017, -0.021003007888793945, 0.9546964263916016, -1.796122980936486, -5.385313070818357, -4.02591874873243, -0.1372792018170701
3506, -0.018485546112060547, -0.3583488464355469, 1.4172600507736206, 0.028577566146850586, -1.0383163690567017, -0.020975589752197266, 0.9546964263916016, -1.796117204720519, -5.38531492204898, -4.025919629291844, -0.13728072802248104
3507, -0.018485546112060547, -0.35834142565727234, 1.4172600507736206, 0.028577566146850586, -1.0383163690567017, -0.020993709564208984, 0.9546964263916016, -1.796117104342643, -5.3853193492421845, -4.025920234006403, -0.13728060907801432
3508, -0.018485546112060547, -0.3583488464355469, 1.4172521829605103, 0.028577566146850586, -1.0383347272872925, -0.020984649658203125, 0.9546887969970703, -1.796120956121989, -5.385320652727987, -4.025922091343587, -0.13728484127039042
3509, -0.0184781551361084, -0.3583343029022217, 1.4172600507736206, 0.028586626052856445, -1.0383347272872925, -0.021003007888793945, 0.9546964263916016, -1.796119435271732, -5.385322539022975, -4.025921042024172, -0.13728159854712807
3510, -0.018485546112060547, -0.3583635985851288, 1.4172600507736206, 0.028595924377441406, -1.0383437871932983, -0.020984649658203125, 0.9546964263916016, -1.7961179500352795, -5.385323832433529, -4.025921327327283, -0.13729483706542567
3511, -0.018493175506591797, -0.3583488464355469, 1.4172600507736206, 0.028586626052856445, -1.0383437871932983, -0.020984649658203125, 0.9546887969970703, -1.796116044019394, -5.385317485741327, -4.0259231262722714, -0.13728247055845255
3512, -0.018485546112060547, -0.35834142565727234, 1.4172600507736206, 0.028577566146850586, -1.0383163690567017, -0.020975589752197266, 0.9546964263916016, -1.7961079481300197, -5.385319220565727, -4.0259189254853975, -0.1373014132095447
3513, -0.01847076416015625, -0.3583488464355469, 1.4172440767288208, 0.028595924377441406, -1.0383437871932983, -0.020984649658203125, 0.9546887969970703, -1.7961040263462706, -5.38532095055649, -4.025918206988945, -0.13729138916466788
3514, -0.0184781551361084, -0.358356237411499, 1.4172600507736206, 0.028586626052856445, -1.0383347272872925, -0.020984649658203125, 0.9547040557861328, -1.7961037810685903, -5.38532564924025, -4.025919576811709, -0.13730932079065727
3515, -0.01847076416015625, -0.35834142565727234, 1.4172521829605103, 0.028586626052856445, -1.0383347272872925, -0.020993709564208984, 0.9546887969970703, -1.7961036663462675, -5.385326809591822, -4.025916911005431, -0.13730070103190695
3516, -0.01847076416015625, -0.3583707809448242, 1.417236089706421, 0.028586626052856445, -1.0383347272872925, -0.020975589752197266, 0.9546964263916016, -1.7961047594133837, -5.385328028943161, -4.0259193084683425, -0.1373031193239589
3517, -0.018485546112060547, -0.3583488464355469, 1.4172521829605103, 0.028577566146850586, -1.0383437871932983, -0.021003007888793945, 0.9547040557861328, -1.7960975170955211, -5.385326874493612, -4.025914891741496, -0.1373049213369013
3518, -0.018485546112060547, -0.358356237411499, 1.4172600507736206, 0.028586626052856445, -1.0383073091506958, -0.020993709564208984, 0.9547040557861328, -1.7960958021493214, -5.3853231499381815, -4.0259167213980795, -0.13729311832289426
3519, -0.0184781551361084, -0.3583488464355469, 1.4172521829605103, 0.028586626052856445, -1.0383256673812866, -0.020975589752197266, 0.9547040557861328, -1.7960907305559841, -5.385328871116218, -4.025916880240315, -0.13730753142511531
3520, -0.01847076416015625, -0.3583488464355469, 1.4172600507736206, 0.028577566146850586, -1.0383437871932983, -0.020966291427612305, 0.9546887969970703, -1.7960916894432657, -5.385330374690088, -4.025916217842703, -0.13731589991976723
3521, -0.018485546112060547, -0.358356237411499, 1.4172440767288208, 0.028586626052856445, -1.0383256673812866, -0.020975589752197266, 0.9546887969970703, -1.7960918674585375, -5.385332527839779, -4.025917639779409, -0.1373155661339105
3522, -0.0184781551361084, -0.358356237411499, 1.4172440767288208, 0.028595924377441406, -1.0383528470993042, -0.020984649658203125, 0.9547040557861328, -1.7960913561838, -5.3853331002311045, -4.025916260010434, -0.13731890475669672
3523, -0.0184781551361084, -0.3583488464355469, 1.4172521829605103, 0.028586626052856445, -1.0383073091506958, -0.020966291427612305, 0.9546810913085938, -1.796090130109106, -5.385326931413038, -4.0259163270482405, -0.13732266935559156
3524, -0.01847076416015625, -0.3583635985851288, 1.4172600507736206, 0.028568506240844727, -1.0383347272872925, -0.020993709564208984, 0.9546964263916016, -1.7960811540909098, -5.385327705814155, -4.025915300630086, -0.13731281703427634
3525, -0.01847076416015625, -0.3583635985851288, 1.4172600507736206, 0.028586626052856445, -1.0383437871932983, -0.020957231521606445, 0.9546964263916016, -1.7960796159744077, -5.385335782977795, -4.025915823295049, -0.13730943380607918
3526, -0.0184781551361084, -0.358356237411499, 1.4172521829605103, 0.028577566146850586, -1.0383347272872925, -0.020984649658203125, 0.9547040557861328, -1.796077005904955, -5.38533864564149, -4.025915103981785, -0.13731363477736735
3527, -0.01847076416015625, -0.3583635985851288, 1.4172600507736206, 0.028586626052856445, -1.0383437871932983, -0.020966291427612305, 0.9547117614746093, -1.7960792244873636, -5.385347870367727, -4.025911985633159, -0.137303082165241
3528, -0.01847076416015625, -0.3583707809448242, 1.4172521829605103, 0.028586626052856445, -1.0383256673812866, -0.020975589752197266, 0.9546887969970703, -1.7960628011064537, -5.385346571080801, -4.0259115793700415, -0.13731151162542776
3529, -0.018456220626831055, -0.358356237411499, 1.4172521829605103, 0.028568506240844727, -1.0383347272872925, -0.020957231521606445, 0.9546887969970703, -1.796064196339507, -5.385348591597033, -4.025916574401506, -0.13730791355409888
3530, -0.018456220626831055, -0.3583707809448242, 1.4172440767288208, 0.028577566146850586, -1.0383528470993042, -0.020975589752197266, 0.9546964263916016, -1.7960602042170488, -5.385344167812193, -4.025914317857381, -0.13730618885843526
3531, -0.018456220626831055, -0.358378142118454, 1.417236089706421, 0.028577566146850586, -1.0383347272872925, -0.020975589752197266, 0.9546964263916016, -1.796061539810205, -5.38534412767927, -4.025914708484839, -0.1373141759890233
3532, -0.0184633731842041, -0.358378142118454, 1.4172521829605103, 0.028568506240844727, -1.0383621454238892, -0.020975589752197266, 0.9546964263916016, -1.7960632471342757, -5.385337330804303, -4.025915941167042, -0.13730576437381625
3533, -0.01847076416015625, -0.3583707809448242, 1.417236089706421, 0.028577566146850586, -1.0383256673812866, -0.020948171615600586, 0.9547040557861328, -1.7960661930797293, -5.385334184822087, -4.02591682866702, -0.13730670255149757
3534, -0.018448829650878906, -0.3583635985851288, 1.417236089706421, 0.028586626052856445, -1.0383073091506958, -0.020993709564208984, 0.9546964263916016, -1.7960607508719444, -5.385334564346293, -4.025912651153904, -0.1373154925577662
3535, -0.0184633731842041, -0.3583707809448242, 1.4172521829605103, 0.028595924377441406, -1.0383347272872925, -0.020984649658203125, 0.9546964263916016, -1.7960636348945482, -5.385336647252982, -4.025915796159676, -0.13731961399245218
3536, -0.0184633731842041, -0.3583635985851288, 1.4172600507736206, 0.028559446334838867, -1.0383621454238892, -0.020993709564208984, 0.9546887969970703, -1.7960628867164339, -5.385339457527471, -4.025911224463562, -0.13731761200184245
3537, -0.018448829650878906, -0.358356237411499, 1.4172440767288208, 0.028595924377441406, -1.0383073091506958, -0.020984649658203125, 0.9546810913085938, -1.7960659198061686, -5.385341686685067, -4.025915436925906, -0.1373087179193595
3538, -0.018456220626831055, -0.3583635985851288, 1.4172521829605103, 0.028586626052856445, -1.0383347272872925, -0.020975589752197266, 0.9546964263916016, -1.796064495142829, -5.385343976868484, -4.025916684405231, -0.13731524798001526
3539, -0.018448829650878906, -0.3583635985851288, 1.4172521829605103, 0.028568506240844727, -1.0383347272872925, -0.020993709564208984, 0.9546887969970703, -1.7960619885788942, -5.385344735982281, -4.025916223982051, -0.13731684853280246
3540, -0.018448829650878906, -0.358378142118454, 1.417228102684021, 0.028577566146850586, -1.0383437871932983, -0.020975589752197266, 0.9546964263916016, -1.7960539582913648, -5.385350962903375, -4.025913485342668, -0.13730753814248686
3541, -0.018456220626831055, -0.3583707809448242, 1.417228102684021, 0.028577566146850586, -1.0383437871932983, -0.020993709564208984, 0.9547117614746093, -1.7960552168346458, -5.385352185168223, -4.0259148415711286, -0.13729119217368524
3542, -0.018448829650878906, -0.35838577151298523, 1.4172440767288208, 0.028586626052856445, -1.0383163690567017, -0.020975589752197266, 0.9546964263916016, -1.7960472321677847, -5.385356302157323, -4.025913264053225, -0.13731082027659092
3543, -0.0184633731842041, -0.35838577151298523, 1.4172521829605103, 0.028595924377441406, -1.0383256673812866, -0.020975589752197266, 0.9546887969970703, -1.7960510664598757, -5.38535728788476, -4.025913674284589, -0.13731261262416172
3544, -0.01847076416015625, -0.35838577151298523, 1.4172440767288208, 0.028577566146850586, -1.038371205329895, -0.020966291427612305, 0.9547040557861328, -1.7960504827296024, -5.385352506835171, -4.025913823493975, -0.13730911044831462
3545, -0.01847076416015625, -0.358378142118454, 1.4172521829605103, 0.028586626052856445, -1.0383256673812866, -0.020966291427612305, 0.9546887969970703, -1.7960441163735728, -5.385346413822165, -4.0259090747436215, -0.13730852241455516
3546, -0.018456220626831055, -0.358378142118454, 1.417236089706421, 0.028595924377441406, -1.0383528470993042, -0.020975589752197266, 0.9546887969970703, -1.796042327336941, -5.385350119450236, -4.025910551749162, -0.1373119301830661
3547, -0.018456220626831055, -0.3583707809448242, 1.4172440767288208, 0.028568506240844727, -1.0383528470993042, -0.020948171615600586, 0.9546964263916016, -1.796040170020881, -5.385355607246525, -4.0259112361794775, -0.1373136481905295
3548, -0.018441438674926758, -0.35839319229125977, 1.4172440767288208, 0.028586626052856445, -1.0383347272872925, -0.020948171615600586, 0.9546887969970703, -1.7960367399504262, -5.385362977495596, -4.025910102419356, -0.1373046797619324
3549, -0.018456220626831055, -0.35838577151298523, 1.4172440767288208, 0.028559446334838867, -1.0383073091506958, -0.020966291427612305, 0.9546964263916016, -1.7960410282217865, -5.385368561218538, -4.025911877362299, -0.13731779936365562
3550, -0.018448829650878906, -0.358378142118454, 1.4172521829605103, 0.028586626052856445, -1.0383347272872925, -0.020957231521606445, 0.9547040557861328, -1.796041046325823, -5.385364237874146, -4.025913698654656, -0.13732112461402846
3551, -0.018448829650878906, -0.35838577151298523, 1.4172521829605103, 0.028586626052856445, -1.0383163690567017, -0.020975589752197266, 0.9546964263916016, -1.7960383412339296, -5.385357115168522, -4.025907347504611, -0.13732239508828759
3552, -0.018448829650878906, -0.35838577151298523, 1.4172440767288208, 0.028586626052856445, -1.0383256673812866, -0.020975589752197266, 0.9547040557861328, -1.7960345167556409, -5.38535913216304, -4.025909589784511, -0.1373460985422863
3553, -0.018433809280395508, -0.35838577151298523, 1.417236089706421, 0.028586626052856445, -1.0383256673812866, -0.020984649658203125, 0.9546964263916016, -1.7960346959776867, -5.385356943672926, -4.025913057144446, -0.1373454161057861
3554, -0.018441438674926758, -0.3583707809448242, 1.417236089706421, 0.028577566146850586, -1.0383437871932983, -0.020966291427612305, 0.9546964263916016, -1.7960338975975156, -5.385361653212268, -4.025911321489037, -0.13734639071079613
3555, -0.018441438674926758, -0.35838577151298523, 1.4172440767288208, 0.028586626052856445, -1.0383163690567017, -0.020975589752197266, 0.9546887969970703, -1.7960312394686109, -5.385360167793374, -4.025911063433397, -0.13734372783393756
3556, -0.018433809280395508, -0.35838577151298523, 1.4172521829605103, 0.028577566146850586, -1.03829824924469, -0.020966291427612305, 0.9546964263916016, -1.796025523115438, -5.385357433030866, -4.0259095988508715, -0.13734114747838433
3557, -0.018441438674926758, -0.358378142118454, 1.417236089706421, 0.028577566146850586, -1.0383621454238892, -0.020966291427612305, 0.9546964263916016, -1.7960251488610042, -5.385348882336746, -4.025908437157456, -0.13733771146236062
3558, -0.018433809280395508, -0.35839319229125977, 1.4172440767288208, 0.028568506240844727, -1.0383437871932983, -0.020966291427612305, 0.9547040557861328, -1.7960271855311294, -5.385350892635058, -4.025907577093886, -0.13733046104079438
3559, -0.018441438674926758, -0.35838577151298523, 1.4172440767288208, 0.028595924377441406, -1.0383621454238892, -0.020957231521606445, 0.9546964263916016, -1.7960291351804047, -5.385351891993644, -4.025908843339886, -0.13732539473310013
3560, -0.018433809280395508, -0.358378142118454, 1.4172521829605103, 0.028568506240844727, -1.0383437871932983, -0.020948171615600586, 0.9546887969970703, -1.79602552121849, -5.385357595198424, -4.025909949132332, -0.13732702502454863
3561, -0.01842641830444336, -0.35838577151298523, 1.417236089706421, 0.028568506240844727, -1.0383621454238892, -0.020966291427612305, 0.9546887969970703, -1.7960252530978869, -5.3853576431771195, -4.0259143769640175, -0.13732882704530347
3562, -0.018433809280395508, -0.35838577151298523, 1.4172600507736206, 0.028586626052856445, -1.0383437871932983, -0.020966291427612305, 0.9546964263916016, -1.7960168599011537, -5.385355305700156, -4.025909802819997, -0.13733319306288028
3563, -0.018441438674926758, -0.35839319229125977, 1.4172440767288208, 0.028577566146850586, -1.0383347272872925, -0.020966291427612305, 0.9547040557861328, -1.7960148484687017, -5.385353759402367, -4.025908389086398, -0.13733440555698628
3564, -0.01842641830444336, -0.35839319229125977, 1.4172440767288208, 0.028568506240844727, -1.0383437871932983, -0.020975589752197266, 0.9546887969970703, -1.7960200082821856, -5.385351594683632, -4.025908889307144, -0.13733615849610725
3565, -0.01842641830444336, -0.358378142118454, 1.4172440767288208, 0.028568506240844727, -1.0383347272872925, -0.020993709564208984, 0.9547040557861328, -1.7960242268671478, -5.385345453517784, -4.025907300292846, -0.13734031486687215
3566, -0.01842641830444336, -0.35839319229125977, 1.417236089706421, 0.028568506240844727, -1.0383347272872925, -0.020966291427612305, 0.9546887969970703, -1.7960372089148797, -5.3853437797976325, -4.0259115590459995, -0.137327975088966
3567, -0.018441438674926758, -0.35839319229125977, 1.4172521829605103, 0.028586626052856445, -1.0383437871932983, -0.020975589752197266, 0.9546810913085938, -1.796039044296524, -5.385343099092152, -4.025912989874615, -0.1373320155001725
3568, -0.01842641830444336, -0.35838577151298523, 1.417236089706421, 0.028586626052856445, -1.0383528470993042, -0.020975589752197266, 0.9546964263916016, -1.7960365288176798, -5.385345146118028, -4.025912931533207, -0.13732106663298627
3569, -0.018433809280395508, -0.358378142118454, 1.417236089706421, 0.028586626052856445, -1.0383528470993042, -0.020984649658203125, 0.9546735382080078, -1.7960315153863238, -5.385341357400843, -4.025910595451022, -0.13732163311102497
3570, -0.018433809280395508, -0.35838577151298523, 1.417236089706421, 0.028577566146850586, -1.0383256673812866, -0.020984649658203125, 0.9546810913085938, -1.79602954284233, -5.385339634107424, -4.025911680485841, -0.13732916083082092
3571, -0.018433809280395508, -0.358378142118454, 1.417236089706421, 0.028577566146850586, -1.0383163690567017, -0.020957231521606445, 0.9546964263916016, -1.7960253507523363, -5.38533758447317, -4.025905402227978, -0.13733482705765176
3572, -0.018441438674926758, -0.358378142118454, 1.4172440767288208, 0.028595924377441406, -1.0383256673812866, -0.020948171615600586, 0.9547040557861328, -1.7960264217841229, -5.3853331521267265, -4.02591456347119, -0.13733732787905506
3573, -0.018433809280395508, -0.35839319229125977, 1.4172440767288208, 0.028577566146850586, -1.0383347272872925, -0.020957231521606445, 0.9546887969970703, -1.796023216579551, -5.385333336623781, -4.02591177742003, -0.1373252192997363
3574, -0.018441438674926758, -0.35838577151298523, 1.4172521829605103, 0.028586626052856445, -1.0383347272872925, -0.020957231521606445, 0.9546887969970703, -1.7960277952149362, -5.385340919774775, -4.025913862499866, -0.13734365648151048
3575, -0.018433809280395508, -0.35839319229125977, 1.4172521829605103, 0.028577566146850586, -1.0383437871932983, -0.020957231521606445, 0.9546887969970703, -1.7960185937294002, -5.385335365592634, -4.025907756127924, -0.13733053167803
3576, -0.018419265747070312, -0.3584005832672119, 1.4172521829605103, 0.028568506240844727, -1.0383347272872925, -0.020957231521606445, 0.9546964263916016, -1.7960182502059676, -5.385336495879479, -4.025908554538743, -0.13732760786332943
3577, -0.018441438674926758, -0.35839319229125977, 1.4172521829605103, 0.028586626052856445, -1.0383528470993042, -0.020957231521606445, 0.9547040557861328, -1.7960186006211338, -5.385343339262226, -4.025905272139449, -0.13733438250846586
3578, -0.018433809280395508, -0.35839319229125977, 1.4172440767288208, 0.028577566146850586, -1.0383437871932983, -0.020975589752197266, 0.9546964263916016, -1.7960193074146287, -5.385344053735467, -4.025908482024582, -0.1373242625464126
3579, -0.01842641830444336, -0.35839319229125977, 1.417236089706421, 0.028586626052856445, -1.0383163690567017, -0.020957231521606445, 0.9546810913085938, -1.796021142495036, -5.385341763213892, -4.025911350522445, -0.13732441642375814
3580, -0.018433809280395508, -0.3584005832672119, 1.4172440767288208, 0.028577566146850586, -1.0383163690567017, -0.020966291427612305, 0.9546964263916016, -1.7960273239239908, -5.385339068586709, -4.025910752044393, -0.13732133055242457
3581, -0.018433809280395508, -0.3584005832672119, 1.4172440767288208, 0.028577566146850586, -1.0383437871932983, -0.020948171615600586, 0.9546964263916016, -1.7960209978573474, -5.385333567281492, -4.025907026549279, -0.1373120781354995
3582, -0.018448829650878906, -0.3584005832672119, 1.417236089706421, 0.028568506240844727, -1.0383528470993042, -0.020975589752197266, 0.9546964263916016, -1.7960176751659456, -5.3853253734368804, -4.025908318872498, -0.13730516967646977
3583, -0.018433809280395508, -0.35839319229125977, 1.417228102684021, 0.028595924377441406, -1.0383347272872925, -0.020966291427612305, 0.9546964263916016, -1.7960091160835878, -5.385328140828819, -4.0259017913008295, -0.1373137084257614
3584, -0.018441438674926758, -0.3584005832672119, 1.4172202348709106, 0.028577566146850586, -1.0383437871932983, -0.020957231521606445, 0.9546887969970703, -1.7960169687328735, -5.385329503847408, -4.025903870324021, -0.13730982636608324
3585, -0.018433809280395508, -0.3584005832672119, 1.4172202348709106, 0.028577566146850586, -1.0383347272872925, -0.020957231521606445, 0.9546887969970703, -1.796022212707014, -5.385336833600671, -4.025909151085141, -0.1373135530560763
3586, -0.018441438674926758, -0.3584005832672119, 1.417236089706421, 0.028568506240844727, -1.0383528470993042, -0.020966291427612305, 0.9546964263916016, -1.796024536700765, -5.3853413695653956, -4.0259103824492195, -0.1373249464779338
3587, -0.018448829650878906, -0.3584005832672119, 1.4172440767288208, 0.028586626052856445, -1.0383163690567017, -0.020957231521606445, 0.9546964263916016, -1.7960260919484465, -5.3853407088843115, -4.02591047374748, -0.13733351496548174
3588, -0.018441438674926758, -0.35838577151298523, 1.4172440767288208, 0.028577566146850586, -1.0383802652359009, -0.020984649658203125, 0.9546887969970703, -1.796021085644075, -5.3853422886800635, -4.025904456758834, -0.13734425419208485
3589, -0.018441438674926758, -0.35839319229125977, 1.4172521829605103, 0.028577566146850586, -1.0383347272872925, -0.020957231521606445, 0.9546887969970703, -1.7960215406638769, -5.38533867825316, -4.025904123038545, -0.13733467318224513
3590, -0.018441438674926758, -0.358378142118454, 1.4172600507736206, 0.028568506240844727, -1.0383528470993042, -0.020966291427612305, 0.9546964263916016, -1.7960241590287416, -5.385333413904499, -4.02590695971153, -0.13732638050127832
3591, -0.018433809280395508, -0.35838577151298523, 1.4172440767288208, 0.028577566146850586, -1.0383437871932983, -0.020957231521606445, 0.9546964263916016, -1.796024641252731, -5.385339721954926, -4.025909966234054, -0.13734494630423555
3592, -0.018456220626831055, -0.3584005832672119, 1.417236089706421, 0.028577566146850586, -1.0383347272872925, -0.020957231521606445, 0.9546964263916016, -1.7960203086535977, -5.385342864274214, -4.025907581465115, -0.137345236978609
3593, -0.018433809280395508, -0.35840773582458496, 1.417228102684021, 0.028568506240844727, -1.0383347272872925, -0.020957231521606445, 0.9547040557861328, -1.7960096363962075, -5.385349728193301, -4.025909033366976, -0.1373363428851624
3594, -0.018433809280395508, -0.35839319229125977, 1.417236089706421, 0.028577566146850586, -1.0383347272872925, -0.020975589752197266, 0.9547040557861328, -1.7960081194179784, -5.385343715170367, -4.025906687148858, -0.1373425309900016
3595, -0.018441438674926758, -0.35839319229125977, 1.417236089706421, 0.028604984283447266, -1.0383163690567017, -0.020966291427612305, 0.9547040557861328, -1.7960041852295088, -5.385339526636979, -4.025901838962682, -0.13734636844598747
3596, -0.018441438674926758, -0.3584005832672119, 1.4172440767288208, 0.028577566146850586, -1.0383437871932983, -0.020966291427612305, 0.9547193145751953, -1.7960019955596591, -5.385333781439371, -4.0258988656051855, -0.13732301511937184
3597, -0.01842641830444336, -0.35840773582458496, 1.4172440767288208, 0.028568506240844727, -1.0383528470993042, -0.020975589752197266, 0.9546887969970703, -1.7960100241337758, -5.385335645983234, -4.025903203525201, -0.13732112538184893
3598, -0.018441438674926758, -0.3584151268005371, 1.417236089706421, 0.028577566146850586, -1.0383256673812866, -0.020975589752197266, 0.9547040557861328, -1.7960105805491922, -5.385333162460612, -4.025904365768601, -0.13730631080861055
3599, -0.018441438674926758, -0.35840773582458496, 1.417228102684021, 0.028595924377441406, -1.0383163690567017, -0.021003007888793945, 0.9547040557861328, -1.7960106035113617, -5.385334943678276, -4.025906454999403, -0.13730913723489913
3600, -0.018433809280395508, -0.3584005832672119, 1.417228102684021, 0.028577566146850586, -1.0383256673812866, -0.020957231521606445, 0.9547040557861328, -1.796008500558285, -5.385340955345014, -4.025902971277991, -0.1373151023176309
3601, -0.018441438674926758, -0.35840773582458496, 1.417228102684021, 0.028568506240844727, -1.0383163690567017, -0.020948171615600586, 0.9546810913085938, -1.7960075359550178, -5.38534010654677, -4.025901733133772, -0.13730067431330806
3602, -0.018441438674926758, -0.3584005832672119, 1.417228102684021, 0.028568506240844727, -1.0383528470993042, -0.020948171615600586, 0.9546964263916016, -1.7960004592228849, -5.385337536275024, -4.025898059300678, -0.13730294541987043
3603, -0.018441438674926758, -0.3584005832672119, 1.4172440767288208, 0.028568506240844727, -1.0383163690567017, -0.020966291427612305, 0.9546887969970703, -1.796004522915875, -5.385342189745496, -4.025902483281177, -0.13729524894682488
3604, -0.018441438674926758, -0.3584151268005371, 1.4172440767288208, 0.028577566146850586, -1.0383347272872925, -0.020966291427612305, 0.9546964263916016, -1.7960026249070487, -5.385343347384643, -4.025901458620349, -0.13729071937841297
3605, -0.018448829650878906, -0.35840773582458496, 1.4172521829605103, 0.028586626052856445, -1.0383163690567017, -0.020975589752197266, 0.9546964263916016, -1.7959952745598102, -5.385343536852557, -4.0259051203557465, -0.13729793487124464
3606, -0.018441438674926758, -0.3584005832672119, 1.4172440767288208, 0.028568506240844727, -1.0383256673812866, -0.020957231521606445, 0.9547040557861328, -1.7959862141550107, -5.38534165635722, -4.025903491665193, -0.13730551239997624
3607, -0.018441438674926758, -0.35840773582458496, 1.417236089706421, 0.028586626052856445, -1.038371205329895, -0.020920753479003906, 0.9546964263916016, -1.7959859033139058, -5.385331601373466, -4.025901102097256, -0.13731483247480103
3608, -0.018448829650878906, -0.3584151268005371, 1.417228102684021, 0.028586626052856445, -1.0383347272872925, -0.020966291427612305, 0.9546964263916016, -1.7959872434238506, -5.385329693684372, -4.025902770742869, -0.1373018712053664
3609, -0.018448829650878906, -0.3584151268005371, 1.417228102684021, 0.028586626052856445, -1.0383437871932983, -0.020984649658203125, 0.9546964263916016, -1.7959908149229469, -5.385334185038219, -4.025903294925321, -0.1373155773699164
3610, -0.018448829650878906, -0.3584151268005371, 1.4172440767288208, 0.028577566146850586, -1.0383163690567017, -0.020957231521606445, 0.9547040557861328, -1.7959924787374937, -5.385336199601966, -4.025904214879536, -0.13730706835009965
3611, -0.018448829650878906, -0.358429878950119, 1.417236089706421, 0.028568506240844727, -1.0383347272872925, -0.020948171615600586, 0.9547040557861328, -1.7959894888535675, -5.385337135345731, -4.025902979402741, -0.13731323490008585
3612, -0.018448829650878906, -0.35842251777648926, 1.4172440767288208, 0.028577566146850586, -1.0383437871932983, -0.020975589752197266, 0.9546887969970703, -1.7959874251554664, -5.385341141801128, -4.025903648442955, -0.13732426480791826
3613, -0.018441438674926758, -0.35840773582458496, 1.4172440767288208, 0.028577566146850586, -1.0383347272872925, -0.020948171615600586, 0.9546964263916016, -1.7959854285702492, -5.385340815879852, -4.0259008359451265, -0.13731142917165773
3614, -0.018441438674926758, -0.35842251777648926, 1.417236089706421, 0.028577566146850586, -1.0383528470993042, -0.020957231521606445, 0.9546964263916016, -1.7959824099281372, -5.385340507766867, -4.025900668204186, -0.13730812027502104
3615, -0.018441438674926758, -0.35842251777648926, 1.417236089706421, 0.028586626052856445, -1.0383256673812866, -0.020939111709594727, 0.9547040557861328, -1.7959817628244235, -5.385340884376157, -4.025904944496252, -0.1373003576366445
3616, -0.018441438674926758, -0.35842251777648926, 1.4172440767288208, 0.028568506240844727, -1.0383528470993042, -0.020984649658203125, 0.9547040557861328, -1.795977474823078, -5.385348537856344, -4.02590272608235, -0.13730931121270817
3617, -0.018448829650878906, -0.35842251777648926, 1.417236089706421, 0.028568506240844727, -1.0383528470993042, -0.020957231521606445, 0.9546887969970703, -1.795969279072953, -5.3853440953658085, -4.025901672683246, -0.13731056162298216
3618, -0.018441438674926758, -0.358429878950119, 1.4172440767288208, 0.028568506240844727, -1.0383163690567017, -0.020939111709594727, 0.9547117614746093, -1.7959663494136908, -5.385346388587315, -4.025898666128259, -0.13731851234748849
3619, -0.018433809280395508, -0.358429878950119, 1.4172440767288208, 0.028577566146850586, -1.0383528470993042, -0.020957231521606445, 0.9547040557861328, -1.795967823919964, -5.3853379418023675, -4.0258945626733444, -0.1373072214998139
3620, -0.018448829650878906, -0.35842251777648926, 1.417228102684021, 0.028559446334838867, -1.0383528470993042, -0.020948171615600586, 0.9546964263916016, -1.7959618515579574, -5.3853309189383705, -4.025891880342874, -0.13731358282762152
3621, -0.018448829650878906, -0.3584151268005371, 1.4172440767288208, 0.028577566146850586, -1.0383437871932983, -0.020929813385009766, 0.9547040557861328, -1.7959674012644669, -5.385332738228241, -4.025896010294835, -0.137316832252532
3622, -0.018433809280395508, -0.358429878950119, 1.417236089706421, 0.028577566146850586, -1.0383621454238892, -0.020957231521606445, 0.9547040557861328, -1.7959644208807335, -5.385339272318874, -4.025896492575503, -0.13733068041457308
3623, -0.018441438674926758, -0.358429878950119, 1.4172440767288208, 0.028577566146850586, -1.0383347272872925, -0.020939111709594727, 0.9546964263916016, -1.7959648819087053, -5.385343277412464, -4.0258997076934575, -0.13733306898195874
3624, -0.018433809280395508, -0.35843750834465027, 1.417236089706421, 0.028586626052856445, -1.0383256673812866, -0.020966291427612305, 0.9546964263916016, -1.7959592135963427, -5.385342078296476, -4.025903312722514, -0.1373472985230988
3625, -0.018441438674926758, -0.35843750834465027, 1.417228102684021, 0.028568506240844727, -1.0383347272872925, -0.020966291427612305, 0.9546887969970703, -1.7959520766787986, -5.3853402990974395, -4.025894923902457, -0.13735168610276904
3626, -0.018441438674926758, -0.3584449291229248, 1.417228102684021, 0.028595924377441406, -1.0383347272872925, -0.020929813385009766, 0.9546887969970703, -1.7959444866049443, -5.385341186808712, -4.025892450221957, -0.13735639708455505
3627, -0.018448829650878906, -0.358429878950119, 1.417228102684021, 0.028577566146850586, -1.0383347272872925, -0.020957231521606445, 0.9547040557861328, -1.7959444800773898, -5.385339395239459, -4.025894490745955, -0.13737514653085547
3628, -0.018441438674926758, -0.35843750834465027, 1.4172521829605103, 0.028595924377441406, -1.0383347272872925, -0.020957231521606445, 0.9546964263916016, -1.7959396865560282, -5.385339803009199, -4.025898570615812, -0.13737962481736687
3629, -0.01842641830444336, -0.35843750834465027, 1.417236089706421, 0.028568506240844727, -1.0383528470993042, -0.020957231521606445, 0.9547040557861328, -1.795934579577849, -5.385346139604659, -4.025895955251681, -0.1373890556716173
3630, -0.018433809280395508, -0.35843750834465027, 1.417236089706421, 0.028577566146850586, -1.0383347272872925, -0.020939111709594727, 0.9546964263916016, -1.7959327312802404, -5.385348756663323, -4.025894769331929, -0.13738833382055748
3631, -0.01842641830444336, -0.35843750834465027, 1.4172440767288208, 0.028568506240844727, -1.0383437871932983, -0.020957231521606445, 0.9546964263916016, -1.795928381424483, -5.385342125652421, -4.025893000723102, -0.13739765541519233
3632, -0.01842641830444336, -0.35845205187797546, 1.4172440767288208, 0.028586626052856445, -1.0383437871932983, -0.020975589752197266, 0.9546964263916016, -1.7959303591120255, -5.385338376733397, -4.025891252493809, -0.1373988069401877
3633, -0.018419265747070312, -0.35845205187797546, 1.417228102684021, 0.028586626052856445, -1.0383621454238892, -0.020948171615600586, 0.9546887969970703, -1.7959307238624103, -5.385339359591109, -4.025892849414587, -0.13741098170438182
3634, -0.018419265747070312, -0.35845947265625, 1.417228102684021, 0.028577566146850586, -1.0383621454238892, -0.020948171615600586, 0.9546964263916016, -1.795928956284706, -5.385339761684741, -4.025893338265069, -0.13739629423674948
3635, -0.018411874771118164, -0.35845205187797546, 1.417228102684021, 0.028577566146850586, -1.0383256673812866, -0.020939111709594727, 0.9547040557861328, -1.7959207828678774, -5.385347149295601, -4.025892817967236, -0.13740249053857934
3636, -0.018411874771118164, -0.35846686363220215, 1.4172440767288208, 0.028595924377441406, -1.0383256673812866, -0.020948171615600586, 0.9546964263916016, -1.795918143875873, -5.38534890653733, -4.0258921401512415, -0.1374105074283758
3637, -0.018419265747070312, -0.35845205187797546, 1.417228102684021, 0.028604984283447266, -1.0383347272872925, -0.020948171615600586, 0.9546964263916016, -1.7959164856037395, -5.385348676553721, -4.025891735241583, -0.13740275148025116
3638, -0.018419265747070312, -0.35846686363220215, 1.4172440767288208, 0.028577566146850586, -1.0383437871932983, -0.020939111709594727, 0.9546887969970703, -1.7959117072690547, -5.3853394887079915, -4.025889309642144, -0.13739919801163758
3639, -0.018404483795166016, -0.3584449291229248, 1.4172440767288208, 0.028595924377441406, -1.0383347272872925, -0.020957231521606445, 0.9546887969970703, -1.7959090407679352, -5.385335122085463, -4.02588883344726, -0.1373969729843374
3640, -0.018419265747070312, -0.35846686363220215, 1.4172440767288208, 0.028577566146850586, -1.0383528470993042, -0.020957231521606445, 0.9546964263916016, -1.795915622893856, -5.3853299435434865, -4.025893271208153, -0.13739175129112535
3641, -0.018404483795166016, -0.35845205187797546, 1.4172440767288208, 0.028577566146850586, -1.0383256673812866, -0.020939111709594727, 0.9546964263916016, -1.7959187889803478, -5.38533452026782, -4.025894388854785, -0.13740905035818507
3642, -0.018411874771118164, -0.35845205187797546, 1.4172521829605103, 0.028577566146850586, -1.0383256673812866, -0.020920753479003906, 0.9546964263916016, -1.7959208904573005, -5.385336042407007, -4.025894658018296, -0.137402966316718
3643, -0.018404483795166016, -0.35845205187797546, 1.4172440767288208, 0.028577566146850586, -1.0383163690567017, -0.020957231521606445, 0.9547117614746093, -1.7959225267472763, -5.3853260666298555, -4.025891190503628, -0.13738750420697166
3644, -0.018404483795166016, -0.35845205187797546, 1.417236089706421, 0.028577566146850586, -1.0383437871932983, -0.020929813385009766, 0.9546810913085938, -1.795925354556617, -5.385325777341335, -4.0258924788954555, -0.13739359643193438
3645, -0.018411874771118164, -0.3584449291229248, 1.417236089706421, 0.028586626052856445, -1.0383437871932983, -0.020939111709594727, 0.9547040557861328, -1.7959193520198289, -5.385325835890234, -4.025892356749704, -0.1374021879946019
3646, -0.018411874771118164, -0.35845205187797546, 1.4172440767288208, 0.028577566146850586, -1.0383528470993042, -0.020929813385009766, 0.9546964263916016, -1.795905244422046, -5.385321324581568, -4.025887600866209, -0.13739124059204677
3647, -0.018411874771118164, -0.35845947265625, 1.417236089706421, 0.028586626052856445, -1.0383437871932983, -0.020948171615600586, 0.9547040557861328, -1.7959057757119405, -5.3853270073683355, -4.025893593289002, -0.13738736670817264
3648, -0.01842641830444336, -0.35845947265625, 1.417236089706421, 0.028568506240844727, -1.0383347272872925, -0.020929813385009766, 0.9546964263916016, -1.7958974577273075, -5.385329426091001, -4.025892583812516, -0.13738205730447373
3649, -0.018411874771118164, -0.35846686363220215, 1.417236089706421, 0.028595924377441406, -1.0383347272872925, -0.020957231521606445, 0.9546964263916016, -1.7958931486872285, -5.385334259614731, -4.02588709246826, -0.13738602339546624
3650, -0.01842641830444336, -0.35845205187797546, 1.417236089706421, 0.028559446334838867, -1.0383621454238892, -0.020948171615600586, 0.9546887969970703, -1.7958919302724137, -5.3853394082880675, -4.025886675934349, -0.1373868560080922
3651, -0.01842641830444336, -0.35845947265625, 1.4172202348709106, 0.028577566146850586, -1.0383347272872925, -0.020939111709594727, 0.9546810913085938, -1.7958868306290827, -5.385342087806847, -4.025883124463302, -0.13738259705122058
3652, -0.018411874771118164, -0.3584742248058319, 1.417228102684021, 0.028577566146850586, -1.0383256673812866, -0.020939111709594727, 0.9547040557861328, -1.795884054490701, -5.385340967160283, -4.025886964003724, -0.13738196440823192
3653, -0.01842641830444336, -0.35846686363220215, 1.4172440767288208, 0.028577566146850586, -1.0383437871932983, -0.020929813385009766, 0.9546887969970703, -1.7958876386151634, -5.385342527875655, -4.025890985201767, -0.13736813258997405
3654, -0.018419265747070312, -0.35846686363220215, 1.4172440767288208, 0.028586626052856445, -1.0383621454238892, -0.020939111709594727, 0.9546887969970703, -1.7958828763777828, -5.3853479326323015, -4.025891410669868, -0.1373682730884438
3655, -0.018419265747070312, -0.35846686363220215, 1.417236089706421, 0.028586626052856445, -1.038289189338684, -0.020939111709594727, 0.9547040557861328, -1.7958782813002614, -5.385346280348392, -4.025893151808802, -0.1373812886594683
3656, -0.01842641830444336, -0.3584742248058319, 1.417236089706421, 0.028595924377441406, -1.0383528470993042, -0.020939111709594727, 0.9546887969970703, -1.7958808411121945, -5.385341635878234, -4.025886888453514, -0.13736025100103255
3657, -0.018419265747070312, -0.35846686363220215, 1.4172440767288208, 0.028586626052856445, -1.0383347272872925, -0.020948171615600586, 0.9547040557861328, -1.7958827396923531, -5.385342893321655, -4.025887442752808, -0.13737162290127625
3658, -0.018411874771118164, -0.3584742248058319, 1.4172440767288208, 0.028577566146850586, -1.0383528470993042, -0.020929813385009766, 0.9547040557861328, -1.7958721010752976, -5.38533590980481, -4.025884155359497, -0.13737440323512562
3659, -0.018411874771118164, -0.3584742248058319, 1.4172440767288208, 0.028577566146850586, -1.0383528470993042, -0.020966291427612305, 0.9546964263916016, -1.795880534655193, -5.385338424390396, -4.02588777459147, -0.13737448426083
3660, -0.018411874771118164, -0.3584742248058319, 1.417236089706421, 0.028577566146850586, -1.0383621454238892, -0.020957231521606445, 0.9546964263916016, -1.7958786869265622, -5.3853376546657135, -4.0258865622064155, -0.13737953422488847
3661, -0.018411874771118164, -0.35846686363220215, 1.4172440767288208, 0.028577566146850586, -1.038371205329895, -0.020957231521606445, 0.9546964263916016, -1.795879339696881, -5.385339723414356, -4.025887400730004, -0.13737158498239488
3662, -0.018419265747070312, -0.3584742248058319, 1.417236089706421, 0.028577566146850586, -1.0383256673812866, -0.020975589752197266, 0.9547040557861328, -1.7958827617164403, -5.385342144471483, -4.025884032988174, -0.13737075087181339
3663, -0.018419265747070312, -0.3584742248058319, 1.417228102684021, 0.028586626052856445, -1.0383528470993042, -0.020948171615600586, 0.9547040557861328, -1.7958827858627706, -5.385347830965748, -4.025883757439587, -0.13738445855966308
3664, -0.01842641830444336, -0.35848140716552734, 1.417236089706421, 0.028586626052856445, -1.0383256673812866, -0.020939111709594727, 0.9547040557861328, -1.7958777494546594, -5.385346279542769, -4.02588525323915, -0.1373948640344569
3665, -0.018419265747070312, -0.35848140716552734, 1.417228102684021, 0.028577566146850586, -1.0383347272872925, -0.020920753479003906, 0.9546964263916016, -1.7958732052960822, -5.385348798223667, -4.025884769444153, -0.13738620780856348
3666, -0.018404483795166016, -0.3584742248058319, 1.417236089706421, 0.028586626052856445, -1.0383163690567017, -0.020957231521606445, 0.9546964263916016, -1.7958698850871762, -5.385357175064678, -4.025888700945415, -0.137397708339547
3667, -0.018411874771118164, -0.35848140716552734, 1.4172521829605103, 0.028577566146850586, -1.0383347272872925, -0.020957231521606445, 0.9546810913085938, -1.795868083059497, -5.385355299058407, -4.025889314635915, -0.1374053765896992
3668, -0.018397092819213867, -0.3584742248058319, 1.4172521829605103, 0.028577566146850586, -1.0383163690567017, -0.020939111709594727, 0.9547040557861328, -1.7958638442075099, -5.385352718567952, -4.025883032118721, -0.13739059689353716
3669, -0.018404483795166016, -0.35848140716552734, 1.4172521829605103, 0.028595924377441406, -1.0383163690567017, -0.020911693572998047, 0.9546887969970703, -1.7958700607496476, -5.385361124309627, -4.025881551422385, -0.13739662146887976
3670, -0.018411874771118164, -0.3584887683391571, 1.4172521829605103, 0.028577566146850586, -1.0383528470993042, -0.020975589752197266, 0.9546964263916016, -1.7958673988608518, -5.385360498278574, -4.025883062758331, -0.13739764068295912
3671, -0.018404483795166016, -0.3584887683391571, 1.4172440767288208, 0.028586626052856445, -1.0383163690567017, -0.020929813385009766, 0.9547040557861328, -1.7958575718531997, -5.385365180375489, -4.025885870846381, -0.13741016711562803
3672, -0.018411874771118164, -0.35848140716552734, 1.4172440767288208, 0.028577566146850586, -1.0383437871932983, -0.020939111709594727, 0.9546964263916016, -1.7958528742407736, -5.385368376604298, -4.025885122943801, -0.13739810459451984
3673, -0.018411874771118164, -0.35849639773368835, 1.4172521829605103, 0.028586626052856445, -1.0383528470993042, -0.020948171615600586, 0.9547040557861328, -1.7958557591532558, -5.385370980412157, -4.025885694886724, -0.13739934532962828
3674, -0.018397092819213867, -0.35849639773368835, 1.4172521829605103, 0.028595924377441406, -1.0383621454238892, -0.020966291427612305, 0.9546964263916016, -1.7958582479917684, -5.385367854947241, -4.025885035653884, -0.13741627939879386
3675, -0.018404483795166016, -0.35849639773368835, 1.4172440767288208, 0.028568506240844727, -1.0383256673812866, -0.020939111709594727, 0.9547040557861328, -1.795859564862433, -5.3853571363418125, -4.02588464409693, -0.13740521972417152
3676, -0.018397092819213867, -0.35849639773368835, 1.417236089706421, 0.028577566146850586, -1.0383621454238892, -0.020957231521606445, 0.9547117614746093, -1.7958626238094249, -5.3853567909038205, -4.025885523526958, -0.1374151576101159
3677, -0.018404483795166016, -0.35849639773368835, 1.4172440767288208, 0.028586626052856445, -1.0383621454238892, -0.020929813385009766, 0.9547040557861328, -1.7958570372850442, -5.3853553367423, -4.025883104403757, -0.1374073191268108
3678, -0.018397092819213867, -0.35849639773368835, 1.417236089706421, 0.028577566146850586, -1.0383437871932983, -0.020911693572998047, 0.9546964263916016, -1.795853963468303, -5.385360814854042, -4.025882708574037, -0.1374108309982276
3679, -0.01838970184326172, -0.3585038185119629, 1.4172440767288208, 0.028577566146850586, -1.0383528470993042, -0.020920753479003906, 0.9546887969970703, -1.7958501878591182, -5.385360645679404, -4.025883786492553, -0.13741079976009463
3680, -0.01838970184326172, -0.35849639773368835, 1.417236089706421, 0.028595924377441406, -1.0383163690567017, -0.020920753479003906, 0.9546964263916016, -1.7958496921853446, -5.38535726133569, -4.025886321636757, -0.1374194872267207
3681, -0.018397092819213867, -0.35849639773368835, 1.417236089706421, 0.028595924377441406, -1.0383437871932983, -0.020929813385009766, 0.9546964263916016, -1.795846389655532, -5.38534718529214, -4.025882970032665, -0.1374201726614226
3682, -0.018382549285888672, -0.3585038185119629, 1.4172521829605103, 0.028568506240844727, -1.0383256673812866, -0.020939111709594727, 0.9547040557861328, -1.7958472943355974, -5.385340560722723, -4.025880393320294, -0.13742678377732354
3683, -0.01838970184326172, -0.3585038185119629, 1.4172600507736206, 0.028577566146850586, -1.0383437871932983, -0.020957231521606445, 0.9546964263916016, -1.795846961139401, -5.385337093952892, -4.025883074766302, -0.13743156611963148
3684, -0.01838970184326172, -0.3584887683391571, 1.4172600507736206, 0.028568506240844727, -1.0383163690567017, -0.020929813385009766, 0.9546887969970703, -1.7958460926601942, -5.3853377079606695, -4.025881890910957, -0.13742903854687416
3685, -0.018382549285888672, -0.35849639773368835, 1.4172521829605103, 0.028595924377441406, -1.038371205329895, -0.020966291427612305, 0.9546964263916016, -1.7958448945048566, -5.385345696326799, -4.025886133661732, -0.13744529687564455
3686, -0.018397092819213867, -0.3585038185119629, 1.417236089706421, 0.028577566146850586, -1.0383256673812866, -0.020939111709594727, 0.9546887969970703, -1.7958357244389123, -5.3853477064377255, -4.025881898188927, -0.1374392440651091
3687, -0.018382549285888672, -0.35851120948791504, 1.417236089706421, 0.028586626052856445, -1.0383163690567017, -0.020929813385009766, 0.9547040557861328, -1.7958324493740612, -5.385357112688586, -4.025882485996559, -0.13743728147934053
3688, -0.01838970184326172, -0.3585038185119629, 1.4172440767288208, 0.028577566146850586, -1.0383347272872925, -0.020920753479003906, 0.9547040557861328, -1.7958353448488995, -5.385348719170611, -4.0258834724264, -0.13744157317680816
3689, -0.01838970184326172, -0.35852575302124023, 1.417228102684021, 0.028577566146850586, -1.0383347272872925, -0.020929813385009766, 0.9546964263916016, -1.7958331681654682, -5.385343849805635, -4.02588716636768, -0.1374404662580604
3690, -0.01838970184326172, -0.35852575302124023, 1.4172440767288208, 0.028577566146850586, -1.0383163690567017, -0.020929813385009766, 0.9546887969970703, -1.7958255107308727, -5.385346151951881, -4.025883872183539, -0.13743986485371718
3691, -0.018382549285888672, -0.3585331439971924, 1.4172440767288208, 0.028568506240844727, -1.0383437871932983, -0.020920753479003906, 0.9546964263916016, -1.7958303095606516, -5.3853496216720576, -4.0258804817375955, -0.1374435387741002
3692, -0.018374919891357422, -0.3585038185119629, 1.417236089706421, 0.028568506240844727, -1.0383621454238892, -0.020929813385009766, 0.9547117614746093, -1.795827706343949, -5.3853550198250435, -4.025879629131298, -0.13745057287850582
3693, -0.018382549285888672, -0.3585183620452881, 1.4172440767288208, 0.028577566146850586, -1.0383621454238892, -0.020929813385009766, 0.9546964263916016, -1.7958278852190326, -5.385345032414348, -4.025882210969642, -0.13744416991429098
3694, -0.018397092819213867, -0.35851120948791504, 1.417228102684021, 0.028568506240844727, -1.0383437871932983, -0.020929813385009766, 0.9546964263916016, -1.7958262927068307, -5.385346444736718, -4.025879439132125, -0.1374536007909306
3695, -0.018382549285888672, -0.3585183620452881, 1.4172521829605103, 0.028586626052856445, -1.0383528470993042, -0.020948171615600586, 0.9547040557861328, -1.795828943212598, -5.3853460406845, -4.025883240228176, -0.13744814270216832
3696, -0.018374919891357422, -0.35851120948791504, 1.4172440767288208, 0.028595924377441406, -1.0383528470993042, -0.020939111709594727, 0.9546964263916016, -1.7958235540196132, -5.385348100563404, -4.025883341510427, -0.13744900655689296
3697, -0.018374919891357422, -0.35851120948791504, 1.4172440767288208, 0.028577566146850586, -1.0383163690567017, -0.020939111709594727, 0.9547117614746093, -1.795821651736075, -5.385349089989834, -4.025879698705656, -0.13745946850462243
3698, -0.018374919891357422, -0.3585183620452881, 1.4172440767288208, 0.028577566146850586, -1.0383347272872925, -0.020929813385009766, 0.9547040557861328, -1.7958239103469171, -5.38535135009036, -4.025879783300156, -0.1374607865902755
3699, -0.018367528915405273, -0.35852575302124023, 1.4172521829605103, 0.028586626052856445, -1.0383528470993042, -0.020939111709594727, 0.9547040557861328, -1.7958226395586805, -5.385349069838564, -4.025883617852273, -0.1374736550098543
3700, -0.018367528915405273, -0.35852575302124023, 1.4172521829605103, 0.028568506240844727, -1.0383437871932983, -0.020939111709594727, 0.9546964263916016, -1.7958185064055534, -5.385346254288875, -4.025880650699254, -0.13746511621401858
3701, -0.018360137939453125, -0.3585183620452881, 1.417236089706421, 0.028559446334838867, -1.0383347272872925, -0.020939111709594727, 0.9547040557861328, -1.7958159707210908, -5.385348242901901, -4.025880929456256, -0.1374629454762104
3702, -0.018367528915405273, -0.3585331439971924, 1.417236089706421, 0.028577566146850586, -1.0383528470993042, -0.020939111709594727, 0.9547040557861328, -1.7958146746677892, -5.385350718048223, -4.02587883537514, -0.13747355761271507
3703, -0.018367528915405273, -0.3585183620452881, 1.417228102684021, 0.028577566146850586, -1.0383437871932983, -0.020939111709594727, 0.9546887969970703, -1.7958104578143788, -5.385352632414563, -4.0258766369020575, -0.13747997695556702
3704, -0.018360137939453125, -0.3585183620452881, 1.417228102684021, 0.028586626052856445, -1.0383437871932983, -0.020920753479003906, 0.9546887969970703, -1.795814365342451, -5.385347481407526, -4.025875287075782, -0.13747462962272117
3705, -0.018367528915405273, -0.3585183620452881, 1.4172202348709106, 0.028577566146850586, -1.0383528470993042, -0.020929813385009766, 0.9547040557861328, -1.7958192143677798, -5.3853437407045694, -4.0258797124328565, -0.13748382110384494
3706, -0.018367528915405273, -0.35852575302124023, 1.417236089706421, 0.028577566146850586, -1.0383437871932983, -0.020911693572998047, 0.9547040557861328, -1.795812971777408, -5.385345348962004, -4.025880636287612, -0.1375109770983194
3707, -0.018360137939453125, -0.3585331439971924, 1.417236089706421, 0.028586626052856445, -1.0383347272872925, -0.020911693572998047, 0.9547040557861328, -1.795805608994978, -5.385344362555498, -4.025877151917204, -0.13751876279048858
3708, -0.018360137939453125, -0.35852575302124023, 1.4172521829605103, 0.028568506240844727, -1.0383528470993042, -0.020920753479003906, 0.9547040557861328, -1.7958053694677898, -5.385349421571023, -4.025875079415343, -0.13751538623045167
3709, -0.018360137939453125, -0.3585331439971924, 1.4172440767288208, 0.028577566146850586, -1.0383437871932983, -0.020948171615600586, 0.9546964263916016, -1.7958011077254161, -5.385347108075758, -4.025871443565928, -0.137527628687665
3710, -0.018352746963500977, -0.35852575302124023, 1.4172440767288208, 0.028577566146850586, -1.0383437871932983, -0.020948171615600586, 0.9547040557861328, -1.795806960075387, -5.385342545208233, -4.025874623582118, -0.137520467453621
3711, -0.01834559440612793, -0.35852575302124023, 1.417236089706421, 0.028595924377441406, -1.0383528470993042, -0.020939111709594727, 0.9547117614746093, -1.795804753806974, -5.385344088887721, -4.025874721769612, -0.1375224166822111
3712, -0.01834559440612793, -0.3585183620452881, 1.4172521829605103, 0.028595924377441406, -1.0383528470993042, -0.020929813385009766, 0.9546964263916016, -1.795802254981432, -5.385341756834554, -4.025875729148889, -0.13752104882235905
3713, -0.01834559440612793, -0.3585331439971924, 1.4172521829605103, 0.028577566146850586, -1.0383256673812866, -0.020920753479003906, 0.9547040557861328, -1.795802010435433, -5.385343147412749, -4.025878516393082, -0.1375178239715149
3714, -0.018352746963500977, -0.3585183620452881, 1.4172440767288208, 0.028577566146850586, -1.0383163690567017, -0.020911693572998047, 0.9547117614746093, -1.7957929383394733, -5.385344574243345, -4.025876141751758, -0.1375295066086082
3715, -0.018330812454223633, -0.3585331439971924, 1.417236089706421, 0.028559446334838867, -1.0383528470993042, -0.020920753479003906, 0.9546964263916016, -1.7957865975396459, -5.385342662156859, -4.0258779046829325, -0.1375246514349131
3716, -0.018330812454223633, -0.35854050517082214, 1.4172440767288208, 0.028614044189453125, -1.0383528470993042, -0.020939111709594727, 0.9547117614746093, -1.7957878732106638, -5.385342019151534, -4.025873927067256, -0.13753193980762113
3717, -0.018323183059692383, -0.3585331439971924, 1.417236089706421, 0.028586626052856445, -1.0383528470993042, -0.020939111709594727, 0.9547040557861328, -1.7957889569799754, -5.385334353375249, -4.025872930562558, -0.13753523383658894
3718, -0.018330812454223633, -0.3585331439971924, 1.417236089706421, 0.028586626052856445, -1.0383528470993042, -0.020911693572998047, 0.9547040557861328, -1.7957884605236238, -5.385334789774816, -4.025873305312769, -0.1375348242071519
3719, -0.018323183059692383, -0.3585481345653534, 1.417236089706421, 0.028559446334838867, -1.0383621454238892, -0.020920753479003906, 0.9547040557861328, -1.7957884871540009, -5.385329780188888, -4.025874135137476, -0.13753643814760164
3720, -0.018330812454223633, -0.35854050517082214, 1.417236089706421, 0.028577566146850586, -1.0383621454238892, -0.020920753479003906, 0.9547117614746093, -1.7957888601220338, -5.385330205836404, -4.025874854540253, -0.13753596388734124
3721, -0.018315792083740234, -0.35854050517082214, 1.417236089706421, 0.028577566146850586, -1.0383256673812866, -0.020939111709594727, 0.9546964263916016, -1.7957821565343255, -5.38533379984331, -4.025874103269168, -0.13754279954391802
3722, -0.018323183059692383, -0.35854050517082214, 1.4172440767288208, 0.028604984283447266, -1.0383437871932983, -0.020929813385009766, 0.9546887969970703, -1.795780396051229, -5.385331345135604, -4.02587560073828, -0.13753593566817823
3723, -0.018323183059692383, -0.35854050517082214, 1.4172600507736206, 0.028577566146850586, -1.0383437871932983, -0.020948171615600586, 0.9547117614746093, -1.7957785725005706, -5.385326923968793, -4.025872685084457, -0.13752582084989573
3724, -0.01833820343017578, -0.3585481345653534, 1.4172440767288208, 0.028568506240844727, -1.0383528470993042, -0.020911693572998047, 0.9547040557861328, -1.795779267810718, -5.385323077813918, -4.025878304767716, -0.13752680214087754
3725, -0.018330812454223633, -0.35854050517082214, 1.4172440767288208, 0.028586626052856445, -1.0383347272872925, -0.020920753479003906, 0.9546964263916016, -1.795772970384251, -5.385320441764863, -4.025875098082343, -0.13752522612805684
3726, -0.018330812454223633, -0.35854050517082214, 1.417236089706421, 0.028577566146850586, -1.0383256673812866, -0.020939111709594727, 0.9547040557861328, -1.7957737248230337, -5.385319441080687, -4.0258776345562035, -0.13751122923390557
3727, -0.018330812454223633, -0.3585481345653534, 1.4172521829605103, 0.028568506240844727, -1.0383347272872925, -0.020939111709594727, 0.9547040557861328, -1.7957687971610319, -5.385316451443373, -4.025878985729158, -0.13750702825145034
3728, -0.01833820343017578, -0.3585481345653534, 1.4172440767288208, 0.028568506240844727, -1.0383621454238892, -0.020948171615600586, 0.9546964263916016, -1.7957632640780354, -5.385316147674636, -4.025873603698749, -0.13750795007095018
3729, -0.01834559440612793, -0.35854050517082214, 1.417236089706421, 0.028568506240844727, -1.0383347272872925, -0.020948171615600586, 0.9547193145751953, -1.795764499445392, -5.385315031525009, -4.025875277812933, -0.1375127488035739
3730, -0.01833820343017578, -0.35855555534362793, 1.4172521829605103, 0.028568506240844727, -1.0383528470993042, -0.020920753479003906, 0.9547040557861328, -1.7957605672129948, -5.385314192900465, -4.025874295218697, -0.1375098941366364
3731, -0.018330812454223633, -0.3585481345653534, 1.417236089706421, 0.028595924377441406, -1.0383437871932983, -0.020902633666992188, 0.9547040557861328, -1.7957560795274294, -5.385314775082809, -4.025875914382785, -0.13750855601131562
3732, -0.018330812454223633, -0.3585481345653534, 1.417236089706421, 0.028577566146850586, -1.038371205329895, -0.020948171615600586, 0.9546964263916016, -1.7957539244330714, -5.3853139334867635, -4.025878571200791, -0.13751696100661803
3733, -0.018323183059692383, -0.3585626780986786, 1.4172440767288208, 0.028595924377441406, -1.0383437871932983, -0.020939111709594727, 0.9546964263916016, -1.7957526284071181, -5.385314442208036, -4.025878800571793, -0.13752183256715877
3734, -0.018330812454223633, -0.3585481345653534, 1.417236089706421, 0.028586626052856445, -1.0383437871932983, -0.020902633666992188, 0.9546964263916016, -1.7957434564990957, -5.385312409315247, -4.025869813506938, -0.13752279231429565
3735, -0.018330812454223633, -0.3585481345653534, 1.4172440767288208, 0.028577566146850586, -1.0383621454238892, -0.020920753479003906, 0.9547040557861328, -1.7957482643692475, -5.385312474832763, -4.025872724910792, -0.13752308148365788
3736, -0.01833820343017578, -0.3585626780986786, 1.4172440767288208, 0.028595924377441406, -1.0383347272872925, -0.020920753479003906, 0.9547040557861328, -1.7957522941287691, -5.385311630560523, -4.025878272356458, -0.13753398582908805
3737, -0.018330812454223633, -0.3585626780986786, 1.4172521829605103, 0.028577566146850586, -1.0383528470993042, -0.020920753479003906, 0.9547040557861328, -1.7957465816639695, -5.385312393946942, -4.025874514440967, -0.13752258719217902
3738, -0.018315792083740234, -0.3585626780986786, 1.4172440767288208, 0.028568506240844727, -1.0383528470993042, -0.020939111709594727, 0.9547040557861328, -1.7957434834133004, -5.385316787487875, -4.025876064200587, -0.13753383198957092
3739, -0.018330812454223633, -0.3585626780986786, 1.417236089706421, 0.028568506240844727, -1.0383621454238892, -0.020920753479003906, 0.9547117614746093, -1.7957390849585437, -5.38531460937578, -4.025874902262891, -0.13752517423401844
3740, -0.018330812454223633, -0.3585700988769531, 1.4172440767288208, 0.028586626052856445, -1.0383437871932983, -0.020920753479003906, 0.9547117614746093, -1.7957326332864274, -5.3853115195317836, -4.025871531721041, -0.13751333622880502
3741, -0.018323183059692383, -0.35858485102653503, 1.4172440767288208, 0.028586626052856445, -1.0383256673812866, -0.020957231521606445, 0.9546964263916016, -1.7957329465978948, -5.385313693568155, -4.025868702950955, -0.13753054463350445
3742, -0.018315792083740234, -0.3585774898529053, 1.4172521829605103, 0.028586626052856445, -1.0383528470993042, -0.020902633666992188, 0.9546810913085938, -1.795735364665272, -5.385312863893664, -4.025873096034803, -0.13753897269371596
3743, -0.018323183059692383, -0.3585774898529053, 1.4172440767288208, 0.028568506240844727, -1.0383437871932983, -0.020911693572998047, 0.9546887969970703, -1.795732343966258, -5.385312604232071, -4.025873107049447, -0.1375271316569444
3744, -0.018323183059692383, -0.3585626780986786, 1.417236089706421, 0.028577566146850586, -1.0383437871932983, -0.020920753479003906, 0.9547040557861328, -1.795732022515483, -5.385314053955317, -4.025871938371988, -0.13752989863126963
3745, -0.018323183059692383, -0.3585700988769531, 1.417228102684021, 0.028577566146850586, -1.0383256673812866, -0.020939111709594727, 0.9546810913085938, -1.7957319677337988, -5.3853103694854205, -4.025873367154297, -0.13752426363739723
3746, -0.018330812454223633, -0.3585774898529053, 1.4172521829605103, 0.028577566146850586, -1.0383986234664917, -0.020929813385009766, 0.9546964263916016, -1.7957217315360605, -5.385311716173581, -4.025866863362548, -0.13752885938346537
3747, -0.01833820343017578, -0.35858485102653503, 1.4172521829605103, 0.028586626052856445, -1.0383621454238892, -0.020929813385009766, 0.9546887969970703, -1.7957203784880829, -5.385318303205665, -4.025867282849356, -0.13753173043472522
3748, -0.01833820343017578, -0.3585700988769531, 1.4172440767288208, 0.028577566146850586, -1.0383256673812866, -0.020948171615600586, 0.9546964263916016, -1.7957217977229445, -5.385315336258562, -4.025869467608594, -0.13753443793749476
3749, -0.01834559440612793, -0.35858485102653503, 1.4172521829605103, 0.028568506240844727, -1.0383621454238892, -0.020957231521606445, 0.9547193145751953, -1.7957213861142507, -5.385316968280868, -4.025867285615453, -0.13754323618413355
3750, -0.01833820343017578, -0.3585774898529053, 1.4172600507736206, 0.028586626052856445, -1.0383256673812866, -0.020939111709594727, 0.9547040557861328, -1.7957192654102219, -5.385318790010932, -4.025868962993253, -0.1375232459329112
3751, -0.018330812454223633, -0.35858485102653503, 1.4172440767288208, 0.028586626052856445, -1.0383437871932983, -0.020920753479003906, 0.9546887969970703, -1.7957210184955388, -5.385321104835202, -4.0258719975109365, -0.13754051533055645
3752, -0.01833820343017578, -0.35858485102653503, 1.4172521829605103, 0.028577566146850586, -1.0383528470993042, -0.020920753479003906, 0.9547040557861328, -1.7957095196871458, -5.38531283428142, -4.025863872145922, -0.13755030973721727
3753, -0.01833820343017578, -0.3585774898529053, 1.4172440767288208, 0.028568506240844727, -1.038371205329895, -0.020929813385009766, 0.9547193145751953, -1.795710404541421, -5.385308924423687, -4.025864774864565, -0.13754659272470704
3754, -0.01833820343017578, -0.35858485102653503, 1.4172440767288208, 0.028568506240844727, -1.0383256673812866, -0.020920753479003906, 0.9546964263916016, -1.7957109872661332, -5.385306724619741, -4.0258643431838745, -0.13753914746954976
3755, -0.018330812454223633, -0.35858485102653503, 1.4172440767288208, 0.028586626052856445, -1.0383621454238892, -0.020929813385009766, 0.9546964263916016, -1.7957086486773917, -5.385310758337005, -4.025865936736496, -0.13754229433938203
3756, -0.018330812454223633, -0.35859203338623047, 1.4172521829605103, 0.028577566146850586, -1.0383163690567017, -0.020911693572998047, 0.9547040557861328, -1.7957057761179023, -5.385311797591523, -4.025865232615217, -0.13755163603102538
3757, -0.018330812454223633, -0.35858485102653503, 1.4172521829605103, 0.028586626052856445, -1.0383528470993042, -0.020920753479003906, 0.9547040557861328, -1.795709821940565, -5.3853145300660215, -4.025871746762074, -0.13756320277633716
3758, -0.018330812454223633, -0.35859939455986023, 1.4172521829605103, 0.028586626052856445, -1.0383528470993042, -0.020920753479003906, 0.9547193145751953, -1.7957026362299668, -5.385304115293475, -4.0258697933311485, -0.1375610981876454
3759, -0.018330812454223633, -0.35859203338623047, 1.4172440767288208, 0.028577566146850586, -1.0383621454238892, -0.020920753479003906, 0.9547117614746093, -1.795698252774423, -5.385304402119058, -4.025864950905138, -0.13756021945298436
3760, -0.018330812454223633, -0.35859939455986023, 1.4172521829605103, 0.028586626052856445, -1.0383528470993042, -0.020911693572998047, 0.9547040557861328, -1.7956975927703585, -5.385301986596804, -4.0258683675087665, -0.13754232043566272
3761, -0.01833820343017578, -0.35859939455986023, 1.4172521829605103, 0.028577566146850586, -1.0383528470993042, -0.020911693572998047, 0.9546964263916016, -1.7956932201774416, -5.3853077563430425, -4.025866321007121, -0.1375545547260204
3762, -0.018330812454223633, -0.35859939455986023, 1.4172440767288208, 0.028577566146850586, -1.0383256673812866, -0.020920753479003906, 0.9546964263916016, -1.7956889437099677, -5.385308446485805, -4.025867121760842, -0.13755246652391495
3763, -0.018330812454223633, -0.3586070239543915, 1.417236089706421, 0.028586626052856445, -1.0383528470993042, -0.020920753479003906, 0.9547040557861328, -1.7956832194788044, -5.385311186418258, -4.025868983403528, -0.13754787896883425
3764, -0.01833820343017578, -0.35859939455986023, 1.4172600507736206, 0.028577566146850586, -1.0383621454238892, -0.020920753479003906, 0.9547117614746093, -1.7956720854516224, -5.385304428621736, -4.0258629251490765, -0.13755124734329627
3765, -0.018323183059692383, -0.358614444732666, 1.417236089706421, 0.028586626052856445, -1.0383621454238892, -0.020929813385009766, 0.9546887969970703, -1.7956769977468712, -5.385295434947601, -4.025863396694082, -0.13754889819010785
3766, -0.018315792083740234, -0.35862183570861816, 1.417236089706421, 0.028577566146850586, -1.0383528470993042, -0.020911693572998047, 0.9547117614746093, -1.79567624428009, -5.385294418681097, -4.025867799750697, -0.13754593792788228
3767, -0.018323183059692383, -0.358614444732666, 1.4172600507736206, 0.028568506240844727, -1.0383621454238892, -0.020948171615600586, 0.9547117614746093, -1.7956783791017543, -5.38529204941638, -4.025867835015959, -0.13754941189741032
3768, -0.018323183059692383, -0.3586289882659912, 1.4172440767288208, 0.028568506240844727, -1.0383528470993042, -0.020920753479003906, 0.9546887969970703, -1.7956728065132346, -5.385294003949894, -4.025866022587538, -0.13753876181098157
3769, -0.01833820343017578, -0.3586437702178955, 1.417236089706421, 0.028586626052856445, -1.0383528470993042, -0.020893335342407227, 0.9547040557861328, -1.795679048282243, -5.385306259154141, -4.025869240219372, -0.13754481614825131
3770, -0.018330812454223633, -0.3586437702178955, 1.4172440767288208, 0.028577566146850586, -1.0383621454238892, -0.020911693572998047, 0.9547040557861328, -1.7956691569007448, -5.38530965233607, -4.025863656632929, -0.1375397676814165
3771, -0.01833820343017578, -0.3586437702178955, 1.4172521829605103, 0.028586626052856445, -1.0383347272872925, -0.020929813385009766, 0.9547193145751953, -1.7956657287652849, -5.3853134500904805, -4.025864795970409, -0.1375434118751686
3772, -0.018330812454223633, -0.35865113139152527, 1.4172600507736206, 0.028586626052856445, -1.0383347272872925, -0.020920753479003906, 0.9547040557861328, -1.795663658813767, -5.385312306865271, -4.025864910667651, -0.13754648288935023
3773, -0.018330812454223633, -0.35865113139152527, 1.4172600507736206, 0.028568506240844727, -1.0383437871932983, -0.020920753479003906, 0.9547040557861328, -1.7956688862044297, -5.385306564371536, -4.025867286016545, -0.13755059618611298
3774, -0.018330812454223633, -0.3586585521697998, 1.4172600507736206, 0.028568506240844727, -1.038371205329895, -0.020939111709594727, 0.9547117614746093, -1.7956677707878521, -5.3853083642844455, -4.025870358339682, -0.13754431366994968
3775, -0.018323183059692383, -0.3586585521697998, 1.4172600507736206, 0.028586626052856445, -1.0383528470993042, -0.020911693572998047, 0.9546964263916016, -1.7956625939884796, -5.385309455441701, -4.025866807369558, -0.13754722932900076
3776, -0.018330812454223633, -0.35868072509765625, 1.4172600507736206, 0.028577566146850586, -1.0383437871932983, -0.020911693572998047, 0.9547117614746093, -1.795652524299165, -5.385309358242431, -4.025861534700221, -0.13752975176061621
3777, -0.018330812454223633, -0.35868072509765625, 1.4172600507736206, 0.028577566146850586, -1.038371205329895, -0.020929813385009766, 0.9546964263916016, -1.7956498639533764, -5.3853123939573155, -4.025861521680772, -0.13753710113874273
3778, -0.018323183059692383, -0.3586733043193817, 1.4172600507736206, 0.028586626052856445, -1.0383437871932983, -0.020920753479003906, 0.9547040557861328, -1.7956507609097572, -5.385306939610864, -4.025862587361987, -0.1375253046900049
3779, -0.018330812454223633, -0.3586881160736084, 1.4172600507736206, 0.028568506240844727, -1.0383256673812866, -0.020920753479003906, 0.9547117614746093, -1.7956507809133337, -5.38530774746982, -4.025864949424606, -0.13752656331618063
3780, -0.01834559440612793, -0.35869547724723816, 1.4172600507736206, 0.028586626052856445, -1.0383437871932983, -0.020911693572998047, 0.9547040557861328, -1.7956529441859033, -5.385307917929593, -4.025865639427432, -0.13752760408165
