# Arm joint positions + body pose collected at 50.0 Hz
# Timestamp: 20251117_233935
# Format: timestep, timestamp_utc, arm0.sh0, arm0.sh1, arm0.el0, arm0.el1, arm0.wr0, arm0.wr1, gripper_open_percentage, body_x, body_y, body_z, body_theta
# Body pose is in odom frame (x, y, z in meters, theta in radians)

0, 1763440775.853014, 5.4836273193359375e-05, -3.119285821914673, 3.139073610305786, 1.568712592124939, -0.001710653305053711, -1.5697755813598633, 0.022499442100524902, -1.5919645389596195, -5.245199650946574, -3.971735779317703, -0.16124685729947963
1, 1763440775.859563, 6.985664367675781e-05, -3.119285821914673, 3.139073610305786, 1.5686942338943481, -0.0016832351684570312, -1.569793701171875, 0.022499442100524902, -1.591959915488121, -5.245195234585917, -3.9717336615047047, -0.1612522629560793
2, 1763440775.886168, 4.00543212890625e-05, -3.119292974472046, 3.139073610305786, 1.5687216520309448, -0.0016739368438720703, -1.569793701171875, 0.022499442100524902, -1.5919582815123936, -5.245190926623736, -3.971736275896525, -0.16123808612541968
3, 1763440775.905486, 5.4836273193359375e-05, -3.1192784309387207, 3.139065742492676, 1.5686942338943481, -0.0016832351684570312, -1.5697665214538574, 0.022514700889587402, -1.5919402482086482, -5.245188064888128, -3.9717329915862303, -0.16123250223005048
4, 1763440775.929116, 5.4836273193359375e-05, -3.1192784309387207, 3.139065742492676, 1.5686942338943481, -0.00170135498046875, -1.5697755813598633, 0.022507071495056152, -1.5919401412058443, -5.245187740740811, -3.971736366366069, -0.1612587222865569
5, 1763440775.951863, 6.222724914550781e-05, -3.119285821914673, 3.139065742492676, 1.568712592124939, -0.001710653305053711, -1.5697846412658691, 0.022529959678649902, -1.5919274497906415, -5.245196457572114, -3.971735726967591, -0.1612688503530224
6, 1763440775.9739132, 4.744529724121094e-05, -3.119285821914673, 3.139073610305786, 1.5687034130096436, -0.001710653305053711, -1.569803237915039, 0.022514700889587402, -1.5919175863577548, -5.245202164765762, -3.9717336330725614, -0.1612665140533336
7, 1763440775.998424, 6.222724914550781e-05, -3.119292974472046, 3.139073610305786, 1.5687216520309448, -0.0017197132110595703, -1.569793701171875, 0.022507071495056152, -1.5919194421559215, -5.24519183378875, -3.9717378116570923, -0.161257960424269
8, 1763440776.01958, 6.985664367675781e-05, -3.119285821914673, 3.139065742492676, 1.5687216520309448, -0.0017197132110595703, -1.5697755813598633, 0.022514700889587402, -1.5919110887802597, -5.245188535251491, -3.97173460602205, -0.1612897102127988
9, 1763440776.0397282, 5.4836273193359375e-05, -3.119300365447998, 3.139065742492676, 1.5687216520309448, -0.001710653305053711, -1.5697846412658691, 0.022499442100524902, -1.5918947062940925, -5.245180430607438, -3.971737213953199, -0.1612846016210563
10, 1763440776.0605729, 5.4836273193359375e-05, -3.119292974472046, 3.139073610305786, 1.568712592124939, -0.0016832351684570312, -1.5697755813598633, 0.022507071495056152, -1.5918866784592849, -5.245192919838553, -3.971738605551345, -0.16128395768492343
11, 1763440776.085817, 6.222724914550781e-05, -3.1192784309387207, 3.1390576362609863, 1.5687216520309448, -0.0017287731170654297, -1.5697665214538574, 0.022491812705993652, -1.5918819247279563, -5.245193787485794, -3.971735304880639, -0.16129211027969692
12, 1763440776.107019, 4.744529724121094e-05, -3.119285821914673, 3.139073610305786, 1.568712592124939, -0.0016922950744628906, -1.569812297821045, 0.022491812705993652, -1.5918843653125911, -5.245187937453194, -3.971741828992705, -0.1613031094319881
13, 1763440776.1326709, 6.222724914550781e-05, -3.119285821914673, 3.139065742492676, 1.568712592124939, -0.0016922950744628906, -1.569793701171875, 0.022522330284118652, -1.5918836103611957, -5.24519950053321, -3.9717378893044026, -0.16129052624089812
14, 1763440776.151902, 4.744529724121094e-05, -3.119300365447998, 3.139065742492676, 1.5687216520309448, -0.00170135498046875, -1.5697846412658691, 0.022499442100524902, -1.591863400750201, -5.245207703695379, -3.9717344660892766, -0.16130988593274864
15, 1763440776.180299, 5.4836273193359375e-05, -3.119300365447998, 3.139065742492676, 1.568712592124939, -0.0016922950744628906, -1.5697846412658691, 0.022522330284118652, -1.5918628186674881, -5.245210511254097, -3.971739165940172, -0.16132265171863658
16, 1763440776.217083, 5.4836273193359375e-05, -3.1192784309387207, 3.139073610305786, 1.568712592124939, -0.0016922950744628906, -1.569793701171875, 0.022514700889587402, -1.5918635532448642, -5.245212169620349, -3.9717396248063905, -0.16132636411498158
17, 1763440776.2387252, 4.744529724121094e-05, -3.1192784309387207, 3.139073610305786, 1.5687308311462402, -0.0016922950744628906, -1.5697755813598633, 0.022491812705993652, -1.5918418066523718, -5.245214312177263, -3.9717406010898366, -0.1613266113709404
18, 1763440776.2479339, 6.222724914550781e-05, -3.1192636489868164, 3.139065742492676, 1.5687034130096436, -0.0016832351684570312, -1.5697665214538574, 0.022514700889587402, -1.591836251304518, -5.2452130605541925, -3.971739177898003, -0.1613257306773379
19, 1763440776.271797, 5.4836273193359375e-05, -3.119292974472046, 3.139065742492676, 1.5686851739883423, -0.0016832351684570312, -1.5697755813598633, 0.022499442100524902, -1.59183037563627, -5.245219223396574, -3.9717387609266543, -0.16133044259282947
20, 1763440776.3008928, 4.744529724121094e-05, -3.1192710399627686, 3.1390576362609863, 1.568712592124939, -0.00170135498046875, -1.5697846412658691, 0.022507071495056152, -1.5918167658685975, -5.245228656803154, -3.971735000345023, -0.16132585910810704
21, 1763440776.320141, 6.222724914550781e-05, -3.1192784309387207, 3.139065742492676, 1.5687034130096436, -0.0017197132110595703, -1.5697846412658691, 0.022491812705993652, -1.5918138005279685, -5.245227798136545, -3.9717363650162887, -0.16133366483616118
22, 1763440776.345314, 5.4836273193359375e-05, -3.119285821914673, 3.139073610305786, 1.568712592124939, -0.001710653305053711, -1.569793701171875, 0.022522330284118652, -1.5918197981515694, -5.245216715799855, -3.971739228163923, -0.16132703686465266
23, 1763440776.3714612, 5.4836273193359375e-05, -3.1192710399627686, 3.139073610305786, 1.5687034130096436, -0.00170135498046875, -1.5697755813598633, 0.022507071495056152, -1.591805023541112, -5.245227102382571, -3.9717358338047326, -0.1613313634875837
24, 1763440776.400092, 4.00543212890625e-05, -3.119285821914673, 3.139065742492676, 1.5687034130096436, -0.001710653305053711, -1.569793701171875, 0.022522330284118652, -1.5918065443662233, -5.245219426292512, -3.971734749162492, -0.16131393905930214
25, 1763440776.425684, 6.985664367675781e-05, -3.1192784309387207, 3.139073610305786, 1.568712592124939, -0.0017197132110595703, -1.569793701171875, 0.022499442100524902, -1.591791465988675, -5.245206844940526, -3.971731510267888, -0.1613263842156103
26, 1763440776.441411, 5.4836273193359375e-05, -3.1192784309387207, 3.139073610305786, 1.5687034130096436, -0.0016922950744628906, -1.569793701171875, 0.022499442100524902, -1.5917915429499967, -5.2452050441573626, -3.971737174825797, -0.1613310323597572
27, 1763440776.4581141, 7.724761962890625e-05, -3.119285821914673, 3.139065742492676, 1.5686942338943481, -0.001710653305053711, -1.5697574615478516, 0.022514700889587402, -1.591791448630799, -5.245209793324631, -3.9717361520890684, -0.161331799475815
28, 1763440776.4764822, 4.00543212890625e-05, -3.119300365447998, 3.139065742492676, 1.568712592124939, -0.0016739368438720703, -1.5697755813598633, 0.022514700889587402, -1.5917763260286881, -5.245211141515636, -3.9717349070271935, -0.16133148231270766
29, 1763440776.501642, 4.744529724121094e-05, -3.1192710399627686, 3.139065742492676, 1.5687034130096436, -0.001710653305053711, -1.5697846412658691, 0.022522330284118652, -1.5917668875511628, -5.245219848141861, -3.971735236624466, -0.16133349184553225
30, 1763440776.556598, 8.440017700195312e-05, -3.119285821914673, 3.139065742492676, 1.5687216520309448, -0.0016922950744628906, -1.569803237915039, 0.022499442100524902, -1.5917698476965616, -5.245221767754415, -3.9717365457702125, -0.16136514727751727
31, 1763440776.569456, 6.222724914550781e-05, -3.1192710399627686, 3.139073610305786, 1.5686851739883423, -0.001710653305053711, -1.5697665214538574, 0.022514700889587402, -1.591761147035847, -5.245221484142739, -3.971735800778528, -0.16138471491663875
32, 1763440776.590753, 6.985664367675781e-05, -3.1192784309387207, 3.139073610305786, 1.5687034130096436, -0.0016832351684570312, -1.569803237915039, 0.022499442100524902, -1.5917522692084438, -5.245219277214877, -3.971733562521579, -0.1613900314507779
33, 1763440776.611017, 4.744529724121094e-05, -3.119285821914673, 3.139073610305786, 1.568739891052246, -0.0016922950744628906, -1.5697846412658691, 0.022522330284118652, -1.5917526861467153, -5.245224200084506, -3.971734765025739, -0.16139834743437564
34, 1763440776.635586, 6.222724914550781e-05, -3.119285821914673, 3.139065742492676, 1.5687216520309448, -0.00170135498046875, -1.5697755813598633, 0.022491812705993652, -1.5917451630460664, -5.245225796159833, -3.9717347757135566, -0.16140225816656617
35, 1763440776.6533859, 5.4836273193359375e-05, -3.1192784309387207, 3.139073610305786, 1.5687308311462402, -0.0016832351684570312, -1.569803237915039, 0.022514700889587402, -1.5917391997692267, -5.245227125715653, -3.9717367603850553, -0.16142132079895521
36, 1763440776.68941, 6.985664367675781e-05, -3.119292974472046, 3.139073610305786, 1.568712592124939, -0.00170135498046875, -1.569793701171875, 0.022514700889587402, -1.591735747632559, -5.245222898983274, -3.9717376396705038, -0.1614090303029725
37, 1763440776.712307, 6.222724914550781e-05, -3.119292974472046, 3.139073610305786, 1.5687308311462402, -0.0016922950744628906, -1.569793701171875, 0.022514700889587402, -1.5917358020847292, -5.245211480527668, -3.971735591426088, -0.16140285229047713
38, 1763440776.741628, 4.00543212890625e-05, -3.1192784309387207, 3.139073610305786, 1.5687308311462402, -0.00170135498046875, -1.569803237915039, 0.022507071495056152, -1.5917283593263156, -5.2452128521526555, -3.971735311538987, -0.16141402967837326
39, 1763440776.761408, 5.4836273193359375e-05, -3.119300365447998, 3.139065742492676, 1.5687216520309448, -0.00170135498046875, -1.5697846412658691, 0.022499442100524902, -1.5917204646032599, -5.245217841011508, -3.9717380916790375, -0.1614052978085576
40, 1763440776.77136, 6.222724914550781e-05, -3.1192710399627686, 3.139073610305786, 1.568712592124939, -0.00170135498046875, -1.5697755813598633, 0.022507071495056152, -1.5917130742202181, -5.245215469692228, -3.971732070183118, -0.1613969171699967
41, 1763440776.791421, 6.222724914550781e-05, -3.119285821914673, 3.139073610305786, 1.5687308311462402, -0.0016832351684570312, -1.569803237915039, 0.022514700889587402, -1.5917056880236542, -5.245205549453004, -3.971733289819858, -0.1614076096486059
42, 1763440776.817773, 6.222724914550781e-05, -3.119292974472046, 3.139073610305786, 1.5687216520309448, -0.00170135498046875, -1.569812297821045, 0.022499442100524902, -1.5917029965300458, -5.245208144289021, -3.9717375521184404, -0.1614181780589785
43, 1763440776.83714, 5.4836273193359375e-05, -3.119292974472046, 3.139073610305786, 1.5687216520309448, -0.0016739368438720703, -1.569812297821045, 0.022514700889587402, -1.591696163977949, -5.245207158158124, -3.9717359278119333, -0.161407396462673
44, 1763440776.8570209, 6.222724914550781e-05, -3.119292974472046, 3.139073610305786, 1.5687216520309448, -0.0017197132110595703, -1.569793701171875, 0.022522330284118652, -1.591689228445926, -5.245209370589203, -3.9717327931629804, -0.16139286839364253
45, 1763440776.88357, 6.985664367675781e-05, -3.119285821914673, 3.139065742492676, 1.5687308311462402, -0.001710653305053711, -1.5697755813598633, 0.022507071495056152, -1.5916933269446332, -5.245205885222878, -3.971737895797281, -0.16139090866171824
46, 1763440776.902776, 4.744529724121094e-05, -3.119292974472046, 3.139073610305786, 1.5687308311462402, -0.0016922950744628906, -1.5697846412658691, 0.022522330284118652, -1.5916839869785844, -5.245205291992971, -3.971733615944209, -0.16138150315925337
47, 1763440776.9234922, 6.222724914550781e-05, -3.119285821914673, 3.139073610305786, 1.5687034130096436, -0.0016739368438720703, -1.569803237915039, 0.022529959678649902, -1.5916863674904158, -5.2452099971695905, -3.971733820231271, -0.161384106818093
48, 1763440776.947967, 4.00543212890625e-05, -3.1192710399627686, 3.139073610305786, 1.5687034130096436, -0.00170135498046875, -1.5697846412658691, 0.022514700889587402, -1.591676060060776, -5.245212850707193, -3.971735740950607, -0.16139004718177308
49, 1763440776.982044, 6.985664367675781e-05, -3.119292974472046, 3.139065742492676, 1.568712592124939, -0.00170135498046875, -1.569793701171875, 0.022507071495056152, -1.5916635478793135, -5.245205954124374, -3.9717328787640094, -0.16141989577507676
50, 1763440776.989856, 6.222724914550781e-05, -3.119292974472046, 3.139065742492676, 1.568712592124939, -0.00170135498046875, -1.5697846412658691, 0.022499442100524902, -1.5916647472472873, -5.245204698775381, -3.9717317909174574, -0.16141543111091394
51, 1763440777.013385, 4.744529724121094e-05, -3.1192784309387207, 3.139073610305786, 1.568712592124939, -0.00170135498046875, -1.569793701171875, 0.022499442100524902, -1.591665298702957, -5.245199958520819, -3.9717355266172625, -0.16141808457133244
52, 1763440777.040595, 4.744529724121094e-05, -3.119285821914673, 3.139073610305786, 1.5686851739883423, -0.0016922950744628906, -1.5697846412658691, 0.022514700889587402, -1.591657375696693, -5.245202259992266, -3.971738245952758, -0.1614181483528041
53, 1763440777.0536342, 6.222724914550781e-05, -3.119300365447998, 3.139073610305786, 1.568712592124939, -0.0017197132110595703, -1.569812297821045, 0.022507071495056152, -1.5916503825095398, -5.2452044385711245, -3.9717336657255666, -0.16141676788872772
54, 1763440777.076631, 5.4836273193359375e-05, -3.1192784309387207, 3.139065742492676, 1.5687216520309448, -0.00170135498046875, -1.5697846412658691, 0.022491812705993652, -1.591651943877817, -5.2452019333879365, -3.9717365015891937, -0.16140618986923982
55, 1763440777.099811, 4.744529724121094e-05, -3.1192784309387207, 3.139073610305786, 1.5687216520309448, -0.0016922950744628906, -1.5697665214538574, 0.022514700889587402, -1.591646739706349, -5.245203663622005, -3.9717354676589456, -0.1613905521872656
56, 1763440777.119564, 6.222724914550781e-05, -3.1192784309387207, 3.139073610305786, 1.5687216520309448, -0.00170135498046875, -1.569793701171875, 0.022522330284118652, -1.5916424547228236, -5.245208096722279, -3.9717343370283684, -0.16138242929608904
57, 1763440777.1421351, 4.744529724121094e-05, -3.1192784309387207, 3.139073610305786, 1.5686942338943481, -0.0016739368438720703, -1.5697755813598633, 0.022522330284118652, -1.5916417886883225, -5.2452087443219195, -3.971735756548927, -0.16139823997233282
58, 1763440777.165937, 4.00543212890625e-05, -3.119292974472046, 3.139073610305786, 1.5687216520309448, -0.00170135498046875, -1.569803237915039, 0.022514700889587402, -1.5916448860786647, -5.245208859955573, -3.971736219204117, -0.16140026960336762
59, 1763440777.1843252, 5.4836273193359375e-05, -3.119285821914673, 3.139073610305786, 1.5687034130096436, -0.00170135498046875, -1.569793701171875, 0.022499442100524902, -1.5916445958406422, -5.24520788570842, -3.9717332809756725, -0.16139644799077768
60, 1763440777.20542, 5.4836273193359375e-05, -3.1192784309387207, 3.139073610305786, 1.5687034130096436, -0.0017379522323608398, -1.5697846412658691, 0.022499442100524902, -1.5916459478996123, -5.245203973483649, -3.9717329630399165, -0.1613928893676171
61, 1763440777.228527, 6.222724914550781e-05, -3.1192784309387207, 3.139073610305786, 1.5687216520309448, -0.0017287731170654297, -1.569793701171875, 0.022507071495056152, -1.5916419260245545, -5.245198132626601, -3.9717358934047824, -0.16138767680718313
62, 1763440777.2490618, 6.985664367675781e-05, -3.119285821914673, 3.139073610305786, 1.5687308311462402, -0.0017197132110595703, -1.569793701171875, 0.022507071495056152, -1.5916401862878689, -5.245210286429357, -3.971735081662804, -0.16140816008769132
63, 1763440777.271471, 6.222724914550781e-05, -3.1192784309387207, 3.139065742492676, 1.5687216520309448, -0.0016832351684570312, -1.569803237915039, 0.022499442100524902, -1.5916415319281056, -5.245208173246287, -3.97173503000092, -0.1614249903824616
64, 1763440777.292604, 5.4836273193359375e-05, -3.1192784309387207, 3.1390576362609863, 1.5687034130096436, -0.0017197132110595703, -1.5697665214538574, 0.022507071495056152, -1.5916395666979049, -5.245209842443486, -3.971735508005404, -0.16143239595559855
65, 1763440777.3151639, 5.4836273193359375e-05, -3.1192784309387207, 3.139065742492676, 1.5687216520309448, -0.00170135498046875, -1.5697846412658691, 0.022491812705993652, -1.5916353705723725, -5.245215125222641, -3.9717338064269456, -0.16143941010734064
66, 1763440777.335466, 4.00543212890625e-05, -3.119285821914673, 3.139073610305786, 1.5686759948730469, -0.00170135498046875, -1.569793701171875, 0.022507071495056152, -1.5916322046294624, -5.245210168017592, -3.9717309581181657, -0.16144491448680487
67, 1763440777.357461, 5.4836273193359375e-05, -3.119292974472046, 3.139065742492676, 1.5687034130096436, -0.00170135498046875, -1.5697846412658691, 0.022507071495056152, -1.5916262059453106, -5.24520684770679, -3.9717333528901855, -0.16146058624137982
68, 1763440777.3767738, 5.4836273193359375e-05, -3.119285821914673, 3.139065742492676, 1.568712592124939, -0.00170135498046875, -1.5697755813598633, 0.022507071495056152, -1.5916166629226574, -5.245211501327473, -3.971731685665284, -0.1614607941841939
69, 1763440777.399628, 4.00543212890625e-05, -3.119292974472046, 3.139073610305786, 1.5687034130096436, -0.0016922950744628906, -1.569793701171875, 0.022491812705993652, -1.591612257511267, -5.245198870841474, -3.9717324773152773, -0.16146211086694606
70, 1763440777.422747, 6.222724914550781e-05, -3.119285821914673, 3.139065742492676, 1.5687034130096436, -0.00170135498046875, -1.5697755813598633, 0.022484183311462402, -1.5916187265321116, -5.245202949018561, -3.9717313916855552, -0.1614693382011696
71, 1763440777.445822, 6.222724914550781e-05, -3.1192784309387207, 3.139073610305786, 1.5687216520309448, -0.0016739368438720703, -1.5697755813598633, 0.022491812705993652, -1.5916201970313448, -5.245205783370335, -3.9717338285434085, -0.16146314096713343
72, 1763440777.4632819, 6.222724914550781e-05, -3.1192784309387207, 3.139073610305786, 1.5686942338943481, -0.0016922950744628906, -1.569793701171875, 0.022514700889587402, -1.5916238868940191, -5.245207855933882, -3.971732508446985, -0.16147891231583245
73, 1763440777.4879942, 6.222724914550781e-05, -3.1192710399627686, 3.139065742492676, 1.5687216520309448, -0.0016922950744628906, -1.5697846412658691, 0.022522330284118652, -1.591616948751594, -5.245216828954927, -3.971731575573126, -0.16150574135809848
74, 1763440777.507777, 3.2901763916015625e-05, -3.119285821914673, 3.139065742492676, 1.5686942338943481, -0.001710653305053711, -1.5697755813598633, 0.022514700889587402, -1.5916208919039276, -5.245218431602481, -3.971734806766865, -0.16149244523115946
75, 1763440777.528351, 6.222724914550781e-05, -3.1192784309387207, 3.1390817165374756, 1.568712592124939, -0.0016832351684570312, -1.569793701171875, 0.022507071495056152, -1.5916146561397009, -5.245211787236122, -3.9717343909212603, -0.16149024784129118
76, 1763440777.554869, 4.00543212890625e-05, -3.1192784309387207, 3.139065742492676, 1.5687034130096436, -0.0016832351684570312, -1.569793701171875, 0.022514700889587402, -1.591599084066977, -5.24521091577396, -3.9717322255756033, -0.1615041817899714
77, 1763440777.573757, 6.985664367675781e-05, -3.1192784309387207, 3.139073610305786, 1.5687216520309448, -0.0017197132110595703, -1.5697755813598633, 0.022507071495056152, -1.591597592176556, -5.2452127776597886, -3.9717363092196236, -0.161504177410567
78, 1763440777.5935922, 6.985664367675781e-05, -3.119292974472046, 3.139073610305786, 1.5687216520309448, -0.0016832351684570312, -1.569803237915039, 0.022507071495056152, -1.5915918324132465, -5.245200512462574, -3.9717356634286123, -0.16150553341569207
79, 1763440777.618495, 7.724761962890625e-05, -3.1192710399627686, 3.139065742492676, 1.5687216520309448, -0.0016832351684570312, -1.5697574615478516, 0.022507071495056152, -1.5915918494195542, -5.24520272549848, -3.9717351175113165, -0.16148199127235507
80, 1763440777.6387022, 5.4836273193359375e-05, -3.119285821914673, 3.139065742492676, 1.568712592124939, -0.0016922950744628906, -1.5697755813598633, 0.022491812705993652, -1.591588581503798, -5.245212702670198, -3.971735395896439, -0.1614767988072403
81, 1763440777.660558, 6.222724914550781e-05, -3.119285821914673, 3.139073610305786, 1.5687216520309448, -0.0016739368438720703, -1.569793701171875, 0.022507071495056152, -1.5915758067567367, -5.24519945662622, -3.971739458528691, -0.1614821791237704
82, 1763440777.686371, 5.4836273193359375e-05, -3.119292974472046, 3.139073610305786, 1.5686942338943481, -0.0016922950744628906, -1.569803237915039, 0.022507071495056152, -1.5915767136847403, -5.245205450697441, -3.971735761178458, -0.1614848325801992
83, 1763440777.701965, 6.222724914550781e-05, -3.1192710399627686, 3.139065742492676, 1.568712592124939, -0.00170135498046875, -1.5697846412658691, 0.022507071495056152, -1.5915692961331636, -5.245214237826019, -3.9717357266129967, -0.16149772243705662
84, 1763440777.721581, 4.00543212890625e-05, -3.119285821914673, 3.139065742492676, 1.5687034130096436, -0.0017287731170654297, -1.5697846412658691, 0.022507071495056152, -1.5915710744965816, -5.245223438421307, -3.971738093242663, -0.16150485017633542
85, 1763440777.747374, 4.744529724121094e-05, -3.119285821914673, 3.139073610305786, 1.5687216520309448, -0.0017197132110595703, -1.5697846412658691, 0.022499442100524902, -1.5915724914416445, -5.245215674149672, -3.971736370069428, -0.16151005835227572
86, 1763440777.7663841, 5.4836273193359375e-05, -3.1192784309387207, 3.139065742492676, 1.568712592124939, -0.00170135498046875, -1.5697755813598633, 0.022507071495056152, -1.5915756912717784, -5.2452188480999276, -3.971737752942466, -0.16151048385354638
87, 1763440777.7877471, 6.222724914550781e-05, -3.119285821914673, 3.139073610305786, 1.5687216520309448, -0.00170135498046875, -1.569793701171875, 0.022514700889587402, -1.5915735029299483, -5.245216721881271, -3.97173978314278, -0.16152800699798675
88, 1763440777.8108401, 6.222724914550781e-05, -3.119292974472046, 3.139073610305786, 1.5687034130096436, -0.0016832351684570312, -1.5697846412658691, 0.022514700889587402, -1.5915556556146333, -5.245211938147041, -3.97174115238318, -0.16152510627791372
89, 1763440777.834173, 5.4836273193359375e-05, -3.1192710399627686, 3.139073610305786, 1.5686942338943481, -0.00170135498046875, -1.569793701171875, 0.022499442100524902, -1.5915380323488055, -5.245212812631445, -3.971736511089683, -0.16152536839666176
90, 1763440777.8575518, 6.222724914550781e-05, -3.119285821914673, 3.139073610305786, 1.568712592124939, -0.00170135498046875, -1.5697846412658691, 0.022507071495056152, -1.5915343969359226, -5.245209707168055, -3.9717406310924734, -0.16152844211770034
91, 1763440777.874573, 4.00543212890625e-05, -3.119292974472046, 3.139073610305786, 1.5687216520309448, -0.0016832351684570312, -1.569793701171875, 0.022499442100524902, -1.591524490323529, -5.245213490701009, -3.9717389449781004, -0.1615191012767161
92, 1763440777.896492, 6.985664367675781e-05, -3.119300365447998, 3.139065742492676, 1.5687308311462402, -0.001710653305053711, -1.569803237915039, 0.022507071495056152, -1.5915095917319957, -5.245215813937982, -3.9717403720983646, -0.16151569555350687
93, 1763440777.921219, 5.4836273193359375e-05, -3.1192784309387207, 3.139065742492676, 1.568712592124939, -0.001710653305053711, -1.569803237915039, 0.022491812705993652, -1.5915069836423186, -5.245217285719174, -3.971740425200609, -0.16151797244701882
94, 1763440777.947947, 6.222724914550781e-05, -3.119285821914673, 3.139073610305786, 1.5687034130096436, -0.0016922950744628906, -1.569793701171875, 0.022507071495056152, -1.5915095252251408, -5.24521327949568, -3.9717382436698356, -0.16152953600552689
95, 1763440777.963918, 4.744529724121094e-05, -3.119292974472046, 3.139073610305786, 1.568712592124939, -0.00170135498046875, -1.5697755813598633, 0.022484183311462402, -1.5915049090763627, -5.24521353932754, -3.971739131792062, -0.16152104178660043
96, 1763440777.9853828, 5.4836273193359375e-05, -3.1192784309387207, 3.139065742492676, 1.5687034130096436, -0.0016832351684570312, -1.569803237915039, 0.022507071495056152, -1.5914959561715898, -5.245214287387448, -3.9717384525493555, -0.16151042882159583
97, 1763440778.0131462, 5.4836273193359375e-05, -3.1192636489868164, 3.139073610305786, 1.5687216520309448, -0.0016832351684570312, -1.569803237915039, 0.022491812705993652, -1.5914956637516746, -5.245212831918854, -3.9717394407729385, -0.16150348893436295
98, 1763440778.033186, 6.985664367675781e-05, -3.1192710399627686, 3.139073610305786, 1.5687216520309448, -0.0016739368438720703, -1.569793701171875, 0.022499442100524902, -1.5914702185483192, -5.24521683614561, -3.971739846831531, -0.1615009045067577
99, 1763440778.054553, 6.222724914550781e-05, -3.1192784309387207, 3.139065742492676, 1.5687216520309448, -0.0016922950744628906, -1.5697846412658691, 0.022514700889587402, -1.591452892430627, -5.245222569803885, -3.9717392262041322, -0.16149345961580686
100, 1763440778.079077, 6.222724914550781e-05, -3.1192784309387207, 3.139073610305786, 1.5687216520309448, -0.0016922950744628906, -1.5697846412658691, 0.022514700889587402, -1.5914484163090266, -5.245215245137967, -3.9717394146392238, -0.1614775991472861
101, 1763440778.1033971, 4.744529724121094e-05, -3.119292974472046, 3.139073610305786, 1.5686942338943481, -0.00170135498046875, -1.5697846412658691, 0.022507071495056152, -1.5914326515159054, -5.245226611548938, -3.9717362635539497, -0.16149290919394677
102, 1763440778.123716, 4.00543212890625e-05, -3.119292974472046, 3.139065742492676, 1.5687034130096436, -0.001710653305053711, -1.569803237915039, 0.022507071495056152, -1.5914290715548196, -5.245234215969975, -3.9717401159082355, -0.16149011768174315
103, 1763440778.149385, 6.222724914550781e-05, -3.119285821914673, 3.139065742492676, 1.568712592124939, -0.001710653305053711, -1.5697846412658691, 0.022499442100524902, -1.5914306654257966, -5.245245989157426, -3.9717403546496697, -0.16150861065903666
104, 1763440778.169688, 4.00543212890625e-05, -3.119285821914673, 3.139065742492676, 1.568712592124939, -0.0017197132110595703, -1.5697755813598633, 0.022507071495056152, -1.5914205370974597, -5.245240097629444, -3.971739626875552, -0.1615134169486172
105, 1763440778.193221, 5.4836273193359375e-05, -3.1192784309387207, 3.139065742492676, 1.5687034130096436, -0.00170135498046875, -1.569793701171875, 0.022499442100524902, -1.5914149976138932, -5.245247731334115, -3.9717389714656157, -0.16150834854101337
106, 1763440778.2214038, 4.744529724121094e-05, -3.119292974472046, 3.139065742492676, 1.5687034130096436, -0.00170135498046875, -1.5697755813598633, 0.022514700889587402, -1.5914224175098646, -5.245257302353619, -3.9717418859941023, -0.1615164268773155
107, 1763440778.240819, 4.744529724121094e-05, -3.119285821914673, 3.139073610305786, 1.5687216520309448, -0.001710653305053711, -1.569812297821045, 0.022514700889587402, -1.5914087081946318, -5.245255832499297, -3.9717395289977393, -0.16151741679410136
108, 1763440778.25913, 5.4836273193359375e-05, -3.1192784309387207, 3.139065742492676, 1.5687034130096436, -0.0016922950744628906, -1.569803237915039, 0.022491812705993652, -1.5914005948076815, -5.245254111538396, -3.9717400551036297, -0.16152285214681683
109, 1763440778.284408, 5.4836273193359375e-05, -3.119292974472046, 3.139065742492676, 1.568712592124939, -0.001710653305053711, -1.569793701171875, 0.022514700889587402, -1.5913971083607865, -5.245265670169686, -3.971742226344965, -0.16153274693467257
110, 1763440778.30561, 5.4836273193359375e-05, -3.119292974472046, 3.139073610305786, 1.568712592124939, -0.001710653305053711, -1.569803237915039, 0.022507071495056152, -1.5913945934421652, -5.245260248246078, -3.9717407592817056, -0.1615350142113421
111, 1763440778.3271601, 4.744529724121094e-05, -3.1192784309387207, 3.139073610305786, 1.568712592124939, -0.00170135498046875, -1.569803237915039, 0.022507071495056152, -1.591395120811281, -5.245266064886669, -3.971741562763264, -0.16152216367198768
112, 1763440778.3511481, 5.4836273193359375e-05, -3.119292974472046, 3.1390817165374756, 1.5687308311462402, -0.00170135498046875, -1.569793701171875, 0.022507071495056152, -1.5913989633395835, -5.24527211971601, -3.9717429071385597, -0.16152296573531633
113, 1763440778.372274, 6.222724914550781e-05, -3.1192784309387207, 3.139073610305786, 1.5686851739883423, -0.0016739368438720703, -1.569793701171875, 0.022499442100524902, -1.5913904389762947, -5.245280627287195, -3.9717430920633223, -0.16154611209451097
114, 1763440778.393712, 6.985664367675781e-05, -3.119285821914673, 3.139073610305786, 1.5687216520309448, -0.001710653305053711, -1.5697846412658691, 0.022499442100524902, -1.5913909190590971, -5.245280146233023, -3.97174263538692, -0.1615638632757488
115, 1763440778.415754, 5.4836273193359375e-05, -3.119300365447998, 3.139073610305786, 1.568712592124939, -0.00170135498046875, -1.569803237915039, 0.022499442100524902, -1.5913792016300456, -5.245277355768293, -3.9717448904915744, -0.16155929378473832
116, 1763440778.4342558, 6.222724914550781e-05, -3.119285821914673, 3.139065742492676, 1.568712592124939, -0.0016922950744628906, -1.569803237915039, 0.022507071495056152, -1.5913701426611615, -5.24527583732139, -3.9717460373033853, -0.16156760015187643
117, 1763440778.454832, 6.222724914550781e-05, -3.119300365447998, 3.139065742492676, 1.5687034130096436, -0.001710653305053711, -1.5697755813598633, 0.022507071495056152, -1.5913607724159549, -5.245281178183707, -3.9717452964209214, -0.16156126400066206
118, 1763440778.494081, 4.744529724121094e-05, -3.119292974472046, 3.1390817165374756, 1.5687308311462402, -0.0016922950744628906, -1.569793701171875, 0.022507071495056152, -1.59135750425591, -5.24528522579712, -3.9717437747081363, -0.16155836851260652
119, 1763440778.502593, 4.744529724121094e-05, -3.119292974472046, 3.1390817165374756, 1.5687308311462402, -0.0016922950744628906, -1.569793701171875, 0.022507071495056152, -1.59135750425591, -5.24528522579712, -3.9717437747081363, -0.16155836851260652
120, 1763440778.523886, 5.4836273193359375e-05, -3.1192784309387207, 3.139065742492676, 1.5686942338943481, -0.00170135498046875, -1.569793701171875, 0.022514700889587402, -1.5913595382493906, -5.24528529949082, -3.9717406748191353, -0.16153301428900413
121, 1763440778.54932, 6.222724914550781e-05, -3.119285821914673, 3.139065742492676, 1.568712592124939, -0.001664876937866211, -1.569793701171875, 0.022491812705993652, -1.5913545848470136, -5.245282067266831, -3.971740242592843, -0.16152286614578415
122, 1763440778.569107, 6.222724914550781e-05, -3.119285821914673, 3.139065742492676, 1.568739891052246, -0.00170135498046875, -1.569803237915039, 0.022522330284118652, -1.5913330828209857, -5.245284495795241, -3.971743510579455, -0.16153652836735244
123, 1763440778.5916722, 4.744529724121094e-05, -3.1192710399627686, 3.139065742492676, 1.568712592124939, -0.0016922950744628906, -1.5697846412658691, 0.022499442100524902, -1.5913331984843655, -5.245283324290284, -3.9717428683629903, -0.16153961779462556
124, 1763440778.61747, 6.222724914550781e-05, -3.1192784309387207, 3.139065742492676, 1.5686942338943481, -0.0016922950744628906, -1.569793701171875, 0.022507071495056152, -1.591331450818106, -5.245281194820713, -3.971743007307145, -0.16152914288594733
125, 1763440778.63844, 5.4836273193359375e-05, -3.1192784309387207, 3.139065742492676, 1.568712592124939, -0.0016739368438720703, -1.569803237915039, 0.022514700889587402, -1.5913114173282725, -5.245288751387799, -3.9717387098133625, -0.161534721534057
126, 1763440778.66079, 6.222724914550781e-05, -3.119285821914673, 3.139065742492676, 1.568712592124939, -0.0016832351684570312, -1.569793701171875, 0.022491812705993652, -1.591311471013302, -5.245291528076113, -3.97174313636835, -0.16153180072415108
127, 1763440778.685343, 3.2901763916015625e-05, -3.119285821914673, 3.139065742492676, 1.5687034130096436, -0.001710653305053711, -1.569803237915039, 0.022522330284118652, -1.5913104384777181, -5.245295688503583, -3.9717415917438172, -0.16153634489625546
128, 1763440778.705437, 4.744529724121094e-05, -3.119292974472046, 3.139073610305786, 1.568712592124939, -0.0016832351684570312, -1.5697846412658691, 0.022514700889587402, -1.5912958387927092, -5.2453039795160885, -3.971742486334911, -0.1615297510070146
129, 1763440778.727409, 7.724761962890625e-05, -3.119292974472046, 3.139065742492676, 1.568712592124939, -0.0016922950744628906, -1.569812297821045, 0.022499442100524902, -1.591293995489647, -5.245311870186789, -3.9717465159584853, -0.16152966188886975
130, 1763440778.7566102, 4.744529724121094e-05, -3.1192710399627686, 3.139073610305786, 1.5687216520309448, -0.00170135498046875, -1.5697846412658691, 0.022507071495056152, -1.5912796293731004, -5.245313987518596, -3.971744539786231, -0.16151597433978804
131, 1763440778.787093, 4.00543212890625e-05, -3.119285821914673, 3.139065742492676, 1.5687216520309448, -0.00170135498046875, -1.5698213577270508, 0.022491812705993652, -1.5912589473289536, -5.245314913444792, -3.971739035289506, -0.16150704499698687
132, 1763440778.859684, 4.744529724121094e-05, -3.1192710399627686, 3.139065742492676, 1.568712592124939, -0.00170135498046875, -1.5697755813598633, 0.022499442100524902, -1.5912662666707091, -5.2453226059549545, -3.9717450169635815, -0.16150319805956315
133, 1763440778.878238, 7.724761962890625e-05, -3.1192784309387207, 3.139065742492676, 1.5687308311462402, -0.0017197132110595703, -1.5697846412658691, 0.022514700889587402, -1.5912397122546145, -5.245332536600222, -3.971741594836565, -0.161505766778534
134, 1763440778.8881652, 4.00543212890625e-05, -3.119292974472046, 3.139065742492676, 1.5687216520309448, -0.0016739368438720703, -1.5697755813598633, 0.022522330284118652, -1.5912263534446622, -5.245331115351382, -3.9717393202092346, -0.16150907900648548
135, 1763440778.911447, 8.440017700195312e-05, -3.1193225383758545, 3.139065742492676, 1.5687216520309448, -0.001710653305053711, -1.569812297821045, 0.022476494312286377, -1.5913361452303927, -5.245301691213934, -3.971776696375013, -0.16151156384389687
136, 1763440778.972784, 9.179115295410156e-05, -3.119027614593506, 3.1390416622161865, 1.5686759948730469, -0.0017927885055541992, -1.569812297821045, 0.022499442100524902, -1.5920720480075992, -5.243853899249468, -3.971799227829151, -0.16156442792186532
137, 1763440778.986943, 0.00040912628173828125, -3.119189739227295, 3.139065742492676, 1.5686030387878418, -0.0019478797912597656, -1.569793701171875, 0.022552907466888428, -1.5931429857000572, -5.243433909400962, -3.9720000132395703, -0.16155643137005793
138, 1763440779.018028, 0.00012135505676269531, -3.11920428276062, 3.1390817165374756, 1.5687764883041382, -0.001445770263671875, -1.5697665214538574, 0.022507071495056152, -1.594225765853976, -5.242645748751346, -3.9720151207260255, -0.1616249057733894
139, 1763440779.030077, -2.6226043701171875e-05, -3.1191749572753906, 3.1390576362609863, 1.5687034130096436, -0.0019478797912597656, -1.569793701171875, 0.022514700889587402, -1.5958451639392242, -5.241349201088748, -3.9719933651337063, -0.16151096853129143
140, 1763440779.0489979, 0.00016546249389648438, -3.119197130203247, 3.1390576362609863, 1.5686851739883423, -0.0019936561584472656, -1.569803237915039, 0.022507071495056152, -1.5970779771097372, -5.240450540010964, -3.9720054151403983, -0.16148861215192412
141, 1763440779.12898, 0.00016546249389648438, -3.1191601753234863, 3.1390576362609863, 1.568712592124939, -0.0019297599792480469, -1.5697755813598633, 0.022491812705993652, -1.601868286465559, -5.236756607871282, -3.9721798743855095, -0.16121214225452718
142, 1763440779.158628, -0.0004982948303222656, -3.119823932647705, 3.1390817165374756, 1.5687947273254395, 0.00026166439056396484, -1.5696754455566406, 0.022499442100524902, -1.6030607195482258, -5.23529300785056, -3.9723156641604485, -0.15996818868086304
143, 1763440779.179831, 0.0010211467742919922, -3.1191678047180176, 3.139049768447876, 1.5686304569244385, -0.0016009807586669922, -1.5697665214538574, 0.022415459156036377, -1.6044469382682731, -5.233725251989265, -3.972201586334218, -0.16055143012749795
144, 1763440779.200096, -0.000675201416015625, -3.1192562580108643, 3.1390178203582764, 1.5686759948730469, -0.0017379522323608398, -1.5697665214538574, 0.022507071495056152, -1.6051719111915517, -5.233067552669711, -3.9722424684525963, -0.16077598936976578
145, 1763440779.208662, -0.0006382465362548828, -3.1196177005767822, 3.139009714126587, 1.5686120986938477, -0.0018749237060546875, -1.5697298049926758, 0.022568166255950928, -1.6052835780263803, -5.2328760927112326, -3.9722132108037576, -0.16064951039898911
146, 1763440779.2354271, -1.1444091796875e-05, -3.1198315620422363, 3.139033794403076, 1.568758249282837, -0.00170135498046875, -1.56972074508667, 0.022499442100524902, -1.6052791525771801, -5.232671571689894, -3.972144982088864, -0.16036275164519065
147, 1763440779.2572002, 0.00011372566223144531, -3.119565963745117, 3.1390576362609863, 1.5687674283981323, -0.0015919208526611328, -1.5697298049926758, 0.022560477256774902, -1.6048141422409241, -5.232801812158018, -3.9721624994995026, -0.15979664440998143
148, 1763440779.275903, -0.00022530555725097656, -3.119713544845581, 3.1390817165374756, 1.5687034130096436, -0.0016283988952636719, -1.5697574615478516, 0.022484183311462402, -1.6041968855562212, -5.233068034703022, -3.9721353993536073, -0.15921666521722333
149, 1763440779.304209, 7.724761962890625e-05, -3.1195881366729736, 3.139073610305786, 1.5687674283981323, -0.0015279054641723633, -1.5697484016418457, 0.022514700889587402, -1.6027540915098473, -5.2338138665202765, -3.972040613956677, -0.15885784403128067
150, 1763440779.317309, 6.222724914550781e-05, -3.1195807456970215, 3.1390817165374756, 1.5687856674194336, -0.0014914274215698242, -1.5697574615478516, 0.022484183311462402, -1.6020304343656802, -5.234216212117376, -3.971979227641267, -0.1588832617141014
151, 1763440779.339724, 1.0728836059570312e-05, -3.1196177005767822, 3.1390817165374756, 1.568712592124939, -0.0015736818313598633, -1.5697665214538574, 0.022507071495056152, -1.6003376625810066, -5.235170793799467, -3.9717978939352916, -0.15921113765226025
152, 1763440779.365505, -8.511543273925781e-05, -3.119551181793213, 3.139073610305786, 1.5687947273254395, -0.001518845558166504, -1.5697388648986816, 0.022514700889587402, -1.5982504854039914, -5.236382043474486, -3.9715677251540407, -0.16000353233028974
153, 1763440779.384311, -4.0531158447265625e-06, -3.119610071182251, 3.1390576362609863, 1.5687216520309448, -0.0016101598739624023, -1.5697388648986816, 0.022491812705993652, -1.5960547500089395, -5.2376434349119085, -3.971400862785187, -0.16062090580054722
154, 1763440779.405013, -0.00014400482177734375, -3.119706153869629, 3.1390416622161865, 1.5687034130096436, -0.0016193389892578125, -1.5697298049926758, 0.022514700889587402, -1.5938016763742873, -5.23888705180046, -3.971326593974781, -0.16092404166526109
155, 1763440779.429139, -0.0003800392150878906, -3.1196248531341553, 3.1390576362609863, 1.5686486959457397, -0.0014183521270751953, -1.5696568489074707, 0.022560477256774902, -1.5899604313039872, -5.24106849923405, -3.971343368850227, -0.16067123480803147
156, 1763440779.450979, 1.0728836059570312e-05, -3.120185375213623, 3.138953924179077, 1.5687947273254395, -0.0015827417373657227, -1.56972074508667, 0.022507071495056152, -1.5850988950774696, -5.2438047317140875, -3.9713014537079454, -0.1602333171786876
157, 1763440779.471215, 0.0003719329833984375, -3.1201188564300537, 3.1391615867614746, 1.56895911693573, -0.0011169910430908203, -1.5698490142822266, 0.02230095863342285, -1.5804716234451857, -5.2463377368562005, -3.9711836880429576, -0.1607172436619484
158, 1763440779.498452, 0.0010061264038085938, -3.1185481548309326, 3.1390178203582764, 1.5692148208618164, -0.00174713134765625, -1.5698213577270508, 0.022339165210723877, -1.5756555377848087, -5.248979805029119, -3.9707376298150563, -0.161781078872421
159, 1763440779.5312982, 0.0005197525024414062, -3.1187031269073486, 3.1390416622161865, 1.568374752998352, -0.0030345916748046875, -1.56990385055542, 0.022491812705993652, -1.5675289148949172, -5.253371845267171, -3.9699894984194297, -0.1614978908019289
160, 1763440779.5496309, -1.1444091796875e-05, -3.1187915802001953, 3.1389617919921875, 1.5687034130096436, -0.003536820411682129, -1.5697298049926758, 0.022560477256774902, -1.563094690517193, -5.255652457667685, -3.969689477532824, -0.16136557321820888
161, 1763440779.573431, -0.0002181529998779297, -3.119344472885132, 3.138993740081787, 1.5687308311462402, -0.0017653703689575195, -1.5697298049926758, 0.022583425045013428, -1.5597972508817992, -5.257517470928011, -3.969320879125475, -0.16056760216668398
162, 1763440779.6011882, 0.0007038116455078125, -3.1189169883728027, 3.139065742492676, 1.568621277809143, -0.002112269401550293, -1.5697846412658691, 0.022461235523223877, -1.555941098817002, -5.259700057541993, -3.9690289016900517, -0.1597959720519624
163, 1763440779.6208, 0.0003426074981689453, -3.118710517883301, 3.1390256881713867, 1.5685572624206543, -0.0021762847900390625, -1.5697846412658691, 0.022560477256774902, -1.5523683895146725, -5.261735057543818, -3.9689148684113866, -0.15915804640630693
164, 1763440779.635593, 3.2901763916015625e-05, -3.1192338466644287, 3.1390576362609863, 1.5685664415359497, -0.0022127628326416016, -1.5697846412658691, 0.022568166255950928, -1.550462016362974, -5.262754203619854, -3.9688265003278684, -0.15863359285992473
165, 1763440779.654957, 0.00042366981506347656, -3.1189465522766113, 3.139065742492676, 1.5686304569244385, -0.002148866653442383, -1.569803237915039, 0.022499442100524902, -1.548931744497952, -5.2636698739105094, -3.968855755029602, -0.15824630448762544
166, 1763440779.6800792, 0.0005562305450439453, -3.1186883449554443, 3.1389858722686768, 1.5686486959457397, -0.002075791358947754, -1.569812297821045, 0.022499442100524902, -1.5472533532935968, -5.264622979611796, -3.9691354796969445, -0.15829266373877093
167, 1763440779.704232, -0.00010752677917480469, -3.1192784309387207, 3.139073610305786, 1.5686304569244385, -0.002148866653442383, -1.569803237915039, 0.022476494312286377, -1.5459095777603162, -5.2653569611700535, -3.969477842707363, -0.1586697649151887
168, 1763440779.7223198, 0.0002834796905517578, -3.1191749572753906, 3.1390976905822754, 1.5686304569244385, -0.0021032094955444336, -1.5697846412658691, 0.022529959678649902, -1.5454359863299265, -5.265594361500178, -3.9696302694143286, -0.15898148346009933
169, 1763440779.746443, 0.0003719329833984375, -3.118562936782837, 3.1390178203582764, 1.5686304569244385, -0.0019478797912597656, -1.5697755813598633, 0.022522330284118652, -1.5449692920391667, -5.26581692587772, -3.9700340553032443, -0.16011727806121456
170, 1763440779.76821, -0.00036525726318359375, -3.119389057159424, 3.139049768447876, 1.5685664415359497, -0.002194643020629883, -1.5697846412658691, 0.022560477256774902, -1.5451157022007378, -5.265874401245207, -3.9702738498937475, -0.16075558507882537
171, 1763440779.791223, 0.0002760887145996094, -3.1188433170318604, 3.1390416622161865, 1.5685482025146484, -0.0019752979278564453, -1.569793701171875, 0.022537589073181152, -1.5457087079455472, -5.265943467184025, -3.9704395899716065, -0.16071853402089964
172, 1763440779.810448, 0.000431060791015625, -3.118452310562134, 3.139033794403076, 1.5685938596725464, -0.0019478797912597656, -1.569803237915039, 0.022468924522399902, -1.5463805612705253, -5.265972244100382, -3.9706339947572036, -0.16069767836355364
173, 1763440779.832242, -0.00024008750915527344, -3.1189093589782715, 3.1390018463134766, 1.5686759948730469, -0.0020483732223510742, -1.5697484016418457, 0.022537589073181152, -1.5475356853002251, -5.265841730149259, -3.9708779408626067, -0.16041430964291603
174, 1763440779.853485, -2.6226043701171875e-05, -3.11930775642395, 3.1390976905822754, 1.5686395168304443, -0.001966238021850586, -1.5697574615478516, 0.022514700889587402, -1.5491888770052202, -5.265593827113764, -3.971088622007169, -0.15991813899094165
175, 1763440779.8752651, 0.00012135505676269531, -3.1188137531280518, 3.1389858722686768, 1.5686577558517456, -0.0019752979278564453, -1.5697665214538574, 0.022468924522399902, -1.551317463002445, -5.265390479213764, -3.971248715755037, -0.15954998481931337
176, 1763440779.903724, 0.0007481575012207031, -3.1198315620422363, 3.1390817165374756, 1.5684843063354492, -0.00291597843170166, -1.569812297821045, 0.022522330284118652, -1.5546601985407016, -5.265440138073584, -3.9707954220345876, -0.15895784387365364
177, 1763440779.9204679, 6.985664367675781e-05, -3.11893892288208, 3.139033794403076, 1.5685572624206543, -0.0012905597686767578, -1.5697388648986816, 0.022453665733337402, -1.5567642429235338, -5.265479560166134, -3.9708669661656812, -0.15860316698262356
178, 1763440779.9432828, -9.250640869140625e-05, -3.1187546253204346, 3.1390416622161865, 1.568758249282837, -0.0010805130004882812, -1.5697484016418457, 0.022522330284118652, -1.5593676912255396, -5.265358530485406, -3.971219960723634, -0.15858419779272648
179, 1763440779.9658391, 0.00043845176696777344, -3.1194846630096436, 3.1390576362609863, 1.5685756206512451, -0.0023040771484375, -1.569803237915039, 0.022507071495056152, -1.5616040113474492, -5.265172997075624, -3.9715570876762465, -0.15893893867345898
180, 1763440779.9856682, 0.00012874603271484375, -3.1195733547210693, 3.139089584350586, 1.568666934967041, -0.0015462636947631836, -1.5697574615478516, 0.022507071495056152, -1.5638018032711425, -5.265073693424854, -3.971827156954819, -0.15963415971964956
181, 1763440780.005735, 5.4836273193359375e-05, -3.119292974472046, 3.139065742492676, 1.5686942338943481, -0.0018018484115600586, -1.5697846412658691, 0.022537589073181152, -1.5659148279966162, -5.264922646388222, -3.972061997117631, -0.16035737875772238
182, 1763440780.0287628, 3.0994415283203125e-06, -3.1195216178894043, 3.1390817165374756, 1.5686486959457397, -0.0019388198852539062, -1.569793701171875, 0.022507071495056152, -1.5679385329976978, -5.264834613661061, -3.9722258854441335, -0.16096575776323974
183, 1763440780.047668, 4.744529724121094e-05, -3.119389057159424, 3.139065742492676, 1.5686120986938477, -0.0019023418426513672, -1.569803237915039, 0.022476494312286377, -1.5698598595553839, -5.26478456193881, -3.972410183839249, -0.16134244732712943
184, 1763440780.070285, 3.2901763916015625e-05, -3.1194775104522705, 3.139073610305786, 1.5686304569244385, -0.0018292665481567383, -1.569803237915039, 0.022499442100524902, -1.5719257428545095, -5.264815710427427, -3.972550376013793, -0.16152198469192935
185, 1763440780.0962691, 0.0015592575073242188, -3.1187691688537598, 3.138929843902588, 1.5681464672088623, -0.002705812454223633, -1.5698213577270508, 0.022461235523223877, -1.573361879053599, -5.264953913172544, -3.972576371947049, -0.1621394651000685
186, 1763440780.112621, -0.00033593177795410156, -3.120082139968872, 3.139113664627075, 1.5685938596725464, -0.002934098243713379, -1.569803237915039, 0.022522330284118652, -1.5741778013085586, -5.26514347135329, -3.9723989023083774, -0.1629004950188575
187, 1763440780.13502, -0.0009407997131347656, -3.119462728500366, 3.139065742492676, 1.568511724472046, -0.0014274120330810547, -1.5698761940002441, 0.022537589073181152, -1.5750706085397181, -5.2653250926548605, -3.9721972054343957, -0.16231508404682327
188, 1763440780.1615412, 0.0003056526184082031, -3.119034767150879, 3.1390256881713867, 1.5683655738830566, -0.002002716064453125, -1.5698490142822266, 0.022468924522399902, -1.5761115409365147, -5.265328018087359, -3.9722846886757632, -0.16096577471545714
189, 1763440780.1785338, 0.00015807151794433594, -3.1195881366729736, 3.1390576362609863, 1.5686577558517456, -0.0013270378112792969, -1.569812297821045, 0.022514700889587402, -1.5765621406138843, -5.265505444619295, -3.9724584040295277, -0.16063241317153576
190, 1763440780.240843, 0.0005197525024414062, -3.1197872161865234, 3.1390018463134766, 1.5685299634933472, -0.0014274120330810547, -1.569803237915039, 0.022522330284118652, -1.5767124321712858, -5.265448449150737, -3.972573452828545, -0.1604260637722934
191, 1763440780.260563, 5.4836273193359375e-05, -3.1196470260620117, 3.139089584350586, 1.568584680557251, -0.0016193389892578125, -1.569803237915039, 0.022445976734161377, -1.5766944083574677, -5.2654235961133065, -3.973086113930954, -0.16123355138685191
192, 1763440780.2674282, 0.00012874603271484375, -3.1195435523986816, 3.139089584350586, 1.5685207843780518, -0.0017927885055541992, -1.569812297821045, 0.022514700889587402, -1.5766428721201398, -5.265458365989315, -3.973214517747043, -0.161414200919058
193, 1763440780.2902699, 8.440017700195312e-05, -3.1194331645965576, 3.139065742492676, 1.5685207843780518, -0.0018932819366455078, -1.5698394775390625, 0.022514700889587402, -1.5764453240742162, -5.2655467636075945, -3.9732219049596935, -0.16146670272765284
194, 1763440780.31495, -4.0531158447265625e-06, -3.1201486587524414, 3.1391375064849854, 1.568621277809143, -0.0017197132110595703, -1.5698304176330566, 0.022560477256774902, -1.5764103963938196, -5.265554885159824, -3.9732139066213543, -0.1613335335018249
195, 1763440780.3360362, 0.0011022090911865234, -3.11887264251709, 3.1390256881713867, 1.56779944896698, -0.0037833452224731445, -1.5700039863586426, 0.021934568881988525, -1.5778114140236787, -5.263716763878874, -3.9723867563070376, -0.16093825075735602
196, 1763440780.355577, -7.772445678710938e-05, -3.1178624629974365, 3.1387939453125, 1.5679455995559692, -0.003235459327697754, -1.5698213577270508, 0.022369682788848877, -1.5800316369261789, -5.262097913590175, -3.971569391586267, -0.16072001398281088
197, 1763440780.3747892, 0.0005490779876708984, -3.1183712482452393, 3.139049768447876, 1.5679364204406738, -0.0029250383377075195, -1.5697388648986816, 0.022682666778564453, -1.583196135987607, -5.260231145705208, -3.970994906775714, -0.162068270706893
198, 1763440780.394187, -0.002187013626098633, -3.118194341659546, 3.1389777660369873, 1.5687856674194336, 0.005859017372131348, -1.5696206092834473, 0.022590994834899902, -1.5869779879681578, -5.258608590732164, -3.970619643459632, -0.1628218225695086
199, 1763440780.420429, 0.0001361370086669922, -3.117832899093628, 3.138730049133301, 1.5682377815246582, 0.0018504858016967773, -1.5696659088134766, 0.022491812705993652, -1.5912132932830982, -5.256666253527882, -3.9699706859434922, -0.1631996007971015
200, 1763440780.4387462, 0.0016698837280273438, -3.1193816661834717, 3.1389777660369873, 1.5675803422927856, -0.00517117977142334, -1.5699400901794434, 0.022369682788848877, -1.594997941502058, -5.254524453921047, -3.9691660397713697, -0.1647158821871768
201, 1763440780.45959, -0.0024008750915527344, -3.1196177005767822, 3.1386501789093018, 1.5691508054733276, -0.00287020206451416, -1.5698580741882324, 0.022644460201263428, -1.5991610200565982, -5.252164190094659, -3.968451551425497, -0.16570823177719873
202, 1763440780.484324, -0.00018835067749023438, -3.1195287704467773, 3.1390576362609863, 1.568539023399353, -0.0028519630432128906, -1.5698490142822266, 0.02201855182647705, -1.604923473076872, -5.24954929287851, -3.968484056986618, -0.1648504054992701
203, 1763440780.505318, 0.0004754066467285156, -3.1190054416656494, 3.1390018463134766, 1.5684568881988525, -0.0036280155181884766, -1.5698490142822266, 0.022484183311462402, -1.607245502356055, -5.248844683772933, -3.9686887637039088, -0.16442010801238993
204, 1763440780.525734, 0.0009987354278564453, -3.118975877761841, 3.1390256881713867, 1.5684477090835571, -0.0036280155181884766, -1.56988525390625, 0.022438347339630127, -1.6149853573600355, -5.246152381600557, -3.969169719948085, -0.1634281180823116
205, 1763440780.5504892, -0.0008742809295654297, -3.119610071182251, 3.1391215324401855, 1.568666934967041, -0.00039565563201904297, -1.5698671340942383, 0.022423088550567627, -1.6196666436273945, -5.242289382728374, -3.968727547699236, -0.16249356983342178
206, 1763440780.571859, 0.0009694099426269531, -3.118931770324707, 3.138857841491699, 1.5683655738830566, -0.000998377799987793, -1.5698580741882324, 0.022514700889587402, -1.6242456234132123, -5.237856658385782, -3.968614586063323, -0.16147401740437228
207, 1763440780.590915, 0.0009324550628662109, -3.1196837425231934, 3.1389858722686768, 1.5683565139770508, -0.0032535791397094727, -1.5698490142822266, 0.022598683834075928, -1.627970538801849, -5.235252481819797, -3.968826876971138, -0.16099301130034505
208, 1763440780.617301, 0.000762939453125, -3.119595527648926, 3.139065742492676, 1.5683655738830566, -0.0026966333389282227, -1.5698394775390625, 0.022575736045837402, -1.632435380207314, -5.2313849782200395, -3.969078816844262, -0.16088401195938928
209, 1763440780.652909, 0.0006966590881347656, -3.119300365447998, 3.1390178203582764, 1.5683107376098633, -0.0024957656860351562, -1.5698490142822266, 0.022499442100524902, -1.6377341987931469, -5.223419460208673, -3.969410906414902, -0.1615706938936201
210, 1763440780.665243, 0.0007555484771728516, -3.119706153869629, 3.1390018463134766, 1.5682103633880615, -0.0028793811798095703, -1.5698304176330566, 0.022514700889587402, -1.6399183956711898, -5.219877705168389, -3.969634773320152, -0.1618669000783015
211, 1763440780.686174, 0.00015807151794433594, -3.1201188564300537, 3.1391055583953857, 1.5679181814193726, -0.002678513526916504, -1.5699949264526367, 0.0221024751663208, -1.6426263209691483, -5.215579418794063, -3.969661010441646, -0.1621204465517767
212, 1763440780.704492, -4.0531158447265625e-06, -3.1197943687438965, 3.139073610305786, 1.5678633451461792, -0.0033267736434936523, -1.5700769424438477, 0.0222628116607666, -1.6451188564801331, -5.2100230400325644, -3.968418691759079, -0.16242292678624537
213, 1763440780.729596, -0.0006899833679199219, -3.119499444961548, 3.1387460231781006, 1.5685938596725464, 0.0009555816650390625, -1.5697574615478516, 0.022705495357513428, -1.64754642421063, -5.20364483767125, -3.9670154094441217, -0.16121714024607137
214, 1763440780.750698, 0.0003941059112548828, -3.120089292526245, 3.138849973678589, 1.5687216520309448, -0.0017287731170654297, -1.569793701171875, 0.022613942623138428, -1.6493635863301144, -5.199670356134659, -3.9662300670060247, -0.1607395864053034
215, 1763440780.7723432, 0.0005342960357666016, -3.119086503982544, 3.139049768447876, 1.568831205368042, -0.0010074377059936523, -1.569803237915039, 0.022392570972442627, -1.6511608359333627, -5.195195538391432, -3.9655557325232924, -0.1601848411841047
216, 1763440780.79214, -0.0007414817810058594, -3.118356466293335, 3.138953924179077, 1.5687490701675415, -0.0004687309265136719, -1.5698394775390625, 0.022438347339630127, -1.652560528161581, -5.19128986299564, -3.965292489082057, -0.1594875958519708
217, 1763440780.8147578, -0.0007119178771972656, -3.119418144226074, 3.1390178203582764, 1.5686759948730469, -0.0005054473876953125, -1.5697665214538574, 0.022514700889587402, -1.654083578511515, -5.18806893041417, -3.965230599554967, -0.1592297981626256
218, 1763440780.837709, 0.00037932395935058594, -3.1196987628936768, 3.1390976905822754, 1.568584680557251, -0.0008065700531005859, -1.569812297821045, 0.022507071495056152, -1.6557093213044538, -5.1847074057206495, -3.9652020459085615, -0.15944861889584505
219, 1763440780.858758, -0.0002181529998779297, -3.1190788745880127, 3.1389219760894775, 1.5686759948730469, -0.0005600452423095703, -1.5698213577270508, 0.02231621742248535, -1.6570128316027954, -5.181624118466836, -3.9651205512784573, -0.15934207274754897
220, 1763440780.886003, -0.00010752677917480469, -3.1195435523986816, 3.1390976905822754, 1.568584680557251, -0.0004961490631103516, -1.5698304176330566, 0.022178828716278076, -1.6582748598096444, -5.17883719541662, -3.964895551980842, -0.1594882854345565
221, 1763440780.905209, -4.076957702636719e-05, -3.119130849838257, 3.139049768447876, 1.568584680557251, -0.0006148815155029297, -1.569803237915039, 0.022568166255950928, -1.6593531888054411, -5.176936104967446, -3.9648952790336627, -0.1596691863461972
222, 1763440780.927999, -0.0001957416534423828, -3.1193740367889404, 3.139049768447876, 1.568621277809143, -0.00058746337890625, -1.5698213577270508, 0.022514700889587402, -1.6603178591210541, -5.175359155566815, -3.964893958714599, -0.15977787267260268
223, 1763440780.953583, -1.8835067749023438e-05, -3.119565963745117, 3.1390178203582764, 1.5686486959457397, -0.00058746337890625, -1.5697846412658691, 0.022529959678649902, -1.6614206618365048, -5.173833180831866, -3.96492890254394, -0.16003175114611334
224, 1763440780.973305, 0.0001361370086669922, -3.1198019981384277, 3.139129638671875, 1.568739891052246, -0.0008158683776855469, -1.5698490142822266, 0.02233147621154785, -1.6623113496330526, -5.17261594886833, -3.964607219729919, -0.16033685840340883
225, 1763440780.994459, 0.0005562305450439453, -3.1195216178894043, 3.1390018463134766, 1.5681190490722656, -0.0011535882949829102, -1.56990385055542, 0.022575736045837402, -1.6628453157428689, -5.171462421981366, -3.9636301707764106, -0.15984185981337262
226, 1763440781.0189319, -0.0007269382476806641, -3.1189980506896973, 3.1388659477233887, 1.5686942338943481, -0.0019936561584472656, -1.5697026252746582, 0.022705495357513428, -1.6633574567750558, -5.170462258724237, -3.962976028582324, -0.1598375407719521
227, 1763440781.0406752, 0.0004162788391113281, -3.118975877761841, 3.1390018463134766, 1.568511724472046, -0.0017563104629516602, -1.5697755813598633, 0.022415459156036377, -1.6642081140670615, -5.169803026488952, -3.9628039094433287, -0.16027232667042846
228, 1763440781.0619771, 2.5510787963867188e-05, -3.1185848712921143, 3.138929843902588, 1.5686120986938477, -0.0015643835067749023, -1.5697388648986816, 0.022568166255950928, -1.6649642738920485, -5.169236484393266, -3.963199723597451, -0.16071154153963096
229, 1763440781.08807, -0.0002694129943847656, -3.1192119121551514, 3.1390416622161865, 1.568374752998352, -0.0021032094955444336, -1.5697846412658691, 0.022552907466888428, -1.6657317244685532, -5.168491906042103, -3.9638826278357873, -0.16103379077582947
230, 1763440781.108918, 1.0728836059570312e-05, -3.1199052333831787, 3.1390817165374756, 1.5685299634933472, -0.0017563104629516602, -1.569793701171875, 0.022507071495056152, -1.6665753535354269, -5.16789172819863, -3.9642100549497954, -0.16142333464399172
231, 1763440781.13396, 0.0003941059112548828, -3.1189613342285156, 3.1390416622161865, 1.5685299634933472, -0.0016832351684570312, -1.569803237915039, 0.022575736045837402, -1.6674610371366883, -5.167441307144942, -3.9645813395429403, -0.16202175795369822
232, 1763440781.156179, -0.00022530555725097656, -3.119455337524414, 3.139009714126587, 1.5684386491775513, -0.00174713134765625, -1.5697846412658691, 0.022476494312286377, -1.668201209823678, -5.167022150093369, -3.964959720652992, -0.16246395693893323
233, 1763440781.176938, -5.5789947509765625e-05, -3.119507074356079, 3.1390817165374756, 1.5684386491775513, -0.001810908317565918, -1.569803237915039, 0.022499442100524902, -1.668879698884406, -5.166645399405711, -3.9653888086433007, -0.1627322087422911
234, 1763440781.201211, 0.00021719932556152344, -3.119455337524414, 3.1390817165374756, 1.5684752464294434, -0.0017379522323608398, -1.569803237915039, 0.022507071495056152, -1.6696286170345707, -5.1664406261497735, -3.9659002058582082, -0.16290247215803522
235, 1763440781.233994, -0.00020313262939453125, -3.1194331645965576, 3.1390817165374756, 1.5684752464294434, -0.001774430274963379, -1.5697846412658691, 0.022499442100524902, -1.6704118560705439, -5.1663956461059275, -3.9663229130274753, -0.16271536830965694
236, 1763440781.247055, -2.6226043701171875e-05, -3.1193740367889404, 3.1390817165374756, 1.5684568881988525, -0.00174713134765625, -1.569812297821045, 0.022484183311462402, -1.6710364027324416, -5.166359690898229, -3.9665955481029327, -0.16233309947650731
237, 1763440781.26578, 0.0002319812774658203, -3.119410991668701, 3.139065742492676, 1.5684294700622559, -0.0017653703689575195, -1.5697846412658691, 0.022507071495056152, -1.671468735146109, -5.166399539151004, -3.9668540360611892, -0.16209232762681225
238, 1763440781.291483, -3.337860107421875e-05, -3.119661808013916, 3.1390416622161865, 1.5684843063354492, -0.0017927885055541992, -1.5697846412658691, 0.022522330284118652, -1.6718012779937994, -5.166431659942456, -3.967040123684496, -0.16189767116178544
239, 1763440781.3088791, 5.4836273193359375e-05, -3.119823932647705, 3.1391215324401855, 1.568539023399353, -0.0017287731170654297, -1.569812297821045, 0.022583425045013428, -1.6719512864343176, -5.166412116063965, -3.9671484742239693, -0.161650011069141
240, 1763440781.3310342, 0.0008661746978759766, -3.1198019981384277, 3.139145612716675, 1.5686395168304443, -0.0020848512649536133, -1.569638729095459, 0.022476494312286377, -1.6720277441643188, -5.166458467759536, -3.9663387445815417, -0.16190795363762067
241, 1763440781.352903, -0.0009331703186035156, -3.119779586791992, 3.138857841491699, 1.5691782236099243, -0.000286102294921875, -1.5697298049926758, 0.022590994834899902, -1.671809058114032, -5.166516763496406, -3.965225856096064, -0.16217521740161978
242, 1763440781.372127, 0.0007185935974121094, -3.1191012859344482, 3.138833999633789, 1.5682651996612549, -5.793571472167969e-05, -1.5697846412658691, 0.022560477256774902, -1.6716369353032512, -5.166394617649092, -3.9647273064774993, -0.1616462926329394
243, 1763440781.39283, 0.00026869773864746094, -3.118821144104004, 3.1390178203582764, 1.5684568881988525, -0.0020210742950439453, -1.56972074508667, 0.022674977779388428, -1.671731022722784, -5.166078545098276, -3.964621992580246, -0.16085827379706163
244, 1763440781.417183, -2.6226043701171875e-05, -3.118983268737793, 3.1389777660369873, 1.5684843063354492, -0.0018018484115600586, -1.5697388648986816, 0.022453665733337402, -1.6718450342434397, -5.165828279613434, -3.964932289675388, -0.16056860323858757
245, 1763440781.434686, 3.0994415283203125e-06, -3.119034767150879, 3.139009714126587, 1.5685756206512451, -0.0014640092849731445, -1.5697388648986816, 0.022468924522399902, -1.671908260447014, -5.165409147097285, -3.9654803519396538, -0.1603693996515494
246, 1763440781.455669, 0.0003867149353027344, -3.1194257736206055, 3.1390178203582764, 1.5684294700622559, -0.0017287731170654297, -1.5697388648986816, 0.022545218467712402, -1.6721476417415413, -5.164817614121774, -3.9660285102970394, -0.16009124851343604
247, 1763440781.4804292, 0.0004456043243408203, -3.119602918624878, 3.139073610305786, 1.568329095840454, -0.002194643020629883, -1.5697665214538574, 0.022507071495056152, -1.672471322679795, -5.164381410699823, -3.9664068509186365, -0.16022406451654447
248, 1763440781.501193, 8.440017700195312e-05, -3.1191823482513428, 3.139049768447876, 1.56842041015625, -0.002158045768737793, -1.5697574615478516, 0.022514700889587402, -1.6727265387606565, -5.164042122562622, -3.966732945528483, -0.16029900465700386
249, 1763440781.521058, 6.985664367675781e-05, -3.119396448135376, 3.139065742492676, 1.5684294700622559, -0.0018476247787475586, -1.5697298049926758, 0.022522330284118652, -1.6730202089647814, -5.163006230663787, -3.967248551061768, -0.15985037040969274
250, 1763440781.5396428, 0.00020241737365722656, -3.1193225383758545, 3.139065742492676, 1.5684294700622559, -0.0018292665481567383, -1.5697755813598633, 0.022507071495056152, -1.673244812372146, -5.162151994533983, -3.967600859222581, -0.15947464607060802
251, 1763440781.564662, 0.00014352798461914062, -3.1194698810577393, 3.139073610305786, 1.5684020519256592, -0.0019478797912597656, -1.5697755813598633, 0.022529959678649902, -1.673549195229738, -5.161366231380534, -3.967901513370591, -0.15919156852285354
252, 1763440781.583787, 0.0001506805419921875, -3.119499444961548, 3.139065742492676, 1.568466067314148, -0.0018292665481567383, -1.5697755813598633, 0.022507071495056152, -1.6737731443135657, -5.160685571869124, -3.9679758071666225, -0.15936110442188856
253, 1763440781.60905, 0.00014352798461914062, -3.1193816661834717, 3.139073610305786, 1.5684934854507446, -0.0018292665481567383, -1.5697665214538574, 0.022507071495056152, -1.6739769864579555, -5.159479136430457, -3.9679681777509783, -0.1599413621553989
254, 1763440781.6321092, -4.839897155761719e-05, -3.1192784309387207, 3.1390576362609863, 1.5684568881988525, -0.0018657445907592773, -1.5697574615478516, 0.022499442100524902, -1.6740201071745975, -5.158227026102072, -3.968057136808989, -0.16052278071909143
255, 1763440781.652986, 0.0001506805419921875, -3.1195881366729736, 3.1390416622161865, 1.5684477090835571, -0.0018841028213500977, -1.5697755813598633, 0.022522330284118652, -1.674098165459448, -5.1571022861810745, -3.9681263354642353, -0.16127221580655604
256, 1763440781.67824, 6.222724914550781e-05, -3.119978666305542, 3.139129638671875, 1.568466067314148, -0.001664876937866211, -1.569793701171875, 0.022415459156036377, -1.6740513448171797, -5.155657819368909, -3.967961484225529, -0.16211931998858553
257, 1763440781.701958, -0.00031375885009765625, -3.120177984237671, 3.1391615867614746, 1.5686030387878418, -0.0012084245681762695, -1.56972074508667, 0.022545218467712402, -1.6744076716817653, -5.15381695461298, -3.966754963663248, -0.16295824865167763
258, 1763440781.721371, 0.0006079673767089844, -3.1182751655578613, 3.1389858722686768, 1.56842041015625, -0.0019023418426513672, -1.569812297821045, 0.022445976734161377, -1.6748551473162654, -5.152488418266777, -3.966214692672996, -0.1641109249756525
259, 1763440781.746767, -0.0002181529998779297, -3.1184375286102295, 3.139009714126587, 1.5683565139770508, -0.002486705780029297, -1.5697846412658691, 0.022484183311462402, -1.6748727901795086, -5.151489913827017, -3.965886715738039, -0.16471620149548638
260, 1763440781.767683, -0.0007119178771972656, -3.1192784309387207, 3.1390018463134766, 1.5686395168304443, -0.002039313316345215, -1.5697665214538574, 0.022575736045837402, -1.6746183054034862, -5.150953004913545, -3.9656005711909406, -0.1645957369336566
261, 1763440781.7916071, 0.0006079673767089844, -3.119455337524414, 3.1390416622161865, 1.5684843063354492, -0.001856684684753418, -1.5697484016418457, 0.022499442100524902, -1.674389958242585, -5.150505216416918, -3.965394539295015, -0.16377000952375553
262, 1763440781.81305, 8.440017700195312e-05, -3.11930775642395, 3.138993740081787, 1.5685207843780518, -0.0016832351684570312, -1.5697755813598633, 0.022507071495056152, -1.6742448431430874, -5.150431091742944, -3.9653581740750448, -0.16271287721945615
263, 1763440781.83817, -0.00010752677917480469, -3.119389057159424, 3.139065742492676, 1.5684752464294434, -0.0016467571258544922, -1.5697846412658691, 0.022507071495056152, -1.673956573286606, -5.150475520370356, -3.9653878237466658, -0.16192960207013485
264, 1763440781.8667278, 0.0002541542053222656, -3.1194405555725098, 3.1390817165374756, 1.5685299634933472, -0.0016283988952636719, -1.5697755813598633, 0.022484183311462402, -1.673520844423812, -5.150718539912862, -3.9653191840706348, -0.16152077635955653
265, 1763440781.87764, 0.000209808349609375, -3.119396448135376, 3.139073610305786, 1.5685299634933472, -0.0016832351684570312, -1.5697846412658691, 0.022476494312286377, -1.6733966143922392, -5.150802820743857, -3.965293596929501, -0.16156341783835337
266, 1763440781.902674, 6.222724914550781e-05, -3.119396448135376, 3.1390576362609863, 1.5684477090835571, -0.0017287731170654297, -1.5697574615478516, 0.022499442100524902, -1.673032341346206, -5.151100421805931, -3.9651911933637396, -0.16194406060194932
267, 1763440781.922048, 4.00543212890625e-05, -3.1194405555725098, 3.1390576362609863, 1.5684934854507446, -0.00174713134765625, -1.5697665214538574, 0.022507071495056152, -1.6727924965594045, -5.151308829808267, -3.9651409506239546, -0.16229615316056023
268, 1763440781.944125, 6.985664367675781e-05, -3.11940336227417, 3.139073610305786, 1.5684843063354492, -0.001710653305053711, -1.569793701171875, 0.022507071495056152, -1.6725261190366143, -5.1515663569301635, -3.9651323857485514, -0.16267335577216713
269, 1763440781.968848, 1.811981201171875e-05, -3.119389057159424, 3.139073610305786, 1.5684752464294434, -0.001774430274963379, -1.5697574615478516, 0.022491812705993652, -1.6722108535515021, -5.151852781900397, -3.965111696108871, -0.16284086429776856
270, 1763440781.988544, 6.985664367675781e-05, -3.119389057159424, 3.139073610305786, 1.568466067314148, -0.0017379522323608398, -1.5697755813598633, 0.022514700889587402, -1.6718794954475373, -5.152135898561396, -3.9650516294274265, -0.16277224260486634
271, 1763440782.0119429, 4.00543212890625e-05, -3.1194257736206055, 3.139073610305786, 1.568466067314148, -0.0017379522323608398, -1.5697846412658691, 0.022499442100524902, -1.6715802043332526, -5.152376652953622, -3.9649688926368745, -0.1625568877196688
272, 1763440782.034732, 8.440017700195312e-05, -3.119447946548462, 3.139065742492676, 1.5684752464294434, -0.0017653703689575195, -1.5697574615478516, 0.022507071495056152, -1.6712217573834525, -5.152652864522755, -3.9648371630024806, -0.16223511540883173
273, 1763440782.060811, 0.00011372566223144531, -3.119389057159424, 3.139065742492676, 1.5684934854507446, -0.00174713134765625, -1.5697665214538574, 0.022514700889587402, -1.6707877948071332, -5.1529650659219035, -3.964731158573171, -0.16196681270879054
274, 1763440782.086151, 4.744529724121094e-05, -3.119418144226074, 3.1390576362609863, 1.5684934854507446, -0.0017287731170654297, -1.5697755813598633, 0.022514700889587402, -1.670485605090269, -5.153168476357288, -3.9646988098768663, -0.16184224346256926
275, 1763440782.104741, 6.222724914550781e-05, -3.119410991668701, 3.139065742492676, 1.5684843063354492, -0.001710653305053711, -1.5697574615478516, 0.022468924522399902, -1.6700638397034517, -5.1534419422461015, -3.964666338736755, -0.1617706840007891
276, 1763440782.124662, 6.985664367675781e-05, -3.1193668842315674, 3.139073610305786, 1.5684843063354492, -0.0017379522323608398, -1.5697846412658691, 0.022507071495056152, -1.6697018437609106, -5.153682957738309, -3.9646172071415724, -0.1617726971534763
277, 1763440782.1517062, 4.744529724121094e-05, -3.1194331645965576, 3.139065742492676, 1.5684752464294434, -0.0017197132110595703, -1.5697755813598633, 0.022491812705993652, -1.669356850760613, -5.153926357183416, -3.9645468616946054, -0.161755737582566
278, 1763440782.171322, 7.724761962890625e-05, -3.1193816661834717, 3.1390817165374756, 1.568466067314148, -0.0017653703689575195, -1.569793701171875, 0.022507071495056152, -1.6689730306186807, -5.154252232385435, -3.9644570092863822, -0.16173604066355907
279, 1763440782.1939762, 4.744529724121094e-05, -3.1193816661834717, 3.139065742492676, 1.5684843063354492, -0.0017287731170654297, -1.5697665214538574, 0.022499442100524902, -1.6686444100876292, -5.154560087928959, -3.964382011352408, -0.16169536065152812
280, 1763440782.217953, 6.222724914550781e-05, -3.1194331645965576, 3.139073610305786, 1.5684752464294434, -0.0017379522323608398, -1.5697484016418457, 0.022499442100524902, -1.6682729555370723, -5.15493169394346, -3.964302459079562, -0.16161988427073926
281, 1763440782.237792, 6.222724914550781e-05, -3.119389057159424, 3.139073610305786, 1.5684934854507446, -0.001710653305053711, -1.5697484016418457, 0.022499442100524902, -1.667941595713967, -5.155279694281174, -3.96423912354964, -0.16156348009600752
282, 1763440782.262885, 6.985664367675781e-05, -3.119410991668701, 3.139073610305786, 1.5684752464294434, -0.0017379522323608398, -1.5697484016418457, 0.022514700889587402, -1.667512899332195, -5.155726828619764, -3.964195477563522, -0.16149716883717247
283, 1763440782.2871869, 7.724761962890625e-05, -3.11940336227417, 3.139065742492676, 1.5684752464294434, -0.001710653305053711, -1.5697755813598633, 0.022522330284118652, -1.6672289773319204, -5.15600997598976, -3.964166718688333, -0.16141779626595465
284, 1763440782.304896, 5.4836273193359375e-05, -3.119410991668701, 3.139073610305786, 1.568466067314148, -0.00174713134765625, -1.5697298049926758, 0.022499442100524902, -1.6668604619564962, -5.156388208176782, -3.964112345865759, -0.16130684138787377
285, 1763440782.326407, 8.440017700195312e-05, -3.119410991668701, 3.1390817165374756, 1.568466067314148, -0.00174713134765625, -1.5697484016418457, 0.022514700889587402, -1.6666074123709562, -5.156679579228035, -3.964094650437434, -0.16122200348098126
286, 1763440782.3529332, 6.985664367675781e-05, -3.1193740367889404, 3.139073610305786, 1.5684752464294434, -0.0017379522323608398, -1.5697846412658691, 0.022514700889587402, -1.6662287000793712, -5.157121839181392, -3.964062401891137, -0.16112967503416797
287, 1763440782.371577, 6.222724914550781e-05, -3.119410991668701, 3.139073610305786, 1.5684843063354492, -0.00174713134765625, -1.5697846412658691, 0.022484183311462402, -1.665937253517501, -5.157465709430225, -3.964038158634417, -0.1610711481026348
288, 1763440782.393782, 5.4836273193359375e-05, -3.119396448135376, 3.139073610305786, 1.568511724472046, -0.0017287731170654297, -1.5697846412658691, 0.022499442100524902, -1.6656522512668492, -5.15779184006735, -3.9640142261721443, -0.1610260798264216
289, 1763440782.420404, 6.222724914550781e-05, -3.119359254837036, 3.139065742492676, 1.568466067314148, -0.0017287731170654297, -1.5697574615478516, 0.022507071495056152, -1.6652851409243077, -5.158192365101754, -3.9639926476219194, -0.1609075159475193
290, 1763440782.441254, 5.4836273193359375e-05, -3.119418144226074, 3.139073610305786, 1.568466067314148, -0.001774430274963379, -1.5697484016418457, 0.022507071495056152, -1.6649944565420114, -5.15851723366277, -3.9639964560585734, -0.1608034384298591
291, 1763440782.4584389, 6.222724914550781e-05, -3.119410991668701, 3.139065742492676, 1.5684934854507446, -0.0017197132110595703, -1.5697484016418457, 0.022507071495056152, -1.664794392038963, -5.158735160232139, -3.9639994103576033, -0.16073852618719808
292, 1763440782.4865952, 9.179115295410156e-05, -3.119352102279663, 3.139065742492676, 1.5684934854507446, -0.0017563104629516602, -1.5697755813598633, 0.022499442100524902, -1.6644132754881622, -5.15907993677526, -3.9640198877640236, -0.1606221678063573
293, 1763440782.5024261, 6.985664367675781e-05, -3.119396448135376, 3.139073610305786, 1.568466067314148, -0.0017563104629516602, -1.5697846412658691, 0.022499442100524902, -1.6642859315522185, -5.159193515777955, -3.9640336939180383, -0.16059864683762282
294, 1763440782.522212, 6.985664367675781e-05, -3.119418144226074, 3.139073610305786, 1.5684752464294434, -0.0017287731170654297, -1.5697574615478516, 0.022491812705993652, -1.6638763318038505, -5.15958515443995, -3.9641076228102894, -0.16058455508705016
295, 1763440782.543152, 9.179115295410156e-05, -3.1193740367889404, 3.139065742492676, 1.5684752464294434, -0.00174713134765625, -1.5697846412658691, 0.022507071495056152, -1.6636294980694037, -5.15980403973851, -3.964141896201059, -0.1605625025220867
296, 1763440782.5740821, 6.985664367675781e-05, -3.119418144226074, 3.139065742492676, 1.5684752464294434, -0.0017287731170654297, -1.5697665214538574, 0.022507071495056152, -1.6631941486524853, -5.160164415387163, -3.9641367469130726, -0.1605665982293667
297, 1763440782.588945, 8.440017700195312e-05, -3.119389057159424, 3.1390817165374756, 1.568466067314148, -0.0017197132110595703, -1.5697574615478516, 0.022491812705993652, -1.6630439525328686, -5.160282662903126, -3.964123582451983, -0.1605770650400844
298, 1763440782.610032, 2.5510787963867188e-05, -3.119396448135376, 3.139065742492676, 1.5684752464294434, -0.00174713134765625, -1.5697665214538574, 0.022476494312286377, -1.6626899761619138, -5.160529138715332, -3.9641016098914186, -0.16054602789575956
299, 1763440782.631258, 6.985664367675781e-05, -3.1194331645965576, 3.1390817165374756, 1.5684752464294434, -0.00174713134765625, -1.5697574615478516, 0.022499442100524902, -1.662460643057061, -5.160688644680044, -3.964102321846118, -0.1605055127771049
300, 1763440782.652579, 9.179115295410156e-05, -3.119389057159424, 3.139065742492676, 1.5684934854507446, -0.0017287731170654297, -1.5697388648986816, 0.022499442100524902, -1.6621666370417816, -5.160917922883165, -3.9641077851934168, -0.1604786463519572
301, 1763440782.6803021, 5.4836273193359375e-05, -3.1194257736206055, 3.1390817165374756, 1.5685025453567505, -0.0017563104629516602, -1.5697846412658691, 0.022468924522399902, -1.6619123541605605, -5.1611281912656475, -3.964105400714744, -0.1604461512014579
302, 1763440782.699548, 7.724761962890625e-05, -3.119410991668701, 3.139073610305786, 1.5684752464294434, -0.00174713134765625, -1.5697574615478516, 0.022491812705993652, -1.6616366922249939, -5.161355683010861, -3.9640961788645837, -0.16044229552750355
303, 1763440782.7224479, 6.222724914550781e-05, -3.119396448135376, 3.139065742492676, 1.5684752464294434, -0.0017653703689575195, -1.569793701171875, 0.022491812705993652, -1.6613729604585958, -5.161557947011689, -3.964084145150982, -0.16042743093556844
304, 1763440782.7380989, 6.985664367675781e-05, -3.119389057159424, 3.139065742492676, 1.5684752464294434, -0.0017379522323608398, -1.5697665214538574, 0.022499442100524902, -1.6612115132767113, -5.161686197203452, -3.96408301802802, -0.1604131605050263
305, 1763440782.7623181, 6.985664367675781e-05, -3.11940336227417, 3.139073610305786, 1.5684843063354492, -0.0017287731170654297, -1.5697574615478516, 0.022499442100524902, -1.6609606352119766, -5.161886517287332, -3.9640821040372995, -0.16037794173744135
306, 1763440782.78465, 5.4836273193359375e-05, -3.119396448135376, 3.139065742492676, 1.5684752464294434, -0.0017563104629516602, -1.5697484016418457, 0.022522330284118652, -1.6607380349840475, -5.162064807264085, -3.9640870593658684, -0.1603407527154168
307, 1763440782.804563, 7.724761962890625e-05, -3.119410991668701, 3.139073610305786, 1.5684752464294434, -0.001710653305053711, -1.5697665214538574, 0.022507071495056152, -1.660679486673612, -5.162237342907816, -3.96411526191366, -0.16036447449600466
308, 1763440782.8286788, 6.985664367675781e-05, -3.119396448135376, 3.139073610305786, 1.568466067314148, -0.0017287731170654297, -1.5697755813598633, 0.022499442100524902, -1.6607275536106043, -5.162351405460672, -3.9641286740242627, -0.16044774685388674
309, 1763440782.850379, 6.985664367675781e-05, -3.1194331645965576, 3.1390817165374756, 1.5684752464294434, -0.0017287731170654297, -1.5697846412658691, 0.022499442100524902, -1.6603702366348474, -5.162506952919809, -3.964111860837898, -0.16056249582154258
310, 1763440782.8711529, 7.724761962890625e-05, -3.1194331645965576, 3.139073610305786, 1.5684477090835571, -0.0017379522323608398, -1.5697574615478516, 0.022499442100524902, -1.6603370803859732, -5.162621946982148, -3.9641075983345697, -0.16067138057757546
311, 1763440782.896533, 4.00543212890625e-05, -3.11940336227417, 3.1390817165374756, 1.5684752464294434, -0.0017563104629516602, -1.569793701171875, 0.022499442100524902, -1.660277790746436, -5.162821312084228, -3.96410732447082, -0.1607455089122931
312, 1763440782.915322, 6.985664367675781e-05, -3.1194331645965576, 3.1390817165374756, 1.5684752464294434, -0.0017287731170654297, -1.5697665214538574, 0.022507071495056152, -1.6598962990442179, -5.163038876524551, -3.964084293994947, -0.1607721076015327
313, 1763440782.9389892, 6.222724914550781e-05, -3.1193740367889404, 3.139073610305786, 1.568466067314148, -0.00174713134765625, -1.5697665214538574, 0.022507071495056152, -1.6597778044905567, -5.163248720783254, -3.9640939090673144, -0.16072118788830903
314, 1763440782.962743, 6.222724914550781e-05, -3.119418144226074, 3.1390817165374756, 1.5684934854507446, -0.00174713134765625, -1.5697574615478516, 0.022507071495056152, -1.65953831671558, -5.163590877592945, -3.964121664813965, -0.1606487171141202
315, 1763440782.983812, 6.985664367675781e-05, -3.119396448135376, 3.139073610305786, 1.5684843063354492, -0.0017197132110595703, -1.5697755813598633, 0.022499442100524902, -1.6590531504234545, -5.163802299577837, -3.9640982052156644, -0.16062815363388339
316, 1763440783.008435, 5.4836273193359375e-05, -3.119410991668701, 3.139073610305786, 1.568466067314148, -0.0017563104629516602, -1.5697574615478516, 0.022491812705993652, -1.6589212611771356, -5.1639937325462855, -3.964069903779107, -0.1605612200276081
317, 1763440783.030113, 7.724761962890625e-05, -3.119418144226074, 3.139065742492676, 1.5684843063354492, -0.00174713134765625, -1.5697388648986816, 0.022522330284118652, -1.6586601817472626, -5.164204544013341, -3.9640435929697104, -0.16053935621142212
318, 1763440783.0496771, 9.179115295410156e-05, -3.119389057159424, 3.139073610305786, 1.5684752464294434, -0.0017287731170654297, -1.5697846412658691, 0.022491812705993652, -1.6581848240104315, -5.164387889490425, -3.9640228408938847, -0.1605445316350833
319, 1763440783.0732648, 5.4836273193359375e-05, -3.119418144226074, 3.1390817165374756, 1.5684752464294434, -0.0017287731170654297, -1.5697755813598633, 0.022507071495056152, -1.6580347558251463, -5.164514086826061, -3.9640365865598826, -0.1605911726237883
320, 1763440783.1000378, 6.222724914550781e-05, -3.119396448135376, 3.139065742492676, 1.5684752464294434, -0.0017653703689575195, -1.5697388648986816, 0.022507071495056152, -1.6577303506780967, -5.164738997117452, -3.9640725435595354, -0.16063535868522116
321, 1763440783.119274, 6.985664367675781e-05, -3.119396448135376, 3.1390817165374756, 1.568466067314148, -0.0017197132110595703, -1.5697574615478516, 0.022514700889587402, -1.6573859648886813, -5.164897924029781, -3.964085884830706, -0.1607303798166777
322, 1763440783.140992, 6.985664367675781e-05, -3.119396448135376, 3.1390817165374756, 1.5684843063354492, -0.0017563104629516602, -1.5697665214538574, 0.022499442100524902, -1.6573361251368928, -5.164985663159378, -3.964106986544263, -0.16081855114742272
323, 1763440783.164602, 6.985664367675781e-05, -3.1194257736206055, 3.139065742492676, 1.568466067314148, -0.00174713134765625, -1.5697484016418457, 0.022507071495056152, -1.6570793303849851, -5.165118372506342, -3.964116710861958, -0.1608496932005936
324, 1763440783.187912, 6.222724914550781e-05, -3.119410991668701, 3.139065742492676, 1.5684386491775513, -0.0017563104629516602, -1.5697484016418457, 0.022499442100524902, -1.6567616400437286, -5.165254566219034, -3.9641112933207787, -0.16080516537660117
325, 1763440783.208608, 6.222724914550781e-05, -3.119410991668701, 3.139073610305786, 1.5684934854507446, -0.0017287731170654297, -1.5697755813598633, 0.022484183311462402, -1.6567591137178683, -5.165363421036712, -3.964117796418171, -0.1607553655732641
326, 1763440783.232459, 5.4836273193359375e-05, -3.119389057159424, 3.139073610305786, 1.568466067314148, -0.0017379522323608398, -1.5697484016418457, 0.022514700889587402, -1.6565704270082016, -5.165455828194293, -3.9641114557465076, -0.16069514059165613
327, 1763440783.25509, 7.724761962890625e-05, -3.119396448135376, 3.1390817165374756, 1.5684843063354492, -0.00174713134765625, -1.5697574615478516, 0.022491812705993652, -1.6563201880058571, -5.165534359007463, -3.9641056098891467, -0.1606150837965794
328, 1763440783.2778492, 4.744529724121094e-05, -3.119410991668701, 3.139073610305786, 1.5684752464294434, -0.0017379522323608398, -1.5697574615478516, 0.022522330284118652, -1.6563011199959754, -5.165610360498645, -3.9641124525487355, -0.1605930417736774
329, 1763440783.302242, 5.4836273193359375e-05, -3.119389057159424, 3.139073610305786, 1.5684752464294434, -0.00174713134765625, -1.5697665214538574, 0.022514700889587402, -1.6560854198238577, -5.165694540810097, -3.9641074265367076, -0.16063547583383642
330, 1763440783.3273149, 6.985664367675781e-05, -3.119410991668701, 3.1390817165374756, 1.5684843063354492, -0.00174713134765625, -1.5697574615478516, 0.022484183311462402, -1.6559697409390874, -5.165759561846678, -3.964110288380999, -0.1607495433213142
331, 1763440783.347604, 0.0004532337188720703, -3.119462728500366, 3.1390976905822754, 1.5684386491775513, -0.001856684684753418, -1.5697665214538574, 0.022499442100524902, -1.6564213181081462, -5.165647306551888, -3.9642312327345497, -0.16099728921503598
332, 1763440783.369023, -9.989738464355469e-05, -3.1189022064208984, 3.1390416622161865, 1.5684477090835571, -0.0015643835067749023, -1.5697755813598633, 0.022514700889587402, -1.6566516115943832, -5.1652320082414604, -3.964235151442316, -0.1612592633105825
333, 1763440783.398369, 0.0001728534698486328, -3.1191749572753906, 3.139065742492676, 1.568374752998352, -0.0017563104629516602, -1.5697755813598633, 0.022507071495056152, -1.6575277869207257, -5.164834885643133, -3.9642842115877737, -0.16141269552424564
334, 1763440783.452258, -0.0002474784851074219, -3.1197502613067627, 3.1391055583953857, 1.5685664415359497, 0.0001246929168701172, -1.56972074508667, 0.022514700889587402, -1.6591127139883175, -5.165059153791608, -3.9645576103339883, -0.16115567783655305
335, 1763440783.471211, -0.00012946128845214844, -3.1196470260620117, 3.139065742492676, 1.5686577558517456, -0.0010714530944824219, -1.56972074508667, 0.022507071495056152, -1.659750093352292, -5.166645636714248, -3.9646671374056304, -0.1608079568884646
336, 1763440783.499309, -0.00010752677917480469, -3.119668960571289, 3.139073610305786, 1.5685756206512451, -0.0008614063262939453, -1.5697484016418457, 0.022514700889587402, -1.6598989694114057, -5.168076237272044, -3.9645985529935506, -0.160203146283032
337, 1763440783.509325, 0.0005562305450439453, -3.1196837425231934, 3.1391055583953857, 1.5684752464294434, -0.0012813806533813477, -1.5697574615478516, 0.022537589073181152, -1.6598730909421597, -5.168384670552737, -3.964550140815364, -0.16020190934100142
338, 1763440783.529384, 0.001316070556640625, -3.119130849838257, 3.1390256881713867, 1.5681190490722656, -0.00399327278137207, -1.5700130462646484, 0.02228569984436035, -1.6593271901086, -5.170251489147568, -3.9640021241970578, -0.16063724704144988
339, 1763440783.5554078, -0.0009407997131347656, -3.119713544845581, 3.138969898223877, 1.5687308311462402, 0.0005903244018554688, -1.5696754455566406, 0.022613942623138428, -1.65884759336338, -5.172303588812122, -3.9634206410499053, -0.16008712562405591
340, 1763440783.5768478, 0.00014352798461914062, -3.1199421882629395, 3.139113664627075, 1.5685572624206543, -0.0011627674102783203, -1.5698213577270508, 0.022568166255950928, -1.6591170223042664, -5.173551957524985, -3.9627174474370546, -0.15975565506014178
341, 1763440783.600362, 0.0003941059112548828, -3.11867356300354, 3.1389617919921875, 1.5686759948730469, -0.001299738883972168, -1.5697574615478516, 0.022491812705993652, -1.659553041098988, -5.174734181343412, -3.962429337650347, -0.15958489253103814
342, 1763440783.623893, 0.00012874603271484375, -3.1188137531280518, 3.138993740081787, 1.5686304569244385, -0.0015004873275756836, -1.5697755813598633, 0.022552907466888428, -1.660045673036833, -5.176000292834494, -3.962263398713199, -0.15979343906776666
343, 1763440783.64575, 0.00016546249389648438, -3.1196470260620117, 3.1389379501342773, 1.568739891052246, -0.0015279054641723633, -1.5697388648986816, 0.022537589073181152, -1.660704178570357, -5.176960661487001, -3.9621371684051985, -0.16063854288557078
344, 1763440783.666193, 3.2901763916015625e-05, -3.1191678047180176, 3.139065742492676, 1.568621277809143, -0.0018841028213500977, -1.5698490142822266, 0.022529959678649902, -1.6613345956867032, -5.17771886359602, -3.9621839190658013, -0.16106440626261698
345, 1763440783.687113, -0.00014400482177734375, -3.1189539432525635, 3.139009714126587, 1.5685938596725464, -0.0018292665481567383, -1.5697755813598633, 0.022514700889587402, -1.6620425065300635, -5.178546094521735, -3.9622650622419626, -0.1610722817838992
346, 1763440783.709099, 0.0003426074981689453, -3.119558572769165, 3.139065742492676, 1.5686120986938477, -0.0018018484115600586, -1.5697846412658691, 0.022461235523223877, -1.663144691440397, -5.179684546756155, -3.9622723153580734, -0.16118862695196334
347, 1763440783.7317529, 0.00020241737365722656, -3.119513988494873, 3.1391055583953857, 1.5685938596725464, -0.001820206642150879, -1.5697846412658691, 0.022545218467712402, -1.6641629426837856, -5.1804539765154285, -3.962092172011634, -0.16127804728826067
348, 1763440783.757587, -0.00010752677917480469, -3.1189980506896973, 3.1390416622161865, 1.568584680557251, -0.001810908317565918, -1.569803237915039, 0.022522330284118652, -1.6652162399152162, -5.181350864828586, -3.9619442733975556, -0.1609785530724226
349, 1763440783.778243, -4.839897155761719e-05, -3.119418144226074, 3.1390576362609863, 1.568739891052246, -0.0016739368438720703, -1.5697755813598633, 0.022484183311462402, -1.666264499942502, -5.182459814278377, -3.9618512684209457, -0.16068706308696967
350, 1763440783.801412, 0.0001804828643798828, -3.119507074356079, 3.139065742492676, 1.568621277809143, -0.0017287731170654297, -1.5697574615478516, 0.022514700889587402, -1.6677881297715036, -5.183971751988105, -3.9618050849374558, -0.16041640025842874
351, 1763440783.823814, 0.00023937225341796875, -3.1199052333831787, 3.139129638671875, 1.5688129663467407, -0.0018476247787475586, -1.5697484016418457, 0.0223085880279541, -1.6688474154331323, -5.184909657831093, -3.961385501903472, -0.16047171675756822
352, 1763440783.842696, 0.0006303787231445312, -3.119713544845581, 3.139129638671875, 1.5685938596725464, -0.0009800195693969727, -1.5698394775390625, 0.022522330284118652, -1.6698109802310066, -5.185945227579153, -3.9604881480639356, -0.16005158558676413
353, 1763440783.866171, -1.8835067749023438e-05, -3.1195435523986816, 3.138833999633789, 1.568758249282837, -0.0021396875381469727, -1.56972074508667, 0.022713184356689453, -1.6707183612531953, -5.187014997217548, -3.959507214278432, -0.16082010805552294
354, 1763440783.888785, -4.0531158447265625e-06, -3.119809150695801, 3.1389458179473877, 1.5684934854507446, -0.00045049190521240234, -1.5697388648986816, 0.022606253623962402, -1.6713639801513482, -5.1875680460184155, -3.959155294127432, -0.16103578999845158
355, 1763440783.9121, 2.5510787963867188e-05, -3.11867356300354, 3.1388099193573, 1.568511724472046, -0.0014549493789672852, -1.569812297821045, 0.022568166255950928, -1.6728016642822194, -5.188779729631901, -3.9589455692119877, -0.1615131175105411
356, 1763440783.9360828, 3.0994415283203125e-06, -3.11940336227417, 3.139009714126587, 1.568383812904358, -0.0022127628326416016, -1.5698304176330566, 0.022453665733337402, -1.673495456065752, -5.189281846149771, -3.959057429700017, -0.161429283581775
357, 1763440783.959313, 0.00010657310485839844, -3.119668960571289, 3.139089584350586, 1.5684843063354492, -0.00170135498046875, -1.5697665214538574, 0.022575736045837402, -1.674512073575796, -5.1899379807539665, -3.9592291993370035, -0.1609856943696668
358, 1763440783.9809349, 0.0005197525024414062, -3.118680953979492, 3.1390178203582764, 1.5684568881988525, -0.0015097856521606445, -1.5698304176330566, 0.022514700889587402, -1.6752134953087974, -5.19048894441123, -3.959513266229384, -0.16096162254214796
359, 1763440784.004668, 6.985664367675781e-05, -3.119462728500366, 3.1391055583953857, 1.5683929920196533, -0.0017653703689575195, -1.5698580741882324, 0.022568166255950928, -1.6756703984374905, -5.19071806232679, -3.9595676956710313, -0.16121438647261943
360, 1763440784.0275462, 1.811981201171875e-05, -3.1197428703308105, 3.1390576362609863, 1.568466067314148, -0.0016283988952636719, -1.569793701171875, 0.022484183311462402, -1.676216894879906, -5.190581438434285, -3.9592877515323197, -0.16149120710107745
361, 1763440784.049564, 0.00031304359436035156, -3.119492292404175, 3.139065742492676, 1.5684477090835571, -0.0016467571258544922, -1.569812297821045, 0.022499442100524902, -1.6768775155164934, -5.190485857348278, -3.9589681174004805, -0.16148508959034213
362, 1763440784.071588, 0.00016546249389648438, -3.1183712482452393, 3.1388180255889893, 1.5683199167251587, -0.003007173538208008, -1.5698490142822266, 0.022476494312286377, -1.6776363527633937, -5.190483623739991, -3.9594287988848156, -0.1605958068934763
363, 1763440784.093932, -0.00042438507080078125, -3.119352102279663, 3.139073610305786, 1.5684843063354492, -0.0026236772537231445, -1.5698394775390625, 0.022545218467712402, -1.678248187866896, -5.190343392303095, -3.960300666816936, -0.15981843595314693
364, 1763440784.114111, 0.0011243820190429688, -3.1198978424072266, 3.1391375064849854, 1.568539023399353, -0.0007791519165039062, -1.5697846412658691, 0.022583425045013428, -1.6790811712769045, -5.190078069677089, -3.9607309336770444, -0.1603625277501468
365, 1763440784.136405, 0.0012423992156982422, -3.1194405555725098, 3.1390976905822754, 1.5685664415359497, -0.0008980035781860352, -1.569793701171875, 0.022499442100524902, -1.6800532778123287, -5.189608027036748, -3.9606756759152804, -0.1626343630426872
366, 1763440784.1605299, 0.0005047321319580078, -3.1196396350860596, 3.1390178203582764, 1.5681008100509644, -0.0034363269805908203, -1.5698394775390625, 0.022590994834899902, -1.6809402337371562, -5.188977075587719, -3.9594772324147396, -0.1652001325523731
367, 1763440784.183861, -0.002275705337524414, -3.1195807456970215, 3.1388819217681885, 1.568666934967041, -0.0028154850006103516, -1.5698213577270508, 0.022499442100524902, -1.681545876379824, -5.1886106508605865, -3.958498098003147, -0.1658507905024189
368, 1763440784.21598, -0.0003726482391357422, -3.1190128326416016, 3.1388819217681885, 1.5684112310409546, -0.0023314952850341797, -1.56988525390625, 0.022514700889587402, -1.6823557441685661, -5.187858447911703, -3.95790491292221, -0.16459956128218867
369, 1763440784.229086, 0.0009250640869140625, -3.119034767150879, 3.139033794403076, 1.5682103633880615, -0.002751588821411133, -1.5699219703674316, 0.022522330284118652, -1.6830985977031996, -5.187232274884912, -3.958100980167162, -0.16329129062488956
370, 1763440784.2526562, 7.724761962890625e-05, -3.11904239654541, 3.138993740081787, 1.568466067314148, -0.0016922950744628906, -1.5698213577270508, 0.022514700889587402, -1.6836994102107852, -5.186668003990028, -3.958658547535558, -0.16195411408518012
371, 1763440784.274563, 4.00543212890625e-05, -3.11940336227417, 3.1390018463134766, 1.5684020519256592, -0.0017837285995483398, -1.5698394775390625, 0.022522330284118652, -1.6843388728339856, -5.18602222230231, -3.9593736033911533, -0.16058479882929522
372, 1763440784.299901, 0.0003867149353027344, -3.119661808013916, 3.1390817165374756, 1.5682560205459595, -0.001856684684753418, -1.569894790649414, 0.022423088550567627, -1.6850712069819922, -5.185029131463599, -3.9601041322043624, -0.1596050910319624
373, 1763440784.3353531, -6.318092346191406e-05, -3.1192562580108643, 3.1390416622161865, 1.568383812904358, -0.0018292665481567383, -1.5698580741882324, 0.022476494312286377, -1.685904429004352, -5.183474270211563, -3.9613351290168626, -0.15849430074146476
374, 1763440784.346035, 9.179115295410156e-05, -3.1195287704467773, 3.1390576362609863, 1.5683929920196533, -0.0018018484115600586, -1.569803237915039, 0.022529959678649902, -1.6862322750694434, -5.182889439198126, -3.961787242476297, -0.1581829314884846
375, 1763440784.365814, 0.00029850006103515625, -3.1195363998413086, 3.1390817165374756, 1.5683473348617554, -0.0017287731170654297, -1.5698394775390625, 0.022491812705993652, -1.686979128713035, -5.1818330146451865, -3.962665962205385, -0.15812061875486716
376, 1763440784.3901901, 0.000209808349609375, -3.119513988494873, 3.139089584350586, 1.5683382749557495, -0.0018292665481567383, -1.5698580741882324, 0.022484183311462402, -1.6875017113006439, -5.180567548596077, -3.9633547430760294, -0.15856177275586258
377, 1763440784.423817, 0.0001361370086669922, -3.119507074356079, 3.139089584350586, 1.568329095840454, -0.0017837285995483398, -1.56988525390625, 0.022476494312286377, -1.6879712986439066, -5.17819420636847, -3.963782598727633, -0.15950098490246667
378, 1763440784.431135, 0.00020241737365722656, -3.119359254837036, 3.139073610305786, 1.568329095840454, -0.001856684684753418, -1.5698304176330566, 0.022522330284118652, -1.6880912498806042, -5.177502559956394, -3.963849607769057, -0.1597689625534242
379, 1763440784.451123, 3.2901763916015625e-05, -3.11930775642395, 3.139065742492676, 1.5683565139770508, -0.0018383264541625977, -1.5698490142822266, 0.022514700889587402, -1.6883673383074849, -5.1760537806813325, -3.9640299713566334, -0.1602167068873097
380, 1763440784.474537, 4.744529724121094e-05, -3.119706153869629, 3.1389858722686768, 1.5684112310409546, -0.0018018484115600586, -1.5698213577270508, 0.022545218467712402, -1.6886674460873974, -5.1744301516834375, -3.964137145118404, -0.1606479778534089
381, 1763440784.4983628, 0.0001728534698486328, -3.119706153869629, 3.1390576362609863, 1.568383812904358, -0.0018018484115600586, -1.569812297821045, 0.022507071495056152, -1.6887743382740426, -5.1732333854658945, -3.964168338552132, -0.16095740732721708
382, 1763440784.519906, -0.0002181529998779297, -3.120303153991699, 3.139153480529785, 1.5684294700622559, -0.0015643835067749023, -1.5698304176330566, 0.022491812705993652, -1.6889677845231448, -5.170242509010894, -3.963438541486364, -0.16188821983544166
383, 1763440784.540413, 0.000209808349609375, -3.118504047393799, 3.138993740081787, 1.568511724472046, -0.0011535882949829102, -1.569803237915039, 0.022484183311462402, -1.6895551795508144, -5.168340422537412, -3.9630136716764524, -0.1628193300206524
384, 1763440784.566796, -0.00014400482177734375, -3.118422746658325, 3.139049768447876, 1.568329095840454, -0.0020483732223510742, -1.5698580741882324, 0.022507071495056152, -1.6898511407288914, -5.166811209249106, -3.9628843853079165, -0.16380675098981357
385, 1763440784.5877702, -0.0007343292236328125, -3.118975877761841, 3.138993740081787, 1.5684477090835571, -0.00225830078125, -1.5698304176330566, 0.022529959678649902, -1.6898495210371727, -5.165861556068841, -3.962857344811409, -0.16386943086004635
386, 1763440784.612947, 0.0005490779876708984, -3.119610071182251, 3.139033794403076, 1.5684294700622559, -0.002148866653442383, -1.5698304176330566, 0.022529959678649902, -1.6897993334795829, -5.165028118752813, -3.9627795845079716, -0.16331448741859322
387, 1763440784.635104, 0.00011372566223144531, -3.119197130203247, 3.1390416622161865, 1.568511724472046, -0.0015097856521606445, -1.569812297821045, 0.022575736045837402, -1.6898977778181565, -5.164698959104279, -3.9628856145769205, -0.16242883450494272
388, 1763440784.66024, -6.318092346191406e-05, -3.119462728500366, 3.139073610305786, 1.5684386491775513, -0.0014823675155639648, -1.5698580741882324, 0.022384941577911377, -1.6898831543401946, -5.164599187039496, -3.962956625748057, -0.1615521858431963
389, 1763440784.682507, 3.0994415283203125e-06, -3.119300365447998, 3.1390416622161865, 1.5685207843780518, -0.0014367103576660156, -1.5698213577270508, 0.022499442100524902, -1.6898770208135758, -5.164652662479192, -3.962955361852135, -0.161328839599979
390, 1763440784.702374, 0.0001361370086669922, -3.119558572769165, 3.139089584350586, 1.5684843063354492, -0.001518845558166504, -1.5698213577270508, 0.022445976734161377, -1.6898566684093126, -5.164770316640078, -3.9628749542619692, -0.1614197297474247
391, 1763440784.724303, 2.5510787963867188e-05, -3.11940336227417, 3.1390576362609863, 1.5684294700622559, -0.0015736818313598633, -1.5698304176330566, 0.022476494312286377, -1.6898510924257355, -5.16497891344333, -3.962810064029992, -0.16184273185995224
392, 1763440784.75197, 3.2901763916015625e-05, -3.1194331645965576, 3.139073610305786, 1.5684386491775513, -0.0015279054641723633, -1.569803237915039, 0.022484183311462402, -1.6898213733781027, -5.1652754850734715, -3.962806613751487, -0.16254490824355639
393, 1763440784.771646, 3.0994415283203125e-06, -3.119447946548462, 3.139065742492676, 1.5684112310409546, -0.0015643835067749023, -1.5698671340942383, 0.022484183311462402, -1.6897826010626924, -5.1656118926369246, -3.96283328235621, -0.16314642918551225
394, 1763440784.7947168, 4.00543212890625e-05, -3.119396448135376, 3.139073610305786, 1.5684112310409546, -0.0015643835067749023, -1.5698490142822266, 0.022499442100524902, -1.6897311864800244, -5.1658948072700035, -3.9628335249749496, -0.16345604309922024
395, 1763440784.824002, 5.4836273193359375e-05, -3.119447946548462, 3.139089584350586, 1.56842041015625, -0.0015827417373657227, -1.5698213577270508, 0.022507071495056152, -1.689680036920929, -5.166178788060737, -3.962810000946133, -0.16356318574498818
396, 1763440784.840689, 8.440017700195312e-05, -3.1194257736206055, 3.1390817165374756, 1.5684112310409546, -0.0015736818313598633, -1.5698394775390625, 0.022499442100524902, -1.6896399013191319, -5.166390643928139, -3.9627753905216014, -0.16350756156394652
397, 1763440784.8611572, 6.222724914550781e-05, -3.119410991668701, 3.1390817165374756, 1.5684020519256592, -0.0015279054641723633, -1.569812297821045, 0.022514700889587402, -1.6895985286236919, -5.166567583428216, -3.9627221477970584, -0.16340174889974435
398, 1763440784.8862422, 6.985664367675781e-05, -3.119410991668701, 3.1390817165374756, 1.56842041015625, -0.0015462636947631836, -1.569812297821045, 0.022507071495056152, -1.6895524490425908, -5.166741062513255, -3.9626535617359715, -0.16332110290805169
399, 1763440784.903095, 5.4836273193359375e-05, -3.119455337524414, 3.1390817165374756, 1.56842041015625, -0.0015736818313598633, -1.5698394775390625, 0.022499442100524902, -1.689509727705654, -5.1668593771247435, -3.962613791823778, -0.16331927152768344
400, 1763440784.9243789, 6.985664367675781e-05, -3.119418144226074, 3.139065742492676, 1.56842041015625, -0.0015643835067749023, -1.5698304176330566, 0.022507071495056152, -1.6894558378518543, -5.167007851297423, -3.9625796106264684, -0.16339660503401365
401, 1763440784.944972, 2.5510787963867188e-05, -3.119455337524414, 3.139073610305786, 1.5684294700622559, -0.001555323600769043, -1.5698394775390625, 0.022514700889587402, -1.6894166174121819, -5.1671248189689605, -3.9625569922123876, -0.16348548667285634
402, 1763440784.9678268, 6.985664367675781e-05, -3.119410991668701, 3.139065742492676, 1.5684386491775513, -0.0015827417373657227, -1.5698394775390625, 0.022507071495056152, -1.6893666114017338, -5.16731134616186, -3.9625445669846098, -0.16362163573583555
403, 1763440784.987699, 4.744529724121094e-05, -3.1194331645965576, 3.1390817165374756, 1.5684294700622559, -0.0015736818313598633, -1.5698490142822266, 0.022507071495056152, -1.6893289009657109, -5.167484517510376, -3.9625569698497074, -0.16375914667711822
404, 1763440785.0114582, 4.00543212890625e-05, -3.1194405555725098, 3.1390817165374756, 1.5684294700622559, -0.0015462636947631836, -1.5698304176330566, 0.022491812705993652, -1.6892588969357947, -5.167765174870989, -3.962565785000391, -0.16390288903501915
405, 1763440785.035726, 3.2901763916015625e-05, -3.119418144226074, 3.139073610305786, 1.56842041015625, -0.0015643835067749023, -1.5698394775390625, 0.022491812705993652, -1.6891961435402212, -5.168052664177151, -3.96254011621438, -0.16390260895846342
406, 1763440785.0577679, 5.4836273193359375e-05, -3.119396448135376, 3.139073610305786, 1.56842041015625, -0.0015462636947631836, -1.5698304176330566, 0.022522330284118652, -1.689153222818439, -5.168366394745178, -3.962508508213736, -0.1638861881658089
407, 1763440785.075547, 1.811981201171875e-05, -3.1194405555725098, 3.139073610305786, 1.5684294700622559, -0.0015462636947631836, -1.5698304176330566, 0.022514700889587402, -1.689116945341007, -5.168610924478934, -3.962495919799825, -0.1638770595077812
408, 1763440785.095544, 3.2901763916015625e-05, -3.1194405555725098, 3.139073610305786, 1.5684386491775513, -0.0015462636947631836, -1.5698580741882324, 0.022491812705993652, -1.6890461122032177, -5.168983097018666, -3.9624976017090927, -0.16383709500968724
409, 1763440785.1223521, 9.179115295410156e-05, -3.119410991668701, 3.139073610305786, 1.56842041015625, -0.001555323600769043, -1.5698304176330566, 0.022507071495056152, -1.6889751436722231, -5.16938257620709, -3.9625218614232374, -0.16381220135994212
410, 1763440785.142282, 4.00543212890625e-05, -3.1194405555725098, 3.139073610305786, 1.5684386491775513, -0.0015827417373657227, -1.5698304176330566, 0.022484183311462402, -1.6889260232250516, -5.169787186156378, -3.962552956646612, -0.16386089775796453
411, 1763440785.168191, 4.744529724121094e-05, -3.1194257736206055, 3.1390817165374756, 1.5684294700622559, -0.0015827417373657227, -1.5698490142822266, 0.022507071495056152, -1.6888702410020537, -5.170220237625209, -3.962566531542678, -0.16392118620586427
412, 1763440785.1887739, 7.724761962890625e-05, -3.1194331645965576, 3.1390817165374756, 1.5684294700622559, -0.0015372037887573242, -1.5698304176330566, 0.022491812705993652, -1.688808920286492, -5.170618073530482, -3.9625716079647813, -0.1639293338690626
413, 1763440785.2105322, 4.744529724121094e-05, -3.119447946548462, 3.139073610305786, 1.5684294700622559, -0.001555323600769043, -1.5698490142822266, 0.022522330284118652, -1.688762810018389, -5.171001843560748, -3.9625653621294097, -0.16398913720764696
414, 1763440785.235975, 6.985664367675781e-05, -3.1194405555725098, 3.1390817165374756, 1.56842041015625, -0.0015462636947631836, -1.569812297821045, 0.022476494312286377, -1.6887101792969275, -5.171424357932277, -3.96255054061081, -0.16405102385817294
415, 1763440785.252141, 6.985664367675781e-05, -3.1194331645965576, 3.1390817165374756, 1.56842041015625, -0.0015643835067749023, -1.569812297821045, 0.022499442100524902, -1.6886739428566144, -5.171668203862706, -3.962523017482296, -0.16407310823888288
416, 1763440785.27426, 4.744529724121094e-05, -3.1194405555725098, 3.1390817165374756, 1.56842041015625, -0.0015643835067749023, -1.5698490142822266, 0.022507071495056152, -1.6886161601059158, -5.172053075299743, -3.962461350941561, -0.16412188276312634
417, 1763440785.297579, 7.724761962890625e-05, -3.1194405555725098, 3.139073610305786, 1.5684020519256592, -0.0015643835067749023, -1.569812297821045, 0.022499442100524902, -1.688572188052753, -5.17244414899315, -3.9624228901516627, -0.16409071290660293
418, 1763440785.317685, 5.4836273193359375e-05, -3.11940336227417, 3.1390817165374756, 1.5684020519256592, -0.0015736818313598633, -1.5698304176330566, 0.022499442100524902, -1.6885298239033506, -5.1727422321832535, -3.962415971880599, -0.1640244041406005
419, 1763440785.339851, 6.222724914550781e-05, -3.1194257736206055, 3.1390817165374756, 1.56842041015625, -0.0015643835067749023, -1.5698304176330566, 0.022491812705993652, -1.6884659157703563, -5.173081965568154, -3.962408675373482, -0.1639086393899376
420, 1763440785.3621309, 5.4836273193359375e-05, -3.1194331645965576, 3.139073610305786, 1.5684112310409546, -0.001555323600769043, -1.5698304176330566, 0.022507071495056152, -1.6883857771453294, -5.173453570379097, -3.9624140558605383, -0.16376112558170863
421, 1763440785.3825321, 7.724761962890625e-05, -3.119447946548462, 3.139073610305786, 1.56842041015625, -0.0015643835067749023, -1.5698304176330566, 0.022491812705993652, -1.688318009646355, -5.173758665517759, -3.9624434448423282, -0.16369371003534106
422, 1763440785.404719, 7.724761962890625e-05, -3.119396448135376, 3.1390817165374756, 1.5684294700622559, -0.0015372037887573242, -1.5698490142822266, 0.022514700889587402, -1.6882532549433191, -5.174053309024556, -3.9624752105959646, -0.1636925260514941
423, 1763440785.4297101, 6.985664367675781e-05, -3.1194405555725098, 3.1390817165374756, 1.5684020519256592, -0.0015827417373657227, -1.5698490142822266, 0.022514700889587402, -1.6881708379837959, -5.174428480294801, -3.962530786861401, -0.1637197636774168
424, 1763440785.4473128, 6.222724914550781e-05, -3.1194775104522705, 3.1390817165374756, 1.5684294700622559, -0.0015827417373657227, -1.5698394775390625, 0.022507071495056152, -1.6881257851910876, -5.174672592751232, -3.962535435305915, -0.16375573284450873
425, 1763440785.470177, 8.440017700195312e-05, -3.1194257736206055, 3.1390817165374756, 1.5684112310409546, -0.0015643835067749023, -1.569803237915039, 0.022499442100524902, -1.6880622720605447, -5.1749792328556365, -3.9625266601502673, -0.16378480406463236
426, 1763440785.493854, 6.222724914550781e-05, -3.1194331645965576, 3.1390817165374756, 1.56842041015625, -0.0015643835067749023, -1.5698213577270508, 0.022507071495056152, -1.6880024082065082, -5.175264692021355, -3.9625286993646083, -0.16385698367085233
427, 1763440785.516942, 6.222724914550781e-05, -3.119447946548462, 3.139089584350586, 1.5684294700622559, -0.0015919208526611328, -1.5698394775390625, 0.022507071495056152, -1.687953149457847, -5.175605675196685, -3.962524177994413, -0.16391206640279155
428, 1763440785.540968, 2.5510787963867188e-05, -3.119418144226074, 3.139073610305786, 1.56842041015625, -0.0015736818313598633, -1.5698213577270508, 0.022514700889587402, -1.687903234810577, -5.175926543316418, -3.962524600433639, -0.16393321862996046
429, 1763440785.559296, 7.724761962890625e-05, -3.119447946548462, 3.1390817165374756, 1.5684294700622559, -0.0015372037887573242, -1.5698213577270508, 0.022514700889587402, -1.687853289075486, -5.176142455565859, -3.962523105012646, -0.16391048026138222
430, 1763440785.580819, 4.744529724121094e-05, -3.1194405555725098, 3.1390817165374756, 1.56842041015625, -0.0015643835067749023, -1.5698394775390625, 0.022499442100524902, -1.68778609690378, -5.176377026406078, -3.962521409353405, -0.1639192486947314
431, 1763440785.603481, 7.724761962890625e-05, -3.1194405555725098, 3.1390817165374756, 1.5684112310409546, -0.0015462636947631836, -1.5698394775390625, 0.022499442100524902, -1.6877132978873783, -5.1766210075205645, -3.9625093964507214, -0.16391205751773352
432, 1763440785.627152, 6.222724914550781e-05, -3.1194405555725098, 3.1390817165374756, 1.5684020519256592, -0.0015462636947631836, -1.5698394775390625, 0.022499442100524902, -1.6878598895782648, -5.176905778474836, -3.962501099445978, -0.16396876282307016
433, 1763440785.646836, 5.4836273193359375e-05, -3.119410991668701, 3.1390817165374756, 1.56842041015625, -0.0015827417373657227, -1.5698304176330566, 0.022499442100524902, -1.6878547774642068, -5.177138401348567, -3.9624889452238174, -0.16397212219061075
434, 1763440785.666383, 7.724761962890625e-05, -3.119447946548462, 3.1390817165374756, 1.5684294700622559, -0.001555323600769043, -1.5698213577270508, 0.022507071495056152, -1.6877674782116159, -5.177314441344936, -3.96246234480917, -0.1639381424880968
435, 1763440785.703451, 2.5510787963867188e-05, -3.119455337524414, 3.1390817165374756, 1.5684294700622559, -0.001555323600769043, -1.5698213577270508, 0.022499442100524902, -1.6878586044510493, -5.1776885841152085, -3.9624467408636717, -0.16388414631757353
436, 1763440785.715368, 5.4836273193359375e-05, -3.1194405555725098, 3.139089584350586, 1.5684294700622559, -0.0015372037887573242, -1.5698213577270508, 0.022514700889587402, -1.6878049271549462, -5.177794161690718, -3.9624369449541006, -0.16385844629374002
437, 1763440785.731501, 4.00543212890625e-05, -3.1194405555725098, 3.139073610305786, 1.56842041015625, -0.0015827417373657227, -1.5698490142822266, 0.022522330284118652, -1.6876777304545365, -5.177899756083966, -3.9624175654441296, -0.16380580206903161
438, 1763440785.7574232, 5.4836273193359375e-05, -3.1194257736206055, 3.1390817165374756, 1.5684112310409546, -0.0015736818313598633, -1.5698490142822266, 0.022507071495056152, -1.6876881284677137, -5.178086697585504, -3.9624106046443908, -0.1637508604599347
439, 1763440785.77692, 6.985664367675781e-05, -3.1194405555725098, 3.1390817165374756, 1.5684477090835571, -0.001555323600769043, -1.5698213577270508, 0.022484183311462402, -1.6876614730471524, -5.17831970174842, -3.9624284459813373, -0.16376375876412297
440, 1763440785.79653, 5.4836273193359375e-05, -3.119410991668701, 3.1390817165374756, 1.5684294700622559, -0.0015643835067749023, -1.5698490142822266, 0.022507071495056152, -1.6874891233559606, -5.178454024980169, -3.9624123248944327, -0.16378931958175968
441, 1763440785.8182971, 4.744529724121094e-05, -3.1194331645965576, 3.1390817165374756, 1.56842041015625, -0.0015827417373657227, -1.569812297821045, 0.022484183311462402, -1.6874262892165743, -5.178574871328537, -3.962386223665197, -0.16380240634174204
442, 1763440785.842192, 5.4836273193359375e-05, -3.119447946548462, 3.1390817165374756, 1.56842041015625, -0.001555323600769043, -1.5698304176330566, 0.022507071495056152, -1.6873770243043869, -5.178763225220023, -3.9623684108758317, -0.16378281784606852
443, 1763440785.860634, 6.985664367675781e-05, -3.1194331645965576, 3.1390817165374756, 1.5684386491775513, -0.0015736818313598633, -1.5698304176330566, 0.022514700889587402, -1.6871950711564776, -5.17898044208313, -3.9623046276577236, -0.16376163974589364
444, 1763440785.883874, 5.4836273193359375e-05, -3.1194405555725098, 3.139089584350586, 1.56842041015625, -0.001555323600769043, -1.5698490142822266, 0.022507071495056152, -1.6871537994915815, -5.1790754686740215, -3.962255173720394, -0.16376289148821588
445, 1763440785.9050822, 5.4836273193359375e-05, -3.1194257736206055, 3.1390817165374756, 1.5684112310409546, -0.0015372037887573242, -1.5698304176330566, 0.022507071495056152, -1.687127027779, -5.1792116696180575, -3.9622422028697812, -0.1637734785181939
446, 1763440785.9269419, 5.4836273193359375e-05, -3.119447946548462, 3.1390817165374756, 1.5684112310409546, -0.0015827417373657227, -1.5698394775390625, 0.022499442100524902, -1.6869927300258842, -5.17934204015821, -3.9622186581653693, -0.16378977327481525
447, 1763440785.954192, 6.985664367675781e-05, -3.119418144226074, 3.139073610305786, 1.56842041015625, -0.0015827417373657227, -1.5698394775390625, 0.022499442100524902, -1.6869701287533792, -5.179438485138123, -3.9621779337235283, -0.1637845352652274
448, 1763440785.9718678, 6.222724914550781e-05, -3.1194331645965576, 3.1390817165374756, 1.5684294700622559, -0.001555323600769043, -1.569812297821045, 0.022507071495056152, -1.6869477237640254, -5.179528506310765, -3.9621594347706104, -0.16379424141189336
449, 1763440785.992071, 6.985664367675781e-05, -3.119447946548462, 3.139073610305786, 1.56842041015625, -0.0015736818313598633, -1.569803237915039, 0.022499442100524902, -1.686854089580165, -5.179612718018123, -3.962141095767753, -0.1638122051284805
450, 1763440786.013779, 4.744529724121094e-05, -3.1194405555725098, 3.1390817165374756, 1.5684112310409546, -0.0015462636947631836, -1.5698490142822266, 0.022499442100524902, -1.6868444874938116, -5.17966303394505, -3.962120445794317, -0.16383920246784456
451, 1763440786.0369668, 6.222724914550781e-05, -3.1194257736206055, 3.1390817165374756, 1.5684112310409546, -0.0015736818313598633, -1.5698304176330566, 0.022499442100524902, -1.6868378077164765, -5.179721430262246, -3.9621107224785317, -0.1638545722373479
452, 1763440786.058082, 6.985664367675781e-05, -3.1194331645965576, 3.1390817165374756, 1.56842041015625, -0.0015827417373657227, -1.5698394775390625, 0.022476494312286377, -1.6867609166828217, -5.179818821346185, -3.9621047299824528, -0.16385918602085692
453, 1763440786.083617, 6.222724914550781e-05, -3.1194405555725098, 3.139073610305786, 1.5684112310409546, -0.0015919208526611328, -1.5698304176330566, 0.022484183311462402, -1.6867926953952102, -5.179896688666385, -3.9621047810305967, -0.1638637514548913
454, 1763440786.104508, 6.222724914550781e-05, -3.1194257736206055, 3.1390817165374756, 1.5684020519256592, -0.0015643835067749023, -1.5698394775390625, 0.022514700889587402, -1.686800598922587, -5.1800173204457, -3.9621112674042926, -0.1638628188378206
455, 1763440786.1251788, 4.744529724121094e-05, -3.1194331645965576, 3.139073610305786, 1.5684294700622559, -0.0015279054641723633, -1.5698304176330566, 0.022507071495056152, -1.686754860230438, -5.180142976071823, -3.9621159861919333, -0.16380161078498112
456, 1763440786.1548731, 4.744529724121094e-05, -3.1194405555725098, 3.139073610305786, 1.5684294700622559, -0.0015643835067749023, -1.5698304176330566, 0.022522330284118652, -1.6868030599623776, -5.180237805121098, -3.962107327225662, -0.16372030813733396
457, 1763440786.170804, 1.811981201171875e-05, -3.119410991668701, 3.1390817165374756, 1.5684112310409546, -0.0015643835067749023, -1.5698394775390625, 0.022491812705993652, -1.686792311384903, -5.180318339973438, -3.9620907999874335, -0.16359348461481993
458, 1763440786.189455, 6.222724914550781e-05, -3.119418144226074, 3.139089584350586, 1.5684386491775513, -0.0015462636947631836, -1.5698304176330566, 0.022522330284118652, -1.6867312209163123, -5.180390205427051, -3.9620816658206013, -0.16351174543676095
459, 1763440786.207075, 4.744529724121094e-05, -3.119455337524414, 3.139089584350586, 1.56842041015625, -0.001555323600769043, -1.5698304176330566, 0.022514700889587402, -1.6867426109813917, -5.18046855032803, -3.9620829788912775, -0.1634611809253661
460, 1763440786.2309031, 4.744529724121094e-05, -3.1194331645965576, 3.1390817165374756, 1.5684112310409546, -0.001518845558166504, -1.569812297821045, 0.022514700889587402, -1.6867522465269609, -5.180553785831848, -3.9620789774117977, -0.1634257632894629
461, 1763440786.252241, 6.222724914550781e-05, -3.1194331645965576, 3.1390817165374756, 1.56842041015625, -0.0015643835067749023, -1.5698490142822266, 0.022491812705993652, -1.686680535969935, -5.18061822150673, -3.9620712508130453, -0.16346801176886583
462, 1763440786.2717838, 6.985664367675781e-05, -3.1194405555725098, 3.1390817165374756, 1.5684386491775513, -0.0015462636947631836, -1.5698213577270508, 0.022499442100524902, -1.6866901897376985, -5.180659978644179, -3.9620672035673485, -0.1635552911451441
463, 1763440786.2945962, 3.2901763916015625e-05, -3.1194257736206055, 3.139073610305786, 1.5684294700622559, -0.0015827417373657227, -1.5698304176330566, 0.022507071495056152, -1.6867075900790707, -5.180709580988973, -3.962061114127932, -0.1636396303405796
464, 1763440786.322168, 4.00543212890625e-05, -3.1194257736206055, 3.1390817165374756, 1.56842041015625, -0.0015736818313598633, -1.5698213577270508, 0.022507071495056152, -1.6866456107016925, -5.180782509073237, -3.9620540305496266, -0.16374235872812815
465, 1763440786.3360698, 6.222724914550781e-05, -3.1194405555725098, 3.139073610305786, 1.56842041015625, -0.0015827417373657227, -1.5698304176330566, 0.022499442100524902, -1.686651143999844, -5.180791796065774, -3.962052434912904, -0.16374055192478476
466, 1763440786.356979, 4.00543212890625e-05, -3.1194257736206055, 3.139065742492676, 1.5684386491775513, -0.001555323600769043, -1.5698304176330566, 0.022484183311462402, -1.6866559100215646, -5.1808309326935085, -3.96204648632009, -0.1637209151714769
467, 1763440786.375813, 4.744529724121094e-05, -3.1194257736206055, 3.1390817165374756, 1.5684294700622559, -0.0015736818313598633, -1.5698580741882324, 0.022507071495056152, -1.6866030080787247, -5.180848950681858, -3.962039979232235, -0.16364440749475406
468, 1763440786.396836, 6.222724914550781e-05, -3.1194331645965576, 3.139073610305786, 1.5684112310409546, -0.001555323600769043, -1.5698394775390625, 0.022507071495056152, -1.68657383353084, -5.1808523739893095, -3.962044362166661, -0.16353882806090336
469, 1763440786.421321, 6.222724914550781e-05, -3.1194257736206055, 3.1390817165374756, 1.5684112310409546, -0.0015462636947631836, -1.5698213577270508, 0.022507071495056152, -1.6865766279756091, -5.180862408768178, -3.9620511204901123, -0.16344904386357673
470, 1763440786.44447, 4.744529724121094e-05, -3.1194331645965576, 3.1390817165374756, 1.56842041015625, -0.0015372037887573242, -1.5698490142822266, 0.022499442100524902, -1.6865230414763932, -5.180875294768905, -3.9620529850303905, -0.163437712906485
471, 1763440786.4655209, 6.985664367675781e-05, -3.119447946548462, 3.139073610305786, 1.56842041015625, -0.0015643835067749023, -1.5698394775390625, 0.022499442100524902, -1.6865119201431362, -5.180866177110414, -3.9620617828148466, -0.16348477287957675
472, 1763440786.4894888, 5.4836273193359375e-05, -3.119418144226074, 3.1390817165374756, 1.5684112310409546, -0.0015736818313598633, -1.5698213577270508, 0.022499442100524902, -1.6865217182811174, -5.180876006853981, -3.9620633347403995, -0.16351054293585054
473, 1763440786.5096698, 4.00543212890625e-05, -3.1194257736206055, 3.1390817165374756, 1.5684112310409546, -0.0015372037887573242, -1.5698213577270508, 0.022499442100524902, -1.6865079109378258, -5.180893265733255, -3.9620606603102746, -0.16355783080317465
474, 1763440786.5321972, 5.4836273193359375e-05, -3.119418144226074, 3.1390817165374756, 1.5684112310409546, -0.0015643835067749023, -1.5698394775390625, 0.022499442100524902, -1.686503708525744, -5.180898544155986, -3.962063230966968, -0.16361974622016096
475, 1763440786.557417, 5.4836273193359375e-05, -3.1194257736206055, 3.1390817165374756, 1.5684112310409546, -0.0015643835067749023, -1.5698394775390625, 0.022522330284118652, -1.6865139583002677, -5.1809249646858255, -3.9620585196003653, -0.1636134992163889
476, 1763440786.577313, 4.744529724121094e-05, -3.1194257736206055, 3.139073610305786, 1.5684294700622559, -0.001555323600769043, -1.5698213577270508, 0.022491812705993652, -1.6864741172028679, -5.180952229596488, -3.9620478817773077, -0.16358611032228776
477, 1763440786.6001558, 6.222724914550781e-05, -3.119455337524414, 3.1390817165374756, 1.56842041015625, -0.0015462636947631836, -1.569812297821045, 0.022522330284118652, -1.6864860021320527, -5.180965787659304, -3.962054122334941, -0.16357521519268925
478, 1763440786.6309109, 6.222724914550781e-05, -3.119455337524414, 3.1390817165374756, 1.5684294700622559, -0.0015643835067749023, -1.5698304176330566, 0.022507071495056152, -1.686457798992488, -5.180986144431398, -3.9620477889933845, -0.16357835817424515
479, 1763440786.64576, 4.00543212890625e-05, -3.1194257736206055, 3.139073610305786, 1.5684294700622559, -0.0015462636947631836, -1.5698394775390625, 0.022491812705993652, -1.6864381044060477, -5.180995350336378, -3.9620465468571116, -0.16359444072277807
480, 1763440786.667732, 5.4836273193359375e-05, -3.1194405555725098, 3.139073610305786, 1.5684020519256592, -0.0015736818313598633, -1.5698213577270508, 0.022522330284118652, -1.6864484358571252, -5.180995662036798, -3.962049210430718, -0.16359869296094676
481, 1763440786.6880052, 4.00543212890625e-05, -3.119447946548462, 3.1390817165374756, 1.5684294700622559, -0.001555323600769043, -1.5698213577270508, 0.022514700889587402, -1.6864391726774046, -5.181009354943454, -3.9620495339626887, -0.16362399702448815
482, 1763440786.705463, 6.985664367675781e-05, -3.119455337524414, 3.139073610305786, 1.5684294700622559, -0.0015827417373657227, -1.5698304176330566, 0.022491812705993652, -1.686408931366354, -5.181009583543558, -3.96205761224656, -0.1636170074292691
483, 1763440786.727319, 4.744529724121094e-05, -3.1194405555725098, 3.139073610305786, 1.5684294700622559, -0.0015372037887573242, -1.5698213577270508, 0.022499442100524902, -1.6864178652410244, -5.181014697713549, -3.9620638002165487, -0.16362356121365718
484, 1763440786.752013, 5.4836273193359375e-05, -3.119418144226074, 3.1390817165374756, 1.5684294700622559, -0.001555323600769043, -1.5698213577270508, 0.022507071495056152, -1.6864067891765977, -5.181035374389076, -3.9620736703326154, -0.1636107696841087
485, 1763440786.7727911, 6.222724914550781e-05, -3.1194331645965576, 3.139089584350586, 1.5684294700622559, -0.001555323600769043, -1.5698490142822266, 0.022499442100524902, -1.6863715885395625, -5.181050057749377, -3.9620815461478767, -0.16358824193333632
486, 1763440786.794126, 4.744529724121094e-05, -3.1194405555725098, 3.139073610305786, 1.56842041015625, -0.0015643835067749023, -1.5698213577270508, 0.022522330284118652, -1.6863885580377778, -5.1810624677076, -3.962082087377749, -0.16361684821319145
487, 1763440786.817698, 6.222724914550781e-05, -3.1194331645965576, 3.139089584350586, 1.5684386491775513, -0.0015736818313598633, -1.5698304176330566, 0.022484183311462402, -1.6863770437166459, -5.181080652426557, -3.9620798315675354, -0.16362675802293403
488, 1763440786.8395112, 5.4836273193359375e-05, -3.1194405555725098, 3.1390817165374756, 1.5684294700622559, -0.001555323600769043, -1.5698213577270508, 0.022499442100524902, -1.6863426528720329, -5.1810931779371785, -3.96207747835216, -0.16363996955999127
489, 1763440786.860542, 4.744529724121094e-05, -3.119418144226074, 3.139073610305786, 1.5684294700622559, -0.001555323600769043, -1.5698304176330566, 0.022507071495056152, -1.6863443854288283, -5.181096079948882, -3.962081082365109, -0.16370233011301316
490, 1763440786.8856, 6.222724914550781e-05, -3.119447946548462, 3.1390817165374756, 1.56842041015625, -0.001555323600769043, -1.5698213577270508, 0.022514700889587402, -1.6863385121116647, -5.181104426971288, -3.9620769027799208, -0.16370779508495215
491, 1763440786.9052238, 4.744529724121094e-05, -3.1194331645965576, 3.139089584350586, 1.5684112310409546, -0.0015462636947631836, -1.5698304176330566, 0.022514700889587402, -1.6863110831844628, -5.181115639143105, -3.962072126217506, -0.16371870971561098
492, 1763440786.92494, 6.985664367675781e-05, -3.1194331645965576, 3.139073610305786, 1.5684112310409546, -0.0015643835067749023, -1.5698580741882324, 0.022491812705993652, -1.686327065633854, -5.181125579007475, -3.962076023555229, -0.1637216795990799
493, 1763440786.948113, 5.4836273193359375e-05, -3.1194405555725098, 3.139073610305786, 1.5684112310409546, -0.0015643835067749023, -1.5698304176330566, 0.022507071495056152, -1.6863140386297393, -5.181130458083794, -3.9620705178646705, -0.16370811161372334
494, 1763440786.981577, 4.744529724121094e-05, -3.1194331645965576, 3.139073610305786, 1.56842041015625, -0.0015462636947631836, -1.5698304176330566, 0.022491812705993652, -1.6862996820723004, -5.1811413077087565, -3.9620705310539455, -0.16368850918493205
495, 1763440786.98826, 4.744529724121094e-05, -3.119418144226074, 3.1390817165374756, 1.5684386491775513, -0.0015643835067749023, -1.5698394775390625, 0.022507071495056152, -1.6863123333303618, -5.1811478243882245, -3.962072187047079, -0.16369478589821096
496, 1763440787.010283, 4.744529724121094e-05, -3.1194331645965576, 3.1390817165374756, 1.56842041015625, -0.0015736818313598633, -1.5698213577270508, 0.022507071495056152, -1.686308609037762, -5.181142064579019, -3.962070536251211, -0.16369872114306538
497, 1763440787.031554, 4.744529724121094e-05, -3.119418144226074, 3.139073610305786, 1.5684294700622559, -0.001555323600769043, -1.5698304176330566, 0.022491812705993652, -1.6862882465382896, -5.181143900470792, -3.962072583554092, -0.16369378108577415
498, 1763440787.052483, 4.744529724121094e-05, -3.1194331645965576, 3.139073610305786, 1.5684294700622559, -0.0015736818313598633, -1.5698394775390625, 0.022507071495056152, -1.6862937091413088, -5.181140098261517, -3.9620752498226564, -0.16368308412667165
499, 1763440787.0768719, 4.744529724121094e-05, -3.119447946548462, 3.1390817165374756, 1.5684294700622559, -0.0015643835067749023, -1.5698304176330566, 0.022499442100524902, -1.686282085920137, -5.181130055305468, -3.962073557110316, -0.16367453509667573
500, 1763440787.099682, 5.4836273193359375e-05, -3.1194331645965576, 3.139073610305786, 1.5684294700622559, -0.0015462636947631836, -1.5698490142822266, 0.022522330284118652, -1.6862648029294038, -5.181125358060548, -3.962075033288914, -0.16367456990673457
501, 1763440787.119138, 4.744529724121094e-05, -3.1194331645965576, 3.1390817165374756, 1.5684112310409546, -0.0015643835067749023, -1.5698394775390625, 0.022522330284118652, -1.68626285454858, -5.181119992874372, -3.962079562003424, -0.16366401635858896
502, 1763440787.1419442, 6.222724914550781e-05, -3.1194257736206055, 3.1390817165374756, 1.56842041015625, -0.001555323600769043, -1.569803237915039, 0.022499442100524902, -1.686259204549622, -5.1811224214344564, -3.9620792950203314, -0.16366507547036413
503, 1763440787.165045, 3.2901763916015625e-05, -3.1194257736206055, 3.139073610305786, 1.56842041015625, -0.0015736818313598633, -1.5698213577270508, 0.022499442100524902, -1.6862385621662477, -5.181115723615894, -3.962077125635839, -0.1636448891810014
504, 1763440787.1835399, 6.985664367675781e-05, -3.1194257736206055, 3.1390817165374756, 1.56842041015625, -0.0015462636947631836, -1.5698394775390625, 0.022522330284118652, -1.6862438061456806, -5.181125812566525, -3.9620794823394854, -0.1636597789718799
505, 1763440787.203858, 4.744529724121094e-05, -3.1194405555725098, 3.1390817165374756, 1.5684294700622559, -0.0015827417373657227, -1.5698304176330566, 0.022514700889587402, -1.6862547186393415, -5.181134002312266, -3.962079601560802, -0.1636668377216708
506, 1763440787.2308202, 5.4836273193359375e-05, -3.1194405555725098, 3.139073610305786, 1.56842041015625, -0.0015643835067749023, -1.5698394775390625, 0.022507071495056152, -1.6862526687442367, -5.181134498308626, -3.9620777941073038, -0.1636786536686179
507, 1763440787.249465, 5.4836273193359375e-05, -3.119455337524414, 3.1390817165374756, 1.5684386491775513, -0.0015827417373657227, -1.5698213577270508, 0.022507071495056152, -1.68626382889883, -5.181145536923096, -3.962077182115856, -0.16369481560167642
508, 1763440787.270441, 4.744529724121094e-05, -3.119418144226074, 3.1390817165374756, 1.5684020519256592, -0.0015736818313598633, -1.5698304176330566, 0.022507071495056152, -1.6862721949350123, -5.181154679250303, -3.962080070552644, -0.16370390393317003
509, 1763440787.295957, 6.222724914550781e-05, -3.1194405555725098, 3.1390817165374756, 1.5684112310409546, -0.001555323600769043, -1.5698490142822266, 0.022514700889587402, -1.6862567746504944, -5.181169205446915, -3.9620744389025164, -0.1637487510642508
510, 1763440787.316517, 4.00543212890625e-05, -3.1194331645965576, 3.1390817165374756, 1.5684294700622559, -0.0015462636947631836, -1.5698394775390625, 0.022507071495056152, -1.686264604692905, -5.18118207130696, -3.9620750955018083, -0.16375061217447406
511, 1763440787.342154, 6.222724914550781e-05, -3.1194405555725098, 3.139089584350586, 1.5684386491775513, -0.0015372037887573242, -1.569812297821045, 0.022507071495056152, -1.6862601542730284, -5.181187380827958, -3.9620749403880398, -0.1637531963701564
512, 1763440787.364862, 6.222724914550781e-05, -3.1194331645965576, 3.1390817165374756, 1.56842041015625, -0.001555323600769043, -1.5698490142822266, 0.022514700889587402, -1.686254290457132, -5.181178145720271, -3.962074500057263, -0.16375985922651992
513, 1763440787.383513, 6.985664367675781e-05, -3.1194257736206055, 3.1390817165374756, 1.5684294700622559, -0.0015736818313598633, -1.5698580741882324, 0.022507071495056152, -1.686256394601832, -5.181183409600319, -3.9620780474901824, -0.16376010660386697
514, 1763440787.404004, 6.222724914550781e-05, -3.1194405555725098, 3.139073610305786, 1.56842041015625, -0.0015643835067749023, -1.5698490142822266, 0.022499442100524902, -1.6862475287210315, -5.181173321088622, -3.9620758287409883, -0.1637551465906384
515, 1763440787.4259682, 5.4836273193359375e-05, -3.119447946548462, 3.1390817165374756, 1.56842041015625, -0.0015736818313598633, -1.569812297821045, 0.022507071495056152, -1.6862375686225302, -5.181160307987708, -3.962075575505582, -0.16374432106493408
516, 1763440787.444958, 5.4836273193359375e-05, -3.1194405555725098, 3.139065742492676, 1.5684386491775513, -0.0015462636947631836, -1.5698394775390625, 0.022507071495056152, -1.6862500869814447, -5.181149181058135, -3.9620825407970055, -0.16373729201830134
517, 1763440787.465345, 4.744529724121094e-05, -3.1194257736206055, 3.1390817165374756, 1.56842041015625, -0.001555323600769043, -1.5698213577270508, 0.022499442100524902, -1.6862484793027894, -5.181148110553751, -3.96208074253716, -0.1637185212871497
518, 1763440787.4905448, 4.00543212890625e-05, -3.1194331645965576, 3.1390817165374756, 1.5684386491775513, -0.0015643835067749023, -1.5698490142822266, 0.022499442100524902, -1.6862331101271115, -5.18113658960012, -3.9620766298145074, -0.16371222507920358
519, 1763440787.521801, 4.00543212890625e-05, -3.1194257736206055, 3.1390817165374756, 1.56842041015625, -0.001555323600769043, -1.569803237915039, 0.022507071495056152, -1.6862408501943906, -5.181128002461759, -3.962080336951263, -0.1636924694924664
520, 1763440787.534035, 5.4836273193359375e-05, -3.1194257736206055, 3.1390817165374756, 1.5684294700622559, -0.0015643835067749023, -1.5698304176330566, 0.022491812705993652, -1.6862409390266238, -5.181124097956279, -3.9620837552988264, -0.16369617221452692
521, 1763440787.5573251, 4.744529724121094e-05, -3.1194331645965576, 3.1390817165374756, 1.5684294700622559, -0.001555323600769043, -1.5698394775390625, 0.022499442100524902, -1.6862250671572312, -5.181121047029958, -3.962079962654346, -0.16369806302549605
522, 1763440787.577148, 4.00543212890625e-05, -3.1194331645965576, 3.139073610305786, 1.56842041015625, -0.0015643835067749023, -1.5698394775390625, 0.022514700889587402, -1.6862296078936834, -5.181130731400545, -3.962083761508117, -0.16371295281351195
523, 1763440787.5998368, 4.00543212890625e-05, -3.1194331645965576, 3.1390817165374756, 1.5684294700622559, -0.001555323600769043, -1.5698213577270508, 0.022491812705993652, -1.686229019601511, -5.181128059295168, -3.962080753846356, -0.16369818183933127
524, 1763440787.6239018, 5.4836273193359375e-05, -3.1194257736206055, 3.139073610305786, 1.5684112310409546, -0.0015827417373657227, -1.5698394775390625, 0.022507071495056152, -1.686218082280647, -5.181129689432781, -3.9620807693212026, -0.16371378450981133
525, 1763440787.64379, 4.744529724121094e-05, -3.1194405555725098, 3.1390817165374756, 1.5684020519256592, -0.0015643835067749023, -1.5698304176330566, 0.022484183311462402, -1.6862259568005404, -5.181144668391255, -3.962081352951822, -0.16371438322192589
526, 1763440787.66741, 5.4836273193359375e-05, -3.119418144226074, 3.139073610305786, 1.5684112310409546, -0.0015736818313598633, -1.5698490142822266, 0.022507071495056152, -1.6862273280737674, -5.181153725494284, -3.9620798818355487, -0.16372252104315788
527, 1763440787.6927328, 6.222724914550781e-05, -3.1194257736206055, 3.1390817165374756, 1.5684386491775513, -0.0015643835067749023, -1.569812297821045, 0.022499442100524902, -1.686217764289718, -5.181155799652882, -3.9620767524869143, -0.1637231202154208
528, 1763440787.713492, 4.00543212890625e-05, -3.1194405555725098, 3.139073610305786, 1.5684294700622559, -0.0016101598739624023, -1.5698580741882324, 0.022499442100524902, -1.686229947670056, -5.181170355509132, -3.962077284088658, -0.163737024687582
529, 1763440787.7363489, 6.985664367675781e-05, -3.119418144226074, 3.139073610305786, 1.56842041015625, -0.0015736818313598633, -1.5698213577270508, 0.022499442100524902, -1.6862249099863127, -5.181169451388186, -3.962079297451906, -0.1637500037091444
530, 1763440787.7604458, 6.222724914550781e-05, -3.1194331645965576, 3.1390817165374756, 1.5684386491775513, -0.001555323600769043, -1.5698394775390625, 0.022507071495056152, -1.6862293220415954, -5.18117130806451, -3.9620791945337612, -0.16373588620899238
531, 1763440787.7835479, 4.00543212890625e-05, -3.119455337524414, 3.1390817165374756, 1.5684112310409546, -0.0015736818313598633, -1.5698304176330566, 0.022507071495056152, -1.686224475903475, -5.181179612602742, -3.962078602047013, -0.16372952038626565
532, 1763440787.807154, 4.00543212890625e-05, -3.1194331645965576, 3.1390817165374756, 1.5684294700622559, -0.0015643835067749023, -1.5698213577270508, 0.022499442100524902, -1.6862192988664937, -5.181177365865094, -3.962080323005569, -0.1637300253444458
533, 1763440787.8327339, 6.222724914550781e-05, -3.1194331645965576, 3.139073610305786, 1.56842041015625, -0.001555323600769043, -1.5698304176330566, 0.022514700889587402, -1.6862127841407184, -5.1811780332346515, -3.962080445199576, -0.1637460536117077
534, 1763440787.851351, 4.00543212890625e-05, -3.1194331645965576, 3.1390817165374756, 1.56842041015625, -0.0015372037887573242, -1.5698304176330566, 0.022522330284118652, -1.6862128196739463, -5.181175239417295, -3.9620805169757918, -0.16371726399500197
535, 1763440787.875459, 4.744529724121094e-05, -3.119447946548462, 3.1390817165374756, 1.5684020519256592, -0.0015827417373657227, -1.5698490142822266, 0.022507071495056152, -1.6862138769370296, -5.181166760780121, -3.962083819328472, -0.1637160911696265
536, 1763440787.899196, 6.222724914550781e-05, -3.119418144226074, 3.1390817165374756, 1.56842041015625, -0.0015827417373657227, -1.5698394775390625, 0.022499442100524902, -1.6862240050311426, -5.1811587725908606, -3.9620889185771575, -0.16368685600198063
537, 1763440787.92044, 6.222724914550781e-05, -3.1194331645965576, 3.1390817165374756, 1.56842041015625, -0.0015462636947631836, -1.5698304176330566, 0.022484183311462402, -1.6862138773534838, -5.181166720220408, -3.9620878025650583, -0.16367388208793265
538, 1763440787.9442072, 4.00543212890625e-05, -3.1194257736206055, 3.139073610305786, 1.56842041015625, -0.0015643835067749023, -1.5698580741882324, 0.022499442100524902, -1.6862109066911695, -5.181164938291557, -3.96208505551198, -0.16366365527924565
