# Arm joint positions + body pose collected at 50.0 Hz
# Timestamp: 20251117_214531
# Format: timestep, arm0.sh0, arm0.sh1, arm0.el0, arm0.el1, arm0.wr0, arm0.wr1, gripper_open_percentage, body_x, body_y, body_z, body_theta
# Body pose is in odom frame (x, y, z in meters, theta in radians)

0, -0.020262718200683594, -1.6218253374099731, 2.429232120513916, 0.023637771606445312, -0.6992975473403931, -0.024381399154663086, 0.0, -2.0388537535139357, -5.559612111400441, -3.620393827671493, -0.12037591399726733
1, -0.020262718200683594, -1.621840000152588, 2.4292240142822266, 0.023637771606445312, -0.699306845664978, -0.024344921112060547, 0.0, -2.0388630579646416, -5.559609459408606, -3.62039610888324, -0.12038074745937966
2, -0.020255565643310547, -1.6218328475952148, 2.4292240142822266, 0.023656129837036133, -0.6992884874343872, -0.024372339248657227, 0.0, -2.0388704451674506, -5.55960352294958, -3.6204000446087856, -0.12037647923396921
3, -0.020270109176635742, -1.6218328475952148, 2.4292240142822266, 0.023665189743041992, -0.6992794275283813, -0.024344921112060547, 0.0, -2.0388638007906454, -5.559608108727575, -3.6203958673501004, -0.12037791437126533
4, -0.020262718200683594, -1.6218328475952148, 2.4292240142822266, 0.023656129837036133, -0.6992975473403931, -0.024344921112060547, 0.0, -2.0388729410202173, -5.559598994815807, -3.6203974107324624, -0.12038474077017902
5, -0.020262718200683594, -1.621840000152588, 2.4292240142822266, 0.023665189743041992, -0.6992884874343872, -0.024363040924072266, 0.0, -2.0388827841456116, -5.559603239782142, -3.6203985379188266, -0.1203867036918016
6, -0.020262718200683594, -1.6218253374099731, 2.4292399883270264, 0.023647069931030273, -0.6992884874343872, -0.024353981018066406, 0.0, -2.038875824560993, -5.559610652587114, -3.620395179957813, -0.12038741714327816
7, -0.020262718200683594, -1.6218328475952148, 2.4292240142822266, 0.023647069931030273, -0.6992884874343872, -0.024344921112060547, 0.0, -2.038880615396773, -5.559608772524225, -3.620397939062398, -0.12040922045364866
8, -0.020255565643310547, -1.621840000152588, 2.429232120513916, 0.023683547973632812, -0.6993340253829956, -0.024353981018066406, 0.0, -2.038879080203957, -5.5596133200699605, -3.62040022118965, -0.1204091609550959
9, -0.020262718200683594, -1.621840000152588, 2.429232120513916, 0.023647069931030273, -0.6992975473403931, -0.024353981018066406, 0.0, -2.0388798681271876, -5.55960150663304, -3.620398009549581, -0.12041366000413589
10, -0.020262718200683594, -1.6218328475952148, 2.4292240142822266, 0.023647069931030273, -0.6992884874343872, -0.024390459060668945, 0.0, -2.0388814534885378, -5.559594370577011, -3.6203968588391002, -0.12042641341890459
11, -0.020262718200683594, -1.6218328475952148, 2.4292240142822266, 0.023656129837036133, -0.6992701292037964, -0.024363040924072266, 0.0, -2.03887654699875, -5.559598062143646, -3.6203990929273604, -0.12041911873076394
12, -0.020262718200683594, -1.621840000152588, 2.429232120513916, 0.023665189743041992, -0.6992701292037964, -0.024372339248657227, 0.0, -2.038869376034184, -5.559602096721781, -3.6203986222470297, -0.12042654011669995
13, -0.020255565643310547, -1.6218328475952148, 2.4292240142822266, 0.023656129837036133, -0.699306845664978, -0.024353981018066406, 0.0, -2.0388650206087253, -5.559595577696249, -3.620396477994508, -0.12040972672023198
14, -0.020262718200683594, -1.6218253374099731, 2.429232120513916, 0.023647069931030273, -0.699306845664978, -0.024344921112060547, 0.0, -2.0388722003916464, -5.559590319059983, -3.620399005223067, -0.12039071958038239
15, -0.020270109176635742, -1.6218476295471191, 2.4292399883270264, 0.023656129837036133, -0.6992701292037964, -0.024381399154663086, 0.0, -2.0388744400509085, -5.559591847684714, -3.6203940135460413, -0.1203796315944512
16, -0.020255565643310547, -1.6218328475952148, 2.4292240142822266, 0.023656129837036133, -0.6992610692977905, -0.024372339248657227, 0.0, -2.0388918353196193, -5.559593214116179, -3.620399839177228, -0.12037969826413875
17, -0.020255565643310547, -1.6218253374099731, 2.4292080402374268, 0.023665189743041992, -0.6992794275283813, -0.024353981018066406, 0.0, -2.03889790889066, -5.5595933681658725, -3.62039949879362, -0.12040898963226443
18, -0.020255565643310547, -1.6218328475952148, 2.429232120513916, 0.023647069931030273, -0.699306845664978, -0.024353981018066406, 0.0, -2.0388928156537496, -5.559596618796746, -3.6203986442761424, -0.12041005290451334
19, -0.020262718200683594, -1.621840000152588, 2.429232120513916, 0.023665189743041992, -0.6992884874343872, -0.024381399154663086, 0.0, -2.0388950977990365, -5.559598734586849, -3.6204037747658377, -0.1203970620236765
20, -0.020255565643310547, -1.6218328475952148, 2.429232120513916, 0.023665189743041992, -0.6992794275283813, -0.024363040924072266, 0.0, -2.0388932162474935, -5.5596066968108655, -3.6203983404046642, -0.12038190661750114
21, -0.020262718200683594, -1.621840000152588, 2.429232120513916, 0.023665189743041992, -0.699306845664978, -0.024353981018066406, 0.0, -2.038893899971911, -5.559603330487367, -3.6203997934080365, -0.1203829775923495
22, -0.020262718200683594, -1.6218253374099731, 2.4292240142822266, 0.023656129837036133, -0.6992884874343872, -0.024381399154663086, 0.0, -2.038894436079879, -5.559609031152561, -3.6204001009773554, -0.12036617136550998
23, -0.020262718200683594, -1.6218328475952148, 2.4292240142822266, 0.023637771606445312, -0.699306845664978, -0.024344921112060547, 0.0, -2.038900147771881, -5.559612256638902, -3.6204003840049044, -0.12038472456583538
24, -0.020270109176635742, -1.6218328475952148, 2.429232120513916, 0.023647069931030273, -0.6992884874343872, -0.024399518966674805, 0.0, -2.0389143029556025, -5.559614066869641, -3.620402994135616, -0.12037626965664927
25, -0.020262718200683594, -1.6218328475952148, 2.4292399883270264, 0.023647069931030273, -0.6992884874343872, -0.024353981018066406, 0.0, -2.0389142460143397, -5.559614015815451, -3.620402056077074, -0.12036166407616378
26, -0.020255565643310547, -1.6218253374099731, 2.4292240142822266, 0.023665189743041992, -0.6992975473403931, -0.024372339248657227, 0.0, -2.0389174131787566, -5.559628068955991, -3.6204006292636177, -0.1203646459115646
27, -0.020270109176635742, -1.6218328475952148, 2.429232120513916, 0.023656129837036133, -0.6992975473403931, -0.024353981018066406, 0.0, -2.0389157785105216, -5.559623433265065, -3.6204012085184507, -0.12035696448476063
28, -0.020270109176635742, -1.621840000152588, 2.4292240142822266, 0.023647069931030273, -0.699306845664978, -0.024353981018066406, 0.0, -2.038913647565525, -5.559625609695639, -3.6204054100966965, -0.12036187232144613
29, -0.020270109176635742, -1.6218328475952148, 2.4292240142822266, 0.023656129837036133, -0.6992701292037964, -0.024344921112060547, 0.0, -2.038904457371278, -5.5596339603819915, -3.6204020101895726, -0.12036425970466702
30, -0.020255565643310547, -1.6218328475952148, 2.429232120513916, 0.023665189743041992, -0.6992975473403931, -0.024363040924072266, 0.0, -2.0389149601036745, -5.559630383424336, -3.620403540598428, -0.12035823600101558
31, -0.020262718200683594, -1.6218253374099731, 2.429232120513916, 0.023647069931030273, -0.6992975473403931, -0.024353981018066406, 0.0, -2.038913910918624, -5.559620452431215, -3.620409184540756, -0.12035270396420827
32, -0.020270109176635742, -1.6218253374099731, 2.4292399883270264, 0.023647069931030273, -0.6992701292037964, -0.024381399154663086, 0.0, -2.0389020478970536, -5.559623820561926, -3.620404008014238, -0.12034641278445246
33, -0.020262718200683594, -1.6218328475952148, 2.4292240142822266, 0.023647069931030273, -0.6992884874343872, -0.024353981018066406, 0.0, -2.0388961543828987, -5.559621103044535, -3.620404411358334, -0.12034447217687116
34, -0.020262718200683594, -1.621840000152588, 2.429232120513916, 0.023656129837036133, -0.6992975473403931, -0.024363040924072266, 0.0, -2.0388943498584804, -5.559612776071276, -3.6204063993491795, -0.12035544833965162
35, -0.020255565643310547, -1.6218328475952148, 2.4292240142822266, 0.023656129837036133, -0.6992975473403931, -0.024363040924072266, 0.0, -2.038893883600984, -5.55961846642126, -3.620402808194502, -0.12037272231784701
36, -0.020262718200683594, -1.6218328475952148, 2.429232120513916, 0.023656129837036133, -0.6992884874343872, -0.024372339248657227, 0.0, -2.038899602750186, -5.559609461980784, -3.620405504208805, -0.12038451685261986
37, -0.020255565643310547, -1.6218253374099731, 2.429232120513916, 0.023647069931030273, -0.6992975473403931, -0.024381399154663086, 0.0, -2.038880045030171, -5.559603729917495, -3.620407176790832, -0.12039659373762213
38, -0.020270109176635742, -1.6218328475952148, 2.429232120513916, 0.02367424964904785, -0.699306845664978, -0.024363040924072266, 0.0, -2.038879547021197, -5.559619691505748, -3.6204035434734494, -0.12040591137566636
39, -0.020262718200683594, -1.6218253374099731, 2.4292240142822266, 0.023637771606445312, -0.6992884874343872, -0.024344921112060547, 0.0, -2.038868038387243, -5.559609220829717, -3.6204059757403506, -0.12039957610333651
40, -0.020270109176635742, -1.621840000152588, 2.429232120513916, 0.023665189743041992, -0.699306845664978, -0.024381399154663086, 0.0, -2.038848884263774, -5.559607347115251, -3.6204010373690796, -0.12040189601728546
41, -0.020262718200683594, -1.6218328475952148, 2.429232120513916, 0.023647069931030273, -0.6993159055709839, -0.024363040924072266, 0.0, -2.0388606395788735, -5.559612627962875, -3.620404470255064, -0.12040993496513419
42, -0.020270109176635742, -1.6218328475952148, 2.4292240142822266, 0.023656129837036133, -0.699306845664978, -0.024363040924072266, 0.0, -2.0388588355597754, -5.55960331781715, -3.6204080164590655, -0.1204115488630384
43, -0.020262718200683594, -1.6218328475952148, 2.429232120513916, 0.023647069931030273, -0.699306845664978, -0.024344921112060547, 0.0, -2.038842473832606, -5.559592812031673, -3.6204034104659066, -0.12042790140854898
44, -0.020262718200683594, -1.621817946434021, 2.429232120513916, 0.02367424964904785, -0.6992794275283813, -0.024344921112060547, 0.0, -2.038845082822847, -5.5595921628131455, -3.6204030277211614, -0.12042704638089852
45, -0.020262718200683594, -1.6218253374099731, 2.429232120513916, 0.023665189743041992, -0.699306845664978, -0.024353981018066406, 0.0, -2.0388566674679116, -5.559588587764562, -3.6204055808179243, -0.12043514429849722
46, -0.020262718200683594, -1.6218253374099731, 2.429232120513916, 0.023637771606445312, -0.6992884874343872, -0.024372339248657227, 0.0, -2.0388563980213497, -5.559587128528032, -3.6204036453541333, -0.12043678768152066
47, -0.020262718200683594, -1.6218328475952148, 2.429232120513916, 0.023665189743041992, -0.6992884874343872, -0.024390459060668945, 0.0, -2.038868938273395, -5.559587043097035, -3.6204105325673193, -0.12043544179097143
48, -0.020255565643310547, -1.6218253374099731, 2.4292240142822266, 0.023665189743041992, -0.6993159055709839, -0.024363040924072266, 0.0, -2.038862830455699, -5.559590055650923, -3.6204057288498457, -0.12044161344589721
49, -0.020270109176635742, -1.6218253374099731, 2.4292240142822266, 0.023665189743041992, -0.6993249654769897, -0.024344921112060547, 0.0, -2.038855565282977, -5.559592951094393, -3.6204032112535893, -0.12043311391221945
50, -0.020262718200683594, -1.621817946434021, 2.4292240142822266, 0.023647069931030273, -0.6993159055709839, -0.024381399154663086, 0.0, -2.038872318221851, -5.559601886890997, -3.6204110651348023, -0.12044080304154292
51, -0.020262718200683594, -1.6218253374099731, 2.429232120513916, 0.023665189743041992, -0.6992794275283813, -0.024372339248657227, 0.0, -2.038864643297522, -5.559599677489911, -3.6204068676412, -0.12045314714050104
52, -0.020262718200683594, -1.6218253374099731, 2.429232120513916, 0.023647069931030273, -0.6993159055709839, -0.024372339248657227, 0.0, -2.038865429974336, -5.559606735229928, -3.6204087817101183, -0.12045293889585551
53, -0.020262718200683594, -1.621840000152588, 2.4292240142822266, 0.023637771606445312, -0.6992884874343872, -0.024381399154663086, 0.0, -2.038870523490897, -5.559611469749476, -3.6204080152155695, -0.12045484232330228
54, -0.020270109176635742, -1.6218253374099731, 2.429232120513916, 0.023647069931030273, -0.6992975473403931, -0.024399518966674805, 0.0, -2.038874356353632, -5.55960969309482, -3.6204094341552473, -0.12044849164671234
55, -0.020270109176635742, -1.6218328475952148, 2.429232120513916, 0.02367424964904785, -0.699306845664978, -0.024363040924072266, 0.0, -2.0388723026502986, -5.5596151614924985, -3.6204098364111066, -0.12045183817411242
56, -0.020270109176635742, -1.6218253374099731, 2.429232120513916, 0.023665189743041992, -0.6992884874343872, -0.024353981018066406, 0.0, -2.0388654783666644, -5.559619415086466, -3.6204103093477595, -0.12048025990269906
57, -0.020255565643310547, -1.621817946434021, 2.429232120513916, 0.023656129837036133, -0.6992975473403931, -0.024353981018066406, 0.0, -2.0388683817063353, -5.55961366316972, -3.620411279615311, -0.12049122118549072
58, -0.020255565643310547, -1.621840000152588, 2.429232120513916, 0.02367424964904785, -0.6992975473403931, -0.024344921112060547, 0.0, -2.038870947370373, -5.559621994519916, -3.6204091982027573, -0.1204981883792362
59, -0.020270109176635742, -1.6218476295471191, 2.429232120513916, 0.023647069931030273, -0.6993159055709839, -0.024390459060668945, 0.0, -2.0388883728916394, -5.559618016909923, -3.620413329699039, -0.12050674741564293
60, -0.020262718200683594, -1.621817946434021, 2.4292240142822266, 0.023656129837036133, -0.6992884874343872, -0.024381399154663086, 0.0, -2.038893138954568, -5.559615590569527, -3.6204126646770094, -0.1205214263154426
61, -0.020262718200683594, -1.6218253374099731, 2.429232120513916, 0.023656129837036133, -0.6992884874343872, -0.024363040924072266, 0.0, -2.0389019090722558, -5.559625053417763, -3.620414385800441, -0.12053287076659647
62, -0.020262718200683594, -1.6218328475952148, 2.429232120513916, 0.023683547973632812, -0.6992794275283813, -0.024363040924072266, 0.0, -2.0389005783607184, -5.5596234480112665, -3.6204149609219085, -0.12055622821893586
63, -0.020270109176635742, -1.621817946434021, 2.429232120513916, 0.023647069931030273, -0.6992794275283813, -0.024353981018066406, 0.0, -2.0388944586828086, -5.559614519762186, -3.620417188842183, -0.12055876433388057
64, -0.020270109176635742, -1.6218476295471191, 2.429232120513916, 0.023665189743041992, -0.699306845664978, -0.024372339248657227, 0.0, -2.038900777684064, -5.559619895373488, -3.6204161708953837, -0.12055921057107444
65, -0.020262718200683594, -1.6218253374099731, 2.4292240142822266, 0.023656129837036133, -0.6993159055709839, -0.024399518966674805, 0.0, -2.0389015908745387, -5.559609716122611, -3.6204177155159156, -0.12058444914593558
66, -0.020262718200683594, -1.6218328475952148, 2.4292240142822266, 0.023665189743041992, -0.6992794275283813, -0.024372339248657227, 0.0, -2.0388994526674233, -5.559608138741456, -3.620415399696577, -0.12061174810231456
67, -0.020270109176635742, -1.6218328475952148, 2.4292240142822266, 0.023656129837036133, -0.699306845664978, -0.024381399154663086, 0.0, -2.0389037185841286, -5.559612049277303, -3.6204155380461436, -0.12061908024593482
68, -0.020262718200683594, -1.621817946434021, 2.429232120513916, 0.023656129837036133, -0.699306845664978, -0.024363040924072266, 0.0, -2.038907767783087, -5.559608727741542, -3.6204143865128264, -0.12061921386492003
69, -0.020255565643310547, -1.6218328475952148, 2.4292240142822266, 0.023656129837036133, -0.6992975473403931, -0.024363040924072266, 0.0, -2.038908652872912, -5.55961027038644, -3.6204207936012316, -0.12063266663197769
70, -0.020270109176635742, -1.6218253374099731, 2.4292399883270264, 0.023665189743041992, -0.6993249654769897, -0.024363040924072266, 0.0, -2.0389062293546436, -5.559603379975356, -3.620420873560414, -0.12061922949526949
71, -0.020270109176635742, -1.6218328475952148, 2.4292240142822266, 0.023656129837036133, -0.699306845664978, -0.024372339248657227, 0.0, -2.0388973389583263, -5.559606346298863, -3.6204156586848883, -0.12061978653498695
72, -0.020262718200683594, -1.6218328475952148, 2.4292080402374268, 0.023656129837036133, -0.6992701292037964, -0.024353981018066406, 0.0, -2.0389031743406885, -5.559606039728423, -3.6204186098121323, -0.12060358298397489
73, -0.020270109176635742, -1.6218328475952148, 2.4292240142822266, 0.023647069931030273, -0.6992794275283813, -0.024353981018066406, 0.0, -2.038901243696689, -5.55961837081489, -3.620415645497021, -0.12060855801623305
74, -0.020262718200683594, -1.6218328475952148, 2.4292399883270264, 0.023647069931030273, -0.6992884874343872, -0.024363040924072266, 0.0, -2.038894435551531, -5.559608896888416, -3.620417639533304, -0.12059401247322832
75, -0.020262718200683594, -1.6218328475952148, 2.429232120513916, 0.023647069931030273, -0.6992884874343872, -0.024372339248657227, 0.0, -2.0388986926258417, -5.559605756829409, -3.620417602568749, -0.12060766554315983
76, -0.020262718200683594, -1.6218328475952148, 2.429232120513916, 0.023637771606445312, -0.6992975473403931, -0.024381399154663086, 0.0, -2.038905459484336, -5.559614008372299, -3.6204193633635584, -0.12062411477594104
77, -0.020262718200683594, -1.6218253374099731, 2.4292240142822266, 0.023665189743041992, -0.6992884874343872, -0.024363040924072266, 0.0, -2.038897381109377, -5.559612551677109, -3.620416018552542, -0.12062846457394549
78, -0.020262718200683594, -1.6218253374099731, 2.429232120513916, 0.023665189743041992, -0.6992975473403931, -0.024363040924072266, 0.0, -2.038905025042733, -5.559611045906643, -3.6204206319074594, -0.12063296362054388
79, -0.020262718200683594, -1.6218253374099731, 2.429232120513916, 0.023656129837036133, -0.6992794275283813, -0.024363040924072266, 0.0, -2.0389108235612436, -5.559609203616352, -3.6204182119275736, -0.1206376037242789
80, -0.020270109176635742, -1.6218328475952148, 2.429232120513916, 0.023637771606445312, -0.6992975473403931, -0.024372339248657227, 0.0, -2.038905104324678, -5.559603833012715, -3.6204168517272293, -0.12064160472441099
81, -0.020262718200683594, -1.621840000152588, 2.4292240142822266, 0.023656129837036133, -0.6992975473403931, -0.024381399154663086, 0.0, -2.0389078133550598, -5.5596048453293205, -3.6204187397973056, -0.12063784940500621
82, -0.020262718200683594, -1.6218253374099731, 2.4292240142822266, 0.023647069931030273, -0.699306845664978, -0.024390459060668945, 0.0, -2.0388995603573523, -5.559611146451161, -3.620417628161411, -0.12063650325919717
83, -0.020270109176635742, -1.6218328475952148, 2.4292240142822266, 0.023647069931030273, -0.6992975473403931, -0.024381399154663086, 0.0, -2.0389084244374778, -5.559612249492743, -3.6204200543346765, -0.12062345235535865
84, -0.020262718200683594, -1.6218328475952148, 2.429232120513916, 0.023665189743041992, -0.6992884874343872, -0.024372339248657227, 0.0, -2.038917155510874, -5.55962022644493, -3.620423965382889, -0.12060855751109045
85, -0.020262718200683594, -1.6218328475952148, 2.4292240142822266, 0.023647069931030273, -0.6992884874343872, -0.024344921112060547, 0.0, -2.0389109971367416, -5.559625387046199, -3.6204205587049088, -0.12060263050667253
86, -0.020255565643310547, -1.6218328475952148, 2.4292240142822266, 0.023656129837036133, -0.6992794275283813, -0.024381399154663086, 0.0, -2.0388997702858043, -5.559614859753198, -3.620421455483908, -0.12061308630713352
87, -0.020262718200683594, -1.6218328475952148, 2.429232120513916, 0.023665189743041992, -0.699306845664978, -0.024363040924072266, 0.0, -2.038898409373628, -5.55960392631685, -3.620423717678338, -0.1206074275503326
88, -0.020262718200683594, -1.6218253374099731, 2.4292240142822266, 0.023637771606445312, -0.6992884874343872, -0.024363040924072266, 0.0, -2.038892286406202, -5.559605287528798, -3.620421447624028, -0.12062675475579798
89, -0.020277738571166992, -1.6218253374099731, 2.429232120513916, 0.023647069931030273, -0.699306845664978, -0.024353981018066406, 0.0, -2.0388866854782774, -5.5596006080548515, -3.6204196213807913, -0.1206218689714289
90, -0.020262718200683594, -1.6218253374099731, 2.4292240142822266, 0.023665189743041992, -0.6992884874343872, -0.024390459060668945, 0.0, -2.0388983192404524, -5.559599959479396, -3.6204210274875743, -0.12060930123870328
91, -0.020270109176635742, -1.6218253374099731, 2.429232120513916, 0.023656129837036133, -0.6992610692977905, -0.024353981018066406, 0.0, -2.0388985618576716, -5.559609753526757, -3.620420185459817, -0.12060538998936732
92, -0.020255565643310547, -1.6218253374099731, 2.429232120513916, 0.023665189743041992, -0.699306845664978, -0.024372339248657227, 0.0, -2.0388967958481383, -5.559593754003044, -3.6204202781476726, -0.12060561336040454
93, -0.020262718200683594, -1.6218253374099731, 2.4292240142822266, 0.023665189743041992, -0.6993340253829956, -0.024372339248657227, 0.0, -2.038881468766012, -5.559589547585244, -3.6204171273920815, -0.12059529937577906
94, -0.020262718200683594, -1.6218328475952148, 2.429232120513916, 0.023665189743041992, -0.699306845664978, -0.024353981018066406, 0.0, -2.0388790210798065, -5.559589133254958, -3.6204211888714184, -0.12059312101371766
95, -0.020270109176635742, -1.6218253374099731, 2.4292240142822266, 0.023665189743041992, -0.6992975473403931, -0.024363040924072266, 0.0, -2.038884653608208, -5.559579554485728, -3.6204169745799057, -0.1206119271016508
96, -0.020262718200683594, -1.6218328475952148, 2.429232120513916, 0.023656129837036133, -0.6992975473403931, -0.024353981018066406, 0.0, -2.038890767175554, -5.55958306777131, -3.6204176626279123, -0.12059756005485056
97, -0.020270109176635742, -1.6218328475952148, 2.4292399883270264, 0.023647069931030273, -0.699306845664978, -0.024381399154663086, 0.0, -2.0388820574183106, -5.559585514186686, -3.620417959887361, -0.1205865618414741
98, -0.020262718200683594, -1.621840000152588, 2.429232120513916, 0.023647069931030273, -0.699306845664978, -0.024353981018066406, 0.0, -2.0388768340867314, -5.559573359613622, -3.620414735444888, -0.12060420103642944
99, -0.020270109176635742, -1.6218253374099731, 2.429232120513916, 0.023656129837036133, -0.6992610692977905, -0.024372339248657227, 0.0, -2.0388731832228064, -5.559576102179002, -3.6204152296207828, -0.12059837097122905
100, -0.020255565643310547, -1.6218253374099731, 2.4292240142822266, 0.023656129837036133, -0.6992794275283813, -0.024363040924072266, 0.0, -2.0388795129823363, -5.559570371195092, -3.62041919593612, -0.1205968245242044
101, -0.020262718200683594, -1.6218328475952148, 2.4292240142822266, 0.023647069931030273, -0.6992975473403931, -0.024372339248657227, 0.0, -2.0388795350259583, -5.5595541636883254, -3.620419068578474, -0.12059994767375759
102, -0.020262718200683594, -1.6218328475952148, 2.429232120513916, 0.023656129837036133, -0.6992884874343872, -0.024363040924072266, 0.0, -2.0388765545120937, -5.55955330639187, -3.6204159165209715, -0.12058827266945649
103, -0.020262718200683594, -1.6218328475952148, 2.429232120513916, 0.023665189743041992, -0.699306845664978, -0.024390459060668945, 0.0, -2.038858960044057, -5.5595589358138575, -3.6204174129001037, -0.12057027750448945
104, -0.020255565643310547, -1.6218328475952148, 2.429232120513916, 0.023656129837036133, -0.6992884874343872, -0.024381399154663086, 0.0, -2.0388572976877373, -5.5595553018709385, -3.6204149666558267, -0.12057560901598574
105, -0.020262718200683594, -1.6218328475952148, 2.429232120513916, 0.02367424964904785, -0.699306845664978, -0.024381399154663086, 0.0, -2.03885817002017, -5.559554526729799, -3.6204149526688187, -0.12059789599836357
106, -0.020262718200683594, -1.6218328475952148, 2.4292240142822266, 0.023656129837036133, -0.6993159055709839, -0.024335622787475586, 0.0, -2.038861040966161, -5.559550558447296, -3.6204175524454847, -0.12059673578344388
107, -0.020262718200683594, -1.6218253374099731, 2.429232120513916, 0.023647069931030273, -0.6993159055709839, -0.024381399154663086, 0.0, -2.0388406788111033, -5.559547292140897, -3.620412775623355, -0.12059714508683861
108, -0.020262718200683594, -1.621840000152588, 2.429232120513916, 0.023656129837036133, -0.6992884874343872, -0.024390459060668945, 0.0, -2.0388455756292787, -5.559550351151175, -3.620412940397678, -0.12061254565703905
109, -0.020270109176635742, -1.6218328475952148, 2.429248094558716, 0.023665189743041992, -0.699306845664978, -0.024381399154663086, 0.0, -2.0388507853671776, -5.559544797341687, -3.620419394326094, -0.12061302164240129
110, -0.020270109176635742, -1.6218253374099731, 2.4292399883270264, 0.023637771606445312, -0.699306845664978, -0.024363040924072266, 0.0, -2.0388425744952214, -5.559547009098972, -3.6204145916504893, -0.12061090945725095
111, -0.020262718200683594, -1.6218253374099731, 2.4292240142822266, 0.023656129837036133, -0.6992794275283813, -0.024381399154663086, 0.0, -2.038839948020687, -5.559557379923423, -3.62041659587458, -0.12060594262236002
112, -0.020255565643310547, -1.621817946434021, 2.4292399883270264, 0.023647069931030273, -0.6992975473403931, -0.024372339248657227, 0.0, -2.0388440213749965, -5.559548254973774, -3.6204184460434425, -0.1205985802276377
113, -0.020270109176635742, -1.6218328475952148, 2.429216146469116, 0.02367424964904785, -0.6992794275283813, -0.024363040924072266, 0.0, -2.0388383411225863, -5.559551532223484, -3.620415848653234, -0.12059884078539707
114, -0.020262718200683594, -1.6218253374099731, 2.4292240142822266, 0.023656129837036133, -0.6992975473403931, -0.024353981018066406, 0.0, -2.038830675474874, -5.559559646805612, -3.620413863156508, -0.12059026687457575
115, -0.020270109176635742, -1.621817946434021, 2.4292240142822266, 0.023656129837036133, -0.6992884874343872, -0.024381399154663086, 0.0, -2.038825916665075, -5.55955321506634, -3.6204198689326788, -0.12058480918331504
116, -0.020262718200683594, -1.6218253374099731, 2.429232120513916, 0.023647069931030273, -0.6992884874343872, -0.024353981018066406, 0.0, -2.0388077771484423, -5.559551088511492, -3.620414090417952, -0.12057853288439624
117, -0.020255565643310547, -1.621817946434021, 2.4292399883270264, 0.023656129837036133, -0.699306845664978, -0.024353981018066406, 0.0, -2.0388066187586755, -5.559547492027428, -3.6204132232674646, -0.12059336872517967
118, -0.020255565643310547, -1.6218328475952148, 2.429232120513916, 0.023656129837036133, -0.6992794275283813, -0.024363040924072266, 0.0, -2.0388050969078435, -5.559549925418928, -3.620416869409271, -0.12057545461493557
119, -0.020255565643310547, -1.6218328475952148, 2.429232120513916, 0.023665189743041992, -0.6992794275283813, -0.024381399154663086, 0.0, -2.0387858185468426, -5.559547950363476, -3.6204139435885034, -0.12056500702311101
120, -0.020270109176635742, -1.6218253374099731, 2.429232120513916, 0.023683547973632812, -0.6992794275283813, -0.024363040924072266, 0.0, -2.038800056498188, -5.559553870901336, -3.6204174394443953, -0.12056163075348714
121, -0.020262718200683594, -1.6218253374099731, 2.4292240142822266, 0.023656129837036133, -0.6992794275283813, -0.024363040924072266, 0.0, -2.038779019273528, -5.559548570655984, -3.620414768781186, -0.12055728814827127
122, -0.020262718200683594, -1.621817946434021, 2.429216146469116, 0.023647069931030273, -0.6992884874343872, -0.024363040924072266, 0.0, -2.03877304497873, -5.559550014595122, -3.6204087927452333, -0.12059565965855334
123, -0.020255565643310547, -1.621840000152588, 2.429232120513916, 0.023656129837036133, -0.6992975473403931, -0.024372339248657227, 0.0, -2.0387880001084118, -5.559551847004362, -3.6204130851502714, -0.12059854481345056
124, -0.020270109176635742, -1.6218253374099731, 2.429232120513916, 0.023656129837036133, -0.6993159055709839, -0.024381399154663086, 0.0, -2.0387721067953732, -5.559552552477536, -3.6204104674719995, -0.12058130749700968
125, -0.020255565643310547, -1.6218328475952148, 2.429232120513916, 0.023665189743041992, -0.6992884874343872, -0.024381399154663086, 0.0, -2.0387702318608305, -5.559555071531534, -3.620408216805433, -0.12056515576868954
126, -0.020262718200683594, -1.6218105554580688, 2.4292240142822266, 0.023656129837036133, -0.6992884874343872, -0.024381399154663086, 0.0, -2.0387773753985226, -5.559555891254281, -3.620415623242662, -0.12057158850413607
127, -0.020262718200683594, -1.6218253374099731, 2.4292240142822266, 0.023656129837036133, -0.6992975473403931, -0.024363040924072266, 0.0, -2.0387574124330667, -5.559560054333955, -3.6204118918928105, -0.12056360932511634
128, -0.020270109176635742, -1.6218253374099731, 2.429232120513916, 0.023665189743041992, -0.6992884874343872, -0.024381399154663086, 0.0, -2.038749817586404, -5.559558128333776, -3.620410561400693, -0.12056404837978363
129, -0.020270109176635742, -1.6218328475952148, 2.429232120513916, 0.023637771606445312, -0.6992794275283813, -0.024372339248657227, 0.0, -2.0387555663677985, -5.559557564565179, -3.6204114226296147, -0.12055728865953785
130, -0.020262718200683594, -1.621817946434021, 2.4292399883270264, 0.023665189743041992, -0.6992975473403931, -0.024390459060668945, 0.0, -2.0387381199307963, -5.559559002957889, -3.6204106250842925, -0.12054906405056531
131, -0.020262718200683594, -1.6218253374099731, 2.429232120513916, 0.023656129837036133, -0.6993159055709839, -0.024372339248657227, 0.0, -2.038745684618639, -5.559566824904139, -3.6204098152099644, -0.12055293118069788
132, -0.020262718200683594, -1.621840000152588, 2.429232120513916, 0.023665189743041992, -0.6992884874343872, -0.024363040924072266, 0.0, -2.038746364889157, -5.559568274506828, -3.620410837606967, -0.12055203870702691
133, -0.020270109176635742, -1.6218328475952148, 2.429232120513916, 0.023665189743041992, -0.6992975473403931, -0.024372339248657227, 0.0, -2.0387372419023055, -5.559574445974403, -3.620413730901214, -0.12055168171754449
134, -0.020270109176635742, -1.6218253374099731, 2.429232120513916, 0.023647069931030273, -0.6992794275283813, -0.024344921112060547, 0.0, -2.0387429712126273, -5.559570686992745, -3.6204119047123107, -0.12054283288982148
135, -0.020262718200683594, -1.6218328475952148, 2.4292399883270264, 0.023656129837036133, -0.6992884874343872, -0.024363040924072266, 0.0, -2.038753255017437, -5.559578205541525, -3.620415068703357, -0.12055510979218464
136, -0.020262718200683594, -1.621840000152588, 2.4292399883270264, 0.023647069931030273, -0.6992975473403931, -0.024381399154663086, 0.0, -2.0387283074234626, -5.559576812806284, -3.620414002240173, -0.1205446845166156
137, -0.020262718200683594, -1.6218253374099731, 2.429232120513916, 0.023665189743041992, -0.699306845664978, -0.024363040924072266, 0.0, -2.0387287373181895, -5.559583059472732, -3.620407055565828, -0.12051586837967676
138, -0.020277738571166992, -1.6218328475952148, 2.429232120513916, 0.023656129837036133, -0.6992794275283813, -0.024363040924072266, 0.0, -2.0387348676501786, -5.559578578789583, -3.6204125338553155, -0.1205175640814895
139, -0.020255565643310547, -1.6218328475952148, 2.429232120513916, 0.023665189743041992, -0.6992884874343872, -0.024372339248657227, 0.0, -2.0387176643445795, -5.559582873333363, -3.620410470823438, -0.12052168408092179
140, -0.020255565643310547, -1.6218328475952148, 2.4292240142822266, 0.023647069931030273, -0.699306845664978, -0.024363040924072266, 0.0, -2.038719345010888, -5.559580288332235, -3.6204081226177083, -0.12049393943163711
141, -0.020255565643310547, -1.6218253374099731, 2.429232120513916, 0.023647069931030273, -0.6992884874343872, -0.024381399154663086, 0.0, -2.0387185806767327, -5.559571306466243, -3.6204113073915307, -0.12048640623206452
142, -0.020262718200683594, -1.6218253374099731, 2.4292399883270264, 0.023656129837036133, -0.699306845664978, -0.024372339248657227, 0.0, -2.0387015740160828, -5.559570957456913, -3.620407769327077, -0.12049089809785851
143, -0.020262718200683594, -1.621840000152588, 2.429232120513916, 0.023647069931030273, -0.699306845664978, -0.024363040924072266, 0.0, -2.038702684101965, -5.559578458159711, -3.6204090565090103, -0.12046322782578223
144, -0.020270109176635742, -1.6218328475952148, 2.4292399883270264, 0.023656129837036133, -0.6993249654769897, -0.024381399154663086, 0.0, -2.0387010652602853, -5.559574989664141, -3.620410862777037, -0.12045738289262964
145, -0.020262718200683594, -1.6218253374099731, 2.429232120513916, 0.023656129837036133, -0.6992701292037964, -0.024344921112060547, 0.0, -2.0386958159357205, -5.559565164342079, -3.6204092933515795, -0.12045446825602824
146, -0.020255565643310547, -1.621840000152588, 2.429232120513916, 0.023665189743041992, -0.6992975473403931, -0.024372339248657227, 0.0, -2.0386984380431445, -5.559564262399352, -3.6204093456379978, -0.12046757094676863
147, -0.020262718200683594, -1.6218253374099731, 2.429232120513916, 0.023656129837036133, -0.6992884874343872, -0.024390459060668945, 0.0, -2.0386898403534324, -5.559562138906087, -3.6204118395926526, -0.12047624179135052
148, -0.020262718200683594, -1.6218328475952148, 2.429232120513916, 0.023656129837036133, -0.6992701292037964, -0.024381399154663086, 0.0, -2.0386841107271, -5.559559111986642, -3.620406675405324, -0.12047856170664151
149, -0.0202481746673584, -1.621840000152588, 2.4292399883270264, 0.023647069931030273, -0.6992794275283813, -0.024353981018066406, 0.0, -2.0386937985988385, -5.559557487647925, -3.620406347817172, -0.12049080936954759
150, -0.02024078369140625, -1.6219507455825806, 2.429311990737915, 0.023647069931030273, -0.6992884874343872, -0.024353981018066406, 0.0, -2.038683858701198, -5.559563185199033, -3.6204102142743464, -0.12050511716123236
151, -0.020211219787597656, -1.6220391988754272, 2.4294238090515137, 0.023647069931030273, -0.6992884874343872, -0.024344921112060547, 0.0, -2.038674744195309, -5.559561995721744, -3.620404466175631, -0.12049042314959735
152, -0.020203828811645508, -1.6220908164978027, 2.4295036792755127, 0.023647069931030273, -0.6992884874343872, -0.024363040924072266, 0.0, -2.0386752318352475, -5.559564839631873, -3.6204025804940243, -0.1204769557716805
153, -0.020181894302368164, -1.6220908164978027, 2.4295036792755127, 0.023656129837036133, -0.6992794275283813, -0.024344921112060547, 0.0, -2.0386708521089076, -5.559564743479398, -3.6204073415468296, -0.12048142506501236
154, -0.020167112350463867, -1.622076153755188, 2.429511547088623, 0.023628711700439453, -0.6992884874343872, -0.024353981018066406, 0.0, -2.038674279675429, -5.559555051085222, -3.620406140392879, -0.12047672547597976
155, -0.02015972137451172, -1.6220908164978027, 2.4295597076416016, 0.023665189743041992, -0.6992884874343872, -0.024335622787475586, 0.0, -2.0386709119181385, -5.559554656767609, -3.620404063276756, -0.12047255367456966
156, -0.020174503326416016, -1.622127890586853, 2.429567575454712, 0.023665189743041992, -0.6992884874343872, -0.024353981018066406, 0.0, -2.0386645756345354, -5.559552918784075, -3.620405112961175, -0.12046754941785398
157, -0.02015972137451172, -1.622135043144226, 2.429527759552002, 0.023665189743041992, -0.6992794275283813, -0.024344921112060547, 0.0, -2.0386612845579806, -5.559550313362348, -3.620402369073948, -0.12048535939298066
158, -0.020144939422607422, -1.6221497058868408, 2.4295036792755127, 0.023665189743041992, -0.6992975473403931, -0.024363040924072266, 0.0, -2.038660534646513, -5.559548035272494, -3.620405033708784, -0.12047464355449833
159, -0.020137548446655273, -1.6221202611923218, 2.429511547088623, 0.023647069931030273, -0.6992884874343872, -0.024372339248657227, 0.0, -2.038654173746742, -5.559559930519821, -3.6204060048417794, -0.12047372185118377
160, -0.020130157470703125, -1.6221425533294678, 2.4295437335968018, 0.023647069931030273, -0.699306845664978, -0.024353981018066406, 0.0, -2.038646841805228, -5.559558601313328, -3.620401949512514, -0.12047976732919441
161, -0.020137548446655273, -1.622135043144226, 2.4295437335968018, 0.023665189743041992, -0.6992701292037964, -0.024344921112060547, 0.0, -2.0386503651476433, -5.559556841608774, -3.6204048823967256, -0.12048342621702002
162, -0.020130157470703125, -1.6221128702163696, 2.4295437335968018, 0.023647069931030273, -0.6992794275283813, -0.024363040924072266, 0.0, -2.0386461247159247, -5.55956062405678, -3.620405745635166, -0.12047690449191695
163, -0.020130157470703125, -1.622135043144226, 2.4295437335968018, 0.023647069931030273, -0.6992794275283813, -0.024353981018066406, 0.0, -2.038648968814623, -5.559559117982788, -3.6204061248438038, -0.12047821319518981
164, -0.020130157470703125, -1.622135043144226, 2.4295437335968018, 0.023656129837036133, -0.6992794275283813, -0.024363040924072266, 0.0, -2.0386407528187838, -5.559555966159017, -3.6204045530314963, -0.12049954074838887
165, -0.020130157470703125, -1.6221497058868408, 2.4295356273651123, 0.023656129837036133, -0.6992884874343872, -0.024353981018066406, 0.0, -2.0386394384526922, -5.5595456021158185, -3.620406992408004, -0.12048474287762545
166, -0.02011561393737793, -1.622127890586853, 2.429527759552002, 0.023656129837036133, -0.6992701292037964, -0.024335622787475586, 0.0, -2.0386423820316897, -5.559540023234257, -3.620404470482276, -0.12047139449946886
167, -0.020130157470703125, -1.622127890586853, 2.4295437335968018, 0.023656129837036133, -0.6992794275283813, -0.024363040924072266, 0.0, -2.0386438072361823, -5.559533084749078, -3.620405385016688, -0.12045968232553506
168, -0.02011561393737793, -1.622127890586853, 2.4295597076416016, 0.023656129837036133, -0.6992520093917847, -0.024317502975463867, 0.0, -2.038624449272534, -5.559540220296294, -3.6204027934579903, -0.12046438987263564
169, -0.020122766494750977, -1.622135043144226, 2.4295437335968018, 0.023656129837036133, -0.6992610692977905, -0.024363040924072266, 0.0, -2.0386246707068603, -5.559537190265657, -3.620402656726584, -0.12047222029983295
170, -0.02011561393737793, -1.622127890586853, 2.429527759552002, 0.02367424964904785, -0.6992794275283813, -0.024344921112060547, 0.0, -2.0386267532875744, -5.559541173642302, -3.6204073674609116, -0.12047571556691228
171, -0.020122766494750977, -1.622135043144226, 2.4295356273651123, 0.02367424964904785, -0.6992701292037964, -0.024353981018066406, 0.0, -2.0386064129980617, -5.55954271962906, -3.6203990359734894, -0.12045922943488563
172, -0.02011561393737793, -1.622135043144226, 2.4295356273651123, 0.02367424964904785, -0.6992884874343872, -0.024363040924072266, 0.0, -2.0386063412097997, -5.559555165046915, -3.6204017403754567, -0.12046465813759255
173, -0.02010822296142578, -1.622135043144226, 2.4295437335968018, 0.023647069931030273, -0.6992610692977905, -0.024335622787475586, 0.0, -2.0385998412602038, -5.5595577925955215, -3.620401208331901, -0.1204646878867699
174, -0.02010822296142578, -1.622127890586853, 2.429527759552002, 0.023656129837036133, -0.6992975473403931, -0.024353981018066406, 0.0, -2.038598369330201, -5.5595561300010266, -3.6203944684695903, -0.12046919410377832
175, -0.02010822296142578, -1.622127890586853, 2.429551601409912, 0.023656129837036133, -0.6992794275283813, -0.024335622787475586, 0.0, -2.0386067548379168, -5.5595495233258045, -3.620406546020352, -0.12048149408193431
176, -0.02010059356689453, -1.6221425533294678, 2.4295597076416016, 0.023647069931030273, -0.6992794275283813, -0.024353981018066406, 0.0, -2.0386027668891296, -5.559555523706436, -3.6204054503682883, -0.12050136391983024
177, -0.02010822296142578, -1.6221425533294678, 2.429551601409912, 0.023665189743041992, -0.6992610692977905, -0.024344921112060547, 0.0, -2.0385844816641256, -5.55955231364642, -3.620396037685345, -0.12048890801978285
178, -0.02010822296142578, -1.622135043144226, 2.4295437335968018, 0.023656129837036133, -0.6992794275283813, -0.024335622787475586, 0.0, -2.038596182009192, -5.559557959665223, -3.620402367837704, -0.12048549508368289
179, -0.02011561393737793, -1.622135043144226, 2.4295356273651123, 0.023647069931030273, -0.6992975473403931, -0.024335622787475586, 0.0, -2.0385928168682343, -5.559559541985817, -3.620402835029679, -0.12048527940230347
180, -0.02010822296142578, -1.622127890586853, 2.4295437335968018, 0.023656129837036133, -0.6992701292037964, -0.024353981018066406, 0.0, -2.0385751668059076, -5.559563353300409, -3.6203966180766183, -0.12049987698073306
181, -0.02011561393737793, -1.6221202611923218, 2.4295437335968018, 0.023656129837036133, -0.6992701292037964, -0.024363040924072266, 0.0, -2.038580144781786, -5.559564210099359, -3.6204014788340473, -0.12049764605411273
182, -0.02010822296142578, -1.622135043144226, 2.429551601409912, 0.023647069931030273, -0.6992794275283813, -0.024390459060668945, 0.0, -2.0385821380113023, -5.559565116729572, -3.6204012471974427, -0.12050152036179451
183, -0.02010822296142578, -1.622135043144226, 2.4295437335968018, 0.023656129837036133, -0.6992975473403931, -0.024353981018066406, 0.0, -2.0385651270292966, -5.559558543986732, -3.6203978693283827, -0.12051727815560742
184, -0.02010822296142578, -1.622127890586853, 2.429551601409912, 0.023656129837036133, -0.6992884874343872, -0.024335622787475586, 0.0, -2.038573931999615, -5.559559897232677, -3.620399321898021, -0.12052255785136534
185, -0.02011561393737793, -1.622135043144226, 2.4295437335968018, 0.023656129837036133, -0.6992701292037964, -0.024372339248657227, 0.0, -2.038575407959023, -5.559560259449787, -3.62040203092542, -0.12053039571395008
186, -0.020093202590942383, -1.6221425533294678, 2.4295437335968018, 0.023665189743041992, -0.6992610692977905, -0.024353981018066406, 0.0, -2.0385627880155424, -5.559558744922147, -3.6203994984508374, -0.12054149828417948
187, -0.02010822296142578, -1.622135043144226, 2.429551601409912, 0.023656129837036133, -0.6992701292037964, -0.024363040924072266, 0.0, -2.038572347045609, -5.559553458922717, -3.6204037349626, -0.12052415660893256
188, -0.02010822296142578, -1.6221202611923218, 2.429551601409912, 0.023647069931030273, -0.6992794275283813, -0.024335622787475586, 0.0, -2.0385753297276255, -5.559560790947917, -3.62040572273038, -0.12052767392718966
189, -0.02010822296142578, -1.622127890586853, 2.429551601409912, 0.023637771606445312, -0.6992701292037964, -0.024353981018066406, 0.0, -2.038557497662143, -5.559566542190413, -3.620402428035491, -0.1205245141135487
190, -0.02010822296142578, -1.622135043144226, 2.4295437335968018, 0.023656129837036133, -0.6992884874343872, -0.024335622787475586, 0.0, -2.038544987440983, -5.5595721151857065, -3.62040172177509, -0.12053909681409358
191, -0.02010059356689453, -1.622135043144226, 2.4295597076416016, 0.023656129837036133, -0.6992884874343872, -0.024344921112060547, 0.0, -2.038535789581866, -5.55957658574826, -3.6204004802973833, -0.12052353290799811
192, -0.02010822296142578, -1.622127890586853, 2.4295437335968018, 0.023656129837036133, -0.6992884874343872, -0.024335622787475586, 0.0, -2.038528315591285, -5.559576073579275, -3.620399372823575, -0.12051207334954928
193, -0.02010822296142578, -1.6221425533294678, 2.4295597076416016, 0.023656129837036133, -0.6992610692977905, -0.024344921112060547, 0.0, -2.0385307249578104, -5.559578563821319, -3.620398927582044, -0.12050050223075637
194, -0.02010059356689453, -1.622135043144226, 2.429551601409912, 0.023665189743041992, -0.6992794275283813, -0.024363040924072266, 0.0, -2.038529686555038, -5.559581548512364, -3.620401455055271, -0.1204938915212983
195, -0.020093202590942383, -1.6221425533294678, 2.429551601409912, 0.023656129837036133, -0.6992701292037964, -0.024363040924072266, 0.0, -2.038514128931766, -5.55957334123898, -3.6204005648517223, -0.12049665819130073
196, -0.02010059356689453, -1.6221425533294678, 2.429551601409912, 0.023665189743041992, -0.6992610692977905, -0.024335622787475586, 0.0, -2.0385185447721983, -5.55957517817244, -3.6204024712370173, -0.12048918475766435
197, -0.02010822296142578, -1.6221497058868408, 2.429551601409912, 0.023656129837036133, -0.6992610692977905, -0.024363040924072266, 0.0, -2.038508321573644, -5.5595860630956935, -3.620403593384029, -0.120491036901341
198, -0.02010059356689453, -1.622135043144226, 2.4295437335968018, 0.023656129837036133, -0.6992884874343872, -0.024344921112060547, 0.0, -2.0384894439857635, -5.559580669495935, -3.620400686199372, -0.12048421077263072
199, -0.02010822296142578, -1.622135043144226, 2.429551601409912, 0.023637771606445312, -0.6992701292037964, -0.024344921112060547, 0.0, -2.0384889003244995, -5.55957083825819, -3.6203990693914765, -0.12050709935932069
200, -0.02010059356689453, -1.622135043144226, 2.429551601409912, 0.023656129837036133, -0.6992520093917847, -0.024353981018066406, 0.0, -2.038489201584359, -5.559582528834576, -3.6204015724364877, -0.12050289781279755
201, -0.02011561393737793, -1.6221202611923218, 2.4295597076416016, 0.023665189743041992, -0.6992884874343872, -0.024344921112060547, 0.0, -2.038476402522365, -5.559581580412212, -3.620400921278026, -0.12049744732104095
202, -0.02010822296142578, -1.6221202611923218, 2.4295597076416016, 0.023656129837036133, -0.6992975473403931, -0.024344921112060547, 0.0, -2.038475087241151, -5.559583629788277, -3.6204017115834177, -0.12049419774700887
203, -0.020093202590942383, -1.622135043144226, 2.429551601409912, 0.023647069931030273, -0.6992610692977905, -0.024353981018066406, 0.0, -2.038484300473789, -5.559591090590757, -3.620402514787618, -0.12050429602175061
204, -0.020085811614990234, -1.622127890586853, 2.4295437335968018, 0.023647069931030273, -0.6992610692977905, -0.024372339248657227, 0.0, -2.0384709501363174, -5.559585924052259, -3.6204006207966155, -0.12048569770984141
205, -0.020093202590942383, -1.622127890586853, 2.4295437335968018, 0.023647069931030273, -0.6992884874343872, -0.024363040924072266, 0.0, -2.038464331217509, -5.559590814760629, -3.620400607578945, -0.12048236658583811
206, -0.020093202590942383, -1.622135043144226, 2.4295597076416016, 0.023656129837036133, -0.6992794275283813, -0.024363040924072266, 0.0, -2.038467812823101, -5.559601218165883, -3.6204009601193596, -0.12047005226178609
207, -0.02010822296142578, -1.622127890586853, 2.4295597076416016, 0.023656129837036133, -0.6992884874343872, -0.024353981018066406, 0.0, -2.038461108055061, -5.559600204078229, -3.6203978366138463, -0.12047151740751083
208, -0.020093202590942383, -1.622135043144226, 2.429551601409912, 0.023665189743041992, -0.6992701292037964, -0.024353981018066406, 0.0, -2.0384465900243707, -5.559585416210502, -3.62039852425982, -0.12046826835630231
209, -0.02010059356689453, -1.622135043144226, 2.429551601409912, 0.023647069931030273, -0.6992794275283813, -0.024353981018066406, 0.0, -2.0384450378060825, -5.559593017219033, -3.620396337525405, -0.12046692964453509
210, -0.020093202590942383, -1.622127890586853, 2.4295597076416016, 0.023637771606445312, -0.6992794275283813, -0.024344921112060547, 0.0, -2.0384343044857927, -5.559588798853013, -3.620397895667062, -0.1204632117839246
211, -0.011966228485107422, -1.6320322751998901, 2.4286487102508545, 0.06192350387573242, -0.6771734952926636, -0.06360745429992676, 0.0, -2.038516789936778, -5.559557464325057, -3.620480817419544, -0.12064226930583555
212, 0.0003349781036376953, -1.6605288982391357, 2.4329710006713867, 0.13173770904541016, -0.6376737356185913, -0.1372203826904297, 0.0, -2.0380739574056967, -5.56002004742611, -3.6210022925033725, -0.12154888723212487
213, 0.006212949752807617, -1.6974844932556152, 2.4453227519989014, 0.18109917640686035, -0.6196492910385132, -0.19113802909851074, 0.0, -2.0371555668022383, -5.560334997990274, -3.6215131510914764, -0.12158754824634066
214, 0.005549192428588867, -1.749971866607666, 2.466231346130371, 0.23968243598937988, -0.597908616065979, -0.2505614757537842, 0.0, -2.035755463747341, -5.560506385764833, -3.6219181287439266, -0.11967400496001623
215, 0.0018765926361083984, -1.8042658567428589, 2.489025354385376, 0.2951524257659912, -0.5766066312789917, -0.30322790145874023, 0.0, -2.034399249364466, -5.560540976286988, -3.6219256735824548, -0.11780179151642223
216, 0.00023937225341796875, -1.8699910640716553, 2.518873929977417, 0.35825562477111816, -0.5549207925796509, -0.3629894256591797, 0.0, -2.032769791827021, -5.560736219965352, -3.6217655854398836, -0.11763989841504152
217, 0.001928091049194336, -1.9536813497543335, 2.556248903274536, 0.43137550354003906, -0.52521812915802, -0.437396764755249, 0.0, -2.030736594061745, -5.5610057963181845, -3.621401039914412, -0.11983198870687328
218, 0.0021123886108398438, -1.986227035522461, 2.5706698894500732, 0.4605848789215088, -0.512234091758728, -0.4671175479888916, 0.0, -2.0299739982929377, -5.5610366706892975, -3.6212375599599236, -0.12056921565605805
219, 0.001485586166381836, -2.0419368743896484, 2.5952534675598145, 0.5132150650024414, -0.49142491817474365, -0.5192818641662598, 0.0, -2.0287357101746393, -5.56099247276386, -3.6209076713816266, -0.12117677929176374
220, 0.0004899501800537109, -2.1038641929626465, 2.622433662414551, 0.5743460655212402, -0.4677668809890747, -0.5790433883666992, 0.0, -2.027510836580453, -5.561053727486371, -3.620513377970099, -0.1213535773507104
221, 0.0005638599395751953, -2.164677619934082, 2.648782968521118, 0.6344361305236816, -0.44247448444366455, -0.638603687286377, 0.0, -2.026429794088273, -5.561313354319491, -3.620147915073758, -0.12148031955440697
222, 0.0011835098266601562, -2.2171425819396973, 2.6714491844177246, 0.6863448619842529, -0.4200857877731323, -0.6905033588409424, 0.0, -2.0255191432114956, -5.561499934187394, -3.6198864247413556, -0.12126856502204486
223, 0.0013380050659179688, -2.276702404022217, 2.697263240814209, 0.7456405162811279, -0.3944281339645386, -0.7504198551177979, 0.0, -2.024482781243621, -5.561591432816088, -3.6196493531219223, -0.1205590130862344
224, 0.0012273788452148438, -2.336195945739746, 2.722829580307007, 0.8060228824615479, -0.37013089656829834, -0.8097703456878662, 0.0, -2.0235029425928373, -5.561743805976125, -3.619498606366887, -0.11993130766478899
225, 0.001043081283569336, -2.3809762001037598, 2.7419323921203613, 0.8507364988327026, -0.35119354724884033, -0.8543562889099121, 0.0, -2.0228155252082702, -5.561900407819911, -3.619437708735084, -0.11983334846437543
226, 0.0012273788452148438, -2.440351724624634, 2.7676265239715576, 0.910251259803772, -0.3258553743362427, -0.9138526916503906, 0.0, -2.0218991404832236, -5.562013553418952, -3.6193817337472995, -0.11992326095118155
227, 0.0011980533599853516, -2.4923670291900635, 2.790372610092163, 0.9624797105789185, -0.3043433427810669, -0.9657797813415527, 0.0, -2.0211069784639486, -5.562062227124175, -3.619351037899541, -0.12008088787516602
228, 0.0010728836059570312, -2.5520668029785156, 2.8164823055267334, 1.0219488143920898, -0.2800642251968384, -1.0254316329956055, 0.0, -2.0202476482755656, -5.5622002326828675, -3.619305059451912, -0.12043463461690074
229, 0.0009548664093017578, -2.596677541732788, 2.836280345916748, 1.0664342641830444, -0.26083481311798096, -1.0704009532928467, 0.0, -2.0196484678540205, -5.562318375444928, -3.61925986167291, -0.1206874256740269
230, 0.0010654926300048828, -2.6565029621124268, 2.862637519836426, 1.1260312795639038, -0.2364736795425415, -1.1297698020935059, 0.0, -2.0189005652414416, -5.562440680924574, -3.61915965485772, -0.12091432710630201
231, 0.0009031295776367188, -2.81318998336792, 2.931467056274414, 1.2822507619857788, -0.17075908184051514, -1.2858428955078125, 0.0, -2.0172806275737263, -5.562758170104869, -3.618752971657623, -0.1208992018011692
232, 0.0009398460388183594, -2.8427929878234863, 2.944401979446411, 1.3118438720703125, -0.15838682651519775, -1.3158655166625977, 0.0, -2.0170194849683485, -5.562830309626524, -3.618664564994994, -0.1208715536166114
233, 0.0007410049438476562, -2.9021830558776855, 2.970247983932495, 1.3712126016616821, -0.13324034214019775, -1.3753342628479004, 0.0, -2.016547691807424, -5.5629637284209315, -3.618492648373414, -0.12079768845373007
234, 0.0007774829864501953, -2.9514548778533936, 2.9925944805145264, 1.4184554815292358, -0.11248600482940674, -1.4234085083007812, 0.0, -2.016174858661469, -5.563072780095343, -3.618360226140877, -0.12078330034237084
235, 0.0007925033569335938, -2.9883663654327393, 3.0111379623413086, 1.4526596069335938, -0.09419691562652588, -1.4582972526550293, 0.0, -2.015932331284722, -5.563149522804712, -3.6182832186937075, -0.1208013518665032
236, 0.0007336139678955078, -3.0320773124694824, 3.0378470420837402, 1.4956293106079102, -0.06556260585784912, -1.5018420219421387, 0.0, -2.015756379383103, -5.563233611721032, -3.618184733252108, -0.1208490642831741
237, 0.0007185935974121094, -3.05741024017334, 3.058164119720459, 1.521241307258606, -0.04382216930389404, -1.5276918411254883, 0.0, -2.015687589480652, -5.563276098132397, -3.6181155921435626, -0.12090113835523741
238, 0.0008366107940673828, -3.0761497020721436, 3.077850341796875, 1.5407812595367432, -0.023268580436706543, -1.5472044944763184, 0.0, -2.015648627544469, -5.563316876409146, -3.6181062136321662, -0.120977745051837
239, 0.0009915828704833984, -3.094447135925293, 3.1030330657958984, 1.5570616722106934, -0.0038290023803710938, -1.563265323638916, 0.0, -2.0155855026053557, -5.563350843179015, -3.6181746262257533, -0.12088135122710941
240, 0.0008955001831054688, -3.1000664234161377, 3.112931966781616, 1.5606683492660522, -0.0009620189666748047, -1.5661964416503906, 0.0, -2.0155114621628685, -5.563354364700992, -3.618202056332053, -0.12067834031907321
241, 0.0013380050659179688, -3.105693817138672, 3.122471570968628, 1.5610426664352417, -0.0009436607360839844, -1.566497802734375, 0.0, -2.0154288298038, -5.5633342772250405, -3.6182036695192874, -0.12043344062792105
242, -4.076957702636719e-05, -3.1127073764801025, 3.138314723968506, 1.561389684677124, -0.001674056053161621, -1.5663151741027832, 0.02570521831512451, -2.0152877063620944, -5.563359939052041, -3.6179994282918204, -0.12048688566064403
243, 0.0010504722595214844, -3.1117191314697266, 3.1373560428619385, 1.5627684593200684, -0.0005875825881958008, -1.5670547485351562, 0.028407394886016846, -2.0152561828481095, -5.5633572656535595, -3.618317625647299, -0.12067036984343282
244, 0.0001804828643798828, -3.1141085624694824, 3.1382029056549072, 1.5622844696044922, -0.001199483871459961, -1.5674381256103516, 0.025453388690948486, -2.0150170654373434, -5.563431803741885, -3.618393110548481, -0.12082071477484568
245, 0.0006892681121826172, -3.1164021492004395, 3.1385223865509033, 1.5622113943099976, -0.0009710788726806641, -1.5678672790527344, 0.0, -2.014899097488852, -5.563529447584455, -3.6183436150036044, -0.12092774684946317
246, 0.0005490779876708984, -3.1161587238311768, 3.1381468772888184, 1.562430500984192, -0.000825047492980957, -1.5678672790527344, 0.0, -2.014828388860724, -5.563667081272903, -3.6183451553008568, -0.12102835830810488
247, 0.0007038116455078125, -3.1169846057891846, 3.1385464668273926, 1.5622388124465942, -0.0009162425994873047, -1.567976951599121, 0.0, -2.0147669349019948, -5.563720350564786, -3.6182729760105827, -0.12098464853960689
248, 0.000652313232421875, -3.116859197616577, 3.1382906436920166, 1.562375783920288, -0.0010167360305786133, -1.5679221153259277, 0.0, -2.0147280113229984, -5.563801104261934, -3.6183778964492235, -0.12095618990610912
249, 0.0006966590881347656, -3.11747145652771, 3.138474464416504, 1.5623209476470947, -0.0009436607360839844, -1.567976951599121, 0.0, -2.0146866496158036, -5.563851541228774, -3.6183712003963873, -0.12103867320784456
250, 0.0006892681121826172, -3.117323637008667, 3.138378620147705, 1.5623301267623901, -0.0010167360305786133, -1.5679402351379395, 0.0, -2.0146890367950063, -5.563873132253434, -3.6183736435091958, -0.1211125370848194
251, 0.0005860328674316406, -3.1176040172576904, 3.138418436050415, 1.5623117685317993, -0.001044154167175293, -1.5679492950439453, 0.0, -2.0146644738597055, -5.563857797041048, -3.618382612243102, -0.12119173299335007
252, 0.0006892681121826172, -3.117574453353882, 3.1384024620056152, 1.5623393058776855, -0.0010075569152832031, -1.5679492950439453, 0.0, -2.0146643437195615, -5.563845169459856, -3.618418865158374, -0.12118880341493732
253, 0.0005931854248046875, -3.117589235305786, 3.1384503841400146, 1.5623301267623901, -0.0010075569152832031, -1.5679588317871094, 0.0, -2.0146437153461156, -5.563831472613072, -3.618446907078896, -0.12106619386276574
254, 0.0006742477416992188, -3.1175599098205566, 3.138434410095215, 1.5623301267623901, -0.0009984970092773438, -1.5679492950439453, 0.0, -2.0146199159674207, -5.5638268268634885, -3.618455144452093, -0.1209757906257547
255, 0.0006597042083740234, -3.117626428604126, 3.1384503841400146, 1.5623483657836914, -0.0009984970092773438, -1.5679588317871094, 0.0, -2.0145864990189666, -5.563822894797948, -3.618459895378878, -0.12090848404548726
256, 0.0006449222564697266, -3.1176040172576904, 3.138458490371704, 1.5623483657836914, -0.0010075569152832031, -1.5679130554199219, 0.0, -2.0145538236803633, -5.563824056820424, -3.6184771898496066, -0.12089344070290498
257, 0.0006892681121826172, -3.1176040172576904, 3.1384663581848145, 1.5623301267623901, -0.0009894371032714844, -1.5679492950439453, 0.0, -2.0145059631032787, -5.563846675924653, -3.618487833152417, -0.1209831520550555
258, 0.0006375312805175781, -3.117619037628174, 3.1384663581848145, 1.5623301267623901, -0.0010259151458740234, -1.5679492950439453, 0.0, -2.0144643981405825, -5.563872490179842, -3.618485866687924, -0.12106408103204913
259, 0.000652313232421875, -3.1176116466522217, 3.1384503841400146, 1.5623301267623901, -0.0010350942611694336, -1.5679492950439453, 0.0, -2.0144215615900647, -5.563910662837547, -3.618490710341068, -0.12111720606088561
260, 0.0006449222564697266, -3.1176040172576904, 3.1384825706481934, 1.5623483657836914, -0.0010167360305786133, -1.5679492950439453, 0.0, -2.0143819552522757, -5.563939504263722, -3.6184997149588076, -0.1211419391472246
261, 0.0006668567657470703, -3.117589235305786, 3.138474464416504, 1.5623301267623901, -0.0010259151458740234, -1.5679678916931152, 0.0, -2.014351071153198, -5.563956126476296, -3.6185125471103365, -0.12114748681838972
262, 0.0006668567657470703, -3.1176040172576904, 3.1384825706481934, 1.5623301267623901, -0.0010167360305786133, -1.5679492950439453, 0.0, -2.014322642411246, -5.563963967121685, -3.61852799474063, -0.12113923246666136
263, 0.0006449222564697266, -3.1176116466522217, 3.1384825706481934, 1.5623483657836914, -0.0010167360305786133, -1.5679678916931152, 0.0, -2.0142783447267036, -5.563965588995051, -3.618579324192007, -0.12120790637344125
264, 0.0006449222564697266, -3.1176116466522217, 3.1384825706481934, 1.5623301267623901, -0.0009984970092773438, -1.567976951599121, 0.0, -2.0142686323285974, -5.563964428307078, -3.6186015806625287, -0.12123672201821378
265, 0.000652313232421875, -3.1176116466522217, 3.138498306274414, 1.5623393058776855, -0.0010167360305786133, -1.5679678916931152, 0.0, -2.014337129424549, -5.5639912407327135, -3.618634008539918, -0.12128296070822486
266, 0.0006597042083740234, -3.117619037628174, 3.138498306274414, 1.5623117685317993, -0.0010167360305786133, -1.5679678916931152, 0.0, -2.0143769896701444, -5.564019413519045, -3.6186489680125398, -0.1212956248465682
267, 0.0006449222564697266, -3.117633819580078, 3.138498306274414, 1.5623301267623901, -0.0010167360305786133, -1.5679492950439453, 0.0, -2.01432715285522, -5.563982428062312, -3.6186670532543785, -0.12122590929327615
268, 0.0006668567657470703, -3.117633819580078, 3.138498306274414, 1.5623301267623901, -0.0010167360305786133, -1.5679678916931152, 0.0, -2.014371783139133, -5.563992972093468, -3.6186651612435514, -0.1212172010590491
269, 0.000652313232421875, -3.1176486015319824, 3.138498306274414, 1.5623209476470947, -0.0009984970092773438, -1.5679492950439453, 0.0, -2.014411417604388, -5.5640322764550945, -3.618679373182574, -0.12120242542158
270, 0.0006375312805175781, -3.1176412105560303, 3.1385064125061035, 1.5623483657836914, -0.0009984970092773438, -1.5679678916931152, 0.0, -2.0143378810642196, -5.564043678077649, -3.618691125125343, -0.12121928345637034
271, 0.0006375312805175781, -3.1176486015319824, 3.1385064125061035, 1.5623117685317993, -0.0010259151458740234, -1.5679402351379395, 0.0, -2.014365503993083, -5.564069386387587, -3.618693305879106, -0.12125323029353297
272, 0.0006597042083740234, -3.117633819580078, 3.1385064125061035, 1.5623301267623901, -0.0010167360305786133, -1.5679588317871094, 0.0, -2.01436915365353, -5.564084580886157, -3.6186988929699737, -0.12125224902125442
273, 0.000652313232421875, -3.1176412105560303, 3.1385064125061035, 1.5623393058776855, -0.0010167360305786133, -1.5679588317871094, 0.0, -2.0143190851757056, -5.564078046838997, -3.618702739452641, -0.12124357096779104
274, 0.000652313232421875, -3.117633819580078, 3.138514518737793, 1.5623393058776855, -0.0009894371032714844, -1.5679492950439453, 0.0, -2.014273133256799, -5.564095906920596, -3.6187111105198593, -0.12117286693627793
275, 0.0006742477416992188, -3.117677927017212, 3.138514518737793, 1.5623393058776855, -0.0010167360305786133, -1.5679678916931152, 0.0, -2.0143008527876036, -5.56413845568681, -3.618733353549777, -0.12117244301921737
276, 0.0006449222564697266, -3.1176557540893555, 3.1385223865509033, 1.5623301267623901, -0.0010259151458740234, -1.5679588317871094, 0.0, -2.0142378870943394, -5.564139536983782, -3.6187497741198342, -0.12121523151652003
277, 0.0006597042083740234, -3.1176486015319824, 3.1385304927825928, 1.5623483657836914, -0.0010167360305786133, -1.5679492950439453, 0.0, -2.014248048693614, -5.564164530037236, -3.618749678779156, -0.12128382426289352
278, 0.0006449222564697266, -3.1176557540893555, 3.1385304927825928, 1.5623483657836914, -0.0010167360305786133, -1.5679402351379395, 0.0, -2.0142544573659196, -5.564193406011139, -3.6187496409570734, -0.12133958160668357
279, 0.000652313232421875, -3.1176557540893555, 3.1385223865509033, 1.5623301267623901, -0.0010075569152832031, -1.567976951599121, 0.0, -2.014185647228142, -5.564185592764379, -3.6187607553009027, -0.12133178092044794
280, 0.0006597042083740234, -3.1176486015319824, 3.1385304927825928, 1.5623209476470947, -0.0010167360305786133, -1.5679588317871094, 0.0, -2.0142151745300465, -5.564212762162826, -3.618758501990508, -0.12130951631841924
281, 0.000652313232421875, -3.1176631450653076, 3.1385304927825928, 1.5623209476470947, -0.0010075569152832031, -1.5679678916931152, 0.0, -2.0141847322057966, -5.564234571413232, -3.618771662498587, -0.12127965204022306
282, 0.0006375312805175781, -3.1176631450653076, 3.138538360595703, 1.5623393058776855, -0.0010167360305786133, -1.5679311752319336, 0.0, -2.014156042436712, -5.564227933590385, -3.6187794196528342, -0.12126730047519452
283, 0.0006742477416992188, -3.1176705360412598, 3.1385304927825928, 1.5623209476470947, -0.0010075569152832031, -1.5679588317871094, 0.0, -2.0141711590288076, -5.564240823393394, -3.6187767544586977, -0.12125108203524437
284, 0.000652313232421875, -3.1176705360412598, 3.138538360595703, 1.5623393058776855, -0.0010075569152832031, -1.5679588317871094, 0.0, -2.0141510489118537, -5.564249397358764, -3.618779095754611, -0.12123306381189991
285, 0.0006597042083740234, -3.117685317993164, 3.138538360595703, 1.5623301267623901, -0.0010259151458740234, -1.567976951599121, 0.0, -2.014108866592818, -5.5642527810349645, -3.618785106800102, -0.1212104129041709
286, 0.0006597042083740234, -3.117685317993164, 3.138538360595703, 1.5623393058776855, -0.0010075569152832031, -1.5679678916931152, 0.0, -2.014124555458443, -5.564253401935486, -3.6187800975963818, -0.12119107852529698
287, 0.0006375312805175781, -3.117692708969116, 3.138538360595703, 1.5623301267623901, -0.0010167360305786133, -1.5679588317871094, 0.0, -2.014129293931406, -5.56426402839296, -3.6187884584194463, -0.1211852412441532
288, 0.000652313232421875, -3.117677927017212, 3.138538360595703, 1.5623301267623901, -0.0009984970092773438, -1.5679678916931152, 0.0, -2.014070902865749, -5.564266157769932, -3.6187858438364273, -0.12118863214286169
289, 0.0006449222564697266, -3.117692708969116, 3.1385464668273926, 1.5623393058776855, -0.0009984970092773438, -1.5679492950439453, 0.0, -2.0140837743710724, -5.56427812834902, -3.618781148468995, -0.12117820614723662
290, 0.0006303787231445312, -3.1176998615264893, 3.138538360595703, 1.5623209476470947, -0.0009894371032714844, -1.5679402351379395, 0.0, -2.01406730685452, -5.564288586875613, -3.618788269787999, -0.12119084053690798
291, 0.0006375312805175781, -3.1176998615264893, 3.1385464668273926, 1.5623301267623901, -0.0010167360305786133, -1.5679588317871094, 0.0, -2.0140395468329255, -5.564294361436965, -3.618789283427672, -0.12117390769841752
292, 0.0006303787231445312, -3.1176998615264893, 3.138554334640503, 1.5623483657836914, -0.0010075569152832031, -1.5679588317871094, 0.0, -2.0140516433443882, -5.564307632453993, -3.6187855080337226, -0.12116389839961084
293, 0.0006597042083740234, -3.1177074909210205, 3.138554334640503, 1.5623301267623901, -0.0010075569152832031, -1.5679678916931152, 0.0, -2.0140421106248856, -5.564307164087423, -3.618791831017921, -0.12116666479772231
294, 0.000652313232421875, -3.1176998615264893, 3.138554334640503, 1.5623301267623901, -0.0009984970092773438, -1.5679402351379395, 0.0, -2.014011761934103, -5.564295905241601, -3.618794419108444, -0.12113863027849892
295, 0.000652313232421875, -3.1177146434783936, 3.1385464668273926, 1.5623209476470947, -0.0010167360305786133, -1.5679492950439453, 0.0, -2.014018381327138, -5.564301368915331, -3.618791971941091, -0.12113976072507437
296, 0.0006668567657470703, -3.1176998615264893, 3.1385624408721924, 1.5623393058776855, -0.0010075569152832031, -1.5679492950439453, 0.0, -2.0139998761032016, -5.5642995393046455, -3.6188016278331845, -0.12112307353066054
297, 0.000652313232421875, -3.1177146434783936, 3.1385624408721924, 1.5623393058776855, -0.0010167360305786133, -1.5679402351379395, 0.0, -2.0139830152426663, -5.56430610513196, -3.618803704631627, -0.1211467065792311
298, 0.0006668567657470703, -3.117722272872925, 3.138554334640503, 1.5623301267623901, -0.0010259151458740234, -1.5679492950439453, 0.0, -2.0139769814279056, -5.564314961183259, -3.6187987964270913, -0.12115127232578082
299, 0.0006668567657470703, -3.1177074909210205, 3.1385624408721924, 1.5623301267623901, -0.0009894371032714844, -1.567976951599121, 0.0, -2.0139694212580523, -5.5643249349093615, -3.618806628541666, -0.12114187287504752
300, 0.0006597042083740234, -3.117729425430298, 3.138554334640503, 1.5623393058776855, -0.0010259151458740234, -1.5679402351379395, 0.0, -2.0139725602177116, -5.564327372835283, -3.6188078413457565, -0.12112912670702958
301, 0.000652313232421875, -3.1177074909210205, 3.1385624408721924, 1.5623301267623901, -0.0010167360305786133, -1.5679588317871094, 0.0, -2.013976075020514, -5.564334472001873, -3.618807212638803, -0.12114456446047761
302, 0.0006597042083740234, -3.1177146434783936, 3.1385624408721924, 1.5623393058776855, -0.0010075569152832031, -1.567976951599121, 0.0, -2.0139575288992897, -5.5643432847548295, -3.6188175758903767, -0.12118478035975055
303, 0.000652313232421875, -3.117722272872925, 3.1385703086853027, 1.5623301267623901, -0.0009984970092773438, -1.5679492950439453, 0.0, -2.013965220089703, -5.564369372602774, -3.6188387686292542, -0.12125171440491478
304, 0.0006449222564697266, -3.117737054824829, 3.1385624408721924, 1.5623301267623901, -0.0010167360305786133, -1.5679492950439453, 0.0, -2.013965161740852, -5.564402287697591, -3.6188506691729554, -0.1213207831179286
305, 0.0006449222564697266, -3.117722272872925, 3.1385703086853027, 1.5623301267623901, -0.0010167360305786133, -1.5679588317871094, 0.0, -2.013927219277991, -5.564428332457374, -3.618859644203103, -0.1213862078528738
306, 0.000652313232421875, -3.117737054824829, 3.1385703086853027, 1.5623301267623901, -0.0010259151458740234, -1.5679492950439453, 0.0, -2.013930474358866, -5.5644415484863545, -3.6188598647738566, -0.12138952458967456
307, 0.0006597042083740234, -3.117737054824829, 3.1385703086853027, 1.5623393058776855, -0.0010259151458740234, -1.5679588317871094, 0.0, -2.0139269532348534, -5.564461768845695, -3.618855422467729, -0.12140862841752131
308, 0.0006597042083740234, -3.117722272872925, 3.1385703086853027, 1.5623393058776855, -0.0010167360305786133, -1.5679588317871094, 0.0, -2.013908259779761, -5.564474009315594, -3.6188586801815643, -0.12142924941078981
309, 0.0006449222564697266, -3.117729425430298, 3.138578414916992, 1.5623209476470947, -0.0010075569152832031, -1.5679492950439453, 0.0, -2.0138848753139142, -5.564477410191997, -3.6188600216575546, -0.1214349383710589
310, 0.0006742477416992188, -3.117737054824829, 3.138578414916992, 1.5623209476470947, -0.0010075569152832031, -1.5679678916931152, 0.0, -2.01387539339811, -5.564478580512603, -3.6188599796296947, -0.12145828092755018
311, 0.0006597042083740234, -3.117737054824829, 3.1385703086853027, 1.5623209476470947, -0.0010167360305786133, -1.5679492950439453, 0.0, -2.0138834102413927, -5.564476665113942, -3.618865036448827, -0.12147032034099858
312, 0.0006449222564697266, -3.117737054824829, 3.138578414916992, 1.5623117685317993, -0.0010259151458740234, -1.5679492950439453, 0.0, -2.0138846142166233, -5.564473677361569, -3.6188730132792197, -0.12144735727802569
313, 0.0006375312805175781, -3.117729425430298, 3.138578414916992, 1.5623209476470947, -0.0010259151458740234, -1.5679588317871094, 0.0, -2.013886458508509, -5.564468661644463, -3.618871491336059, -0.12141735914660234
314, 0.0006597042083740234, -3.117744207382202, 3.138578414916992, 1.5623393058776855, -0.0010167360305786133, -1.5679678916931152, 0.0, -2.013877493143853, -5.56446312305215, -3.618878225609093, -0.12138257978960887
315, 0.0006597042083740234, -3.117737054824829, 3.1385703086853027, 1.5623301267623901, -0.0009984970092773438, -1.5679678916931152, 0.0, -2.0138823201929097, -5.564454720908491, -3.618876660506881, -0.12133672743123558
316, 0.0006668567657470703, -3.1177518367767334, 3.1385862827301025, 1.5623483657836914, -0.0009984970092773438, -1.5679492950439453, 0.0, -2.0138937733795657, -5.564458633799926, -3.6188794633327372, -0.12132933578873129
317, 0.0006449222564697266, -3.117744207382202, 3.1385862827301025, 1.5623301267623901, -0.0010075569152832031, -1.5679588317871094, 0.0, -2.013899680200568, -5.564464677261673, -3.618883300038967, -0.12134277295879947
318, 0.0006449222564697266, -3.1177518367767334, 3.1385862827301025, 1.5623301267623901, -0.0009984970092773438, -1.5679678916931152, 0.0, -2.0138952045224485, -5.564464738759615, -3.6188808654255658, -0.12137813984565415
319, 0.0006449222564697266, -3.117744207382202, 3.1385862827301025, 1.5623301267623901, -0.0009894371032714844, -1.5679678916931152, 0.0, -2.013906376286832, -5.564471796199313, -3.6188790945642477, -0.12138105477300254
320, 0.0006449222564697266, -3.1177518367767334, 3.1385862827301025, 1.5623209476470947, -0.0010075569152832031, -1.5679678916931152, 0.0, -2.013906349724093, -5.564475828088795, -3.6188827486736628, -0.12141035382157472
321, 0.0006449222564697266, -3.1177518367767334, 3.1385862827301025, 1.5623301267623901, -0.0010075569152832031, -1.5679678916931152, 0.0, -2.0139002791960467, -5.564474767453174, -3.6188798067153045, -0.12143614277172521
322, 0.0006668567657470703, -3.1177518367767334, 3.1385862827301025, 1.5623301267623901, -0.0009894371032714844, -1.5679402351379395, 0.0, -2.0139061146218706, -5.5644903413320606, -3.618879597317147, -0.12144088701987954
323, 0.0006742477416992188, -3.1177592277526855, 3.1385862827301025, 1.5623393058776855, -0.0010259151458740234, -1.5679588317871094, 0.0, -2.013911860020655, -5.564476376324232, -3.618886592812681, -0.12144580252375015
324, 0.0006668567657470703, -3.1177518367767334, 3.138578414916992, 1.5623301267623901, -0.0010167360305786133, -1.5679311752319336, 0.0, -2.0139133912514855, -5.564461224032459, -3.6188813536590243, -0.12144925995542
325, 0.0006597042083740234, -3.117781162261963, 3.138594388961792, 1.5623027086257935, -0.0010167360305786133, -1.5679588317871094, 0.0, -2.013925959412246, -5.564466237458385, -3.6188864674628163, -0.12144389863155514
326, 0.000652313232421875, -3.117781162261963, 3.138578414916992, 1.5623393058776855, -0.0009894371032714844, -1.567976951599121, 0.0, -2.013937218172954, -5.56445950162953, -3.6188903069227427, -0.12142564201810568
327, 0.0006449222564697266, -3.1177663803100586, 3.1385862827301025, 1.5623393058776855, -0.001044154167175293, -1.5679402351379395, 0.0, -2.0139391320847935, -5.56444075634696, -3.6188899188596975, -0.12139333899411664
328, 0.0006303787231445312, -3.1177518367767334, 3.138594388961792, 1.5623209476470947, -0.0010167360305786133, -1.5679492950439453, 0.0, -2.0139409069063374, -5.5644483384473205, -3.6188924117790595, -0.1214031028662017
329, 0.0006668567657470703, -3.1177735328674316, 3.1385862827301025, 1.5623301267623901, -0.0010167360305786133, -1.5679678916931152, 0.0, -2.01394530684614, -5.564444319033964, -3.6188952843882984, -0.12139568890916586
330, 0.000652313232421875, -3.1177592277526855, 3.1385862827301025, 1.5623117685317993, -0.0010075569152832031, -1.5679678916931152, 0.0, -2.0139398747478126, -5.564446066082276, -3.618892955847131, -0.12141073249896905
331, 0.000652313232421875, -3.1177592277526855, 3.1385862827301025, 1.5623393058776855, -0.0009984970092773438, -1.5679588317871094, 0.0, -2.0139453836262655, -5.564449325406227, -3.6188930592950133, -0.12144345200137163
332, 0.0006597042083740234, -3.1177735328674316, 3.138594388961792, 1.5623209476470947, -0.0010259151458740234, -1.5679492950439453, 0.0, -2.013945190383205, -5.564450476352822, -3.618895816022276, -0.12145715008832436
333, 0.0006449222564697266, -3.1177663803100586, 3.1386022567749023, 1.5623117685317993, -0.0009984970092773438, -1.5679492950439453, 0.0, -2.0139319690943007, -5.564446415630766, -3.6188886599339303, -0.12144731908025097
334, 0.0006668567657470703, -3.1177663803100586, 3.138594388961792, 1.5623301267623901, -0.0010350942611694336, -1.5679588317871094, 0.0, -2.0139253805453445, -5.564456603324991, -3.618891551906217, -0.12144934196564261
335, 0.0006449222564697266, -3.117781162261963, 3.1386022567749023, 1.5623117685317993, -0.0009801387786865234, -1.5679402351379395, 0.0, -2.013928929562646, -5.564447364381746, -3.6188948591267867, -0.12144955020383108
336, 0.000652313232421875, -3.1177663803100586, 3.1386022567749023, 1.5623209476470947, -0.0009801387786865234, -1.5679678916931152, 0.0, -2.013924666985577, -5.564443060899407, -3.6188908425175326, -0.12145315678205293
337, 0.0006597042083740234, -3.117781162261963, 3.1386022567749023, 1.5623209476470947, -0.0010167360305786133, -1.5679588317871094, 0.0, -2.0139276172789673, -5.564448667751923, -3.618896460713259, -0.12144562362870737
338, 0.0006597042083740234, -3.117781162261963, 3.1386022567749023, 1.5623117685317993, -0.0010075569152832031, -1.567976951599121, 0.0, -2.0139360260647696, -5.564438590546141, -3.6188979091204883, -0.12143238704559156
339, 0.000652313232421875, -3.1177735328674316, 3.1386022567749023, 1.5623209476470947, -0.0010075569152832031, -1.567986011505127, 0.0, -2.013937676003169, -5.564436333911565, -3.618896618168232, -0.12142109857100358
340, 0.0006449222564697266, -3.117781162261963, 3.1386022567749023, 1.5623209476470947, -0.0009894371032714844, -1.5679588317871094, 0.0, -2.0139389593535153, -5.564439217531016, -3.618900811969038, -0.12139348773593728
341, 0.0006597042083740234, -3.117788553237915, 3.1386022567749023, 1.5623301267623901, -0.0010259151458740234, -1.5679678916931152, 0.0, -2.013943930299955, -5.564421269284005, -3.6188992719534774, -0.12138538212945527
342, 0.000652313232421875, -3.117788553237915, 3.138610363006592, 1.5623393058776855, -0.0009984970092773438, -1.5679588317871094, 0.0, -2.0139407175130213, -5.564422447244003, -3.6188968399381563, -0.12138510716320994
343, 0.0006449222564697266, -3.117795944213867, 3.1386022567749023, 1.5623301267623901, -0.0010167360305786133, -1.5679492950439453, 0.0, -2.013946927890626, -5.564430681585795, -3.6188978629902864, -0.12140618120590396
344, 0.0006375312805175781, -3.117788553237915, 3.138610363006592, 1.5623393058776855, -0.0009984970092773438, -1.5679492950439453, 0.0, -2.0139579743686453, -5.564427621081465, -3.6188975997666284, -0.12142328446216233
345, 0.0006449222564697266, -3.117788553237915, 3.1386022567749023, 1.5623209476470947, -0.0009894371032714844, -1.5679678916931152, 0.0, -2.013956372700305, -5.564433335828281, -3.618894570955914, -0.12144635929194791
346, 0.0006668567657470703, -3.117795944213867, 3.138610363006592, 1.5623393058776855, -0.0010075569152832031, -1.5679492950439453, 0.0, -2.0139573067866747, -5.564442744593382, -3.6188971241360592, -0.12144844870659366
347, 0.0006597042083740234, -3.117795944213867, 3.138610363006592, 1.5623301267623901, -0.0010259151458740234, -1.5679492950439453, 0.0, -2.013957227659769, -5.564440220535102, -3.6188988396523993, -0.12145375093985411
348, 0.000652313232421875, -3.1177735328674316, 3.138610363006592, 1.5623301267623901, -0.0010259151458740234, -1.5679588317871094, 0.0, -2.013953080935066, -5.564435790559621, -3.6188985204770616, -0.1214465972785197
349, 0.000652313232421875, -3.117788553237915, 3.138610363006592, 1.5623301267623901, -0.0009801387786865234, -1.567976951599121, 0.0, -2.0139487533974645, -5.564437945830026, -3.61890104625609, -0.12146112047839175
350, 0.0006449222564697266, -3.117788553237915, 3.138610363006592, 1.5623117685317993, -0.0010350942611694336, -1.5679678916931152, 0.0, -2.0139680367819777, -5.564428395527758, -3.6189003959057278, -0.12146167805752572
351, 0.0006668567657470703, -3.117788553237915, 3.138610363006592, 1.5623393058776855, -0.0009894371032714844, -1.5679311752319336, 0.0, -2.013964698484883, -5.564430789243265, -3.618900558354159, -0.12145095480022583
352, 0.0006449222564697266, -3.117788553237915, 3.138610363006592, 1.5623301267623901, -0.0010167360305786133, -1.5679492950439453, 0.0, -2.013964207722858, -5.564426658854381, -3.6189044787579996, -0.12145070957887061
353, 0.0006668567657470703, -3.117781162261963, 3.138618230819702, 1.5623393058776855, -0.0009984970092773438, -1.5679492950439453, 0.0, -2.013966146655082, -5.564426680456287, -3.6189041867056404, -0.12143647642472111
354, 0.0006597042083740234, -3.117795944213867, 3.138610363006592, 1.5623483657836914, -0.0010350942611694336, -1.5679588317871094, 0.0, -2.013964615625438, -5.564419678054068, -3.618904056362742, -0.1214298284855575
355, 0.000652313232421875, -3.1178033351898193, 3.138618230819702, 1.5623393058776855, -0.0010350942611694336, -1.5679402351379395, 0.0, -2.013958521855108, -5.564415999398815, -3.618903245517419, -0.12143533875422641
356, 0.0006668567657470703, -3.117795944213867, 3.138618230819702, 1.5623117685317993, -0.0010167360305786133, -1.5679492950439453, 0.0, -2.013962441630396, -5.564409270277298, -3.618903204418887, -0.12144380134145916
357, 0.000652313232421875, -3.117795944213867, 3.138618230819702, 1.5623393058776855, -0.0010075569152832031, -1.5679402351379395, 0.0, -2.0139641404204416, -5.5644122613517775, -3.6189004700250025, -0.12145420439959143
358, 0.0006597042083740234, -3.117795944213867, 3.138618230819702, 1.5623209476470947, -0.0009984970092773438, -1.5679588317871094, 0.0, -2.0139749337493593, -5.564407871459862, -3.6189027843149644, -0.12146093434980365
359, 0.0006668567657470703, -3.1178033351898193, 3.138618230819702, 1.5623209476470947, -0.0010075569152832031, -1.5679588317871094, 0.0, -2.0139779627015755, -5.564405079913271, -3.6188995219122213, -0.12146138780988025
360, 0.000652313232421875, -3.1178033351898193, 3.138618230819702, 1.5623301267623901, -0.0010259151458740234, -1.5679492950439453, 0.0, -2.01397568622412, -5.5644120241774955, -3.618903163152115, -0.12145426389622394
361, 0.0006597042083740234, -3.117795944213867, 3.1386263370513916, 1.5623393058776855, -0.0010167360305786133, -1.5679588317871094, 0.0, -2.013975870235677, -5.564407402807706, -3.6189028560430945, -0.12146645205629358
362, 0.0006597042083740234, -3.117795944213867, 3.1386263370513916, 1.5623209476470947, -0.0009894371032714844, -1.5679492950439453, 0.0, -2.013977895402518, -5.564394730100227, -3.6189034250701977, -0.12146147745807667
363, 0.0006597042083740234, -3.117795944213867, 3.1386263370513916, 1.5623393058776855, -0.0010350942611694336, -1.5679588317871094, 0.0, -2.0139754441473148, -5.564393645330791, -3.6189064688102315, -0.12146558975820287
364, 0.0006597042083740234, -3.117795944213867, 3.138610363006592, 1.5623209476470947, -0.0010350942611694336, -1.567976951599121, 0.0, -2.013974938367086, -5.564394013192624, -3.6189047245083352, -0.12148653758555117
365, 0.0006668567657470703, -3.1178107261657715, 3.138618230819702, 1.5623393058776855, -0.0010167360305786133, -1.5679492950439453, 0.0, -2.013973787540136, -5.564399560432511, -3.618903247778661, -0.12147287708604182
366, 0.0006597042083740234, -3.117788553237915, 3.138618230819702, 1.5623301267623901, -0.0010167360305786133, -1.567976951599121, 0.0, -2.0139814456151144, -5.564402533854855, -3.618908981743592, -0.12147654316197087
367, 0.000652313232421875, -3.117795944213867, 3.138610363006592, 1.5623209476470947, -0.0010167360305786133, -1.5679492950439453, 0.0, -2.013990274598139, -5.56439167700713, -3.6189055441500586, -0.12148191916345041
368, 0.000652313232421875, -3.1174638271331787, 3.1381709575653076, 1.5624853372573853, -0.0010625123977661133, -1.567885398864746, 0.0, -2.014346317888534, -5.56442467795278, -3.619839053398581, -0.12151028791359675
369, 0.0005490779876708984, -3.118053913116455, 3.1383864879608154, 1.5624396800994873, -0.0009894371032714844, -1.5678949356079102, 0.0, -2.0142846126742056, -5.564505148215627, -3.6209944946344597, -0.12153810448767821
370, 0.0007112026214599609, -3.117825508117676, 3.1385464668273926, 1.562375783920288, -0.0010167360305786133, -1.5679221153259277, 0.0, -2.0141572863364208, -5.564397689883184, -3.6230119119284434, -0.12153033043991268
371, 0.0006229877471923828, -3.1179137229919434, 3.138578414916992, 1.5623301267623901, -0.001044154167175293, -1.5679492950439453, 0.0, -2.014168329572748, -5.56438792701312, -3.625597705009931, -0.12146508676295298
372, 0.0006966590881347656, -3.117950916290283, 3.138594388961792, 1.5623393058776855, -0.0010350942611694336, -1.5679678916931152, 0.0, -2.0141772207489033, -5.564455768235451, -3.628099262459713, -0.121458071756126
373, 0.0006375312805175781, -3.117943525314331, 3.1386501789093018, 1.5623575448989868, -0.0009801387786865234, -1.567976951599121, 0.0, -2.014152417935252, -5.5645338094394265, -3.630670689299238, -0.12145787984013001
374, 0.0006375312805175781, -3.117936134338379, 3.1386661529541016, 1.5623393058776855, -0.0010350942611694336, -1.5679492950439453, 0.0, -2.014068112157637, -5.564586476469332, -3.633993479830915, -0.12142710801196088
375, 0.0006668567657470703, -3.1179730892181396, 3.138698101043701, 1.5623301267623901, -0.0010167360305786133, -1.5679402351379395, 0.0, -2.013987408557575, -5.564642813014918, -3.6364874664272064, -0.12144567875978751
376, 0.0006742477416992188, -3.1179656982421875, 3.1387062072753906, 1.5623483657836914, -0.0010167360305786133, -1.5679588317871094, 0.0, -2.0139061351095444, -5.5646788286433715, -3.638487513750239, -0.12145358316499344
377, 0.000652313232421875, -3.117987632751465, 3.1387062072753906, 1.5623209476470947, -0.0010259151458740234, -1.567976951599121, 0.0, -2.013803031081346, -5.564726199136638, -3.640632035799565, -0.1214605418758854
378, 0.0006005764007568359, -3.118009567260742, 3.138698101043701, 1.5623301267623901, -0.0010075569152832031, -1.5679588317871094, 0.0, -2.0136615159272595, -5.564779851674179, -3.643070284860166, -0.12156625798251319
379, 0.0006818771362304688, -3.1180243492126465, 3.138698101043701, 1.5623393058776855, -0.0010075569152832031, -1.5679588317871094, 0.0, -2.0135898102844028, -5.564790451488379, -3.6445165794869205, -0.1215506826019288
380, 0.000652313232421875, -3.1180243492126465, 3.138690233230591, 1.5623301267623901, -0.0010259151458740234, -1.5679492950439453, 0.0, -2.0135102622266343, -5.5647948115913755, -3.6462322129437643, -0.12143721440375277
381, 0.0006742477416992188, -3.1180243492126465, 3.1387062072753906, 1.5623301267623901, -0.0010259151458740234, -1.5679678916931152, 0.0, -2.0134381955129186, -5.564819751872577, -3.647527733681202, -0.12133615738533354
382, 0.0006742477416992188, -3.118009567260742, 3.1387062072753906, 1.5623117685317993, -0.0010075569152832031, -1.5679678916931152, 0.0, -2.013349995914531, -5.564827056503198, -3.6487884278851332, -0.12112401643807402
383, 0.0006597042083740234, -3.118002414703369, 3.138714075088501, 1.5623301267623901, -0.0010350942611694336, -1.567986011505127, 0.0, -2.0132871397632925, -5.564835843325934, -3.64960527995131, -0.12089551104077767
384, 0.000652313232421875, -3.1180243492126465, 3.138690233230591, 1.5623393058776855, -0.0010075569152832031, -1.5679492950439453, 0.0, -2.013231789154781, -5.564867656375087, -3.6505317189375948, -0.12069151362112507
385, 0.0006818771362304688, -3.118009567260742, 3.138698101043701, 1.5623393058776855, -0.0009801387786865234, -1.5679492950439453, 0.0, -2.0131854722062594, -5.564857711435823, -3.651255897216679, -0.12058188027649841
386, 0.000652313232421875, -3.117995023727417, 3.138698101043701, 1.5623393058776855, -0.0009894371032714844, -1.5679588317871094, 0.0, -2.0131316748487764, -5.564819891164051, -3.6519034146756026, -0.12061925241063953
387, 0.000652313232421875, -3.118009567260742, 3.1386821269989014, 1.5623666048049927, -0.0010075569152832031, -1.5679492950439453, 0.0, -2.0130819635456016, -5.564807642074138, -3.6523906291148562, -0.12078191239037839
388, 0.0006597042083740234, -3.1179730892181396, 3.1387062072753906, 1.5623393058776855, -0.0010075569152832031, -1.5679402351379395, 0.0, -2.013050098861395, -5.564799122807359, -3.6526080523295947, -0.12086688312147142
389, 0.0006449222564697266, -3.1179730892181396, 3.138690233230591, 1.5623301267623901, -0.0010075569152832031, -1.5679311752319336, 0.0, -2.0130042384972016, -5.564775618110284, -3.6528746902565414, -0.12097112020885614
390, 0.0007112026214599609, -3.118002414703369, 3.1386821269989014, 1.5623483657836914, -0.0010167360305786133, -1.5679402351379395, 0.0, -2.012961001116817, -5.564768340768798, -3.65314017758752, -0.12103317158140037
391, 0.0007112026214599609, -3.118009567260742, 3.138690233230591, 1.5623301267623901, -0.0010350942611694336, -1.5679678916931152, 0.0, -2.012946034509447, -5.564772162840927, -3.653245923790287, -0.12103334780103481
392, 0.0006449222564697266, -3.117987632751465, 3.138698101043701, 1.5623301267623901, -0.0010259151458740234, -1.5679402351379395, 0.0, -2.0129201842153326, -5.564777239431625, -3.6533690372227023, -0.12099118228718986
393, 0.0006303787231445312, -3.1180171966552734, 3.138674259185791, 1.5623575448989868, -0.0009894371032714844, -1.5679492950439453, 0.0, -2.01287839823547, -5.564755712268332, -3.653427578340832, -0.1209405920361899
394, 0.0006892681121826172, -3.118009567260742, 3.1386661529541016, 1.5623483657836914, -0.0010167360305786133, -1.5679678916931152, 0.0, -2.012835849443177, -5.564733500775744, -3.653483655441952, -0.12091451865952418
395, 0.000652313232421875, -3.1179730892181396, 3.1386821269989014, 1.5623483657836914, -0.0010259151458740234, -1.567976951599121, 0.0, -2.0128038699172164, -5.564736689039988, -3.653517738657084, -0.120980745632286
396, 0.0006966590881347656, -3.117995023727417, 3.138674259185791, 1.5623575448989868, -0.0010075569152832031, -1.5679492950439453, 0.0, -2.0127651257868875, -5.564739617497845, -3.6535312710815764, -0.12107279174985486
397, 0.0006449222564697266, -3.118009567260742, 3.138674259185791, 1.5623393058776855, -0.0010259151458740234, -1.5679588317871094, 0.0, -2.0127232706496043, -5.564721633647904, -3.6535335454263556, -0.12108458550999579
398, 0.0006449222564697266, -3.118002414703369, 3.138674259185791, 1.5623575448989868, -0.0010167360305786133, -1.5679588317871094, 0.0, -2.0126857270848824, -5.564711547919639, -3.6535353298148805, -0.12105585891230852
399, 0.0006818771362304688, -3.1180171966552734, 3.1386661529541016, 1.5623575448989868, -0.0010167360305786133, -1.5679492950439453, 0.0, -2.0126540599713403, -5.5647071171657165, -3.6535430425470135, -0.12101867693272705
400, 0.0006449222564697266, -3.118009567260742, 3.1386821269989014, 1.5623483657836914, -0.0010075569152832031, -1.5679588317871094, 0.0, -2.012616886679426, -5.564694944382448, -3.6535508027837658, -0.12099185401661394
401, 0.0006892681121826172, -3.118002414703369, 3.138674259185791, 1.5623575448989868, -0.0010532140731811523, -1.5679588317871094, 0.0, -2.012569892001009, -5.564670063209352, -3.6535558987158865, -0.12100466643891306
402, 0.0006742477416992188, -3.1179802417755127, 3.1386661529541016, 1.5623483657836914, -0.0010259151458740234, -1.5679221153259277, 0.0, -2.0125598185097284, -5.5646613311500825, -3.6535604207526347, -0.12101575366728579
403, 0.0006375312805175781, -3.117995023727417, 3.138674259185791, 1.5623301267623901, -0.0010350942611694336, -1.5679402351379395, 0.0, -2.012543311431664, -5.564645267257097, -3.653562048536985, -0.12102571113019067
404, 0.0006668567657470703, -3.117987632751465, 3.138674259185791, 1.5623393058776855, -0.0010075569152832031, -1.5679678916931152, 0.0, -2.012526608115815, -5.564631366748072, -3.6535645641651007, -0.12105057807338682
405, 0.0006668567657470703, -3.118002414703369, 3.1386821269989014, 1.5623575448989868, -0.0010350942611694336, -1.5679588317871094, 0.0, -2.0125082976271402, -5.5646155518338825, -3.6535707338717014, -0.12102957777674295
406, 0.000652313232421875, -3.118002414703369, 3.1386821269989014, 1.5623301267623901, -0.0010259151458740234, -1.5679492950439453, 0.0, -2.012491584131357, -5.564601692110985, -3.653576459137892, -0.12100854029257757
407, 0.0006597042083740234, -3.118009567260742, 3.1386821269989014, 1.5623301267623901, -0.001044154167175293, -1.5679492950439453, 0.0, -2.0124670834401064, -5.564586343259787, -3.653577650618725, -0.12102323455182784
408, 0.0006449222564697266, -3.117995023727417, 3.138674259185791, 1.5623483657836914, -0.0010259151458740234, -1.5679492950439453, 0.0, -2.0124491521300847, -5.564573116075393, -3.653579837798994, -0.1210207210151788
409, 0.0006668567657470703, -3.118009567260742, 3.1386821269989014, 1.5623666048049927, -0.0010167360305786133, -1.5679588317871094, 0.0, -2.0124158410859794, -5.564557530422939, -3.6535788144526307, -0.12106098897512751
410, 0.0006892681121826172, -3.117995023727417, 3.138674259185791, 1.5623393058776855, -0.0009894371032714844, -1.5679588317871094, 0.0, -2.012395224912532, -5.564540667813726, -3.6535771473051986, -0.12107257494796375
411, 0.0006449222564697266, -3.118002414703369, 3.138674259185791, 1.5623483657836914, -0.0010259151458740234, -1.5679402351379395, 0.0, -2.0123706576299636, -5.564515965994145, -3.653571999605772, -0.12105803687228889
412, 0.0006668567657470703, -3.1180171966552734, 3.1386821269989014, 1.5623301267623901, -0.0009984970092773438, -1.5679678916931152, 0.0, -2.0123579818049353, -5.564501858480532, -3.6535686725024266, -0.12104749278088
413, 0.0006668567657470703, -3.117995023727417, 3.138674259185791, 1.5623301267623901, -0.0010167360305786133, -1.5679311752319336, 0.0, -2.0123413322884827, -5.564485508789384, -3.6535705113693404, -0.1210596809367619
414, 0.0006668567657470703, -3.118009567260742, 3.138674259185791, 1.5623393058776855, -0.0010167360305786133, -1.5679678916931152, 0.0, -2.0123239277959666, -5.564459586851758, -3.6535820613415377, -0.12105874362856195
415, 0.0006597042083740234, -3.117995023727417, 3.138674259185791, 1.5623393058776855, -0.0010075569152832031, -1.5679492950439453, 0.0, -2.0123031408173793, -5.564435755849329, -3.653582506861113, -0.12104691989274041
416, 0.0006597042083740234, -3.118002414703369, 3.1386821269989014, 1.5623393058776855, -0.0010075569152832031, -1.5679402351379395, 0.0, -2.012282161578495, -5.564424710557233, -3.6535782234203262, -0.12107001723948585
417, 0.0006668567657470703, -3.117995023727417, 3.138674259185791, 1.5623393058776855, -0.0010259151458740234, -1.5679402351379395, 0.0, -2.0122572750654864, -5.564407102111066, -3.6535748225943356, -0.12108160276142232
418, 0.0006597042083740234, -3.118002414703369, 3.138674259185791, 1.5623666048049927, -0.0009894371032714844, -1.5679678916931152, 0.0, -2.012236337726116, -5.564393836340634, -3.653570977443801, -0.12109408885152906
419, 0.000652313232421875, -3.118002414703369, 3.1386821269989014, 1.5623483657836914, -0.0009984970092773438, -1.5679588317871094, 0.0, -2.012219074646407, -5.564378746669917, -3.653570428628362, -0.12108315735170372
420, 0.000652313232421875, -3.118002414703369, 3.138674259185791, 1.5623575448989868, -0.0010350942611694336, -1.5679588317871094, 0.0, -2.012203793254414, -5.564367598628303, -3.6535750115965007, -0.12109022175446249
421, 0.0006597042083740234, -3.118002414703369, 3.138690233230591, 1.5623483657836914, -0.0010075569152832031, -1.5679492950439453, 0.0, -2.0121774829550825, -5.564351635850406, -3.653579343114772, -0.12108782721402012
422, 0.0006449222564697266, -3.117995023727417, 3.1386821269989014, 1.5623393058776855, -0.0010167360305786133, -1.5679678916931152, 0.0, -2.0121586160107197, -5.564337798607602, -3.6535815207158464, -0.12108184119910348
423, 0.0006668567657470703, -3.118009567260742, 3.138690233230591, 1.5623483657836914, -0.0009984970092773438, -1.5679588317871094, 0.0, -2.0121870842712752, -5.564357505888439, -3.6535762542377745, -0.12109317430511002
424, 0.000652313232421875, -3.118009567260742, 3.138674259185791, 1.5623393058776855, -0.0010167360305786133, -1.5679492950439453, 0.0, -2.01216712750896, -5.564344220220049, -3.653575263139705, -0.1210847712147709
425, 0.0006668567657470703, -3.117995023727417, 3.138674259185791, 1.5623393058776855, -0.0010167360305786133, -1.5679588317871094, 0.0, -2.0121498374330256, -5.564330707787022, -3.6535733260190972, -0.12106110887192223
426, 0.0006597042083740234, -3.118002414703369, 3.1386821269989014, 1.5623393058776855, -0.0010167360305786133, -1.5679492950439453, 0.0, -2.01217421303114, -5.56434619382397, -3.653563144817055, -0.12104197553663187
427, 0.0009548664093017578, -3.113370895385742, 3.1347434520721436, 1.5622570514678955, -0.000934600830078125, -1.5680408477783203, 0.0, -2.0121454679446784, -5.564344524863941, -3.6536135124766753, -0.12104570291501204
428, 0.00032782554626464844, -3.1049413681030273, 3.128615379333496, 1.5622479915618896, -0.0009894371032714844, -1.5680408477783203, 0.0, -2.0121359825337506, -5.564324696149913, -3.6536907033343184, -0.12099584296272514
429, 0.0002911090850830078, -3.085088014602661, 3.1127164363861084, 1.5622570514678955, -0.0009529590606689453, -1.5680222511291504, 0.0, -2.0121614332335858, -5.564350306455812, -3.6538099192582627, -0.1211101727378372
430, 0.00037932395935058594, -3.06148099899292, 3.0932459831237793, 1.5622388124465942, -0.0009255409240722656, -1.5680408477783203, 0.0, -2.0122180704728887, -5.564280794732317, -3.6539023224418488, -0.1211700325090348
431, 0.0002760887145996094, -3.036207437515259, 3.0716185569763184, 1.5622297525405884, -0.0009801387786865234, -1.5680131912231445, 0.0, -2.012307640083466, -5.564223536087332, -3.654107619121436, -0.12113101941712223
432, 0.00021719932556152344, -2.9922308921813965, 3.036081314086914, 1.5623209476470947, -0.0009894371032714844, -1.5679678916931152, 0.0, -2.0125055853808234, -5.564243816218616, -3.6545323822854137, -0.12111031458013954
433, 0.0004680156707763672, -2.936277389526367, 2.9950473308563232, 1.5623483657836914, -0.0010075569152832031, -1.5679588317871094, 0.0, -2.0128494794157317, -5.5641334418438415, -3.655081753672739, -0.12118061403324987
434, 0.0003867149353027344, -2.8809802532196045, 2.9574167728424072, 1.5623940229415894, -0.0010167360305786133, -1.5679402351379395, 0.0, -2.0132508466535066, -5.563977908318907, -3.655599044057006, -0.12118044274957995
435, 0.0010211467742919922, -2.813249111175537, 2.9108381271362305, 1.5620379447937012, -0.0035276412963867188, -1.5658950805664062, 0.0, -2.0140211073570327, -5.56395752604887, -3.656150575903454, -0.12117851455238426
436, 0.0010061264038085938, -2.7749218940734863, 2.8844728469848633, 1.5561667680740356, -0.012220263481140137, -1.5566182136535645, 0.0, -2.014353237090324, -5.563837755058013, -3.6563304455149352, -0.12115555034180492
437, 0.0005931854248046875, -2.7286438941955566, 2.8548717498779297, 1.5327736139297485, -0.026628851890563965, -1.5318188667297363, 0.0, -2.014684911313254, -5.563562713987646, -3.656399904877711, -0.12088482062377359
438, 0.0005047321319580078, -2.7052509784698486, 2.843135118484497, 1.5097273588180542, -0.035750508308410645, -1.5086174011230469, 0.0, -2.014945168250498, -5.563611604929034, -3.6564397661514727, -0.1208367785275204
439, 0.0007925033569335938, -2.6843061447143555, 2.837470531463623, 1.4710217714309692, -0.04783976078033447, -1.4695830345153809, 0.0, -2.0150247167279516, -5.56357822437686, -3.656398144020616, -0.12099743393191176
440, 0.0005269050598144531, -2.675898790359497, 2.8423521518707275, 1.4228383302688599, -0.05819404125213623, -1.4224772453308105, 0.0, -2.0147452074273113, -5.563403688619573, -3.6563419354773785, -0.12091182625451324
441, 0.0005269050598144531, -2.6773369312286377, 2.8525707721710205, 1.3729565143585205, -0.06758058071136475, -1.3740015029907227, 0.0, -2.0145276230880067, -5.563493922441509, -3.656359335785095, -0.12073999265434132
442, 0.0004017353057861328, -2.681098222732544, 2.8651862144470215, 1.3174867630004883, -0.0781630277633667, -1.318878173828125, 0.0, -2.014210444283637, -5.563569090060565, -3.65634023562478, -0.12076037548776153
443, 0.0003573894500732422, -2.684077739715576, 2.8776259422302246, 1.2550499439239502, -0.0869835615158081, -1.2570900917053223, 0.0, -2.013891214107885, -5.563364570265019, -3.656257193399426, -0.12082107127669683
444, 0.0004162788391113281, -2.685744047164917, 2.891831159591675, 1.1660699844360352, -0.09840619564056396, -1.1675806045532227, 0.0, -2.0139291361833034, -5.563475434183089, -3.656311010323158, -0.12098907609050524
445, 0.00042366981506347656, -2.6861867904663086, 2.900963068008423, 1.0884944200515747, -0.10868752002716064, -1.0908997058868408, 0.0, -2.0139230516494573, -5.56353122716531, -3.6563223305901706, -0.12121239477516088
446, 0.0002319812774658203, -2.6861648559570312, 2.9080498218536377, 1.0051207542419434, -0.11827504634857178, -1.0070512294769287, 0.0, -2.0138057633556357, -5.563336677706735, -3.656284046150194, -0.12125551010664637
447, 0.0003349781036376953, -2.6849255561828613, 2.915104389190674, 0.8599221706390381, -0.13324034214019775, -0.8621265888214111, 0.0, -2.0139756601790566, -5.563475601300514, -3.6563135640676157, -0.12112456624953971
448, 0.0003056526184082031, -2.684070110321045, 2.916790246963501, 0.802699089050293, -0.13935816287994385, -0.8055610656738281, 0.0, -2.0139760792773402, -5.563483313111687, -3.6563069936394217, -0.12113005481469852
449, 0.00023937225341796875, -2.681356191635132, 2.9185798168182373, 0.6734247207641602, -0.15204083919525146, -0.6761770248413086, 0.0, -2.013889617768588, -5.563304647929875, -3.656276192847097, -0.12105717197109467
450, 0.0002834796905517578, -2.679276466369629, 2.9186038970947266, 0.6073813438415527, -0.15887987613677979, -0.6095585823059082, 0.0, -2.0139592078759216, -5.563380858555462, -3.6563030018619362, -0.12110987257381467
451, 0.0003573894500732422, -2.6761422157287598, 2.918020725250244, 0.5216519832611084, -0.16941678524017334, -0.5231809616088867, 0.0, -2.0140201450278856, -5.56354139516199, -3.65630876346284, -0.12132723404538481
452, 0.0002834796905517578, -2.672093391418457, 2.9166464805603027, 0.4326443672180176, -0.18174350261688232, -0.4329226016998291, 0.0, -2.0139174981520873, -5.563392177055099, -3.656268109773264, -0.12133066209917587
453, 0.00026869773864746094, -2.6688926219940186, 2.915408134460449, 0.3715956211090088, -0.19014370441436768, -0.37077784538269043, 0.0, -2.0139394982268755, -5.563403198636718, -3.656276630216107, -0.12126337850773883
454, 0.00037932395935058594, -2.6637156009674072, 2.913954019546509, 0.28844118118286133, -0.2038036584854126, -0.286710262298584, 0.0, -2.01396788154683, -5.563553393727304, -3.6562817417815014, -0.12128605937445247
455, 0.00037932395935058594, -2.6599984169006348, 2.9132747650146484, 0.23114514350891113, -0.2133086919784546, -0.22873854637145996, 0.0, -2.0138930155237693, -5.5633950414326785, -3.6562524712036826, -0.12117387642999677
456, 0.0003204345703125, -2.656473159790039, 2.9131550788879395, 0.18089818954467773, -0.22247612476348877, -0.17763328552246094, 0.0, -2.0139405488394333, -5.563417048072193, -3.656265778067434, -0.12109470991725768
457, 1.0728836059570312e-05, -2.6452488899230957, 2.9155917167663574, 0.1628282070159912, -0.24168741703033447, -0.15710735321044922, 0.0, -2.0133900476535596, -5.563550362412265, -3.6552100134653354, -0.12112492832923571
458, -0.0012431144714355469, -2.619532585144043, 2.9204094409942627, 0.14853858947753906, -0.26968252658843994, -0.1435844898223877, 0.0, -2.013758025397773, -5.5632530984607484, -3.6526781891347166, -0.12082303322234811
459, -0.003484964370727539, -2.5924222469329834, 2.924971580505371, 0.13614797592163086, -0.29139554500579834, -0.12990641593933105, 0.0, -2.014136842764691, -5.563082660112042, -3.649440143903835, -0.1204685936297416
460, -0.005092620849609375, -2.566366672515869, 2.93030047416687, 0.12373924255371094, -0.31681597232818604, -0.11684942245483398, 0.0, -2.014596057374243, -5.562982506238643, -3.6455207695918364, -0.12054622396254722
461, -0.005358219146728516, -2.545827627182007, 2.9349584579467773, 0.11376833915710449, -0.33984386920928955, -0.10668683052062988, 0.0, -2.014962442373092, -5.562883872574767, -3.6417762187867377, -0.12074119003979789
462, -0.0059261322021484375, -2.517817735671997, 2.9407026767730713, 0.10165166854858398, -0.3737374544143677, -0.0932004451751709, 0.0, -2.015459576500988, -5.562695064506867, -3.6365228231621085, -0.12091035877520717
463, -0.006943941116333008, -2.491917133331299, 2.9448094367980957, 0.09158039093017578, -0.4039515256881714, -0.0841062068939209, 0.0, -2.0159361846107866, -5.562542542916001, -3.6318379354779524, -0.12097811149246684
464, -0.008588314056396484, -2.459622383117676, 2.9481730461120605, 0.08276915550231934, -0.439297080039978, -0.07482004165649414, 0.0, -2.0164912065128195, -5.56243387054226, -3.6265410081154488, -0.12108517040375855
465, -0.009480714797973633, -2.434001922607422, 2.949643135070801, 0.07720828056335449, -0.46636998653411865, -0.06801772117614746, 0.0, -2.0169043515441785, -5.562360955680439, -3.6227009109041335, -0.12117626282960092
466, -0.010800838470458984, -2.3892362117767334, 2.9505858421325684, 0.06808662414550781, -0.510581374168396, -0.05853986740112305, 0.0, -2.0176023094840563, -5.562236883922989, -3.6166912312955355, -0.1212447160212875
467, -0.011818647384643555, -2.3537187576293945, 2.9500744342803955, 0.06215167045593262, -0.5438450574874878, -0.05340838432312012, 0.0, -2.018188546188961, -5.562170483504461, -3.612386121162587, -0.12126228174539566
468, -0.013293743133544922, -2.3158411979675293, 2.948316812515259, 0.05667304992675781, -0.5770174264907837, -0.048349857330322266, 0.0, -2.0188289128821237, -5.562157677001434, -3.6081183238680365, -0.1212463653747724
469, -0.014480829238891602, -2.2502264976501465, 2.9431636333465576, 0.05060100555419922, -0.6309531927108765, -0.04060697555541992, 0.0, -2.019834080087868, -5.562174600685523, -3.601826388250057, -0.12132029470064154
470, -0.014296531677246094, -2.2079315185546875, 2.93776273727417, 0.04936861991882324, -0.6618155241012573, -0.038716793060302734, 0.0, -2.020483546153958, -5.562220374174989, -3.5985721508625312, -0.12146803012506702
471, -0.014377593994140625, -2.1936020851135254, 2.9362127780914307, 0.0493319034576416, -0.6742700338363647, -0.03777623176574707, 0.0, -2.020667806381313, -5.562229254479417, -3.5976269100465545, -0.12152066481107937
472, -0.013514995574951172, -2.146697521209717, 2.9301247596740723, 0.0493319034576416, -0.7106107473373413, -0.03669881820678711, 0.0, -2.0214574907330904, -5.562184880403329, -3.5950642046322754, -0.12168887707820986
473, -0.013418912887573242, -2.1317782402038574, 2.9281113147735596, 0.0492863655090332, -0.7199240922927856, -0.03666234016418457, 0.0, -2.0217696589211, -5.562163975714348, -3.594424506576562, -0.12166820794788258
474, -0.012784957885742188, -2.1016221046447754, 2.923685073852539, 0.04930472373962402, -0.741399884223938, -0.03659844398498535, 0.0, -2.0224055838987836, -5.562053616660351, -3.5933468445933765, -0.12169846483299462
475, -0.01237177848815918, -2.086555242538452, 2.921128511428833, 0.04929542541503906, -0.7518728971481323, -0.03654360771179199, 0.0, -2.022714795751394, -5.5619738753674035, -3.592941123661369, -0.12170815789455247
476, -0.012364387512207031, -2.072004556655884, 2.91833233833313, 0.04926800727844238, -0.7614239454269409, -0.03657102584838867, 0.0, -2.0230311990790977, -5.56190000183527, -3.592544284065719, -0.12169473452780011
477, -0.012393951416015625, -2.058007001876831, 2.9155678749084473, 0.04925894737243652, -0.7716504335403442, -0.03650712966918945, 0.0, -2.0233341708583366, -5.561826145473564, -3.592177995016897, -0.12168661435652961
478, -0.012423276901245117, -2.0404915809631348, 2.911381483078003, 0.04926800727844238, -0.7799137830734253, -0.036452293395996094, 0.0, -2.0236919343946256, -5.561734184863272, -3.591773443616396, -0.12164718982903633
479, -0.012615203857421875, -2.026966094970703, 2.90787410736084, 0.0492405891418457, -0.7859584093093872, -0.036424875259399414, 0.0, -2.0239364265365403, -5.561663584731888, -3.591533081141991, -0.12160253764727269
480, -0.012939691543579102, -2.0136027336120605, 2.904270648956299, 0.049204111099243164, -0.793171763420105, -0.03628802299499512, 0.0, -2.0241604387473635, -5.561589998705635, -3.591347004494971, -0.12155191623533845
481, -0.013338088989257812, -2.000814437866211, 2.9003000259399414, 0.049131155014038086, -0.7994171380996704, -0.035329341888427734, 0.0, -2.024372643257384, -5.561499805709074, -3.5912201480007315, -0.12152981247797001
482, -0.01404571533203125, -1.988336205482483, 2.8958020210266113, 0.04808998107910156, -0.8026038408279419, -0.03310132026672363, 0.0, -2.024542058583166, -5.561421348155662, -3.591216047083708, -0.12147255053720407
483, -0.014783382415771484, -1.9758210182189941, 2.8911519050598145, 0.04566144943237305, -0.8065575361251831, -0.03212428092956543, 0.0, -2.0246841673775116, -5.56137325731818, -3.591349061181661, -0.12138475126470905
484, -0.015542984008789062, -1.9635343551635742, 2.8862464427948, 0.04249310493469238, -0.8092695474624634, -0.03209686279296875, 0.0, -2.0248383047367793, -5.561349742074208, -3.591576555126604, -0.12131089487819757
485, -0.01670074462890625, -1.9464688301086426, 2.8785126209259033, 0.03915095329284668, -0.8104199171066284, -0.03206038475036621, 0.0, -2.0251295229531, -5.561315749208383, -3.591944037559713, -0.12116650821241226
486, -0.01723194122314453, -1.9394406080245972, 2.875380754470825, 0.03853011131286621, -0.8111594915390015, -0.03201484680175781, 0.0, -2.025259536836395, -5.561312050195494, -3.5921015289829445, -0.1210865457283461
487, -0.017910242080688477, -1.9225741624832153, 2.868821382522583, 0.038329362869262695, -0.8204456567764282, -0.031923532485961914, 0.0, -2.025564262973835, -5.561292576540664, -3.5924447128651438, -0.12097900472855727
488, -0.01825690269470215, -1.9057592153549194, 2.861750602722168, 0.038347482681274414, -0.8269559144973755, -0.0305631160736084, 0.0, -2.0259138155398784, -5.561274937281913, -3.5927653336656937, -0.12102356221430988
489, -0.01860332489013672, -1.8863191604614258, 2.852379083633423, 0.038274526596069336, -0.8330551385879517, -0.027367115020751953, 0.0, -2.026358594186632, -5.561250781116942, -3.5931825517743086, -0.12116528926628334
490, -0.01878809928894043, -1.8717167377471924, 2.8450605869293213, 0.03817415237426758, -0.837903618812561, -0.026554584503173828, 0.0, -2.026692939985068, -5.561221257894677, -3.5934723312147643, -0.12123224280957956
491, -0.018950223922729492, -1.8323569297790527, 2.8280270099639893, 0.03798222541809082, -0.8596807718276978, -0.02652716636657715, 0.0, -2.0274081279527016, -5.561107417629431, -3.593986909085234, -0.12124590436847704
492, -0.01883220672607422, -1.8204020261764526, 2.8224265575408936, 0.03799152374267578, -0.8654607534408569, -0.02652716636657715, 0.0, -2.0276556045092504, -5.561074609612385, -3.5941462982717036, -0.12122156553240071
493, -0.018507719039916992, -1.7861530780792236, 2.8046817779541016, 0.03794574737548828, -0.8786455392837524, -0.02649974822998047, 0.0, -2.028421739480663, -5.560960988886163, -3.5946129798670174, -0.12119428882910377
494, -0.018456220626831055, -1.7685418128967285, 2.794726848602295, 0.03790926933288574, -0.885055422782898, -0.02649068832397461, 0.0, -2.028832266602232, -5.560902517972533, -3.594818145046734, -0.12119775921049314
495, -0.017740726470947266, -1.721511960029602, 2.76515793800354, 0.03789114952087402, -0.9034358263015747, -0.02645397186279297, 0.0, -2.0298535026416293, -5.560766280976435, -3.5953136211881827, -0.12135033292418829
496, -0.01719498634338379, -1.6922335624694824, 2.745216131210327, 0.03789114952087402, -0.9163011312484741, -0.02647233009338379, 0.0, -2.030427971906526, -5.560703613003503, -3.595596372202342, -0.1216015060271225
497, -0.0167081356048584, -1.66181218624115, 2.7244515419006348, 0.03786349296569824, -0.9312483072280884, -0.02649974822998047, 0.0, -2.030991425997074, -5.560646400905215, -3.5958529822232537, -0.12174728876884977
498, -0.016413211822509766, -1.6339865922927856, 2.7059638500213623, 0.03786349296569824, -0.9464238882064819, -0.02649068832397461, 0.0, -2.0314719801933165, -5.560582782341642, -3.5960843493615764, -0.12181190516012563
499, -0.015963315963745117, -1.5868018865585327, 2.674429416656494, 0.03785443305969238, -0.9712597131729126, -0.02649068832397461, 0.0, -2.032272126843828, -5.560461596424234, -3.596468598076604, -0.1217458458292322
500, -0.01581573486328125, -1.5656213760375977, 2.658737897872925, 0.03786349296569824, -0.9780713319778442, -0.026508808135986328, 0.0, -2.0326685335362282, -5.560408806303229, -3.596661705343308, -0.12171120051035267
501, -0.015742063522338867, -1.5405539274215698, 2.6373181343078613, 0.03784537315368652, -0.9798699617385864, -0.02649068832397461, 0.0, -2.0331077653256893, -5.560355894198628, -3.5969963215886893, -0.12164365829595525
502, -0.01591181755065918, -1.5121679306030273, 2.608715772628784, 0.03786349296569824, -0.9798518419265747, -0.026508808135986328, 0.0, -2.0335220426603655, -5.560298373604447, -3.5976101148560646, -0.12156345899382615
503, -0.016073942184448242, -1.4971009492874146, 2.592369318008423, 0.03786349296569824, -0.9798973798751831, -0.02649974822998047, 0.0, -2.033733740035956, -5.56025517999918, -3.5979905652698534, -0.12153429371894386
504, -0.016162633895874023, -1.4800206422805786, 2.5734262466430664, 0.03785443305969238, -0.9798334836959839, -0.026536226272583008, 0.0, -2.0340461712693494, -5.56020211058375, -3.598332039747828, -0.12156285653467958
505, -0.016280651092529297, -1.4621808528900146, 2.554227590560913, 0.0378270149230957, -0.9796873331069946, -0.02649974822998047, 0.0, -2.0344286340411664, -5.56013451882201, -3.598555572620275, -0.12160338581674424
506, -0.016457557678222656, -1.4406461715698242, 2.5317771434783936, 0.03783607482910156, -0.9790846109390259, -0.02651810646057129, 0.0, -2.034902865061899, -5.560036841642963, -3.5987299378416937, -0.12157084922508687
507, -0.016560792922973633, -1.4219359159469604, 2.511763334274292, 0.03785443305969238, -0.9782813787460327, -0.026463031768798828, 0.0, -2.035311810152885, -5.559960097382412, -3.598880188709083, -0.12158455311246108
508, -0.01665639877319336, -1.3987860679626465, 2.485358238220215, 0.03784537315368652, -0.9753137826919556, -0.02649068832397461, 0.0, -2.035806983210506, -5.559904415600095, -3.5991295295343186, -0.1216196109735721
509, -0.016811370849609375, -1.3815433979034424, 2.464601516723633, 0.03783607482910156, -0.9722915887832642, -0.02651810646057129, 0.0, -2.036173860426939, -5.559843539629211, -3.599357244944947, -0.1216477115638197
510, -0.01710653305053711, -1.3645665645599365, 2.443469285964966, 0.03783607482910156, -0.9671050310134888, -0.02649974822998047, 0.0, -2.036543601743315, -5.5597556424992485, -3.599564510837697, -0.12162569101557175
511, -0.01737189292907715, -1.3502442836761475, 2.4251813888549805, 0.0378270149230957, -0.9631057977676392, -0.026508808135986328, 0.0, -2.0368727719527175, -5.559675689582204, -3.5997192359419445, -0.1215955858598523
512, -0.01754140853881836, -1.3290269374847412, 2.397745370864868, 0.03783607482910156, -0.956494927406311, -0.026508808135986328, 0.0, -2.0373941576419226, -5.559591717196252, -3.599922847280895, -0.1216129773834993
513, -0.01758575439453125, -1.3089449405670166, 2.373457431793213, 0.03779959678649902, -0.9537650346755981, -0.02649068832397461, 0.0, -2.037859217584788, -5.55951360620518, -3.60009474626694, -0.12167949828092972
514, -0.01763010025024414, -1.2899397611618042, 2.3553693294525146, 0.037744998931884766, -0.9612249135971069, -0.02640843391418457, 0.0, -2.0382324172700783, -5.559434361247919, -3.600179798409305, -0.12166707211891481
515, -0.017770051956176758, -1.2557276487350464, 2.3276617527008057, 0.03766274452209473, -0.9735971689224243, -0.02642655372619629, 0.0, -2.0389426205664027, -5.559292209104529, -3.6001786827309115, -0.12155883642230148
516, -0.017998933792114258, -1.2312724590301514, 2.3094775676727295, 0.03758049011230469, -0.9805365800857544, -0.02637195587158203, 0.0, -2.0394856588562105, -5.559187258332186, -3.6002175428772523, -0.12150046412985738
517, -0.01834559440612793, -1.1985868215560913, 2.2862682342529297, 0.03751659393310547, -0.9880238771438599, -0.02638101577758789, 0.0, -2.0402004454429084, -5.559019772655212, -3.6003563013951396, -0.12141951714402754
518, -0.018633127212524414, -1.1642271280288696, 2.264824390411377, 0.03677701950073242, -0.9998847246170044, -0.026271581649780273, 0.0, -2.04084912493624, -5.558896370769979, -3.6005844044495205, -0.12142055743762636
519, -0.01874375343322754, -1.1374342441558838, 2.2504594326019287, 0.03447604179382324, -1.0185755491256714, -0.026161909103393555, 0.0, -2.0413389681079743, -5.558828302745048, -3.600797598784926, -0.12153990437012041
520, -0.018655061721801758, -1.1006996631622314, 2.231532096862793, 0.0325312614440918, -1.0389190912246704, -0.026116132736206055, 0.0, -2.0420491671131993, -5.558696750189001, -3.601283712081984, -0.12177230999729716
521, -0.01847076416015625, -1.0681617259979248, 2.2151618003845215, 0.03195595741271973, -1.0555282831192017, -0.02593374252319336, 0.0, -2.042761588778353, -5.558562245048131, -3.6019876885903526, -0.12192211069655112
522, -0.018618345260620117, -1.0283446311950684, 2.1939735412597656, 0.03189206123352051, -1.0700370073318481, -0.022546052932739258, 0.0, -2.0437755686299774, -5.558419408392589, -3.603351322500375, -0.12193340100674188
523, -0.01883220672607422, -1.0075104236602783, 2.182173252105713, 0.03185534477233887, -1.0782731771469116, -0.021066904067993164, 0.0, -2.044339317787831, -5.558344451996139, -3.6043843754695093, -0.12187668350333869
524, -0.018979549407958984, -0.9773249626159668, 2.1626229286193848, 0.03185534477233887, -1.0881072282791138, -0.02008986473083496, 0.0, -2.045189742152535, -5.558221651931418, -3.6065443766450613, -0.12179764270996607
525, -0.018979549407958984, -0.9570586681365967, 2.147594928741455, 0.03181886672973633, -1.0939964056015015, -0.02009892463684082, 0.0, -2.045795112649013, -5.558142467056791, -3.6086082074385577, -0.12175118399970675
526, -0.019031286239624023, -0.929940938949585, 2.1244492530822754, 0.03184628486633301, -1.1007167100906372, -0.02011728286743164, 0.0, -2.0466228306506586, -5.558032289103174, -3.6124139247361913, -0.12162896196145834
527, -0.019119977951049805, -0.9131190776824951, 2.108342409133911, 0.03181886672973633, -1.1050537824630737, -0.0200808048248291, 0.0, -2.0471447953340403, -5.557956825938904, -3.6153969685392706, -0.12153080468822086
528, -0.01940011978149414, -0.8926830291748047, 2.086674928665161, 0.03181886672973633, -1.110815405845642, -0.02009892463684082, 0.0, -2.0478833389818587, -5.557832511505829, -3.6197942982972653, -0.12135679277671674
529, -0.01975393295288086, -0.8782651424407959, 2.070496082305908, 0.03179144859313965, -1.113965392112732, -0.02008986473083496, 0.0, -2.048470219024224, -5.5577158930586394, -3.623327533133656, -0.12119917088472576
530, -0.020137548446655273, -0.8640167713165283, 2.0544214248657227, 0.03178238868713379, -1.115946888923645, -0.02008986473083496, 0.0, -2.049037922729231, -5.557598340834034, -3.6270030521195977, -0.12105837241400152
531, -0.020742416381835938, -0.8447978496551514, 2.033081531524658, 0.03174591064453125, -1.1176179647445679, -0.02010822296142578, 0.0, -2.049692397141678, -5.55741714403654, -3.6320237799936126, -0.12092622148088061
532, -0.020889997482299805, -0.8258073329925537, 2.0122928619384766, 0.03171849250793457, -1.1176270246505737, -0.0200808048248291, 0.0, -2.050300404051184, -5.557279201335408, -3.6371947889039564, -0.12099856272345999
533, -0.02095627784729004, -0.8093688488006592, 1.9945322275161743, 0.03170037269592285, -1.1176270246505737, -0.02009892463684082, 0.0, -2.050793620229728, -5.55717970206052, -3.6417543461374917, -0.12114135795187497
534, -0.020874977111816406, -0.7930256724357605, 1.9774507284164429, 0.03166389465332031, -1.1190513372421265, -0.02010822296142578, 0.0, -2.0512371534629184, -5.557109882601464, -3.6463116429326323, -0.12135164720990144
535, -0.020830869674682617, -0.779463529586792, 1.963261365890503, 0.03167295455932617, -1.123151183128357, -0.02010822296142578, 0.0, -2.051553424949578, -5.557038280923366, -3.6502056639719975, -0.12144715076711687
536, -0.02072763442993164, -0.7638432383537292, 1.9468590021133423, 0.03161811828613281, -1.1254338026046753, -0.0200808048248291, 0.0, -2.051892940652741, -5.556975352829487, -3.654723931372704, -0.12150498986736302
537, -0.020749568939208984, -0.74410080909729, 1.9252793788909912, 0.03160905838012695, -1.1269313097000122, -0.02006244659423828, 0.0, -2.052306043617758, -5.556882080367691, -3.660454628040526, -0.12142204856255479
538, -0.0206758975982666, -0.7328689098358154, 1.9126960039138794, 0.03161811828613281, -1.1269861459732056, -0.02007150650024414, 0.0, -2.0525584342689513, -5.5568783969751525, -3.663603447362616, -0.12138950437861329
539, -0.02051377296447754, -0.7170717716217041, 1.8946397304534912, 0.03160905838012695, -1.1269770860671997, -0.0200350284576416, 0.0, -2.0528868037348285, -5.556875464956411, -3.6679120277196002, -0.12139180645612413
540, -0.0204620361328125, -0.6979190707206726, 1.8732678890228271, 0.031554222106933594, -1.1270042657852173, -0.0200350284576416, 0.0, -2.0532224019077314, -5.556826101231429, -3.6726614754669615, -0.12130583980695331
541, -0.0204620361328125, -0.6784861087799072, 1.8512247800827026, 0.03154492378234863, -1.1272052526474, -0.020025968551635742, 0.0, -2.0535527667726092, -5.556702056402201, -3.677215687344271, -0.12115155414495238
542, -0.020498991012573242, -0.6617155075073242, 1.8328570127487183, 0.031499385833740234, -1.1323460340499878, -0.020025968551635742, 0.0, -2.053858377595965, -5.556676224031939, -3.681079689065851, -0.12107462828801197
543, -0.02059459686279297, -0.6410143375396729, 1.8116449117660522, 0.0314173698425293, -1.1400247812271118, -0.019998550415039062, 0.0, -2.0541661033353233, -5.5566211530375345, -3.685812483847172, -0.12094261795346029
544, -0.020867586135864258, -0.6274077892303467, 1.798390507698059, 0.03138995170593262, -1.1439605951309204, -0.020016908645629883, 0.0, -2.0543011990171816, -5.556558837557272, -3.6888062984722882, -0.12082588556106533
545, -0.02095627784729004, -0.6090662479400635, 1.7810372114181519, 0.03133511543273926, -1.147868275642395, -0.019980430603027344, 0.0, -2.054434249727632, -5.556459328993591, -3.692618862007772, -0.1207733759312557
546, -0.021074295043945312, -0.5884535312652588, 1.7625895738601685, 0.03122544288635254, -1.1556476354599, -0.019962072372436523, 0.0, -2.054555520903424, -5.55639719608178, -3.696711891589842, -0.12079054664367739
547, -0.02125835418701172, -0.5730030536651611, 1.7505494356155396, 0.031106948852539062, -1.1639114618301392, -0.019971370697021484, 0.0, -2.0545756330485463, -5.556306829096084, -3.699770639160343, -0.1207730912879077
548, -0.021531343460083008, -0.5597574710845947, 1.7416012287139893, 0.031024694442749023, -1.1713711023330688, -0.019989490509033203, 0.0, -2.0545416660907514, -5.5562189468247185, -3.702308391978837, -0.12074801819504177
549, -0.02196645736694336, -0.5424044132232666, 1.7310470342636108, 0.030942440032958984, -1.1816707849502563, -0.019953012466430664, 0.0, -2.0544743528376306, -5.556143475301925, -3.7055777149546807, -0.12069383445364856
550, -0.022202491760253906, -0.5292179584503174, 1.7233291864395142, 0.030869483947753906, -1.1878067255020142, -0.019971370697021484, 0.0, -2.054441428627964, -5.556101244977355, -3.7079483753636526, -0.12066556252815452
551, -0.02250504493713379, -0.5131628513336182, 1.714085340499878, 0.030833005905151367, -1.1954399347305298, -0.019943714141845703, 0.0, -2.05441675192309, -5.5560639171512545, -3.710624958422911, -0.1206252214898873
552, -0.02250504493713379, -0.4939291477203369, 1.7026604413986206, 0.030759811401367188, -1.2048994302749634, -0.019934654235839844, 0.0, -2.0544006618475033, -5.556036022010387, -3.713617522225997, -0.12069043637094978
553, -0.02236461639404297, -0.4763031005859375, 1.6918586492538452, 0.030714035034179688, -1.212459683418274, -0.019925594329833984, 0.0, -2.0543907405504678, -5.55605185151592, -3.7161803805091007, -0.12080184606422506
554, -0.022040128707885742, -0.45813870429992676, 1.6801221370697021, 0.03067755699157715, -1.218988299369812, -0.019888877868652344, 0.0, -2.054391341835917, -5.5560918816633444, -3.718694075014815, -0.12099467655232576
555, -0.021818876266479492, -0.43976759910583496, 1.6677782535552979, 0.03065943717956543, -1.2256721258163452, -0.019815921783447266, 0.0, -2.0543989273031324, -5.556099336292595, -3.7211649424331172, -0.12117772322765497
556, -0.021775007247924805, -0.42359447479248047, 1.6566569805145264, 0.03063201904296875, -1.231652855873108, -0.01967000961303711, 0.0, -2.0543954736369896, -5.556086874484551, -3.7232778299467255, -0.12119430558961053
557, -0.021759986877441406, -0.398881196975708, 1.638904333114624, 0.03059554100036621, -1.2402998208999634, -0.019414186477661133, 0.0, -2.0543737560743756, -5.556087251795464, -3.7263367251816506, -0.12121785024955312
558, -0.021590232849121094, -0.37618133425712585, 1.622078537940979, 0.03054976463317871, -1.2472573518753052, -0.018756628036499023, 0.0, -2.0543694472050813, -5.556134233112617, -3.7288654944172124, -0.12124270376462132
559, -0.021486997604370117, -0.3558191955089569, 1.6065868139266968, 0.03054976463317871, -1.2525533437728882, -0.016300678253173828, 0.0, -2.054370401073861, -5.556136591913624, -3.7309063887141463, -0.12124981643004595
560, -0.021265745162963867, -0.328531950712204, 1.5853188037872314, 0.030513286590576172, -1.259839653968811, -0.014729976654052734, 0.0, -2.054380755226269, -5.556143587808519, -3.7332385923096707, -0.12129131611714605
561, -0.021265745162963867, -0.3061492443084717, 1.5673105716705322, 0.030504226684570312, -1.2660123109817505, -0.014702558517456055, 0.0, -2.0543899330103437, -5.556152263784864, -3.734818710179262, -0.12122443211559641
562, -0.02144312858581543, -0.2858164310455322, 1.5507323741912842, 0.030485868453979492, -1.2707420587539673, -0.014711856842041016, 0.0, -2.054392196845301, -5.556149953821561, -3.7359971339957783, -0.12109008403750554
563, -0.02170085906982422, -0.26513004302978516, 1.5334112644195557, 0.030449390411376953, -1.2744766473770142, -0.014720916748046875, 0.0, -2.054397999960914, -5.556132303201181, -3.7370136403807632, -0.12096337563601178
564, -0.021959304809570312, -0.24032092094421387, 1.5119354724884033, 0.030440092086791992, -1.2783936262130737, -0.014711856842041016, 0.0, -2.0544141431273957, -5.5561184667589805, -3.738017191884395, -0.1208786774092232
565, -0.022032737731933594, -0.20728135108947754, 1.4828137159347534, 0.030385494232177734, -1.2830411195755005, -0.014711856842041016, 0.0, -2.0544273876472525, -5.5561219149477745, -3.739042153278989, -0.12097434994242828
566, -0.0220181941986084, -0.18458843231201172, 1.462336778640747, 0.030367136001586914, -1.285744071006775, -0.014702558517456055, 0.0, -2.0544161909664225, -5.5561000792451685, -3.739580463771885, -0.12110819832223996
567, -0.022032737731933594, -0.1537764072418213, 1.433814287185669, 0.030349016189575195, -1.288875699043274, -0.014702558517456055, 0.0, -2.0543745329734446, -5.556067611341819, -3.7401686789856123, -0.12127016143441782
568, -0.022084474563598633, -0.1262679100036621, 1.407800555229187, 0.030330657958984375, -1.2910491228103638, -0.014711856842041016, 0.0, -2.0543242489681246, -5.556060907983038, -3.740596184146354, -0.12133502267564023
569, -0.022158145904541016, -0.09835386276245117, 1.380548357963562, 0.030294179916381836, -1.292098879814148, -0.014702558517456055, 0.0, -2.0542448038429044, -5.556087751854237, -3.740971947952127, -0.12136988502995738
570, -0.022114038467407227, -0.07158279418945312, 1.3542630672454834, 0.030248641967773438, -1.292016863822937, -0.014693498611450195, 0.0, -2.0541315877801885, -5.5561086862324, -3.7413028952937255, -0.12129418112040735
571, -0.022291183471679688, -0.04762911796569824, 1.3314769268035889, 0.030230283737182617, -1.2914599180221558, -0.014693498611450195, 0.0, -2.0539505280557933, -5.556133841723275, -3.7417180880133145, -0.12115720091191928
572, -0.02214336395263672, -0.026846647262573242, 1.3122862577438354, 0.0302121639251709, -1.2895606756210327, -0.014693498611450195, 0.0, -2.0537114747267893, -5.556214313605192, -3.7422301670978224, -0.12117266558219786
573, -0.02201080322265625, -0.008822441101074219, 1.2960436344146729, 0.0302121639251709, -1.2862190008163452, -0.014693498611450195, 0.0, -2.053453820956451, -5.556289456712938, -3.742820449053796, -0.12121926146400597
574, -0.022253990173339844, 0.012018918991088867, 1.277715802192688, 0.0301663875579834, -1.2747045755386353, -0.014684438705444336, 0.0, -2.0530451131579475, -5.556326074181563, -3.7438479961440394, -0.12124649313719793
575, -0.022335290908813477, 0.019010305404663086, 1.2725225687026978, 0.03011155128479004, -1.2682586908340454, -0.014675378799438477, 0.0, -2.0528516659486975, -5.556332736324838, -3.744370140115156, -0.1212971055171641
576, -0.022526979446411133, 0.027255773544311523, 1.2662988901138306, 0.030102252960205078, -1.260825753211975, -0.014657020568847656, 0.0, -2.0526437083199762, -5.556355265249395, -3.7450908716741482, -0.12138721955584142
577, -0.02271890640258789, 0.035478830337524414, 1.2593958377838135, 0.03008413314819336, -1.2545896768569946, -0.014684438705444336, 0.0, -2.0525139310208096, -5.5563594873193125, -3.7458208254011005, -0.12146945639145468
578, -0.02271890640258789, 0.04172515869140625, 1.2538751363754272, 0.030029296875, -1.2465912103652954, -0.014684438705444336, 0.0, -2.05247008068861, -5.556362663824507, -3.746356825073358, -0.12150078658449548
579, -0.02271890640258789, 0.048864126205444336, 1.2475554943084717, 0.0299837589263916, -1.2361725568771362, -0.014684438705444336, 0.0, -2.0524870313249224, -5.556380717552024, -3.7469238620086966, -0.12150859507003009
580, -0.022615671157836914, 0.05371689423918724, 1.2435847520828247, 0.029974699020385742, -1.2300091981887817, -0.014684438705444336, 0.0, -2.0525331910551317, -5.55639989391428, -3.7472500144864367, -0.12155224118713637
581, -0.02250504493713379, 0.05812692642211914, 1.2403889894485474, 0.029947280883789062, -1.2241381406784058, -0.014675378799438477, 0.0, -2.0525794299497555, -5.5564158636321395, -3.747495029927735, -0.12156779499946335
582, -0.022394418716430664, 0.06210207939147949, 1.2374486923217773, 0.029947280883789062, -1.2176371812820435, -0.014666080474853516, 0.0, -2.052616717931701, -5.556425349761545, -3.747679762185841, -0.12158185097089991
583, -0.022423744201660156, 0.06634998321533203, 1.2340292930603027, 0.029901504516601562, -1.2105330228805542, -0.014647960662841797, 0.0, -2.0526488981135413, -5.556415977419846, -3.747814883737235, -0.12155170894609046
584, -0.0224459171295166, 0.07047247886657715, 1.2307934761047363, 0.029892444610595703, -1.2068167924880981, -0.014657020568847656, 0.0, -2.0526485591639374, -5.55639649796735, -3.7478961671314424, -0.121564078382292
585, -0.0224459171295166, 0.07427811622619629, 1.2278213500976562, 0.029865026473999023, -1.2051278352737427, -0.014647960662841797, 0.0, -2.052639650399427, -5.556398836639927, -3.7479990803795404, -0.12163664515366523
586, -0.022423744201660156, 0.07607746124267578, 1.2262396812438965, 0.029846668243408203, -1.2050272226333618, -0.014647960662841797, 0.0, -2.0526380909556554, -5.556411744337454, -3.7480468612320217, -0.12167754156754285
587, -0.02245330810546875, 0.08039188385009766, 1.2220849990844727, 0.029846668243408203, -1.2048262357711792, -0.014611482620239258, 0.0, -2.0526132726674495, -5.5564404359106705, -3.748141155109285, -0.12167372104570084
588, -0.02250504493713379, 0.08346700668334961, 1.218865156173706, 0.029837608337402344, -1.2045618295669556, -0.014638900756835938, 0.0, -2.052562254801438, -5.556463584377977, -3.7482344261952742, -0.12162104665710505
589, -0.02249002456665039, 0.0857090875506401, 1.2164204120635986, 0.029828310012817383, -1.2040776014328003, -0.014593124389648438, 0.0, -2.052517393965996, -5.556482254463938, -3.7483028872797153, -0.12161204173008944
590, -0.022475242614746094, 0.08775210380554199, 1.2141354084014893, 0.029810190200805664, -1.2030366659164429, -0.014593124389648438, 0.0, -2.0524756850559047, -5.556494385053303, -3.7483548705913847, -0.12163367362010646
591, -0.022468090057373047, 0.08989071100950241, 1.2117466926574707, 0.029837608337402344, -1.20146644115448, -0.014593124389648438, 0.0, -2.05241848414583, -5.556503723889374, -3.7484277326508257, -0.12165752399868524
592, -0.02249002456665039, 0.09155010432004929, 1.2100367546081543, 0.029819250106811523, -1.201055645942688, -0.014620542526245117, 0.0, -2.052370662349712, -5.556508967576181, -3.7484844724741264, -0.12165762727882701
593, -0.022519588470458984, 0.09360766410827637, 1.2078957557678223, 0.029819250106811523, -1.2009001970291138, -0.014602184295654297, 0.0, -2.0523046667737015, -5.556515445196562, -3.7485541393265494, -0.12165440091378432
594, -0.022526979446411133, 0.09550308436155319, 1.2059383392333984, 0.029801130294799805, -1.2007721662521362, -0.014620542526245117, 0.0, -2.052235141627735, -5.556526528124467, -3.748656283418947, -0.12166922523496648
595, -0.022526979446411133, 0.09715508669614792, 1.2039966583251953, 0.029810190200805664, -1.2006810903549194, -0.014593124389648438, 0.0, -2.0521717068298635, -5.556536529149229, -3.7487680987057352, -0.12164880711597803
596, -0.02254176139831543, 0.09874772280454636, 1.2021031379699707, 0.029791831970214844, -1.200626254081726, -0.014593124389648438, 0.0, -2.052120766935139, -5.556549662338964, -3.748875104060012, -0.12160624663533781
597, -0.0224606990814209, 0.10037779808044434, 1.2002336978912354, 0.029801130294799805, -1.2005988359451294, -0.014620542526245117, 0.0, -2.0520704076076344, -5.556569238065962, -3.749010946886456, -0.12157590988571343
598, -0.0224459171295166, 0.10197067260742188, 1.1985878944396973, 0.029791831970214844, -1.2004252672195435, -0.014602184295654297, 0.0, -2.052016691378364, -5.556592735171232, -3.749136658946247, -0.12157841161688943
599, -0.0224459171295166, 0.10326147079467773, 1.1973495483398438, 0.029782772064208984, -1.2000967264175415, -0.014584064483642578, 0.0, -2.0519667753007877, -5.556594305224456, -3.7492165247713953, -0.12156597793152102
600, -0.022644996643066406, 0.10467743128538132, 1.1958954334259033, 0.029755353927612305, -1.1996768712997437, -0.014602184295654297, 0.0, -2.0519073610037806, -5.556579002206346, -3.7493056052131855, -0.12149218176383059
601, -0.022512435913085938, 0.10613750666379929, 1.1942095756530762, 0.029764652252197266, -1.198243260383606, -0.014575004577636719, 0.0, -2.0518541753411954, -5.556592588751424, -3.749390858361348, -0.12157066031466002
602, -0.0224459171295166, 0.10711120814085007, 1.1930432319641113, 0.029755353927612305, -1.1974669694900513, -0.014593124389648438, 0.0, -2.0518188921642366, -5.556600760366052, -3.7494434602430453, -0.12160337923857867
603, -0.022593259811401367, 0.10810684412717819, 1.1918606758117676, 0.029746294021606445, -1.197339415550232, -0.014593124389648438, 0.0, -2.0517731497444753, -5.5565870709921725, -3.749512146557266, -0.12151057111243269
604, -0.022623062133789062, 0.108932726085186, 1.1908540725708008, 0.029746294021606445, -1.1973298788070679, -0.014584064483642578, 0.0, -2.0517826104774297, -5.556550281102895, -3.7496150241246538, -0.12145232151621421
605, -0.0224606990814209, 0.10978078842163086, 1.1898634433746338, 0.029737234115600586, -1.1972659826278687, -0.014611482620239258, 0.0, -2.0517834921720897, -5.55660286000064, -3.749688375788643, -0.12150980968379699
606, -0.022416353225708008, 0.11060690879821777, 1.188776969909668, 0.029718875885009766, -1.1972659826278687, -0.014602184295654297, 0.0, -2.051727063340784, -5.556559304264305, -3.7497262064553714, -0.12150298368193013
607, -0.02249002456665039, 0.1113443374633789, 1.1879220008850098, 0.029727935791015625, -1.197238802909851, -0.014593124389648438, 0.0, -2.051751562732705, -5.556504497402291, -3.749770534253391, -0.12139293476235569
608, -0.022482633590698242, 0.11194156855344772, 1.1871070861816406, 0.029709815979003906, -1.1972113847732544, -0.014593124389648438, 0.0, -2.051754876465441, -5.556612092042817, -3.7498343970692583, -0.12140019060163088
609, -0.02232813835144043, 0.11248016357421875, 1.186340093612671, 0.029718875885009766, -1.1971930265426636, -0.014593124389648438, 0.0, -2.0517093149108705, -5.5566222489904336, -3.7498485898271388, -0.12147745583800607
610, -0.022298336029052734, 0.11313629150390625, 1.185509204864502, 0.029709815979003906, -1.1971839666366577, -0.014575004577636719, 0.0, -2.051711359253212, -5.556596621482077, -3.749857130625689, -0.12151392091952307
611, -0.02240896224975586, 0.11376333236694336, 1.1847741603851318, 0.029709815979003906, -1.1971384286880493, -0.014593124389648438, 0.0, -2.0516876465261134, -5.556659195263317, -3.7498507749541994, -0.12149685397529808
612, -0.022475242614746094, 0.11414694786071777, 1.1843667030334473, 0.029691457748413086, -1.1971474885940552, -0.014593124389648438, 0.0, -2.051641509622381, -5.556638732498211, -3.749840999504046, -0.12150148837569041
613, -0.02249002456665039, 0.1144711971282959, 1.1839752197265625, 0.029682397842407227, -1.1971107721328735, -0.014593124389648438, 0.0, -2.05164180476648, -5.556629207411772, -3.749847232563979, -0.12155711835878247
614, -0.02245330810546875, 0.11478828638792038, 1.1835837364196777, 0.029673337936401367, -1.197083592414856, -0.014584064483642578, 0.0, -2.0516292645783727, -5.556689156408725, -3.749862853017867, -0.12162265627858293
615, -0.022468090057373047, 0.11514972895383835, 1.1831202507019043, 0.029691457748413086, -1.1970378160476685, -0.014584064483642578, 0.0, -2.0516100419509455, -5.556664753331944, -3.7498603682076417, -0.1216542935924636
616, -0.02250504493713379, 0.11545944213867188, 1.1826648712158203, 0.029682397842407227, -1.1970287561416626, -0.014575004577636719, 0.0, -2.0516245087792897, -5.556651665204704, -3.7498713585768337, -0.12163372180259913
617, -0.02250504493713379, 0.11585760116577148, 1.1820096969604492, 0.029664278030395508, -1.196982979774475, -0.014584064483642578, 0.0, -2.0516109594371548, -5.556676329245803, -3.7498826742086195, -0.12157994059819188
618, -0.022431135177612305, 0.11626338958740234, 1.1812827587127686, 0.029673337936401367, -1.1969283819198608, -0.014565706253051758, 0.0, -2.0516102883666165, -5.5566275897167525, -3.749887134789569, -0.12153535169027574
619, -0.022416353225708008, 0.11638879030942917, 1.1810989379882812, 0.029654979705810547, -1.1969283819198608, -0.014584064483642578, 0.0, -2.0516211706751295, -5.556629291915343, -3.7498930034101035, -0.12151195259165526
620, -0.022394418716430664, 0.1166984960436821, 1.180659532546997, 0.029673337936401367, -1.1969283819198608, -0.014575004577636719, 0.0, -2.051617195442782, -5.556657428803887, -3.7499026349389983, -0.12147517819545062
621, -0.022394418716430664, 0.11690497398376465, 1.1804757118225098, 0.029673337936401367, -1.1968644857406616, -0.014611482620239258, 0.0, -2.051596314675897, -5.556626929519418, -3.7499024724097656, -0.12143595288688491
622, -0.022416353225708008, 0.11706709861755371, 1.1803560256958008, 0.029664278030395508, -1.1968644857406616, -0.014584064483642578, 0.0, -2.0516022433922125, -5.556628928384776, -3.749907379442809, -0.12143467303396172
623, -0.02240896224975586, 0.11740636825561523, 1.1799883842468262, 0.029654979705810547, -1.1968554258346558, -0.014565706253051758, 0.0, -2.051598521599552, -5.556654230552254, -3.7499123355362696, -0.12145042097012126
624, -0.022423744201660156, 0.11766456812620163, 1.17966890335083, 0.029664278030395508, -1.1968187093734741, -0.014556646347045898, 0.0, -2.051592342290844, -5.55664014922935, -3.749908049942366, -0.12144689944611908
625, -0.022431135177612305, 0.1177971288561821, 1.179509162902832, 0.029673337936401367, -1.1967276334762573, -0.014575004577636719, 0.0, -2.0515968508751694, -5.556653690244963, -3.749913146319219, -0.12145152137411674
626, -0.0224459171295166, 0.11798905581235886, 1.1792852878570557, 0.029645919799804688, -1.1966999769210815, -0.014584064483642578, 0.0, -2.05158945977516, -5.556686902187541, -3.749913653669393, -0.12148307782343792
627, -0.022438764572143555, 0.11818813532590866, 1.179013729095459, 0.029673337936401367, -1.196672797203064, -0.014565706253051758, 0.0, -2.051582323270048, -5.556663488203357, -3.7499036398888355, -0.12148466285888038
628, -0.02245330810546875, 0.11836528778076172, 1.1787340641021729, 0.029664278030395508, -1.1966818571090698, -0.014556646347045898, 0.0, -2.0515956571678666, -5.556678911998757, -3.749911975373552, -0.12151250607250308
629, -0.0224606990814209, 0.11854218691587448, 1.1783745288848877, 0.029636859893798828, -1.1966270208358765, -0.014547586441040039, 0.0, -2.051585907034171, -5.556697257251997, -3.749914650372193, -0.12154604989935525
630, -0.022468090057373047, 0.11867499351501465, 1.178102970123291, 0.029627561569213867, -1.1966360807418823, -0.014556646347045898, 0.0, -2.0515809858171488, -5.556676783658106, -3.749912623462002, -0.12153178217980631
631, -0.0224606990814209, 0.1187119409441948, 1.1780149936676025, 0.029654979705810547, -1.1966544389724731, -0.014575004577636719, 0.0, -2.051581127513204, -5.556674107230935, -3.7499174824378945, -0.12153533186888321
632, -0.02245330810546875, 0.11902141571044922, 1.1774318218231201, 0.029636859893798828, -1.1966360807418823, -0.014575004577636719, 0.0, -2.0515688133768584, -5.556699984483047, -3.7499220499446095, -0.12152542416990375
633, -0.0224459171295166, 0.11924266815185547, 1.1770882606506348, 0.029645919799804688, -1.1966270208358765, -0.014565706253051758, 0.0, -2.0515669443073703, -5.5566797048583165, -3.7499230234244574, -0.12150390660279164
634, -0.0224459171295166, 0.11938308924436569, 1.1769442558288574, 0.029636859893798828, -1.1966086626052856, -0.014584064483642578, 0.0, -2.051560008915126, -5.556688396269973, -3.749924530730741, -0.12149999099317466
635, -0.022438764572143555, 0.11954521387815475, 1.1767926216125488, 0.029636859893798828, -1.1966086626052856, -0.014547586441040039, 0.0, -2.0515439382252634, -5.556686821519523, -3.749928587672233, -0.12148939043296991
636, -0.022431135177612305, 0.11972212791442871, 1.1766088008880615, 0.029636859893798828, -1.196590542793274, -0.014556646347045898, 0.0, -2.0515327283092986, -5.55668359437576, -3.7499287804705728, -0.12150298608577792
637, -0.022423744201660156, 0.11991381645202637, 1.1763930320739746, 0.029645919799804688, -1.1965628862380981, -0.014547586441040039, 0.0, -2.0515359149014714, -5.556704959617661, -3.749931061373101, -0.12150932684690297
638, -0.022438764572143555, 0.12008332461118698, 1.1761693954467773, 0.029636859893798828, -1.1965175867080688, -0.014575004577636719, 0.0, -2.051529462518368, -5.556701163145773, -3.7499281398303097, -0.12153178916249363
639, -0.022423744201660156, 0.12026809900999069, 1.17594575881958, 0.029645919799804688, -1.196489930152893, -0.014547586441040039, 0.0, -2.051531757581416, -5.556689339292725, -3.7499310196200435, -0.12153356048696917
640, -0.022431135177612305, 0.12034153193235397, 1.175825834274292, 0.029636859893798828, -1.1964627504348755, -0.014565706253051758, 0.0, -2.0515318128185775, -5.55671697211309, -3.7499367045566623, -0.12155096111149
641, -0.022431135177612305, 0.12043022364377975, 1.175705909729004, 0.029618501663208008, -1.1964718103408813, -0.014575004577636719, 0.0, -2.051520043962976, -5.556715176668295, -3.7499294213197882, -0.12156161726703019
642, -0.022431135177612305, 0.12052582949399948, 1.1755223274230957, 0.029645919799804688, -1.1964446306228638, -0.014547586441040039, 0.0, -2.0515176715604153, -5.556709512331655, -3.7499262896256864, -0.12157286341109685
643, -0.022431135177612305, 0.12060713768005371, 1.1753544807434082, 0.029627561569213867, -1.196416974067688, -0.014565706253051758, 0.0, -2.051514173569079, -5.556723862934447, -3.7499288259253443, -0.12158118450635591
644, -0.022423744201660156, 0.120651476085186, 1.17521071434021, 0.029636859893798828, -1.1964079141616821, -0.014556646347045898, 0.0, -2.0515077229164915, -5.5567238433486725, -3.749928487567206, -0.12159001744509457
645, -0.022431135177612305, 0.12073993682861328, 1.1750187873840332, 0.029636859893798828, -1.1963711977005005, -0.014565706253051758, 0.0, -2.0515108972747145, -5.556714545146267, -3.7499326541605367, -0.12158957006670601
646, -0.022431135177612305, 0.12078403681516647, 1.1748991012573242, 0.029618501663208008, -1.196325659751892, -0.014547586441040039, 0.0, -2.051500275275919, -5.5567250914999144, -3.7499329116710705, -0.1215799234625683
647, -0.022416353225708008, 0.12082123011350632, 1.1747472286224365, 0.029627561569213867, -1.1963165998458862, -0.014547586441040039, 0.0, -2.0514946225452264, -5.5567108762560835, -3.7499335545947408, -0.12155756513363247
648, -0.022416353225708008, 0.12087272852659225, 1.174635410308838, 0.029645919799804688, -1.1963075399398804, -0.014565706253051758, 0.0, -2.051502383280233, -5.556709873676219, -3.7499377757823904, -0.12154201788340835
649, -0.02240896224975586, 0.12090206146240234, 1.1745476722717285, 0.029645919799804688, -1.1962798833847046, -0.014547586441040039, 0.0, -2.0515084642562926, -5.556717892409087, -3.749940131329519, -0.12153149432583454
650, -0.022401809692382812, 0.12091683596372604, 1.1744916439056396, 0.029636859893798828, -1.196252703666687, -0.014556646347045898, 0.0, -2.051497414269245, -5.5567171115730565, -3.749934517620996, -0.12152831659552721
651, -0.02240896224975586, 0.12093901634216309, 1.1744036674499512, 0.029645919799804688, -1.1962159872055054, -0.014565706253051758, 0.0, -2.051506550148184, -5.556721307632955, -3.7499412557161285, -0.1215213347031403
652, -0.022401809692382812, 0.12096833437681198, 1.1743717193603516, 0.029627561569213867, -1.1961520910263062, -0.014556646347045898, 0.0, -2.0515038172588573, -5.556740748217976, -3.749947444573188, -0.12151862511287792
653, -0.022394418716430664, 0.12098335474729538, 1.1743319034576416, 0.029627561569213867, -1.1961158514022827, -0.014547586441040039, 0.0, -2.051495280701856, -5.55673276668049, -3.749937845234751, -0.12153064597811802
654, -0.022423744201660156, 0.12101268768310547, 1.1742839813232422, 0.029627561569213867, -1.1960700750350952, -0.014556646347045898, 0.0, -2.051501185753172, -5.556737879643876, -3.749939085223989, -0.1215345608008338
655, -0.022423744201660156, 0.12102746218442917, 1.1742520332336426, 0.029618501663208008, -1.1960517168045044, -0.014547586441040039, 0.0, -2.0515015945569273, -5.5567534888803465, -3.749940401180661, -0.12155513291530617
656, -0.022416353225708008, 0.12105703353881836, 1.174203872680664, 0.02960944175720215, -1.195996880531311, -0.014556646347045898, 0.0, -2.0515005182189463, -5.55674489579903, -3.74994131136981, -0.12155274319962395
657, -0.02240896224975586, 0.12107181549072266, 1.174164056777954, 0.029618501663208008, -1.1959697008132935, -0.014538288116455078, 0.0, -2.051499434681254, -5.556750188220901, -3.749942186235245, -0.12157026294252571
658, -0.022401809692382812, 0.12110137939453125, 1.1741161346435547, 0.02960944175720215, -1.1959420442581177, -0.014538288116455078, 0.0, -2.0514965355355583, -5.556759203342204, -3.7499403589771667, -0.12159323084447937
659, -0.022401809692382812, 0.12111591547727585, 1.1740922927856445, 0.029591083526611328, -1.195923924446106, -0.014538288116455078, 0.0, -2.0514932726567867, -5.556746002266922, -3.7499436626304345, -0.12156470098219874
660, -0.022401809692382812, 0.12114571779966354, 1.1740682125091553, 0.029581785202026367, -1.1958872079849243, -0.014547586441040039, 0.0, -2.051487922525758, -5.556753980643345, -3.7499432127491437, -0.12155126725045928
661, -0.022394418716430664, 0.12116026878356934, 1.1740362644195557, 0.029618501663208008, -1.1958781480789185, -0.014565706253051758, 0.0, -2.0514798837527413, -5.556762619451729, -3.7499438493702137, -0.12155025495064287
662, -0.022387027740478516, 0.12118244171142578, 1.1740121841430664, 0.02960944175720215, -1.1958781480789185, -0.014538288116455078, 0.0, -2.051484674890053, -5.556750467564112, -3.749944994581475, -0.1215401025697096
663, -0.022379398345947266, 0.12121200561523438, 1.1739723682403564, 0.029627561569213867, -1.1958051919937134, -0.014565706253051758, 0.0, -2.051480213188087, -5.5567503961548175, -3.74994526022774, -0.12152471182070634
664, -0.022387027740478516, 0.12122654169797897, 1.1739323139190674, 0.029618501663208008, -1.1957229375839233, -0.014547586441040039, 0.0, -2.05147693743595, -5.556763476369447, -3.7499469238177077, -0.12152026027808471
665, -0.022372007369995117, 0.12124871462583542, 1.1738924980163574, 0.029618501663208008, -1.1957048177719116, -0.014538288116455078, 0.0, -2.0514798343809355, -5.556754982388111, -3.7499511100893756, -0.121511900951492
666, -0.022379398345947266, 0.12128566950559616, 1.1738364696502686, 0.02960944175720215, -1.1956318616867065, -0.014556646347045898, 0.0, -2.0514678994923354, -5.556753447206369, -3.749946836709813, -0.12151995410755134
667, -0.022372007369995117, 0.1212930679321289, 1.1738123893737793, 0.029591083526611328, -1.195595145225525, -0.014529228210449219, 0.0, -2.051478029035299, -5.55676898955038, -3.749950470200232, -0.12151506359948883
668, -0.022379398345947266, 0.12130021303892136, 1.1737966537475586, 0.029581785202026367, -1.1955770254135132, -0.014529228210449219, 0.0, -2.0514766076973348, -5.556765563140225, -3.74995084406213, -0.12151896453308275
669, -0.022372007369995117, 0.12134456634521484, 1.1737565994262695, 0.029600143432617188, -1.195513129234314, -0.014510869979858398, 0.0, -2.051465157773402, -5.5567725764145335, -3.7499434842735186, -0.12151966361692335
670, -0.022379398345947266, 0.1213669702410698, 1.1737165451049805, 0.02960944175720215, -1.1954580545425415, -0.014538288116455078, 0.0, -2.051464756160989, -5.556779663104761, -3.7499437773269677, -0.12152834122606038
671, -0.022387027740478516, 0.12138891220092773, 1.1736767292022705, 0.029600143432617188, -1.1953850984573364, -0.014529228210449219, 0.0, -2.0514684003086003, -5.556783067621646, -3.749950860077303, -0.12153366891650297
672, -0.022387027740478516, 0.12138891220092773, 1.173628807067871, 0.029618501663208008, -1.195275902748108, -0.014529228210449219, 0.0, -2.0514559518939697, -5.5567885539759825, -3.749941776463864, -0.12154453587394709
673, -0.022387027740478516, 0.12141823023557663, 1.173588752746582, 0.02960944175720215, -1.1950291395187378, -0.014538288116455078, 0.0, -2.0514535790795785, -5.556783439171291, -3.7499443693721695, -0.12154909749174259
674, -0.022379398345947266, 0.12144064903259277, 1.1735649108886719, 0.029600143432617188, -1.1947733163833618, -0.01452016830444336, 0.0, -2.0514561633715553, -5.556778682901047, -3.749948010153186, -0.12154688601790387
675, -0.022379398345947266, 0.12145519256591797, 1.1735248565673828, 0.029600143432617188, -1.1942530870437622, -0.014529228210449219, 0.0, -2.051458274312463, -5.556785361087461, -3.749945741868644, -0.12154238473420875
676, -0.022379398345947266, 0.12145519256591797, 1.1734769344329834, 0.029600143432617188, -1.1935774087905884, -0.01452016830444336, 0.0, -2.051462289515901, -5.5567844774515525, -3.7499489726423607, -0.1215380082171924
677, -0.02236461639404297, 0.12148498743772507, 1.173429012298584, 0.029591083526611328, -1.192691683769226, -0.014538288116455078, 0.0, -2.0514599616573608, -5.556777538020618, -3.749949582540008, -0.12152876490605546
678, -0.022372007369995117, 0.12152885645627975, 1.173429012298584, 0.029591083526611328, -1.192536473274231, -0.014529228210449219, 0.0, -2.0514587672818623, -5.5567746868648875, -3.7499493560889627, -0.12152943362497481
679, -0.02236461639404297, 0.1215512752532959, 1.1734209060668945, 0.029591083526611328, -1.19245445728302, -0.01452016830444336, 0.0, -2.0514579272566533, -5.5567845132376075, -3.7499531691989554, -0.12151917741611662
680, -0.02236461639404297, 0.1215658187866211, 1.1734051704406738, 0.029600143432617188, -1.1924086809158325, -0.014529228210449219, 0.0, -2.0514484372343817, -5.556785230355687, -3.749954827642668, -0.12151940032138331
681, -0.022372007369995117, 0.12157320976257324, 1.1733732223510742, 0.029600143432617188, -1.1924177408218384, -0.014538288116455078, 0.0, -2.0514504199199006, -5.556783783768841, -3.7499503032461914, -0.1215340624290322
682, -0.02236461639404297, 0.1215805932879448, 1.1733250617980957, 0.02960944175720215, -1.1924177408218384, -0.01452016830444336, 0.0, -2.0514520685647213, -5.5567822416845365, -3.7499506742367457, -0.1215284211253449
683, -0.022379398345947266, 0.12157320976257324, 1.1732611656188965, 0.029581785202026367, -1.1924177408218384, -0.01452016830444336, 0.0, -2.051449885708072, -5.556786959326085, -3.749952535054239, -0.12151645333058525
684, -0.022372007369995117, 0.12158822268247604, 1.1732053756713867, 0.029572725296020508, -1.1923996210098267, -0.01452016830444336, 0.0, -2.0514483371571894, -5.556794328490067, -3.7499480682955895, -0.12153301310773568
685, -0.022372007369995117, 0.12159561365842819, 1.173189401626587, 0.029581785202026367, -1.1924086809158325, -0.014538288116455078, 0.0, -2.0514547793683624, -5.556790940897844, -3.749949959878592, -0.12155245504948464
686, -0.022372007369995117, 0.12160277366638184, 1.173189401626587, 0.029600143432617188, -1.1923810243606567, -0.014529228210449219, 0.0, -2.0514487567622663, -5.556797275280574, -3.7499514719469054, -0.12155133716631195
687, -0.022379398345947266, 0.12161016464233398, 1.1731972694396973, 0.029581785202026367, -1.192362904548645, -0.014510869979858398, 0.0, -2.051446003151671, -5.55680634936382, -3.7499500064052933, -0.12156491939301972
688, -0.022372007369995117, 0.12162494659423828, 1.1731653213500977, 0.029572725296020508, -1.1923719644546509, -0.014529228210449219, 0.0, -2.051442223529487, -5.556807762641707, -3.749947691325204, -0.12156631875014323
689, -0.022372007369995117, 0.12164711207151413, 1.1731255054473877, 0.029591083526611328, -1.192362904548645, -0.01452016830444336, 0.0, -2.0514404303711586, -5.556802285479924, -3.7499545508845067, -0.12152815197615663
690, -0.02236461639404297, 0.12163948267698288, 1.173093557357788, 0.029600143432617188, -1.1923810243606567, -0.014510869979858398, 0.0, -2.0514370960441406, -5.556807613041413, -3.74995021505145, -0.12151104098425858
691, -0.022379398345947266, 0.12164711207151413, 1.173053503036499, 0.029581785202026367, -1.1923996210098267, -0.01452016830444336, 0.0, -2.051440396329563, -5.556810076421281, -3.7499544212671094, -0.1215054073224433
692, -0.02236461639404297, 0.12165451049804688, 1.1729974746704102, 0.029591083526611328, -1.1923996210098267, -0.01452016830444336, 0.0, -2.0514393991837636, -5.5568122242655, -3.74995789894313, -0.1214916754359292
693, -0.022379398345947266, 0.12166190147399902, 1.1729655265808105, 0.029591083526611328, -1.1923354864120483, -0.014529228210449219, 0.0, -2.051435059879785, -5.5568062987773725, -3.7499523988229537, -0.12146511311756392
694, -0.022379398345947266, 0.12165451049804688, 1.172933578491211, 0.029581785202026367, -1.1923264265060425, -0.01452016830444336, 0.0, -2.051439107562304, -5.556807857249182, -3.7499572762756883, -0.12147018831651746
695, -0.022379398345947266, 0.12166904658079147, 1.1729178428649902, 0.029581785202026367, -1.1923354864120483, -0.014529228210449219, 0.0, -2.051431988160411, -5.556819743326849, -3.7499567514580168, -0.12147367847256163
696, -0.022387027740478516, 0.12166904658079147, 1.172893762588501, 0.029591083526611328, -1.1923354864120483, -0.014510869979858398, 0.0, -2.0514274852403664, -5.556815892195697, -3.7499544377067897, -0.12148126110206281
697, -0.022379398345947266, 0.12168383598327637, 1.1728298664093018, 0.029581785202026367, -1.1923445463180542, -0.014501810073852539, 0.0, -2.051422193490478, -5.55681688194959, -3.7499524658304564, -0.12148239954336493
698, -0.022372007369995117, 0.12168383598327637, 1.1727898120880127, 0.029572725296020508, -1.1923445463180542, -0.014529228210449219, 0.0, -2.051423047083081, -5.5568254980376475, -3.74995113035891, -0.12149166579252135
699, -0.022372007369995117, 0.12167644500732422, 1.172757863998413, 0.029572725296020508, -1.1923445463180542, -0.01452016830444336, 0.0, -2.051418800053372, -5.55682438968104, -3.749947269705371, -0.1214860240854323
700, -0.022372007369995117, 0.12169884890317917, 1.172734022140503, 0.029581785202026367, -1.1923445463180542, -0.01452016830444336, 0.0, -2.0514178679473556, -5.556825781539112, -3.7499478582093095, -0.12149697134742787
701, -0.022387027740478516, 0.12169884890317917, 1.1727018356323242, 0.029591083526611328, -1.1923445463180542, -0.01452016830444336, 0.0, -2.051408605328639, -5.556830142421775, -3.7499468710455024, -0.12150641524478178
702, -0.022372007369995117, 0.12169884890317917, 1.1726939678192139, 0.02956366539001465, -1.1923445463180542, -0.014538288116455078, 0.0, -2.051411243840861, -5.556826010969013, -3.749948121705126, -0.12150945275403835
703, -0.022379398345947266, 0.12170623987913132, 1.1726861000061035, 0.029581785202026367, -1.1923354864120483, -0.014529228210449219, 0.0, -2.0514133306140496, -5.556823525558982, -3.749949263996154, -0.1215106501488119
704, -0.022379398345947266, 0.12172079086303711, 1.172677993774414, 0.029591083526611328, -1.1923264265060425, -0.014501810073852539, 0.0, -2.051406442943845, -5.556822375501239, -3.7499451153565997, -0.1215172454079223
705, -0.022387027740478516, 0.12172817438840866, 1.1726698875427246, 0.029572725296020508, -1.1923445463180542, -0.014547586441040039, 0.0, -2.0514098700473036, -5.556821590005768, -3.749949779424275, -0.121515638425846
