# Arm joint positions + body pose collected at 50.0 Hz
# Timestamp: 20251117_225713
# Format: timestep, arm0.sh0, arm0.sh1, arm0.el0, arm0.el1, arm0.wr0, arm0.wr1, gripper_open_percentage, body_x, body_y, body_z, body_theta
# Body pose is in odom frame (x, y, z in meters, theta in radians)

0, 0.0006742477416992188, -3.1182827949523926, 3.1388180255889893, 1.564731478691101, -0.001984715461730957, -1.567657470703125, 0.0, -1.7512469575768317, -5.395013712466857, -4.02514686904616, -0.125528263996185
1, 0.0006818771362304688, -3.1182680130004883, 3.1388180255889893, 1.564731478691101, -0.0020028352737426758, -1.567657470703125, 0.0, -1.7512464034421138, -5.395012171237328, -4.02514546145418, -0.1255210209007318
2, 0.0006892681121826172, -3.1182680130004883, 3.1388180255889893, 1.564731478691101, -0.0020028352737426758, -1.5676665306091309, 0.0, -1.7512472169485256, -5.395007482628313, -4.02514242616825, -0.12550517383142878
3, 0.0006892681121826172, -3.1182680130004883, 3.1388099193573, 1.5647222995758057, -0.0020028352737426758, -1.567657470703125, 0.0, -1.7512491138725053, -5.395014184372586, -4.025143575860118, -0.1254949264005747
4, 0.0007038116455078125, -3.1182680130004883, 3.1388180255889893, 1.5647222995758057, -0.0020028352737426758, -1.5676665306091309, 0.0, -1.7512540270766939, -5.395009490342715, -4.025144063764374, -0.12549263594768423
5, 0.0006742477416992188, -3.1182680130004883, 3.1388258934020996, 1.5647222995758057, -0.0020028352737426758, -1.5676665306091309, 0.0, -1.7512575877828103, -5.395016318353804, -4.025143860444884, -0.12551098160422924
6, 0.0006892681121826172, -3.1182751655578613, 3.1388180255889893, 1.5647040605545044, -0.002012014389038086, -1.567657470703125, 0.0, -1.75126352425466, -5.395020111745617, -4.025142970709437, -0.12552406977329866
7, 0.0006742477416992188, -3.1182899475097656, 3.1388258934020996, 1.5647406578063965, -0.001984715461730957, -1.5676393508911133, 0.0, -1.751263993922417, -5.395023416905211, -4.0251414862947446, -0.12552060438773083
8, 0.0006966590881347656, -3.1182827949523926, 3.1388180255889893, 1.5647132396697998, -0.0020028352737426758, -1.5676484107971191, 0.0, -1.7512613056396418, -5.395025645674977, -4.02513862988303, -0.12552585447892106
9, 0.0006597042083740234, -3.1182827949523926, 3.1388258934020996, 1.564731478691101, -0.001975417137145996, -1.5676484107971191, 0.0, -1.7512748535652023, -5.395023493924105, -4.025141232495603, -0.12553787165885044
10, 0.0006818771362304688, -3.1182751655578613, 3.1388099193573, 1.5647222995758057, -0.001975417137145996, -1.5676665306091309, 0.0, -1.7512817426149745, -5.395017831506978, -4.025140707236396, -0.12555136878005957
11, 0.0006892681121826172, -3.1182827949523926, 3.1388258934020996, 1.5647132396697998, -0.0020028352737426758, -1.5676665306091309, 0.0, -1.7512891734579012, -5.395007117501457, -4.025142140770864, -0.1255572062907504
12, 0.0006668567657470703, -3.1182827949523926, 3.1388258934020996, 1.5647406578063965, -0.002012014389038086, -1.5676755905151367, 0.0, -1.7512969633800848, -5.394995926811056, -4.025141148055811, -0.12555053574793718
13, 0.0006818771362304688, -3.1182827949523926, 3.1388258934020996, 1.5647132396697998, -0.001975417137145996, -1.5676755905151367, 0.0, -1.7513029306228518, -5.394991360964871, -4.025144050518591, -0.12554651999520416
14, 0.0006668567657470703, -3.1182751655578613, 3.1388180255889893, 1.5647222995758057, -0.0019937753677368164, -1.5676665306091309, 0.0, -1.7513197328125623, -5.394979091134499, -4.025139255142908, -0.12555834382383146
15, 0.0006818771362304688, -3.1182751655578613, 3.1388180255889893, 1.5647222995758057, -0.0019663572311401367, -1.567657470703125, 0.0, -1.7513215751251061, -5.394984823630035, -4.0251389163207, -0.12555608311452904
16, 0.0006742477416992188, -3.1182751655578613, 3.1388180255889893, 1.5647222995758057, -0.001975417137145996, -1.5676665306091309, 0.0, -1.7513227290583235, -5.394983551807063, -4.025141261826995, -0.12557396770821772
17, 0.0006742477416992188, -3.1182827949523926, 3.1388180255889893, 1.5647132396697998, -0.001984715461730957, -1.567657470703125, 0.0, -1.7513265126870527, -5.394983628774826, -4.025138756238822, -0.12557154348833688
18, 0.0006668567657470703, -3.1182751655578613, 3.138833999633789, 1.564731478691101, -0.001975417137145996, -1.5676755905151367, 0.0, -1.7513339760606177, -5.394993843883649, -4.0251411848262615, -0.1255891454151623
19, 0.0006742477416992188, -3.1182827949523926, 3.1388258934020996, 1.5647132396697998, -0.0019937753677368164, -1.5676665306091309, 0.0, -1.7513333811219045, -5.39498528544936, -4.025141890283749, -0.12557244314385407
20, 0.0006818771362304688, -3.118297576904297, 3.1388258934020996, 1.5647222995758057, -0.0019937753677368164, -1.567657470703125, 0.0, -1.7513343044941299, -5.394987196060148, -4.0251402604198185, -0.1255724654965107
21, 0.0006818771362304688, -3.1182751655578613, 3.1388180255889893, 1.5647406578063965, -0.0020028352737426758, -1.5676665306091309, 0.0, -1.7513406661369322, -5.3949932821414, -4.025135847094003, -0.12557938869415342
22, 0.0006742477416992188, -3.1182899475097656, 3.1388258934020996, 1.5647132396697998, -0.002012014389038086, -1.5676484107971191, 0.0, -1.7513418278205248, -5.39499253039748, -4.025140366757997, -0.1255625453539979
23, 0.0006668567657470703, -3.1182899475097656, 3.1388180255889893, 1.5647132396697998, -0.0019663572311401367, -1.5676755905151367, 0.0, -1.7513402326843426, -5.394993307420168, -4.025139539372277, -0.12558475793619195
24, 0.0006742477416992188, -3.1182751655578613, 3.1388099193573, 1.5647222995758057, -0.0019937753677368164, -1.567657470703125, 0.0, -1.7513359213004138, -5.3950000641897615, -4.025139096918215, -0.12559810632429613
25, 0.0006742477416992188, -3.1182827949523926, 3.1388180255889893, 1.5647222995758057, -0.0020028352737426758, -1.5676665306091309, 0.0, -1.751336223736681, -5.394992966795578, -4.025139859680871, -0.12560714168813814
26, 0.0006818771362304688, -3.1182751655578613, 3.1388258934020996, 1.564731478691101, -0.001984715461730957, -1.5676665306091309, 0.0, -1.751331384467993, -5.394990475676815, -4.0251413831876475, -0.1256110160199304
27, 0.0006742477416992188, -3.1182899475097656, 3.1388258934020996, 1.5647040605545044, -0.001975417137145996, -1.5676755905151367, 0.0, -1.7513306438000773, -5.394989832910254, -4.025138228064438, -0.12560416700487043
28, 0.0006818771362304688, -3.118297576904297, 3.1388180255889893, 1.5647222995758057, -0.0019937753677368164, -1.5676393508911133, 0.0, -1.7513445414783937, -5.394981805968492, -4.025141718476015, -0.1255963885049569
29, 0.0006818771362304688, -3.1182899475097656, 3.1388180255889893, 1.5647497177124023, -0.002012014389038086, -1.5676484107971191, 0.0, -1.7513380788545465, -5.39498023287203, -4.02513853691467, -0.12557861541225357
30, 0.0006818771362304688, -3.1182751655578613, 3.1388180255889893, 1.564731478691101, -0.0020028352737426758, -1.567657470703125, 0.0, -1.751340266315429, -5.394984604957799, -4.025137527978556, -0.1255984111651376
31, 0.0006818771362304688, -3.118297576904297, 3.1388258934020996, 1.5647222995758057, -0.0020028352737426758, -1.5676484107971191, 0.0, -1.7513581453293838, -5.394968592504469, -4.025139567906003, -0.12559887960342753
32, 0.0006597042083740234, -3.1182827949523926, 3.138833999633789, 1.5647132396697998, -0.002012014389038086, -1.5676484107971191, 0.0, -1.7513535099807735, -5.3949735753863965, -4.025137465354222, -0.12561818456167195
33, 0.0006818771362304688, -3.1182751655578613, 3.138833999633789, 1.564731478691101, -0.001984715461730957, -1.5676665306091309, 0.0, -1.7513566700504433, -5.3949797024668875, -4.025138203762928, -0.12561161812490074
34, 0.0006966590881347656, -3.1182680130004883, 3.1388180255889893, 1.564731478691101, -0.0019937753677368164, -1.5676665306091309, 0.0, -1.75136741538795, -5.394966535788179, -4.025137186619181, -0.12561792424649454
35, 0.0006742477416992188, -3.1182827949523926, 3.138833999633789, 1.5647222995758057, -0.0019937753677368164, -1.5676755905151367, 0.0, -1.7513690540650853, -5.394973372094544, -4.025138237867213, -0.12560928305137686
36, 0.0006818771362304688, -3.1182751655578613, 3.1388099193573, 1.564731478691101, -0.002012014389038086, -1.5676665306091309, 0.0, -1.7513719160170256, -5.394979583391429, -4.025136847453897, -0.12561694256908584
37, 0.0006818771362304688, -3.1182827949523926, 3.1388258934020996, 1.5647222995758057, -0.001975417137145996, -1.567657470703125, 0.0, -1.751382825367351, -5.39497115342891, -4.025134492068975, -0.12562880361041007
38, 0.0006892681121826172, -3.118297576904297, 3.1388258934020996, 1.5647132396697998, -0.0020028352737426758, -1.5676665306091309, 0.0, -1.7513810548631874, -5.3949663560901495, -4.025135893617785, -0.12560933515118844
39, 0.0006597042083740234, -3.1182680130004883, 3.138833999633789, 1.5647222995758057, -0.002012014389038086, -1.5676665306091309, 0.0, -1.7513805326888892, -5.394973025798962, -4.025134124631168, -0.12560499210770537
40, 0.0006742477416992188, -3.1182751655578613, 3.1388258934020996, 1.5647222995758057, -0.001975417137145996, -1.567657470703125, 0.0, -1.7513892142986447, -5.394966650940429, -4.025137574711286, -0.1256292497848559
41, 0.0006742477416992188, -3.1182899475097656, 3.1388099193573, 1.5647132396697998, -0.0019937753677368164, -1.5676665306091309, 0.0, -1.7513788511875328, -5.394965661324324, -4.025134633293737, -0.12560894837423664
42, 0.0006818771362304688, -3.1182827949523926, 3.1388180255889893, 1.5647222995758057, -0.0019663572311401367, -1.5676484107971191, 0.0, -1.7513803295245096, -5.394968325850827, -4.025136040950085, -0.12563201606613905
43, 0.0006668567657470703, -3.1182680130004883, 3.1388180255889893, 1.5647222995758057, -0.0019663572311401367, -1.5676755905151367, 0.0, -1.7513879008494335, -5.394959692500623, -4.025134568002348, -0.1256302685024524
44, 0.0006668567657470703, -3.118260622024536, 3.1388258934020996, 1.5647406578063965, -0.001984715461730957, -1.567657470703125, 0.0, -1.751387729961774, -5.394959883702786, -4.0251341630852835, -0.12564118518658862
45, 0.0006742477416992188, -3.1182680130004883, 3.1388258934020996, 1.5647222995758057, -0.001984715461730957, -1.5676755905151367, 0.0, -1.75139434807149, -5.39496533590596, -4.025133682404162, -0.125632610965277
46, 0.0006892681121826172, -3.1182899475097656, 3.1388180255889893, 1.5647132396697998, -0.001975417137145996, -1.5676665306091309, 0.0, -1.7514055537571869, -5.394960473356261, -4.025134228584048, -0.12565646689140575
47, 0.0006818771362304688, -3.1182827949523926, 3.1388258934020996, 1.564731478691101, -0.0019937753677368164, -1.5676665306091309, 0.0, -1.7514069154874075, -5.394958679170514, -4.025131532608437, -0.12565140267055153
48, 0.0006742477416992188, -3.1182899475097656, 3.1388258934020996, 1.564731478691101, -0.0019937753677368164, -1.567657470703125, 0.0, -1.7514143210831445, -5.394958599990605, -4.0251345005508625, -0.12565345507083858
49, 0.0006597042083740234, -3.1182680130004883, 3.138833999633789, 1.5647132396697998, -0.001984715461730957, -1.5676484107971191, 0.0, -1.7514226747550317, -5.394955985354389, -4.02513336867278, -0.1256814754755604
50, 0.0006668567657470703, -3.1182827949523926, 3.1388258934020996, 1.5647406578063965, -0.001984715461730957, -1.567657470703125, 0.0, -1.7514180212464892, -5.394952225015019, -4.025132067905284, -0.12568057574258784
51, 0.0006742477416992188, -3.1182827949523926, 3.1388180255889893, 1.5647132396697998, -0.002021193504333496, -1.5676302909851074, 0.0, -1.751418816449323, -5.394947932493374, -4.025128363083296, -0.12566885584827858
52, 0.0006742477416992188, -3.1182751655578613, 3.1388258934020996, 1.5647132396697998, -0.0020028352737426758, -1.567657470703125, 0.0, -1.751421937116493, -5.394950964048496, -4.025130746014817, -0.12568191426328568
53, 0.0006742477416992188, -3.1182751655578613, 3.1388258934020996, 1.564731478691101, -0.001975417137145996, -1.5676665306091309, 0.0, -1.7514288458099374, -5.3949521888812395, -4.025131257069544, -0.12569151468287032
54, 0.0006892681121826172, -3.1182899475097656, 3.1388180255889893, 1.5647222995758057, -0.001975417137145996, -1.5676665306091309, 0.0, -1.7514238215318807, -5.39495911862775, -4.025131369695565, -0.1257003119904727
55, 0.0006742477416992188, -3.1182827949523926, 3.1388180255889893, 1.5647222995758057, -0.001984715461730957, -1.567657470703125, 0.0, -1.751426319643695, -5.394961227644532, -4.0251311614511165, -0.12569590215665993
56, 0.0006668567657470703, -3.1182827949523926, 3.1388180255889893, 1.5647132396697998, -0.0019937753677368164, -1.5676665306091309, 0.0, -1.751429936035748, -5.394962192135543, -4.025128915816703, -0.12568298507976383
57, 0.0006892681121826172, -3.1182827949523926, 3.1388258934020996, 1.5647406578063965, -0.001975417137145996, -1.5676484107971191, 0.0, -1.751423999414987, -5.3949628833807814, -4.025128306604065, -0.12568931356055568
58, 0.0006966590881347656, -3.1182751655578613, 3.1388258934020996, 1.5647406578063965, -0.0020028352737426758, -1.5676484107971191, 0.0, -1.751427619090248, -5.394964344362334, -4.025132825361576, -0.12568577381596668
59, 0.0006892681121826172, -3.1182827949523926, 3.1388180255889893, 1.564731478691101, -0.001984715461730957, -1.5676665306091309, 0.0, -1.751416883185553, -5.394963923418728, -4.025129260428323, -0.125680694822913
60, 0.0006818771362304688, -3.1182827949523926, 3.138833999633789, 1.5647132396697998, -0.001984715461730957, -1.5676484107971191, 0.0, -1.7514239256269355, -5.394969508036887, -4.02512992326167, -0.12569944938874134
61, 0.0006742477416992188, -3.1182899475097656, 3.1388180255889893, 1.5647497177124023, -0.001975417137145996, -1.5676665306091309, 0.0, -1.751428257543583, -5.394968916243997, -4.025131294202738, -0.1257128796182343
62, 0.0006966590881347656, -3.1182827949523926, 3.1388258934020996, 1.5647132396697998, -0.002012014389038086, -1.5676665306091309, 0.0, -1.7514275782637556, -5.394973748939575, -4.025131162887573, -0.12571432973329077
63, 0.0006742477416992188, -3.1182899475097656, 3.1388180255889893, 1.5647406578063965, -0.0020028352737426758, -1.5676755905151367, 0.0, -1.7514264603157188, -5.394976118548129, -4.02513061631211, -0.12572832511696497
64, 0.0006742477416992188, -3.1182751655578613, 3.1388180255889893, 1.5647222995758057, -0.001984715461730957, -1.567657470703125, 0.0, -1.7514336092848248, -5.39497691740981, -4.025130117089354, -0.1257477936622733
65, 0.0006818771362304688, -3.1182827949523926, 3.1388258934020996, 1.5647222995758057, -0.0019937753677368164, -1.5676393508911133, 0.0, -1.751437383013482, -5.394974227517142, -4.025129931157657, -0.1257492809044809
66, 0.0006742477416992188, -3.118297576904297, 3.1388258934020996, 1.5647222995758057, -0.0020028352737426758, -1.5676484107971191, 0.0, -1.7514482102660507, -5.3949724341066325, -4.025130559542398, -0.1257445735115823
67, 0.0006742477416992188, -3.118297576904297, 3.1388180255889893, 1.564731478691101, -0.001984715461730957, -1.567657470703125, 0.0, -1.7514573047751318, -5.394981501835214, -4.025133965431789, -0.12574826947101947
68, 0.0007112026214599609, -3.1182751655578613, 3.1388258934020996, 1.564731478691101, -0.001984715461730957, -1.567657470703125, 0.0, -1.7514554706106904, -5.394979905422453, -4.025132577100573, -0.1257499575451515
69, 0.0006742477416992188, -3.118297576904297, 3.1388258934020996, 1.5647132396697998, -0.001984715461730957, -1.5676665306091309, 0.0, -1.7514628589547963, -5.394982791341309, -4.025133571849502, -0.1257648080370677
70, 0.0006742477416992188, -3.118297576904297, 3.1388258934020996, 1.564731478691101, -0.0019937753677368164, -1.5676665306091309, 0.0, -1.7514675980489134, -5.394981958852064, -4.025131620041204, -0.1257587323804712
71, 0.0006892681121826172, -3.1182899475097656, 3.1388258934020996, 1.5647132396697998, -0.0019937753677368164, -1.5676393508911133, 0.0, -1.7514696257371554, -5.3949828432662335, -4.025131750782084, -0.12577175356361447
72, 0.0006818771362304688, -3.1182680130004883, 3.1388180255889893, 1.5647222995758057, -0.0020028352737426758, -1.567657470703125, 0.0, -1.7514773181636651, -5.394985610762299, -4.025134350478506, -0.12578109365813628
73, 0.0006668567657470703, -3.1182680130004883, 3.1388258934020996, 1.5647040605545044, -0.001984715461730957, -1.567657470703125, 0.0, -1.7514857722525312, -5.394991255420528, -4.02512811872189, -0.1257754494124459
74, 0.0006742477416992188, -3.1182751655578613, 3.1388258934020996, 1.5647222995758057, -0.0020028352737426758, -1.567657470703125, 0.0, -1.7514888413072396, -5.394994510620643, -4.025131274549883, -0.12576061368553315
75, 0.000652313232421875, -3.1182827949523926, 3.1388180255889893, 1.564731478691101, -0.0019937753677368164, -1.5676665306091309, 0.0, -1.751496690758141, -5.394994521059741, -4.025134975927231, -0.1257738430808093
76, 0.0006892681121826172, -3.1182827949523926, 3.138833999633789, 1.564731478691101, -0.001975417137145996, -1.567657470703125, 0.0, -1.7514948236285228, -5.39498488970175, -4.02513216673585, -0.12576552180200107
77, 0.0006742477416992188, -3.1182899475097656, 3.1388258934020996, 1.5647222995758057, -0.0019937753677368164, -1.5676665306091309, 0.0, -1.7514797893662295, -5.394985339159129, -4.025128965932261, -0.12576799800246174
78, 0.0006892681121826172, -3.1182751655578613, 3.1388180255889893, 1.564731478691101, -0.0019937753677368164, -1.5676665306091309, 0.0, -1.7514899925862386, -5.394982675671555, -4.025133563425875, -0.1257549396954527
79, 0.0006818771362304688, -3.1182751655578613, 3.1388258934020996, 1.5647222995758057, -0.002012014389038086, -1.5676665306091309, 0.0, -1.7515073462247603, -5.394986938635386, -4.025133891462547, -0.1257443129734508
80, 0.0006742477416992188, -3.1182899475097656, 3.1388258934020996, 1.5647040605545044, -0.0019937753677368164, -1.5676755905151367, 0.0, -1.7515020475254905, -5.394993285662608, -4.025132374148543, -0.1257649862844703
81, 0.0006742477416992188, -3.1182899475097656, 3.1388258934020996, 1.5647222995758057, -0.0020028352737426758, -1.5676665306091309, 0.0, -1.751507931551593, -5.3949940603830555, -4.025127886822924, -0.12575705895931133
82, 0.0006818771362304688, -3.11830472946167, 3.1388180255889893, 1.5647222995758057, -0.002012014389038086, -1.5676665306091309, 0.0, -1.7515161513767241, -5.39498936400903, -4.025130597492053, -0.12575102065037758
83, 0.0006668567657470703, -3.1182827949523926, 3.1388180255889893, 1.564731478691101, -0.0020028352737426758, -1.567657470703125, 0.0, -1.751510225409041, -5.394986743859123, -4.02513085558089, -0.12576141668534913
84, 0.0006742477416992188, -3.1182827949523926, 3.1388180255889893, 1.5647406578063965, -0.0020028352737426758, -1.5676665306091309, 0.0, -1.7515107279229873, -5.394990046450669, -4.025133368179512, -0.12576400459482695
85, 0.0006818771362304688, -3.1182827949523926, 3.1388180255889893, 1.5647406578063965, -0.0019937753677368164, -1.5676851272583008, 0.0, -1.7515142836479143, -5.394980020671714, -4.025132756006863, -0.12575741578729271
86, 0.0006742477416992188, -3.1182827949523926, 3.1388258934020996, 1.5647132396697998, -0.001984715461730957, -1.5676665306091309, 0.0, -1.7515180856487886, -5.394978441130434, -4.025130137625089, -0.1257544635591863
87, 0.0006668567657470703, -3.118297576904297, 3.138833999633789, 1.564731478691101, -0.001975417137145996, -1.567657470703125, 0.0, -1.7515177114701856, -5.394982981366586, -4.0251336123007535, -0.12576459199955448
88, 0.0006818771362304688, -3.118297576904297, 3.1388258934020996, 1.5647222995758057, -0.0020028352737426758, -1.5676755905151367, 0.0, -1.7515206025565235, -5.394979264172101, -4.025127972233859, -0.1257723704893774
89, 0.0006892681121826172, -3.1182827949523926, 3.1388258934020996, 1.564731478691101, -0.0020028352737426758, -1.567657470703125, 0.0, -1.751518865867331, -5.394979113567619, -4.0251288979107285, -0.12578736243117028
90, 0.0006818771362304688, -3.1182827949523926, 3.1388258934020996, 1.564731478691101, -0.0020028352737426758, -1.5676665306091309, 0.0, -1.751516791967271, -5.394981124316321, -4.02512884626134, -0.1257715078900139
91, 0.0006818771362304688, -3.118297576904297, 3.1388258934020996, 1.5647406578063965, -0.0019937753677368164, -1.5676484107971191, 0.0, -1.7515204726574771, -5.394969224606206, -4.025124625786938, -0.12577872849634986
92, 0.0006668567657470703, -3.1182751655578613, 3.1388258934020996, 1.564731478691101, -0.002012014389038086, -1.5676851272583008, 0.0, -1.7515315793835171, -5.394970249159156, -4.025128549450882, -0.125768652054707
93, 0.0006742477416992188, -3.1182751655578613, 3.1388180255889893, 1.5647132396697998, -0.0019937753677368164, -1.567657470703125, 0.0, -1.7515331345136032, -5.394971406009913, -4.02512545591517, -0.12576376641505238
94, 0.0006892681121826172, -3.1182827949523926, 3.138833999633789, 1.5647222995758057, -0.001984715461730957, -1.567657470703125, 0.0, -1.7515371695852835, -5.394972743543374, -4.025123706847005, -0.12578109320735376
95, 0.0006818771362304688, -3.1182827949523926, 3.1388258934020996, 1.564731478691101, -0.0020028352737426758, -1.5676484107971191, 0.0, -1.7515499620027497, -5.394962241128522, -4.025128986279244, -0.1257750696622253
96, 0.0006892681121826172, -3.1182899475097656, 3.1388258934020996, 1.5647222995758057, -0.0019937753677368164, -1.5676665306091309, 0.0, -1.7515494736678274, -5.394966633179516, -4.02512702437044, -0.1257811452043862
97, 0.0006742477416992188, -3.118297576904297, 3.138833999633789, 1.5647406578063965, -0.002012014389038086, -1.5676755905151367, 0.0, -1.7515559197068535, -5.394967264919257, -4.025126291566488, -0.12577132908658584
98, 0.000652313232421875, -3.1182827949523926, 3.1388258934020996, 1.5647222995758057, -0.0019937753677368164, -1.567657470703125, 0.0, -1.7515659065413152, -5.39497235909503, -4.0251302013123835, -0.12578656624782525
99, 0.0006742477416992188, -3.1182899475097656, 3.1388258934020996, 1.5647406578063965, -0.0019937753677368164, -1.567657470703125, 0.0, -1.7515597979928437, -5.394976559107599, -4.025127602380905, -0.12580954477034378
100, 0.0006742477416992188, -3.118297576904297, 3.1388258934020996, 1.5647406578063965, -0.001984715461730957, -1.567657470703125, 0.0, -1.751567696503534, -5.3949703633271815, -4.025125059143366, -0.12580021944093467
101, 0.0006597042083740234, -3.118297576904297, 3.1388418674468994, 1.5647222995758057, -0.0019479990005493164, -1.5676393508911133, 0.0, -1.7515848448775468, -5.394974722308913, -4.025129684684644, -0.1257879195217484
102, 0.0006668567657470703, -3.118297576904297, 3.138833999633789, 1.5647132396697998, -0.0020028352737426758, -1.567657470703125, 0.0, -1.751593557029446, -5.394971394229931, -4.025129556132331, -0.12581473522982112
103, 0.0006742477416992188, -3.1182827949523926, 3.1388258934020996, 1.5647040605545044, -0.0019937753677368164, -1.5676302909851074, 0.0, -1.7515867380147532, -5.39496553426709, -4.025124961695405, -0.1258227145507922
104, 0.0006668567657470703, -3.118297576904297, 3.1388258934020996, 1.5647222995758057, -0.0019937753677368164, -1.5676755905151367, 0.0, -1.7515899843746456, -5.394967931059818, -4.0251245074282265, -0.1258304036834561
105, 0.0006668567657470703, -3.1182827949523926, 3.138833999633789, 1.5647222995758057, -0.0020028352737426758, -1.5676665306091309, 0.0, -1.7515991591677884, -5.394975806339129, -4.025126741928607, -0.12584197473975944
106, 0.0006892681121826172, -3.118297576904297, 3.1388258934020996, 1.5647132396697998, -0.001975417137145996, -1.567657470703125, 0.0, -1.7515948731637239, -5.394963037487615, -4.025123300136039, -0.12581941264948338
107, 0.000652313232421875, -3.1182827949523926, 3.138833999633789, 1.5647497177124023, -0.002012014389038086, -1.5676665306091309, 0.0, -1.751601288409469, -5.394963504807877, -4.0251275248541925, -0.12584025692216816
108, 0.000652313232421875, -3.1182751655578613, 3.1388180255889893, 1.5647406578063965, -0.002012014389038086, -1.5676665306091309, 0.0, -1.7516036456564388, -5.394966827686461, -4.0251301931780805, -0.12584979034453525
109, 0.0006818771362304688, -3.118297576904297, 3.1388258934020996, 1.564731478691101, -0.0019937753677368164, -1.5676484107971191, 0.0, -1.751605452248664, -5.394963793897218, -4.02512490735954, -0.1258383606362541
110, 0.0006742477416992188, -3.118297576904297, 3.1388418674468994, 1.5647222995758057, -0.002012014389038086, -1.567657470703125, 0.0, -1.7516124312829926, -5.3949700077514375, -4.025121933132141, -0.12585536759849525
111, 0.0006892681121826172, -3.118297576904297, 3.138833999633789, 1.5647497177124023, -0.001984715461730957, -1.567657470703125, 0.0, -1.75161662934011, -5.394965325722725, -4.025126556866334, -0.12586374097571618
112, 0.0006892681121826172, -3.1182751655578613, 3.138833999633789, 1.5647222995758057, -0.002012014389038086, -1.567657470703125, 0.0, -1.7516204098501973, -5.394962926973248, -4.025121047745034, -0.12585065282013552
113, 0.0006597042083740234, -3.1182899475097656, 3.1388258934020996, 1.5647497177124023, -0.0020394325256347656, -1.5676484107971191, 0.0, -1.7516250448897646, -5.394966441209278, -4.025121840753357, -0.1258459902765381
114, 0.000652313232421875, -3.1182899475097656, 3.1388258934020996, 1.5647222995758057, -0.0019937753677368164, -1.567657470703125, 0.0, -1.7516332091597797, -5.394964477772918, -4.02512747771857, -0.12585276481538799
115, 0.0006668567657470703, -3.1182751655578613, 3.1388258934020996, 1.564731478691101, -0.0019663572311401367, -1.5676665306091309, 0.0, -1.7516354644510166, -5.394964835812743, -4.025125790161511, -0.12586712449599258
116, 0.0006668567657470703, -3.1182899475097656, 3.1388418674468994, 1.5647132396697998, -0.002012014389038086, -1.567657470703125, 0.0, -1.7516334906259605, -5.394967143907419, -4.025123691477151, -0.1258654363005185
117, 0.0006892681121826172, -3.1182899475097656, 3.1388258934020996, 1.5647132396697998, -0.0020028352737426758, -1.5676484107971191, 0.0, -1.7516312260248652, -5.3949616750039295, -4.025126284670311, -0.1258754978723191
118, 0.0006892681121826172, -3.1182899475097656, 3.138833999633789, 1.5647132396697998, -0.0019937753677368164, -1.567657470703125, 0.0, -1.7516319837768735, -5.394958997674111, -4.025119353950562, -0.12588009354964846
119, 0.0006966590881347656, -3.1182827949523926, 3.138833999633789, 1.5647222995758057, -0.0020028352737426758, -1.5676665306091309, 0.0, -1.7516373255944282, -5.394964287797495, -4.025123307641352, -0.1258930031126706
120, 0.0006668567657470703, -3.1182827949523926, 3.138833999633789, 1.564731478691101, -0.0020028352737426758, -1.5676665306091309, 0.0, -1.7516505387348011, -5.394961639202365, -4.025128336924375, -0.12586996511375403
121, 0.0006742477416992188, -3.1182899475097656, 3.1388180255889893, 1.5647406578063965, -0.0019937753677368164, -1.567657470703125, 0.0, -1.751644447462946, -5.394966829195917, -4.025124543092421, -0.12588211618759715
122, 0.0006818771362304688, -3.1182827949523926, 3.1388258934020996, 1.5647132396697998, -0.001984715461730957, -1.5676665306091309, 0.0, -1.751654799018702, -5.394976162578329, -4.025124987758072, -0.12589406654747037
123, 0.0006818771362304688, -3.1182827949523926, 3.1388258934020996, 1.564731478691101, -0.0020028352737426758, -1.5676665306091309, 0.0, -1.7516626704904246, -5.394974004134199, -4.025126426483833, -0.12588626569431138
124, 0.0006668567657470703, -3.1182680130004883, 3.1388258934020996, 1.5647132396697998, -0.0020028352737426758, -1.567657470703125, 0.0, -1.7516664770668497, -5.3949675083179764, -4.025126397708582, -0.12589077201111554
125, 0.0006742477416992188, -3.1182899475097656, 3.1388258934020996, 1.5647222995758057, -0.001984715461730957, -1.567657470703125, 0.0, -1.7516667602027862, -5.394964187793648, -4.025123969010778, -0.12589261630601634
126, 0.0006668567657470703, -3.1182899475097656, 3.1388258934020996, 1.5647132396697998, -0.001975417137145996, -1.5676755905151367, 0.0, -1.751672649411371, -5.394960780516604, -4.025125725270626, -0.12591485106807987
127, 0.0006818771362304688, -3.11830472946167, 3.1388258934020996, 1.5647222995758057, -0.0020028352737426758, -1.5676484107971191, 0.0, -1.751681127946981, -5.394959713238795, -4.025121952279437, -0.12591906743444792
128, 0.0006818771362304688, -3.1182899475097656, 3.1388258934020996, 1.5647132396697998, -0.0020028352737426758, -1.5676484107971191, 0.0, -1.751681345565049, -5.394968024659267, -4.02512459114741, -0.12591485106807987
129, 0.0006742477416992188, -3.1182899475097656, 3.138833999633789, 1.5647132396697998, -0.0019937753677368164, -1.5676755905151367, 0.0, -1.7516876978928837, -5.394963131605767, -4.025127400277616, -0.12591657625695074
130, 0.0006892681121826172, -3.1182827949523926, 3.1388258934020996, 1.564731478691101, -0.001984715461730957, -1.5676484107971191, 0.0, -1.7516973137050376, -5.394967293309309, -4.025129310661357, -0.12592541817180525
131, 0.0006742477416992188, -3.1182827949523926, 3.1388180255889893, 1.5647132396697998, -0.0019937753677368164, -1.5676665306091309, 0.0, -1.7516943404489478, -5.394978546124897, -4.02512710417736, -0.12592045055973777
132, 0.0006966590881347656, -3.118297576904297, 3.1388258934020996, 1.564731478691101, -0.001984715461730957, -1.5676665306091309, 0.0, -1.7517042522083626, -5.394973221482323, -4.025127032328595, -0.12590947440389666
133, 0.0006742477416992188, -3.1182827949523926, 3.1388258934020996, 1.5647222995758057, -0.0019937753677368164, -1.5676393508911133, 0.0, -1.75170523024265, -5.394971344769244, -4.025125449435916, -0.1259059644085525
134, 0.0006818771362304688, -3.1182751655578613, 3.138833999633789, 1.564731478691101, -0.0020028352737426758, -1.5676484107971191, 0.0, -1.751713199873699, -5.394976641565881, -4.025128341119063, -0.1259083739801321
135, 0.0006818771362304688, -3.118297576904297, 3.138833999633789, 1.5647222995758057, -0.0020028352737426758, -1.567657470703125, 0.0, -1.7517052386079595, -5.39497745028743, -4.025126184054591, -0.1259040532515261
136, 0.0006668567657470703, -3.1182751655578613, 3.1388258934020996, 1.564731478691101, -0.0020028352737426758, -1.567657470703125, 0.0, -1.7517091409324999, -5.394979680987255, -4.0251242101333045, -0.1258998518835357
137, 0.0006668567657470703, -3.11830472946167, 3.1388258934020996, 1.564731478691101, -0.002012014389038086, -1.5676484107971191, 0.0, -1.751710087241194, -5.39498006064361, -4.025127796947458, -0.1259027966039108
138, 0.0006818771362304688, -3.11830472946167, 3.138833999633789, 1.564731478691101, -0.001975417137145996, -1.5676755905151367, 0.0, -1.7517055742358423, -5.394978459939135, -4.02512433562447, -0.12592631051057168
139, 0.0006742477416992188, -3.1182827949523926, 3.138833999633789, 1.5647222995758057, -0.0020028352737426758, -1.5676665306091309, 0.0, -1.7517101514541946, -5.3949785733144004, -4.025123731923742, -0.12591419655745106
140, 0.0006742477416992188, -3.1182827949523926, 3.1388180255889893, 1.5647132396697998, -0.0019937753677368164, -1.567657470703125, 0.0, -1.751718023877658, -5.394979567613232, -4.025129469508104, -0.1259270317526413
141, 0.0006818771362304688, -3.1182827949523926, 3.1388418674468994, 1.5647222995758057, -0.0020028352737426758, -1.567657470703125, 0.0, -1.7517152666284583, -5.394969763752349, -4.025127826114383, -0.12592227248291454
142, 0.0006818771362304688, -3.1182751655578613, 3.1388258934020996, 1.564731478691101, -0.002012014389038086, -1.5676484107971191, 0.0, -1.7517201880333382, -5.394977157709736, -4.025122412107804, -0.12592642948907073
143, 0.0006742477416992188, -3.118297576904297, 3.138833999633789, 1.5647222995758057, -0.0019937753677368164, -1.5676484107971191, 0.0, -1.751728745807513, -5.394975135854048, -4.025125959813071, -0.1259146128536912
144, 0.0006892681121826172, -3.1182751655578613, 3.1388258934020996, 1.5647222995758057, -0.001984715461730957, -1.5676484107971191, 0.0, -1.7517334839717933, -5.394973812220361, -4.025125139573939, -0.1259242282569124
145, 0.0006742477416992188, -3.11830472946167, 3.1388258934020996, 1.5647222995758057, -0.0019937753677368164, -1.567657470703125, 0.0, -1.7517452788550447, -5.394980330088019, -4.025124280248811, -0.12593877376649143
146, 0.0006668567657470703, -3.1182827949523926, 3.138833999633789, 1.5647222995758057, -0.0019937753677368164, -1.5676484107971191, 0.0, -1.7517540680078034, -5.394982737999774, -4.025126905076713, -0.12592746291946977
147, 0.0006892681121826172, -3.1182899475097656, 3.138833999633789, 1.5647406578063965, -0.002021193504333496, -1.567657470703125, 0.0, -1.7517654737710608, -5.394978492767249, -4.025126535511848, -0.12594373361311373
148, 0.0006742477416992188, -3.118297576904297, 3.1388258934020996, 1.564731478691101, -0.0019937753677368164, -1.567657470703125, 0.0, -1.7517691027343134, -5.3949719984474225, -4.025121293300171, -0.12593595513660727
149, 0.0006597042083740234, -3.1182899475097656, 3.138833999633789, 1.564731478691101, -0.0020028352737426758, -1.5676665306091309, 0.0, -1.75177466521644, -5.394976945155272, -4.025128423072483, -0.1259344455323328
150, 0.0006668567657470703, -3.1182899475097656, 3.1388258934020996, 1.5647222995758057, -0.001975417137145996, -1.567657470703125, 0.0, -1.7517745257905823, -5.3949734344966345, -4.025123950840793, -0.12593499580753242
151, 0.0006742477416992188, -3.1182751655578613, 3.138833999633789, 1.5647132396697998, -0.0019937753677368164, -1.5676393508911133, 0.0, -1.751779585757158, -5.39497366265894, -4.025120919806348, -0.1259453695658843
152, 0.0006597042083740234, -3.1182827949523926, 3.138833999633789, 1.5647222995758057, -0.001975417137145996, -1.5676665306091309, 0.0, -1.7517918462732807, -5.394974047663912, -4.025126408874466, -0.12593713741893886
153, 0.0006892681121826172, -3.118312120437622, 3.1388418674468994, 1.5647222995758057, -0.0020028352737426758, -1.5676302909851074, 0.0, -1.7517900775313946, -5.394973148100749, -4.025120819350838, -0.12593274995889558
154, 0.0006818771362304688, -3.118297576904297, 3.1388258934020996, 1.564731478691101, -0.001975417137145996, -1.567657470703125, 0.0, -1.751800925816737, -5.39496739610205, -4.0251230219563885, -0.12593069731985018
155, 0.0006668567657470703, -3.1182899475097656, 3.1388258934020996, 1.5647222995758057, -0.0019937753677368164, -1.567657470703125, 0.0, -1.7518069261999016, -5.3949672794181645, -4.025123975910859, -0.12593470560106645
156, 0.0006966590881347656, -3.11830472946167, 3.1388258934020996, 1.564731478691101, -0.0019937753677368164, -1.5676665306091309, 0.0, -1.7518056768500907, -5.394963233433528, -4.0251186156058285, -0.12594050592876016
157, 0.0006742477416992188, -3.1182751655578613, 3.1388258934020996, 1.5647222995758057, -0.002012014389038086, -1.5676665306091309, 0.0, -1.7518232483801612, -5.3949679329631985, -4.025119265879658, -0.1259295445208295
158, 0.0006818771362304688, -3.118297576904297, 3.138833999633789, 1.5647497177124023, -0.0019937753677368164, -1.567657470703125, 0.0, -1.7518329041975225, -5.394964635856463, -4.025120174010185, -0.1259424836801104
159, 0.0006742477416992188, -3.118297576904297, 3.138833999633789, 1.564731478691101, -0.0020028352737426758, -1.567657470703125, 0.0, -1.7518327098138116, -5.394962989538979, -4.025111992241379, -0.1259424241909457
160, 0.0006742477416992188, -3.1182899475097656, 3.138833999633789, 1.5647222995758057, -0.001984715461730957, -1.5676851272583008, 0.0, -1.7518470983547125, -5.394960137477173, -4.025117062172119, -0.12593930824827826
161, 0.0006742477416992188, -3.118297576904297, 3.138833999633789, 1.5647040605545044, -0.0020028352737426758, -1.5676851272583008, 0.0, -1.7518420288821928, -5.394952896140079, -4.025113001962398, -0.12592187739526484
162, 0.0006742477416992188, -3.118297576904297, 3.1388258934020996, 1.5647222995758057, -0.0019937753677368164, -1.5676665306091309, 0.0, -1.7518455247820799, -5.394951429575595, -4.025113106453306, -0.12592942528160567
163, 0.0007038116455078125, -3.1189539432525635, 3.139009714126587, 1.5647222995758057, -0.0021033287048339844, -1.5678582191467285, 0.0, -1.7513229871156712, -5.394968943474849, -4.024045947876929, -0.1258984977414519
164, 0.000652313232421875, -3.1190128326416016, 3.1389458179473877, 1.5647497177124023, -0.002048492431640625, -1.5676665306091309, 0.0, -1.7514805891284821, -5.3948751826445385, -4.02211960232896, -0.12581109736411822
165, 0.0007336139678955078, -3.118990659713745, 3.1389379501342773, 1.5647406578063965, -0.0018658638000488281, -1.5676755905151367, 0.0, -1.7517251077645757, -5.3948191078325785, -4.018772122916536, -0.1256127076885738
166, 0.0006449222564697266, -3.1189613342285156, 3.1389858722686768, 1.5647132396697998, -0.001984715461730957, -1.5677213668823242, 0.0, -1.7517369085798677, -5.394766301032725, -4.014305922674645, -0.1253851222402913
167, 0.0006892681121826172, -3.1190128326416016, 3.1389777660369873, 1.5647497177124023, -0.001975417137145996, -1.5677123069763184, 0.0, -1.7519407821757782, -5.394639860465384, -4.007862282895008, -0.1251885104311654
168, 0.0007038116455078125, -3.1187691688537598, 3.1389219760894775, 1.5647772550582886, -0.0019572973251342773, -1.567657470703125, 0.0, -1.7523145741674346, -5.394604163560826, -4.004686600525417, -0.12510113288330516
169, 0.0006597042083740234, -3.118894577026367, 3.138953924179077, 1.5647406578063965, -0.001975417137145996, -1.5676941871643066, 0.0, -1.7522380718284634, -5.3945627924167185, -3.9996107527499962, -0.125126987833589
170, 0.0006668567657470703, -3.118717908859253, 3.138849973678589, 1.5647863149642944, -0.0019479990005493164, -1.5676851272583008, 0.0, -1.752860717530923, -5.394068974005823, -3.9787329338372532, -0.12560519181550767
171, 0.0006742477416992188, -3.1186585426330566, 3.1388418674468994, 1.5647954940795898, -0.001975417137145996, -1.5676755905151367, 0.0, -1.753208526581012, -5.394048055452626, -3.9625126205505685, -0.1255678160714897
172, 0.0006668567657470703, -3.1186366081237793, 3.1388418674468994, 1.5647954940795898, -0.0019663572311401367, -1.5676755905151367, 0.0, -1.7533067374428009, -5.393960551858356, -3.9607116463807595, -0.12569498923686417
173, 0.000652313232421875, -3.11867356300354, 3.138833999633789, 1.5648319721221924, -0.001938939094543457, -1.5676941871643066, 0.0, -1.7533274076805063, -5.393872525994214, -3.959600592762895, -0.1257864541323519
174, 0.0007112026214599609, -3.118666172027588, 3.138849973678589, 1.5647772550582886, -0.002021193504333496, -1.5676851272583008, 0.0, -1.7534494571802792, -5.394012896506886, -3.9586110504961605, -0.12581245899333826
175, 0.0006597042083740234, -3.1186366081237793, 3.138874053955078, 1.5647680759429932, -0.001984715461730957, -1.5676665306091309, 0.0, -1.75362124622053, -5.394106079015527, -3.95798023809516, -0.12593911176054284
176, 0.0006449222564697266, -3.1186957359313965, 3.138849973678589, 1.5648137331008911, -0.0019663572311401367, -1.567657470703125, 0.0, -1.753648230750505, -5.393901229052324, -3.957437321866617, -0.12606712514899332
177, 0.0007038116455078125, -3.1186957359313965, 3.1388659477233887, 1.5647863149642944, -0.001984715461730957, -1.5676665306091309, 0.0, -1.7537806202672994, -5.393962311060515, -3.9572175929763014, -0.12609669202755658
178, 0.0006153583526611328, -3.118717908859253, 3.1388819217681885, 1.5647954940795898, -0.0019572973251342773, -1.5676755905151367, 0.0, -1.754050414477816, -5.3941739513177165, -3.957261830079456, -0.12613284728249496
179, 0.0006375312805175781, -3.1187031269073486, 3.1389219760894775, 1.5647863149642944, -0.0019115209579467773, -1.5676941871643066, 0.0, -1.75404059200682, -5.394027687540027, -3.9572293491583226, -0.12616175171591326
180, 0.0006818771362304688, -3.1186883449554443, 3.138953924179077, 1.5647772550582886, -0.0019572973251342773, -1.5676851272583008, 0.0, -1.7541328881773488, -5.3940026839794415, -3.9572015821594277, -0.12607481548365573
181, 0.0006375312805175781, -3.1187546253204346, 3.1388978958129883, 1.5647863149642944, -0.002012014389038086, -1.5676851272583008, 0.0, -1.7543458872604187, -5.394137992118813, -3.957247919804444, -0.12604227452661387
182, 0.0006966590881347656, -3.118717908859253, 3.1388978958129883, 1.5648137331008911, -0.0019572973251342773, -1.5676851272583008, 0.0, -1.754360722864052, -5.394018569860688, -3.957196978102796, -0.12600501170743605
183, 0.0006742477416992188, -3.118717908859253, 3.138913869857788, 1.5647863149642944, -0.0019663572311401367, -1.5676941871643066, 0.0, -1.7544027418203798, -5.393992735617914, -3.957202725846792, -0.1259741368228866
184, 0.0006303787231445312, -3.118725061416626, 3.138929843902588, 1.5647772550582886, -0.0019663572311401367, -1.5676941871643066, 0.0, -1.7545476589591715, -5.394124548513685, -3.9572767586007878, -0.12599765765861104
185, 0.0007336139678955078, -3.118717908859253, 3.138929843902588, 1.5648045539855957, -0.001984715461730957, -1.5676755905151367, 0.0, -1.7545080501998376, -5.3940201863825274, -3.9572230305943643, -0.12606512614051457
186, 0.0006449222564697266, -3.1187472343444824, 3.138913869857788, 1.5647954940795898, -0.002012014389038086, -1.5676851272583008, 0.0, -1.7545353987613317, -5.393961020446801, -3.957204516448961, -0.1261039279763283
187, 0.0006742477416992188, -3.1187398433685303, 3.1389219760894775, 1.5647954940795898, -0.0019663572311401367, -1.5676851272583008, 0.0, -1.754659745215196, -5.394075771212925, -3.9572782091236696, -0.12616235410090493
188, 0.0006966590881347656, -3.1187326908111572, 3.1389219760894775, 1.5647863149642944, -0.001938939094543457, -1.5676941871643066, 0.0, -1.7545718688539678, -5.393959610700202, -3.957246010384414, -0.1262012976051956
189, 0.0006153583526611328, -3.1187326908111572, 3.1389219760894775, 1.5647954940795898, -0.0019479990005493164, -1.5676851272583008, 0.0, -1.7546000967401523, -5.3939569882179725, -3.95726029635785, -0.1261762673370299
190, 0.0007038116455078125, -3.118717908859253, 3.1389219760894775, 1.5648045539855957, -0.0019208192825317383, -1.5676851272583008, 0.0, -1.7546864417491235, -5.394038895794705, -3.957310527878115, -0.1261530813259828
191, 0.000652313232421875, -3.1187326908111572, 3.1389219760894775, 1.5648045539855957, -0.0019479990005493164, -1.5676755905151367, 0.0, -1.7546146317596587, -5.393923753417934, -3.957263661818125, -0.12611105922041776
192, 0.000652313232421875, -3.1187326908111572, 3.1389219760894775, 1.5647772550582886, -0.0019572973251342773, -1.5676755905151367, 0.0, -1.7546436484930004, -5.3939263975933205, -3.9572841636656975, -0.12608024368744708
193, 0.0006818771362304688, -3.1187326908111572, 3.1389219760894775, 1.5648137331008911, -0.0019298791885375977, -1.5676665306091309, 0.0, -1.7547271540153488, -5.393999652721447, -3.9573419215801695, -0.12609249848622728
194, 0.000652313232421875, -3.1187472343444824, 3.1389219760894775, 1.5647954940795898, -0.0019663572311401367, -1.5676851272583008, 0.0, -1.7546839079174181, -5.3939168079599105, -3.9573170787708656, -0.12607827295304475
195, 0.0006742477416992188, -3.118717908859253, 3.138913869857788, 1.5647954940795898, -0.0019572973251342773, -1.5676755905151367, 0.0, -1.754737622343753, -5.393929279494939, -3.9573466611537276, -0.12609042364797496
196, 0.00037932395935058594, -3.11633563041687, 3.1380109786987305, 1.5647954940795898, -0.0019479990005493164, -1.5676484107971191, 0.0, -1.7547759213713428, -5.39396282300397, -3.957376478357983, -0.12611451713625765
197, 0.0009250640869140625, -3.110804557800293, 3.1326100826263428, 1.5647040605545044, -0.00179290771484375, -1.5677762031555176, 0.0, -1.7548371924337207, -5.393872164708309, -3.957445702034499, -0.12612786508661333
198, 7.724761962890625e-05, -3.096231460571289, 3.1220719814300537, 1.5647406578063965, -0.002094268798828125, -1.5677123069763184, 0.0, -1.7549114247871849, -5.393934645438965, -3.957696974864659, -0.12615507587223274
199, 0.00032782554626464844, -3.0764594078063965, 3.106452703475952, 1.5647040605545044, -0.001902461051940918, -1.5677580833435059, 0.0, -1.7551181285654283, -5.393961695491144, -3.957924385878494, -0.12621248442994748
200, 0.00019502639770507812, -3.0276448726654053, 3.065354824066162, 1.5647497177124023, -0.001975417137145996, -1.5677485466003418, 0.0, -1.7554218046983348, -5.393758622132238, -3.95835744121666, -0.12626645975574924
201, 0.0001728534698486328, -3.0113022327423096, 3.0523557662963867, 1.5647954940795898, -0.0019937753677368164, -1.5677123069763184, 0.0, -1.755567038407166, -5.393759729005983, -3.958530449687849, -0.12627561495873874
202, 0.0003349781036376953, -2.973785877227783, 3.0237295627593994, 1.5648319721221924, -0.0018934011459350586, -1.5676755905151367, 0.0, -1.755983296260367, -5.393861168355399, -3.958926652497509, -0.12628220470769325
203, 0.0004456043243408203, -2.922722101211548, 2.987928628921509, 1.5648045539855957, -0.002012014389038086, -1.5676941871643066, 0.0, -1.756460256713354, -5.393786996266714, -3.9592730121978432, -0.12628046401913373
204, 0.0006449222564697266, -2.8595783710479736, 2.945128917694092, 1.5648592710494995, -0.002012014389038086, -1.5676755905151367, 0.0, -1.7571651440171558, -5.393584093439687, -3.9596046185220475, -0.12629096175762822
205, 0.0007112026214599609, -2.8022680282592773, 2.9049978256225586, 1.564083218574524, -0.004349470138549805, -1.5644617080688477, 0.0, -1.7579210796961195, -5.393560541576003, -3.9598605461787333, -0.12621596705545013
206, 0.0009987354278564453, -2.760016918182373, 2.8755805492401123, 1.5531171560287476, -0.015315651893615723, -1.5523452758789062, 0.0, -1.758387717267795, -5.393523636300551, -3.959948448346235, -0.12604227004041135
207, 0.0005931854248046875, -2.7265493869781494, 2.8535375595092773, 1.5326366424560547, -0.026573777198791504, -1.5318279266357422, 0.0, -1.758758907087969, -5.39337265613238, -3.9599167300210105, -0.12585367167514327
208, 0.00043845176696777344, -2.6975440979003906, 2.8391404151916504, 1.5001673698425293, -0.038581013679504395, -1.4997425079345703, 0.0, -1.7590147990259775, -5.393368646192994, -3.95984605235311, -0.12593647220429371
209, 0.0006668567657470703, -2.6783032417297363, 2.8371670246124268, 1.4472450017929077, -0.05272471904754639, -1.4471030235290527, 0.0, -1.7589851736931716, -5.393335698853445, -3.9596079323897295, -0.1261959490254556
210, 0.0004973411560058594, -2.676149606704712, 2.8418169021606445, 1.4149035215377808, -0.05951797962188721, -1.4160032272338867, 0.0, -1.7588854248536745, -5.393235801406606, -3.9595486749466526, -0.12618776909600538
211, 0.0003647804260253906, -2.6779048442840576, 2.850341796875, 1.3720982074737549, -0.06769931316375732, -1.3742938041687012, 0.0, -1.7586888275644217, -5.393275059260195, -3.9595518924623625, -0.12610562245019707
212, 0.0004456043243408203, -2.6811351776123047, 2.8620543479919434, 1.3167288303375244, -0.07832753658294678, -1.3189148902893066, 0.0, -1.7584607450472804, -5.393370349053685, -3.959565144847357, -0.12598405592584516
213, 0.0002911090850830078, -2.684328317642212, 2.878688335418701, 1.2259043455123901, -0.09089171886444092, -1.228665828704834, 0.0, -1.7583412081789689, -5.39323398670232, -3.959515834106693, -0.12578157625625863
214, 0.00037932395935058594, -2.68532395362854, 2.8921267986297607, 1.1333177089691162, -0.10260641574859619, -1.1356682777404785, 0.0, -1.7583045239778305, -5.393243397828414, -3.9595050621700487, -0.12571055341279624
215, 0.00043845176696777344, -2.6855082511901855, 2.8959856033325195, 1.099880576133728, -0.10698926448822021, -1.1025142669677734, 0.0, -1.7583166247837623, -5.3932756978281, -3.959512541779536, -0.12572262226532516
216, 0.0002834796905517578, -2.685574531555176, 2.904310703277588, 1.005193829536438, -0.11800110340118408, -1.007033109664917, 0.0, -1.7583849054283431, -5.393196769730178, -3.959541119098536, -0.1257907004619323
217, 0.0002541542053222656, -2.6850216388702393, 2.909543752670288, 0.9141592979431152, -0.12757933139801025, -0.9174778461456299, 0.0, -1.7584079987798498, -5.393162313753613, -3.9595720179411105, -0.12590614731940697
218, 0.0003647804260253906, -2.68385648727417, 2.9133148193359375, 0.8175184726715088, -0.13774192333221436, -0.8201797008514404, 0.0, -1.7584291639893157, -5.393227554990184, -3.9595576430286616, -0.1260912040421669
219, 0.000209808349609375, -2.6816513538360596, 2.9158713817596436, 0.7018764019012451, -0.1494659185409546, -0.7045102119445801, 0.0, -1.758501112187529, -5.393167727131992, -3.9595523333431064, -0.12620313320413423
220, 0.0002319812774658203, -2.678487539291382, 2.9163427352905273, 0.5964517593383789, -0.16004860401153564, -0.5969305038452148, 0.0, -1.7585129323299538, -5.39316831534622, -3.9595700899129644, -0.12630596086117318
221, 0.0003941059112548828, -2.6757805347442627, 2.916055202484131, 0.5238888263702393, -0.16932547092437744, -0.5232357978820801, 0.0, -1.758519078467165, -5.393261025673162, -3.9595589509154516, -0.12637928172820523
222, 0.0003056526184082031, -2.6718647480010986, 2.9151363372802734, 0.43471717834472656, -0.18167030811309814, -0.43329668045043945, 0.0, -1.758547300417303, -5.393200122131265, -3.9595301030785253, -0.12634013736746574
223, 0.0003204345703125, -2.666459083557129, 2.913578510284424, 0.33510899543762207, -0.19575941562652588, -0.3323554992675781, 0.0, -1.7585620663408794, -5.393212178351424, -3.959533065597956, -0.1262393845736529
224, 0.0004017353057861328, -2.6637892723083496, 2.9130752086639404, 0.2901484966278076, -0.20359337329864502, -0.28705739974975586, 0.0, -1.758575211733058, -5.39327686356588, -3.9595281303028655, -0.12626393157981042
225, 0.0003426074981689453, -2.659703493118286, 2.912587881088257, 0.2251737117767334, -0.2146235704421997, -0.22126054763793945, 0.0, -1.758574041616393, -5.393211668839607, -3.9595268945105278, -0.12622151546735516
226, 0.0003426074981689453, -2.6559720039367676, 2.912787437438965, 0.17588543891906738, -0.22381818294525146, -0.1717989444732666, 0.0, -1.7585706290597405, -5.393181528692525, -3.9595261769229917, -0.12615890290746723
227, -0.000675201416015625, -2.6447768211364746, 2.916159152984619, 0.16104769706726074, -0.24377834796905518, -0.1542220115661621, 0.0, -1.7581372989149642, -5.393411255165476, -3.9579418871722662, -0.1261292378709058
228, -0.003706216812133789, -2.634385585784912, 2.921032667160034, 0.1483466625213623, -0.2516857385635376, -0.14254355430603027, 0.0, -1.7585016604589914, -5.393255297641015, -3.955350821120603, -0.1257948071158248
229, -0.008028030395507812, -2.6196210384368896, 2.935173988342285, 0.13092517852783203, -0.27824723720550537, -0.12342357635498047, 0.0, -1.7587585752188732, -5.393051966429527, -3.9498444809616395, -0.12554958312090392
230, -0.007777214050292969, -2.613654613494873, 2.9411420822143555, 0.12391257286071777, -0.28798067569732666, -0.11624670028686523, 0.0, -1.758878039352572, -5.392968975108683, -3.9472304413149812, -0.1256927276063564
231, -0.007688760757446289, -2.6010289192199707, 2.952239513397217, 0.11136674880981445, -0.3096846342086792, -0.1048421859741211, 0.0, -1.759167052309425, -5.3928824469841645, -3.9423409147852837, -0.12600638152478716
232, -0.008219718933105469, -2.5925846099853516, 2.957872152328491, 0.10516715049743652, -0.3207787275314331, -0.09812211990356445, 0.0, -1.759376108397201, -5.392846962877296, -3.939436105384188, -0.12609445360989646
233, -0.011501550674438477, -2.5646557807922363, 2.9714064598083496, 0.08931589126586914, -0.35664451122283936, -0.0824899673461914, 0.0, -1.760025517109432, -5.392704228948343, -3.931289174451531, -0.12623700275636018
234, -0.012489557266235352, -2.5407683849334717, 2.978564977645874, 0.0799112319946289, -0.38472211360931396, -0.07222700119018555, 0.0, -1.760566629285029, -5.392566629416943, -3.9255423129231484, -0.12636687446725592
235, -0.013721466064453125, -2.5150227546691895, 2.983854055404663, 0.07033276557922363, -0.4134291410446167, -0.06236553192138672, 0.0, -1.7611490695889278, -5.392513708190419, -3.920092299938768, -0.1264466650621161
236, -0.01564621925354004, -2.491983413696289, 2.9872095584869385, 0.06249856948852539, -0.43922388553619385, -0.05599236488342285, 0.0, -1.761611315387973, -5.392487138849557, -3.915618869801301, -0.12636968075772526
237, -0.01789569854736328, -2.4647700786590576, 2.9895505905151367, 0.0552213191986084, -0.4666985273361206, -0.04881548881530762, 0.0, -1.7621112450757614, -5.392453094919957, -3.910393720771404, -0.12626232890689248
238, -0.018986940383911133, -2.4497251510620117, 2.9905731678009033, 0.05171513557434082, -0.4809974431991577, -0.04459714889526367, 0.0, -1.7623399789506466, -5.392445802580916, -3.907277661593709, -0.1262099887157504
239, -0.01948833465576172, -2.4313690662384033, 2.9925544261932373, 0.04675722122192383, -0.502153754234314, -0.0397486686706543, 0.0, -1.7625610929148914, -5.392479544454292, -3.9032383033278246, -0.12621767658691674
240, -0.020078659057617188, -2.4181015491485596, 2.994288206100464, 0.04358863830566406, -0.516781210899353, -0.03663492202758789, 0.0, -1.7626658649088733, -5.39254119756537, -3.9003296840048978, -0.12629838993534204
241, -0.021074295043945312, -2.407562732696533, 2.996149778366089, 0.040593624114990234, -0.5277382135391235, -0.034781455993652344, 0.0, -1.7626839158578715, -5.392579650977036, -3.898007079564608, -0.1262957255607926
242, -0.021759986877441406, -2.392554759979248, 2.999657154083252, 0.03748011589050293, -0.5436533689498901, -0.03452587127685547, 0.0, -1.762655666126979, -5.392649860895849, -3.895482531255722, -0.1264127488792024
243, -0.021767377853393555, -2.3899221420288086, 3.000256299972534, 0.037114858627319336, -0.5469313859939575, -0.03443431854248047, 0.0, -1.7626793288648754, -5.392655096494126, -3.8951429277931693, -0.1264421798886195
244, -0.02249765396118164, -2.3802831172943115, 3.0017504692077637, 0.03576350212097168, -0.5552405118942261, -0.032379865646362305, 0.0, -1.7628368168284072, -5.3926681157232546, -3.8941035174983356, -0.12646252908563316
245, -0.023581504821777344, -2.3689773082733154, 3.003324270248413, 0.03413820266723633, -0.5643712282180786, -0.03102850914001465, 0.0, -1.7630820396916378, -5.392678167325501, -3.8932004068328756, -0.12637342773348692
246, -0.023965120315551758, -2.357959270477295, 3.0048742294311523, 0.03349900245666504, -0.5740591287612915, -0.03094649314880371, 0.0, -1.7633434125844882, -5.392675228610452, -3.8925703028772487, -0.12638300167346284
247, -0.023795604705810547, -2.3482980728149414, 3.006671905517578, 0.03336215019226074, -0.5840846300125122, -0.030882596969604492, 0.0, -1.7635791051891931, -5.392639269691181, -3.892148944493264, -0.1263849592826638
248, -0.023965120315551758, -2.3415279388427734, 3.00799822807312, 0.033243417739868164, -0.5912066698074341, -0.030836820602416992, 0.0, -1.7637516164005942, -5.392626978806435, -3.891902635448731, -0.1263553199918359
249, -0.024061203002929688, -2.3328771591186523, 3.009644031524658, 0.033161163330078125, -0.598657488822937, -0.030800342559814453, 0.0, -1.7639601369417952, -5.392632347413915, -3.8916071436846806, -0.1263299608176185
250, -0.024061203002929688, -2.3258414268493652, 3.011106014251709, 0.03310656547546387, -0.6053961515426636, -0.030763864517211914, 0.0, -1.7641240006558898, -5.39263007004651, -3.891374210180625, -0.12633235444142965
251, -0.02403879165649414, -2.319167137145996, 3.0125362873077393, 0.03290557861328125, -0.6129380464553833, -0.030754566192626953, 0.0, -1.7642554658062486, -5.39260899675804, -3.8911443500348972, -0.12628064515772586
252, -0.024112701416015625, -2.311615228652954, 3.0134389400482178, 0.03275942802429199, -0.6180058717727661, -0.030745506286621094, 0.0, -1.7643551948844125, -5.3925931147743515, -3.8909257174186127, -0.12622331135957676
253, -0.02405381202697754, -2.3053908348083496, 3.013894557952881, 0.03267717361450195, -0.6213933229446411, -0.030745506286621094, 0.0, -1.7643991518501076, -5.39257734885154, -3.8908093864229434, -0.12618656616954826
254, -0.024097681045532227, -2.2989304065704346, 3.0139904022216797, 0.032604217529296875, -0.6241873502731323, -0.030718088150024414, 0.0, -1.7644065342700368, -5.39255956853475, -3.8907715160203504, -0.1261371079332072
255, -0.02409052848815918, -2.291393280029297, 3.0133750438690186, 0.032567739486694336, -0.6277028322219849, -0.030727148056030273, 0.0, -1.7644360218849648, -5.392540681213536, -3.8907954280519683, -0.12616405436446776
256, -0.024068355560302734, -2.2869389057159424, 3.012831926345825, 0.03255867958068848, -0.6302410364151001, -0.030718088150024414, 0.0, -1.7644845894291854, -5.392516665133639, -3.8908086865276044, -0.1261652587137041
257, -0.024016857147216797, -2.280146598815918, 3.0120010375976562, 0.03250384330749512, -0.6343954801559448, -0.030699729919433594, 0.0, -1.7645939643040571, -5.392499036429456, -3.890796148892463, -0.12617281110635759
258, -0.0239870548248291, -2.273649215698242, 3.011050224304199, 0.03249478340148926, -0.63819420337677, -0.030672550201416016, 0.0, -1.7647119316079425, -5.39250124714824, -3.8907979954012437, -0.12618010186119566
259, -0.023891448974609375, -2.2677345275878906, 3.0100436210632324, 0.03247642517089844, -0.6419376134872437, -0.030663251876831055, 0.0, -1.7648224993954904, -5.392501179920934, -3.8908288937342657, -0.12617556444704014
260, -0.023500680923461914, -2.260042667388916, 3.008845090866089, 0.03246736526489258, -0.6478637456893921, -0.030699729919433594, 0.0, -1.7649656094726138, -5.392499639303249, -3.890894287019866, -0.12618103230610433
261, -0.022748231887817383, -2.250204563140869, 3.0065360069274902, 0.03246736526489258, -0.6517897844314575, -0.030672550201416016, 0.0, -1.765165788937714, -5.392495253510144, -3.8910038372735523, -0.12616694408946572
262, -0.02249002456665039, -2.241671562194824, 3.004570722579956, 0.03242158889770508, -0.656053900718689, -0.030690670013427734, 0.0, -1.7653264586289665, -5.392509819492607, -3.891156519766264, -0.12614456988203226
263, -0.022291183471679688, -2.2324087619781494, 3.002485513687134, 0.03241252899169922, -0.6624730825424194, -0.030672550201416016, 0.0, -1.7654870692751177, -5.392532884609384, -3.8913523665177485, -0.12614717907359818
264, -0.021590232849121094, -2.2223715782165527, 3.0006637573242188, 0.03241252899169922, -0.6723707914352417, -0.030690670013427734, 0.0, -1.7656302817403189, -5.3925306840097535, -3.8915581563752935, -0.12618021141880753
265, -0.020845651626586914, -2.214414119720459, 2.9988503456115723, 0.03240323066711426, -0.6780775785446167, -0.030736446380615234, 0.0, -1.7657416006152584, -5.3925137079354055, -3.89169148655108, -0.12619534552625833
266, -0.020203828811645508, -2.2037057876586914, 2.9960858821868896, 0.0324399471282959, -0.683674693107605, -0.030690670013427734, 0.0, -1.7658964536003774, -5.392543049505491, -3.891886920366677, -0.12622233123549798
267, -0.01970958709716797, -2.1931962966918945, 2.9933295249938965, 0.03241252899169922, -0.6899839639663696, -0.030718088150024414, 0.0, -1.766024929999796, -5.392537548061835, -3.892053570132046, -0.1262016467621354
268, -0.018994569778442383, -2.1831886768341064, 2.990605115890503, 0.03240323066711426, -0.697243332862854, -0.030699729919433594, 0.0, -1.766131005655395, -5.3925101752104005, -3.8922042640948233, -0.12621794756364046
269, -0.018404483795166016, -2.175673723220825, 2.98858380317688, 0.03241252899169922, -0.7039817571640015, -0.030699729919433594, 0.0, -1.7662148581924075, -5.39249999722829, -3.8922992295791783, -0.12624603550318092
270, -0.017718791961669922, -2.164626121520996, 2.9850523471832275, 0.03242158889770508, -0.7115968465805054, -0.030699729919433594, 0.0, -1.7663446521807713, -5.3925059196354495, -3.892436338510248, -0.12626972080556342
271, -0.017335176467895508, -2.155886650085449, 2.9822959899902344, 0.03241252899169922, -0.7173765897750854, -0.030736446380615234, 0.0, -1.7664355262628884, -5.392480209669872, -3.892524794220613, -0.12623891292876
272, -0.016833782196044922, -2.1473982334136963, 2.979555606842041, 0.03238511085510254, -0.7225080728530884, -0.030718088150024414, 0.0, -1.7665328190914273, -5.392474039688599, -3.8925975271054027, -0.12624402763894693
273, -0.0162656307220459, -2.136652946472168, 2.976207971572876, 0.03242158889770508, -0.7311278581619263, -0.030736446380615234, 0.0, -1.7666629713697404, -5.392496399529779, -3.8926625854947274, -0.12624575612719635
274, -0.015963315963745117, -2.129610061645508, 2.974050998687744, 0.03243064880371094, -0.7373090982437134, -0.030763864517211914, 0.0, -1.7667498752629278, -5.39250804711001, -3.892679677762477, -0.12619762594430473
275, -0.01568317413330078, -2.1214828491210938, 2.9712305068969727, 0.03243064880371094, -0.7426873445510864, -0.030754566192626953, 0.0, -1.7668494086029702, -5.392519758985327, -3.8926833168560355, -0.12615158561215534
276, -0.015137434005737305, -2.112065076828003, 2.968050718307495, 0.03244900703430176, -0.7488232851028442, -0.030763864517211914, 0.0, -1.766958086910924, -5.392528534338432, -3.8927025667050454, -0.12616087740679038
277, -0.01480555534362793, -2.1038198471069336, 2.9652304649353027, 0.0324399471282959, -0.7532974481582642, -0.030772924423217773, 0.0, -1.7670515167458951, -5.392515983113513, -3.8927225324885657, -0.12619758883152432
278, -0.014539957046508789, -2.0936498641967773, 2.961827039718628, 0.03244900703430176, -0.7610222101211548, -0.030782222747802734, 0.0, -1.767168909279041, -5.392505889072802, -3.8927594246552144, -0.12623892664661085
279, -0.014097452163696289, -2.085935592651367, 2.959310293197632, 0.03244900703430176, -0.7680710554122925, -0.030827760696411133, 0.0, -1.7672572380338634, -5.3925131548420815, -3.8928028238037298, -0.12633407277330821
280, -0.013750791549682617, -2.078280448913574, 2.9565298557281494, 0.03246736526489258, -0.7727371454238892, -0.030782222747802734, 0.0, -1.7673526021164523, -5.3925153244857045, -3.892820866791621, -0.12642735184354414
281, -0.013654947280883789, -2.0704410076141357, 2.953765630722046, 0.03247642517089844, -0.7773116827011108, -0.030809640884399414, 0.0, -1.7674559722586127, -5.392511119970608, -3.8928300904468958, -0.12642033720072732
282, -0.013662576675415039, -2.062837600708008, 2.9509851932525635, 0.0324857234954834, -0.7815300226211548, -0.030809640884399414, 0.0, -1.7675578291688232, -5.392504141140227, -3.8928369849010274, -0.12635176377816926
283, -0.013544321060180664, -2.0563549995422363, 2.9487242698669434, 0.03250384330749512, -0.7857393026351929, -0.030782222747802734, 0.0, -1.7676415438789146, -5.392499694560491, -3.8928529722259553, -0.12631101922726806
284, -0.013286352157592773, -2.0489654541015625, 2.946047782897949, 0.03250384330749512, -0.7906242609024048, -0.030772924423217773, 0.0, -1.7677360977941259, -5.392494002879589, -3.8928697619282615, -0.12629679506598102
285, -0.012969017028808594, -2.040616989135742, 2.9430277347564697, 0.03251290321350098, -0.7978559732437134, -0.030800342559814453, 0.0, -1.76784897113159, -5.39248214741973, -3.8929321162654205, -0.12628088820053396
286, -0.012740612030029297, -2.0313098430633545, 2.93924880027771, 0.03251290321350098, -0.8036082983016968, -0.030800342559814453, 0.0, -1.7679903610942231, -5.392485680886538, -3.892995703778542, -0.12634483441335043
287, -0.012703657150268555, -2.025144338607788, 2.936716079711914, 0.0325312614440918, -0.8070141077041626, -0.030818700790405273, 0.0, -1.7680918088973328, -5.392479632281094, -3.8930421516148876, -0.12637717880194987
288, -0.01254129409790039, -2.0169286727905273, 2.9334163665771484, 0.0325312614440918, -0.8118716478347778, -0.030827760696411133, 0.0, -1.768229781598852, -5.392460301683424, -3.893114557453989, -0.12641400804766256
289, -0.012445688247680664, -2.009612798690796, 2.9305641651153564, 0.032540321350097656, -0.8155971765518188, -0.030827760696411133, 0.0, -1.7683460647296945, -5.3924660425016615, -3.8931957804014687, -0.12649212493471218
290, -0.012253761291503906, -2.000807285308838, 2.9270806312561035, 0.0325312614440918, -0.8217421770095825, -0.030818700790405273, 0.0, -1.768497784378726, -5.392454387371934, -3.8933132965403883, -0.12650022953814766
291, -0.012231826782226562, -1.9929896593093872, 2.923884868621826, 0.03254961967468262, -0.8271933794021606, -0.030827760696411133, 0.0, -1.7686267489500658, -5.3924233625484375, -3.89342953582293, -0.1264078787547831
292, -0.012253761291503906, -1.987170934677124, 2.9212722778320312, 0.03254961967468262, -0.8300603628158569, -0.030818700790405273, 0.0, -1.7687290491216103, -5.392427690657612, -3.8934970764382415, -0.1264006014728718
293, -0.012335062026977539, -1.9792134761810303, 2.91762113571167, 0.03255867958068848, -0.8330186605453491, -0.030782222747802734, 0.0, -1.7688781401815712, -5.392430611839289, -3.8935807358326047, -0.12638411549471673
294, -0.012563705444335938, -1.9679667949676514, 2.9121882915496826, 0.032567739486694336, -0.8376845121383667, -0.030809640884399414, 0.0, -1.7691027061365532, -5.392408509277853, -3.893670578391462, -0.12635559338588553
295, -0.012924909591674805, -1.9640802145004272, 2.909783363342285, 0.032567739486694336, -0.8370910882949829, -0.030809640884399414, 0.0, -1.7691862454271665, -5.39240796192035, -3.8936943399937194, -0.1263881296034004
296, -0.013883829116821289, -1.957737684249878, 2.9063880443573, 0.032576799392700195, -0.8371368646621704, -0.030782222747802734, 0.0, -1.7692901121351776, -5.392390046613113, -3.893739073869769, -0.1263840594510981
297, -0.014776229858398438, -1.9517641067504883, 2.903223991394043, 0.03255867958068848, -0.8369542360305786, -0.030800342559814453, 0.0, -1.7694126319829402, -5.392355512090232, -3.893779491767334, -0.12638317452721104
298, -0.015351295471191406, -1.945421576499939, 2.8997886180877686, 0.03255867958068848, -0.8369449377059937, -0.030772924423217773, 0.0, -1.7695722612289022, -5.392312466861452, -3.8938507661739608, -0.12642484757822636
299, -0.015978097915649414, -1.9390052556991577, 2.896153450012207, 0.032586097717285156, -0.8368536233901978, -0.030736446380615234, 0.0, -1.7697422528583282, -5.3922859192402575, -3.8939448177933222, -0.12649068942754127
300, -0.017084360122680664, -1.9318960905075073, 2.8919029235839844, 0.032567739486694336, -0.8366528749465942, -0.030709028244018555, 0.0, -1.769927684098458, -5.392262258627929, -3.8940755168415815, -0.1265270119282782
301, -0.018006324768066406, -1.9264827966690063, 2.8885715007781982, 0.03254961967468262, -0.8366163969039917, -0.030654191970825195, 0.0, -1.7700655301655914, -5.392226607993704, -3.894220135703097, -0.12649294740934014
302, -0.019112586975097656, -1.9188129901885986, 2.8838655948638916, 0.0325312614440918, -0.8364702463150024, -0.0303347110748291, 0.0, -1.7702968403132506, -5.392181961572134, -3.894453342811185, -0.12649288275797677
303, -0.020130157470703125, -1.910811185836792, 2.8790318965911865, 0.03246736526489258, -0.8363333940505981, -0.026664018630981445, 0.0, -1.7705438627378465, -5.392150488017455, -3.8947419630907687, -0.12650594013904026
304, -0.020978212356567383, -1.9048817157745361, 2.875476598739624, 0.03196525573730469, -0.8362785577774048, -0.02480149269104004, 0.0, -1.7707373267566646, -5.392120875304765, -3.8949740093617087, -0.12647278025951625
305, -0.02188563346862793, -1.8980082273483276, 2.871338129043579, 0.029581785202026367, -0.8361963033676147, -0.02354121208190918, 0.0, -1.7709748752955674, -5.392098653400758, -3.8952764104759106, -0.12648595625076986
306, -0.02254939079284668, -1.8899180889129639, 2.866600275039673, 0.028239727020263672, -0.8361505270004272, -0.022171735763549805, 0.0, -1.7712574967276848, -5.392086066800574, -3.8956666580816215, -0.12657109364594188
307, -0.023212671279907227, -1.8829116821289062, 2.862565517425537, 0.026751279830932617, -0.8361324071884155, -0.020610332489013672, 0.0, -1.7713792222534865, -5.391995737195717, -3.896059254311307, -0.12654256516078544
308, -0.024724960327148438, -1.8729482889175415, 2.856821060180664, 0.024176359176635742, -0.8355296850204468, -0.019989490509033203, 0.0, -1.7717720247122781, -5.392034523158078, -3.8966255310612463, -0.1265615247288494
309, -0.0260007381439209, -1.8671739101409912, 2.8532018661499023, 0.021729469299316406, -0.833448052406311, -0.019925594329833984, 0.0, -1.7720033166739775, -5.391994521876794, -3.8969810595674064, -0.12653679890096736
310, -0.027394533157348633, -1.8609198331832886, 2.849295139312744, 0.01923656463623047, -0.8309460878372192, -0.019779443740844727, 0.0, -1.7721602398546592, -5.391886927776285, -3.8973826616232703, -0.12649080770559884
311, -0.0288546085357666, -1.8528443574905396, 2.844221830368042, 0.01690840721130371, -0.8269742727279663, -0.016885042190551758, 0.0, -1.772531089611591, -5.391901623610703, -3.897920724097063, -0.12643595759724313
312, -0.030292749404907227, -1.8445844650268555, 2.8391244411468506, 0.013639450073242188, -0.8254126310348511, -0.013232707977294922, 0.0, -1.772877461371926, -5.391918627580566, -3.8985264382571, -0.1264924699674932
313, -0.03257179260253906, -1.8309483528137207, 2.8303680419921875, 0.008124351501464844, -0.8216234445571899, -0.008320331573486328, 0.0, -1.7732477510915698, -5.391643489101444, -3.8996946596965794, -0.12661548415661272
314, -0.03632545471191406, -1.8119062185287476, 2.817824602127075, 0.0004544258117675781, -0.8136156797409058, -0.0036361217498779297, 0.0, -1.7739645664020713, -5.391730854744439, -3.901800649358837, -0.12661089963124272
315, -0.03792572021484375, -1.80189847946167, 2.8112730979919434, -0.0027048587799072266, -0.8090502023696899, -0.0014081001281738281, 0.0, -1.774160574453477, -5.391462772796374, -3.9030782432490985, -0.12668990938651348
316, -0.0392756462097168, -1.7916251420974731, 2.804873466491699, -0.006156206130981445, -0.8063384294509888, 0.0006737709045410156, 0.0, -1.774582319165289, -5.391474380551038, -3.9046166414457555, -0.12670061654748999
317, -0.040610313415527344, -1.780806303024292, 2.7976272106170654, -0.009178400039672852, -0.8028229475021362, 0.002134561538696289, 0.0, -1.7749726863905575, -5.391575938221566, -3.906623964312939, -0.12672623076681955
318, -0.04176807403564453, -1.7716761827468872, 2.7916109561920166, -0.011963367462158203, -0.8018461465835571, 0.0034127235412597656, 0.0, -1.7751476433209548, -5.391320384593108, -3.908500693060027, -0.12680962905286464
319, -0.04242444038391113, -1.7619264125823975, 2.7848758697509766, -0.013789653778076172, -0.801526665687561, 0.003668546676635742, 0.0, -1.7754461212764066, -5.391219062122493, -3.9111494033684817, -0.12677408006659086
320, -0.04243946075439453, -1.7576417922973633, 2.7818877696990967, -0.014729976654052734, -0.801608681678772, 0.003659486770629883, 0.0, -1.7755907441501904, -5.391223550883831, -3.912680165429025, -0.12674744215255096
321, -0.04242444038391113, -1.7512918710708618, 2.778188705444336, -0.014867067337036133, -0.8045943975448608, 0.0036776065826416016, 0.0, -1.7757777525006657, -5.391294647979568, -3.9154275286090936, -0.12682685629426782
322, -0.04246878623962402, -1.7470734119415283, 2.7764549255371094, -0.014921903610229492, -0.808639407157898, 0.0036776065826416016, 0.0, -1.7758572065376619, -5.391272793140336, -3.917524278213569, -0.126773898343993
323, -0.04248332977294922, -1.7430614233016968, 2.775024890899658, -0.014921903610229492, -0.811944842338562, 0.003668546676635742, 0.0, -1.7758999313599377, -5.391220731003127, -3.919871380593238, -0.12666702553828824
324, -0.04253506660461426, -1.7389463186264038, 2.7736587524414062, -0.014903545379638672, -0.8120361566543579, 0.003659486770629883, 0.0, -1.775944129371243, -5.391270443920842, -3.9221848811965025, -0.1266438449579299
325, -0.04257941246032715, -1.7351335287094116, 2.7723803520202637, -0.014903545379638672, -0.8120361566543579, 0.003659486770629883, 0.0, -1.7759832461838139, -5.391300715307194, -3.9241595918307546, -0.12668242926500284
326, -0.04266810417175293, -1.7305463552474976, 2.770742416381836, -0.014921903610229492, -0.8129125833511353, 0.003668546676635742, 0.0, -1.7760259579243176, -5.391276810055694, -3.9263684767455387, -0.12663159637785348
327, -0.04280805587768555, -1.7265121936798096, 2.7695679664611816, -0.014940023422241211, -0.8188749551773071, 0.003650188446044922, 0.0, -1.7761075684312337, -5.39128463130068, -3.9282116033678296, -0.12660456611224014
328, -0.04282259941101074, -1.722935438156128, 2.767954111099243, -0.014940023422241211, -0.8243354558944702, 0.003668546676635742, 0.0, -1.7762114070962893, -5.391310512351146, -3.930174061583112, -0.1266186357861363
329, -0.042734384536743164, -1.7204868793487549, 2.766563892364502, -0.014940023422241211, -0.8286451101303101, 0.003650188446044922, 0.0, -1.7762700914620106, -5.391304021866686, -3.9317459172634344, -0.1266098351100995
330, -0.04266810417175293, -1.7181860208511353, 2.7648062705993652, -0.014949321746826172, -0.8304985761642456, 0.003668546676635742, 0.0, -1.7763236636952486, -5.391297921388163, -3.9333604395429025, -0.12660162217870674
331, -0.04266810417175293, -1.7158997058868408, 2.7633442878723145, -0.014949321746826172, -0.8329547643661499, 0.0036411285400390625, 0.0, -1.776378597486338, -5.391307973817203, -3.93480453732978, -0.12659950330840886
332, -0.04260134696960449, -1.713879108428955, 2.7618660926818848, -0.014949321746826172, -0.8332105875015259, 0.003668546676635742, 0.0, -1.7764341350024522, -5.391301229466226, -3.93608006824574, -0.1265853693802068
333, -0.04263114929199219, -1.711563229560852, 2.760324239730835, -0.014949321746826172, -0.8333200216293335, 0.003659486770629883, 0.0, -1.7764983765076134, -5.391305384963189, -3.9373657891684974, -0.12656785945708648
334, -0.04263114929199219, -1.7101621627807617, 2.759413480758667, -0.014958381652832031, -0.8333839178085327, 0.0036776065826416016, 0.0, -1.7765334918844728, -5.3912979181816665, -3.938008749003393, -0.12655004400388226
335, -0.04261636734008789, -1.7080379724502563, 2.758167028427124, -0.014940023422241211, -0.8337036371231079, 0.003686666488647461, 0.0, -1.7765690881902683, -5.3912777934834, -3.9388564937784314, -0.12652379456948815
336, -0.04261636734008789, -1.7056117057800293, 2.757000684738159, -0.014949321746826172, -0.8373831510543823, 0.003695964813232422, 0.0, -1.7765999114726758, -5.391249957193391, -3.9397378531996923, -0.12651070173751933
337, -0.04260897636413574, -1.7044097185134888, 2.755826234817505, -0.014958381652832031, -0.837830662727356, 0.003686666488647461, 0.0, -1.776623474309528, -5.391236083201467, -3.940420998190485, -0.12652438812432454
338, -0.042557477951049805, -1.7033475637435913, 2.7547874450683594, -0.014949321746826172, -0.8378490209579468, 0.003686666488647461, 0.0, -1.7766308615515825, -5.391208625313116, -3.9410618128426047, -0.12653224524304996
339, -0.04252052307128906, -1.7025583982467651, 2.7542762756347656, -0.01497650146484375, -0.8378490209579468, 0.0037050247192382812, 0.0, -1.7766165476998206, -5.391183564266127, -3.941512200577397, -0.12657205787388115
340, -0.04246878623962402, -1.7019758224487305, 2.7539806365966797, -0.014940023422241211, -0.8378032445907593, 0.003695964813232422, 0.0, -1.776585531826314, -5.391148174181755, -3.9419215879414766, -0.1265983596089315
341, -0.04244685173034668, -1.7016292810440063, 2.753812789916992, -0.014958381652832031, -0.8377577066421509, 0.003741741180419922, 0.0, -1.7765356907072964, -5.391119546571951, -3.942283865257992, -0.12664115726658398
342, -0.042461395263671875, -1.7015924453735352, 2.7537968158721924, -0.014958381652832031, -0.8378032445907593, 0.0037233829498291016, 0.0, -1.7765088612893867, -5.391121559446861, -3.9423971495493335, -0.12665778600916333
343, -0.04246878623962402, -1.7016218900680542, 2.7537569999694824, -0.014940023422241211, -0.837748646736145, 0.0037050247192382812, 0.0, -1.7764589904605614, -5.391135997462546, -3.9425175968202475, -0.12667663998749568
344, -0.04245400428771973, -1.701614499092102, 2.7536051273345947, -0.014958381652832031, -0.8377028703689575, 0.003741741180419922, 0.0, -1.7763871158681446, -5.391123242410353, -3.942628919976396, -0.1266886618030858
345, -0.04244685173034668, -1.7016292810440063, 2.7533493041992188, -0.01496744155883789, -0.8376938104629517, 0.0037233829498291016, 0.0, -1.776346229262635, -5.3911027396186375, -3.9427234769865653, -0.12663363569092123
346, -0.04245400428771973, -1.701555609703064, 2.7530617713928223, -0.014958381652832031, -0.8376845121383667, 0.0037140846252441406, 0.0, -1.7763263791010948, -5.391104579340852, -3.942843010253415, -0.12662736959682608
347, -0.04245400428771973, -1.7013047933578491, 2.753021717071533, -0.014958381652832031, -0.8376024961471558, 0.0037233829498291016, 0.0, -1.7762857792909807, -5.391116640228202, -3.942983473330354, -0.1266184415966709
348, -0.04246878623962402, -1.7012014389038086, 2.7531018257141113, -0.014949321746826172, -0.8374656438827515, 0.0037233829498291016, 0.0, -1.7762549811227646, -5.391117579469574, -3.9430556307389204, -0.12661009315307759
349, -0.04248332977294922, -1.701120376586914, 2.7531895637512207, -0.01497650146484375, -0.8373285531997681, 0.0037233829498291016, 0.0, -1.7762171658558168, -5.391108000953345, -3.943148191595462, -0.12656306060918343
350, -0.04248332977294922, -1.7010539770126343, 2.7530856132507324, -0.01496744155883789, -0.8371917009353638, 0.0037233829498291016, 0.0, -1.7761759470924992, -5.39110508172974, -3.943346198882345, -0.12656859924723385
351, -0.04248332977294922, -1.700980305671692, 2.7529659271240234, -0.014958381652832031, -0.8370727300643921, 0.003732442855834961, 0.0, -1.776162665234934, -5.391098892988087, -3.9434426460866594, -0.12655358037965048
352, -0.04249072074890137, -1.7007883787155151, 2.7527902126312256, -0.01497650146484375, -0.8369907140731812, 0.003741741180419922, 0.0, -1.7761445791178088, -5.391098751663073, -3.9435789671921966, -0.12657724096586698
353, -0.04249072074890137, -1.7006409168243408, 2.752678394317627, -0.014958381652832031, -0.8368903398513794, 0.0037598609924316406, 0.0, -1.7761280254790068, -5.391069934553736, -3.9437109610320333, -0.1266108675988029
354, -0.04249072074890137, -1.7003976106643677, 2.752542495727539, -0.01497650146484375, -0.8367258310317993, 0.0037508010864257812, 0.0, -1.7761225899049835, -5.391040391603482, -3.943802699291791, -0.1266228903731017
355, -0.042513132095336914, -1.6998960971832275, 2.752286911010742, -0.014985799789428711, -0.8365432024002075, 0.0037508010864257812, 0.0, -1.7761195965167538, -5.3910318042530205, -3.9439284270954613, -0.1265982396093639
356, -0.042542457580566406, -1.6997487545013428, 2.7520391941070557, -0.014958381652832031, -0.8364518880844116, 0.003741741180419922, 0.0, -1.7761224240457367, -5.3910395444612105, -3.944032788272339, -0.12660937009588125
357, -0.042542457580566406, -1.699475646018982, 2.75171160697937, -0.01496744155883789, -0.8364428281784058, 0.003732442855834961, 0.0, -1.77612686636503, -5.390990877121866, -3.9441323357744826, -0.12658224626316716
358, -0.04252767562866211, -1.6991511583328247, 2.7514798641204834, -0.01496744155883789, -0.8363333940505981, 0.003732442855834961, 0.0, -1.7761312483858887, -5.390935916118174, -3.9442079899958156, -0.12651220493329873
359, -0.042593955993652344, -1.6988859176635742, 2.7513999938964844, -0.014985799789428711, -0.8362234830856323, 0.003732442855834961, 0.0, -1.776130791552817, -5.390923940051075, -3.9443075827951786, -0.1264385418209626
360, -0.042593955993652344, -1.6988193988800049, 2.7514078617095947, -0.014949321746826172, -0.8361963033676147, 0.0037233829498291016, 0.0, -1.776097894272933, -5.390904006782418, -3.944450994341733, -0.12644939806489397
361, -0.04261636734008789, -1.6988047361373901, 2.751375913619995, -0.01496744155883789, -0.8361963033676147, 0.0037508010864257812, 0.0, -1.776079522730968, -5.390861110445412, -3.944508715135363, -0.12644451516183786
362, -0.04263114929199219, -1.6987234354019165, 2.7512800693511963, -0.01496744155883789, -0.8361049890518188, 0.003732442855834961, 0.0, -1.7760719769461932, -5.390814658865526, -3.9445903634650015, -0.12644270509712818
363, -0.04267525672912598, -1.6986792087554932, 2.7512402534484863, -0.014940023422241211, -0.8360594511032104, 0.0037508010864257812, 0.0, -1.7760831954657963, -5.390806119728644, -3.9446309607721814, -0.12645561080742418
364, -0.04265308380126953, -1.698561191558838, 2.751232147216797, -0.014949321746826172, -0.8359588384628296, 0.0037508010864257812, 0.0, -1.7760761335518203, -5.39077953579181, -3.9446709022563535, -0.12647499534082307
365, -0.04269003868103027, -1.6984580755233765, 2.7511842250823975, -0.01496744155883789, -0.8358858823776245, 0.0037508010864257812, 0.0, -1.7760704410581258, -5.3907378047840755, -3.9447215860687184, -0.12644483550792707
366, -0.04271197319030762, -1.6983915567398071, 2.751152276992798, -0.014958381652832031, -0.8357490301132202, 0.003732442855834961, 0.0, -1.7760734355005434, -5.390725455166659, -3.9447459699505725, -0.1264530634911516
367, -0.042734384536743164, -1.698251485824585, 2.7511043548583984, -0.01496744155883789, -0.8355480432510376, 0.003741741180419922, 0.0, -1.77608398391206, -5.390726122019611, -3.9447418448765994, -0.1264117478191933
368, -0.042771100997924805, -1.6981335878372192, 2.7509684562683105, -0.01496744155883789, -0.8348997831344604, 0.0037508010864257812, 0.0, -1.776093734836047, -5.390712221388975, -3.9447155740164423, -0.12642755498211145
369, -0.042763710021972656, -1.6980525255203247, 2.7508726119995117, -0.01497650146484375, -0.8344522714614868, 0.0037508010864257812, 0.0, -1.7761034260340245, -5.390677854865353, -3.944692913505714, -0.12639259626739552
370, -0.04279327392578125, -1.697964072227478, 2.7507848739624023, -0.01496744155883789, -0.8340049982070923, 0.0037508010864257812, 0.0, -1.776128617778339, -5.390656783640338, -3.944667364947662, -0.12634768702338484
371, -0.042859554290771484, -1.697890281677246, 2.750696897506714, -0.01496744155883789, -0.8335939645767212, 0.0037598609924316406, 0.0, -1.776160796426546, -5.390685024693362, -3.944642341364779, -0.12640474467162655
372, -0.04289650917053223, -1.6977132558822632, 2.750640869140625, -0.01496744155883789, -0.8330551385879517, 0.0037598609924316406, 0.0, -1.776177532354633, -5.390669693535389, -3.9445915677866483, -0.1263986482100412
373, -0.042903900146484375, -1.6975656747817993, 2.750545024871826, -0.01496744155883789, -0.8326443433761597, 0.0037508010864257812, 0.0, -1.7761926840098983, -5.390626741288167, -3.9445597689872822, -0.12634617519677338
374, -0.04291129112243652, -1.6975065469741821, 2.7504332065582275, -0.014958381652832031, -0.8324891328811646, 0.0037508010864257812, 0.0, -1.7762247250244134, -5.390633532676752, -3.944546033272986, -0.1263888340164101
375, -0.04293322563171387, -1.6974698305130005, 2.7503373622894287, -0.01496744155883789, -0.8324252367019653, 0.0037508010864257812, 0.0, -1.7762544513739513, -5.390630458903392, -3.9445465515682083, -0.12640988791246688
376, -0.04293322563171387, -1.697344422340393, 2.750201463699341, -0.01496744155883789, -0.8323432207107544, 0.0037140846252441406, 0.0, -1.776307037614398, -5.390605248919289, -3.9445403176816254, -0.1264458011634666
377, -0.042984962463378906, -1.6969904899597168, 2.750065803527832, -0.01497650146484375, -0.8323248624801636, 0.0037598609924316406, 0.0, -1.7761926275087645, -5.39065406769655, -3.944523941826285, -0.1264779664184017
378, -0.042984962463378906, -1.6966660022735596, 2.749866008758545, -0.01497650146484375, -0.8321512937545776, 0.0037691593170166016, 0.0, -1.7762346530437494, -5.390613610867487, -3.9444934814926027, -0.12646906537096303
379, -0.043390750885009766, -1.6939445734024048, 2.749099016189575, -0.01497650146484375, -0.8326717615127563, 0.0037508010864257812, 0.0, -1.776255407461304, -5.390597522871831, -3.944512447725788, -0.12640281865331016
380, -0.04452633857727051, -1.674548625946045, 2.7407820224761963, -0.01502227783203125, -0.8342605829238892, 0.003778219223022461, 0.0, -1.7766579308089674, -5.390513089213782, -3.9448219730445393, -0.12622720840972868
381, -0.04492449760437012, -1.664526104927063, 2.7352452278137207, -0.015040397644042969, -0.8340963125228882, 0.0037963390350341797, 0.0, -1.7769673903792986, -5.390401579552588, -3.94503531495874, -0.12617010425008868
382, -0.045197486877441406, -1.6383451223373413, 2.7198095321655273, -0.015076875686645508, -0.8375202417373657, 0.0038237571716308594, 0.0, -1.777717220108371, -5.390418426125962, -3.945730731141521, -0.12609555594657174
383, -0.04474759101867676, -1.62064528465271, 2.709678888320923, -0.015095233917236328, -0.8464227914810181, 0.0037963390350341797, 0.0, -1.778132009252297, -5.39044590561298, -3.946156711461409, -0.12621477915504276
384, -0.04280805587768555, -1.5859023332595825, 2.69047212600708, -0.015086174011230469, -0.8705464601516724, 0.0037691593170166016, 0.0, -1.778946109739981, -5.390121913719462, -3.946646485033606, -0.12652539105993998
385, -0.04063987731933594, -1.558268427848816, 2.673774242401123, -0.015058755874633789, -0.8853658437728882, 0.003778219223022461, 0.0, -1.7795454607641878, -5.390000921055413, -3.94694800955419, -0.1266866661212509
386, -0.03861188888549805, -1.5265858173370361, 2.65383243560791, -0.015012979507446289, -0.9027875661849976, 0.0037050247192382812, 0.0, -1.7803092030517063, -5.390172055069351, -3.9474250711612293, -0.12678659527450797
387, -0.037240028381347656, -1.4780811071395874, 2.6233925819396973, -0.01502227783203125, -0.9360235929489136, 0.003695964813232422, 0.0, -1.7811675683116905, -5.389829433027914, -3.9479950368170855, -0.12658528331689922
388, -0.036893367767333984, -1.464806079864502, 2.6152591705322266, -0.015049457550048828, -0.9449173212051392, 0.003686666488647461, 0.0, -1.7813346952013593, -5.389741383198575, -3.9481229974724292, -0.12648407631202296
389, -0.03554368019104004, -1.433396577835083, 2.5969951152801514, -0.015012979507446289, -0.9676986932754517, 0.0036046504974365234, 0.0, -1.7819072997105119, -5.38998345157154, -3.9485322573616695, -0.12634168676873614
390, -0.034142494201660156, -1.4017728567123413, 2.579793930053711, -0.01496744155883789, -0.9909275770187378, 0.003440380096435547, 0.0, -1.7824238099312089, -5.39010722060844, -3.9488318475142252, -0.12635362825616436
391, -0.032733917236328125, -1.3703484535217285, 2.5639827251434326, -0.01496744155883789, -1.0140103101730347, 0.002956390380859375, 0.0, -1.7827156870052623, -5.389747905112709, -3.948986039516817, -0.1263836109281007
392, -0.03142118453979492, -1.335583209991455, 2.5480356216430664, -0.014903545379638672, -1.0429457426071167, 0.002664327621459961, 0.0, -1.7831486278099844, -5.389764606689882, -3.949284068358543, -0.12627634615844485
393, -0.029673337936401367, -1.304903507232666, 2.5347330570220947, -0.014702558517456055, -1.067827582359314, 0.001878976821899414, 0.0, -1.7836874639842772, -5.389997372443936, -3.9496444383728972, -0.12631463391568865
394, -0.027999401092529297, -1.2879854440689087, 2.527271032333374, -0.013798713684082031, -1.079651951789856, 0.0005548000335693359, 0.0, -1.7837788309921763, -5.389754229459667, -3.949858898828796, -0.12651476461982902
395, -0.027070045471191406, -1.276989459991455, 2.5225253105163574, -0.0132598876953125, -1.0877691507339478, 0.0004544258117675781, 0.0, -1.783858984466646, -5.389608941246727, -3.9502888101242672, -0.12653119979309313
396, -0.028235197067260742, -1.2869751453399658, 2.5316810607910156, -0.01158905029296875, -1.0954848527908325, 0.0003998279571533203, 0.0, -1.7837536474556317, -5.389657249261934, -3.952146944879174, -0.12564874829846762
397, -0.028124570846557617, -1.292070984840393, 2.536147356033325, -0.01158905029296875, -1.0954757928848267, 0.0003905296325683594, 0.0, -1.7837457274368245, -5.389615127741537, -3.9522614801963685, -0.12577470522521406
398, -0.028013944625854492, -1.2873069047927856, 2.5406453609466553, -0.011525154113769531, -1.1089709997177124, 0.0003724098205566406, 0.0, -1.7848577827214358, -5.389339126679399, -3.9520282010537335, -0.12645409477220504
399, -0.025705575942993164, -1.2027831077575684, 2.5142719745635986, -0.0054073333740234375, -1.2008088827133179, -0.0003490447998046875, 0.0, -1.7866679527346683, -5.388712831494299, -3.951109178047764, -0.12612877045551674
400, -0.023433923721313477, -1.1617343425750732, 2.5037338733673096, 0.0026733875274658203, -1.252900242805481, -0.0015633106231689453, 0.0, -1.7868900504219682, -5.388539908800895, -3.9510440948638874, -0.12621847714267798
401, -0.022556543350219727, -1.151099681854248, 2.502847194671631, 0.0032029151916503906, -1.2709153890609741, -0.0016455650329589844, 0.0, -1.7871325729667105, -5.388555530186731, -3.950999619245157, -0.1261283837723166
402, -0.02204751968383789, -1.1193509101867676, 2.4972383975982666, 0.009768009185791016, -1.3084157705307007, -0.002038240432739258, 0.0, -1.7876666701664616, -5.38835323920891, -3.9510915344503608, -0.12613188769811146
403, -0.019945859909057617, -1.005887746810913, 2.4702579975128174, 0.011658191680908203, -1.4151462316513062, -0.0021660327911376953, 0.0, -1.791329386890821, -5.38803790604619, -3.9644629166499117, -0.12662138358056296
404, -0.0198056697845459, -0.9992725253105164, 2.4662232398986816, 0.011776924133300781, -1.4215010404586792, -0.002193450927734375, 0.0, -1.791676818681827, -5.387977924931292, -3.9690343381432833, -0.12670014259004336
405, -0.01987934112548828, -0.9944789409637451, 2.461237907409668, 0.011868000030517578, -1.425747036933899, -0.0021750926971435547, 0.0, -1.7920508394639998, -5.387920288839562, -3.9729041736637334, -0.12662815703178776
406, -0.019857406616210938, -0.9886083006858826, 2.4546306133270264, 0.011932134628295898, -1.4294813871383667, -0.002184152603149414, 0.0, -1.792461964227603, -5.387828157805168, -3.9766970165209403, -0.1265890397155376
407, -0.0197908878326416, -0.9831657409667969, 2.4488942623138428, 0.011968612670898438, -1.4331613779067993, -0.0021750926971435547, 0.0, -1.7927959136970983, -5.387774601418597, -3.9795341487788773, -0.12659694734220128
408, -0.0197908878326416, -0.9763585925102234, 2.4418792724609375, 0.011986970901489258, -1.4356449842453003, -0.002193450927734375, 0.0, -1.793156606324328, -5.387719723074655, -3.9826448498356437, -0.12658737304809975
409, -0.019827842712402344, -0.96952223777771, 2.4355437755584717, 0.011996030807495117, -1.4395893812179565, -0.0021660327911376953, 0.0, -1.7934696557577305, -5.3876624679757255, -3.985236370541595, -0.12659363595443107
410, -0.019783735275268555, -0.9610557556152344, 2.4278976917266846, 0.012032508850097656, -1.444438099861145, -0.002156972885131836, 0.0, -1.7938375941603377, -5.387590772183893, -3.988048132020604, -0.12661791335587935
411, -0.01970958709716797, -0.95274418592453, 2.4208271503448486, 0.012041568756103516, -1.4493411779403687, -0.0021750926971435547, 0.0, -1.7941573211521213, -5.387537384372068, -3.9904216849568432, -0.126642989856788
412, -0.019680261611938477, -0.9428102970123291, 2.4125900268554688, 0.012050867080688477, -1.4556325674057007, -0.0021750926971435547, 0.0, -1.7945191757107632, -5.387483678811861, -3.9929964180537065, -0.1266746966070551
413, -0.019680261611938477, -0.9337908625602722, 2.4053914546966553, 0.012078046798706055, -1.4612022638320923, -0.002147674560546875, 0.0, -1.7948006984687244, -5.38744781194565, -3.9951621066500396, -0.1266979273726241
414, -0.019680261611938477, -0.9228315353393555, 2.3972740173339844, 0.012096405029296875, -1.466762661933899, -0.0021660327911376953, 0.0, -1.7950855718418999, -5.387425800650394, -3.9975312101021268, -0.1267614746078607
415, -0.019650697708129883, -0.9127354025840759, 2.3900115489959717, 0.012123823165893555, -1.4719947576522827, -0.0021660327911376953, 0.0, -1.7953140424634275, -5.387398998050232, -3.9994806314709748, -0.12680769479141407
416, -0.019643306732177734, -0.9019383788108826, 2.3826053142547607, 0.012123823165893555, -1.4773820638656616, -0.002156972885131836, 0.0, -1.7955359574063128, -5.387357072397883, -4.001313822662481, -0.12678369940410228
417, -0.019650697708129883, -0.8888702392578125, 2.3738648891448975, 0.012141942977905273, -1.484038233757019, -0.002184152603149414, 0.0, -1.795795387531505, -5.387337788466241, -4.003313340212597, -0.12675970962262273
418, -0.01966571807861328, -0.8755881190299988, 2.364964723587036, 0.012132883071899414, -1.4910415410995483, -0.002156972885131836, 0.0, -1.7960245449150394, -5.3873310131998755, -4.00524758340853, -0.12674683924407493
419, -0.019695043563842773, -0.8622393608093262, 2.3559844493865967, 0.012123823165893555, -1.4972599744796753, -0.002193450927734375, 0.0, -1.7962280747130657, -5.387305057132407, -4.007119091335562, -0.12673356934953528
420, -0.01970958709716797, -0.8537434935569763, 2.350248098373413, 0.012151002883911133, -1.5010672807693481, -0.0021660327911376953, 0.0, -1.7963492792380547, -5.387290125199659, -4.008257607358902, -0.1267186087182628
421, -0.019680261611938477, -0.8418700695037842, 2.3420748710632324, 0.012169361114501953, -1.5064910650253296, -0.0021660327911376953, 0.0, -1.7965325217919363, -5.387287864705704, -4.009826953442449, -0.12673643434657578
422, -0.019724607467651367, -0.829509437084198, 2.3337018489837646, 0.012160301208496094, -1.511823296546936, -0.002156972885131836, 0.0, -1.7967153600280912, -5.387291803806817, -4.01137801479855, -0.12675602278932718
423, -0.019702434539794922, -0.8153941631317139, 2.323850631713867, 0.012178421020507812, -1.5184344053268433, -0.002156972885131836, 0.0, -1.796926175770287, -5.3872762749953385, -4.013102926768968, -0.12681945769705472
424, -0.019724607467651367, -0.8046634197235107, 2.3162288665771484, 0.012187719345092773, -1.5231915712356567, -0.0021750926971435547, 0.0, -1.7970918810688492, -5.3872579102794464, -4.014383431388344, -0.12686019989891317
425, -0.019702434539794922, -0.7917280197143555, 2.3061859607696533, 0.012196779251098633, -1.5261863470077515, -0.0021750926971435547, 0.0, -1.7973208981323312, -5.387229372012166, -4.0160515189088, -0.12691153009980027
426, -0.019724607467651367, -0.7799353003501892, 2.296534776687622, 0.012196779251098633, -1.5299299955368042, -0.002156972885131836, 0.0, -1.7975468128177083, -5.387210112333319, -4.017718371361025, -0.12691984001457968
427, -0.019768714904785156, -0.7689468860626221, 2.2873787879943848, 0.012196779251098633, -1.5338014364242554, -0.0021660327911376953, 0.0, -1.7977746277974145, -5.387188085845072, -4.019344962790682, -0.12691215153048674
428, -0.0197908878326416, -0.7606794834136963, 2.280451774597168, 0.012215137481689453, -1.5367416143417358, -0.002156972885131836, 0.0, -1.7979523533181896, -5.387173158081163, -4.020534392580817, -0.12687207891176033
429, -0.019739389419555664, -0.7223374843597412, 2.244699001312256, 0.012242555618286133, -1.5403023958206177, -0.0021295547485351562, 0.0, -1.798740004722986, -5.387109966622953, -4.027871894535175, -0.12702248053902032
430, -0.019813060760498047, -0.7159063220024109, 2.2272257804870605, 0.012269973754882812, -1.53673255443573, -0.0021660327911376953, 0.0, -1.798853703106461, -5.387118511028862, -4.035646833589318, -0.1272411828225133
431, -0.01971721649169922, -0.7299260497093201, 2.2227277755737305, 0.01237034797668457, -1.524405598640442, -0.0021750926971435547, 0.0, -1.7986742978336423, -5.3871853710365265, -4.040754682610703, -0.12740445234180076
432, -0.019813060760498047, -0.7307374477386475, 2.222919464111328, 0.01237940788269043, -1.5236204862594604, -0.0021386146545410156, 0.0, -1.7986025539775887, -5.387198323487102, -4.040887955136773, -0.1273769608696842
433, -0.01970958709716797, -0.7319543361663818, 2.223335027694702, 0.01237034797668457, -1.5227988958358765, -0.002147674560546875, 0.0, -1.7984937170694884, -5.387241922341271, -4.04106677273386, -0.12733919276567196
434, -0.019702434539794922, -0.732588529586792, 2.2234630584716797, 0.01237034797668457, -1.5223511457443237, -0.0021750926971435547, 0.0, -1.7984269261338421, -5.387280562274021, -4.041163875319063, -0.12729281855533614
435, -0.01966571807861328, -0.7328466773033142, 2.2235188484191895, 0.01239776611328125, -1.5222235918045044, -0.002147674560546875, 0.0, -1.7983986096705475, -5.387290679975957, -4.041200679788007, -0.12725696808093812
436, -0.019731998443603516, -0.7334883213043213, 2.2237186431884766, 0.01237034797668457, -1.5219770669937134, -0.002184152603149414, 0.0, -1.7983282146458295, -5.387308953114955, -4.041291190155773, -0.12720221386222708
437, -0.019695043563842773, -0.734255313873291, 2.224061965942383, 0.01237940788269043, -1.521767020225525, -0.0021295547485351562, 0.0, -1.7982434774548035, -5.387327822404709, -4.041382054887357, -0.1272388193107883
438, -0.019643306732177734, -0.7348820567131042, 2.224461555480957, 0.01237034797668457, -1.521675705909729, -0.002193450927734375, 0.0, -1.7981799017499882, -5.3873214330627865, -4.041447457480048, -0.12726501089132558
439, -0.019731998443603516, -0.7357745170593262, 2.2250447273254395, 0.01237940788269043, -1.5216573476791382, -0.0021386146545410156, 0.0, -1.7980892441548595, -5.387303111553508, -4.041547887222181, -0.12728115231415948
440, -0.01966571807861328, -0.7365192770957947, 2.225667953491211, 0.012388467788696289, -1.5216208696365356, -0.002156972885131836, 0.0, -1.7980201340088402, -5.387315191030423, -4.04162384430978, -0.1273990283939357
441, -0.01965808868408203, -0.7392184734344482, 2.227593421936035, 0.01239776611328125, -1.5215750932693481, -0.0021386146545410156, 0.0, -1.7977196744888868, -5.3873720330232295, -4.041843292845478, -0.12732153573815186
442, -0.01965808868408203, -0.7392923831939697, 2.2276253700256348, 0.01239776611328125, -1.5215750932693481, -0.0021386146545410156, 0.0, -1.797698759019551, -5.387373138483366, -4.041850160852337, -0.12727336407522039
443, -0.019547462463378906, -0.7393955588340759, 2.2276811599731445, 0.012424945831298828, -1.5215388536453247, -0.002156972885131836, 0.0, -1.7976756701553809, -5.387398733094825, -4.041863568513154, -0.12726324572441872
444, -0.019555091857910156, -0.7394766211509705, 2.227769374847412, 0.012424945831298828, -1.5215569734573364, -0.002147674560546875, 0.0, -1.7976621983582646, -5.387429633842489, -4.041883945832731, -0.12726196103010956
445, -0.01958441734313965, -0.7395873069763184, 2.2278971672058105, 0.01240682601928711, -1.5215479135513306, -0.002147674560546875, 0.0, -1.7976563443313156, -5.387432613778826, -4.041894674632002, -0.1272859502138486
446, -0.019562482833862305, -0.7396978735923767, 2.2280008792877197, 0.01240682601928711, -1.5214930772781372, -0.002156972885131836, 0.0, -1.7976628030526574, -5.387439766956199, -4.041905457320814, -0.12736234946055625
447, -0.019555091857910156, -0.7398159503936768, 2.2280807495117188, 0.012415885925292969, -1.5214840173721313, -0.0021660327911376953, 0.0, -1.7976652634089343, -5.387443554517137, -4.0419098562844775, -0.12741106892609189
448, -0.019547462463378906, -0.7399117946624756, 2.2281289100646973, 0.012434244155883789, -1.5214930772781372, -0.0021660327911376953, 0.0, -1.7976591486945717, -5.38744718298539, -4.041905288411012, -0.1274561273375463
449, -0.019503355026245117, -0.7400298118591309, 2.2281765937805176, 0.012415885925292969, -1.521502137184143, -0.002147674560546875, 0.0, -1.7976457603632343, -5.387462792557372, -4.04189604863365, -0.12750032190907135
450, -0.019459009170532227, -0.7401034832000732, 2.228200674057007, 0.012424945831298828, -1.5215202569961548, -0.002156972885131836, 0.0, -1.7976270777885692, -5.387481206772003, -4.041884831958537, -0.12747535394815657
451, -0.019370555877685547, -0.7401700019836426, 2.228224754333496, 0.01239776611328125, -1.521511197090149, -0.002156972885131836, 0.0, -1.7976054830297201, -5.3874973924415945, -4.041871151232052, -0.12745321512481933
452, -0.019245147705078125, -0.7402510643005371, 2.228264570236206, 0.012415885925292969, -1.521502137184143, -0.002147674560546875, 0.0, -1.7975770341264163, -5.387516307644074, -4.041860077536917, -0.12738791861303067
453, -0.019215822219848633, -0.7403247356414795, 2.2283124923706055, 0.012434244155883789, -1.521511197090149, -0.0021386146545410156, 0.0, -1.7975626895172923, -5.387526168425883, -4.04185131289449, -0.12734291352073157
454, -0.019200801849365234, -0.7404723167419434, 2.228400230407715, 0.012424945831298828, -1.5214840173721313, -0.0021750926971435547, 0.0, -1.7975464692516567, -5.387531605086182, -4.041843133036613, -0.12727398418219238
455, -0.01923060417175293, -0.7405977249145508, 2.228480339050293, 0.01240682601928711, -1.5214930772781372, -0.002147674560546875, 0.0, -1.7975237789178748, -5.387526920029596, -4.041840344077227, -0.12725220929343273
456, -0.01923060417175293, -0.7407009601593018, 2.2285280227661133, 0.01240682601928711, -1.5214930772781372, -0.0021660327911376953, 0.0, -1.7975140810615495, -5.387526125736921, -4.041830705002342, -0.12726218940263045
457, -0.019237756729125977, -0.7407526969909668, 2.228560209274292, 0.012415885925292969, -1.5214840173721313, -0.002147674560546875, 0.0, -1.7975178656121837, -5.387520493397735, -4.041831873594765, -0.1272927277113487
458, -0.019237756729125977, -0.7407968044281006, 2.2285680770874023, 0.01240682601928711, -1.521511197090149, -0.002156972885131836, 0.0, -1.7974970523238296, -5.387504431014564, -4.0418313118699825, -0.12732731478176706
459, -0.019237756729125977, -0.740818977355957, 2.228576183319092, 0.012434244155883789, -1.521511197090149, -0.002156972885131836, 0.0, -1.797489175309597, -5.387504895321906, -4.041830225327397, -0.12735945213614652
460, -0.01923060417175293, -0.7408411502838135, 2.2285842895507812, 0.012434244155883789, -1.5214930772781372, -0.0021660327911376953, 0.0, -1.7974977957445026, -5.3875097535604, -4.041831315859396, -0.12736553326677402
461, -0.01923060417175293, -0.7408556938171387, 2.228600025177002, 0.012424945831298828, -1.5214930772781372, -0.0021386146545410156, 0.0, -1.7974928649431674, -5.38750768452571, -4.0418303154461865, -0.12737983122430308
462, -0.019215822219848633, -0.7408633232116699, 2.228600025177002, 0.012434244155883789, -1.5214930772781372, -0.0021386146545410156, 0.0, -1.7974825193012745, -5.387510566366656, -4.041820511326169, -0.12735487638875842
463, -0.019215822219848633, -0.740870475769043, 2.2285921573638916, 0.012434244155883789, -1.521502137184143, -0.002147674560546875, 0.0, -1.7974900724391805, -5.387518895463665, -4.041819912961438, -0.12734953276282823
464, -0.019208192825317383, -0.7408852577209473, 2.2286081314086914, 0.012424945831298828, -1.5215297937393188, -0.002147674560546875, 0.0, -1.797483112306654, -5.387521337563436, -4.041818281019448, -0.12732923748745062
465, -0.019208192825317383, -0.7408778667449951, 2.2286081314086914, 0.012443304061889648, -1.5214840173721313, -0.0021660327911376953, 0.0, -1.797471740073373, -5.387532154549826, -4.041813565728146, -0.1273519159926808
466, -0.019208192825317383, -0.7408925890922546, 2.2286081314086914, 0.012443304061889648, -1.521502137184143, -0.0021386146545410156, 0.0, -1.797487799149744, -5.387534009280447, -4.041817888233171, -0.1273746376519398
467, -0.019200801849365234, -0.7409074306488037, 2.228616237640381, 0.012443304061889648, -1.521511197090149, -0.002147674560546875, 0.0, -1.7974832603084208, -5.387531835592346, -4.041817071940305, -0.12739759046218424
468, -0.01917886734008789, -0.7408999800682068, 2.2286081314086914, 0.012434244155883789, -1.521502137184143, -0.002156972885131836, 0.0, -1.7974793667034397, -5.387537784079498, -4.041814714913067, -0.1274371327554924
469, -0.019156455993652344, -0.7409074306488037, 2.2286081314086914, 0.012452363967895508, -1.5215202569961548, -0.002147674560546875, 0.0, -1.7974912733596975, -5.3875424191520525, -4.041815527665891, -0.1274703041245413
470, -0.019105195999145508, -0.7408999800682068, 2.228616237640381, 0.012424945831298828, -1.5214930772781372, -0.0021750926971435547, 0.0, -1.7974850241175255, -5.3875308135897075, -4.041817775066693, -0.12746348668520469
471, -0.019075632095336914, -0.7409148216247559, 2.228616237640381, 0.012461423873901367, -1.521511197090149, -0.002156972885131836, 0.0, -1.7974770788152779, -5.387536563778338, -4.041815523684319, -0.1274380485804576
472, -0.019060850143432617, -0.740922212600708, 2.228616237640381, 0.012452363967895508, -1.521511197090149, -0.0021750926971435547, 0.0, -1.7974852293698598, -5.3875321394479165, -4.0418197631284185, -0.12740236941975702
473, -0.019075632095336914, -0.7409074306488037, 2.228616237640381, 0.012452363967895508, -1.5215297937393188, -0.002156972885131836, 0.0, -1.7974715495164553, -5.387527096243889, -4.041815999873762, -0.1273801908695491
474, -0.019075632095336914, -0.7409443259239197, 2.228616237640381, 0.012470722198486328, -1.521511197090149, -0.002147674560546875, 0.0, -1.79747425551502, -5.387529965206921, -4.041818187596853, -0.1273808536597878
475, -0.019075632095336914, -0.7409517765045166, 2.228616237640381, 0.012452363967895508, -1.521502137184143, -0.002156972885131836, 0.0, -1.7974806171372122, -5.387517599981101, -4.041825329957466, -0.1273812925832818
476, -0.019083023071289062, -0.7409443259239197, 2.228624105453491, 0.012461423873901367, -1.5214840173721313, -0.002156972885131836, 0.0, -1.7974770412280854, -5.387514054850036, -4.041823543762747, -0.1274083084030524
477, -0.019083023071289062, -0.7409517765045166, 2.228624105453491, 0.012489080429077148, -1.521502137184143, -0.002147674560546875, 0.0, -1.7974849464837175, -5.387527952501033, -4.041825086870105, -0.1274314249410997
478, -0.019075632095336914, -0.7409517765045166, 2.228640079498291, 0.012479782104492188, -1.521511197090149, -0.0021660327911376953, 0.0, -1.7974902120369285, -5.3875236210559345, -4.041832789042387, -0.1274133546597236
479, -0.019060850143432617, -0.7409884929656982, 2.2286319732666016, 0.012479782104492188, -1.521511197090149, -0.002156972885131836, 0.0, -1.7974847601116088, -5.387521704524717, -4.0418268299207485, -0.12739323100646072
480, -0.019075632095336914, -0.7409810423851013, 2.2286319732666016, 0.012489080429077148, -1.5214840173721313, -0.0021660327911376953, 0.0, -1.7974751650421372, -5.387531408026819, -4.0418200964366875, -0.12738458952243814
481, -0.019060850143432617, -0.740973949432373, 2.228624105453491, 0.012470722198486328, -1.5214930772781372, -0.0021386146545410156, 0.0, -1.7974842966080238, -5.387523646769802, -4.0418213076569245, -0.12736832717492153
482, -0.019060850143432617, -0.7409810423851013, 2.2286481857299805, 0.012479782104492188, -1.5215202569961548, -0.0021386146545410156, 0.0, -1.7974745556233125, -5.387524763505268, -4.04181656056475, -0.12737858371044375
483, -0.019068241119384766, -0.740973949432373, 2.2286319732666016, 0.012489080429077148, -1.5214749574661255, -0.002156972885131836, 0.0, -1.7974706281498243, -5.387544130195943, -4.0418137304427475, -0.12741345248281277
484, -0.019060850143432617, -0.740973949432373, 2.228640079498291, 0.012479782104492188, -1.5214840173721313, -0.002156972885131836, 0.0, -1.7974803622293296, -5.387536548758116, -4.0418169494149865, -0.127453879614861
485, -0.019060850143432617, -0.7409810423851013, 2.2286481857299805, 0.012479782104492188, -1.521511197090149, -0.0021660327911376953, 0.0, -1.7974834944031306, -5.3875398450428404, -4.041812863516322, -0.127490228543083
486, -0.019031286239624023, -0.7409663200378418, 2.2286481857299805, 0.012489080429077148, -1.5214930772781372, -0.0021750926971435547, 0.0, -1.797480926423915, -5.387542157890236, -4.0418090979313375, -0.12749902490134968
487, -0.01900935173034668, -0.7409958839416504, 2.228640079498291, 0.012498140335083008, -1.5214930772781372, -0.002147674560546875, 0.0, -1.7974921221173183, -5.387544738608228, -4.041813635396056, -0.12749729869252047
488, -0.018986940383911133, -0.7409884929656982, 2.228640079498291, 0.012479782104492188, -1.521502137184143, -0.0021660327911376953, 0.0, -1.7974823954472066, -5.387538644014429, -4.041805629261671, -0.12746499786883358
489, -0.018972396850585938, -0.7409884929656982, 2.2286481857299805, 0.012507200241088867, -1.5214840173721313, -0.002156972885131836, 0.0, -1.7974891317701855, -5.387551732874518, -4.041800506721477, -0.12746312853077146
490, -0.01896500587463379, -0.7409958839416504, 2.2286481857299805, 0.012498140335083008, -1.521511197090149, -0.002156972885131836, 0.0, -1.7974970826000862, -5.3875405758187735, -4.041806877643841, -0.12743849385324157
491, -0.01896500587463379, -0.7409884929656982, 2.228656053543091, 0.012498140335083008, -1.5214749574661255, -0.0021386146545410156, 0.0, -1.7974891978474319, -5.387543936292653, -4.041800276531185, -0.1274449905076276
492, -0.018972396850585938, -0.7409884929656982, 2.228640079498291, 0.012507200241088867, -1.5214930772781372, -0.002147674560546875, 0.0, -1.797497750111147, -5.387540565988437, -4.041803187527599, -0.12747412073223074
493, -0.01895761489868164, -0.7409958839416504, 2.228640079498291, 0.012516498565673828, -1.521502137184143, -0.002156972885131836, 0.0, -1.7974979224857417, -5.38751830275847, -4.04180674859072, -0.12749774425411786
494, -0.01895761489868164, -0.7409884929656982, 2.228640079498291, 0.012516498565673828, -1.5214930772781372, -0.0021386146545410156, 0.0, -1.797489696220813, -5.3875277688243735, -4.0417995149336035, -0.12749702095681048
495, -0.018950223922729492, -0.7409810423851013, 2.228640079498291, 0.012525558471679688, -1.5214840173721313, -0.002156972885131836, 0.0, -1.7974953492991157, -5.3875278389169425, -4.041800838686407, -0.12749245193430347
496, -0.01895761489868164, -0.7409884929656982, 2.2286481857299805, 0.012489080429077148, -1.5214930772781372, -0.002147674560546875, 0.0, -1.7975010849102337, -5.387513198899215, -4.041804392347566, -0.12749195284944204
497, -0.01895761489868164, -0.7409884929656982, 2.228640079498291, 0.012498140335083008, -1.5214930772781372, -0.002156972885131836, 0.0, -1.797491120593419, -5.387512607895215, -4.041797809906013, -0.12749604654189461
498, -0.018942832946777344, -0.7409884929656982, 2.228656053543091, 0.012516498565673828, -1.521511197090149, -0.002156972885131836, 0.0, -1.797495325767254, -5.387512697466499, -4.0417979007460705, -0.12747420275102872
499, -0.018935203552246094, -0.7409884929656982, 2.2286481857299805, 0.012525558471679688, -1.5215202569961548, -0.0021750926971435547, 0.0, -1.7974942633874003, -5.387505191020955, -4.041800070700051, -0.1274711734138645
500, -0.018942832946777344, -0.7409958839416504, 2.2286481857299805, 0.012525558471679688, -1.5214840173721313, -0.002156972885131836, 0.0, -1.7974808005591179, -5.387511072997668, -4.0417963564149915, -0.12747476833753257
501, -0.018942832946777344, -0.7409958839416504, 2.2286481857299805, 0.012525558471679688, -1.5215202569961548, -0.002156972885131836, 0.0, -1.7974889202193802, -5.387507478258443, -4.041793630012289, -0.127482270747187
502, -0.018950223922729492, -0.7409958839416504, 2.228640079498291, 0.012516498565673828, -1.521502137184143, -0.0021660327911376953, 0.0, -1.79749608542219, -5.387498357381826, -4.04179854941007, -0.1274967540013341
503, -0.018950223922729492, -0.7409958839416504, 2.2286481857299805, 0.012525558471679688, -1.5214930772781372, -0.002147674560546875, 0.0, -1.7974869595319034, -5.387504480560311, -4.041793181459311, -0.12750293143374503
504, -0.018950223922729492, -0.7409810423851013, 2.228640079498291, 0.012534856796264648, -1.521502137184143, -0.0021660327911376953, 0.0, -1.797493431124263, -5.38750841228758, -4.041792266902464, -0.12751792738040368
505, -0.018950223922729492, -0.7409884929656982, 2.2286481857299805, 0.012534856796264648, -1.521502137184143, -0.0021660327911376953, 0.0, -1.797501635991539, -5.387510176438068, -4.041797609168552, -0.12751216701632195
506, -0.018950223922729492, -0.7409958839416504, 2.2286481857299805, 0.012543916702270508, -1.5214930772781372, -0.0021386146545410156, 0.0, -1.7974886708438733, -5.387511546054073, -4.041792839964102, -0.12749875635577723
507, -0.018942832946777344, -0.7410106658935547, 2.228656053543091, 0.012525558471679688, -1.5215202569961548, -0.002147674560546875, 0.0, -1.7974869561650917, -5.387512641780372, -4.041788886651002, -0.12749313786108463
508, -0.018942832946777344, -0.7415711879730225, 2.228879928588867, 0.012543916702270508, -1.5213927030563354, -0.0021750926971435547, 0.0, -1.7974787261990244, -5.387509910190521, -4.0417983205060874, -0.12749643005305167
509, -0.018950223922729492, -0.742692232131958, 2.2294631004333496, 0.012525558471679688, -1.5212558507919312, -0.0021660327911376953, 0.0, -1.7974492945289828, -5.387523784975546, -4.041814479439817, -0.1275191853159896
510, -0.018942832946777344, -0.7439088821411133, 2.230030059814453, 0.012562036514282227, -1.5211642980575562, -0.0021386146545410156, 0.0, -1.7974440866088885, -5.387520960777959, -4.041797100820099, -0.12752167188540575
511, -0.018950223922729492, -0.7453543543815613, 2.230717182159424, 0.012552976608276367, -1.5211187601089478, -0.0021660327911376953, 0.0, -1.797454076290021, -5.38750536691188, -4.041776739115144, -0.1275184375969589
512, -0.018935203552246094, -0.7465934753417969, 2.2313804626464844, 0.012552976608276367, -1.5210822820663452, -0.0021386146545410156, 0.0, -1.7974588620064746, -5.387506593001885, -4.04177586817637, -0.12751572017255874
513, -0.018928050994873047, -0.7475521564483643, 2.231748104095459, 0.012552976608276367, -1.5211371183395386, -0.002156972885131836, 0.0, -1.7974917667794197, -5.387514799558137, -4.041778663780134, -0.1275282570786116
514, -0.018942832946777344, -0.7478765845298767, 2.2318758964538574, 0.012562036514282227, -1.5210729837417603, -0.002156972885131836, 0.0, -1.7975037503417866, -5.387511251639871, -4.0417815176762515, -0.12751084075695562
515, -0.018928050994873047, -0.7480757236480713, 2.232163429260254, 0.012552976608276367, -1.5210458040237427, -0.002156972885131836, 0.0, -1.7975017459088671, -5.387506665492842, -4.0417990656503, -0.12751632152751835
516, -0.0189206600189209, -0.7480905055999756, 2.2323951721191406, 0.012571334838867188, -1.5209819078445435, -0.0021295547485351562, 0.0, -1.7974855589502434, -5.387513761691702, -4.041801510847664, -0.1275339934745583
517, -0.018935203552246094, -0.7480905055999756, 2.2324509620666504, 0.012580394744873047, -1.5209542512893677, -0.002120494842529297, 0.0, -1.797465855144844, -5.387518769324238, -4.04179398504704, -0.12754626666377966
518, -0.018928050994873047, -0.7481200695037842, 2.2324271202087402, 0.012562036514282227, -1.5209723711013794, -0.002156972885131836, 0.0, -1.797454903109259, -5.38751895713205, -4.041782864950296, -0.12755318797688364
519, -0.0189206600189209, -0.7481862902641296, 2.232283115386963, 0.012562036514282227, -1.5209909677505493, -0.0021660327911376953, 0.0, -1.7974611531622424, -5.387514457881961, -4.041776093673366, -0.1275671122968216
520, -0.01891326904296875, -0.7481862902641296, 2.2321553230285645, 0.012552976608276367, -1.5209723711013794, -0.002156972885131836, 0.0, -1.7974550488317047, -5.387521847859672, -4.041766887192683, -0.1275720309128845
521, -0.01891326904296875, -0.7481939196586609, 2.2321715354919434, 0.012562036514282227, -1.5209723711013794, -0.002147674560546875, 0.0, -1.7974641978561217, -5.387527090945653, -4.041777202784567, -0.12754506010093536
522, -0.01891326904296875, -0.7482085227966309, 2.2322912216186523, 0.012571334838867188, -1.5209542512893677, -0.0021660327911376953, 0.0, -1.7974679337633501, -5.387528625878871, -4.041779741367083, -0.12754447299802063
523, -0.01891326904296875, -0.7481862902641296, 2.2324352264404297, 0.012571334838867188, -1.5209633111953735, -0.002156972885131836, 0.0, -1.7974557474200314, -5.387530241175242, -4.041776014045098, -0.12753158164606315
524, -0.0189058780670166, -0.7481862902641296, 2.2324671745300293, 0.012562036514282227, -1.520936131477356, -0.0021750926971435547, 0.0, -1.7974661018163245, -5.38753240653869, -4.04177600008396, -0.12752629027512707
525, -0.0189058780670166, -0.7482380270957947, 2.2324271202087402, 0.012562036514282227, -1.5209451913833618, -0.0021660327911376953, 0.0, -1.7974605771805696, -5.387534603203944, -4.041773548352219, -0.12753016104285386
526, -0.018898725509643555, -0.7483339309692383, 2.2324109077453613, 0.012571334838867188, -1.5209451913833618, -0.002120494842529297, 0.0, -1.7974505034980646, -5.387531428753354, -4.041773969382489, -0.12753506575688434
527, -0.018898725509643555, -0.7483854293823242, 2.232419013977051, 0.012571334838867188, -1.5209451913833618, -0.0021386146545410156, 0.0, -1.7974498133244523, -5.3875249672227845, -4.041775704397544, -0.1275392126864423
528, -0.018898725509643555, -0.7484445571899414, 2.23245906829834, 0.012580394744873047, -1.5209089517593384, -0.0021660327911376953, 0.0, -1.7974362422288133, -5.387528279694969, -4.041768152261921, -0.12751064893242336
529, -0.018898725509643555, -0.748525857925415, 2.2324671745300293, 0.012589454650878906, -1.5209180116653442, -0.002156972885131836, 0.0, -1.7974203198427017, -5.387528659755195, -4.041767359314291, -0.12750967483685471
530, -0.018883943557739258, -0.7509005069732666, 2.233409881591797, 0.012589454650878906, -1.518945574760437, -0.002147674560546875, 0.0, -1.7974217298820125, -5.387518172884643, -4.041793369497897, -0.12749284307573827
531, -0.018883943557739258, -0.7554358839988708, 2.235567092895508, 0.012607812881469727, -1.5153480768203735, -0.002156972885131836, 0.0, -1.7973327689989036, -5.387542038004051, -4.041854247618763, -0.12748210790975634
532, -0.018891334533691406, -0.7610556483268738, 2.2379958629608154, 0.012598514556884766, -1.51274573802948, -0.0021750926971435547, 0.0, -1.797296401652109, -5.387549749885529, -4.041813649881918, -0.12747816173724047
533, -0.018891334533691406, -0.7658052444458008, 2.2399213314056396, 0.012607812881469727, -1.512252688407898, -0.0021660327911376953, 0.0, -1.7973634182692437, -5.387511660420032, -4.041698178668662, -0.12745188747990088
534, -0.018883943557739258, -0.7725458145141602, 2.2431490421295166, 0.012635231018066406, -1.512407898902893, -0.002147674560546875, 0.0, -1.7973534347523346, -5.387503402959562, -4.041583355098604, -0.12746111443309616
535, -0.018883943557739258, -0.7734529972076416, 2.2435405254364014, 0.012653350830078125, -1.512334942817688, -0.0021386146545410156, 0.0, -1.7973755116782817, -5.387496727040583, -4.0415529251363616, -0.12748215105664418
536, -0.01886892318725586, -0.7739176750183105, 2.2439398765563965, 0.012635231018066406, -1.5123072862625122, -0.0021660327911376953, 0.0, -1.7974798810926245, -5.387451614843445, -4.041418973661927, -0.12751040100431954
537, -0.018861770629882812, -0.7734971046447754, 2.2444751262664795, 0.012671709060668945, -1.5122252702713013, -0.0021295547485351562, 0.0, -1.797509828785623, -5.387468442200612, -4.041377279244895, -0.12750837081571476
538, -0.01883220672607422, -0.7734971046447754, 2.245753526687622, 0.012662410736083984, -1.5120428800582886, -0.002156972885131836, 0.0, -1.797437235927139, -5.38751601209088, -4.041453867692861, -0.12753751338085717
539, -0.018876314163208008, -0.7734308242797852, 2.2462329864501953, 0.012671709060668945, -1.5118964910507202, -0.0021660327911376953, 0.0, -1.7974089744142154, -5.38747968781438, -4.041456614110876, -0.12749836718215857
540, -0.018891334533691406, -0.7731799483299255, 2.2458255290985107, 0.012671709060668945, -1.511914849281311, -0.002156972885131836, 0.0, -1.7973813345796898, -5.387476525571899, -4.0414311244417265, -0.12748281985794563
541, -0.018817424774169922, -0.7729513049125671, 2.2452101707458496, 0.012698888778686523, -1.511923909187317, -0.002147674560546875, 0.0, -1.7973844574968707, -5.38749216023624, -4.041419652794092, -0.12747065976344452
542, -0.01882457733154297, -0.7730989456176758, 2.2448506355285645, 0.012708187103271484, -1.5119696855545044, -0.0021386146545410156, 0.0, -1.7974130117496823, -5.3874671710982645, -4.041393991395209, -0.1274778565793504
543, -0.018883943557739258, -0.7731799483299255, 2.2447547912597656, 0.012698888778686523, -1.5119696855545044, -0.002147674560546875, 0.0, -1.7973733208384233, -5.387442432128529, -4.041373803700786, -0.12745202297753888
544, -0.0189206600189209, -0.7731873989105225, 2.2450344562530518, 0.012726306915283203, -1.5119422674179077, -0.002184152603149414, 0.0, -1.7973356108875862, -5.3874631253372005, -4.041389179451552, -0.1274569843125155
545, -0.018898725509643555, -0.7731725573539734, 2.2454259395599365, 0.012735366821289062, -1.5119329690933228, -0.002156972885131836, 0.0, -1.7973553088605065, -5.387466391005922, -4.041396473118741, -0.12748165257916622
546, -0.0189058780670166, -0.7731282114982605, 2.2457456588745117, 0.012698888778686523, -1.511923909187317, -0.002156972885131836, 0.0, -1.7973160791257734, -5.387447419221982, -4.041375285641557, -0.12752205982895504
547, -0.0189206600189209, -0.7731282114982605, 2.2457375526428223, 0.012717247009277344, -1.5119329690933228, -0.002147674560546875, 0.0, -1.7972878507890369, -5.387447808110979, -4.0413645302727135, -0.12755200246116782
548, -0.018898725509643555, -0.7731725573539734, 2.2453861236572266, 0.012717247009277344, -1.5119057893753052, -0.002147674560546875, 0.0, -1.7973162436416206, -5.387428650591294, -4.041346434795059, -0.1275417319380283
549, -0.018876314163208008, -0.7731873989105225, 2.2450664043426514, 0.012726306915283203, -1.511923909187317, -0.002147674560546875, 0.0, -1.7972741404904309, -5.387427544583583, -4.0413279817984336, -0.1275342975991629
550, -0.018898725509643555, -0.7732169032096863, 2.2449705600738525, 0.012726306915283203, -1.511914849281311, -0.0021386146545410156, 0.0, -1.7972384953500478, -5.387448327068771, -4.041322350774952, -0.1275092324722511
551, -0.018898725509643555, -0.7732095718383789, 2.2452023029327393, 0.012735366821289062, -1.5119329690933228, -0.002147674560546875, 0.0, -1.797236991475833, -5.387435504230482, -4.041299168352802, -0.1274954901950789
552, -0.0189058780670166, -0.7731799483299255, 2.245418071746826, 0.012744665145874023, -1.5118964910507202, -0.0021660327911376953, 0.0, -1.7972046893121751, -5.387435625950656, -4.041286784111251, -0.1274898216328646
553, -0.0189058780670166, -0.7731799483299255, 2.2455618381500244, 0.012744665145874023, -1.511914849281311, -0.0021660327911376953, 0.0, -1.7971737591898802, -5.3874545731624695, -4.041273771704636, -0.12751795013039313
554, -0.0189058780670166, -0.7731578350067139, 2.2455058097839355, 0.012735366821289062, -1.5119329690933228, -0.002147674560546875, 0.0, -1.7971897418058485, -5.387432300799865, -4.041260138052403, -0.12751591134804308
555, -0.0189206600189209, -0.7731654644012451, 2.245354175567627, 0.012735366821289062, -1.511923909187317, -0.002156972885131836, 0.0, -1.7971681342884527, -5.387430565317377, -4.041234174748803, -0.12753490391800604
556, -0.018935203552246094, -0.7731578350067139, 2.245242118835449, 0.012735366821289062, -1.511923909187317, -0.0021386146545410156, 0.0, -1.7971498701420228, -5.387446185225069, -4.041216635954379, -0.12755114990139127
557, -0.018935203552246094, -0.7732021808624268, 2.2452261447906494, 0.012735366821289062, -1.5118964910507202, -0.0021660327911376953, 0.0, -1.7971584841093176, -5.38745109300094, -4.041200909694149, -0.12756514839789723
558, -0.018935203552246094, -0.7735044956207275, 2.245473861694336, 0.012744665145874023, -1.511923909187317, -0.002156972885131836, 0.0, -1.7971114672559865, -5.3874251688078205, -4.041128965732103, -0.1275681020399606
559, -0.018935203552246094, -0.7738363146781921, 2.245609760284424, 0.012753725051879883, -1.5118781328201294, -0.0021750926971435547, 0.0, -1.7970943794799827, -5.387453728485162, -4.041092738487791, -0.12755126572878428
560, -0.0189206600189209, -0.7742197513580322, 2.245673656463623, 0.012753725051879883, -1.5118509531021118, -0.002156972885131836, 0.0, -1.7970867129808221, -5.387482042683545, -4.041046811493541, -0.12756084368850296
561, -0.018935203552246094, -0.7749648094177246, 2.2459452152252197, 0.012762784957885742, -1.511823296546936, -0.002156972885131836, 0.0, -1.7969959764085135, -5.387468346712841, -4.040974027348454, -0.1275828443858602
562, -0.018942832946777344, -0.7750680446624756, 2.2459611892700195, 0.012753725051879883, -1.5118328332901, -0.0021660327911376953, 0.0, -1.7969890428814517, -5.387460551421552, -4.040954574818355, -0.12758560485615256
563, -0.018935203552246094, -0.7751123905181885, 2.24591326713562, 0.012772083282470703, -1.5118051767349243, -0.002184152603149414, 0.0, -1.7969901570322298, -5.387461875710017, -4.040895587939848, -0.1275751527592437
564, -0.018950223922729492, -0.775075376033783, 2.2459771633148193, 0.012781143188476562, -1.511841893196106, -0.0021660327911376953, 0.0, -1.7969443615975114, -5.387459832423418, -4.040865586129329, -0.1275772966934703
565, -0.018942832946777344, -0.7751123905181885, 2.2461769580841064, 0.012772083282470703, -1.511823296546936, -0.002147674560546875, 0.0, -1.7969126508970732, -5.387456364491159, -4.040860656457698, -0.12756888262914856
566, -0.018972396850585938, -0.7750827670097351, 2.246248960494995, 0.012781143188476562, -1.5117961168289185, -0.002156972885131836, 0.0, -1.7969221352258342, -5.387464303295124, -4.040859620097688, -0.12758497541079983
567, -0.018950223922729492, -0.775090217590332, 2.2462568283081055, 0.012762784957885742, -1.5117961168289185, -0.002147674560546875, 0.0, -1.7968870842388553, -5.3874611457310175, -4.040847191954835, -0.12758354786830584
568, -0.01895761489868164, -0.7750976085662842, 2.246224880218506, 0.012762784957885742, -1.5117961168289185, -0.0021295547485351562, 0.0, -1.7968932010075291, -5.387453191984782, -4.040846790740855, -0.12760301006914343
569, -0.01896500587463379, -0.7751269340515137, 2.2461929321289062, 0.012790441513061523, -1.5117961168289185, -0.002147674560546875, 0.0, -1.796907042527033, -5.387455404792558, -4.040829560558006, -0.12758711770781783
570, -0.018972396850585938, -0.7751194834709167, 2.2461929321289062, 0.012799501419067383, -1.5117870569229126, -0.002147674560546875, 0.0, -1.796886359777636, -5.387454672823266, -4.040809342661879, -0.1275746198841894
571, -0.018972396850585938, -0.7750976085662842, 2.2461929321289062, 0.012781143188476562, -1.5117961168289185, -0.0021386146545410156, 0.0, -1.7968863263870853, -5.387426392722955, -4.040783678353545, -0.12755698680539496
572, -0.018979549407958984, -0.7750458717346191, 2.246248960494995, 0.012772083282470703, -1.5117961168289185, -0.0021660327911376953, 0.0, -1.7968997717741937, -5.387398948767891, -4.040743806435699, -0.1275377281736727
573, -0.018979549407958984, -0.7750532627105713, 2.2462728023529053, 0.012781143188476562, -1.5118051767349243, -0.002147674560546875, 0.0, -1.796890385658274, -5.387414900580481, -4.040724149107899, -0.12751431164636706
574, -0.018979549407958984, -0.7750458717346191, 2.2461929321289062, 0.012781143188476562, -1.5117961168289185, -0.002147674560546875, 0.0, -1.796907789981475, -5.387439443829028, -4.040701800421782, -0.1274967309092423
575, -0.018979549407958984, -0.7755401134490967, 2.246328830718994, 0.012790441513061523, -1.5116041898727417, -0.002147674560546875, 0.0, -1.796911855235501, -5.387444305417018, -4.0406729551583975, -0.12750590666159578
576, -0.01900196075439453, -0.7769560813903809, 2.2470319271087646, 0.012790441513061523, -1.5105725526809692, -0.002156972885131836, 0.0, -1.7968607617727073, -5.3874507210941, -4.040664659965566, -0.1275049468625742
577, -0.018994569778442383, -0.7789473533630371, 2.247934579849243, 0.012808561325073242, -1.5083996057510376, -0.0021386146545410156, 0.0, -1.7968306616064442, -5.387456396128529, -4.040653148189384, -0.12752244091289633
578, -0.018994569778442383, -0.7810564041137695, 2.2489254474639893, 0.012799501419067383, -1.506883978843689, -0.002147674560546875, 0.0, -1.7968152617434923, -5.387464152387053, -4.040606236685808, -0.12753772638051863
579, -0.018994569778442383, -0.78389573097229, 2.250291585922241, 0.012817859649658203, -1.505285620689392, -0.002147674560546875, 0.0, -1.7967738484180167, -5.387462624738934, -4.040544458913166, -0.12756302206304326
580, -0.018994569778442383, -0.7850093841552734, 2.2508907318115234, 0.012808561325073242, -1.5049296617507935, -0.0021660327911376953, 0.0, -1.7967673718183181, -5.387460271474061, -4.040517353315483, -0.1275670811237184
581, -0.01900196075439453, -0.7862703800201416, 2.2514898777008057, 0.012826919555664062, -1.5042997598648071, -0.002156972885131836, 0.0, -1.7967965203536942, -5.387462064343541, -4.04045265605007, -0.12758400144484128
582, -0.018986940383911133, -0.7867128849029541, 2.2518575191497803, 0.012817859649658203, -1.5035876035690308, -0.0021386146545410156, 0.0, -1.796799743987246, -5.38748919054818, -4.040425062807977, -0.12758803895356863
583, -0.019016504287719727, -0.7872145175933838, 2.252368927001953, 0.012817859649658203, -1.5032497644424438, -0.002156972885131836, 0.0, -1.7967845273972993, -5.387492475994185, -4.040398467517794, -0.12760875225190382
584, -0.019023895263671875, -0.7875757217407227, 2.25266432762146, 0.012808561325073242, -1.503149151802063, -0.0021386146545410156, 0.0, -1.7967756003336415, -5.387457733304156, -4.040365959203953, -0.12763117552725944
585, -0.019016504287719727, -0.7876200675964355, 2.25262451171875, 0.012817859649658203, -1.503149151802063, -0.002147674560546875, 0.0, -1.7967776068751706, -5.387454485807633, -4.040354024797739, -0.12761971101296066
586, -0.018986940383911133, -0.7876052856445312, 2.2523608207702637, 0.012826919555664062, -1.5031768083572388, -0.002147674560546875, 0.0, -1.7967922200995432, -5.387478078508048, -4.040328483646473, -0.1276272498127229
587, -0.018994569778442383, -0.7875906825065613, 2.252289056777954, 0.012835979461669922, -1.5031582117080688, -0.0021750926971435547, 0.0, -1.7967805530048508, -5.387456793279414, -4.040281189526652, -0.12757312446757663
588, -0.01900196075439453, -0.7875978946685791, 2.2524008750915527, 0.012817859649658203, -1.5031949281692505, -0.002156972885131836, 0.0, -1.7967645526169314, -5.387461673505918, -4.0402645340088, -0.1275430569330851
589, -0.018994569778442383, -0.7879519462585449, 2.25266432762146, 0.012826919555664062, -1.5030306577682495, -0.0021660327911376953, 0.0, -1.7967540132017084, -5.387493079450103, -4.0402326225894, -0.12752736211981563
590, -0.01900935173034668, -0.78935307264328, 2.2534713745117188, 0.012835979461669922, -1.5027748346328735, -0.0021660327911376953, 0.0, -1.7967018954800256, -5.3874837600005465, -4.040187230049406, -0.12750747706985965
591, -0.019016504287719727, -0.7901129126548767, 2.2537829875946045, 0.012835979461669922, -1.50257408618927, -0.002156972885131836, 0.0, -1.7966841926498793, -5.387477283346157, -4.040167243401066, -0.1274939802484667
592, -0.019023895263671875, -0.791602611541748, 2.2542943954467773, 0.012835979461669922, -1.501998782157898, -0.002120494842529297, 0.0, -1.796663681169964, -5.387492212274471, -4.040105575840843, -0.12748091818038088
593, -0.019016504287719727, -0.7932250499725342, 2.2546937465667725, 0.012854337692260742, -1.5001085996627808, -0.0021660327911376953, 0.0, -1.796642508818239, -5.387484770795041, -4.0400209383212795, -0.1274723038362291
594, -0.019031286239624023, -0.7995085716247559, 2.256723165512085, 0.012845277786254883, -1.4924203157424927, -0.0021386146545410156, 0.0, -1.7966627398736303, -5.38752214416019, -4.040004782609531, -0.12747650671027522
595, -0.019031286239624023, -0.8104233741760254, 2.261125326156616, 0.012863397598266602, -1.482395052909851, -0.002193450927734375, 0.0, -1.7965997752480547, -5.387589391136561, -4.039978919732889, -0.1274555734163254
596, -0.01905345916748047, -0.8252394199371338, 2.2673251628875732, 0.012854337692260742, -1.4756377935409546, -0.002184152603149414, 0.0, -1.7964357382576288, -5.387550241736791, -4.039797496176151, -0.1274645882375669
597, -0.018994569778442383, -0.8401811122894287, 2.2731895446777344, 0.012872457504272461, -1.4698857069015503, -0.0021386146545410156, 0.0, -1.7963479753626437, -5.387499708553566, -4.039536832013802, -0.1274692504836219
598, -0.018986940383911133, -0.8560149669647217, 2.2790377140045166, 0.012890815734863281, -1.4606176614761353, -0.0021750926971435547, 0.0, -1.7963390385852942, -5.387554716354976, -4.039179013064061, -0.12748118679507936
599, -0.018935203552246094, -0.8804110884666443, 2.28848934173584, 0.012890815734863281, -1.4418538808822632, -0.002193450927734375, 0.0, -1.7961090270905022, -5.387617713417977, -4.0384768338558885, -0.12753431822758277
600, -0.019060850143432617, -0.9009134769439697, 2.296630620956421, 0.012908935546875, -1.4291621446609497, -0.002193450927734375, 0.0, -1.7958797249466982, -5.38756587502793, -4.0377385392134615, -0.12752272570157253
601, -0.019112586975097656, -0.9178831577301025, 2.30342960357666, 0.01294565200805664, -1.4187895059585571, -0.0021660327911376953, 0.0, -1.7957878055036942, -5.3875844599759235, -4.036842769473926, -0.12750264008370404
602, -0.019075632095336914, -0.9286505579948425, 2.307687997817993, 0.01293635368347168, -1.4136854410171509, -0.0021660327911376953, 0.0, -1.7957023152940934, -5.387603982352219, -4.036019073630659, -0.1274824120803988
603, -0.01905345916748047, -0.9473826885223389, 2.3160369396209717, 0.012972831726074219, -1.4060333967208862, -0.002156972885131836, 0.0, -1.7955826544720572, -5.38759543674949, -4.0331379612583875, -0.12744244902181112
604, -0.019156455993652344, -0.9464313387870789, 2.3166921138763428, 0.013018608093261719, -1.4095033407211304, -0.002156972885131836, 0.0, -1.795624211815403, -5.387552335242719, -4.03098381607348, -0.12736131303291387
605, -0.019156455993652344, -0.9377657771110535, 2.3150064945220947, 0.013064146041870117, -1.4130460023880005, -0.002156972885131836, 0.0, -1.7957691516786403, -5.3875043015578905, -4.028734276304761, -0.1272842293396117
606, -0.019119977951049805, -0.9252874255180359, 2.3131608963012695, 0.013100862503051758, -1.416232943534851, -0.002156972885131836, 0.0, -1.7959983761444107, -5.387479228137552, -4.026162167126299, -0.12728827310779955
607, -0.019245147705078125, -0.9156115055084229, 2.3126654624938965, 0.013109922409057617, -1.4165340662002563, -0.0021750926971435547, 0.0, -1.7961648416357558, -5.387459694598421, -4.024076523534794, -0.1272642601996843
608, -0.0193631649017334, -0.9057440161705017, 2.312337875366211, 0.013128280639648438, -1.420195460319519, -0.0022025108337402344, 0.0, -1.7962135761422728, -5.387443439436246, -4.022209049493295, -0.12723889488924023
609, -0.01943683624267578, -0.8988263607025146, 2.3118345737457275, 0.013155698776245117, -1.4233914613723755, -0.0021750926971435547, 0.0, -1.7961821133244043, -5.38746762269709, -4.020964251333507, -0.1272247435186893
610, -0.01940011978149414, -0.8968720436096191, 2.3117387294769287, 0.013164758682250977, -1.4232085943222046, -0.0021750926971435547, 0.0, -1.7961364793056995, -5.387512490335115, -4.020426836755148, -0.127258441773062
611, -0.019377708435058594, -0.8970563411712646, 2.311762571334839, 0.013182878494262695, -1.423089861869812, -0.0022115707397460938, 0.0, -1.796024675399961, -5.387546744534521, -4.020151903835665, -0.12725619639614738
612, -0.019385337829589844, -0.8975872993469238, 2.3112592697143555, 0.013201236724853516, -1.423089861869812, -0.002193450927734375, 0.0, -1.7959122591489693, -5.387575158176355, -4.020131543411706, -0.12723291731319541
613, -0.01926708221435547, -0.8977053165435791, 2.310460329055786, 0.013246774673461914, -1.4231265783309937, -0.0022115707397460938, 0.0, -1.7957956067125707, -5.3876564794620245, -4.020208281770618, -0.12723025612184724
614, -0.01912713050842285, -0.8977644443511963, 2.3099091053009033, 0.013237714767456055, -1.4231537580490112, -0.0022115707397460938, 0.0, -1.795785543393345, -5.387733814395096, -4.02025213716491, -0.12722817101671424
615, -0.018979549407958984, -0.8977053165435791, 2.309629440307617, 0.013246774673461914, -1.4231175184249878, -0.0022025108337402344, 0.0, -1.7958330612985751, -5.387750415125047, -4.020214447802292, -0.12723086455257615
616, -0.018854379653930664, -0.8977570533752441, 2.3097174167633057, 0.013274192810058594, -1.4231537580490112, -0.0022115707397460938, 0.0, -1.7958658732089625, -5.387744070533556, -4.0201767201028735, -0.12723145939673053
617, -0.018758296966552734, -0.8980371952056885, 2.309981107711792, 0.013274192810058594, -1.4231446981430054, -0.002193450927734375, 0.0, -1.7958706090052579, -5.3877513376047865, -4.020175007127798, -0.12723669354561107
618, -0.018728971481323242, -0.8984944224357605, 2.3101089000701904, 0.013256072998046875, -1.4231265783309937, -0.002184152603149414, 0.0, -1.7958783902300857, -5.387760124085242, -4.020180186956116, -0.12726118948646814
619, -0.01874375343322754, -0.8993794322013855, 2.3101806640625, 0.013292551040649414, -1.4231175184249878, -0.002193450927734375, 0.0, -1.795888531067238, -5.387776304737654, -4.020182644885065, -0.12727276068001014
620, -0.018633127212524414, -0.900670051574707, 2.3104045391082764, 0.013301610946655273, -1.4231446981430054, -0.002193450927734375, 0.0, -1.7958844203423938, -5.387783116578673, -4.0201572205747675, -0.12735659580592262
621, -0.018677473068237305, -0.9021451473236084, 2.310732126235962, 0.013356447219848633, -1.4231632947921753, -0.0022025108337402344, 0.0, -1.7958800445215268, -5.38775343855867, -4.0201444826790365, -0.12735725533581466
622, -0.018633127212524414, -0.9053308963775635, 2.3116347789764404, 0.013411283493041992, -1.4231175184249878, -0.002184152603149414, 0.0, -1.7958740932532167, -5.3877297227022405, -4.0202264291147625, -0.12737410534745663
623, -0.018573999404907227, -0.9072043299674988, 2.312178134918213, 0.013429641723632812, -1.4230445623397827, -0.002193450927734375, 0.0, -1.7958669270441272, -5.387739059089079, -4.020315786111464, -0.12737182388344248
624, -0.018625736236572266, -0.9102427959442139, 2.3131768703460693, 0.013447761535644531, -1.423026204109192, -0.002193450927734375, 0.0, -1.7958483168509758, -5.3877313728999905, -4.02048688599511, -0.12734717593128053
625, -0.018640518188476562, -0.9131484031677246, 2.3141355514526367, 0.013466119766235352, -1.4229894876480103, -0.0022025108337402344, 0.0, -1.795834468265563, -5.387699242370074, -4.0206464944252565, -0.12734780514080768
626, -0.018677473068237305, -0.9158918857574463, 2.3150622844696045, 0.01352071762084961, -1.4228435754776, -0.0022025108337402344, 0.0, -1.7958332025280783, -5.387683827341274, -4.0208122663437855, -0.12730350561946757
627, -0.018625736236572266, -0.9176545143127441, 2.315629482269287, 0.01352071762084961, -1.4227887392044067, -0.002184152603149414, 0.0, -1.795831225414887, -5.3877026995412995, -4.020936765023722, -0.12732219375311438
628, -0.018670082092285156, -0.9194981455802917, 2.316180944442749, 0.01353907585144043, -1.422770619392395, -0.0022115707397460938, 0.0, -1.7958254906862892, -5.387698831186405, -4.0210850769238355, -0.1273305945624168
629, -0.018655061721801758, -0.9204938411712646, 2.3165483474731445, 0.013548135757446289, -1.4226974248886108, -0.002184152603149414, 0.0, -1.7958182868533559, -5.387674980452148, -4.021175486462002, -0.12736295283208676
630, -0.018655061721801758, -0.9215261340141296, 2.3169798851013184, 0.01356649398803711, -1.4225877523422241, -0.002184152603149414, 0.0, -1.7958190345200298, -5.387677164838616, -4.021232731722877, -0.12740421128818014
631, -0.018655061721801758, -0.9226694107055664, 2.3174352645874023, 0.013557195663452148, -1.4225696325302124, -0.0022025108337402344, 0.0, -1.7958266455674243, -5.387702548958472, -4.021276469707235, -0.12740701888345551
632, -0.018655061721801758, -0.9237019419670105, 2.317786693572998, 0.013575553894042969, -1.4225605726242065, -0.002193450927734375, 0.0, -1.7958299677924225, -5.387704052214807, -4.021299531748781, -0.12744177506548393
633, -0.01861095428466797, -0.9256267547607422, 2.3184497356414795, 0.01356649398803711, -1.4224690198898315, -0.0022025108337402344, 0.0, -1.7958499623276216, -5.387682768743446, -4.02129515255618, -0.12748066810345637
634, -0.01860332489013672, -0.9272639751434326, 2.3190090656280518, 0.013602972030639648, -1.4224144220352173, -0.0022115707397460938, 0.0, -1.7958707938314082, -5.387685957405778, -4.021275735481754, -0.12750365492340965
635, -0.01861095428466797, -0.9285545349121094, 2.319408655166626, 0.013593673706054688, -1.4223319292068481, -0.002193450927734375, 0.0, -1.7959010668384847, -5.387710852901352, -4.021223438593217, -0.1275128935197989
636, -0.018581390380859375, -0.9292848110198975, 2.3195602893829346, 0.013630390167236328, -1.422359585762024, -0.002193450927734375, 0.0, -1.795930801473038, -5.387726703373193, -4.021121749399021, -0.1274848316445354
637, -0.018537044525146484, -0.9296755790710449, 2.3196003437042236, 0.013639450073242188, -1.4223319292068481, -0.0022115707397460938, 0.0, -1.7959532975781727, -5.387741699880372, -4.021006067450781, -0.12746252329008367
638, -0.018493175506591797, -0.9300221800804138, 2.319728136062622, 0.013648748397827148, -1.4223414659500122, -0.002193450927734375, 0.0, -1.7959631206280278, -5.387753404529392, -4.020958313274615, -0.12742928750999738
639, -0.018485546112060547, -0.9304795265197754, 2.3199996948242188, 0.013676166534423828, -1.4223047494888306, -0.002184152603149414, 0.0, -1.7959790845617427, -5.387775497747302, -4.020921976380832, -0.12740813453564037
640, -0.01847076416015625, -0.930980920791626, 2.3202874660491943, 0.013685226440429688, -1.4222866296768188, -0.0022025108337402344, 0.0, -1.7959821329666588, -5.387800614947869, -4.020868150824009, -0.12741261611158095
641, -0.0184633731842041, -0.931342363357544, 2.320479154586792, 0.013721704483032227, -1.4222956895828247, -0.0022025108337402344, 0.0, -1.7959824948857346, -5.387822502594924, -4.020808255146277, -0.12741590920519563
642, -0.018382549285888672, -0.9316372871398926, 2.3205671310424805, 0.013721704483032227, -1.4223047494888306, -0.0021750926971435547, 0.0, -1.795977810497623, -5.3878425451528855, -4.020734509363083, -0.1274767631404714
643, -0.01833820343017578, -0.9319173693656921, 2.32061505317688, 0.013767242431640625, -1.4222866296768188, -0.0022025108337402344, 0.0, -1.795971068077716, -5.387842689135081, -4.020640327640166, -0.12750485348334628
644, -0.018286466598510742, -0.9321165084838867, 2.320718765258789, 0.013758182525634766, -1.4223047494888306, -0.002193450927734375, 0.0, -1.795957431715049, -5.387863547150939, -4.020597441441194, -0.1275684992156183
645, -0.018175840377807617, -0.9323453903198242, 2.320894718170166, 0.013767242431640625, -1.422258973121643, -0.002184152603149414, 0.0, -1.7959307778942655, -5.387881069128351, -4.020568242699353, -0.12762764199817322
646, -0.01816844940185547, -0.9324338436126709, 2.3209426403045654, 0.013803720474243164, -1.4222685098648071, -0.0022025108337402344, 0.0, -1.7959057038193826, -5.387870319356003, -4.020545625347358, -0.1276351920811596
647, -0.01802825927734375, -0.9325222969055176, 2.3209664821624756, 0.013822078704833984, -1.4222956895828247, -0.002184152603149414, 0.0, -1.7958735334345728, -5.387868626971655, -4.02051657013578, -0.12766992891868512
648, -0.017910242080688477, -0.9326254725456238, 2.3209586143493652, 0.013822078704833984, -1.4222956895828247, -0.0022025108337402344, 0.0, -1.795861340811685, -5.387885964718819, -4.0205053502604295, -0.12768013612332396
649, -0.017836570739746094, -0.932684600353241, 2.3209426403045654, 0.013876914978027344, -1.422258973121643, -0.002193450927734375, 0.0, -1.7958474780723344, -5.387886933995542, -4.020491362063638, -0.12766532836705213
650, -0.017770051956176758, -0.9328246116638184, 2.320974588394165, 0.013895034790039062, -1.4222866296768188, -0.002193450927734375, 0.0, -1.795832152581116, -5.387878802630564, -4.0204851908989525, -0.12761765826758253
651, -0.017755508422851562, -0.9329721927642822, 2.3210225105285645, 0.013904333114624023, -1.422277569770813, -0.0022115707397460938, 0.0, -1.7958190780855865, -5.387886943545899, -4.020483017239781, -0.12756773253977638
652, -0.017777681350708008, -0.9331343173980713, 2.321030378341675, 0.013913393020629883, -1.4222866296768188, -0.0022025108337402344, 0.0, -1.7958040338201415, -5.387884402564984, -4.0204729457930855, -0.12748360420524207
653, -0.017755508422851562, -0.9331934452056885, 2.3209824562072754, 0.013950109481811523, -1.4222866296768188, -0.0022025108337402344, 0.0, -1.7957921899128226, -5.387883716607705, -4.020454851883128, -0.12746392964922748
654, -0.017748117446899414, -0.933208167552948, 2.320950508117676, 0.013940811157226562, -1.4222956895828247, -0.0022025108337402344, 0.0, -1.7957816442061543, -5.387883708376424, -4.020444362170603, -0.12746229349709548
655, -0.01776266098022461, -0.9332597255706787, 2.3209664821624756, 0.013968229293823242, -1.4222866296768188, -0.0022115707397460938, 0.0, -1.7957632573958633, -5.387870462716242, -4.020438186933764, -0.12745704335690888
656, -0.017755508422851562, -0.9333112239837646, 2.320974588394165, 0.013968229293823242, -1.4222227334976196, -0.002193450927734375, 0.0, -1.795745014030317, -5.3878644705074885, -4.020427234796152, -0.12751184078517142
657, -0.017748117446899414, -0.9333409667015076, 2.3208467960357666, 0.013986587524414062, -1.4220675230026245, -0.0022025108337402344, 0.0, -1.7957268116523166, -5.387862410861701, -4.020411935591257, -0.12758607801521737
658, -0.017740726470947266, -0.9333409667015076, 2.320694923400879, 0.013968229293823242, -1.421774983406067, -0.002193450927734375, 0.0, -1.795859449752641, -5.387867309278457, -4.020413537461401, -0.12762595496355544
659, -0.017755508422851562, -0.9333925247192383, 2.3204152584075928, 0.013986587524414062, -1.4212456941604614, -0.0022025108337402344, 0.0, -1.795844509792977, -5.387869850777468, -4.020397682773284, -0.12768492188335046
660, -0.017740726470947266, -0.9333776831626892, 2.319943904876709, 0.013986587524414062, -1.420113205909729, -0.002184152603149414, 0.0, -1.7958315400884706, -5.387884428666884, -4.020374230917581, -0.12768673995133373
661, -0.017748117446899414, -0.9333483576774597, 2.3196563720703125, 0.014023065567016602, -1.4197300672531128, -0.002220630645751953, 0.0, -1.795914004020125, -5.387901597028452, -4.020365221202854, -0.12769545972872542
662, -0.017740726470947266, -0.9334146976470947, 2.3196961879730225, 0.014023065567016602, -1.4196020364761353, -0.0022025108337402344, 0.0, -1.795861061484751, -5.387910404257366, -4.020349168363191, -0.12767469278657195
663, -0.017740726470947266, -0.9334368705749512, 2.3197202682495117, 0.014023065567016602, -1.4195104837417603, -0.0022025108337402344, 0.0, -1.7958250416241135, -5.38792443607968, -4.020332329285967, -0.1276464294697348
664, -0.017733335494995117, -0.9334368705749512, 2.319648265838623, 0.014032125473022461, -1.4194375276565552, -0.002193450927734375, 0.0, -1.795875823447287, -5.387947292021637, -4.0203306361129, -0.1276296496710101
665, -0.017740726470947266, -0.9334661364555359, 2.319472551345825, 0.01405954360961914, -1.419446587562561, -0.0022115707397460938, 0.0, -1.7958311023659663, -5.387950554095211, -4.0203242932638155, -0.12762729192059652
666, -0.017755508422851562, -0.933480978012085, 2.319288730621338, 0.01408696174621582, -1.4194284677505493, -0.0022025108337402344, 0.0, -1.7958266479372422, -5.387959306472865, -4.020306963850101, -0.12765197749500246
667, -0.017748117446899414, -0.9334883689880371, 2.319272756576538, 0.01407766342163086, -1.4194103479385376, -0.0022025108337402344, 0.0, -1.795851561003871, -5.387961649194953, -4.0203123433441865, -0.12766676536798727
668, -0.017740726470947266, -0.9335324764251709, 2.3193047046661377, 0.01408696174621582, -1.41936457157135, -0.002184152603149414, 0.0, -1.7957761723800836, -5.3879550470296955, -4.0203005744843425, -0.12772864841486964
669, -0.017740726470947266, -0.9335178732872009, 2.319328784942627, 0.014068603515625, -1.41936457157135, -0.0022115707397460938, 0.0, -1.795779574059898, -5.387946756821975, -4.020300679419543, -0.127732690634625
670, -0.017748117446899414, -0.9335324764251709, 2.319072961807251, 0.014105081558227539, -1.418707251548767, -0.0022115707397460938, 0.0, -1.7958099471793765, -5.3879508876412325, -4.020306896969689, -0.12772873943927987
671, -0.017740726470947266, -0.9333483576774597, 2.3178906440734863, 0.014132499694824219, -1.4171000719070435, -0.002220630645751953, 0.0, -1.795788193173921, -5.38794217082727, -4.020307409693523, -0.1277145620703788
672, -0.017748117446899414, -0.9331271052360535, 2.3163325786590576, 0.014168977737426758, -1.4146350622177124, -0.002184152603149414, 0.0, -1.7957980192985676, -5.387925921526198, -4.020304077326325, -0.12768184566999885
673, -0.017740726470947266, -0.9328246116638184, 2.314415216445923, 0.014150857925415039, -1.414087176322937, -0.0022025108337402344, 0.0, -1.795829181157949, -5.387932365058539, -4.020310981445928, -0.12766020443412263
674, -0.017748117446899414, -0.9325075149536133, 2.3118984699249268, 0.014178037643432617, -1.4126535654067993, -0.0022025108337402344, 0.0, -1.7957770399478827, -5.387921782722006, -4.020317809885426, -0.12762742492711965
675, -0.017755508422851562, -0.9320058226585388, 2.309309959411621, 0.014178037643432617, -1.4089373350143433, -0.002193450927734375, 0.0, -1.7958082593057159, -5.387909280736409, -4.020303602416194, -0.1276060340231293
676, -0.017770051956176758, -0.9306342005729675, 2.3047478199005127, 0.014187335968017578, -1.403422474861145, -0.0022025108337402344, 0.0, -1.7958565620920437, -5.387905823682853, -4.020297227272413, -0.12760789039916265
677, -0.017785072326660156, -0.92915940284729, 2.3000659942626953, 0.014196395874023438, -1.3997606039047241, -0.0022115707397460938, 0.0, -1.7958392990451857, -5.387903914531325, -4.020317514279473, -0.12761213563818607
678, -0.017792463302612305, -0.9275221824645996, 2.2948808670043945, 0.014214754104614258, -1.3954235315322876, -0.0022115707397460938, 0.0, -1.795875020855622, -5.387909827734374, -4.020336740422536, -0.12763444400574908
679, -0.017792463302612305, -0.9257891178131104, 2.290199041366577, 0.014260530471801758, -1.3946655988693237, -0.0022115707397460938, 0.0, -1.7959120678253373, -5.387920150869916, -4.020329547467279, -0.1276518331684109
680, -0.017821788787841797, -0.9246089458465576, 2.2872190475463867, 0.014269590377807617, -1.3945926427841187, -0.002229928970336914, 0.0, -1.795866748534408, -5.387930477014127, -4.020319044845427, -0.12765679083206383
681, -0.01779961585998535, -0.9242846369743347, 2.2860445976257324, 0.014287948608398438, -1.3945287466049194, -0.002193450927734375, 0.0, -1.7958531136123097, -5.387941957922363, -4.020303997371016, -0.12765450951710733
682, -0.017785072326660156, -0.9243876934051514, 2.286212205886841, 0.014306068420410156, -1.3945378065109253, -0.0022025108337402344, 0.0, -1.7958320798512966, -5.387965547951141, -4.020283854510895, -0.12766895551088364
683, -0.017821788787841797, -0.9244394302368164, 2.286571741104126, 0.014324426651000977, -1.3945196866989136, -0.0022115707397460938, 0.0, -1.7958084013538684, -5.387963454942552, -4.020274459231826, -0.12765955581253685
684, -0.017836570739746094, -0.9244246482849121, 2.2869553565979004, 0.014324426651000977, -1.394473910331726, -0.0022025108337402344, 0.0, -1.7958403639380558, -5.387944112788063, -4.020275597442179, -0.12768191880109914
685, -0.017843961715698242, -0.9243953227996826, 2.287051200866699, 0.014324426651000977, -1.3944555521011353, -0.0022115707397460938, 0.0, -1.7958726540723153, -5.387954489899394, -4.020300130355861, -0.1276983944290606
686, -0.017836570739746094, -0.9243876934051514, 2.286851406097412, 0.014342546463012695, -1.394391655921936, -0.0022025108337402344, 0.0, -1.7958862470174484, -5.387953889894688, -4.020304577509897, -0.12772723072547354
687, -0.017843961715698242, -0.9243876934051514, 2.2866437435150146, 0.014351606369018555, -1.3943825960159302, -0.002220630645751953, 0.0, -1.7959270725850365, -5.387930152957037, -4.020295754284572, -0.1277126854166788
688, -0.01785874366760254, -0.9243288040161133, 2.286452054977417, 0.014360904693603516, -1.3942183256149292, -0.002220630645751953, 0.0, -1.795933464020502, -5.387927976417237, -4.020295291786816, -0.12772137764939373
689, -0.017873287200927734, -0.9241001009941101, 2.2848381996154785, 0.014369964599609375, -1.3910223245620728, -0.002184152603149414, 0.0, -1.7959280221255864, -5.387918777957709, -4.020296420860954, -0.127714515998969
690, -0.01790308952331543, -0.9229571223258972, 2.2815463542938232, 0.014379024505615234, -1.3873792886734009, -0.002229928970336914, 0.0, -1.7959483030865275, -5.3879015238573, -4.02031569547066, -0.12767772959528934
691, -0.017998933792114258, -0.9205453395843506, 2.275122880935669, 0.014369964599609375, -1.3838914632797241, -0.002229928970336914, 0.0, -1.7960180399884234, -5.387899089997667, -4.020337336821315, -0.127641918859835
692, -0.018006324768066406, -0.920242965221405, 2.2742600440979004, 0.014379024505615234, -1.3832887411117554, -0.0022115707397460938, 0.0, -1.7960262726043996, -5.387897773126824, -4.020341749030136, -0.1276358985914925
693, -0.018138885498046875, -0.9154937267303467, 2.2620999813079834, 0.014406442642211914, -1.3764222860336304, -0.002229928970336914, 0.0, -1.7962012980232287, -5.387888148959506, -4.020360189131576, -0.1275501635688432
694, -0.018198013305664062, -0.913428783416748, 2.25637149810791, 0.014424800872802734, -1.374385952949524, -0.002229928970336914, 0.0, -1.796267324179309, -5.387886640400204, -4.020360426807998, -0.12752630859015834
695, -0.018227577209472656, -0.9117765426635742, 2.251497983932495, 0.014442920684814453, -1.3725234270095825, -0.002229928970336914, 0.0, -1.7962968638543144, -5.387896572037161, -4.020377224997649, -0.12754088603815905
696, -0.01824212074279785, -0.9104270935058594, 2.2474074363708496, 0.014424800872802734, -1.3691176176071167, -0.002229928970336914, 0.0, -1.7963210489792536, -5.387900319502487, -4.020356460214151, -0.12757196782400637
697, -0.018227577209472656, -0.9097781181335449, 2.2457056045532227, 0.014461278915405273, -1.3691540956497192, -0.002220630645751953, 0.0, -1.7963316845660722, -5.387910750623799, -4.0203417334525655, -0.12761660416230303
698, -0.01824212074279785, -0.9095937609672546, 2.244962692260742, 0.014442920684814453, -1.3691540956497192, -0.0022115707397460938, 0.0, -1.796326150514195, -5.387928270597518, -4.020354906856916, -0.12768576448053182
699, -0.018227577209472656, -0.909674882888794, 2.245338201522827, 0.014451980590820312, -1.3691540956497192, -0.0022573471069335938, 0.0, -1.7963217008629677, -5.387934953232033, -4.020346082205213, -0.12775370515664175
700, -0.01820516586303711, -0.9096453189849854, 2.245953321456909, 0.014461278915405273, -1.3690718412399292, -0.0022389888763427734, 0.0, -1.7963273460787894, -5.3879457809345075, -4.020336808089099, -0.12779080277917743
701, -0.018161296844482422, -0.9096157550811768, 2.246248960494995, 0.014461278915405273, -1.3690260648727417, -0.0022389888763427734, 0.0, -1.7963391730390632, -5.387948751554657, -4.0203488333044355, -0.12779834107905064
702, -0.01812434196472168, -0.9095861315727234, 2.246105194091797, 0.014470338821411133, -1.3684877157211304, -0.0022389888763427734, 0.0, -1.796359674673418, -5.387944758034859, -4.020356493462407, -0.12779670397458176
703, -0.018109560012817383, -0.9094166159629822, 2.245450019836426, 0.014470338821411133, -1.3674103021621704, -0.002229928970336914, 0.0, -1.7963856275981536, -5.387936451284325, -4.020353729827911, -0.12775027723847554
704, -0.018101930618286133, -0.9090995788574219, 2.244722843170166, 0.014497756958007812, -1.3662506341934204, -0.002229928970336914, 0.0, -1.7964162124687797, -5.387916889686219, -4.020349318015094, -0.12771034051956764
705, -0.018109560012817383, -0.9085981845855713, 2.2437641620635986, 0.014497756958007812, -1.365118384361267, -0.0022482872009277344, 0.0, -1.7964386018253538, -5.3878990273626535, -4.020340631206024, -0.12769867002048407
706, -0.018138885498046875, -0.9080965518951416, 2.2423579692840576, 0.014507055282592773, -1.3631826639175415, -0.0022482872009277344, 0.0, -1.796443844968187, -5.3878987663744535, -4.020355388514732, -0.12770316598961173
707, -0.018146276473999023, -0.9063634276390076, 2.2373404502868652, 0.014516115188598633, -1.3568183183670044, -0.002229928970336914, 0.0, -1.7965107562296327, -5.387865366699916, -4.0203719433363165, -0.12773210051499007
708, -0.018153667449951172, -0.9038634300231934, 2.2309410572052, 0.014543533325195312, -1.3533121347427368, -0.0022573471069335938, 0.0, -1.7966103572185663, -5.387830637450751, -4.020367745645733, -0.1277503910778659
709, -0.01812434196472168, -0.9009356498718262, 2.2230234146118164, 0.014543533325195312, -1.3488837480545044, -0.0022482872009277344, 0.0, -1.7967465883170968, -5.387813666101806, -4.0203796724362935, -0.12779278274082095
710, -0.018109560012817383, -0.8973662853240967, 2.2130045890808105, 0.014598369598388672, -1.3432592153549194, -0.0022482872009277344, 0.0, -1.7969135207746043, -5.387780011689506, -4.020406320670279, -0.1277817764251541
711, -0.018101930618286133, -0.8947553634643555, 2.2062454223632812, 0.014744281768798828, -1.343286395072937, -0.0022482872009277344, 0.0, -1.797015692480921, -5.387771377853342, -4.020421200498458, -0.12773914838686284
712, -0.018138885498046875, -0.8935827612876892, 2.2021946907043457, 0.014744281768798828, -1.34294855594635, -0.0022573471069335938, 0.0, -1.7970170130979919, -5.387792268018031, -4.020429687522161, -0.12767495804354745
713, -0.018109560012817383, -0.8933688998222351, 2.201443672180176, 0.014753341674804688, -1.343049168586731, -0.0022940635681152344, 0.0, -1.7969988761694884, -5.387791359735214, -4.02039264119938, -0.12761473290705805
714, -0.01811695098876953, -0.8935236930847168, 2.2024505138397217, 0.014790058135986328, -1.3430124521255493, -0.002275705337524414, 0.0, -1.7970066667737141, -5.387804058699217, -4.020348105568272, -0.1275890391309824
715, -0.018153667449951172, -0.8935606479644775, 2.203233480453491, 0.014799118041992188, -1.3429580926895142, -0.0022847652435302734, 0.0, -1.79701660433836, -5.387808882567158, -4.02034957396338, -0.12762167854688933
716, -0.018190622329711914, -0.8935163021087646, 2.2034173011779785, 0.014808416366577148, -1.3429123163223267, -0.0023212432861328125, 0.0, -1.7970278890178641, -5.387794323858004, -4.0203710526687635, -0.1276509214060031
717, -0.018227577209472656, -0.8934648036956787, 2.203273296356201, 0.014799118041992188, -1.3429030179977417, -0.0023031234741210938, 0.0, -1.7970523830555185, -5.38780698569352, -4.0204053220348746, -0.12771675043928
718, -0.018234968185424805, -0.8934056162834167, 2.203049659729004, 0.014808416366577148, -1.3428939580917358, -0.0022940635681152344, 0.0, -1.7970781900794899, -5.387821271130229, -4.020412225213672, -0.12777278699615202
719, -0.01824951171875, -0.8931107521057129, 2.202354669570923, 0.014826536178588867, -1.3424736261367798, -0.002312183380126953, 0.0, -1.7971322762668323, -5.387780095720014, -4.020362668511941, -0.12786488106541327
720, -0.01824212074279785, -0.8927569389343262, 2.201308012008667, 0.014817476272583008, -1.3401457071304321, -0.0023031234741210938, 0.0, -1.7971918656787098, -5.3877614980184605, -4.020353982155602, -0.12787848747205377
721, -0.018227577209472656, -0.8918642997741699, 2.198639392852783, 0.014844894409179688, -1.335433840751648, -0.0022847652435302734, 0.0, -1.7972493030939836, -5.38777273098452, -4.020377853226223, -0.12788409641623666
722, -0.018234968185424805, -0.8901681900024414, 2.194277286529541, 0.014835596084594727, -1.3320006132125854, -0.002312183380126953, 0.0, -1.7972989749569748, -5.3877379452338925, -4.020404715244658, -0.12782627219569864
723, -0.018227577209472656, -0.8881916403770447, 2.189483642578125, 0.014853954315185547, -1.3285402059555054, -0.0022940635681152344, 0.0, -1.7973836756819468, -5.387721850387788, -4.020429637021094, -0.12779857177042864
724, -0.018190622329711914, -0.8856179714202881, 2.183459520339966, 0.014899492263793945, -1.3268235921859741, -0.002339601516723633, 0.0, -1.797478342403123, -5.387740721961353, -4.020434714005849, -0.12774797732764043
725, -0.018234968185424805, -0.8846664428710938, 2.180950880050659, 0.014890432357788086, -1.3267048597335815, -0.0023031234741210938, 0.0, -1.7974741215924737, -5.387717762810585, -4.020429960105324, -0.12772380561223873
726, -0.01820516586303711, -0.8843200206756592, 2.1797046661376953, 0.014881372451782227, -1.3267229795455933, -0.0023031234741210938, 0.0, -1.7974669257952542, -5.3877046582978, -4.020417390911399, -0.1277133810756208
727, -0.01820516586303711, -0.8843936324119568, 2.1795766353607178, 0.014926910400390625, -1.3266867399215698, -0.0023031234741210938, 0.0, -1.7974536447768343, -5.387737781116902, -4.020401316519059, -0.12774132507288716
728, -0.01824951171875, -0.8843936324119568, 2.1797046661376953, 0.014917850494384766, -1.3266319036483765, -0.0023212432861328125, 0.0, -1.7974534080741194, -5.387715711831911, -4.02039789305143, -0.1277415846537524
729, -0.018264293670654297, -0.884364128112793, 2.179760456085205, 0.014945268630981445, -1.3266500234603882, -0.0023212432861328125, 0.0, -1.7974732531155624, -5.387714321775483, -4.020403894005526, -0.12776768386064496
730, -0.01825690269470215, -0.8843418955802917, 2.1798481941223145, 0.014926910400390625, -1.3265587091445923, -0.002339601516723633, 0.0, -1.7975005090485157, -5.387727610684618, -4.0204291932363025, -0.12782061080639284
731, -0.018227577209472656, -0.8843345642089844, 2.179936170578003, 0.014917850494384766, -1.326576828956604, -0.002339601516723633, 0.0, -1.7975015803922694, -5.387715379159519, -4.020422662589074, -0.12781165830585284
732, -0.01824212074279785, -0.884297788143158, 2.179975986480713, 0.014926910400390625, -1.3265496492385864, -0.002348661422729492, 0.0, -1.7975265608912094, -5.387712541657673, -4.020416516225319, -0.12781458151851766
733, -0.01830124855041504, -0.8840321898460388, 2.17934513092041, 0.014935970306396484, -1.325600028038025, -0.002339601516723633, 0.0, -1.7975355140398608, -5.387735091393449, -4.0204081667420395, -0.12781308968850613
734, -0.01829385757446289, -0.8832873702049255, 2.1774516105651855, 0.014945268630981445, -1.3247419595718384, -0.002348661422729492, 0.0, -1.797569867026367, -5.387721264668259, -4.020397449720955, -0.1277901525846188
735, -0.01830124855041504, -0.8821368217468262, 2.174391508102417, 0.014945268630981445, -1.3243125677108765, -0.002376079559326172, 0.0, -1.797608803464724, -5.387711833920359, -4.020415362148949, -0.1277692558265926
736, -0.018315792083740234, -0.8805513381958008, 2.169813632965088, 0.014963388442993164, -1.3202677965164185, -0.002348661422729492, 0.0, -1.7976653060839691, -5.387732055149572, -4.020435768927123, -0.127787529486465
737, -0.01833820343017578, -0.8800646662712097, 2.1685352325439453, 0.014963388442993164, -1.31898033618927, -0.0023851394653320312, 0.0, -1.7976803309109142, -5.387727896169881, -4.020430797533834, -0.12778263962431957
738, -0.018374919891357422, -0.8767974376678467, 2.160290002822876, 0.014981746673583984, -1.313428521156311, -0.0023941993713378906, 0.0, -1.7978215591298394, -5.3876894580766015, -4.020421304521372, -0.12777952948222282
739, -0.01838970184326172, -0.8747251033782959, 2.154905319213867, 0.014963388442993164, -1.3096669912338257, -0.0024034976959228516, 0.0, -1.79790974850503, -5.387680565658759, -4.020447792421723, -0.1277964325478269
740, -0.018397092819213867, -0.8730437755584717, 2.1504390239715576, 0.014972448348999023, -1.3064528703689575, -0.0023941993713378906, 0.0, -1.797964521094477, -5.387663963799414, -4.020458210759418, -0.12778380435228875
741, -0.01838970184326172, -0.871074378490448, 2.145669460296631, 0.014963388442993164, -1.303932547569275, -0.0024309158325195312, 0.0, -1.798049666644593, -5.387644019507794, -4.020453099470496, -0.12777905464071626
742, -0.018382549285888672, -0.8692602515220642, 2.1416187286376953, 0.014999866485595703, -1.302343726158142, -0.0024309158325195312, 0.0, -1.7981298512201418, -5.387627815227446, -4.020453092008201, -0.12775079430501624
743, -0.018382549285888672, -0.8686482310295105, 2.1399807929992676, 0.014990806579589844, -1.3023074865341187, -0.00244903564453125, 0.0, -1.798142194548652, -5.387628520168161, -4.020463097343963, -0.12775598390970444
744, -0.018397092819213867, -0.8686778545379639, 2.1396052837371826, 0.015027284622192383, -1.302270770072937, -0.0024580955505371094, 0.0, -1.7981361229547541, -5.387634444219589, -4.020473319297706, -0.12778897043394277
745, -0.01838970184326172, -0.8686923384666443, 2.1398611068725586, 0.015009164810180664, -1.3022435903549194, -0.0024580955505371094, 0.0, -1.7981352534247856, -5.38761810761439, -4.020457414516413, -0.12778986128245684
746, -0.018404483795166016, -0.8686187267303467, 2.1401004791259766, 0.015018224716186523, -1.3019787073135376, -0.0024764537811279297, 0.0, -1.7981524731623673, -5.387620821594315, -4.020436839913881, -0.12781994727694368
747, -0.018411874771118164, -0.8685450553894043, 2.139693260192871, 0.015036344528198242, -1.3006271123886108, -0.00244903564453125, 0.0, -1.7981763544324636, -5.387623641266333, -4.020463616456019, -0.12784672380094086
748, -0.018411874771118164, -0.8682646751403809, 2.1386942863464355, 0.015027284622192383, -1.2989927530288696, -0.0024399757385253906, 0.0, -1.7981830395901715, -5.387620749472336, -4.020479583250215, -0.12784627911771107
749, -0.018411874771118164, -0.8675715923309326, 2.137256383895874, 0.015045642852783203, -1.29839026927948, -0.0024399757385253906, 0.0, -1.7982111168614332, -5.3876120849037, -4.020467671159192, -0.12785330268087236
750, -0.018411874771118164, -0.8666936755180359, 2.135474681854248, 0.015027284622192383, -1.298216700553894, -0.0024673938751220703, 0.0, -1.798263424390461, -5.387612531757253, -4.020461848596226, -0.12786096763758614
751, -0.018411874771118164, -0.8661849498748779, 2.1339006423950195, 0.015018224716186523, -1.2982348203659058, -0.0024764537811279297, 0.0, -1.798300653806445, -5.3876164614065845, -4.020467082505585, -0.12786309911954952
752, -0.018419265747070312, -0.8660964965820312, 2.132934093475342, 0.015036344528198242, -1.2982257604599, -0.0024764537811279297, 0.0, -1.7983014331387785, -5.387621867518295, -4.020484822026843, -0.12789641429312937
753, -0.018404483795166016, -0.8660597801208496, 2.1327502727508545, 0.015045642852783203, -1.2982438802719116, -0.0024945735931396484, 0.0, -1.7982915426594188, -5.387628293819379, -4.0204655606021, -0.12790329011151957
754, -0.018397092819213867, -0.8659563064575195, 2.132662296295166, 0.015045642852783203, -1.298216700553894, -0.0024399757385253906, 0.0, -1.7983148622626033, -5.387631865463778, -4.020458210866812, -0.1279206048573629
755, -0.018419265747070312, -0.86592698097229, 2.1325745582580566, 0.015045642852783203, -1.2982076406478882, -0.0024945735931396484, 0.0, -1.7983289522145103, -5.387621927019168, -4.020467191330068, -0.12792751694554916
756, -0.018404483795166016, -0.8657719492912292, 2.132063388824463, 0.015064001083374023, -1.2978514432907104, -0.002485513687133789, 0.0, -1.7983383805958355, -5.387615991345632, -4.020472362153229, -0.1279296840396098
757, -0.018411874771118164, -0.8653368949890137, 2.131152391433716, 0.015045642852783203, -1.2976230382919312, -0.0024764537811279297, 0.0, -1.7983527048665526, -5.3876099371607715, -4.020482387712559, -0.1279115848375323
758, -0.018404483795166016, -0.864569902420044, 2.129474639892578, 0.015064001083374023, -1.2962628602981567, -0.002485513687133789, 0.0, -1.7983916218865392, -5.387604299453497, -4.020478184050185, -0.127919412031142
759, -0.01842641830444336, -0.8634414672851562, 2.1272056102752686, 0.015054702758789062, -1.2941077947616577, -0.0024945735931396484, 0.0, -1.7984505144149916, -5.387581762006115, -4.020471190264819, -0.127890710517657
760, -0.018441438674926758, -0.8620843887329102, 2.1241135597229004, 0.015064001083374023, -1.2911220788955688, -0.0024945735931396484, 0.0, -1.798495677616297, -5.3875713709249355, -4.020477533606883, -0.12792122329570166
761, -0.01842641830444336, -0.860240638256073, 2.1197433471679688, 0.015045642852783203, -1.2871590852737427, -0.0024945735931396484, 0.0, -1.798570859610078, -5.387558478520711, -4.020491927220312, -0.1279153980188923
762, -0.018433809280395508, -0.8577480316162109, 2.113862991333008, 0.015064001083374023, -1.2833517789840698, -0.0024764537811279297, 0.0, -1.7986719941728624, -5.387533831016484, -4.020497312264034, -0.12790709164835334
763, -0.018433809280395508, -0.8545031547546387, 2.106121301651001, 0.015054702758789062, -1.2781835794448853, -0.002485513687133789, 0.0, -1.7988185011359918, -5.387514299798571, -4.020503734281904, -0.1279179379085047
764, -0.01842641830444336, -0.8515753149986267, 2.0986270904541016, 0.015109539031982422, -1.2745128870010376, -0.0024945735931396484, 0.0, -1.7989681457954994, -5.387507250705998, -4.020522253060375, -0.1279125715066627
765, -0.018441438674926758, -0.8501298427581787, 2.094296932220459, 0.015127897262573242, -1.273992657661438, -0.0025038719177246094, 0.0, -1.7990239157951933, -5.387488411866648, -4.020552879474679, -0.12790297368448833
766, -0.018441438674926758, -0.8498494029045105, 2.0931544303894043, 0.015127897262573242, -1.2735358476638794, -0.002531290054321289, 0.0, -1.7990132828439984, -5.387478772559581, -4.020533450888047, -0.12790829225650047
767, -0.01842641830444336, -0.8498201370239258, 2.093250274658203, 0.015127897262573242, -1.2733534574508667, -0.0025129318237304688, 0.0, -1.7990520676962123, -5.387479123039958, -4.020486864235816, -0.12790648300501317
768, -0.018456220626831055, -0.8499085903167725, 2.093865394592285, 0.015146255493164062, -1.273170828819275, -0.0025129318237304688, 0.0, -1.7990754314664201, -5.387455195987209, -4.0204443236465375, -0.127935294813744
769, -0.018456220626831055, -0.8499085903167725, 2.094137191772461, 0.015155315399169922, -1.2726777791976929, -0.002531290054321289, 0.0, -1.7990689617161615, -5.387432303637142, -4.020439825764084, -0.12795266476203881
770, -0.018456220626831055, -0.8498201370239258, 2.093937397003174, 0.015136957168579102, -1.2722121477127075, -0.0025038719177246094, 0.0, -1.799090570494221, -5.387463341233197, -4.020477104445053, -0.12797109086965008
771, -0.018441438674926758, -0.8495619297027588, 2.093369960784912, 0.015155315399169922, -1.2719017267227173, -0.0025496482849121094, 0.0, -1.7991090786366348, -5.387471212489282, -4.020494543807405, -0.12800501148586374
772, -0.0184633731842041, -0.8489351272583008, 2.0924034118652344, 0.015155315399169922, -1.2717920541763306, -0.0025496482849121094, 0.0, -1.7991053112473328, -5.387453889345972, -4.020473635107325, -0.12803027583756332
773, -0.0184781551361084, -0.8481829166412354, 2.0908775329589844, 0.015164375305175781, -1.2716094255447388, -0.0025496482849121094, 0.0, -1.799174943035081, -5.387453240325485, -4.020460782046122, -0.12802527678438036
774, -0.01847076416015625, -0.8469731211662292, 2.0873939990997314, 0.015155315399169922, -1.2682677507400513, -0.002577066421508789, 0.0, -1.7992209302244255, -5.387438691879168, -4.02047947036408, -0.1280149581475074
775, -0.01847076416015625, -0.8458301424980164, 2.0843420028686523, 0.015182733535766602, -1.2650717496871948, -0.002595186233520508, 0.0, -1.7992487804311168, -5.387424011285443, -4.020483699522426, -0.1280184620640794
776, -0.018485546112060547, -0.8435513973236084, 2.0789332389831543, 0.015182733535766602, -1.2620402574539185, -0.0025861263275146484, 0.0, -1.7993508061699122, -5.387419079907624, -4.020497412452489, -0.12799492916891264
777, -0.01851511001586914, -0.8403506278991699, 2.0711193084716797, 0.015182733535766602, -1.2596114873886108, -0.002613544464111328, 0.0, -1.799502208752985, -5.387423324233367, -4.020521737466271, -0.12795986242534862
778, -0.018485546112060547, -0.8385290503501892, 2.066253662109375, 0.015228271484375, -1.2589086294174194, -0.002631664276123047, 0.0, -1.7995630937412401, -5.387402235594868, -4.020532888552197, -0.127940430777147
779, -0.01851511001586914, -0.8376588821411133, 2.0635695457458496, 0.015228271484375, -1.258771538734436, -0.002631664276123047, 0.0, -1.799568625377972, -5.387412556582389, -4.020533842270111, -0.1279500454096718
780, -0.018500328063964844, -0.8374598026275635, 2.062882423400879, 0.015246391296386719, -1.2587531805038452, -0.0026226043701171875, 0.0, -1.7995683411235701, -5.387428527397051, -4.0205076174104715, -0.1279611181742295
781, -0.018493175506591797, -0.8375996947288513, 2.0631537437438965, 0.01525568962097168, -1.2587531805038452, -0.002640962600708008, 0.0, -1.7995709187122495, -5.387419584063428, -4.020485467644393, -0.12796752889359553
782, -0.018507719039916992, -0.8376588821411133, 2.0633697509765625, 0.015246391296386719, -1.258762240409851, -0.002650022506713867, 0.0, -1.7995774522989907, -5.3874145902233534, -4.020480700405905, -0.12797977811764394
783, -0.018537044525146484, -0.8376147747039795, 2.0636730194091797, 0.015264749526977539, -1.2586709260940552, -0.002668142318725586, 0.0, -1.799615285719677, -5.3874313795057915, -4.020513718189064, -0.1280349249609758
784, -0.018529891967773438, -0.8375704288482666, 2.0636491775512695, 0.015228271484375, -1.2586528062820435, -0.0026865005493164062, 0.0, -1.7996193284484057, -5.3874280822841545, -4.020520390151764, -0.12805594924481944
785, -0.018529891967773438, -0.8374819755554199, 2.0636491775512695, 0.015264749526977539, -1.2586160898208618, -0.0027048587799072266, 0.0, -1.799646723735611, -5.387432304658156, -4.020520725833284, -0.12806385194584635
786, -0.018544435501098633, -0.8372752666473389, 2.063577175140381, 0.015264749526977539, -1.2585617303848267, -0.002750396728515625, 0.0, -1.7996819859883268, -5.387425791474593, -4.020495101044322, -0.12808109785181188
787, -0.018596172332763672, -0.8364493250846863, 2.06203556060791, 0.015292167663574219, -1.2565070390701294, -0.0027413368225097656, 0.0, -1.7997220609471878, -5.387413800870751, -4.0204861915641725, -0.12804327523442982
788, -0.01861095428466797, -0.8335804343223572, 2.055419921875, 0.015292167663574219, -1.2462714910507202, -0.0027778148651123047, 0.0, -1.7998707400865779, -5.387397693705312, -4.020483079176948, -0.12802638957119328
789, -0.01864767074584961, -0.8287942409515381, 2.045361280441284, 0.015319585800170898, -1.2383092641830444, -0.0028417110443115234, 0.0, -1.8000467170235193, -5.387373235587963, -4.020489325967816, -0.12800037605156334
790, -0.01868462562561035, -0.823004961013794, 2.0328736305236816, 0.015319585800170898, -1.231479525566101, -0.002869129180908203, 0.0, -1.8002709634490408, -5.387323147770641, -4.020479358747288, -0.1279803975271463
791, -0.0186920166015625, -0.8169796466827393, 2.0191478729248047, 0.015319585800170898, -1.2260648012161255, -0.002896547317504883, 0.0, -1.8005427566026653, -5.387268134693333, -4.020502057399857, -0.12798352351199593
792, -0.0186920166015625, -0.8108877539634705, 2.0047507286071777, 0.015374422073364258, -1.2224034070968628, -0.0029604434967041016, 0.0, -1.8007633457700698, -5.387231216865924, -4.0205516080782955, -0.12798404005208042
793, -0.0186920166015625, -0.8075470924377441, 1.9962819814682007, 0.015410900115966797, -1.2201298475265503, -0.002969503402709961, 0.0, -1.8008566062533413, -5.3872100294178855, -4.020578459446713, -0.12797409192654285
794, -0.01868462562561035, -0.804102897644043, 1.987701177597046, 0.015392780303955078, -1.217509388923645, -0.0029969215393066406, 0.0, -1.8009407922108407, -5.387192209414463, -4.020555420636796, -0.1279635196179303
795, -0.0186920166015625, -0.8024951815605164, 1.9831312894821167, 0.015419960021972656, -1.214697003364563, -0.0030059814453125, 0.0, -1.8009693440664727, -5.387177714336568, -4.020528568258711, -0.12796859586986375
796, -0.01869940757751465, -0.8019790649414062, 1.981117844581604, 0.015429258346557617, -1.2127703428268433, -0.003042459487915039, 0.0, -1.8009781086780832, -5.38718177349451, -4.020533460367991, -0.12797411732288833
797, -0.0186920166015625, -0.8020896911621094, 1.9806225299835205, 0.015410900115966797, -1.212039828300476, -0.0030333995819091797, 0.0, -1.800955988876861, -5.387186243260861, -4.020553392427236, -0.12796491821403233
798, -0.018713951110839844, -0.8022961616516113, 1.981237769126892, 0.015429258346557617, -1.2113367319107056, -0.003042459487915039, 0.0, -1.8009254446768275, -5.387183306820271, -4.02055265867946, -0.12796803280515512
799, -0.0186920166015625, -0.8020823001861572, 1.981908917427063, 0.015410900115966797, -1.2106062173843384, -0.0030698776245117188, 0.0, -1.8009335030193205, -5.387181733539121, -4.020516962521671, -0.12798868655159001
800, -0.018706798553466797, -0.8020452857017517, 1.9822603464126587, 0.015410900115966797, -1.2102137804031372, -0.0030972957611083984, 0.0, -1.8009711202522662, -5.387170315534957, -4.020529981001885, -0.12797572952237068
801, -0.018728971481323242, -0.8020526766777039, 1.98215651512146, 0.015447378158569336, -1.210076928138733, -0.0031430721282958984, 0.0, -1.8009708475300004, -5.387175951771688, -4.0205596681940206, -0.12798230340251227
802, -0.018713951110839844, -0.8020085692405701, 1.9816211462020874, 0.015419960021972656, -1.210058331489563, -0.003134012222290039, 0.0, -1.800987005353289, -5.387188332982911, -4.020548347850075, -0.1280239293446792
803, -0.018728971481323242, -0.8020452857017517, 1.9815013408660889, 0.015429258346557617, -1.2100492715835571, -0.003134012222290039, 0.0, -1.801010716255496, -5.387182505772127, -4.020540591731163, -0.12803600603045595
804, -0.018728971481323242, -0.8020749092102051, 1.9815174341201782, 0.015438318252563477, -1.210058331489563, -0.0031430721282958984, 0.0, -1.8010197731330577, -5.387174490556929, -4.020533791149257, -0.12802891083264445
805, -0.01873636245727539, -0.8021044731140137, 1.9815093278884888, 0.015447378158569336, -1.2100492715835571, -0.003170490264892578, 0.0, -1.801034182142682, -5.387182176938706, -4.020528150066611, -0.12801852162136296
806, -0.01873636245727539, -0.8021044731140137, 1.981493353843689, 0.015447378158569336, -1.2100311517715454, -0.0031523704528808594, 0.0, -1.8010352616100989, -5.387180075529083, -4.020542437522901, -0.12800683837971594
807, -0.01874375343322754, -0.8020601272583008, 1.9815412759780884, 0.015438318252563477, -1.2100037336349487, -0.0031795501708984375, 0.0, -1.8010273888742627, -5.387177452614999, -4.020553185269286, -0.12800788931056228
808, -0.018721580505371094, -0.80202317237854, 1.981693148612976, 0.015429258346557617, -1.209967017173767, -0.0031614303588867188, 0.0, -1.8010271784940075, -5.38717340571064, -4.020554997875889, -0.12799979428707875
809, -0.018728971481323242, -0.8020085692405701, 1.981908917427063, 0.015447378158569336, -1.2099579572677612, -0.003170490264892578, 0.0, -1.801029886891296, -5.387183572543792, -4.020547839221884, -0.12800045524178394
810, -0.01874375343322754, -0.80202317237854, 1.9818049669265747, 0.015438318252563477, -1.2099307775497437, -0.003170490264892578, 0.0, -1.8010413495733704, -5.387169837394793, -4.020549756718424, -0.12799356193494305
811, -0.01873636245727539, -0.80202317237854, 1.9816371202468872, 0.015438318252563477, -1.209967017173767, -0.003197908401489258, 0.0, -1.8010559795320036, -5.3871712546632775, -4.020551589174534, -0.12797191193698332
812, -0.01874375343322754, -0.8020452857017517, 1.981485366821289, 0.015456676483154297, -1.2099307775497437, -0.0032160282135009766, 0.0, -1.8010603446921563, -5.3871709065450375, -4.020553855537979, -0.12799281667148144
813, -0.018751144409179688, -0.8020379543304443, 1.9815174341201782, 0.015438318252563477, -1.2099488973617554, -0.003206968307495117, 0.0, -1.8010529127413641, -5.387162426436061, -4.020549683029118, -0.1279958821163074
814, -0.018758296966552734, -0.8020379543304443, 1.9816051721572876, 0.015465736389160156, -1.2099488973617554, -0.0032160282135009766, 0.0, -1.8010526978951513, -5.387168166097434, -4.020546062374641, -0.1280070753652076
815, -0.018728971481323242, -0.8020308017730713, 1.981701135635376, 0.015465736389160156, -1.2099212408065796, -0.0032160282135009766, 0.0, -1.8010492468814165, -5.387176067243817, -4.020553391345519, -0.12803714359527607
816, -0.018713951110839844, -0.8020085692405701, 1.981701135635376, 0.015447378158569336, -1.2099307775497437, -0.0032160282135009766, 0.0, -1.801041718940286, -5.387171952226564, -4.020551895614848, -0.12802108371544207
817, -0.01873636245727539, -0.802016019821167, 1.981693148612976, 0.015456676483154297, -1.2099579572677612, -0.0031888484954833984, 0.0, -1.801036113644474, -5.387184531891811, -4.020544149399562, -0.12802099480019358
818, -0.018728971481323242, -0.80202317237854, 1.9816851615905762, 0.015447378158569336, -1.2099031209945679, -0.0032160282135009766, 0.0, -1.8010471726819093, -5.387181205913378, -4.020547357156424, -0.12801788929998814
819, -0.018728971481323242, -0.8020308017730713, 1.9816771745681763, 0.015447378158569336, -1.2099212408065796, -0.003206968307495117, 0.0, -1.8010544229730479, -5.3871761753382215, -4.020548484732076, -0.12800633161267072
820, -0.01873636245727539, -0.8020452857017517, 1.9816771745681763, 0.015447378158569336, -1.2099307775497437, -0.0032434463500976562, 0.0, -1.8010605210758714, -5.387187733680718, -4.0205471012123555, -0.12800057052200842
821, -0.01873636245727539, -0.8020452857017517, 1.9816532135009766, 0.015438318252563477, -1.2099398374557495, -0.0032434463500976562, 0.0, -1.801063694950472, -5.387192918547973, -4.020552661406704, -0.12800994847018998
822, -0.01873636245727539, -0.8020308017730713, 1.9816851615905762, 0.015419960021972656, -1.2099398374557495, -0.0032525062561035156, 0.0, -1.801056202353832, -5.387184693273049, -4.020553540009278, -0.1280276538233993
823, -0.018728971481323242, -0.8020308017730713, 1.9816851615905762, 0.015456676483154297, -1.2099579572677612, -0.0032253265380859375, 0.0, -1.8010545799360789, -5.387197833450957, -4.0205491196377885, -0.12804804530413438
824, -0.01874375343322754, -0.8020308017730713, 1.9816851615905762, 0.015447378158569336, -1.2099212408065796, -0.0032253265380859375, 0.0, -1.801058485946152, -5.3872029234772025, -4.020552329579324, -0.1280515286034909
825, -0.01873636245727539, -0.8020379543304443, 1.9816691875457764, 0.015438318252563477, -1.2099031209945679, -0.0032253265380859375, 0.0, -1.8010533161087268, -5.387187877329133, -4.020549095932868, -0.1280604959531031
826, -0.018721580505371094, -0.8020379543304443, 1.9816691875457764, 0.015447378158569336, -1.2099212408065796, -0.0032434463500976562, 0.0, -1.8010550388183495, -5.3871971916381485, -4.020549574873496, -0.12806233414770496
827, -0.018713951110839844, -0.8020379543304443, 1.9816691875457764, 0.015447378158569336, -1.209894061088562, -0.003234386444091797, 0.0, -1.8010537565251887, -5.387200428462216, -4.020554511825369, -0.12805705845533755
828, -0.018706798553466797, -0.8020526766777039, 1.9816771745681763, 0.015465736389160156, -1.2099031209945679, -0.0032253265380859375, 0.0, -1.8010536177356575, -5.38720019726192, -4.020559530451596, -0.1280565532160871
829, -0.01869940757751465, -0.8020308017730713, 1.9816771745681763, 0.015465736389160156, -1.209894061088562, -0.0032525062561035156, 0.0, -1.8010405818896553, -5.3871970610384174, -4.020554424988237, -0.1280458300957017
830, -0.0186920166015625, -0.80202317237854, 1.9816851615905762, 0.015447378158569336, -1.2099121809005737, -0.0032434463500976562, 0.0, -1.801034222933008, -5.387204401107025, -4.020557288630888, -0.12804684403232702
831, -0.018706798553466797, -0.8020379543304443, 1.9816691875457764, 0.015474796295166016, -1.2099212408065796, -0.0032434463500976562, 0.0, -1.8010279158952547, -5.387194466474971, -4.020555172172662, -0.12805407012592074
832, -0.01869940757751465, -0.8020526766777039, 1.9816612005233765, 0.015447378158569336, -1.2099121809005737, -0.0032618045806884766, 0.0, -1.8010233340775108, -5.387194978691661, -4.020552215784849, -0.1280627627355413
833, -0.018706798553466797, -0.8020379543304443, 1.9816612005233765, 0.015456676483154297, -1.2099031209945679, -0.0032892227172851562, 0.0, -1.8010344676835908, -5.387195060980253, -4.020556741496358, -0.1280778403779692
834, -0.01868462562561035, -0.8020308017730713, 1.9816771745681763, 0.015456676483154297, -1.209894061088562, -0.003234386444091797, 0.0, -1.8010231873297813, -5.387182404655315, -4.020556477674776, -0.12807560189837108
835, -0.01869940757751465, -0.8020379543304443, 1.9816691875457764, 0.015447378158569336, -1.2099307775497437, -0.003270864486694336, 0.0, -1.801017508440084, -5.387185567129285, -4.020553087279807, -0.12805724204995972
836, -0.01869940757751465, -0.8020379543304443, 1.9816771745681763, 0.015447378158569336, -1.209894061088562, -0.0032799243927001953, 0.0, -1.8010236097844876, -5.387187023971553, -4.020556141629025, -0.1280692977523339
837, -0.01869940757751465, -0.8020308017730713, 1.9816691875457764, 0.015465736389160156, -1.209894061088562, -0.0032892227172851562, 0.0, -1.8010282551628296, -5.387170855004034, -4.020551596441112, -0.12806021742102036
838, -0.018706798553466797, -0.8020379543304443, 1.9816612005233765, 0.015447378158569336, -1.2099212408065796, -0.0032799243927001953, 0.0, -1.8010338561127934, -5.387177761991454, -4.020551740388496, -0.12805624337438193
839, -0.018713951110839844, -0.8020379543304443, 1.9816612005233765, 0.015447378158569336, -1.2098759412765503, -0.003270864486694336, 0.0, -1.8010347827340984, -5.387177652974034, -4.020555826903582, -0.1280502815362361
840, -0.018721580505371094, -0.8020379543304443, 1.9816771745681763, 0.015456676483154297, -1.2099121809005737, -0.0032982826232910156, 0.0, -1.8010297827764554, -5.387177828398344, -4.020552998098173, -0.12805458338434494
841, -0.018721580505371094, -0.8020308017730713, 1.9816691875457764, 0.015456676483154297, -1.2099031209945679, -0.0032892227172851562, 0.0, -1.8010267377531286, -5.387189305085764, -4.020549657791527, -0.12805793274514787
842, -0.018721580505371094, -0.8020379543304443, 1.9816691875457764, 0.015456676483154297, -1.2098759412765503, -0.0032892227172851562, 0.0, -1.8010282495903933, -5.387193096372377, -4.0205577564131385, -0.1280576877591626
843, -0.018721580505371094, -0.8020452857017517, 1.9816771745681763, 0.015456676483154297, -1.2099031209945679, -0.0032618045806884766, 0.0, -1.8010173062673334, -5.387182402071947, -4.020557645629286, -0.1280795469567222
844, -0.018721580505371094, -0.8020601272583008, 1.9816691875457764, 0.015447378158569336, -1.2099031209945679, -0.0032799243927001953, 0.0, -1.801007335470552, -5.3871846028984915, -4.020554673848913, -0.12808046281983998
845, -0.018706798553466797, -0.8020601272583008, 1.9816612005233765, 0.015456676483154297, -1.2099121809005737, -0.003307342529296875, 0.0, -1.8010053889767448, -5.387185474882913, -4.0205533388425225, -0.12809551109944461
846, -0.018706798553466797, -0.8020526766777039, 1.9816691875457764, 0.015447378158569336, -1.209894061088562, -0.0032799243927001953, 0.0, -1.8009993614876127, -5.38718197695541, -4.020557587525234, -0.1280972084979224
847, -0.018706798553466797, -0.8020452857017517, 1.9816771745681763, 0.015456676483154297, -1.2099031209945679, -0.003307342529296875, 0.0, -1.8009928021583297, -5.387176051882824, -4.020554652577873, -0.12809572023513294
848, -0.01869940757751465, -0.8020308017730713, 1.9816771745681763, 0.015456676483154297, -1.2098850011825562, -0.0033257007598876953, 0.0, -1.8009960608343616, -5.387178541249702, -4.020557259793218, -0.12809851131244887
849, -0.0186920166015625, -0.8020526766777039, 1.9816771745681763, 0.015456676483154297, -1.2099121809005737, -0.0033164024353027344, 0.0, -1.8009899142560737, -5.387177608165215, -4.020553134523909, -0.12810357982268528
850, -0.01869940757751465, -0.8020526766777039, 1.9816771745681763, 0.015447378158569336, -1.2098850011825562, -0.003343820571899414, 0.0, -1.800980462642539, -5.387174006844747, -4.020551153028346, -0.12809485704264922
851, -0.018713951110839844, -0.8020452857017517, 1.9816691875457764, 0.015465736389160156, -1.2099212408065796, -0.0033347606658935547, 0.0, -1.800992284662239, -5.387175926967902, -4.020556061983571, -0.12811966950481324
852, -0.01868462562561035, -0.8020526766777039, 1.9816691875457764, 0.015474796295166016, -1.2099121809005737, -0.003307342529296875, 0.0, -1.8009866460832495, -5.387175970327344, -4.020551794095151, -0.12813645221299552
853, -0.01868462562561035, -0.8020308017730713, 1.9816691875457764, 0.015465736389160156, -1.2099031209945679, -0.003343820571899414, 0.0, -1.8009788758011636, -5.387180404148863, -4.020552334880351, -0.12813373672644612
854, -0.018677473068237305, -0.8020452857017517, 1.9816691875457764, 0.015456676483154297, -1.2098668813705444, -0.0033528804779052734, 0.0, -1.800971285312621, -5.38717611632562, -4.020549336348777, -0.12813564209603
855, -0.01868462562561035, -0.8020526766777039, 1.9816771745681763, 0.015465736389160156, -1.209894061088562, -0.003343820571899414, 0.0, -1.8009773628172026, -5.387178383036027, -4.020553444419718, -0.12812816180725495
856, -0.01868462562561035, -0.8020452857017517, 1.9816771745681763, 0.015447378158569336, -1.209894061088562, -0.0033528804779052734, 0.0, -1.800975906786749, -5.387176678381027, -4.0205525445995, -0.12814797333172212
857, -0.018670082092285156, -0.8020452857017517, 1.9816771745681763, 0.015465736389160156, -1.2098850011825562, -0.0033347606658935547, 0.0, -1.8009749777775508, -5.387183294070815, -4.020552688742863, -0.12814674531828363
858, -0.018640518188476562, -0.8020601272583008, 1.9816691875457764, 0.015474796295166016, -1.2099031209945679, -0.0033528804779052734, 0.0, -1.80098967577647, -5.387187246020269, -4.020555285794205, -0.12816137492068158
859, -0.01864767074584961, -0.8020452857017517, 1.9816691875457764, 0.015456676483154297, -1.2099031209945679, -0.0033528804779052734, 0.0, -1.8009827104383938, -5.387178998111729, -4.020551568940787, -0.12817215071636667
860, -0.018640518188476562, -0.8020452857017517, 1.9816691875457764, 0.015493154525756836, -1.2099031209945679, -0.003343820571899414, 0.0, -1.8009861974867154, -5.387181371898012, -4.020553773630338, -0.12817956344438652
861, -0.018633127212524414, -0.8020452857017517, 1.9816691875457764, 0.015456676483154297, -1.2099031209945679, -0.0033528804779052734, 0.0, -1.8009876798735238, -5.387188658167669, -4.02055319730753, -0.12817660101017303
862, -0.018640518188476562, -0.8020526766777039, 1.9816691875457764, 0.015465736389160156, -1.2099031209945679, -0.003343820571899414, 0.0, -1.8009792176833672, -5.387182731420922, -4.02054938570545, -0.12817959965212733
863, -0.01864767074584961, -0.8020379543304443, 1.9816691875457764, 0.015456676483154297, -1.2099121809005737, -0.003343820571899414, 0.0, -1.8009775518494537, -5.387179427016015, -4.0205492068377415, -0.12818484716350742
864, -0.018640518188476562, -0.8020601272583008, 1.9816612005233765, 0.015456676483154297, -1.2098759412765503, -0.0033621788024902344, 0.0, -1.8009819571720114, -5.387187651621308, -4.020548176179709, -0.12818140768645936
865, -0.018633127212524414, -0.8020526766777039, 1.9816771745681763, 0.015447378158569336, -1.209894061088562, -0.003343820571899414, 0.0, -1.8009799372863906, -5.387181936021702, -4.020553491519852, -0.1281859854813172
866, -0.018640518188476562, -0.8020452857017517, 1.9816691875457764, 0.015465736389160156, -1.2098850011825562, -0.0033712387084960938, 0.0, -1.800978050081862, -5.3871852688558155, -4.020550126256941, -0.1281960400700317
867, -0.018633127212524414, -0.8020452857017517, 1.9816771745681763, 0.015474796295166016, -1.2099031209945679, -0.0033712387084960938, 0.0, -1.8009768648539182, -5.387181048255812, -4.0205503255302135, -0.1282072394108349
868, -0.018633127212524414, -0.8020601272583008, 1.9816691875457764, 0.015456676483154297, -1.2098668813705444, -0.0033986568450927734, 0.0, -1.8009773326735914, -5.387175064090677, -4.020551995190668, -0.12820386106643777
869, -0.018618345260620117, -0.8020526766777039, 1.9816691875457764, 0.015465736389160156, -1.2098668813705444, -0.0033528804779052734, 0.0, -1.800980259444809, -5.387183804650252, -4.020551790027857, -0.1282169444611272
870, -0.018625736236572266, -0.8020601272583008, 1.9816612005233765, 0.015438318252563477, -1.2098850011825562, -0.0033986568450927734, 0.0, -1.8009735771608075, -5.387187147603412, -4.020547798127551, -0.1282151883176894
871, -0.018625736236572266, -0.8020601272583008, 1.9816691875457764, 0.015465736389160156, -1.2099031209945679, -0.003389596939086914, 0.0, -1.8009734990251525, -5.387190289150025, -4.020550323914928, -0.12820963752030146
872, -0.018596172332763672, -0.8020601272583008, 1.9816851615905762, 0.015456676483154297, -1.2098759412765503, -0.003380298614501953, 0.0, -1.8009639337116194, -5.387177971006112, -4.020548948916297, -0.1282104934701893
873, -0.018596172332763672, -0.8020675182342529, 1.9816771745681763, 0.015456676483154297, -1.2098850011825562, -0.0033986568450927734, 0.0, -1.800961235720337, -5.387182599856916, -4.020550406997897, -0.12821264460794612
874, -0.01860332489013672, -0.8020601272583008, 1.9816691875457764, 0.015465736389160156, -1.2099031209945679, -0.003389596939086914, 0.0, -1.8009590736179628, -5.387187602087263, -4.020551661166827, -0.1282123694819175
875, -0.01861095428466797, -0.8020379543304443, 1.9816771745681763, 0.015456676483154297, -1.2098850011825562, -0.0034444332122802734, 0.0, -1.8009666273255829, -5.387183321275116, -4.020551864260939, -0.1282145342918346
876, -0.018581390380859375, -0.8020452857017517, 1.9816691875457764, 0.015474796295166016, -1.2098759412765503, -0.003426074981689453, 0.0, -1.8009696270147943, -5.387180155987698, -4.020553782946592, -0.1281991959809039
877, -0.01860332489013672, -0.8020452857017517, 1.9816691875457764, 0.015474796295166016, -1.2099121809005737, -0.003426074981689453, 0.0, -1.8009593920809917, -5.387188089057298, -4.020551116325566, -0.12821712426391585
878, -0.01860332489013672, -0.8020452857017517, 1.9816691875457764, 0.015465736389160156, -1.2098759412765503, -0.0034170150756835938, 0.0, -1.8009583539438987, -5.38717877398722, -4.020550946461419, -0.12822220043520982
879, -0.01860332489013672, -0.8020601272583008, 1.9816771745681763, 0.015474796295166016, -1.2098759412765503, -0.003435373306274414, 0.0, -1.8009533212165194, -5.3871806874337675, -4.020551568391543, -0.12824915683569937
880, -0.018596172332763672, -0.8020675182342529, 1.9816691875457764, 0.015465736389160156, -1.2099121809005737, -0.003426074981689453, 0.0, -1.8009500918640575, -5.387185342334064, -4.020551224575482, -0.12824338841447247
881, -0.018588781356811523, -0.8020526766777039, 1.9816612005233765, 0.015456676483154297, -1.2099031209945679, -0.0034444332122802734, 0.0, -1.8009447751094076, -5.387188823477136, -4.020548382222361, -0.12824531631788894
882, -0.01856684684753418, -0.8020601272583008, 1.9816691875457764, 0.015456676483154297, -1.2098482847213745, -0.0034444332122802734, 0.0, -1.80093990639931, -5.387174938134645, -4.02055229453298, -0.12826456233458394
883, -0.018588781356811523, -0.8020675182342529, 1.9816691875457764, 0.015447378158569336, -1.2098668813705444, -0.0034444332122802734, 0.0, -1.8009303632404374, -5.387169105469158, -4.020547446752405, -0.1282635507298302
884, -0.018596172332763672, -0.8020601272583008, 1.9816771745681763, 0.015483856201171875, -1.2099031209945679, -0.0034809112548828125, 0.0, -1.8009267369953026, -5.3871735155267, -4.02055062477048, -0.12827179813190703
885, -0.018573999404907227, -0.8020749092102051, 1.9816691875457764, 0.015465736389160156, -1.2099031209945679, -0.0034809112548828125, 0.0, -1.8009215959635019, -5.3871723744043285, -4.020550477998615, -0.12827561653758046
886, -0.01855945587158203, -0.8020675182342529, 1.9816771745681763, 0.015465736389160156, -1.2098578214645386, -0.003489971160888672, 0.0, -1.8009159524063794, -5.387172349964888, -4.020549308093953, -0.12829781490728376
887, -0.018573999404907227, -0.8020601272583008, 1.9816612005233765, 0.015474796295166016, -1.2098759412765503, -0.003489971160888672, 0.0, -1.8009276621930648, -5.387175636694643, -4.020552033018434, -0.1282963270654527
888, -0.01856684684753418, -0.8020675182342529, 1.9816771745681763, 0.015465736389160156, -1.2098850011825562, -0.003508329391479492, 0.0, -1.800914080770463, -5.387171477824864, -4.020548719955301, -0.12829331438043567
889, -0.01855945587158203, -0.8020675182342529, 1.9816771745681763, 0.015483856201171875, -1.2098850011825562, -0.003489971160888672, 0.0, -1.8009078958847617, -5.387167865795997, -4.020547549923798, -0.1282812208528572
890, -0.018573999404907227, -0.8020675182342529, 1.9816851615905762, 0.015493154525756836, -1.2099121809005737, -0.003499269485473633, 0.0, -1.8009183030628546, -5.387164389655002, -4.020550538030295, -0.1282653760975876
891, -0.018581390380859375, -0.8020675182342529, 1.9816771745681763, 0.015465736389160156, -1.2099121809005737, -0.003508329391479492, 0.0, -1.800909633056933, -5.387147928227486, -4.020548013736927, -0.12825799352174094
892, -0.018573999404907227, -0.8020526766777039, 1.9816691875457764, 0.015493154525756836, -1.2098850011825562, -0.0035173892974853516, 0.0, -1.8009087514417912, -5.38714495342196, -4.020550464177454, -0.12825463005901838
893, -0.018588781356811523, -0.8020526766777039, 1.981693148612976, 0.015474796295166016, -1.2096291780471802, -0.003535747528076172, 0.0, -1.800910740837794, -5.387155066322418, -4.020551221352695, -0.12827220119293425
894, -0.018581390380859375, -0.8020526766777039, 1.9818369150161743, 0.015483856201171875, -1.2097753286361694, -0.003499269485473633, 0.041681709289550783, -1.8009034280687934, -5.387149491240523, -4.020549887886471, -0.12827958459319166
895, -0.018581390380859375, -0.8020452857017517, 1.981908917427063, 0.015483856201171875, -1.2098668813705444, -0.0035448074340820312, 0.07893961906433106, -1.8008922507097789, -5.387154200722239, -4.020551964558393, -0.1282995148287691
896, -0.01856684684753418, -0.8020379543304443, 1.9817490577697754, 0.015493154525756836, -1.2099121809005737, -0.0035538673400878906, 0.10214471817016602, -1.8009067327958554, -5.38715904638405, -4.0205560228634205, -0.12830863101935908
897, -0.018588781356811523, -0.8020601272583008, 1.9815891981124878, 0.015483856201171875, -1.2097843885421753, -0.0035996437072753906, 0.12861692428588867, -1.8009106978079652, -5.3871482317821915, -4.020549389269738, -0.1283151419295594
898, -0.018573999404907227, -0.8020823001861572, 1.9816211462020874, 0.015493154525756836, -1.2096840143203735, -0.003499269485473633, 0.1670733070373535, -1.80089522125849, -5.387151777156769, -4.020541632275424, -0.12831453091368417
899, -0.01856684684753418, -0.8020526766777039, 1.981701135635376, 0.015483856201171875, -1.2097114324569702, -0.00360870361328125, 0.22440677642822265, -1.800903326301284, -5.387159560039784, -4.0205518803241445, -0.1283223607985038
900, -0.01856684684753418, -0.8020379543304443, 1.9817091226577759, 0.015511274337768555, -1.2097843885421753, -0.0036361217498779297, 0.2806333923339844, -1.8009118352767433, -5.387147874075793, -4.020562567711725, -0.12832420706793357
901, -0.018552064895629883, -0.8020379543304443, 1.9816532135009766, 0.015502214431762695, -1.2096658945083618, -0.0035903453826904297, 0.3360203552246094, -1.8008927797253336, -5.387139351927849, -4.020552794557897, -0.12835302941054838
902, -0.018544435501098633, -0.8020308017730713, 1.9816851615905762, 0.015483856201171875, -1.2097207307815552, -0.0036542415618896484, 0.39526206970214844, -1.8009055339838766, -5.387135809482074, -4.020549441964176, -0.12835442071705128
903, -0.01855945587158203, -0.8020526766777039, 1.9817250967025757, 0.015502214431762695, -1.2097753286361694, -0.003690958023071289, 0.4656789779663086, -1.8008990103515798, -5.387132227641708, -4.020546823047376, -0.12835006652673808
904, -0.01855945587158203, -0.8020896911621094, 1.9815093278884888, 0.015483856201171875, -1.2099579572677612, -0.0036542415618896484, 0.5534462356567382, -1.8008980218592228, -5.3871176461040635, -4.020552045358345, -0.12835447940637046
905, -0.01855945587158203, -0.8020823001861572, 1.9813735485076904, 0.015511274337768555, -1.2097843885421753, -0.003681659698486328, 0.6182755279541016, -1.8009149794051877, -5.387115902191256, -4.020551456175321, -0.12834026240018126
906, -0.01856684684753418, -0.8020675182342529, 1.9813975095748901, 0.015493154525756836, -1.2098759412765503, -0.003727436065673828, 0.6347023391723633, -1.8009151791482116, -5.387111658698083, -4.020549561206866, -0.1283503837717035
907, -0.01855945587158203, -0.8020749092102051, 1.9815493822097778, 0.015511274337768555, -1.2098029851913452, -0.0037000179290771484, 0.7094472503662109, -1.8009086952332907, -5.387115806154351, -4.020551463138359, -0.12833561182037734
908, -0.018573999404907227, -0.8020675182342529, 1.9816691875457764, 0.015502214431762695, -1.2098578214645386, -0.003727436065673828, 0.773475112915039, -1.80090955315477, -5.387114038052837, -4.020558653259658, -0.1283253951703447
909, -0.018573999404907227, -0.8020601272583008, 1.9816691875457764, 0.015511274337768555, -1.2098578214645386, -0.003763914108276367, 0.8254042053222657, -1.8009083187919126, -5.387097962032066, -4.020558375118871, -0.12833113982902056
910, -0.018573999404907227, -0.8020601272583008, 1.9816532135009766, 0.015502214431762695, -1.2098759412765503, -0.003736734390258789, 0.8664099884033203, -1.8009056511280246, -5.387106543038645, -4.020552239423952, -0.12831626967677146
911, -0.018581390380859375, -0.8020675182342529, 1.9816292524337769, 0.015520334243774414, -1.210067629814148, -0.003791332244873047, 0.9122173309326171, -1.8009167027105866, -5.38709842383162, -4.020555480490532, -0.12831859858546135
912, -0.018588781356811523, -0.8020749092102051, 1.9816452264785767, 0.015511274337768555, -1.210222840309143, -0.0038552284240722656, 0.94856689453125, -1.8009070590522258, -5.387091485128932, -4.020555561133234, -0.12832414893577315
913, -0.018581390380859375, -0.8020749092102051, 1.9816292524337769, 0.015520334243774414, -1.210058331489563, -0.004056215286254883, 0.9559253692626953, -1.8009209840313274, -5.387092287060574, -4.020550690561318, -0.1283212154125266
914, -0.018581390380859375, -0.8020749092102051, 1.9816452264785767, 0.015502214431762695, -1.2099398374557495, -0.004156589508056641, 0.9558643341064453, -1.800942931233906, -5.38709038285815, -4.020559633694031, -0.1283380942731842
915, -0.018596172332763672, -0.8020526766777039, 1.9816612005233765, 0.015520334243774414, -1.2098850011825562, -0.00414729118347168, 0.9558795928955078, -1.8009276961056628, -5.387083383412313, -4.0205628259532284, -0.1283464446188809
916, -0.018573999404907227, -0.8020452857017517, 1.9816612005233765, 0.015511274337768555, -1.2098578214645386, -0.004156589508056641, 0.9558795928955078, -1.8009291453088352, -5.387084223657728, -4.020558772111207, -0.1283517572539834
917, -0.018581390380859375, -0.8020601272583008, 1.9816771745681763, 0.015520334243774414, -1.2098029851913452, -0.004174709320068359, 0.9558643341064453, -1.8009317879096949, -5.387083682355625, -4.020557186711501, -0.12834662278953957
918, -0.018581390380859375, -0.8020749092102051, 1.9816532135009766, 0.015520334243774414, -1.2098029851913452, -0.0041656494140625, 0.9558490753173828, -1.800917133501617, -5.3870784938372385, -4.020553741321774, -0.1283537901866456
919, -0.018596172332763672, -0.8020749092102051, 1.981613278388977, 0.015511274337768555, -1.209812045097351, -0.004220485687255859, 0.9558338165283203, -1.8009188493235049, -5.387076358744023, -4.020550562670002, -0.12835245076091617
920, -0.018573999404907227, -0.8020675182342529, 1.9815973043441772, 0.015511274337768555, -1.2098392248153687, -0.004229545593261719, 0.9558338165283203, -1.8009251050877377, -5.387081457793721, -4.020555324276987, -0.12838716012704854
921, -0.018573999404907227, -0.8020675182342529, 1.981613278388977, 0.015511274337768555, -1.2098392248153687, -0.004229545593261719, 0.9558413696289062, -1.8009198121461156, -5.387071590337642, -4.0205565400518255, -0.12838246533643272
922, -0.018588781356811523, -0.8020675182342529, 1.9816452264785767, 0.015511274337768555, -1.2097843885421753, -0.004229545593261719, 0.9558567047119141, -1.800915762154813, -5.387073828822009, -4.020553098123901, -0.1283680123151063
923, -0.018581390380859375, -0.8020675182342529, 1.9816532135009766, 0.015511274337768555, -1.2098392248153687, -0.00419306755065918, 0.9558567047119141, -1.8009231113180575, -5.387079082793019, -4.020559767127833, -0.12837647491874726
924, -0.018588781356811523, -0.8020601272583008, 1.9816371202468872, 0.015511274337768555, -1.209812045097351, -0.0042111873626708984, 0.9558490753173828, -1.8009129513270579, -5.387069939086024, -4.020551937483156, -0.12839066601480909
925, -0.018581390380859375, -0.8020675182342529, 1.9816292524337769, 0.015502214431762695, -1.2098392248153687, -0.004220485687255859, 0.9558643341064453, -1.800909233592481, -5.387077100460466, -4.020550207714897, -0.12837867072254294
926, -0.018573999404907227, -0.8020675182342529, 1.9816211462020874, 0.015511274337768555, -1.209812045097351, -0.004238605499267578, 0.9558643341064453, -1.8009051309020294, -5.38707303152516, -4.0205483158606485, -0.12837012689703897
927, -0.018588781356811523, -0.8020675182342529, 1.9816292524337769, 0.015511274337768555, -1.209821105003357, -0.004220485687255859, 0.9558643341064453, -1.8008978436600507, -5.387068798545559, -4.020547729088058, -0.12835865844942163
928, -0.01860332489013672, -0.8020526766777039, 1.9816292524337769, 0.015502214431762695, -1.2097936868667603, -0.004220485687255859, 0.9558567047119141, -1.8008930078952194, -5.387060199256598, -4.020551466111437, -0.12834961072039253
929, -0.018596172332763672, -0.8020675182342529, 1.9816452264785767, 0.015520334243774414, -1.209812045097351, -0.004247903823852539, 0.9558567047119141, -1.8008998670696659, -5.387051196403009, -4.020555572252555, -0.12834752548887884
930, -0.018618345260620117, -0.8020601272583008, 1.9816371202468872, 0.015493154525756836, -1.209812045097351, -0.004229545593261719, 0.9558719635009766, -1.8009006929297764, -5.387041295632431, -4.020553900592388, -0.12835044927332007
931, -0.018633127212524414, -0.8020601272583008, 1.9816211462020874, 0.015502214431762695, -1.2098482847213745, -0.004247903823852539, 0.9558567047119141, -1.8009100315484194, -5.387038895443655, -4.020551216722032, -0.12834519323011762
932, -0.018625736236572266, -0.8020675182342529, 1.9816292524337769, 0.015502214431762695, -1.209821105003357, -0.004238605499267578, 0.9558719635009766, -1.8009187581484047, -5.387034520718797, -4.020558427595036, -0.1283516080088951
933, -0.018625736236572266, -0.8020675182342529, 1.9816292524337769, 0.015511274337768555, -1.209812045097351, -0.0042569637298583984, 0.9558567047119141, -1.8009186101412584, -5.387033457194701, -4.020556523733268, -0.12836964727916111
934, -0.018633127212524414, -0.8020526766777039, 1.9816371202468872, 0.015529632568359375, -1.209812045097351, -0.004275321960449219, 0.9558643341064453, -1.800926922463815, -5.387026657842716, -4.0205591610253295, -0.12838335447156002
935, -0.018618345260620117, -0.8020675182342529, 1.9816371202468872, 0.015511274337768555, -1.209812045097351, -0.004238605499267578, 0.9558567047119141, -1.8009258470704368, -5.387027231830313, -4.020558020910468, -0.12837489187655926
936, -0.018625736236572266, -0.8020452857017517, 1.9816371202468872, 0.015502214431762695, -1.2098301649093628, -0.004266262054443359, 0.9558719635009766, -1.8009247770936745, -5.387033586655403, -4.020555736066598, -0.1283866579575399
937, -0.018618345260620117, -0.8020601272583008, 1.9816292524337769, 0.015511274337768555, -1.209812045097351, -0.004247903823852539, 0.9558643341064453, -1.8009197617180337, -5.387033207571315, -4.020552393131894, -0.12838694752938107
938, -0.018618345260620117, -0.8020675182342529, 1.9816292524337769, 0.015511274337768555, -1.209812045097351, -0.004275321960449219, 0.9558643341064453, -1.8009350360578713, -5.3870242677933255, -4.020551459326082, -0.12839080761909738
939, -0.018633127212524414, -0.8020526766777039, 1.9816292524337769, 0.015511274337768555, -1.209821105003357, -0.0042569637298583984, 0.9558643341064453, -1.8009405840132742, -5.3870307439360685, -4.02055106919401, -0.12840279650183817
940, -0.018625736236572266, -0.8020452857017517, 1.9816371202468872, 0.015520334243774414, -1.2098482847213745, -0.004266262054443359, 0.9558643341064453, -1.8009517205536958, -5.3870364034424325, -4.020559749721694, -0.12839772838725416
941, -0.01861095428466797, -0.8020452857017517, 1.9816292524337769, 0.015529632568359375, -1.2098392248153687, -0.004293680191040039, 0.9558643341064453, -1.8009658334716283, -5.3870273604188395, -4.0205598090808525, -0.12840648479016714
942, -0.01861095428466797, -0.8020526766777039, 1.9816371202468872, 0.015511274337768555, -1.2098301649093628, -0.004275321960449219, 0.9558490753173828, -1.8009592284269278, -5.387025226908597, -4.020551878268335, -0.1284070120500571
943, -0.01861095428466797, -0.8020379543304443, 1.9816371202468872, 0.015520334243774414, -1.2098392248153687, -0.004284381866455078, 0.9558795928955078, -1.8009575957301285, -5.387029235566868, -4.020555217505837, -0.12841236377988263
944, -0.01861095428466797, -0.8020452857017517, 1.9816371202468872, 0.015502214431762695, -1.2098029851913452, -0.004311800003051758, 0.9558643341064453, -1.8009619437325632, -5.387022938441317, -4.020560874407092, -0.12841407654242953
945, -0.01860332489013672, -0.8020379543304443, 1.9816292524337769, 0.015511274337768555, -1.209812045097351, -0.004311800003051758, 0.9558643341064453, -1.8009576251932617, -5.387023799507873, -4.020554648590149, -0.1284332748770387
946, -0.018596172332763672, -0.8020379543304443, 1.9816292524337769, 0.015520334243774414, -1.2098301649093628, -0.004311800003051758, 0.9558719635009766, -1.800976058758227, -5.387014624422334, -4.020562291668866, -0.1284409911949096
947, -0.01860332489013672, -0.8020526766777039, 1.9816211462020874, 0.015511274337768555, -1.209812045097351, -0.004311800003051758, 0.9558795928955078, -1.800971557261572, -5.387007133212423, -4.020559348614479, -0.12843734414281993
948, -0.018596172332763672, -0.8020452857017517, 1.9816292524337769, 0.015520334243774414, -1.2097936868667603, -0.004311800003051758, 0.9558872222900391, -1.8009786950182085, -5.387004700845627, -4.020555060131349, -0.1284626599723664
949, -0.018588781356811523, -0.8020526766777039, 1.9816371202468872, 0.015511274337768555, -1.209821105003357, -0.0043027400970458984, 0.9558643341064453, -1.8009909010519543, -5.387004215669655, -4.020561700229729, -0.12846482514341773
950, -0.018581390380859375, -0.8020379543304443, 1.9816371202468872, 0.015502214431762695, -1.2098301649093628, -0.004311800003051758, 0.9558643341064453, -1.8009933449168762, -5.38700513960515, -4.020562621980241, -0.1284625477044532
951, -0.018596172332763672, -0.8020308017730713, 1.9816292524337769, 0.015511274337768555, -1.209812045097351, -0.004311800003051758, 0.9558567047119141, -1.800986424595433, -5.387002108187134, -4.020556585029641, -0.1284796714075318
952, -0.018596172332763672, -0.8020379543304443, 1.9816211462020874, 0.015511274337768555, -1.2098301649093628, -0.004330158233642578, 0.9558795928955078, -1.8009995979625342, -5.386999563268681, -4.020559322854767, -0.12847722939197048
953, -0.018588781356811523, -0.8020308017730713, 1.9816371202468872, 0.015511274337768555, -1.2098301649093628, -0.004321098327636719, 0.9558567047119141, -1.8009983771683173, -5.387002432409771, -4.020559897810108, -0.1284855188731937
954, -0.018581390380859375, -0.80202317237854, 1.9816292524337769, 0.015502214431762695, -1.2098301649093628, -0.004311800003051758, 0.9558795928955078, -1.8009947397459185, -5.3870055609004535, -4.020562162883312, -0.12849305153442092
955, -0.018573999404907227, -0.80202317237854, 1.9816292524337769, 0.015529632568359375, -1.2098301649093628, -0.004321098327636719, 0.9558872222900391, -1.8009887671289238, -5.387004469453781, -4.020560014669043, -0.12851680641720353
956, -0.01856684684753418, -0.80202317237854, 1.9816211462020874, 0.015529632568359375, -1.209821105003357, -0.004330158233642578, 0.9558872222900391, -1.800991927737898, -5.386999299480968, -4.020557841833059, -0.12852555724105486
957, -0.018573999404907227, -0.8020379543304443, 1.9816371202468872, 0.015511274337768555, -1.2098029851913452, -0.004311800003051758, 0.9558795928955078, -1.8009986384023093, -5.386989664173226, -4.020564577110352, -0.12852534166739993
958, -0.01855945587158203, -0.80202317237854, 1.9816292524337769, 0.015511274337768555, -1.2098482847213745, -0.004311800003051758, 0.9558795928955078, -1.8009947044912575, -5.386994159835795, -4.02055846709192, -0.12850611781104604
959, -0.01856684684753418, -0.8019938468933105, 1.9816292524337769, 0.015520334243774414, -1.209821105003357, -0.0043027400970458984, 0.9558948516845703, -1.800999540000202, -5.3869967408802, -4.020564101789324, -0.12851300111859487
960, -0.01856684684753418, -0.8020085692405701, 1.9816292524337769, 0.015511274337768555, -1.209821105003357, -0.004311800003051758, 0.9558643341064453, -1.8010048842894097, -5.38698668821889, -4.0205658929251324, -0.1285202943487027
961, -0.01856684684753418, -0.8013079166412354, 1.9813096523284912, 0.015520334243774414, -1.2098850011825562, -0.004366636276245117, 0.9558948516845703, -1.8010162623981236, -5.38697902089145, -4.020551640647914, -0.12854124602187422
962, -0.01855945587158203, -0.8005408644676208, 1.980950117111206, 0.015502214431762695, -1.2099031209945679, -0.0043392181396484375, 0.9558872222900391, -1.801044922350686, -5.3869566969786, -4.0205703190112105, -0.1285410742111912
963, -0.01856684684753418, -0.7999582290649414, 1.980782389640808, 0.015520334243774414, -1.2099307775497437, -0.004366636276245117, 0.9558872222900391, -1.8010315377528245, -5.386965412759522, -4.020570142567867, -0.1285597839371082
964, -0.01856684684753418, -0.7990953922271729, 1.980574607849121, 0.015511274337768555, -1.2100037336349487, -0.004348278045654297, 0.9558643341064453, -1.801033828871701, -5.386971160280609, -4.020575984248222, -0.12854900103731026
965, -0.01855945587158203, -0.7979891300201416, 1.980207085609436, 0.015511274337768555, -1.210715889930725, -0.004384756088256836, 0.9558795928955078, -1.8011364313413831, -5.386986880365231, -4.02072319335963, -0.12854298680977028
966, -0.018529891967773438, -0.7956957817077637, 1.979088544845581, 0.015520334243774414, -1.2117477655410767, -0.0043756961822509766, 0.9558719635009766, -1.8011494941368196, -5.387006822413581, -4.020790202059653, -0.1285672069151147
967, -0.018537044525146484, -0.7923400402069092, 1.97765052318573, 0.015520334243774414, -1.2117384672164917, -0.004412174224853516, 0.9558567047119141, -1.8012152743783543, -5.386973856958563, -4.020770258746866, -0.12855381257752185
968, -0.018537044525146484, -0.7907545566558838, 1.9771231412887573, 0.015511274337768555, -1.2118116617202759, -0.0043756961822509766, 0.9558643341064453, -1.8012888620190992, -5.386995558828506, -4.020788772990907, -0.1285450952229441
969, -0.018537044525146484, -0.7868013381958008, 1.9761563539505005, 0.015511274337768555, -1.214276909828186, -0.004412174224853516, 0.9558643341064453, -1.8012360191581578, -5.387001965236238, -4.020774472990064, -0.12857072153555826
970, -0.018537044525146484, -0.7855107188224792, 1.9758208990097046, 0.015529632568359375, -1.2167056798934937, -0.0043756961822509766, 0.9559101104736328, -1.8012433207112775, -5.3870133143497165, -4.020794381476393, -0.12859836332144603
971, -0.018544435501098633, -0.7835860252380371, 1.9752216339111328, 0.015538692474365234, -1.219061255455017, -0.004394054412841797, 0.9558795928955078, -1.8012610351631286, -5.387035025117536, -4.020809002203772, -0.12861883863924017
972, -0.018552064895629883, -0.7806804180145264, 1.9739513397216797, 0.015502214431762695, -1.220075011253357, -0.004421234130859375, 0.9558643341064453, -1.8012338704532371, -5.387026103598155, -4.020766501620068, -0.1286203241546895
973, -0.018552064895629883, -0.7723982334136963, 1.9702521562576294, 0.015520334243774414, -1.2269233465194702, -0.004403114318847656, 0.9558872222900391, -1.8013663193485165, -5.387039072406903, -4.020772803949028, -0.12859788895974766
974, -0.018573999404907227, -0.7681798338890076, 1.9683667421340942, 0.015529632568359375, -1.2297171354293823, -0.004412174224853516, 0.9559024810791016, -1.801379391619473, -5.387029692555449, -4.020803745167312, -0.1285823694967707
975, -0.018573999404907227, -0.7606351375579834, 1.965194821357727, 0.015538692474365234, -1.2338260412216187, -0.004421234130859375, 0.9558948516845703, -1.8014443129710607, -5.387045900453775, -4.020843169956589, -0.1285448974506176
976, -0.01855945587158203, -0.7534301280975342, 1.9621988534927368, 0.015538692474365234, -1.2376519441604614, -0.004412174224853516, 0.9559177398681641, -1.801465705238234, -5.387045526781231, -4.020862713779821, -0.12854703916330923
977, -0.018573999404907227, -0.750870943069458, 1.9610642194747925, 0.015511274337768555, -1.2376610040664673, -0.004439592361450195, 0.9558872222900391, -1.801495506032036, -5.38706224874588, -4.020897113413194, -0.12854361536259784
978, -0.01856684684753418, -0.744727611541748, 1.958379864692688, 0.015520334243774414, -1.2377890348434448, -0.004421234130859375, 0.9558795928955078, -1.8015299578567876, -5.387083487932526, -4.020947550511558, -0.12857588537890763
979, -0.018573999404907227, -0.7415563464164734, 1.9570934772491455, 0.015511274337768555, -1.2398797273635864, -0.004421234130859375, 0.9558567047119141, -1.8015797649111893, -5.387080597505564, -4.020983374452347, -0.12861332586190244
980, -0.018588781356811523, -0.7356786131858826, 1.9547525644302368, 0.015511274337768555, -1.2462714910507202, -0.004448652267456055, 0.9558948516845703, -1.8016788778331656, -5.387108791835093, -4.021087284757615, -0.1286577816916452
981, -0.018581390380859375, -0.7283847332000732, 1.951349139213562, 0.015529632568359375, -1.2480429410934448, -0.004448652267456055, 0.9558948516845703, -1.8018607480232023, -5.387098718387661, -4.021235174432843, -0.12871889056749808
982, -0.018537044525146484, -0.7193135619163513, 1.9477458000183105, 0.015538692474365234, -1.2558223009109497, -0.004476070404052734, 0.9559177398681641, -1.8021843889930433, -5.387144490887395, -4.021820423170102, -0.1287846725669075
983, -0.01864767074584961, -0.7119757533073425, 1.9436551332473755, 0.015529632568359375, -1.2559043169021606, -0.004476070404052734, 0.9558719635009766, -1.8027645856078434, -5.387110529277245, -4.022963355108452, -0.1287252112195878
984, -0.01886892318725586, -0.7062528133392334, 1.9404833316802979, 0.015657424926757812, -1.26091730594635, -0.004494428634643555, 0.9559101104736328, -1.8044817454135433, -5.387032340694829, -4.027197986622989, -0.12846862584741725
985, -0.01873636245727539, -0.7040698528289795, 1.9388774633407593, 0.015858173370361328, -1.264395833015442, -0.004503488540649414, 0.9558948516845703, -1.8041076504857578, -5.386305491159846, -4.029706331874825, -0.12854764097362015
986, -0.018810033798217773, -0.7042319178581238, 1.9388295412063599, 0.016004323959350586, -1.2643505334854126, -0.004530906677246094, 0.9559177398681641, -1.8042432977870941, -5.387162002942077, -4.030182338607214, -0.12856354740736542
987, -0.018891334533691406, -0.704254150390625, 1.9390212297439575, 0.015977144241333008, -1.2643319368362427, -0.004503488540649414, 0.9559024810791016, -1.803823934755329, -5.3862795850555125, -4.030151825067238, -0.12845813438397524
988, -0.01874375343322754, -0.704254150390625, 1.9384140968322754, 0.016168594360351562, -1.2643319368362427, -0.004539966583251953, 0.9558872222900391, -1.8040721876989485, -5.387196889968796, -4.03060535123344, -0.12856944718375285
989, -0.01869940757751465, -0.7042467594146729, 1.9385658502578735, 0.016104698181152344, -1.2643319368362427, -0.004521846771240234, 0.9558948516845703, -1.8037556832606234, -5.386753888342288, -4.030552213279697, -0.12861920251101733
990, -0.018986940383911133, -0.704047679901123, 1.9386776685714722, 0.016168594360351562, -1.2643595933914185, -0.004530906677246094, 0.9559024810791016, -1.8037326705210899, -5.386919759885175, -4.03076922556443, -0.12845441570956684
991, -0.01886892318725586, -0.7035608291625977, 1.9383981227874756, 0.016186952590942383, -1.2643414735794067, -0.004521846771240234, 0.9559024810791016, -1.8035533114139704, -5.387000535381164, -4.030868879640172, -0.12856964829093798
992, -0.018846988677978516, -0.702277660369873, 1.9376630783081055, 0.016177892684936523, -1.264469027519226, -0.004521846771240234, 0.9558948516845703, -1.80343815080687, -5.3869804733704285, -4.030929756484924, -0.12863521732991767
993, -0.018795251846313477, -0.7001831531524658, 1.9368481636047363, 0.016196012496948242, -1.265720248222351, -0.004539966583251953, 0.9558948516845703, -1.8034008360074139, -5.387010681240184, -4.0309680762150135, -0.12863032894422055
994, -0.018795251846313477, -0.6982657313346863, 1.9361051321029663, 0.016177892684936523, -1.2688337564468384, -0.004521846771240234, 0.9559024810791016, -1.8033155176143054, -5.386867336295593, -4.030968432815409, -0.12859422008990684
995, -0.018802642822265625, -0.69722580909729, 1.935593843460083, 0.016177892684936523, -1.2688063383102417, -0.004521846771240234, 0.9559024810791016, -1.8033263071077037, -5.387000656548236, -4.031005972134812, -0.12859495927925124
996, -0.01878809928894043, -0.6961343288421631, 1.9350265264511108, 0.016168594360351562, -1.2688156366348267, -0.004503488540649414, 0.9558948516845703, -1.803265227474067, -5.386834524222662, -4.031007119299563, -0.12861127985071263
997, -0.01882457733154297, -0.693213939666748, 1.9334286451339722, 0.016177892684936523, -1.2689067125320435, -0.004539966583251953, 0.9558948516845703, -1.8032306842001056, -5.3868922533852786, -4.031157763394679, -0.12860479930342805
998, -0.01883220672607422, -0.6850497722625732, 1.929561734199524, 0.016186952590942383, -1.2733808755874634, -0.0045125484466552734, 0.9558948516845703, -1.8033783796478848, -5.386873363328059, -4.031449834669164, -0.1285634849694075
999, -0.01882457733154297, -0.6814360618591309, 1.928139567375183, 0.016186952590942383, -1.273663878440857, -0.004521846771240234, 0.9558872222900391, -1.8034946176626918, -5.386878268189735, -4.031596860641055, -0.12859703967919955
1000, -0.018846988677978516, -0.6790909767150879, 1.9272607564926147, 0.016168594360351562, -1.2768231630325317, -0.004530906677246094, 0.9558948516845703, -1.8035631761965836, -5.386864141404089, -4.031718552869818, -0.12859212141354792
1001, -0.018839597702026367, -0.6775202751159668, 1.9264777898788452, 0.016196012496948242, -1.278302550315857, -0.004539966583251953, 0.9558872222900391, -1.803630808178766, -5.386889393968451, -4.031923194107285, -0.1286048813653764
1002, -0.018795251846313477, -0.6769227981567383, 1.9260623455047607, 0.016168594360351562, -1.2783206701278687, -0.0045125484466552734, 0.9559024810791016, -1.8036757449044551, -5.386813323275017, -4.032308673891076, -0.1286401830295416
1003, -0.018810033798217773, -0.6769446730613708, 1.9258066415786743, 0.016168594360351562, -1.2783116102218628, -0.004530906677246094, 0.9559101104736328, -1.8036741095497653, -5.386869831467744, -4.032788188501369, -0.12866056552376026
1004, -0.018817424774169922, -0.6768784523010254, 1.925750732421875, 0.016159534454345703, -1.2783206701278687, -0.004530906677246094, 0.9559024810791016, -1.8036258123968165, -5.38677069984974, -4.033126784922222, -0.12861918333504452
1005, -0.01878070831298828, -0.6767234802246094, 1.9256229400634766, 0.016186952590942383, -1.278283953666687, -0.004530906677246094, 0.9559024810791016, -1.8036263423296153, -5.386878204194531, -4.033436898521198, -0.12861609614692515
1006, -0.018802642822265625, -0.6765761375427246, 1.9255670309066772, 0.016177892684936523, -1.278302550315857, -0.0045125484466552734, 0.9559024810791016, -1.803566607886923, -5.386770438762166, -4.033662500128752, -0.12861214487253125
1007, -0.018802642822265625, -0.6763992309570312, 1.9253352880477905, 0.016177892684936523, -1.2782477140426636, -0.004530906677246094, 0.9559101104736328, -1.8034300660731515, -5.386826772366994, -4.034329424522318, -0.12872293909286903
1008, -0.018802642822265625, -0.6763992309570312, 1.9252474308013916, 0.016168594360351562, -1.278201937675476, -0.004521846771240234, 0.9559101104736328, -1.8033802660406977, -5.386808490190025, -4.034373933186413, -0.1287085459387356
1009, -0.018810033798217773, -0.67637699842453, 1.925207495689392, 0.016196012496948242, -1.2781471014022827, -0.0045125484466552734, 0.9559024810791016, -1.8033469635521473, -5.386866606092559, -4.034431779778591, -0.12865312917835947
1010, -0.01882457733154297, -0.6763842105865479, 1.9249517917633057, 0.016186952590942383, -1.2776631116867065, -0.004521846771240234, 0.9559101104736328, -1.8032808520289565, -5.386849945226517, -4.034442418152463, -0.1285649835548277
1011, -0.018839597702026367, -0.6759786009788513, 1.9234178066253662, 0.016177892684936523, -1.2766679525375366, -0.0045125484466552734, 0.9559024810791016, -1.803273311737854, -5.386886813305125, -4.034473270148748, -0.12856623642176768
1012, -0.018861770629882812, -0.6750421524047852, 1.920206069946289, 0.016196012496948242, -1.275481104850769, -0.004549264907836914, 0.9559101104736328, -1.8032528070342806, -5.386873310618442, -4.034485956455565, -0.12856225670916022
1013, -0.01886892318725586, -0.6738696098327637, 1.9164669513702393, 0.016186952590942383, -1.2722488641738892, -0.004521846771240234, 0.9558948516845703, -1.8032730543099995, -5.386886563667005, -4.034497878675506, -0.12858780672539094
1014, -0.0189058780670166, -0.6723649501800537, 1.9126719236373901, 0.016177892684936523, -1.2716368436813354, -0.004521846771240234, 0.9559177398681641, -1.8032775485940329, -5.386895425750567, -4.034508004006054, -0.12860432126004895
1015, -0.018928050994873047, -0.6703295707702637, 1.9069195985794067, 0.016177892684936523, -1.2690435647964478, -0.004539966583251953, 0.9559101104736328, -1.8032972538025476, -5.386898900484202, -4.034536752259592, -0.12863005935083294
1016, -0.0189206600189209, -0.6678516268730164, 1.900488018989563, 0.016177892684936523, -1.2651084661483765, -0.004521846771240234, 0.9558948516845703, -1.8033432173133068, -5.386911254716092, -4.0345508788771705, -0.12863498252370142
1017, -0.018928050994873047, -0.6659486293792725, 1.8957902193069458, 0.016177892684936523, -1.2631360292434692, -0.004549264907836914, 0.9559101104736328, -1.8033375854240479, -5.386918008431233, -4.0345642610477235, -0.12864090110298587
1018, -0.018950223922729492, -0.6643264293670654, 1.8920670747756958, 0.016168594360351562, -1.262241244316101, -0.004549264907836914, 0.9559253692626953, -1.8033535786610166, -5.386924344897202, -4.034579928297677, -0.12866218729865686
1019, -0.018942832946777344, -0.6622393131256104, 1.8867380619049072, 0.016168594360351562, -1.2574931383132935, -0.004530906677246094, 0.9559024810791016, -1.8033753126520646, -5.386911093689277, -4.034582994580483, -0.12866331430691513
1020, -0.018979549407958984, -0.6601667404174805, 1.8812572956085205, 0.016159534454345703, -1.2525900602340698, -0.004539966583251953, 0.9558948516845703, -1.8034116588263882, -5.386904143601153, -4.0346060224774885, -0.12865260424561598
1021, -0.018986940383911133, -0.65743088722229, 1.8737871646881104, 0.016186952590942383, -1.2474035024642944, -0.004539966583251953, 0.9559024810791016, -1.8034182023908265, -5.386877637276178, -4.034633124412599, -0.12864545218229306
1022, -0.01900196075439453, -0.650660514831543, 1.8568733930587769, 0.016168594360351562, -1.235852837562561, -0.004567623138427734, 0.9558872222900391, -1.8034682394519281, -5.3868528111728775, -4.03466967487576, -0.12861052170721532
1023, -0.019023895263671875, -0.6474747657775879, 1.8489478826522827, 0.016186952590942383, -1.2330223321914673, -0.004549264907836914, 0.9559177398681641, -1.8034911475280144, -5.38683542378407, -4.034683127333923, -0.12861714247634737
1024, -0.019031286239624023, -0.6448123455047607, 1.842140793800354, 0.016186952590942383, -1.2286943197250366, -0.004576683044433594, 0.9559101104736328, -1.803530135765881, -5.386827267410222, -4.034688319029662, -0.1286378792452192
1025, -0.01904582977294922, -0.6422090530395508, 1.8356373310089111, 0.016196012496948242, -1.225690484046936, -0.004576683044433594, 0.9559177398681641, -1.8035657402999563, -5.386824225197961, -4.034706601065421, -0.1286611736680161
1026, -0.019038677215576172, -0.6399965286254883, 1.829820990562439, 0.016177892684936523, -1.2219833135604858, -0.004576683044433594, 0.9558948516845703, -1.803583832150704, -5.386807042436652, -4.034722478934157, -0.1286708549266402
1027, -0.019068241119384766, -0.635173499584198, 1.8179486989974976, 0.016177892684936523, -1.2135921716690063, -0.004576683044433594, 0.9559024810791016, -1.8036687255808477, -5.386798259661561, -4.0347530832097664, -0.12871688795415004
1028, -0.019083023071289062, -0.6322529315948486, 1.8112374544143677, 0.016177892684936523, -1.2087072134017944, -0.0045948028564453125, 0.9558948516845703, -1.803706764551665, -5.386784850067259, -4.034764728698006, -0.12871531199292896
1029, -0.019075632095336914, -0.6287791728973389, 1.803064227104187, 0.016196012496948242, -1.2043792009353638, -0.004567623138427734, 0.9558948516845703, -1.8037672275064949, -5.38678490034647, -4.03479996876285, -0.12872547038597215
1030, -0.01909017562866211, -0.6257185935974121, 1.795714020729065, 0.016196012496948242, -1.2002791166305542, -0.0045583248138427734, 0.9558872222900391, -1.8038274979177276, -5.3867869093308, -4.034832507723584, -0.1287223777371036
1031, -0.019119977951049805, -0.6225771903991699, 1.7883635759353638, 0.016177892684936523, -1.197914481163025, -0.004585742950439453, 0.9559101104736328, -1.803899842736589, -5.38677867258397, -4.034836946243209, -0.128716974049361
1032, -0.019134521484375, -0.6195902824401855, 1.7810691595077515, 0.016177892684936523, -1.193686604499817, -0.004585742950439453, 0.9559177398681641, -1.8039596144934316, -5.386764841548759, -4.034849783229993, -0.12870410004062816
1033, -0.019171476364135742, -0.6154379844665527, 1.7704991102218628, 0.016186952590942383, -1.1861997842788696, -0.004631519317626953, 0.9559024810791016, -1.8040640785488087, -5.386749817163464, -4.0348890610964245, -0.12870513445389786
1034, -0.019200801849365234, -0.6123330593109131, 1.7632606029510498, 0.016177892684936523, -1.1808489561080933, -0.004649639129638672, 0.9558948516845703, -1.8041291635689716, -5.386725811142718, -4.034916389640428, -0.12870482588554744
1035, -0.01923060417175293, -0.6094498634338379, 1.756669282913208, 0.016186952590942383, -1.1763931512832642, -0.0046770572662353516, 0.9559101104736328, -1.8041880848522407, -5.386720814414432, -4.034935779503644, -0.12870939125313807
1036, -0.019259929656982422, -0.6062192916870117, 1.7492390871047974, 0.016177892684936523, -1.1726495027542114, -0.00469517707824707, 0.9559101104736328, -1.8042641934169406, -5.386721754059586, -4.034973257291708, -0.12871109048869478
1037, -0.019304275512695312, -0.6021041870117188, 1.7397795915603638, 0.016186952590942383, -1.1680656671524048, -0.004704475402832031, 0.9559101104736328, -1.8043430219629284, -5.386717758015009, -4.035005672492343, -0.12870749722585195
1038, -0.019333839416503906, -0.5987634658813477, 1.7318699359893799, 0.016186952590942383, -1.1645046472549438, -0.00472259521484375, 0.9558948516845703, -1.8044117616645834, -5.38671117409058, -4.035012373509631, -0.1286807596915187
1039, -0.0193483829498291, -0.5955922603607178, 1.7242480516433716, 0.016177892684936523, -1.1608160734176636, -0.00472259521484375, 0.9559253692626953, -1.8044606120249367, -5.38668760156231, -4.035023162656803, -0.12865964841108912
1040, -0.01948833465576172, -0.5871479511260986, 1.7054888010025024, 0.016168594360351562, -1.147137999534607, -0.00472259521484375, 0.9558948516845703, -1.8046250592121882, -5.386653251447911, -4.03495377491173, -0.12861504066305685
1041, -0.0195770263671875, -0.5809752941131592, 1.6931768655776978, 0.016177892684936523, -1.1409834623336792, -0.004804849624633789, 0.9559253692626953, -1.8047940600842756, -5.3866115841373, -4.034891918133039, -0.12860120376891704
1042, -0.01962137222290039, -0.5746254920959473, 1.680721402168274, 0.016186952590942383, -1.1361991167068481, -0.004786491394042969, 0.9559177398681641, -1.804933543169038, -5.386564174404411, -4.034791195708517, -0.12860072308024684
1043, -0.01962137222290039, -0.5713067054748535, 1.6743695735931396, 0.016186952590942383, -1.1332041025161743, -0.004786491394042969, 0.9559253692626953, -1.8050258878988397, -5.386530588164502, -4.034726659842189, -0.1286159136807674
1044, -0.019606590270996094, -0.5670511722564697, 1.6661484241485596, 0.016186952590942383, -1.1280180215835571, -0.0048139095306396484, 0.9558872222900391, -1.805134181261458, -5.386453589415287, -4.034586230910376, -0.12860721509470174
1045, -0.019591808319091797, -0.5609891414642334, 1.6551789045333862, 0.016186952590942383, -1.1214345693588257, -0.0048139095306396484, 0.9559101104736328, -1.8053406046334153, -5.386430711290554, -4.034426356912648, -0.1285540102677345
1046, -0.01962137222290039, -0.5562691688537598, 1.6469976902008057, 0.016196012496948242, -1.116686463356018, -0.0048596858978271484, 0.9559101104736328, -1.8054674035584561, -5.386336737664079, -4.034229343964978, -0.12855192066792043
1047, -0.01970958709716797, -0.5510625839233398, 1.6385687589645386, 0.016196012496948242, -1.1120573282241821, -0.0048961639404296875, 0.9559177398681641, -1.8056333557785058, -5.386312524858896, -4.033993660839193, -0.12851948440785144
1048, -0.019680261611938477, -0.5442850589752197, 1.6288535594940186, 0.016214370727539062, -1.109418272972107, -0.0049326419830322266, 0.9559101104736328, -1.8058242631933341, -5.3862972736356385, -4.033639861720757, -0.12853266142760145
1049, -0.019650697708129883, -0.5337092876434326, 1.6136815547943115, 0.016196012496948242, -1.1031821966171265, -0.0049326419830322266, 0.9559024810791016, -1.8060725125751298, -5.386159041035491, -4.0330121638438365, -0.12861800230413145
1050, -0.019650697708129883, -0.5269980430603027, 1.6046135425567627, 0.016196012496948242, -1.1014288663864136, -0.004969120025634766, 0.9559253692626953, -1.806217320977151, -5.386217398104972, -4.032639131549829, -0.1286745556386526
1051, -0.019636154174804688, -0.5195937156677246, 1.594450831413269, 0.016196012496948242, -1.096105694770813, -0.004987478256225586, 0.9559177398681641, -1.8063403155255604, -5.386112397941558, -4.032146669571701, -0.1287380323166074
1052, -0.01962137222290039, -0.5114004611968994, 1.5831936597824097, 0.016196012496948242, -1.0905815362930298, -0.004987478256225586, 0.9559329986572266, -1.8065168425982852, -5.386101602159374, -4.031587042936135, -0.12878528766401676
1053, -0.01962876319885254, -0.5043203830718994, 1.5736302137374878, 0.016214370727539062, -1.0851486921310425, -0.004969120025634766, 0.9558948516845703, -1.806644665730848, -5.386138378055985, -4.031117779055874, -0.1288208268076927
1054, -0.019650697708129883, -0.49766063690185547, 1.5651214122772217, 0.016205310821533203, -1.082619309425354, -0.005005598068237305, 0.9559329986572266, -1.8067348511362957, -5.386077129177377, -4.030693815980923, -0.12881707565669664
1055, -0.019680261611938477, -0.4903523921966553, 1.555661916732788, 0.016214370727539062, -1.0789943933486938, -0.005033016204833984, 0.9559177398681641, -1.806815592739588, -5.386059048597554, -4.030238386113037, -0.12879922560339985
1056, -0.01971721649169922, -0.4811117649078369, 1.5440691709518433, 0.016196012496948242, -1.0751959085464478, -0.005023956298828125, 0.9559177398681641, -1.8069132482092694, -5.3861525225880476, -4.029689261959506, -0.12878379335242496
1057, -0.01975393295288086, -0.4719223976135254, 1.532428503036499, 0.016196012496948242, -1.071625828742981, -0.005042076110839844, 0.9559177398681641, -1.8069632316203417, -5.3860314254038375, -4.029131421453479, -0.12873624379140125
1058, -0.019776344299316406, -0.4671361446380615, 1.525941014289856, 0.016214370727539062, -1.068895697593689, -0.005042076110839844, 0.9559253692626953, -1.8070138972501724, -5.386035687704237, -4.028857454339111, -0.12868965204786953
1059, -0.019783735275268555, -0.45697352290153503, 1.5115519762039185, 0.016214370727539062, -1.0623122453689575, -0.0051975250244140625, 0.9559253692626953, -1.8071097609924605, -5.3860936456951265, -4.028312027886552, -0.12870744339888418
1060, -0.019871950149536133, -0.44730496406555176, 1.4972747564315796, 0.016214370727539062, -1.0549803972244263, -0.005434989929199219, 0.9559329986572266, -1.8072143543372432, -5.386023020663661, -4.02782442596012, -0.1286129136256262
1061, -0.01988697052001953, -0.43176600337028503, 1.4750001430511475, 0.016196012496948242, -1.0465525388717651, -0.005681514739990234, 0.9559177398681641, -1.8073780387005305, -5.385905335230894, -4.027024569339884, -0.12856729540943412
1062, -0.019960641860961914, -0.4238455295562744, 1.4638787508010864, 0.016205310821533203, -1.042261004447937, -0.005644798278808594, 0.9559101104736328, -1.8075309589339195, -5.386077991254098, -4.0266684547927545, -0.12855844329623078
1063, -0.019908905029296875, -0.4165074825286865, 1.4537560939788818, 0.016214370727539062, -1.0391839742660522, -0.005708932876586914, 0.9559329986572266, -1.8075447719099669, -5.38591992508644, -4.026248210407301, -0.1285994933517287
1064, -0.02006387710571289, -0.40668392181396484, 1.4403496980667114, 0.016205310821533203, -1.0326918363571167, -0.005745410919189453, 0.9559253692626953, -1.80769980574279, -5.386016437258621, -4.025807870192655, -0.12856652059860796
1065, -0.02010059356689453, -0.39825439453125, 1.4292043447494507, 0.016223669052124023, -1.026629090309143, -0.005781888961791992, 0.9559177398681641, -1.807769451240362, -5.386035110018953, -4.025389858431498, -0.12858693718042336
1066, -0.02019643783569336, -0.3904223144054413, 1.4187780618667603, 0.016205310821533203, -1.0213969945907593, -0.0058002471923828125, 0.9559101104736328, -1.8078577582121682, -5.386009777835752, -4.0249734404616895, -0.1285683299052751
1067, -0.02015972137451172, -0.37297317385673523, 1.3943382501602173, 0.016214370727539062, -1.0125857591629028, -0.00585484504699707, 0.9559253692626953, -1.808168736906696, -5.385987506022447, -4.02407782143919, -0.12856071183617335
1068, -0.02032184600830078, -0.36394643783569336, 1.3807960748672485, 0.016214370727539062, -1.0075455904006958, -0.005982875823974609, 0.9559177398681641, -1.8083295957685763, -5.38592889895532, -4.023668173347881, -0.1284906131842769
1069, -0.020380735397338867, -0.35637232661247253, 1.3693472146987915, 0.016214370727539062, -1.0021218061447144, -0.006165266036987305, 0.9559253692626953, -1.8084607791436242, -5.385893453930455, -4.023354211597315, -0.12843309894199617
1070, -0.020447492599487305, -0.3532083034515381, 1.3646174669265747, 0.016223669052124023, -0.99958336353302, -0.0062291622161865234, 0.9559253692626953, -1.8085049538229239, -5.385889967933074, -4.023221410634133, -0.12844197318520933
1071, -0.020425081253051758, -0.3467554748058319, 1.3551498651504517, 0.016196012496948242, -0.9942237138748169, -0.006265878677368164, 0.9559101104736328, -1.8085860105869052, -5.385881840083002, -4.022965416274668, -0.12843529441646506
1072, -0.02046942710876465, -0.34126830101013184, 1.3469526767730713, 0.016214370727539062, -0.9901422262191772, -0.0063478946685791016, 0.9559024810791016, -1.8086585237653126, -5.385865166594337, -4.022766109988524, -0.1284436851116597
1073, -0.02054309844970703, -0.33594390749931335, 1.3389390707015991, 0.016214370727539062, -0.9862433671951294, -0.006366252899169922, 0.9558872222900391, -1.808737804815232, -5.38584186886109, -4.022587099384086, -0.1284325191634279
1074, -0.020565271377563477, -0.3307151794433594, 1.331013560295105, 0.016223669052124023, -0.9837597608566284, -0.00641179084777832, 0.9559177398681641, -1.8088131126456548, -5.385842817084439, -4.022426962661043, -0.12845489264141197
1075, -0.02055072784423828, -0.32479310035705566, 1.322161316871643, 0.016196012496948242, -0.9800161123275757, -0.006430149078369141, 0.9559024810791016, -1.8088953942359, -5.385845630696158, -4.022250620504903, -0.12846122034675211
1076, -0.020653724670410156, -0.32081055641174316, 1.316296935081482, 0.016205310821533203, -0.9781898260116577, -0.006494045257568359, 0.9559177398681641, -1.8089337643355774, -5.3858465552296, -4.0221337434402065, -0.12846156157169464
1077, -0.0206758975982666, -0.31597256660461426, 1.3088828325271606, 0.016223669052124023, -0.976509690284729, -0.006658315658569336, 0.9559406280517578, -1.8090142989910452, -5.385847730448755, -4.021994570022358, -0.12845238715148533
1078, -0.020749568939208984, -0.31052255630493164, 1.3002699613571167, 0.016223669052124023, -0.9711958169937134, -0.006713151931762695, 0.9559177398681641, -1.8091085568786847, -5.38583279374056, -4.02184690648167, -0.12844282359439596
1079, -0.020801305770874023, -0.30615687370300293, 1.2934550046920776, 0.016223669052124023, -0.9671140909194946, -0.0067861080169677734, 0.9559101104736328, -1.8091918000381475, -5.385817182999027, -4.021726730012543, -0.12843792894907047
1080, -0.02077937126159668, -0.30104589462280273, 1.2855294942855835, 0.016232728958129883, -0.9621926546096802, -0.008420705795288086, 0.9559253692626953, -1.8092978461286982, -5.385819895599876, -4.021603745020467, -0.12846760718838546
1081, -0.02073502540588379, -0.29631829261779785, 1.2784746885299683, 0.016214370727539062, -0.9585767984390259, -0.010959148406982422, 0.9559101104736328, -1.809386372884862, -5.385821844983657, -4.021494697561845, -0.1285237156387895
1082, -0.020786523818969727, -0.2921295166015625, 1.272466778755188, 0.016223669052124023, -0.9561024904251099, -0.011050224304199219, 0.9559101104736328, -1.8094553875431751, -5.385794469964208, -4.02138976456224, -0.12850820862822232
1083, -0.020874977111816406, -0.2847251892089844, 1.261744737625122, 0.016214370727539062, -0.9517561197280884, -0.011059284210205078, 0.9558948516845703, -1.8096026519582002, -5.385764404786254, -4.021268398572711, -0.1284774626281715
1084, -0.02086019515991211, -0.28127384185791016, 1.2569191455841064, 0.016223669052124023, -0.9514731168746948, -0.011077642440795898, 0.9559177398681641, -1.809695292723555, -5.3857579098828525, -4.0212066994764175, -0.12846769472127129
1085, -0.020882606506347656, -0.2780802249908447, 1.2523971796035767, 0.016223669052124023, -0.949884295463562, -0.011077642440795898, 0.9559253692626953, -1.8097900978625059, -5.385741676230271, -4.021119527858227, -0.12843855649418678
1086, -0.020874977111816406, -0.27442240715026855, 1.2470600605010986, 0.016214370727539062, -0.94707190990448, -0.011068582534790039, 0.9559177398681641, -1.8099043842995832, -5.385715342415386, -4.021004364018434, -0.1284539779643854
1087, -0.020830869674682617, -0.27022624015808105, 1.2410600185394287, 0.016223669052124023, -0.9438215494155884, -0.01108694076538086, 0.9559177398681641, -1.8099853163186292, -5.385687792183582, -4.0208919657269, -0.1284646972165584
1088, -0.020904541015625, -0.26760077476501465, 1.2371771335601807, 0.016214370727539062, -0.9425705671310425, -0.011077642440795898, 0.9558872222900391, -1.810037783380689, -5.385658548219223, -4.020815166116541, -0.1284207467925791
1089, -0.020941495895385742, -0.2660958766937256, 1.2357149124145508, 0.016232728958129883, -0.9426892995834351, -0.011059284210205078, 0.9558948516845703, -1.8100586334267221, -5.385670965318983, -4.020751105467302, -0.12842589104749003
1090, -0.020882606506347656, -0.2654397487640381, 1.2357149124145508, 0.016232728958129883, -0.9427167177200317, -0.011077642440795898, 0.9559024810791016, -1.8100714234714892, -5.385684905245341, -4.020681276607888, -0.1284767089750929
1091, -0.021015167236328125, -0.264392614364624, 1.2350678443908691, 0.016241788864135742, -0.9427441358566284, -0.011077642440795898, 0.9559253692626953, -1.8101211868171299, -5.385631306229128, -4.020636742271773, -0.1283741288620286
1092, -0.02094888687133789, -0.2627551555633545, 1.2331664562225342, 0.016251087188720703, -0.9427076578140259, -0.01108694076538086, 0.9559177398681641, -1.8102809380069074, -5.385660289661443, -4.020619158947785, -0.12837126217220618
1093, -0.02103710174560547, -0.259967565536499, 1.2303462028503418, 0.016241788864135742, -0.9426892995834351, -0.011096000671386719, 0.9559253692626953, -1.8104840602900014, -5.3855718379623525, -4.020556023472267, -0.1282799758589288
1094, -0.02095627784729004, -0.25809431076049805, 1.2285723686218262, 0.016232728958129883, -0.9426709413528442, -0.011114358901977539, 0.9559253692626953, -1.8105997780915943, -5.385580143970608, -4.020491700316354, -0.12835614934482287
1095, -0.021022558212280273, -0.2559702396392822, 1.2264151573181152, 0.016260147094726562, -0.9426161050796509, -0.011068582534790039, 0.9559253692626953, -1.8107166857875807, -5.385559901065217, -4.0204264148395605, -0.12838444484040767
1096, -0.021059513092041016, -0.25467967987060547, 1.2251369953155518, 0.016269207000732422, -0.9425612688064575, -0.01108694076538086, 0.9559253692626953, -1.8107734293549311, -5.385510600390023, -4.0203911356912165, -0.12839162936307247
1097, -0.021007776260375977, -0.2537727355957031, 1.2243540287017822, 0.016241788864135742, -0.9425431489944458, -0.011096000671386719, 0.9559101104736328, -1.8108154212958196, -5.385529739873012, -4.020388415693601, -0.12847499482429647
1098, -0.02103710174560547, -0.25237131118774414, 1.2230198383331299, 0.016260147094726562, -0.9423788785934448, -0.011105060577392578, 0.9559101104736328, -1.8108706410390665, -5.385460669214278, -4.020393093830561, -0.12845589491329346
1099, -0.02095627784729004, -0.252208948135376, 1.2227401733398438, 0.016241788864135742, -0.9422327280044556, -0.011096000671386719, 0.9559101104736328, -1.8108831293999588, -5.38543244793182, -4.020443543568955, -0.12848426945441638
1100, -0.02100062370300293, -0.25202465057373047, 1.2226202487945557, 0.016241788864135742, -0.9415754079818726, -0.011105060577392578, 0.9559253692626953, -1.8108928309888976, -5.385383942992584, -4.020498689360088, -0.12845046683047823
1101, -0.021096229553222656, -0.25184035301208496, 1.2224605083465576, 0.016251087188720703, -0.9403609037399292, -0.011077642440795898, 0.9559329986572266, -1.8109145411904164, -5.385355135817987, -4.020555840438299, -0.12839287473623529
1102, -0.021096229553222656, -0.2516634464263916, 1.2222208976745605, 0.016260147094726562, -0.939466118812561, -0.011105060577392578, 0.9559253692626953, -1.8109520492834317, -5.385330626902382, -4.020612303862934, -0.1283862388238548
1103, -0.021074295043945312, -0.2514643669128418, 1.2219650745391846, 0.016232728958129883, -0.9389365911483765, -0.011114358901977539, 0.9559253692626953, -1.8109927424543462, -5.38530613423661, -4.020622430805991, -0.1283674086101927
1104, -0.021074295043945312, -0.25122833251953125, 1.221773386001587, 0.016260147094726562, -0.9386168718338013, -0.011105060577392578, 0.9559101104736328, -1.8109157255115176, -5.385337370318729, -4.020635050399795, -0.12837459093555026
1105, -0.02112579345703125, -0.25110316276550293, 1.2217414379119873, 0.016241788864135742, -0.9385071992874146, -0.01113271713256836, 0.9559253692626953, -1.8109489707826212, -5.385316237131797, -4.020654356679829, -0.12837325933781596
1106, -0.021147727966308594, -0.25098490715026855, 1.2216696739196777, 0.016241788864135742, -0.938470721244812, -0.011114358901977539, 0.9559177398681641, -1.8108987134300558, -5.38536072782509, -4.0206721794787335, -0.12838519318468045
1107, -0.021147727966308594, -0.25081515312194824, 1.2215576171875, 0.016241788864135742, -0.9384435415267944, -0.011096000671386719, 0.9559253692626953, -1.8109247921525546, -5.385378164812044, -4.020695781327945, -0.12841276545082625
1108, -0.021147727966308594, -0.2506530284881592, 1.221357822418213, 0.016241788864135742, -0.9384342432022095, -0.011105060577392578, 0.9559101104736328, -1.8109696858258055, -5.385350666084197, -4.020703129234949, -0.1284417959119546
1109, -0.021147727966308594, -0.25040221214294434, 1.220982551574707, 0.016241788864135742, -0.9384161233901978, -0.011114358901977539, 0.9559253692626953, -1.8109593393117607, -5.385365804896838, -4.020708604438495, -0.1284376001239247
1110, -0.021155118942260742, -0.250277042388916, 1.2207586765289307, 0.016251087188720703, -0.9384161233901978, -0.011114358901977539, 0.9559177398681641, -1.8109708388084007, -5.385386077132532, -4.020722937188637, -0.12841988612611388
1111, -0.0211331844329834, -0.2502400875091553, 1.2207348346710205, 0.016241788864135742, -0.9383796453475952, -0.011114358901977539, 0.9559101104736328, -1.811003671219683, -5.38536689994604, -4.020732960090252, -0.12842527709729712
1112, -0.0211331844329834, -0.2500631809234619, 1.2207188606262207, 0.016251087188720703, -0.9383522272109985, -0.011123418807983398, 0.9559253692626953, -1.811013625100486, -5.385366734559667, -4.02074575005207, -0.12840702732146525
1113, -0.0211331844329834, -0.2500114440917969, 1.2207188606262207, 0.016241788864135742, -0.9383155107498169, -0.011114358901977539, 0.9559253692626953, -1.8110212554608816, -5.385370365089557, -4.020751372334589, -0.12839138848709997
1114, -0.0211331844329834, -0.24990081787109375, 1.220646858215332, 0.016241788864135742, -0.9382880926132202, -0.011114358901977539, 0.9559101104736328, -1.811064655727726, -5.385342091870355, -4.0207658449764265, -0.12837589794189874
1115, -0.021147727966308594, -0.24976061284542084, 1.2205030918121338, 0.016251087188720703, -0.9382790327072144, -0.011105060577392578, 0.9559253692626953, -1.8110823613470073, -5.385327418806448, -4.020773774316931, -0.12836850575365144
1116, -0.021155118942260742, -0.24962067604064941, 1.2203114032745361, 0.016260147094726562, -0.938224196434021, -0.01108694076538086, 0.9559253692626953, -1.8110815008733698, -5.385332744015011, -4.020784571974518, -0.12836177511942193
1117, -0.021155118942260742, -0.24952459335327148, 1.2202074527740479, 0.016241788864135742, -0.9381877183914185, -0.01113271713256836, 0.9559177398681641, -1.811116073798054, -5.385291632816546, -4.02079097778474, -0.12836162598778245
1118, -0.021155118942260742, -0.2494509220123291, 1.2201194763183594, 0.016260147094726562, -0.9381057024002075, -0.011123418807983398, 0.9559329986572266, -1.8111234605449371, -5.385284994989922, -4.020796416558928, -0.12837852842907083
1119, -0.021147727966308594, -0.24939201772212982, 1.22003173828125, 0.016251087188720703, -0.9380232095718384, -0.011114358901977539, 0.9559253692626953, -1.811114807478168, -5.38529453863244, -4.020802607606701, -0.12836147643526452
1120, -0.021155118942260742, -0.2493257373571396, 1.2199597358703613, 0.016241788864135742, -0.9379593133926392, -0.011096000671386719, 0.9559177398681641, -1.8111425045218312, -5.385269682387545, -4.020809904297705, -0.12833888392422033
1121, -0.021192073822021484, -0.24887560307979584, 1.2196083068847656, 0.016251087188720703, -0.9349738359451294, -0.011123418807983398, 0.9559253692626953, -1.8111791174567193, -5.38522280475164, -4.020822822017776, -0.12833876328283722
1122, -0.02121424674987793, -0.24871349334716797, 1.2195043563842773, 0.016251087188720703, -0.9348913431167603, -0.011114358901977539, 0.9559177398681641, -1.8111853261929873, -5.385221884482958, -4.020817632806299, -0.1283797597652665
1123, -0.02120685577392578, -0.2485806792974472, 1.2193207740783691, 0.016241788864135742, -0.9348732233047485, -0.011141777038574219, 0.9559253692626953, -1.811205244028802, -5.3852108520103705, -4.020820555563946, -0.1284000158183174
1124, -0.02120685577392578, -0.24851441383361816, 1.2191848754882812, 0.016251087188720703, -0.934836745262146, -0.011123418807983398, 0.9559253692626953, -1.8112039154174582, -5.385225204598113, -4.0208182048375125, -0.12840439597609254
1125, -0.02122187614440918, -0.24845528602600098, 1.2191367149353027, 0.016241788864135742, -0.9348458051681519, -0.011141777038574219, 0.9559329986572266, -1.8112129856440817, -5.385230417699288, -4.020816669504601, -0.12839250509540445
1126, -0.02121424674987793, -0.24840378761291504, 1.219120979309082, 0.016214370727539062, -0.9348183870315552, -0.01113271713256836, 0.9559253692626953, -1.811210290420636, -5.385241731188148, -4.020818277607626, -0.12839274303199488
1127, -0.02122187614440918, -0.24834465980529785, 1.219080924987793, 0.016241788864135742, -0.934827446937561, -0.01113271713256836, 0.9559329986572266, -1.8112269466640354, -5.385237599998164, -4.02082081419757, -0.12836862688566697
1128, -0.02122187614440918, -0.24828575551509857, 1.2190170288085938, 0.016241788864135742, -0.9348093271255493, -0.01113271713256836, 0.9559329986572266, -1.8112270837749063, -5.385240998134926, -4.020821638236121, -0.128373459975613
1129, -0.021229028701782227, -0.24822688102722168, 1.218945026397705, 0.016241788864135742, -0.9348183870315552, -0.011150836944580078, 0.9559177398681641, -1.811245358476833, -5.385222498284435, -4.0208274459616, -0.1283869938913531
1130, -0.02122187614440918, -0.2481381744146347, 1.2188572883605957, 0.016232728958129883, -0.9348183870315552, -0.011123418807983398, 0.9559253692626953, -1.8112426110834805, -5.385216179169121, -4.020827489839206, -0.12836756255158033
1131, -0.021236419677734375, -0.24806450307369232, 1.218785285949707, 0.016241788864135742, -0.9348002672195435, -0.011123418807983398, 0.9559253692626953, -1.811242423092604, -5.385213377169103, -4.02082742769799, -0.12834343154064687
1132, -0.021243810653686523, -0.24802754819393158, 1.2187693119049072, 0.016232728958129883, -0.9348093271255493, -0.011114358901977539, 0.9559329986572266, -1.8112451598237913, -5.385200920918563, -4.020828107980013, -0.12831455624307964
1133, -0.021251201629638672, -0.24798321723937988, 1.2187373638153076, 0.016251087188720703, -0.9347909688949585, -0.011150836944580078, 0.9559329986572266, -1.8112507103071476, -5.38521031936843, -4.0208288973660995, -0.12831988772896796
1134, -0.021273374557495117, -0.24793195724487305, 1.2186894416809082, 0.016260147094726562, -0.9347909688949585, -0.01113271713256836, 0.9559253692626953, -1.8112602815727445, -5.385202995168826, -4.0208294807119405, -0.12833493891190617
1135, -0.021288156509399414, -0.2478950023651123, 1.2186336517333984, 0.016251087188720703, -0.9348093271255493, -0.01113271713256836, 0.9559177398681641, -1.8112590778945383, -5.38521730771688, -4.020829214249993, -0.12835250372207962
1136, -0.021295547485351562, -0.247880220413208, 1.21858549118042, 0.016251087188720703, -0.9348002672195435, -0.01113271713256836, 0.9559329986572266, -1.8112647216350675, -5.385206255618009, -4.0208254894339195, -0.12839806643697305
1137, -0.021273374557495117, -0.2478652000427246, 1.2185697555541992, 0.016251087188720703, -0.9347909688949585, -0.011114358901977539, 0.9559253692626953, -1.8112665348806176, -5.3852207078393795, -4.02082563679152, -0.12843342592123452
1138, -0.021280765533447266, -0.24782133102416992, 1.21854567527771, 0.016241788864135742, -0.9347728490829468, -0.01113271713256836, 0.9559329986572266, -1.8112880811373075, -5.3852081283681, -4.020822645105543, -0.12842335653016868
1139, -0.021265745162963867, -0.24776959419250488, 1.2184977531433105, 0.016251087188720703, -0.9348002672195435, -0.01113271713256836, 0.9559253692626953, -1.811289507153223, -5.38522173307226, -4.020821492646768, -0.12840921970541874
1140, -0.02125835418701172, -0.247725248336792, 1.2184498310089111, 0.016232728958129883, -0.9347728490829468, -0.011150836944580078, 0.9559177398681641, -1.8113005100481319, -5.385212915351052, -4.020826819784201, -0.1283886284327691
1141, -0.021265745162963867, -0.2476956695318222, 1.2184257507324219, 0.016232728958129883, -0.9347637891769409, -0.01113271713256836, 0.9559177398681641, -1.8113009021240305, -5.38520469589372, -4.020826083495049, -0.12837423922685876
1142, -0.021288156509399414, -0.2476663440465927, 1.2184178829193115, 0.016269207000732422, -0.9347637891769409, -0.011123418807983398, 0.9559329986572266, -1.81130071672933, -5.385209517286419, -4.0208278725536735, -0.12836433342824183
1143, -0.021310091018676758, -0.2476513385772705, 1.2183778285980225, 0.016251087188720703, -0.9347728490829468, -0.01113271713256836, 0.9559253692626953, -1.8113175217282174, -5.385184293267233, -4.020830577094165, -0.12837608323530247
1144, -0.021288156509399414, -0.24762940406799316, 1.2183380126953125, 0.016251087188720703, -0.9347728490829468, -0.011123418807983398, 0.9559253692626953, -1.8113126072033525, -5.385189793482908, -4.020831283126379, -0.12834957967252159
1145, -0.021310091018676758, -0.24758504331111908, 1.2182979583740234, 0.016241788864135742, -0.9347909688949585, -0.011159896850585938, 0.9525666809082032, -1.811327595688979, -5.385175129806618, -4.0208343547920595, -0.12834880637810642
1146, -0.021310091018676758, -0.24757027626037598, 1.2182660102844238, 0.016241788864135742, -0.9347363710403442, -0.011105060577392578, 0.9338346862792969, -1.811333536582377, -5.385187138263308, -4.0208347126642074, -0.12832754507572908
1147, -0.021310091018676758, -0.24754071235656738, 1.218250036239624, 0.016251087188720703, -0.9347728490829468, -0.011141777038574219, 0.9062939453125, -1.8113395667202254, -5.385183967221871, -4.020832452447982, -0.12832370069964583
1148, -0.021310091018676758, -0.2474524974822998, 1.218130111694336, 0.016251087188720703, -0.9347454309463501, -0.01113271713256836, 0.8881495666503906, -1.8113511121797283, -5.385186554200693, -4.020838346362712, -0.12833797093526478
1149, -0.021310091018676758, -0.24740074574947357, 1.2180583477020264, 0.016232728958129883, -0.93458092212677, -0.011159896850585938, 0.8516168212890625, -1.8113439993189162, -5.385198509083156, -4.020834994017294, -0.12835694125895536
1150, -0.021310091018676758, -0.24731945991516113, 1.2179465293884277, 0.016241788864135742, -0.9344350099563599, -0.011123418807983398, 0.7603306579589844, -1.8113477283660895, -5.385203928345823, -4.020832350705272, -0.12839373599330628
1151, -0.021332502365112305, -0.2472827434539795, 1.2179145812988281, 0.016232728958129883, -0.9345535039901733, -0.01113271713256836, 0.7362552642822265, -1.8113594453917687, -5.385194686995177, -4.020834713865527, -0.12841510055145022
1152, -0.02130270004272461, -0.24720144271850586, 1.2179064750671387, 0.016251087188720703, -0.9344989061355591, -0.011169195175170898, 0.6944402313232422, -1.811373459091072, -5.385200274276426, -4.020831409962875, -0.1284350370625269
1153, -0.021288156509399414, -0.24717211723327637, 1.2178664207458496, 0.016251087188720703, -0.9343711137771606, -0.011114358901977539, 0.6495413970947266, -1.8113798746262446, -5.385200390834271, -4.0208298609606, -0.1284294667994832
1154, -0.021288156509399414, -0.2470688670873642, 1.2177386283874512, 0.016241788864135742, -0.9343620538711548, -0.011141777038574219, 0.6046883392333985, -1.8114012610933932, -5.385196620278652, -4.020836765245472, -0.1284433503799436
1155, -0.02130270004272461, -0.2469801902770996, 1.2177066802978516, 0.016241788864135742, -0.934416651725769, -0.011178255081176758, 0.5771093368530273, -1.8113959087891733, -5.385200003340168, -4.020837520701416, -0.1284154642501747
1156, -0.02130270004272461, -0.24696564674377441, 1.2176828384399414, 0.016241788864135742, -0.9345444440841675, -0.011178255081176758, 0.5537210845947266, -1.8113985829953534, -5.3851957353952935, -4.020836403958789, -0.12840558054443552
1157, -0.021384000778198242, -0.24698781967163086, 1.2177467346191406, 0.016260147094726562, -0.9370008707046509, -0.011488676071166992, 0.5273710632324219, -1.8114253987688214, -5.385180816636875, -4.020834846640088, -0.12840133380648577
1158, -0.021605253219604492, -0.24733446538448334, 1.2172033786773682, 0.016260147094726562, -0.9380689859390259, -0.01157999038696289, 0.4824874496459961, -1.811481555391822, -5.385163375361725, -4.020825917302751, -0.12840237222230666
1159, -0.02205514907836914, -0.24845528602600098, 1.2164125442504883, 0.016260147094726562, -0.9436753988265991, -0.011680364608764648, 0.44315319061279296, -1.81163240654111, -5.385035443615488, -4.020752458938514, -0.12844006585201662
1160, -0.02209925651550293, -0.24945831298828125, 1.2159650325775146, 0.016241788864135742, -0.9451271295547485, -0.011652946472167969, 0.41468875885009765, -1.8118356281946608, -5.384927842041188, -4.02075888628893, -0.12851588934682745
1161, -0.022032737731933594, -0.2513463497161865, 1.215733289718628, 0.016251087188720703, -0.952121376991272, -0.011744260787963867, 0.3757667541503906, -1.8120667315743202, -5.384928782543602, -4.020873684513152, -0.12861046249896457
1162, -0.0220034122467041, -0.2531015872955322, 1.2143192291259766, 0.01630568504333496, -0.9601017236709595, -0.01168966293334961, 0.3485923385620117, -1.8122696846019408, -5.3848800988672645, -4.020975329775387, -0.1286309080708472
1163, -0.02204751968383789, -0.2551443576812744, 1.2123298645019531, 0.01633310317993164, -0.960558295249939, -0.011634588241577148, 0.32757030487060546, -1.8125767479213408, -5.384755313176469, -4.021034342543533, -0.1285658154659597
1164, -0.021826505661010742, -0.250225305557251, 1.2035255432128906, 0.01632404327392578, -0.9721544981002808, -0.011945247650146484, 0.26501577377319335, -1.8135694185468476, -5.38462670564289, -4.020631323980714, -0.12851179131176416
1165, -0.02206254005432129, -0.24383138120174408, 1.1948168277740479, 0.016196012496948242, -0.967497706413269, -0.018774986267089844, 0.24139076232910156, -1.8145477682632147, -5.384467719377334, -4.019796540272675, -0.12843135555644558
1166, -0.021973848342895508, -0.23788714408874512, 1.1887450218200684, 0.016177892684936523, -0.968657374382019, -0.02198004722595215, 0.23305522918701171, -1.815014553667962, -5.384400300102852, -4.01933171094307, -0.12845706107529864
1167, -0.021929502487182617, -0.23321889340877533, 1.1833999156951904, 0.016022682189941406, -0.9693969488143921, -0.02419877052307129, 0.22713947296142578, -1.8155062030840226, -5.384337067458487, -4.018975858861372, -0.12850980705361437
1168, -0.021959304809570312, -0.2293543815612793, 1.1785902976989746, 0.016041040420532227, -0.968164324760437, -0.025495290756225586, 0.22617000579833985, -1.816078588666354, -5.384204735250944, -4.018767176468275, -0.1285150550009071
1169, -0.021855831146240234, -0.22786450386047363, 1.176832675933838, 0.016013622283935547, -0.9684838056564331, -0.026098012924194336, 0.2259029197692871, -1.8163144048641011, -5.384181629313091, -4.018761721283953, -0.12853463345689775
1170, -0.021996259689331055, -0.22760653495788574, 1.176520824432373, 0.016004323959350586, -0.9686664342880249, -0.02634453773498535, 0.22575782775878905, -1.8163895507071435, -5.384154632043538, -4.018763977020841, -0.12847341209204632
1171, -0.021988630294799805, -0.227569580078125, 1.1764249801635742, 0.016013622283935547, -0.9687122106552124, -0.02639007568359375, 0.2255440902709961, -1.8164098627420442, -5.3841484956143, -4.018753528981111, -0.12844818112208145
1172, -0.022025585174560547, -0.22747373580932617, 1.1763691902160645, 0.015995264053344727, -0.9688400030136108, -0.02640843391418457, 0.2254677963256836, -1.8164355681601803, -5.384128051447283, -4.018720853899355, -0.12844942302104556
1173, -0.021951913833618164, -0.2273852825164795, 1.1762652397155762, 0.015977144241333008, -0.96882164478302, -0.02652716636657715, 0.22529983520507812, -1.8164877942142046, -5.3841106801945635, -4.018709676090393, -0.12850792265471878
1174, -0.0220034122467041, -0.22725963592529297, 1.176081657409668, 0.015977144241333008, -0.9688400030136108, -0.026554584503173828, 0.2252005958557129, -1.8165653474666508, -5.38408354938372, -4.018710687477935, -0.12851174479363525
1175, -0.022040128707885742, -0.2266993522644043, 1.175370454788208, 0.015995264053344727, -0.9688307046890259, -0.026582002639770508, 0.22505558013916016, -1.8167914707617199, -5.3840056735567074, -4.018734182534411, -0.1284844094378519
1176, -0.022032737731933594, -0.22661089897155762, 1.17521071434021, 0.015986204147338867, -0.9688674211502075, -0.026627540588378906, 0.22497928619384766, -1.81685032388418, -5.383983521231483, -4.018734659587469, -0.1285005681315079
1177, -0.022025585174560547, -0.22658132016658783, 1.1751627922058105, 0.015977144241333008, -0.9689129590988159, -0.026627540588378906, 0.22497159957885743, -1.8169063421098728, -5.38396015739561, -4.018731813609288, -0.1285380239120082
1178, -0.02205514907836914, -0.22652219235897064, 1.1750669479370117, 0.016004323959350586, -0.9688490629196167, -0.026682376861572266, 0.2248418426513672, -1.8170389428942761, -5.383922935921798, -4.018733133966304, -0.12853722812381285
1179, -0.02204751968383789, -0.22644877433776855, 1.174954891204834, 0.015967845916748047, -0.9688857793807983, -0.026691436767578125, 0.2248265838623047, -1.8171118188102018, -5.383911611758004, -4.018737996522554, -0.12855454671070632
1180, -0.0220181941986084, -0.22632336616516113, 1.1747233867645264, 0.015977144241333008, -0.9688674211502075, -0.026727914810180664, 0.22477310180664062, -1.8172276235340867, -5.383894314762616, -4.018749759879914, -0.12855630907589877
1181, -0.022040128707885742, -0.22619031369686127, 1.1744756698608398, 0.015977144241333008, -0.96882164478302, -0.026782751083374023, 0.22469680786132812, -1.8173753032376627, -5.383863240699467, -4.018751476766302, -0.12858003003740226
1182, -0.0220181941986084, -0.22593975067138672, 1.1741561889648438, 0.015958786010742188, -0.9687668085098267, -0.026819467544555664, 0.2246738624572754, -1.8175344657251546, -5.383810049209242, -4.018748891041307, -0.12858293021130418
1183, -0.022040128707885742, -0.225799560546875, 1.1739003658294678, 0.015986204147338867, -0.9687851667404175, -0.026846647262573242, 0.2246128273010254, -1.8176524195697703, -5.383770720213944, -4.018753611287147, -0.12858793476965147
1184, -0.022025585174560547, -0.22574067115783691, 1.1737804412841797, 0.015958786010742188, -0.9688307046890259, -0.026865005493164062, 0.22458999633789062, -1.8177171136555808, -5.383751976295991, -4.018755119213117, -0.12859263426095424
1185, -0.022032737731933594, -0.22567439079284668, 1.1736927032470703, 0.015949726104736328, -0.9687758684158325, -0.026865005493164062, 0.2245517921447754, -1.8177913848904037, -5.383730474924167, -4.018753554825028, -0.12858343580465714
1186, -0.02205514907836914, -0.22560787200927734, 1.1735727787017822, 0.015986204147338867, -0.9687942266464233, -0.026874065399169922, 0.2245670509338379, -1.8178965504563194, -5.383703653359097, -4.018743638570332, -0.1285734717460576
1187, -0.022040128707885742, -0.22553396224975586, 1.1734209060668945, 0.015977144241333008, -0.9688125848770142, -0.0269014835357666, 0.2244907569885254, -1.8181535755097609, -5.383655434334738, -4.018732340285215, -0.1286007395193165
1188, -0.02204751968383789, -0.22543835639953613, 1.1733012199401855, 0.015949726104736328, -0.96882164478302, -0.02691054344177246, 0.22445255279541015, -1.8182967050731222, -5.383631885760538, -4.018714558285113, -0.1286135965394264
1189, -0.022040128707885742, -0.2254013866186142, 1.1731493473052979, 0.015958786010742188, -0.9688307046890259, -0.02693796157836914, 0.22443729400634765, -1.818404499034105, -5.383615002499735, -4.018707603436472, -0.12860047185240386
1190, -0.02204751968383789, -0.22534966468811035, 1.1730055809020996, 0.015949726104736328, -0.9688125848770142, -0.0269927978515625, 0.22439151763916015, -1.818500211928098, -5.383600678433881, -4.018702288028421, -0.128600568734627
1191, -0.02204751968383789, -0.22530530393123627, 1.1728696823120117, 0.015949726104736328, -0.9687851667404175, -0.0269927978515625, 0.22437625885009765, -1.818596733883355, -5.383589741965175, -4.018695741999173, -0.12862751701752106
1192, -0.022025585174560547, -0.22489260137081146, 1.172358512878418, 0.015949726104736328, -0.9688583612442017, -0.02705669403076172, 0.22436857223510742, -1.8188250887437531, -5.383534598611667, -4.0186731640494, -0.12862567309133333
1193, -0.022040128707885742, -0.22478938102722168, 1.172182559967041, 0.015931367874145508, -0.9687942266464233, -0.02704763412475586, 0.22434574127197265, -1.8189223072733443, -5.383511401150597, -4.018672050234144, -0.12864507352773114
1194, -0.02205514907836914, -0.22466397285461426, 1.1718392372131348, 0.01592230796813965, -0.96882164478302, -0.02709341049194336, 0.2242845916748047, -1.8191788091548466, -5.383423277488365, -4.018669789852216, -0.12867721968177293
1195, -0.02204751968383789, -0.22459004819393158, 1.1716554164886475, 0.01592230796813965, -0.9688032865524292, -0.027111530303955078, 0.22426176071166992, -1.819328938150878, -5.383380250999417, -4.0186672520906965, -0.12869485054144292
1196, -0.02205514907836914, -0.2244720458984375, 1.171431541442871, 0.01592230796813965, -0.9687668085098267, -0.02709341049194336, 0.2242540740966797, -1.8194672894360377, -5.383342607432999, -4.018658767669637, -0.1286974312364384
1197, -0.02204751968383789, -0.22436879575252533, 1.1712398529052734, 0.01592230796813965, -0.9686390161514282, -0.027138948440551758, 0.22424650192260742, -1.819297545696322, -5.383393588655498, -4.018655621141641, -0.12870499349454967
1198, -0.022032737731933594, -0.2242288440465927, 1.1710081100463867, 0.015931367874145508, -0.9685660600662231, -0.027138948440551758, 0.2241930389404297, -1.8194487641025927, -5.383355694742392, -4.018656936505852, -0.12870608669507355
1199, -0.022040128707885742, -0.22411084175109863, 1.170872449874878, 0.015940427780151367, -0.9686483144760132, -0.027148008346557617, 0.2242235565185547, -1.8193301796054642, -5.383399999502372, -4.018659374782934, -0.12869601088863192
1200, -0.0220181941986084, -0.22408127784729004, 1.1708085536956787, 0.015940427780151367, -0.9686299562454224, -0.027138948440551758, 0.22415483474731446, -1.81942775471228, -5.383368688021504, -4.018660394270358, -0.1287114404769545
1201, -0.022025585174560547, -0.22393392026424408, 1.170616626739502, 0.015913009643554688, -0.9686208963394165, -0.027202844619750977, 0.22410905838012696, -1.8194048212491198, -5.3833647047055715, -4.018672284159202, -0.1287167199066328
1202, -0.022032737731933594, -0.22388958930969238, 1.1705129146575928, 0.015931367874145508, -0.9686118364334106, -0.027184486389160156, 0.2241014862060547, -1.8194769805942042, -5.383342791194834, -4.018678245534218, -0.12871917397401322
1203, -0.022040128707885742, -0.22379374504089355, 1.1703770160675049, 0.01592230796813965, -0.9685477018356323, -0.027166366577148438, 0.22409379959106446, -1.8194018814283552, -5.383363307973875, -4.018684273342035, -0.12873485635452564
1204, -0.022040128707885742, -0.22370503842830658, 1.170241355895996, 0.01592230796813965, -0.968575119972229, -0.027211904525756836, 0.22402507781982423, -1.8195178678580781, -5.3833232344347195, -4.01870075787209, -0.12873283399119995
1205, -0.02204751968383789, -0.22350597381591797, 1.1699934005737305, 0.01592230796813965, -0.9685660600662231, -0.027184486389160156, 0.22404033660888673, -1.8194503068654717, -5.383350724348471, -4.018707861102628, -0.1287296958885813
1206, -0.022032737731933594, -0.22336578369140625, 1.169825792312622, 0.015913009643554688, -0.9685477018356323, -0.027211904525756836, 0.22403276443481446, -1.8195262414319182, -5.383322461618406, -4.018716573603667, -0.1287436979221983
1207, -0.02204751968383789, -0.22329948842525482, 1.1697299480438232, 0.015903949737548828, -0.9685202836990356, -0.027230262756347656, 0.22400981903076173, -1.8195228207501497, -5.383321939475241, -4.018717715770705, -0.1287291528894574
1208, -0.022040128707885742, -0.22325515747070312, 1.1696419715881348, 0.015913009643554688, -0.9684838056564331, -0.027220964431762695, 0.22401750564575196, -1.819508973548829, -5.383330421264632, -4.018713412980879, -0.1287442035128512
1209, -0.022040128707885742, -0.22319626808166504, 1.169569969177246, 0.015913009643554688, -0.9684382677078247, -0.027220964431762695, 0.22397172927856446, -1.8195758528535342, -5.383304825867281, -4.018717011771582, -0.12874957983097968
1210, -0.022040128707885742, -0.2231888622045517, 1.1695141792297363, 0.015913009643554688, -0.9684382677078247, -0.027248382568359375, 0.22397172927856446, -1.8195267262828387, -5.3833276689643315, -4.01872214145035, -0.12875580375671003
1211, -0.022032737731933594, -0.22313714027404785, 1.1694343090057373, 0.015913009643554688, -0.9684289693832397, -0.027239322662353516, 0.22397930145263673, -1.8195888815482961, -5.38331574766376, -4.018723846257126, -0.12874394351565943
1212, -0.022032737731933594, -0.2231152057647705, 1.169370412826538, 0.015913009643554688, -0.9683924913406372, -0.027257442474365234, 0.22394107818603515, -1.8195530900957075, -5.383335653832742, -4.018724974757624, -0.1287275464301496
1213, -0.022040128707885742, -0.22304891049861908, 1.1692664623260498, 0.015913009643554688, -0.9683924913406372, -0.027293920516967773, 0.22392581939697265, -1.8196232939759172, -5.383314710048514, -4.018729795531411, -0.12870959609341348
1214, -0.022025585174560547, -0.2229897826910019, 1.1691865921020508, 0.015913009643554688, -0.9683014154434204, -0.027293920516967773, 0.22391056060791015, -1.8195871379098199, -5.383334348456354, -4.018733598455014, -0.1287222075203065
1215, -0.022040128707885742, -0.2229897826910019, 1.1691627502441406, 0.015894651412963867, -0.9682556390762329, -0.027303218841552734, 0.22390300750732423, -1.819590093946999, -5.383336263299355, -4.01873140191763, -0.12872223726095378
1216, -0.022040128707885742, -0.2229456901550293, 1.169090747833252, 0.015913009643554688, -0.9682737588882446, -0.027293920516967773, 0.22387248992919923, -1.8196375347479274, -5.383313127824664, -4.018732833055867, -0.12872921237073864
1217, -0.02205514907836914, -0.2229158878326416, 1.1689789295196533, 0.015903949737548828, -0.9681369066238403, -0.027321338653564453, 0.22388004302978515, -1.8196047595422613, -5.383321705320546, -4.018735510713153, -0.1287366335902309
1218, -0.02204751968383789, -0.22289395332336426, 1.168931007385254, 0.015913009643554688, -0.9681369066238403, -0.027284860610961914, 0.22385723114013673, -1.8196414862832286, -5.383307545537702, -4.0187360095147815, -0.12874746057807496
1219, -0.022040128707885742, -0.22284221649169922, 1.1688032150268555, 0.015894651412963867, -0.9678903818130493, -0.027330636978149414, 0.22442203521728515, -1.8196485684413481, -5.383303960153016, -4.018742253324906, -0.12877159789454762
1220, -0.022069931030273438, -0.2227463573217392, 1.168715238571167, 0.015913009643554688, -0.9600013494491577, -0.027120590209960938, 0.238337459564209, -1.819696553884239, -5.383305724319528, -4.018741727668273, -0.12876281580826543
1221, -0.02214336395263672, -0.21571825444698334, 1.166693925857544, 0.016004323959350586, -0.9322527647018433, -0.026892423629760742, 0.32426513671875, -1.8195291347536675, -5.38338164257153, -4.018788879607032, -0.1289500060288047
1222, -0.022173166275024414, -0.21203064918518066, 1.1656551361083984, 0.016068220138549805, -0.9236241579055786, -0.025723695755004883, 0.36490463256835937, -1.8192984608994411, -5.38348068967215, -4.018813923915362, -0.1290699741291279
1223, -0.022217512130737305, -0.20840215682983398, 1.1653437614440918, 0.016123056411743164, -0.9242357015609741, -0.025111913681030273, 0.4032770538330078, -1.818815213449287, -5.383604215329041, -4.01891087603785, -0.12931882920498694
1224, -0.021929502487182617, -0.20846128463745117, 1.1655592918395996, 0.016159534454345703, -0.9257057905197144, -0.025102853775024414, 0.4178489303588867, -1.8182437495918138, -5.383744096748818, -4.019039136775248, -0.12959290835617487
1225, -0.021516799926757812, -0.2092134952545166, 1.1655194759368896, 0.016196012496948242, -0.9250484704971313, -0.02477407455444336, 0.450359001159668, -1.8178179933529202, -5.383833549991865, -4.01916882477149, -0.12977628146451448
1226, -0.02130270004272461, -0.20934629440307617, 1.1654555797576904, 0.016260147094726562, -0.9233502149581909, -0.02473735809326172, 0.47989974975585936, -1.8175766138469762, -5.3838949939511895, -4.01923938200908, -0.12978833256954747
1227, -0.021066904067993164, -0.2092282623052597, 1.1654555797576904, 0.016287565231323242, -0.9213687181472778, -0.02470993995666504, 0.5081962203979492, -1.8172464402356352, -5.3840697994044495, -4.019325381217871, -0.12974497132067242
1228, -0.020970821380615234, -0.209028959274292, 1.166158676147461, 0.01631474494934082, -0.921103835105896, -0.024554967880249023, 0.526966438293457, -1.8169015512523647, -5.384151894762345, -4.0194496038098855, -0.12968545054328118
1229, -0.020978212356567383, -0.20922088623046875, 1.1673171520233154, 0.01637864112854004, -0.9201909303665161, -0.024518489837646484, 0.6342290496826172, -1.816069140014167, -5.384352326287989, -4.019817185351082, -0.12950147140617574
1230, -0.020601987838745117, -0.21105718612670898, 1.1691784858703613, 0.01636052131652832, -0.9203459024429321, -0.024509191513061523, 0.6889900970458984, -1.815539630081823, -5.38444699521683, -4.020093943516478, -0.12951125615285353
1231, -0.020403146743774414, -0.21977448463439941, 1.1782307624816895, 0.01640605926513672, -0.9214781522750854, -0.024435997009277344, 0.8267476654052734, -1.8141907741913288, -5.384684943878438, -4.020637888776933, -0.12911093168492016
1232, -0.020447492599487305, -0.2211458683013916, 1.1795248985290527, 0.01640605926513672, -0.9222999811172485, -0.024445295333862305, 0.8747837829589844, -1.8139176837026851, -5.384597392900334, -4.020613469322363, -0.12901999661644314
1233, -0.020646333694458008, -0.22243665158748627, 1.1807873249053955, 0.01640605926513672, -0.9252675771713257, -0.024463415145874023, 0.9259265899658203, -1.8137053923765536, -5.384626681192595, -4.020594037824107, -0.12890882534439374
1234, -0.020823240280151367, -0.2229013293981552, 1.1811389923095703, 0.01639699935913086, -0.926235556602478, -0.024408817291259766, 0.9499332427978515, -1.8136455478679967, -5.384684161750221, -4.0205814464007705, -0.12885283650270463
1235, -0.02094888687133789, -0.22343969345092773, 1.1813786029815674, 0.01637864112854004, -0.9257696866989136, -0.023778676986694336, 0.957398681640625, -1.8135304290199517, -5.38457525002683, -4.0205330664047905, -0.12883602072544065
1236, -0.020978212356567383, -0.2240591049194336, 1.1818418502807617, 0.01640605926513672, -0.9256783723831177, -0.023760557174682617, 0.95755126953125, -1.813505963334046, -5.384589682339071, -4.020574540580975, -0.1289284089258418
1237, -0.020941495895385742, -0.22446465492248535, 1.1824331283569336, 0.01640605926513672, -0.9256237745285034, -0.023797035217285156, 0.9575283050537109, -1.8135253036036385, -5.384651025063848, -4.020606497386767, -0.1290424075025447
1238, -0.020919322967529297, -0.2245016098022461, 1.1828885078430176, 0.016415119171142578, -0.9255234003067017, -0.023769617080688477, 0.9575588989257813, -1.8134714694419762, -5.384584326893621, -4.020564384414507, -0.12912652619453446
1239, -0.02091193199157715, -0.224442720413208, 1.1832480430603027, 0.01640605926513672, -0.9255324602127075, -0.023742198944091797, 0.95755126953125, -1.8134470740827062, -5.384574876335027, -4.020554271413018, -0.129167388721676
1240, -0.020941495895385742, -0.2244575023651123, 1.183511734008789, 0.01640605926513672, -0.9255050420761108, -0.023760557174682617, 0.9575436401367188, -1.813483101798, -5.384648640803953, -4.020583593228376, -0.1291829381127414
1241, -0.02091193199157715, -0.22443532943725586, 1.183567762374878, 0.01640605926513672, -0.9254776239395142, -0.023760557174682617, 0.9575436401367188, -1.8134246138309007, -5.384607330324245, -4.020540487648302, -0.12916370854138215
1242, -0.02089715003967285, -0.224442720413208, 1.183567762374878, 0.01640605926513672, -0.9254776239395142, -0.023742198944091797, 0.9575588989257813, -1.8134003655270705, -5.384617893529464, -4.020534034078997, -0.1291604221689564
1243, -0.020845651626586914, -0.2245016098022461, 1.1835517883300781, 0.01640605926513672, -0.9254776239395142, -0.023769617080688477, 0.9575588989257813, -1.813421680113729, -5.384696488396876, -4.020530839211464, -0.12915367712276282
1244, -0.020845651626586914, -0.22454595565795898, 1.1835517883300781, 0.016415119171142578, -0.9254683256149292, -0.023724079132080078, 0.95755126953125, -1.813396088754485, -5.384657439430197, -4.020505205570065, -0.1291486796151471
1245, -0.02086019515991211, -0.22463440895080566, 1.1835517883300781, 0.01642441749572754, -0.92548668384552, -0.023751258850097656, 0.9575588989257813, -1.813382326983806, -5.3846480802158085, -4.0205025226442, -0.12913818721197323
1246, -0.02091193199157715, -0.22472286224365234, 1.1835837364196777, 0.016415119171142578, -0.9254957437515259, -0.023733139038085938, 0.9575665283203125, -1.8134149955130883, -5.384699676672317, -4.020524442938199, -0.1291283860289809
1247, -0.020926475524902344, -0.2247302532196045, 1.1835837364196777, 0.016387939453125, -0.9254957437515259, -0.023760557174682617, 0.9575588989257813, -1.8134144898366538, -5.384673175396046, -4.0205155067593505, -0.1291435780150172
1248, -0.020941495895385742, -0.22475957870483398, 1.183647632598877, 0.016415119171142578, -0.9254409074783325, -0.023742198944091797, 0.95755126953125, -1.8134127972345875, -5.384643802297057, -4.020517594319924, -0.12917398454508433
1249, -0.020933866500854492, -0.22476720809936523, 1.183687686920166, 0.01642441749572754, -0.9254683256149292, -0.023751258850097656, 0.9575665283203125, -1.8134369435104605, -5.384662867033087, -4.020535584051756, -0.1291931551493466
1250, -0.020941495895385742, -0.22476720809936523, 1.183727502822876, 0.016415119171142578, -0.9254683256149292, -0.023751258850097656, 0.9575588989257813, -1.8134310940599683, -5.384621289286221, -4.020520897667284, -0.1291758059164776
1251, -0.020941495895385742, -0.22473762929439545, 1.1837353706359863, 0.01639699935913086, -0.9254683256149292, -0.023742198944091797, 0.9575741577148438, -1.8134062751465, -5.384585597170404, -4.02051290459347, -0.1291360366313512
1252, -0.020933866500854492, -0.22476720809936523, 1.1837434768676758, 0.01640605926513672, -0.9254776239395142, -0.023751258850097656, 0.9575741577148438, -1.8134241890169496, -5.3846148816455, -4.020531445428824, -0.1290759147934546
1253, -0.020919322967529297, -0.22477459907531738, 1.1837353706359863, 0.01640605926513672, -0.9254502058029175, -0.023760557174682617, 0.9575588989257813, -1.813412800834575, -5.384576830467141, -4.020512350123928, -0.12901878910646225
1254, -0.020919322967529297, -0.22478197515010834, 1.1837515830993652, 0.01639699935913086, -0.9254683256149292, -0.023751258850097656, 0.9575665283203125, -1.8133982581522154, -5.38455080756491, -4.020505811579083, -0.12898045508097677
1255, -0.020933866500854492, -0.22478938102722168, 1.1837434768676758, 0.016415119171142578, -0.9254957437515259, -0.023733139038085938, 0.9575665283203125, -1.8134193607548665, -5.384579434675074, -4.020519315083445, -0.12892783616458114
1256, -0.02094888687133789, -0.22479653358459473, 1.1837515830993652, 0.01640605926513672, -0.9255141019821167, -0.023742198944091797, 0.9575894165039063, -1.813422113248901, -5.384556704453407, -4.0205103078497215, -0.12892730752658643
1257, -0.020978212356567383, -0.22478938102722168, 1.1837515830993652, 0.01642441749572754, -0.9254776239395142, -0.023724079132080078, 0.9575894165039063, -1.813426341405235, -5.3845371845068355, -4.020506722322843, -0.12893278038387113
1258, -0.021015167236328125, -0.22478938102722168, 1.1837594509124756, 0.016415119171142578, -0.9254957437515259, -0.023733139038085938, 0.957581787109375, -1.813445932603118, -5.384559413881304, -4.020514475640323, -0.12894285641408132
1259, -0.02103710174560547, -0.22478938102722168, 1.183767318725586, 0.01640605926513672, -0.9254683256149292, -0.023714780807495117, 0.9575741577148438, -1.8134466416262094, -5.384553215454709, -4.020506411033921, -0.1289862838378779
1260, -0.021066904067993164, -0.22477459907531738, 1.1837754249572754, 0.01639699935913086, -0.9254683256149292, -0.023742198944091797, 0.9575741577148438, -1.8134332013732122, -5.384520015569498, -4.020492612058035, -0.12901103956621274
1261, -0.021066904067993164, -0.22480392456054688, 1.1837754249572754, 0.01640605926513672, -0.9254776239395142, -0.0236966609954834, 0.9575741577148438, -1.8134426679863456, -5.384563696059599, -4.020499479141963, -0.12904234601154307
1262, -0.021044492721557617, -0.22481130063533783, 1.1837754249572754, 0.01640605926513672, -0.92548668384552, -0.023751258850097656, 0.957581787109375, -1.813435577134658, -5.384575514659244, -4.020488191949381, -0.12904305979605635
1263, -0.02103710174560547, -0.22478938102722168, 1.1837754249572754, 0.01640605926513672, -0.9254776239395142, -0.023733139038085938, 0.957581787109375, -1.8134191476798467, -5.38455076449865, -4.020470637151094, -0.12905831945285584
1264, -0.021029949188232422, -0.22479653358459473, 1.1837754249572754, 0.01639699935913086, -0.9254683256149292, -0.023724079132080078, 0.9575588989257813, -1.8134267027703255, -5.384578187299896, -4.020475134210763, -0.1290570405894096
1265, -0.021029949188232422, -0.22480392456054688, 1.1837992668151855, 0.01640605926513672, -0.9254683256149292, -0.023705720901489258, 0.9575894165039063, -1.8134337715680597, -5.384589872083956, -4.020469629711461, -0.12905119496965956
1266, -0.021007776260375977, -0.22478197515010834, 1.1837913990020752, 0.01640605926513672, -0.9254776239395142, -0.023724079132080078, 0.9575894165039063, -1.813427668066759, -5.384566678690671, -4.020460716699116, -0.12904842905527936
1267, -0.021015167236328125, -0.22479653358459473, 1.1837913990020752, 0.01639699935913086, -0.9254409074783325, -0.023733139038085938, 0.9575894165039063, -1.813447769908266, -5.384591925981602, -4.020473251127647, -0.12905187901292425
1268, -0.021022558212280273, -0.22480392456054688, 1.183807373046875, 0.01640605926513672, -0.9254683256149292, -0.023724079132080078, 0.957581787109375, -1.8134472685167324, -5.384587538664147, -4.020472947363377, -0.1290578061684
1269, -0.021044492721557617, -0.22481870651245117, 1.1838154792785645, 0.01640605926513672, -0.9254409074783325, -0.023724079132080078, 0.9575894165039063, -1.8134312552865135, -5.384565529767976, -4.020467126466175, -0.1290679939762951
1270, -0.02103710174560547, -0.22480392456054688, 1.1838233470916748, 0.01640605926513672, -0.9254592657089233, -0.023724079132080078, 0.9575894165039063, -1.813447658820952, -5.38458607356018, -4.020478910889337, -0.12905487617507116
1271, -0.021044492721557617, -0.22481870651245117, 1.1838233470916748, 0.01639699935913086, -0.9254776239395142, -0.023724079132080078, 0.9575665283203125, -1.8134414240960242, -5.384581193453218, -4.0204750998178636, -0.1290302922056732
1272, -0.021022558212280273, -0.22481130063533783, 1.1838233470916748, 0.016415119171142578, -0.9254409074783325, -0.023714780807495117, 0.9575894165039063, -1.813448667255051, -5.3845698660050765, -4.020478315801047, -0.1289876154944558
1273, -0.021029949188232422, -0.22481130063533783, 1.1838233470916748, 0.01640605926513672, -0.9254592657089233, -0.023714780807495117, 0.9575894165039063, -1.8134474617530434, -5.3845838868138465, -4.02047944747936, -0.12896584205186823
1274, -0.021022558212280273, -0.22481130063533783, 1.1838312149047852, 0.01639699935913086, -0.9254776239395142, -0.023705720901489258, 0.9576046752929688, -1.8134371022864946, -5.384573945780856, -4.020472548406018, -0.1289386178141978
1275, -0.021015167236328125, -0.22481130063533783, 1.1838393211364746, 0.016415119171142578, -0.9254683256149292, -0.023760557174682617, 0.9575894165039063, -1.8134474528367481, -5.384576080157656, -4.020479581478292, -0.12892682398889477
1276, -0.021022558212280273, -0.22482633590698242, 1.1838393211364746, 0.01639699935913086, -0.9254502058029175, -0.023733139038085938, 0.9575970458984375, -1.8134549979821908, -5.384585480956762, -4.020486777840872, -0.12894508748846256
1277, -0.021022558212280273, -0.22481870651245117, 1.1838393211364746, 0.016415119171142578, -0.9254502058029175, -0.023724079132080078, 0.957581787109375, -1.813452451723872, -5.384570524980675, -4.0204774431359525, -0.12895740178280146
1278, -0.021029949188232422, -0.22481130063533783, 1.1838393211364746, 0.01639699935913086, -0.9254502058029175, -0.023733139038085938, 0.9575970458984375, -1.813465582519469, -5.384564668596199, -4.020481271988453, -0.12897859477892126
1279, -0.02103710174560547, -0.22482633590698242, 1.183847427368164, 0.01640605926513672, -0.9254776239395142, -0.023705720901489258, 0.9575894165039063, -1.8134787515654696, -5.384577456059552, -4.020488763597187, -0.12898784573994337
1280, -0.021022558212280273, -0.22484087944030762, 1.183847427368164, 0.016415119171142578, -0.9254502058029175, -0.023724079132080078, 0.9575970458984375, -1.813463595735166, -5.384571656838363, -4.020477474802595, -0.12901431158066856
1281, -0.02103710174560547, -0.22483348846435547, 1.183847427368164, 0.016415119171142578, -0.9254776239395142, -0.023705720901489258, 0.9575894165039063, -1.8134623155517162, -5.384575744221975, -4.020472796718536, -0.12901782870920986
1282, -0.02103710174560547, -0.22482633590698242, 1.1838552951812744, 0.01639699935913086, -0.9254683256149292, -0.023724079132080078, 0.9575970458984375, -1.8134870276187303, -5.38458956664277, -4.02048238912377, -0.12902525728397496
1283, -0.021029949188232422, -0.22482633590698242, 1.1838631629943848, 0.01639699935913086, -0.9254592657089233, -0.023705720901489258, 0.9575894165039063, -1.8134852825605823, -5.38458778990616, -4.020479640641343, -0.12903049939129208
1284, -0.021022558212280273, -0.22481870651245117, 1.183847427368164, 0.01640605926513672, -0.9254502058029175, -0.0236966609954834, 0.9575894165039063, -1.813486410785918, -5.384585770517891, -4.0204756152801195, -0.12902789655054292
1285, -0.02100062370300293, -0.22481870651245117, 1.1838552951812744, 0.01640605926513672, -0.9254592657089233, -0.023705720901489258, 0.9575894165039063, -1.8134965282193962, -5.38458443251378, -4.020479683000781, -0.12900629487155246
1286, -0.021022558212280273, -0.22481870651245117, 1.1838712692260742, 0.01642441749572754, -0.9254502058029175, -0.023724079132080078, 0.9575741577148438, -1.813496388766057, -5.384573577221527, -4.020479997724057, -0.1289974079895524
1287, -0.021015167236328125, -0.22484087944030762, 1.183887243270874, 0.016415119171142578, -0.9254683256149292, -0.0236966609954834, 0.9575970458984375, -1.8134878206483713, -5.384565945342579, -4.020477056996748, -0.12899248534698948
1288, -0.021022558212280273, -0.22486279904842377, 1.1838951110839844, 0.01639699935913086, -0.9254776239395142, -0.0236966609954834, 0.9576046752929688, -1.8134962597726956, -5.384571075777956, -4.020485470036502, -0.12900738760628627
1289, -0.021007776260375977, -0.22492192685604095, 1.183943271636963, 0.01640605926513672, -0.92548668384552, -0.02368760108947754, 0.957581787109375, -1.8134979372708304, -5.38456360934893, -4.02048382880018, -0.12900219010787062
1290, -0.021022558212280273, -0.22492192685604095, 1.1839990615844727, 0.01642441749572754, -0.9254592657089233, -0.02368760108947754, 0.9576046752929688, -1.813493896352, -5.384554551072639, -4.020484530541877, -0.12900340230481433
1291, -0.021029949188232422, -0.22496628761291504, 1.1840550899505615, 0.01640605926513672, -0.9254683256149292, -0.023724079132080078, 0.9576046752929688, -1.8135008701049986, -5.38455900772544, -4.020487985223529, -0.12899111725787726
1292, -0.021015167236328125, -0.22499585151672363, 1.18414306640625, 0.01640605926513672, -0.92548668384552, -0.023678302764892578, 0.9576046752929688, -1.8135014530885454, -5.384549606935721, -4.020486240339232, -0.12897222200992786
1293, -0.021007776260375977, -0.22501778602600098, 1.1842389106750488, 0.016415119171142578, -0.9254776239395142, -0.0236966609954834, 0.9576046752929688, -1.813497246287799, -5.384541158904616, -4.020485091508663, -0.12898868567738564
1294, -0.02100062370300293, -0.22503255307674408, 1.1843986511230469, 0.016415119171142578, -0.9255234003067017, -0.023705720901489258, 0.9575970458984375, -1.8135054228048562, -5.384542260642306, -4.020487847109044, -0.12896604974643378
1295, -0.02099323272705078, -0.22519467771053314, 1.1848299503326416, 0.0164334774017334, -0.9255598783493042, -0.0236966609954834, 0.9575970458984375, -1.813495935692456, -5.384549004516975, -4.02048528213015, -0.12895791457078598
1296, -0.02099323272705078, -0.2253866195678711, 1.1853814125061035, 0.01639699935913086, -0.9255872964859009, -0.023705720901489258, 0.9575970458984375, -1.8135007066340962, -5.384544966908432, -4.02048758220703, -0.12894929585613024
1297, -0.02100062370300293, -0.2255856841802597, 1.185964584350586, 0.01639699935913086, -0.9255963563919067, -0.023705720901489258, 0.9575970458984375, -1.8135025604678208, -5.384533710962109, -4.020488193374238, -0.1289433394620545
1298, -0.02100062370300293, -0.2260432243347168, 1.1871309280395508, 0.016415119171142578, -0.9257148504257202, -0.0236966609954834, 0.9575970458984375, -1.813497289015592, -5.384536336672592, -4.020487787108431, -0.12896778290505306
1299, -0.021022558212280273, -0.2263009399175644, 1.1877062320709229, 0.016415119171142578, -0.9257971048355103, -0.023714780807495117, 0.9576046752929688, -1.8134931545590314, -5.384541973860238, -4.020487903802462, -0.1289835553416374
1300, -0.021007776260375977, -0.22662568092346191, 1.1886489391326904, 0.01640605926513672, -0.9266737699508667, -0.02368760108947754, 0.957581787109375, -1.8134983631596373, -5.3845430387252575, -4.020489332217183, -0.1290049862650413
1301, -0.021022558212280273, -0.227311372756958, 1.190262794494629, 0.01639699935913086, -0.9295681715011597, -0.02368760108947754, 0.9576123046875, -1.8134954000793475, -5.384539890675458, -4.020489510397854, -0.1290073291202809
1302, -0.021007776260375977, -0.2279825061559677, 1.1916849613189697, 0.01639699935913086, -0.9312576055526733, -0.023705720901489258, 0.9576046752929688, -1.813494323505586, -5.384539136415019, -4.020493223386214, -0.12901843121506928
1303, -0.021007776260375977, -0.22876451909542084, 1.193115234375, 0.01640605926513672, -0.9311205148696899, -0.023714780807495117, 0.9575894165039063, -1.813488947667076, -5.384545528169669, -4.020484725333583, -0.12902569671463127
1304, -0.021007776260375977, -0.23026131093502045, 1.1959834098815918, 0.01642441749572754, -0.9313212633132935, -0.0236966609954834, 0.9575970458984375, -1.813489394270585, -5.384543425595706, -4.020484898012549, -0.12900277824005624
1305, -0.02099323272705078, -0.23175835609436035, 1.1989474296569824, 0.016415119171142578, -0.9326728582382202, -0.023705720901489258, 0.9575894165039063, -1.8134901078591479, -5.384542201719121, -4.020488419435696, -0.12900593129043791
1306, -0.02099323272705078, -0.23342514038085938, 1.2029023170471191, 0.016415119171142578, -0.936407208442688, -0.02368760108947754, 0.9576199340820313, -1.8134846332709265, -5.384554159085019, -4.0204806959253325, -0.1290003241048403
1307, -0.02098560333251953, -0.2353353500366211, 1.206840991973877, 0.01642441749572754, -0.9365988969802856, -0.02366924285888672, 0.9576123046875, -1.8135151967881893, -5.3845414587071945, -4.020482810745463, -0.12901455669488193
1308, -0.02100062370300293, -0.23650072515010834, 1.2091341018676758, 0.01640605926513672, -0.9365624189376831, -0.0236966609954834, 0.9576046752929688, -1.8135238210710436, -5.384534539780879, -4.020494374545575, -0.1290099012233279
1309, -0.020978212356567383, -0.23835156857967377, 1.2128572463989258, 0.0164334774017334, -0.9367450475692749, -0.0236508846282959, 0.9575894165039063, -1.813520776320224, -5.384540502115874, -4.020497013209009, -0.1289858161591635
1310, -0.02099323272705078, -0.2403576374053955, 1.2173073291778564, 0.016415119171142578, -0.9384981393814087, -0.0236508846282959, 0.9575741577148438, -1.8135199638876691, -5.384538712860446, -4.020507368763534, -0.12899493997790845
1311, -0.02099323272705078, -0.2423708438873291, 1.2222607135772705, 0.016415119171142578, -0.9454101324081421, -0.0236508846282959, 0.9576199340820313, -1.8135106400182506, -5.3845246427530356, -4.020496304951109, -0.128983994270218
1312, -0.02100062370300293, -0.24427388608455658, 1.2267909049987793, 0.016415119171142578, -0.949226975440979, -0.02366018295288086, 0.9576123046875, -1.8135183649586837, -5.384524674997349, -4.02051188015401, -0.12896625123853145
1313, -0.02098560333251953, -0.24764394760131836, 1.2338695526123047, 0.01642441749572754, -0.9543493986129761, -0.02362346649169922, 0.9576123046875, -1.8134932663001955, -5.3845345584095545, -4.020524114974864, -0.12897302650117481
1314, -0.02098560333251953, -0.2496499866247177, 1.2376805543899536, 0.016415119171142578, -0.9554997682571411, -0.023632526397705078, 0.9575970458984375, -1.81350063665018, -5.384539693143982, -4.020538861545058, -0.12898081296381125
1315, -0.020963668823242188, -0.2527182102203369, 1.2438803911209106, 0.016415119171142578, -0.9588323831558228, -0.02362346649169922, 0.9576046752929688, -1.8134994245722114, -5.3845406236686575, -4.020545781244209, -0.1289946148122718
1316, -0.02095627784729004, -0.2555868625640869, 1.249888300895691, 0.0164334774017334, -0.962211012840271, -0.0236051082611084, 0.9576276397705078, -1.8135066866772545, -5.384549845120896, -4.020541228653995, -0.12900827514244995
1317, -0.02094888687133789, -0.257673978805542, 1.2542027235031128, 0.01642441749572754, -0.9635533094406128, -0.02359604835510254, 0.9576199340820313, -1.8135185257433097, -5.384550527068555, -4.020547092985206, -0.12899789351792812
1318, -0.02095627784729004, -0.26020336151123047, 1.2593239545822144, 0.01642441749572754, -0.9660278558731079, -0.0235595703125, 0.9576123046875, -1.8135181974134835, -5.384554251426898, -4.020549234636237, -0.12900729318907
1319, -0.02095627784729004, -0.2626519203186035, 1.2644531726837158, 0.016442537307739258, -0.9690498113632202, -0.02356863021850586, 0.9576046752929688, -1.8135199023284754, -5.3845748583376105, -4.020561014538929, -0.12904657225252247
1320, -0.020963668823242188, -0.2654764652252197, 1.270485281944275, 0.01642441749572754, -0.972455620765686, -0.02353215217590332, 0.9576351928710938, -1.813508674236614, -5.384568296383418, -4.02058500295305, -0.12906968506365502
1321, -0.020970821380615234, -0.26787328720092773, 1.2755106687545776, 0.01642441749572754, -0.9747110605239868, -0.0235140323638916, 0.9576123046875, -1.8134804010448964, -5.384566299999316, -4.020599803354167, -0.12906660787811486
1322, -0.020978212356567383, -0.2702925205230713, 1.280783772468567, 0.01640605926513672, -0.9784272909164429, -0.023486614227294922, 0.9575970458984375, -1.81345469416516, -5.3845772258868365, -4.020627507707861, -0.12908092353090872
1323, -0.020970821380615234, -0.27260828018188477, 1.2855135202407837, 0.01642441749572754, -0.9813400506973267, -0.023431777954101562, 0.9576276397705078, -1.8134218054599038, -5.384596581485785, -4.0206854746898, -0.12908903202038502
1324, -0.020941495895385742, -0.2754476070404053, 1.291106104850769, 0.016415119171142578, -0.9840792417526245, -0.023431777954101562, 0.9576123046875, -1.8133411362678045, -5.384579961202385, -4.0207610121187125, -0.12908465493483412
1325, -0.020970821380615234, -0.2784268856048584, 1.296650767326355, 0.01640605926513672, -0.9868093729019165, -0.023422718048095703, 0.9576046752929688, -1.8132494565218398, -5.3845858675299985, -4.020823046509768, -0.12906678206197064
1326, -0.020926475524902344, -0.28325748443603516, 1.3050957918167114, 0.016415119171142578, -0.9896398782730103, -0.023404359817504883, 0.9576046752929688, -1.8131174814746824, -5.384665044816321, -4.020978179528663, -0.12905164886477483
1327, -0.020919322967529297, -0.2862813472747803, 1.3103368282318115, 0.01640605926513672, -0.9915210008621216, -0.023395299911499023, 0.9576046752929688, -1.813009481990548, -5.3846288265745805, -4.021051038439957, -0.12901906687799425
1328, -0.02095627784729004, -0.28932714462280273, 1.3154900074005127, 0.01640605926513672, -0.9948264360427856, -0.023431777954101562, 0.9576199340820313, -1.812893742563121, -5.384662769861742, -4.021145806874237, -0.12899010038062642
1329, -0.02094888687133789, -0.2936413288116455, 1.322656512260437, 0.01642441749572754, -0.9983600378036499, -0.023395299911499023, 0.9576276397705078, -1.8127492631361029, -5.384713156011419, -4.021317108261392, -0.1289664379177573
1330, -0.02089715003967285, -0.2958095073699951, 1.3262439966201782, 0.016442537307739258, -0.9985791444778442, -0.023367881774902344, 0.9576046752929688, -1.812653256796779, -5.384691821049095, -4.0213939269612515, -0.12894660139140335
1331, -0.020889997482299805, -0.2992537021636963, 1.3319084644317627, 0.0164334774017334, -0.9986156225204468, -0.023358821868896484, 0.9576276397705078, -1.8125206419840805, -5.384692216561206, -4.021560408207398, -0.1289266272213343
1332, -0.02091193199157715, -0.30227017402648926, 1.3370057344436646, 0.01642441749572754, -0.9993187189102173, -0.023340463638305664, 0.957581787109375, -1.8124511246562338, -5.384780763282775, -4.021720613428116, -0.12892571060650404
1333, -0.020874977111816406, -0.30527186393737793, 1.342502474784851, 0.016415119171142578, -1.0050162076950073, -0.023322105407714844, 0.9576199340820313, -1.8123242183251005, -5.384734312537282, -4.021839958762071, -0.12894491905506378
1334, -0.020941495895385742, -0.30898118019104004, 1.3486703634262085, 0.01642441749572754, -1.0095452070236206, -0.023303747177124023, 0.9576046752929688, -1.8121992771572275, -5.384651580180841, -4.022035943113785, -0.1289140018020838
1335, -0.020970821380615234, -0.3137526512145996, 1.3560045957565308, 0.01642441749572754, -1.014320731163025, -0.023249149322509766, 0.9576276397705078, -1.8121579205707086, -5.38480965469597, -4.022322963603715, -0.12891108684365893
1336, -0.020889997482299805, -0.31628966331481934, 1.3599516153335571, 0.016442537307739258, -1.0159915685653687, -0.023249149322509766, 0.9576351928710938, -1.8120915004696672, -5.384797063307145, -4.022414025126054, -0.12897420022286887
1337, -0.020823240280151367, -0.31964513659477234, 1.3651126623153687, 0.0164334774017334, -1.017297387123108, -0.023203611373901367, 0.9576123046875, -1.8119908480831062, -5.3846851972104774, -4.022540514541419, -0.1290011068889685
1338, -0.020823240280151367, -0.3223593235015869, 1.3693870306015015, 0.0164334774017334, -1.0196806192398071, -0.023148775100708008, 0.9576199340820313, -1.8119663221156195, -5.384713010136366, -4.022684873001007, -0.1289920497650927
1339, -0.020838260650634766, -0.3264300525188446, 1.3756908178329468, 0.016442537307739258, -1.0231958627700806, -0.02311229705810547, 0.9576123046875, -1.8119552849553884, -5.384826949957519, -4.022861302809047, -0.1289934446765333
1340, -0.020874977111816406, -0.3311796188354492, 1.3832248449325562, 0.01642441749572754, -1.024821162223816, -0.02300262451171875, 0.9576123046875, -1.8118428877958492, -5.384675270131341, -4.023015235786995, -0.12895274193672623
1341, -0.020889997482299805, -0.3329789638519287, 1.3859971761703491, 0.016442537307739258, -1.0249944925308228, -0.02299332618713379, 0.9576123046875, -1.8118453758779245, -5.384704223470609, -4.023105938617405, -0.12892138800688535
1342, -0.020874977111816406, -0.33603954315185547, 1.3908947706222534, 0.016442537307739258, -1.0250312089920044, -0.022874832153320312, 0.9576123046875, -1.8118612210199458, -5.384830928349611, -4.023239685579645, -0.12894576579167172
1343, -0.020801305770874023, -0.33928465843200684, 1.396215796470642, 0.0164334774017334, -1.0278617143630981, -0.022518634796142578, 0.9576199340820313, -1.811793294829203, -5.384765740302848, -4.023349154743891, -0.12896478337427641
1344, -0.020823240280151367, -0.34232306480407715, 1.4014170169830322, 0.01642441749572754, -1.0332671403884888, -0.020327329635620117, 0.9576276397705078, -1.8117516387941799, -5.384683810145832, -4.023496857662362, -0.12891549086078502
1345, -0.02089715003967285, -0.34529516100883484, 1.4062505960464478, 0.0164334774017334, -1.0360885858535767, -0.01958751678466797, 0.9576199340820313, -1.8117565274434912, -5.384837198227377, -4.0236300478234925, -0.12887961289983974
1346, -0.020830869674682617, -0.34900498390197754, 1.4121148586273193, 0.0164334774017334, -1.0394943952560425, -0.01959681510925293, 0.9576123046875, -1.8117080360984825, -5.384825001336689, -4.0237687626184595, -0.12893030396833893
1347, -0.02081584930419922, -0.3527364730834961, 1.4178751707077026, 0.0164334774017334, -1.0430008172988892, -0.01958751678466797, 0.9576351928710938, -1.8116430808980954, -5.38470011205423, -4.023942268084566, -0.12891258043638754
1348, -0.020823240280151367, -0.35607004165649414, 1.4226690530776978, 0.01642441749572754, -1.0457123517990112, -0.01960587501525879, 0.9576199340820313, -1.811648141074643, -5.384838916815023, -4.02412207527777, -0.12892222547218601
1349, -0.02077198028564453, -0.3592855930328369, 1.4274307489395142, 0.016451597213745117, -1.0481961965560913, -0.01959681510925293, 0.9576276397705078, -1.811596788151635, -5.384839711788034, -4.024256368487293, -0.12899848128363445
1350, -0.020749568939208984, -0.36258193850517273, 1.4323283433914185, 0.01642441749572754, -1.0504332780838013, -0.01961493492126465, 0.9576276397705078, -1.811531262454826, -5.384692309970695, -4.024400012785229, -0.12900754621149702
1351, -0.020808696746826172, -0.36579009890556335, 1.4372018575668335, 0.016460895538330078, -1.0510541200637817, -0.01958751678466797, 0.9576351928710938, -1.811535386637443, -5.384784038461097, -4.024595705088122, -0.12900943496230077
1352, -0.020720243453979492, -0.3698906898498535, 1.4436572790145874, 0.016415119171142578, -1.0510996580123901, -0.01960587501525879, 0.9576123046875, -1.8115049033664339, -5.384889176528216, -4.024790074862161, -0.12907014196448152
1353, -0.020756959915161133, -0.3733787536621094, 1.44943368434906, 0.01642441749572754, -1.0523048639297485, -0.01958751678466797, 0.9576046752929688, -1.8114158661287365, -5.3847082822713865, -4.024873514503167, -0.12904935646444393
1354, -0.02076435089111328, -0.3758420944213867, 1.453867793083191, 0.016451597213745117, -1.0570987462997437, -0.01958751678466797, 0.9576199340820313, -1.811443896925878, -5.384798062271939, -4.025011113007842, -0.12904815675342007
1355, -0.020749568939208984, -0.3775014877319336, 1.4567362070083618, 0.016451597213745117, -1.0593723058700562, -0.01958751678466797, 0.9576199340820313, -1.8114478202373732, -5.384921345595885, -4.02510615205606, -0.1290469007105166
1356, -0.0206758975982666, -0.3814399242401123, 1.4625765085220337, 0.016442537307739258, -1.0609792470932007, -0.01961493492126465, 0.9576276397705078, -1.811382978169982, -5.384852826025602, -4.025304334611381, -0.12907215963357466
1357, -0.020668745040893555, -0.3850238025188446, 1.4674500226974487, 0.016442537307739258, -1.0609701871871948, -0.01956033706665039, 0.9575970458984375, -1.8112874061777504, -5.384721910251957, -4.025453599513274, -0.12903043491229393
1358, -0.02076435089111328, -0.38741323351860046, 1.4705740213394165, 0.016451597213745117, -1.0610431432724, -0.01958751678466797, 0.9576123046875, -1.8113196787958852, -5.384854476856344, -4.025611047852998, -0.12898557359619378
1359, -0.020705223083496094, -0.3914916515350342, 1.4765499830245972, 0.016451597213745117, -1.0638281106948853, -0.01956033706665039, 0.9576046752929688, -1.8112825725192239, -5.384898012951246, -4.025814085572429, -0.12901948631088
1360, -0.020609617233276367, -0.3940286338329315, 1.4806326627731323, 0.016442537307739258, -1.0687862634658813, -0.01958751678466797, 0.9576276397705078, -1.811199078189003, -5.384756111638142, -4.025913470456614, -0.12901539563370434
1361, -0.020661354064941406, -0.39784881472587585, 1.4863851070404053, 0.016469955444335938, -1.0728403329849243, -0.01955103874206543, 0.9576199340820313, -1.8112042729514486, -5.384942505204487, -4.026158743420755, -0.12898812586333275
1362, -0.020631790161132812, -0.400666207075119, 1.4905794858932495, 0.016451597213745117, -1.0758899450302124, -0.01955103874206543, 0.9576123046875, -1.8112035667546469, -5.385024190679898, -4.026322405713372, -0.12900826620043926
1363, -0.020609617233276367, -0.40424296259880066, 1.4957247972488403, 0.016442537307739258, -1.0781363248825073, -0.01954197883605957, 0.9576123046875, -1.81107504668114, -5.3847922627454, -4.026434804890544, -0.12898322200897816
1364, -0.020705223083496094, -0.4085867404937744, 1.5015251636505127, 0.016469955444335938, -1.079642415046692, -0.01955103874206543, 0.9576199340820313, -1.8110662377424323, -5.384872023195658, -4.026692986244833, -0.12894008487865527
1365, -0.020661354064941406, -0.41228175163269043, 1.5065985918045044, 0.016460895538330078, -1.0822266340255737, -0.01954197883605957, 0.9576276397705078, -1.8110918646572982, -5.385052696961699, -4.026913235981197, -0.1290031008768242
1366, -0.020580053329467773, -0.41531991958618164, 1.510968804359436, 0.0164334774017334, -1.0836693048477173, -0.01956939697265625, 0.9576199340820313, -1.8109943407737288, -5.384887856223251, -4.027017395536363, -0.12902251543756726
1367, -0.020601987838745117, -0.4193761348724365, 1.516888976097107, 0.016460895538330078, -1.0866459608078003, -0.01956939697265625, 0.9576276397705078, -1.810952646463281, -5.384821150698575, -4.027244359718142, -0.12901143115697966
1368, -0.020476818084716797, -0.4243912696838379, 1.5240474939346313, 0.0164792537689209, -1.0874038934707642, -0.01954197883605957, 0.9576123046875, -1.8109785818209683, -5.385041264233973, -4.027546993907095, -0.1290956418898288
1369, -0.020410537719726562, -0.4257481098175049, 1.5261328220367432, 0.016469955444335938, -1.0874587297439575, -0.01954197883605957, 0.9576276397705078, -1.810917844480105, -5.384959903246621, -4.0275821362054876, -0.12911381207077266
1370, -0.02041769027709961, -0.4289414882659912, 1.5309425592422485, 0.016442537307739258, -1.0874677896499634, -0.01952385902404785, 0.9576046752929688, -1.8108374949744037, -5.384801148628941, -4.0277252808166155, -0.1290893745729571
1371, -0.020535707473754883, -0.43226003646850586, 1.5358000993728638, 0.016451597213745117, -1.0899149179458618, -0.01950550079345703, 0.9576046752929688, -1.8108801655607702, -5.385014849710223, -4.027971507566557, -0.1290315765129879
1372, -0.02046942710876465, -0.43549036979675293, 1.540945291519165, 0.016488313674926758, -1.094873070716858, -0.019496440887451172, 0.9576276397705078, -1.8108251346532946, -5.385082230576265, -4.0281401461845405, -0.12906533174021106
1373, -0.020351409912109375, -0.43924424052238464, 1.5465619564056396, 0.016442537307739258, -1.0972014665603638, -0.01952385902404785, 0.9576199340820313, -1.8107006849214649, -5.384857164872452, -4.028290279974387, -0.129031824976094
1374, -0.020403146743774414, -0.44269561767578125, 1.5513635873794556, 0.016460895538330078, -1.09998619556427, -0.01952385902404785, 0.9576276397705078, -1.8107241302035093, -5.38495299770957, -4.028515397844275, -0.12897842934126835
1375, -0.020358800888061523, -0.446169376373291, 1.5560853481292725, 0.0164792537689209, -1.1024972200393677, -0.019496440887451172, 0.9576199340820313, -1.8107168682860653, -5.385117718679376, -4.028717122224276, -0.12900851121428847
1376, -0.02024078369140625, -0.4490087032318115, 1.56000816822052, 0.0164792537689209, -1.1049259901046753, -0.01952385902404785, 0.9576199340820313, -1.8106189431986777, -5.384962442063772, -4.028829911116187, -0.12902802738874097
1377, -0.020226240158081055, -0.4530057907104492, 1.565017580986023, 0.016460895538330078, -1.1071172952651978, -0.019496440887451172, 0.9576276397705078, -1.8105836580540162, -5.384841348690943, -4.029049262857516, -0.12903726441955854
1378, -0.0202481746673584, -0.45644256472587585, 1.5695236921310425, 0.0164792537689209, -1.1095279455184937, -0.019496440887451172, 0.9576199340820313, -1.8106192110213168, -5.385091124931993, -4.0292999580314, -0.1291012839628145
1379, -0.020144939422607422, -0.46015188097953796, 1.5746289491653442, 0.0164792537689209, -1.111883521080017, -0.01948714256286621, 0.9576199340820313, -1.8105037066548784, -5.3850068019351385, -4.029454019355227, -0.129184514016508
1380, -0.02011561393737793, -0.46297669410705566, 1.5784399509429932, 0.016460895538330078, -1.113061547279358, -0.019450664520263672, 0.9576276397705078, -1.810445853744513, -5.38483723112907, -4.029590429016565, -0.1291969164517841
1381, -0.020167112350463867, -0.4670107066631317, 1.5835450887680054, 0.0164792537689209, -1.113061547279358, -0.019441604614257812, 0.9576199340820313, -1.8104825869780623, -5.385083286248206, -4.029866087538126, -0.1291976771533898
1382, -0.02002692222595215, -0.4715757369995117, 1.5900646448135376, 0.0164792537689209, -1.1132351160049438, -0.019423484802246094, 0.9576276397705078, -1.8103673507111497, -5.385028829808025, -4.030054902384563, -0.12927840240602162
1383, -0.02002692222595215, -0.47534438967704773, 1.5958808660507202, 0.016469955444335938, -1.1172982454299927, -0.019386768341064453, 0.9575970458984375, -1.8102594488606063, -5.384828507313539, -4.030212504255391, -0.129234736769269
1384, -0.02001953125, -0.4790024757385254, 1.601769208908081, 0.0164792537689209, -1.1226943731307983, -0.019386768341064453, 0.9576351928710938, -1.8102780504121159, -5.3850837037886015, -4.030449448218209, -0.1292087626510412
1385, -0.01987934112548828, -0.4832429587841034, 1.6083924770355225, 0.0164792537689209, -1.124803900718689, -0.019377708435058594, 0.9576199340820313, -1.8102021824301695, -5.38513733011092, -4.030613800105263, -0.12923442865983414
1386, -0.01985001564025879, -0.48634791374206543, 1.613402009010315, 0.016451597213745117, -1.127278208732605, -0.019350290298461914, 0.9576276397705078, -1.8100827160224089, -5.384886047891011, -4.030708268292122, -0.12918196102073054
1387, -0.01993083953857422, -0.4905955493450165, 1.619921326637268, 0.016469955444335938, -1.1308027505874634, -0.019340991973876953, 0.957642822265625, -1.8100790035719596, -5.384968024312162, -4.030962170212019, -0.12910309148352983
1388, -0.01988697052001953, -0.4965178966522217, 1.628318190574646, 0.016469955444335938, -1.133660912513733, -0.019295454025268555, 0.957642822265625, -1.8100445257384266, -5.385138901349356, -4.031259568621759, -0.12914526773785795
1389, -0.01979827880859375, -0.49884817004203796, 1.63175368309021, 0.016460895538330078, -1.1353956460952759, -0.019304513931274414, 0.9576123046875, -1.8099677962922844, -5.384963683134536, -4.031348520291795, -0.12915102183471472
1390, -0.01985001564025879, -0.5035459995269775, 1.638297200202942, 0.0164792537689209, -1.139111876487732, -0.019304513931274414, 0.9576199340820313, -1.8099137615154337, -5.38490475019707, -4.0316103389167885, -0.12913084331868774
1391, -0.01987934112548828, -0.508885383605957, 1.645399808883667, 0.016488313674926758, -1.1416229009628296, -0.019258975982666016, 0.957642822265625, -1.8099427125845773, -5.3852205097758725, -4.031964411519396, -0.1291934040515228
1392, -0.019768714904785156, -0.5128161907196045, 1.650856614112854, 0.016488313674926758, -1.1441246271133423, -0.019286394119262695, 0.9576123046875, -1.8098324732136388, -5.384991401710056, -4.03215070241829, -0.12926857672467573
1393, -0.019820213317871094, -0.5168061256408691, 1.656225562095642, 0.016469955444335938, -1.1464439630508423, -0.019258975982666016, 0.9576276397705078, -1.809749262492288, -5.384891851593675, -4.032371429655401, -0.12924315592500957
1394, -0.01985001564025879, -0.5211942195892334, 1.6621776819229126, 0.016497373580932617, -1.1492105722427368, -0.019249916076660156, 0.957642822265625, -1.8097938066732642, -5.385220965756842, -4.032687748893033, -0.12926037215929043
1395, -0.019680261611938477, -0.5268728733062744, 1.6698235273361206, 0.016469955444335938, -1.149530053138733, -0.019231557846069336, 0.9576199340820313, -1.8096374502204173, -5.385002009953318, -4.032923624270561, -0.1293184406916108
1396, -0.019680261611938477, -0.5291662216186523, 1.6729475259780884, 0.016460895538330078, -1.1497584581375122, -0.019204139709472656, 0.9576276397705078, -1.809578785533038, -5.384951306448218, -4.033027997791347, -0.12928593605755356
1397, -0.0198056697845459, -0.533517599105835, 1.6791633367538452, 0.016488313674926758, -1.153985857963562, -0.019186019897460938, 0.9576351928710938, -1.8096137106352137, -5.385227462374664, -4.033328158496293, -0.12924236748821727
1398, -0.019695043563842773, -0.5377066135406494, 1.684851884841919, 0.016488313674926758, -1.1579397916793823, -0.019176721572875977, 0.9576351928710938, -1.8095429441879771, -5.385169299948579, -4.0335465841054265, -0.1292682005611363
1399, -0.01967310905456543, -0.5420429706573486, 1.6903645992279053, 0.0164792537689209, -1.1588159799575806, -0.019158601760864258, 0.9576199340820313, -1.8094036584282929, -5.384982234017056, -4.0337562182792155, -0.12925206591112381
1400, -0.019761323928833008, -0.5455756187438965, 1.6947587728500366, 0.016488313674926758, -1.1588345766067505, -0.019158601760864258, 0.9576123046875, -1.8094080567170163, -5.3851308700366065, -4.03401701926085, -0.12920862024943514
1401, -0.019687652587890625, -0.5502216815948486, 1.700846791267395, 0.016506671905517578, -1.1611353158950806, -0.019176721572875977, 0.9576123046875, -1.8094220063181523, -5.385341811692659, -4.034334997143991, -0.12928037885345578
1402, -0.01962137222290039, -0.5536291599273682, 1.7056564092636108, 0.016469955444335938, -1.1656643152236938, -0.0191495418548584, 0.9576276397705078, -1.8092824451470864, -5.38509318794849, -4.034467210816788, -0.1293196769835152
1403, -0.01971721649169922, -0.5576779842376709, 1.7111213207244873, 0.016488313674926758, -1.1689239740371704, -0.0191037654876709, 0.9576199340820313, -1.8092046045711025, -5.385009668648467, -4.0347150900510735, -0.12925761672471747
1404, -0.0197908878326416, -0.5606353282928467, 1.7150760889053345, 0.016534090042114258, -1.1713439226150513, -0.01907634735107422, 0.9576276397705078, -1.8092492063985648, -5.385251898060839, -4.034975697180544, -0.1292429066387415
1405, -0.01970958709716797, -0.566225528717041, 1.7224582433700562, 0.016488313674926758, -1.1747862100601196, -0.01906728744506836, 0.9576504516601563, -1.8091487975877591, -5.385178288252088, -4.035246766099791, -0.1292828140956086
1406, -0.01967310905456543, -0.5710337162017822, 1.7286102771759033, 0.016469955444335938, -1.1752973794937134, -0.019012451171875, 0.9576199340820313, -1.8090352239211205, -5.384963790974113, -4.0354603330968235, -0.12920524643152653
1407, -0.01975393295288086, -0.5749499797821045, 1.7336676120758057, 0.016506671905517578, -1.1765118837356567, -0.018756628036499023, 0.9576276397705078, -1.8091202480519604, -5.38525759224032, -4.035771664575276, -0.12913640988649266
1408, -0.01967310905456543, -0.5787110328674316, 1.738972544670105, 0.016506671905517578, -1.1800543069839478, -0.018729209899902344, 0.9576351928710938, -1.8090669665976389, -5.38523485516043, -4.035935504757491, -0.12912790975304578
1409, -0.019591808319091797, -0.5825386047363281, 1.744309663772583, 0.016469955444335938, -1.1824649572372437, -0.018674612045288086, 0.9576199340820313, -1.8089504646365244, -5.384989242229854, -4.0360716089295074, -0.1290699030111
1410, -0.019687652587890625, -0.5856509208679199, 1.748695731163025, 0.016497373580932617, -1.1847113370895386, -0.018647193908691406, 0.9576351928710938, -1.8089801452428282, -5.385084023647082, -4.0362842085364505, -0.12898858663681523
1411, -0.019643306732177734, -0.589773416519165, 1.7546321153640747, 0.0165250301361084, -1.1848114728927612, -0.018647193908691406, 0.957642822265625, -1.8090115664626327, -5.385356421631454, -4.036516736659503, -0.12897978195854876
1412, -0.019606590270996094, -0.5934755802154541, 1.7600809335708618, 0.016506671905517578, -1.1848300695419312, -0.018592357635498047, 0.9576123046875, -1.8088532040615128, -5.385137013797933, -4.0365821285576, -0.12902178991057323
1413, -0.01966571807861328, -0.5975022315979004, 1.7662087678909302, 0.016497373580932617, -1.1866377592086792, -0.01847362518310547, 0.9576123046875, -1.808798827624638, -5.385063314742479, -4.036779933299159, -0.12902874027090405
1414, -0.019636154174804688, -0.6007473468780518, 1.7716096639633179, 0.016506671905517578, -1.1926642656326294, -0.01846456527709961, 0.9576199340820313, -1.8087933779150251, -5.385299017809616, -4.036964534051714, -0.12908951988752282
1415, -0.01948833465576172, -0.6042284965515137, 1.776762843132019, 0.0165250301361084, -1.195339322090149, -0.01843714714050293, 0.9576276397705078, -1.8086649492056606, -5.385226505997872, -4.037048983332805, -0.12920706493972123
1416, -0.019429445266723633, -0.6079010963439941, 1.7821797132492065, 0.016506671905517578, -1.1992019414901733, -0.01838231086730957, 0.9576351928710938, -1.8085246986438304, -5.385027925793374, -4.037121852015564, -0.12928477303151986
1417, -0.01944446563720703, -0.6106517314910889, 1.7861264944076538, 0.016506671905517578, -1.202196717262268, -0.01839160919189453, 0.957642822265625, -1.8085062134051566, -5.385145855191167, -4.037214305112209, -0.12930574694197716
1418, -0.019326448440551758, -0.6134765148162842, 1.7901452779769897, 0.0165250301361084, -1.2038313150405884, -0.01840066909790039, 0.9576199340820313, -1.8084730320394926, -5.3853448288230386, -4.0372710048818945, -0.12935539573636756
1419, -0.019171476364135742, -0.6174366474151611, 1.7964808940887451, 0.016497373580932617, -1.2074562311172485, -0.01840066909790039, 0.9576199340820313, -1.8082826556813363, -5.385204030911544, -4.037250330036015, -0.12948145438551428
1420, -0.019245147705078125, -0.6204309463500977, 1.8018258810043335, 0.016506671905517578, -1.210889458656311, -0.01837325096130371, 0.9576504516601563, -1.8081304892890926, -5.385104154732044, -4.0372300509986205, -0.1294187908960467
1421, -0.019208192825317383, -0.6236979961395264, 1.8075703382492065, 0.016515731811523438, -1.2131081819534302, -0.01838231086730957, 0.9576199340820313, -1.8080982378877242, -5.3853739839255, -4.037294949115936, -0.12937393657428764
1422, -0.019038677215576172, -0.6274740695953369, 1.8145052194595337, 0.0165250301361084, -1.216349720954895, -0.01836419105529785, 0.9576276397705078, -1.8079325356608236, -5.385335061867374, -4.037243548112789, -0.1294120178734275
1423, -0.019031286239624023, -0.6301066875457764, 1.8196743726730347, 0.016515731811523438, -1.2190979719161987, -0.01834583282470703, 0.9576351928710938, -1.8077818909848553, -5.385167331541274, -4.037163583946626, -0.12933830815868674
1424, -0.019156455993652344, -0.633004903793335, 1.825554609298706, 0.016515731811523438, -1.2221843004226685, -0.01836419105529785, 0.9576351928710938, -1.8077147616470097, -5.385247466037791, -4.037164677853158, -0.12920347987670766
1425, -0.019134521484375, -0.635969877243042, 1.8314508199691772, 0.0165250301361084, -1.2255445718765259, -0.018336772918701172, 0.957642822265625, -1.8076986249264593, -5.385487370015726, -4.037206406070956, -0.12919371736380558
1426, -0.018994569778442383, -0.6391484141349792, 1.838082194328308, 0.016506671905517578, -1.2294799089431763, -0.018309354782104492, 0.957642822265625, -1.8075127328649816, -5.385359680152234, -4.037101767489677, -0.1292872200393438
1427, -0.01904582977294922, -0.6418623924255371, 1.8444019556045532, 0.016506671905517578, -1.2335978746414185, -0.018272876739501953, 0.9576351928710938, -1.807358296532951, -5.385251357137073, -4.037018702088582, -0.12930699086070696
1428, -0.019083023071289062, -0.6441633701324463, 1.8497707843780518, 0.016506671905517578, -1.2373780012130737, -0.018272876739501953, 0.9576276397705078, -1.8073415093420835, -5.385439109972435, -4.037028340934584, -0.1293291383323325
1429, -0.018986940383911133, -0.646169126033783, 1.854308843612671, 0.016515731811523438, -1.2395786046981812, -0.018272876739501953, 0.9576276397705078, -1.8072597257067335, -5.3854338950777985, -4.0369704250414875, -0.12942971352662802
1430, -0.0189058780670166, -0.6488096714019775, 1.86037278175354, 0.016515731811523438, -1.243066430091858, -0.018208980560302734, 0.957642822265625, -1.8071170860822476, -5.385271288595789, -4.036856383396917, -0.12945438316556324
1431, -0.01896500587463379, -0.6508891582489014, 1.8648229837417603, 0.0165250301361084, -1.2460705041885376, -0.018199682235717773, 0.9576123046875, -1.8071131700034637, -5.385387027335868, -4.036846859274588, -0.12943751462701503
1432, -0.018861770629882812, -0.6540384292602539, 1.8717817068099976, 0.016506671905517578, -1.2490378618240356, -0.018181562423706055, 0.9576276397705078, -1.8070458041260098, -5.3854776847035986, -4.036793741239874, -0.129473478579464
1433, -0.018846988677978516, -0.6560590267181396, 1.8765515089035034, 0.016534090042114258, -1.251905083656311, -0.018144845962524414, 0.9576199340820313, -1.8069361119771135, -5.385313359340391, -4.036713134992693, -0.12941764583970983
1434, -0.018883943557739258, -0.6583303809165955, 1.88204026222229, 0.016534090042114258, -1.2558037042617798, -0.018135786056518555, 0.9576276397705078, -1.8069049229527305, -5.385389005495248, -4.036694598633974, -0.1293497480111352
1435, -0.018751144409179688, -0.6615016460418701, 1.889190912246704, 0.016534090042114258, -1.2597757577896118, -0.018135786056518555, 0.9576504516601563, -1.806866907629013, -5.385587301214644, -4.036690354958408, -0.12940098892117824
1436, -0.0186920166015625, -0.6644369959831238, 1.8962935209274292, 0.0165250301361084, -1.2651175260543823, -0.018144845962524414, 0.9576351928710938, -1.8066795845837396, -5.385366626661684, -4.036581994884355, -0.12940538158878034
1437, -0.01874375343322754, -0.665852963924408, 1.899864912033081, 0.0165250301361084, -1.2669709920883179, -0.018135786056518555, 0.957642822265625, -1.8066732614860215, -5.3854624433011535, -4.036566761120011, -0.12939017932171737
1438, -0.01874375343322754, -0.6673867702484131, 1.9041231870651245, 0.0165250301361084, -1.2701483964920044, -0.018126726150512695, 0.9576199340820313, -1.8066859752126325, -5.385631971896522, -4.036552740956906, -0.12940809932266983
1439, -0.018640518188476562, -0.6692380905151367, 1.9091006517410278, 0.016534090042114258, -1.2735177278518677, -0.018126726150512695, 0.9576504516601563, -1.8065993710198813, -5.385575101255699, -4.036503068717203, -0.12947639656458598
1440, -0.01869940757751465, -0.6712808609008789, 1.9140541553497314, 0.016506671905517578, -1.2757092714309692, -0.018090248107910156, 0.9576276397705078, -1.8065082967985813, -5.3854293958290285, -4.036470515727861, -0.1294543188678121
1441, -0.018677473068237305, -0.6736335158348083, 1.9204298257827759, 0.016515731811523438, -1.2798086404800415, -0.018090248107910156, 0.9576276397705078, -1.8065340667667178, -5.385651878178806, -4.036492078725081, -0.12950893487142778
1442, -0.018655061721801758, -0.6749093532562256, 1.9240570068359375, 0.016515731811523438, -1.282593846321106, -0.018090248107910156, 0.9576351928710938, -1.806525028268845, -5.385643009641621, -4.036473957356393, -0.12952404234927073
1443, -0.018662691116333008, -0.6768195033073425, 1.9291542768478394, 0.016543149948120117, -1.284894585609436, -0.018062829971313477, 0.9576123046875, -1.8064557816867706, -5.385492057350013, -4.036426288595722, -0.1294876138700154
1444, -0.018670082092285156, -0.6792826652526855, 1.9359773397445679, 0.016515731811523438, -1.2899624109268188, -0.018017292022705078, 0.9576351928710938, -1.806500850763999, -5.38562296941789, -4.036439282688611, -0.12944981678173395
1445, -0.018640518188476562, -0.6807947158813477, 1.9399081468582153, 0.0165250301361084, -1.2924550771713257, -0.018035411834716797, 0.9576504516601563, -1.8064880201564242, -5.3856561682743305, -4.03644273460651, -0.12946498600830658
1446, -0.01864767074584961, -0.6832208633422852, 1.9462038278579712, 0.016534090042114258, -1.2967740297317505, -0.0179898738861084, 0.957642822265625, -1.806422632752419, -5.385523150443512, -4.036404817873264, -0.12943366532987
1447, -0.018640518188476562, -0.6867754459381104, 1.9554396867752075, 0.016534090042114258, -1.3022159337997437, -0.01796245574951172, 0.9576199340820313, -1.806433147790098, -5.3856606750386815, -4.036409542839829, -0.12942645633409366
1448, -0.01864767074584961, -0.6876311302185059, 1.9577406644821167, 0.016534090042114258, -1.3036314249038696, -0.017925739288330078, 0.9576351928710938, -1.8064103909152105, -5.385627455651693, -4.0364010618988395, -0.1294283849361335
1449, -0.018618345260620117, -0.6900649070739746, 1.9637647867202759, 0.016543149948120117, -1.307329535484314, -0.01791667938232422, 0.957642822265625, -1.806351857326896, -5.3855342713499414, -4.0363777757176305, -0.12942416942702906
1450, -0.018625736236572266, -0.6920485496520996, 1.9689738750457764, 0.016534090042114258, -1.3101600408554077, -0.01786184310913086, 0.957642822265625, -1.8063537481567113, -5.385623698142459, -4.036392133311587, -0.12941888846946537
1451, -0.01860332489013672, -0.6947035789489746, 1.9762762784957886, 0.016543149948120117, -1.3146613836288452, -0.017770767211914062, 0.957642822265625, -1.8063077198630848, -5.385587773079565, -4.036363739960253, -0.1294211218826815
1452, -0.018588781356811523, -0.6962301135063171, 1.9806385040283203, 0.016534090042114258, -1.3176106214523315, -0.017578840255737305, 0.9576199340820313, -1.80627764296441, -5.385548000963609, -4.036349694627281, -0.1294463613804968
1453, -0.01856684684753418, -0.6985015869140625, 1.9871339797973633, 0.016534090042114258, -1.321208119392395, -0.014483451843261719, 0.9576276397705078, -1.806274817821088, -5.385652161628696, -4.036363419549193, -0.12944924961334614
1454, -0.018552064895629883, -0.6996669769287109, 1.9907212257385254, 0.016543149948120117, -1.3240569829940796, -0.012976884841918945, 0.9576351928710938, -1.8062574021264912, -5.385632824378954, -4.036348232403933, -0.12946370511932326
1455, -0.01851511001586914, -0.7015106678009033, 1.9963538646697998, 0.016515731811523438, -1.3284491300582886, -0.011607170104980469, 0.9576504516601563, -1.806202666704581, -5.385582157456697, -4.036332729756743, -0.12944539403778776
1456, -0.018500328063964844, -0.7032141089439392, 2.001227378845215, 0.016543149948120117, -1.3316904306411743, -0.010904312133789062, 0.957642822265625, -1.806193065095407, -5.385652000988238, -4.036334386250228, -0.1294638826234369
1457, -0.018485546112060547, -0.7049030661582947, 2.006165027618408, 0.0165250301361084, -1.335443139076233, -0.010876893997192383, 0.957642822265625, -1.8061553180242251, -5.38564711388395, -4.036310196654019, -0.1294838208465574
1458, -0.018456220626831055, -0.7070417404174805, 2.011805534362793, 0.016534090042114258, -1.337990403175354, -0.010876893997192383, 0.9576046752929688, -1.8061064847373944, -5.3856189669308066, -4.036289987667434, -0.1295056464066091
1459, -0.018448829650878906, -0.7085390090942383, 2.016047954559326, 0.0165250301361084, -1.3410857915878296, -0.010867834091186523, 0.9576276397705078, -1.806091707172301, -5.385672525111114, -4.0362917390721025, -0.12951016453105524
1460, -0.018441438674926758, -0.710397481918335, 2.0211291313171387, 0.016534090042114258, -1.3445922136306763, -0.010858774185180664, 0.957642822265625, -1.8060491336922324, -5.385672884174507, -4.036269865413079, -0.1295135340423128
1461, -0.01842641830444336, -0.7125656604766846, 2.0269775390625, 0.016534090042114258, -1.3474501371383667, -0.010858774185180664, 0.9576199340820313, -1.8059886331230448, -5.385643124775561, -4.036250016943289, -0.12952062354399008
1462, -0.018433809280395508, -0.7146086692810059, 2.0328259468078613, 0.016552209854125977, -1.351650357246399, -0.010858774185180664, 0.9576351928710938, -1.8059501925988524, -5.3857000697705315, -4.036238057035658, -0.12953481957740642
1463, -0.018419265747070312, -0.7164742946624756, 2.038066864013672, 0.016543149948120117, -1.3552206754684448, -0.010831356048583984, 0.957642822265625, -1.8059132941199394, -5.385671315974429, -4.036211335509757, -0.12955078661209196
1464, -0.018382549285888672, -0.7185320854187012, 2.0440192222595215, 0.016534090042114258, -1.3595300912857056, -0.010803699493408203, 0.957642822265625, -1.8058469352847566, -5.385656236445137, -4.0361920626099534, -0.12956278069358085
1465, -0.018367528915405273, -0.7200510501861572, 2.0484611988067627, 0.016552209854125977, -1.3628264665603638, -0.010840415954589844, 0.957642822265625, -1.8058131706952314, -5.385688359068139, -4.036178752700832, -0.12956207086693272
1466, -0.01833820343017578, -0.7222046852111816, 2.0542454719543457, 0.016561508178710938, -1.365958333015442, -0.010822057723999023, 0.9576351928710938, -1.8057463920043124, -5.385687422005683, -4.036153697783097, -0.12953672758828638
1467, -0.018315792083740234, -0.7237164974212646, 2.0584402084350586, 0.016515731811523438, -1.368761658668518, -0.010812997817993164, 0.9576504516601563, -1.8056857526174614, -5.385674279147828, -4.036135453767219, -0.12954078721068463
1468, -0.018279075622558594, -0.7253906726837158, 2.063297748565674, 0.016534090042114258, -1.3721672296524048, -0.010794639587402344, 0.9576657104492188, -1.8056306630269008, -5.3856995689099225, -4.03612668572048, -0.1295391569091242
1469, -0.01824212074279785, -0.72707200050354, 2.0680994987487793, 0.016543149948120117, -1.374477505683899, -0.010803699493408203, 0.9576351928710938, -1.8055670258747323, -5.385701885726788, -4.036111051688927, -0.129544438013661
1470, -0.01820516586303711, -0.7287976741790771, 2.073620080947876, 0.016543149948120117, -1.378430962562561, -0.010767221450805664, 0.9576199340820313, -1.805478658348975, -5.385699257270646, -4.0360891674108, -0.12955239472463997
1471, -0.018175840377807617, -0.7301990389823914, 2.078333854675293, 0.016543149948120117, -1.3818279504776, -0.010785579681396484, 0.9576351928710938, -1.8054284732618653, -5.385719158180996, -4.036077427183607, -0.129543341378902
1472, -0.018146276473999023, -0.731806755065918, 2.08378267288208, 0.016543149948120117, -1.3851333856582642, -0.010776281356811523, 0.9576504516601563, -1.8053705748428808, -5.3857248220713245, -4.036053354249181, -0.12952699399535028
1473, -0.018131494522094727, -0.7331268787384033, 2.0878891944885254, 0.016543149948120117, -1.3886758089065552, -0.010748863220214844, 0.9576504516601563, -1.8053234059550456, -5.385721215547847, -4.036041095038887, -0.12953295534423415
1474, -0.018094539642333984, -0.7349557876586914, 2.0933780670166016, 0.016543149948120117, -1.3923920392990112, -0.010767221450805664, 0.9576351928710938, -1.8052449084803073, -5.385744636281828, -4.036029635562199, -0.1295367350406753
1475, -0.018065214157104492, -0.7365782260894775, 2.0982117652893066, 0.016543149948120117, -1.3960353136062622, -0.010767221450805664, 0.9576351928710938, -1.805202555472789, -5.385746256246214, -4.036012220381522, -0.12954240312300236
1476, -0.018043041229248047, -0.7381787300109863, 2.1030611991882324, 0.016570568084716797, -1.3994413614273071, -0.010758161544799805, 0.9576351928710938, -1.8051561853106288, -5.385739032479389, -4.035992823822583, -0.1295487552428316
1477, -0.017969369888305664, -0.7402880191802979, 2.109253406524658, 0.016543149948120117, -1.402910828590393, -0.010758161544799805, 0.9576351928710938, -1.8050896642292842, -5.385755039666264, -4.0359665064953925, -0.12955887205423444
1478, -0.017940044403076172, -0.741689145565033, 2.1134238243103027, 0.016561508178710938, -1.406152367591858, -0.010703325271606445, 0.9576351928710938, -1.805062198461613, -5.385763551367817, -4.035954210553248, -0.12958053101977995
1479, -0.017843961715698242, -0.7433927059173584, 2.1184329986572266, 0.016552209854125977, -1.4091473817825317, -0.010721683502197266, 0.9576123046875, -1.805012795640982, -5.385767275958259, -4.035945028562583, -0.12958644295432453
1480, -0.01776266098022461, -0.7448678016662598, 2.1229312419891357, 0.016552209854125977, -1.412516713142395, -0.010730743408203125, 0.957642822265625, -1.804947284226612, -5.385790442959763, -4.035933338597611, -0.1295954716954819
1481, -0.017659664154052734, -0.7472204566001892, 2.1301698684692383, 0.016561508178710938, -1.4181867837905884, -0.010685205459594727, 0.9576276397705078, -1.8048709719077711, -5.385813412532546, -4.0359175862823085, -0.12958997485925217
1482, -0.017608165740966797, -0.749100923538208, 2.1361217498779297, 0.016561508178710938, -1.4229437112808228, -0.010685205459594727, 0.9576351928710938, -1.804801352493329, -5.385832719719357, -4.035900913329176, -0.12956555500138212
1483, -0.017615318298339844, -0.7509963512420654, 2.1422019004821777, 0.016543149948120117, -1.4270163774490356, -0.010675907135009766, 0.9576351928710938, -1.8046899639124656, -5.385851143269311, -4.0358809206342965, -0.1295230869460804
1484, -0.017608165740966797, -0.7531349658966064, 2.149056911468506, 0.016552209854125977, -1.431444764137268, -0.010675907135009766, 0.957642822265625, -1.8045863043238117, -5.385865581208028, -4.0358687013306405, -0.1294656171371491
1485, -0.0175783634185791, -0.7545878887176514, 2.1540822982788086, 0.016570568084716797, -1.4349693059921265, -0.010593891143798828, 0.9576504516601563, -1.8045174490464175, -5.385881473867339, -4.0358601203705895, -0.1294452754412534
1486, -0.0175783634185791, -0.7568445205688477, 2.16225528717041, 0.016561508178710938, -1.4399820566177368, -0.010575532913208008, 0.9576199340820313, -1.8043796585537444, -5.385912542258417, -4.035848291545761, -0.1294366804904321
1487, -0.017563819885253906, -0.7581942081451416, 2.167160987854004, 0.016570568084716797, -1.4434882402420044, -0.010548114776611328, 0.9576504516601563, -1.8043042752459515, -5.38592403109326, -4.035846399061837, -0.12945027983764668
1488, -0.017556428909301758, -0.7597208023071289, 2.172633647918701, 0.016579627990722656, -1.4468575716018677, -0.010593891143798828, 0.957642822265625, -1.804209485566254, -5.385941903210333, -4.03584380237248, -0.12948628904208004
1489, -0.017534255981445312, -0.7608492374420166, 2.1769800186157227, 0.016543149948120117, -1.45012629032135, -0.010548114776611328, 0.957642822265625, -1.8041289591361735, -5.385952729701056, -4.035842801371432, -0.1295138184884257
1490, -0.017526865005493164, -0.7622873783111572, 2.1823489665985107, 0.016561508178710938, -1.4542261362075806, -0.01052999496459961, 0.9576504516601563, -1.8040387419151274, -5.3859717529652915, -4.035836344512571, -0.1295561814661248
1491, -0.017512083053588867, -0.7634303569793701, 2.186735153198242, 0.016552209854125977, -1.4577232599258423, -0.010548114776611328, 0.957642822265625, -1.8039614476285835, -5.385985572132871, -4.035836438913173, -0.12959011096260742
1492, -0.017475128173828125, -0.7645292282104492, 2.190873622894287, 0.016570568084716797, -1.4609466791152954, -0.010548114776611328, 0.9576504516601563, -1.8038649138003524, -5.385994409595441, -4.0358333164292715, -0.12960520865197545
1493, -0.01746058464050293, -0.7654953002929688, 2.193861961364746, 0.016579627990722656, -1.4613393545150757, -0.01052999496459961, 0.957642822265625, -1.8038073950779787, -5.386007122510463, -4.0358314832868745, -0.12959516897434398
1494, -0.017438411712646484, -0.7661516666412354, 2.1958751678466797, 0.016579627990722656, -1.4608734846115112, -0.010539054870605469, 0.9576504516601563, -1.8037782736642978, -5.386015870265017, -4.0358290387447635, -0.1295781399681024
1495, -0.01745319366455078, -0.766240119934082, 2.196194648742676, 0.016570568084716797, -1.4606634378433228, -0.010502338409423828, 0.9576351928710938, -1.8037614288780484, -5.38601245992363, -4.035828147231393, -0.12950892492477983
1496, -0.01745319366455078, -0.7662179470062256, 2.19585919380188, 0.016561508178710938, -1.4605079889297485, -0.010511636734008789, 0.9576351928710938, -1.8037711599667665, -5.386003991040895, -4.035837250933106, -0.12942381862469343
1497, -0.017438411712646484, -0.766240119934082, 2.195619583129883, 0.016597986221313477, -1.4604440927505493, -0.010511636734008789, 0.9576276397705078, -1.803768720896289, -5.386002916309358, -4.035851031896268, -0.12940475347591462
1498, -0.017475128173828125, -0.766240119934082, 2.1956515312194824, 0.016570568084716797, -1.4603804349899292, -0.01052999496459961, 0.9576351928710938, -1.8037234725708367, -5.386003317794937, -4.035847127494503, -0.1293908624664013
1499, -0.017489910125732422, -0.766240119934082, 2.195707321166992, 0.016588687896728516, -1.4604078531265259, -0.01048421859741211, 0.9576351928710938, -1.8037172446297736, -5.386004814296043, -4.035847756084906, -0.1293967719558209
1500, -0.017497539520263672, -0.7662551403045654, 2.1957154273986816, 0.016570568084716797, -1.46039879322052, -0.010502338409423828, 0.9576504516601563, -1.8036971823286443, -5.386007474006295, -4.035856201182697, -0.1294235765851406
1501, -0.017489910125732422, -0.7662622928619385, 2.195699453353882, 0.016570568084716797, -1.4603804349899292, -0.010511636734008789, 0.9576351928710938, -1.8036658962307703, -5.386011873463278, -4.035857186020884, -0.12943224156340705
1502, -0.017482519149780273, -0.7662696242332458, 2.195699453353882, 0.016570568084716797, -1.4603711366653442, -0.010502338409423828, 0.957642822265625, -1.8036382779538234, -5.386012405729208, -4.035861391762245, -0.1294639713076009
1503, -0.017497539520263672, -0.7662918567657471, 2.1957154273986816, 0.016588687896728516, -1.4603620767593384, -0.010502338409423828, 0.957642822265625, -1.8036347387724971, -5.386015850325485, -4.035873610020806, -0.1295005616538214
1504, -0.017489910125732422, -0.7663066387176514, 2.1957154273986816, 0.016579627990722656, -1.4603711366653442, -0.01048421859741211, 0.957642822265625, -1.8036154055012978, -5.386019327064825, -4.035877897557339, -0.12951080479626498
1505, -0.017475128173828125, -0.7663877010345459, 2.195707321166992, 0.016570568084716797, -1.4603530168533325, -0.01048421859741211, 0.957642822265625, -1.8036027783131323, -5.386042107395854, -4.035903365485688, -0.12951759965777754
1506, -0.017475128173828125, -0.7664391994476318, 2.195723533630371, 0.016579627990722656, -1.4603530168533325, -0.01048421859741211, 0.957642822265625, -1.803590814021323, -5.386056955284606, -4.0359224937996645, -0.12952383336004836
1507, -0.01746058464050293, -0.7664909362792969, 2.195723533630371, 0.016597986221313477, -1.4603255987167358, -0.010465860366821289, 0.957642822265625, -1.8035618796456452, -5.386054572976565, -4.035940393954373, -0.12953807787307525
1508, -0.017467737197875977, -0.7665278911590576, 2.195723533630371, 0.016579627990722656, -1.4603346586227417, -0.01044774055480957, 0.957642822265625, -1.8035593574424795, -5.3860519411155465, -4.035948659543758, -0.12953240926279097
1509, -0.01746058464050293, -0.7665426135063171, 2.1957314014434814, 0.016579627990722656, -1.4603530168533325, -0.01043844223022461, 0.957642822265625, -1.8035431549106815, -5.386066377236736, -4.0359715044782645, -0.12956008571771793
1510, -0.01745319366455078, -0.7665574550628662, 2.195739269256592, 0.016579627990722656, -1.4603255987167358, -0.010465860366821289, 0.957642822265625, -1.803524527656427, -5.3860664892377335, -4.035976820198747, -0.12956851213608545
1511, -0.017438411712646484, -0.7665426135063171, 2.195739269256592, 0.016570568084716797, -1.4603255987167358, -0.01044774055480957, 0.957642822265625, -1.80351713981519, -5.386053054643951, -4.03597800304037, -0.1295726297420252
1512, -0.01745319366455078, -0.766549825668335, 2.1957314014434814, 0.016579627990722656, -1.4603439569473267, -0.01043844223022461, 0.9576581573486328, -1.8035154660051063, -5.386050116844642, -4.035988814884, -0.1295617052879221
1513, -0.01745319366455078, -0.7665941715240479, 2.1957314014434814, 0.016570568084716797, -1.4603255987167358, -0.01043844223022461, 0.957642822265625, -1.8035071705508061, -5.386051894313098, -4.03599331852517, -0.1295696019653212
1514, -0.017445802688598633, -0.7665941715240479, 2.1957314014434814, 0.016570568084716797, -1.4603255987167358, -0.01043844223022461, 0.957642822265625, -1.803503861073452, -5.386034841838335, -4.035994847511186, -0.12956954356593808
1515, -0.017445802688598633, -0.7665793299674988, 2.195739269256592, 0.016561508178710938, -1.4603346586227417, -0.01042938232421875, 0.9576657104492188, -1.803506345909591, -5.386023618330288, -4.036000120831593, -0.1295609617182265
1516, -0.017430782318115234, -0.76658695936203, 2.195739269256592, 0.016570568084716797, -1.4603346586227417, -0.01044774055480957, 0.9576504516601563, -1.8035073386708897, -5.386024820252799, -4.036005640170444, -0.12954577251948507
1517, -0.017430782318115234, -0.7665941715240479, 2.195723533630371, 0.016588687896728516, -1.4603074789047241, -0.010411262512207031, 0.9576351928710938, -1.803497234148704, -5.386019300011037, -4.036004897663233, -0.12952949799880642
1518, -0.017445802688598633, -0.7666604518890381, 2.1957473754882812, 0.016588687896728516, -1.4603074789047241, -0.01042032241821289, 0.9576504516601563, -1.8034927498323425, -5.386033403090964, -4.036006681944291, -0.12953369660777714
1519, -0.017445802688598633, -0.7666754126548767, 2.1957314014434814, 0.016570568084716797, -1.4602981805801392, -0.010411262512207031, 0.9576276397705078, -1.803489084976606, -5.386049349248562, -4.036007841648035, -0.1295557793304445
1520, -0.017445802688598633, -0.7666826248168945, 2.1957473754882812, 0.016588687896728516, -1.46031653881073, -0.010383844375610352, 0.957642822265625, -1.8034945446316524, -5.3860514596557065, -4.036010259988022, -0.12956963079473116
1521, -0.017430782318115234, -0.7667121291160583, 2.1957473754882812, 0.016588687896728516, -1.4603255987167358, -0.010374784469604492, 0.9576504516601563, -1.8034827390806738, -5.386059913683818, -4.0360043112651836, -0.1296084224862657
1522, -0.017401456832885742, -0.7667269706726074, 2.1957473754882812, 0.016597986221313477, -1.4602981805801392, -0.010374784469604492, 0.9576581573486328, -1.8034910733900393, -5.386044910874501, -4.036005510855914, -0.12964049151357315
1523, -0.017401456832885742, -0.7667195200920105, 2.195739269256592, 0.016579627990722656, -1.4603346586227417, -0.010356426239013672, 0.957642822265625, -1.8034904273041492, -5.386045532776962, -4.036007451766371, -0.12962441421393578
1524, -0.01740884780883789, -0.766756534576416, 2.1957473754882812, 0.016570568084716797, -1.4603530168533325, -0.010329008102416992, 0.9576581573486328, -1.8035043110006208, -5.386026108646728, -4.036015287391001, -0.12960556874607754
1525, -0.017394065856933594, -0.7667417526245117, 2.1957473754882812, 0.016597986221313477, -1.4603074789047241, -0.010310888290405273, 0.957642822265625, -1.8035014919338128, -5.386042124551919, -4.036016584447596, -0.12959960851594943
1526, -0.017394065856933594, -0.7667491436004639, 2.1957473754882812, 0.016588687896728516, -1.4602981805801392, -0.010338068008422852, 0.9576351928710938, -1.8035099852889218, -5.386041938533067, -4.036020861178246, -0.12959202379562296
1527, -0.017401456832885742, -0.7667491436004639, 2.195739269256592, 0.016570568084716797, -1.4603074789047241, -0.010310888290405273, 0.9576581573486328, -1.8035130181474348, -5.3860363241621, -4.0360214456403565, -0.1296104133431566
1528, -0.017386913299560547, -0.7667638659477234, 2.1957554817199707, 0.016588687896728516, -1.4602798223495483, -0.010301589965820312, 0.9576351928710938, -1.8035135201124473, -5.386055185154764, -4.036017135666053, -0.12962964461399462
1529, -0.017379283905029297, -0.7667417526245117, 2.1957473754882812, 0.016579627990722656, -1.4602888822555542, -0.010319948196411133, 0.957642822265625, -1.8035202694723895, -5.386050837259491, -4.036014223423172, -0.12963815864504102
1530, -0.017379283905029297, -0.766756534576416, 2.1957473754882812, 0.016579627990722656, -1.4602798223495483, -0.010301589965820312, 0.9576657104492188, -1.8035123525352719, -5.386061493854107, -4.036008673155482, -0.12963782292437287
1531, -0.01737189292907715, -0.766756534576416, 2.1957473754882812, 0.016588687896728516, -1.4602798223495483, -0.010283470153808594, 0.957642822265625, -1.8035228298960475, -5.386073893136268, -4.036012551926252, -0.12964415693147213
1532, -0.017342567443847656, -0.7667417526245117, 2.195739269256592, 0.016588687896728516, -1.4602526426315308, -0.010301589965820312, 0.9576504516601563, -1.803520375028368, -5.38606842247588, -4.036012099663214, -0.12965487359363603
1533, -0.017349958419799805, -0.7667417526245117, 2.1957554817199707, 0.016579627990722656, -1.4602707624435425, -0.010301589965820312, 0.957642822265625, -1.8035141124143756, -5.386075791547353, -4.03601096285465, -0.12964475281246823
1534, -0.017349958419799805, -0.7667638659477234, 2.1957473754882812, 0.016579627990722656, -1.4602888822555542, -0.010265111923217773, 0.9576581573486328, -1.8035115765778467, -5.386076154859551, -4.036012089739564, -0.12962899034940545
1535, -0.017349958419799805, -0.7667638659477234, 2.1957473754882812, 0.016597986221313477, -1.4602888822555542, -0.010265111923217773, 0.957642822265625, -1.8035009024874706, -5.3860802185380035, -4.036007997821895, -0.1296359797688691
1536, -0.017364501953125, -0.7667787075042725, 2.1957554817199707, 0.016579627990722656, -1.4602617025375366, -0.010274410247802734, 0.9576351928710938, -1.803495631099313, -5.3860800515050755, -4.036007829380861, -0.12962385697186907
1537, -0.017349958419799805, -0.7667787075042725, 2.195739269256592, 0.016588687896728516, -1.4602981805801392, -0.010246753692626953, 0.957642822265625, -1.8034931109094021, -5.386074442993444, -4.036012937398344, -0.12961465174715858
1538, -0.01735711097717285, -0.7667710781097412, 2.1957473754882812, 0.016588687896728516, -1.4602888822555542, -0.010265111923217773, 0.9576504516601563, -1.8034840046362608, -5.38606097233155, -4.036010781473135, -0.12960406185762974
1539, -0.017364501953125, -0.7667860984802246, 2.1957473754882812, 0.016579627990722656, -1.4602707624435425, -0.010256052017211914, 0.9576276397705078, -1.8034837195889157, -5.386060732388314, -4.036012279526095, -0.12959489297817228
1540, -0.017364501953125, -0.7667860984802246, 2.1957473754882812, 0.016579627990722656, -1.4602798223495483, -0.010228633880615234, 0.9576351928710938, -1.8034866177645872, -5.386061022247443, -4.036016268853484, -0.1296128967318122
1541, -0.017364501953125, -0.7667710781097412, 2.1957473754882812, 0.016579627990722656, -1.4602707624435425, -0.010246753692626953, 0.9576351928710938, -1.8034876799799657, -5.386054014723116, -4.036013958021595, -0.12959346253339632
1542, -0.017364501953125, -0.766800582408905, 2.1957473754882812, 0.016570568084716797, -1.4602798223495483, -0.010256052017211914, 0.9576351928710938, -1.8034847592675625, -5.3860477874130765, -4.036014762483537, -0.129589846038078
1543, -0.017364501953125, -0.7667860984802246, 2.1957554817199707, 0.016579627990722656, -1.4602888822555542, -0.010256052017211914, 0.9576504516601563, -1.8034873002470344, -5.386046514284067, -4.0360165432454576, -0.12959814513210688
1544, -0.017364501953125, -0.766800582408905, 2.1957473754882812, 0.016570568084716797, -1.4602707624435425, -0.010246753692626953, 0.9576504516601563, -1.803491408982584, -5.386056766630783, -4.036015213355642, -0.1296089279273156
1545, -0.017364501953125, -0.766800582408905, 2.1957554817199707, 0.016579627990722656, -1.4602798223495483, -0.010256052017211914, 0.9576657104492188, -1.803490349550759, -5.386059166988522, -4.03601573499322, -0.12960874160854274
1546, -0.01735711097717285, -0.766800582408905, 2.1957554817199707, 0.016579627990722656, -1.4602798223495483, -0.010265111923217773, 0.9576351928710938, -1.8034982377332098, -5.386052270772778, -4.036016566172404, -0.12960461796409106
1547, -0.017349958419799805, -0.7667932510375977, 2.1957554817199707, 0.016597986221313477, -1.4602707624435425, -0.010228633880615234, 0.9576581573486328, -1.803485443280354, -5.38605691773645, -4.036016462941209, -0.12960860221922932
1548, -0.01735711097717285, -0.7668082118034363, 2.1957473754882812, 0.016597986221313477, -1.4602798223495483, -0.010237693786621094, 0.9576504516601563, -1.8034908144686692, -5.386064980277867, -4.0360127835590305, -0.12960895826307794
1549, -0.017349958419799805, -0.7668082118034363, 2.195763349533081, 0.016570568084716797, -1.4602707624435425, -0.010210275650024414, 0.9576351928710938, -1.8035008324353297, -5.3860572323229885, -4.036016871360086, -0.12962842824424037
1550, -0.017364501953125, -0.766800582408905, 2.195763349533081, 0.016588687896728516, -1.4602617025375366, -0.010237693786621094, 0.9576351928710938, -1.8035017942370015, -5.386057451912749, -4.036014066471456, -0.12963973307135657
1551, -0.01737189292907715, -0.766800582408905, 2.1957554817199707, 0.016570568084716797, -1.4602617025375366, -0.010228633880615234, 0.957642822265625, -1.803492065363068, -5.386059987656746, -4.0360108217009865, -0.12965700099686384
1552, -0.01735711097717285, -0.766800582408905, 2.195763349533081, 0.016588687896728516, -1.4602798223495483, -0.010228633880615234, 0.9576504516601563, -1.8034885654246875, -5.386068499822481, -4.03601289421275, -0.1296412170557284
1553, -0.017364501953125, -0.7668082118034363, 2.195763349533081, 0.016561508178710938, -1.4602707624435425, -0.010200977325439453, 0.957642822265625, -1.8034791044683929, -5.38606436782198, -4.036010269253678, -0.12961782518766718
1554, -0.01735711097717285, -0.7668154239654541, 2.195763349533081, 0.016579627990722656, -1.4602707624435425, -0.010219335556030273, 0.9576504516601563, -1.803480023273445, -5.386056256818718, -4.036012356563939, -0.1296191443066288
1555, -0.017349958419799805, -0.7668302059173584, 2.195763349533081, 0.016588687896728516, -1.4602707624435425, -0.010200977325439453, 0.957642822265625, -1.8034792974205758, -5.386053143802317, -4.036008059297979, -0.12961270009674308
1556, -0.01735711097717285, -0.7668228149414062, 2.195763349533081, 0.016570568084716797, -1.4602526426315308, -0.010219335556030273, 0.9576504516601563, -1.8034709180118407, -5.386048497504873, -4.036009344026308, -0.1296184525468851
1557, -0.01735711097717285, -0.7668302059173584, 2.1957712173461914, 0.016579627990722656, -1.4602888822555542, -0.010219335556030273, 0.957642822265625, -1.8034724380415523, -5.3860429241346806, -4.036011009477867, -0.1296203128843052
1558, -0.017364501953125, -0.7668302059173584, 2.195763349533081, 0.016570568084716797, -1.4602981805801392, -0.010228633880615234, 0.9576504516601563, -1.8034786129091174, -5.38603553630847, -4.036013061417415, -0.12960568692114194
1559, -0.017379283905029297, -0.7668302059173584, 2.195763349533081, 0.016579627990722656, -1.4602888822555542, -0.010191917419433594, 0.957642822265625, -1.8034852243298365, -5.3860253588721045, -4.036017991562077, -0.1296159516818136
1560, -0.017364501953125, -0.7668375968933105, 2.195763349533081, 0.016579627990722656, -1.4602526426315308, -0.010210275650024414, 0.957642822265625, -1.803482101467878, -5.386009775544948, -4.036016299934689, -0.12959550658149954
1561, -0.01737189292907715, -0.7668375968933105, 2.195779323577881, 0.016579627990722656, -1.460243582725525, -0.010219335556030273, 0.957642822265625, -1.8034805202170947, -5.386007331672914, -4.036015323369666, -0.12960565170936533
1562, -0.017379283905029297, -0.7668449878692627, 2.1957712173461914, 0.016579627990722656, -1.4602526426315308, -0.010200977325439453, 0.9576581573486328, -1.8034773706637677, -5.386013572623247, -4.036012595519972, -0.12959642158363494
1563, -0.017379283905029297, -0.7668449878692627, 2.195779323577881, 0.016588687896728516, -1.460243582725525, -0.010191917419433594, 0.9576581573486328, -1.803483108246275, -5.3860015780603545, -4.036017057708063, -0.1296060375196708
1564, -0.017386913299560547, -0.7668375968933105, 2.1957712173461914, 0.016588687896728516, -1.4602798223495483, -0.010219335556030273, 0.9576581573486328, -1.8034808899713317, -5.386005635871613, -4.03601511361442, -0.12962049977568757
1565, -0.017379283905029297, -0.7668375968933105, 2.1957874298095703, 0.016597986221313477, -1.460243582725525, -0.010200977325439453, 0.957642822265625, -1.8034695594528554, -5.386006595728606, -4.0360105303716525, -0.12963727658694602
1566, -0.017386913299560547, -0.7668302059173584, 2.1957874298095703, 0.016561508178710938, -1.4602707624435425, -0.010200977325439453, 0.9576351928710938, -1.8034772683385731, -5.386008078023297, -4.036010294626107, -0.1296330624899804
1567, -0.017379283905029297, -0.7668449878692627, 2.195779323577881, 0.016570568084716797, -1.4602617025375366, -0.010191917419433594, 0.957642822265625, -1.8034867253256917, -5.38600455136326, -4.036013755065375, -0.12964898811484282
1568, -0.017379283905029297, -0.7668375968933105, 2.195779323577881, 0.016579627990722656, -1.460243582725525, -0.010210275650024414, 0.9576351928710938, -1.8034863650792188, -5.386011508891832, -4.036008314861925, -0.12965768675210132
1569, -0.01737189292907715, -0.766859769821167, 2.1957952976226807, 0.016570568084716797, -1.4602617025375366, -0.010173797607421875, 0.957642822265625, -1.8034954141486512, -5.386009189044256, -4.036010139365749, -0.12967313069696296
1570, -0.017394065856933594, -0.7668449878692627, 2.195779323577881, 0.016588687896728516, -1.460243582725525, -0.010173797607421875, 0.9576504516601563, -1.803502233714743, -5.386010760646204, -4.036011499825294, -0.12966545608260915
1571, -0.01737189292907715, -0.7668523192405701, 2.1957874298095703, 0.016570568084716797, -1.4602340459823608, -0.010200977325439453, 0.9576351928710938, -1.8035074810002993, -5.386008635910122, -4.0360109718631145, -0.12966378149397428
1572, -0.017379283905029297, -0.7668302059173584, 2.1957874298095703, 0.016588687896728516, -1.4602617025375366, -0.010182857513427734, 0.9576504516601563, -1.8035046030466333, -5.386003537989621, -4.0360117473040225, -0.12965130093314592
1573, -0.017379283905029297, -0.766859769821167, 2.1957874298095703, 0.016579627990722656, -1.460243582725525, -0.010182857513427734, 0.9576276397705078, -1.8034976849522826, -5.3860017460076355, -4.036007196230498, -0.12965527403110588
1574, -0.017379283905029297, -0.7668449878692627, 2.1957952976226807, 0.016579627990722656, -1.4602340459823608, -0.010191917419433594, 0.957642822265625, -1.8035132831943879, -5.386002997167325, -4.036017047641734, -0.12964694688750988
1575, -0.017394065856933594, -0.7668523192405701, 2.1957952976226807, 0.016561508178710938, -1.460224986076355, -0.010182857513427734, 0.957642822265625, -1.8035106530662885, -5.385995377395832, -4.0360144780112055, -0.12964911260448186
1576, -0.017394065856933594, -0.7668523192405701, 2.1957952976226807, 0.016570568084716797, -1.4602340459823608, -0.010182857513427734, 0.9576504516601563, -1.803511322481251, -5.385989457324209, -4.036011546736773, -0.12966011205111183
1577, -0.017379283905029297, -0.7668449878692627, 2.1957874298095703, 0.016579627990722656, -1.4602617025375366, -0.010164499282836914, 0.9576657104492188, -1.8035170607536852, -5.385984553804409, -4.036016891589974, -0.1296284508546206
1578, -0.017379283905029297, -0.7668523192405701, 2.195779323577881, 0.016597986221313477, -1.4602340459823608, -0.010182857513427734, 0.9576504516601563, -1.8035226594370373, -5.385980932338225, -4.036014503911127, -0.12962453441983435
1579, -0.017401456832885742, -0.7668671607971191, 2.195779323577881, 0.016579627990722656, -1.460243582725525, -0.010164499282836914, 0.957642822265625, -1.8035221080266757, -5.385981882736537, -4.036016788303179, -0.12963346689085675
1580, -0.017379283905029297, -0.7668671607971191, 2.195803165435791, 0.016588687896728516, -1.460224986076355, -0.010173797607421875, 0.957642822265625, -1.8035227714253506, -5.385982853604524, -4.036015736587206, -0.12962067322199555
1581, -0.017401456832885742, -0.7668745517730713, 2.195803165435791, 0.016597986221313477, -1.460243582725525, -0.010191917419433594, 0.9576504516601563, -1.8035300383239725, -5.385978511239052, -4.03601551489412, -0.12962545170778572
1582, -0.017401456832885742, -0.7668671607971191, 2.1957952976226807, 0.016588687896728516, -1.4602526426315308, -0.010173797607421875, 0.9576504516601563, -1.8035232215215442, -5.3859802521205395, -4.036011053457705, -0.1296337115950319
1583, -0.017386913299560547, -0.766859769821167, 2.195803165435791, 0.016570568084716797, -1.4602340459823608, -0.010191917419433594, 0.9576581573486328, -1.8035309375813096, -5.385991682624782, -4.036012105728254, -0.1296458736103121
1584, -0.017379283905029297, -0.7668671607971191, 2.195803165435791, 0.016579627990722656, -1.460243582725525, -0.010164499282836914, 0.957642822265625, -1.80353107033962, -5.385991617335229, -4.036011799606432, -0.12966967445174316
1585, -0.017364501953125, -0.7668523192405701, 2.1957874298095703, 0.016570568084716797, -1.460243582725525, -0.010164499282836914, 0.9576581573486328, -1.8035269205777718, -5.385989521641899, -4.036008987620062, -0.12966884817528612
1586, -0.017379283905029297, -0.7668523192405701, 2.1957874298095703, 0.016570568084716797, -1.460243582725525, -0.010164499282836914, 0.9576504516601563, -1.803528134353733, -5.3859949369135975, -4.036007266936595, -0.1296647989369788
1587, -0.017379283905029297, -0.7668745517730713, 2.195803165435791, 0.016597986221313477, -1.460224986076355, -0.010164499282836914, 0.9576504516601563, -1.8035350170784548, -5.38599389188199, -4.036008116984079, -0.1296764400656203
1588, -0.017386913299560547, -0.7668817043304443, 2.195803165435791, 0.016570568084716797, -1.4602340459823608, -0.010191917419433594, 0.9576657104492188, -1.8035304449305114, -5.385993161673773, -4.036004863010391, -0.1296786206642908
1589, -0.017394065856933594, -0.7668745517730713, 2.1958112716674805, 0.016561508178710938, -1.460224986076355, -0.010164499282836914, 0.957642822265625, -1.8035205288888383, -5.386006794239958, -4.03600337193029, -0.12968983310168625
1590, -0.017379283905029297, -0.7668817043304443, 2.1957952976226807, 0.016579627990722656, -1.460224986076355, -0.010173797607421875, 0.957642822265625, -1.8035231454831728, -5.385994728793917, -4.0360057510827945, -0.12971473469395267
1591, -0.01737189292907715, -0.7668745517730713, 2.195803165435791, 0.016597986221313477, -1.4602340459823608, -0.010182857513427734, 0.9576504516601563, -1.8035274595283384, -5.385996140089613, -4.036009688097201, -0.1297045234478853
1592, -0.01737189292907715, -0.7668817043304443, 2.195803165435791, 0.016588687896728516, -1.4602526426315308, -0.010164499282836914, 0.9576504516601563, -1.8035274897148408, -5.3860094422493745, -4.0360079285407675, -0.12970299826663378
1593, -0.01737189292907715, -0.7668817043304443, 2.195803165435791, 0.016579627990722656, -1.4602340459823608, -0.010164499282836914, 0.957642822265625, -1.8035238536075764, -5.385997264260853, -4.036007718387511, -0.12969394844806637
1594, -0.01737189292907715, -0.7668893337249756, 2.1957874298095703, 0.016570568084716797, -1.460243582725525, -0.010182857513427734, 0.957642822265625, -1.8035330169038308, -5.385989504885607, -4.036010147725547, -0.12965561090705613
1595, -0.01737189292907715, -0.7668745517730713, 2.195803165435791, 0.016588687896728516, -1.460243582725525, -0.010146379470825195, 0.9576504516601563, -1.8035369586562804, -5.385996530712479, -4.036013458846595, -0.12967235737617955
1596, -0.017364501953125, -0.7668893337249756, 2.195803165435791, 0.016579627990722656, -1.4602340459823608, -0.010173797607421875, 0.957642822265625, -1.8035321635193076, -5.385987647654161, -4.0360109749025534, -0.1296703857110879
1597, -0.017379283905029297, -0.7668817043304443, 2.195803165435791, 0.016579627990722656, -1.460224986076355, -0.010155439376831055, 0.957642822265625, -1.8035347060330484, -5.385981735488231, -4.0360133399779015, -0.12966020365318176
1598, -0.017379283905029297, -0.7668817043304443, 2.1957952976226807, 0.016588687896728516, -1.4602159261703491, -0.010164499282836914, 0.957642822265625, -1.8035429106540661, -5.385988167947339, -4.036015045027914, -0.12965735875711726
1599, -0.017364501953125, -0.7668893337249756, 2.195803165435791, 0.016597986221313477, -1.4602340459823608, -0.010146379470825195, 0.9576504516601563, -1.8035441827212948, -5.3859795008613895, -4.036015741764842, -0.12966460119477485
1600, -0.017379283905029297, -0.7668893337249756, 2.195803165435791, 0.016579627990722656, -1.460224986076355, -0.010155439376831055, 0.9576581573486328, -1.8035472046077707, -5.385978203183794, -4.03601883640702, -0.1296784008965668
1601, -0.01735711097717285, -0.766896665096283, 2.195803165435791, 0.016588687896728516, -1.460224986076355, -0.010155439376831055, 0.9576504516601563, -1.8035480963678108, -5.385983941061971, -4.036016357895431, -0.12968962184422939
1602, -0.017364501953125, -0.766896665096283, 2.1958112716674805, 0.016588687896728516, -1.4602340459823608, -0.010164499282836914, 0.9576504516601563, -1.8035578372061574, -5.385984354550016, -4.036017830418496, -0.12969827813971335
1603, -0.01735711097717285, -0.766896665096283, 2.195803165435791, 0.016597986221313477, -1.4602159261703491, -0.010155439376831055, 0.9576657104492188, -1.8035531410287875, -5.385985532424002, -4.036019866984235, -0.12968215074934442
1604, -0.017364501953125, -0.766896665096283, 2.195803165435791, 0.016579627990722656, -1.4602340459823608, -0.010164499282836914, 0.9576504516601563, -1.8035568807600775, -5.385989341152555, -4.036019390727953, -0.12970191782028717
1605, -0.01737189292907715, -0.7669038772583008, 2.195803165435791, 0.016570568084716797, -1.4602340459823608, -0.010137319564819336, 0.957642822265625, -1.8035508820841364, -5.385993492330105, -4.036013531136891, -0.12970529019547783
1606, -0.01735711097717285, -0.7669038772583008, 2.1958112716674805, 0.016570568084716797, -1.4602159261703491, -0.010146379470825195, 0.9576504516601563, -1.8035639237170853, -5.386001701921994, -4.03601763372428, -0.12972347853982313
1607, -0.017364501953125, -0.766896665096283, 2.1958112716674805, 0.016579627990722656, -1.460224986076355, -0.010164499282836914, 0.9576351928710938, -1.8035632252528082, -5.385996926326572, -4.036016492466346, -0.1297536360310847
1608, -0.017349958419799805, -0.7669038772583008, 2.1958112716674805, 0.016597986221313477, -1.460224986076355, -0.010137319564819336, 0.9576581573486328, -1.8035575987058734, -5.385993152111497, -4.03601172090212, -0.12976498609265263
1609, -0.017342567443847656, -0.7669038772583008, 2.1958112716674805, 0.016588687896728516, -1.460224986076355, -0.010164499282836914, 0.9576504516601563, -1.8035664235069353, -5.385998944464797, -4.036013850997104, -0.12975955099212744
1610, -0.017342567443847656, -0.766896665096283, 2.1958112716674805, 0.016588687896728516, -1.4602340459823608, -0.010137319564819336, 0.957642822265625, -1.8035755150992745, -5.385988966540156, -4.036015646104037, -0.1297463471685063
1611, -0.017349958419799805, -0.766896665096283, 2.195803165435791, 0.016597986221313477, -1.460224986076355, -0.010137319564819336, 0.9576581573486328, -1.8035773520682394, -5.3859922514282665, -4.036012817889273, -0.1297300108483288
1612, -0.017342567443847656, -0.7669112682342529, 2.1958112716674805, 0.016579627990722656, -1.4602340459823608, -0.010137319564819336, 0.9576581573486328, -1.8035787922980522, -5.386002556094893, -4.036016587843696, -0.12973980478887182
1613, -0.017349958419799805, -0.7669112682342529, 2.195803165435791, 0.016570568084716797, -1.460224986076355, -0.010128021240234375, 0.957642822265625, -1.8035809110629895, -5.385988742250649, -4.036019734921586, -0.1297233642917197
1614, -0.017349958419799805, -0.7669112682342529, 2.195803165435791, 0.016552209854125977, -1.460243582725525, -0.010146379470825195, 0.9576504516601563, -1.8035750384884675, -5.385981333419209, -4.036017275369728, -0.12971962335157894
1615, -0.017335176467895508, -0.7669038772583008, 2.1958112716674805, 0.016579627990722656, -1.460243582725525, -0.010137319564819336, 0.9576581573486328, -1.8035806349296446, -5.385995496817345, -4.036018208035496, -0.12971547707702058
1616, -0.017342567443847656, -0.7669112682342529, 2.19581937789917, 0.016588687896728516, -1.4602340459823608, -0.010146379470825195, 0.9576199340820313, -1.8035787656127447, -5.385981162381534, -4.036019471272302, -0.1297202180736159
1617, -0.01735711097717285, -0.7669260501861572, 2.1958112716674805, 0.016579627990722656, -1.4602526426315308, -0.010128021240234375, 0.9576351928710938, -1.8035774231252728, -5.385976025897613, -4.03602222489066, -0.12971577589619354
1618, -0.017349958419799805, -0.7669112682342529, 2.1958112716674805, 0.016607046127319336, -1.4602068662643433, -0.010118961334228516, 0.9576504516601563, -1.8035774763177699, -5.38598670892961, -4.036022805033081, -0.1297199287375932
1619, -0.01735711097717285, -0.7669188976287842, 2.1958112716674805, 0.016579627990722656, -1.4602159261703491, -0.010137319564819336, 0.9576351928710938, -1.8035814555308471, -5.385984065304169, -4.03601758872701, -0.12974233061854612
1620, -0.017342567443847656, -0.7669188976287842, 2.1958112716674805, 0.016588687896728516, -1.460224986076355, -0.010155439376831055, 0.9576504516601563, -1.803577952225758, -5.385979630775469, -4.0360161553467035, -0.1297350970717197
1621, -0.017335176467895508, -0.7669260501861572, 2.195803165435791, 0.016588687896728516, -1.460224986076355, -0.010146379470825195, 0.9576581573486328, -1.8035755277182308, -5.385989871431914, -4.036020343830549, -0.12973289502630436
1622, -0.017335176467895508, -0.766896665096283, 2.1958112716674805, 0.016588687896728516, -1.4602159261703491, -0.010137319564819336, 0.9576504516601563, -1.8035750673658428, -5.385983365155928, -4.036017692258543, -0.12974987190012133
1623, -0.017349958419799805, -0.7669038772583008, 2.1958112716674805, 0.016588687896728516, -1.4602068662643433, -0.010146379470825195, 0.9576351928710938, -1.803576253548012, -5.385983674588678, -4.036015692353271, -0.12977658260419833
1624, -0.01732778549194336, -0.7669038772583008, 2.19581937789917, 0.016570568084716797, -1.4602340459823608, -0.010146379470825195, 0.957642822265625, -1.8035771846283741, -5.3859820903539, -4.036017283458915, -0.12980144726665355
1625, -0.01732778549194336, -0.7669260501861572, 2.1958112716674805, 0.016579627990722656, -1.4602159261703491, -0.010118961334228516, 0.9576581573486328, -1.8035858996736263, -5.385965669787845, -4.036019606850358, -0.12980813907674982
1626, -0.01732778549194336, -0.766896665096283, 2.1958112716674805, 0.016570568084716797, -1.4601978063583374, -0.010137319564819336, 0.957642822265625, -1.8035805817836834, -5.385982676964996, -4.036015720387219, -0.12981863250185288
1627, -0.01732015609741211, -0.7669188976287842, 2.19581937789917, 0.016579627990722656, -1.4602526426315308, -0.010146379470825195, 0.9576581573486328, -1.8035873430581588, -5.385983168042939, -4.0360201067146635, -0.12981896111003977
1628, -0.017313003540039062, -0.7669188976287842, 2.195803165435791, 0.016579627990722656, -1.460224986076355, -0.010128021240234375, 0.9576504516601563, -1.8035865515541567, -5.385971026811031, -4.036014286082402, -0.12981121918147576
1629, -0.017305612564086914, -0.7669188976287842, 2.1958112716674805, 0.016588687896728516, -1.4602159261703491, -0.010137319564819336, 0.9576581573486328, -1.8035882507051024, -5.385980414156881, -4.036015876729404, -0.12980420888060085
1630, -0.017313003540039062, -0.7669260501861572, 2.19581937789917, 0.016570568084716797, -1.4602159261703491, -0.010128021240234375, 0.9576581573486328, -1.8035915536054354, -5.385978606170007, -4.036017733724058, -0.12979885887899467
1631, -0.017313003540039062, -0.7669112682342529, 2.19581937789917, 0.016597986221313477, -1.4602340459823608, -0.010128021240234375, 0.9576657104492188, -1.8035945533241788, -5.385972318198405, -4.036017151374484, -0.12978616819246191
1632, -0.017305612564086914, -0.7669188976287842, 2.195803165435791, 0.016570568084716797, -1.4602159261703491, -0.010137319564819336, 0.9576581573486328, -1.8035885665307358, -5.385976305317269, -4.036014654834566, -0.12979127470530383
1633, -0.017313003540039062, -0.7669260501861572, 2.19581937789917, 0.016588687896728516, -1.4602159261703491, -0.010118961334228516, 0.957642822265625, -1.8035936037338598, -5.38597541056896, -4.036016716158105, -0.1297959252257206
1634, -0.017298221588134766, -0.7669407725334167, 2.1958112716674805, 0.016588687896728516, -1.4601978063583374, -0.010128021240234375, 0.957642822265625, -1.8035862363458541, -5.385966181945461, -4.036014870917617, -0.12982007849650934
1635, -0.017298221588134766, -0.7669334411621094, 2.1958112716674805, 0.016579627990722656, -1.4602068662643433, -0.010128021240234375, 0.9576504516601563, -1.8035861251402276, -5.385964936547051, -4.036019095877504, -0.12983509802564175
1636, -0.017290830612182617, -0.7669407725334167, 2.19581937789917, 0.016607046127319336, -1.460224986076355, -0.010128021240234375, 0.9576657104492188, -1.8035900716587339, -5.3859576542752094, -4.036020191553188, -0.12984652371043914
1637, -0.017290830612182617, -0.7669334411621094, 2.1958112716674805, 0.016588687896728516, -1.460224986076355, -0.010137319564819336, 0.9576581573486328, -1.8035909340768495, -5.385971137765392, -4.036017861512318, -0.12984729700668662
1638, -0.017290830612182617, -0.7669260501861572, 2.19581937789917, 0.016570568084716797, -1.4602068662643433, -0.010128021240234375, 0.9576504516601563, -1.8035962900305151, -5.385970943749274, -4.036017695813353, -0.12984901564693896
1639, -0.017290830612182617, -0.7669334411621094, 2.19581937789917, 0.016588687896728516, -1.4602068662643433, -0.010118961334228516, 0.9576581573486328, -1.8036026911352412, -5.385963718483115, -4.036016695207026, -0.12986243380122797
1640, -0.01728343963623047, -0.7669188976287842, 2.19581937789917, 0.016588687896728516, -1.4602159261703491, -0.010155439376831055, 0.9576581573486328, -1.8036038707801856, -5.385974785646448, -4.036015698736661, -0.1298554669501204
1641, -0.01728343963623047, -0.7669334411621094, 2.1958272457122803, 0.016597986221313477, -1.4602159261703491, -0.010137319564819336, 0.9576504516601563, -1.8036067929746231, -5.385980923615701, -4.036014839031743, -0.1298549311769861
1642, -0.017261266708374023, -0.7669482231140137, 2.19581937789917, 0.016579627990722656, -1.4602159261703491, -0.010137319564819336, 0.957642822265625, -1.8036011969131893, -5.385974878945802, -4.036016361618364, -0.12985782854057248
1643, -0.017268657684326172, -0.7669407725334167, 2.19581937789917, 0.016561508178710938, -1.4602340459823608, -0.010137319564819336, 0.9576581573486328, -1.803590447351124, -5.385974081348396, -4.036009359015662, -0.12986430487060652
1644, -0.017261266708374023, -0.7669407725334167, 2.1958112716674805, 0.016607046127319336, -1.4602159261703491, -0.010118961334228516, 0.9576504516601563, -1.8035918747170316, -5.385975014705014, -4.036011171473272, -0.12986914231417934
1645, -0.017261266708374023, -0.7669407725334167, 2.1958272457122803, 0.016579627990722656, -1.4602159261703491, -0.010128021240234375, 0.9576504516601563, -1.8035968224653862, -5.38596087976608, -4.036015408990194, -0.12986389529885134
1646, -0.017261266708374023, -0.7669482231140137, 2.19581937789917, 0.016597986221313477, -1.4601887464523315, -0.010118961334228516, 0.9576657104492188, -1.8035959230835683, -5.385958253898101, -4.036012056205567, -0.1298653168869217
1647, -0.017261266708374023, -0.7669407725334167, 2.19581937789917, 0.016597986221313477, -1.4602068662643433, -0.010118961334228516, 0.9576581573486328, -1.8035954830852539, -5.385949859942637, -4.036015937806183, -0.12986088067274348
1648, -0.017246484756469727, -0.7669556140899658, 2.1958272457122803, 0.016588687896728516, -1.4602159261703491, -0.010128021240234375, 0.9576657104492188, -1.8035919980593211, -5.385943417317901, -4.036017090106442, -0.12984970444042432
1649, -0.017261266708374023, -0.7669703960418701, 2.1958112716674805, 0.016588687896728516, -1.4602340459823608, -0.010128021240234375, 0.9576657104492188, -1.8035805560212987, -5.385936801317086, -4.036011120914778, -0.12984840251187713
1650, -0.017261266708374023, -0.7669703960418701, 2.19581937789917, 0.016579627990722656, -1.4601978063583374, -0.010118961334228516, 0.9576504516601563, -1.8035839322328013, -5.385940097845054, -4.036015176104298, -0.1298490204396341
1651, -0.017253875732421875, -0.7669777870178223, 2.1958112716674805, 0.016588687896728516, -1.460224986076355, -0.010128021240234375, 0.9576581573486328, -1.8035847550779514, -5.385938611452552, -4.0360203333019795, -0.12982685128773142
1652, -0.017261266708374023, -0.766963005065918, 2.1958272457122803, 0.016588687896728516, -1.4602159261703491, -0.010137319564819336, 0.9576657104492188, -1.8035801288266102, -5.385935744726884, -4.036013249774594, -0.1298379471774238
1653, -0.017268657684326172, -0.7669703960418701, 2.1958112716674805, 0.016588687896728516, -1.4601978063583374, -0.010109901428222656, 0.9576657104492188, -1.803582747226341, -5.385938141574439, -4.03601713425539, -0.12986539550719556
1654, -0.017276287078857422, -0.7669923305511475, 2.1958272457122803, 0.016588687896728516, -1.460224986076355, -0.010109901428222656, 0.9576581573486328, -1.803589048695685, -5.38593466319907, -4.0360198308760875, -0.12986777672377237
1655, -0.017268657684326172, -0.7669777870178223, 2.19581937789917, 0.016570568084716797, -1.460224986076355, -0.010100841522216797, 0.9576581573486328, -1.8035866892105201, -5.385941469948112, -4.036014914077048, -0.12990430464377845
1656, -0.017268657684326172, -0.7669703960418701, 2.19581937789917, 0.016597986221313477, -1.4602068662643433, -0.010091543197631836, 0.9576657104492188, -1.803590417064656, -5.385943071375393, -4.036019140542893, -0.12991185907025482
1657, -0.017261266708374023, -0.7669999599456787, 2.1958272457122803, 0.016588687896728516, -1.460224986076355, -0.010109901428222656, 0.9576504516601563, -1.8035917138488284, -5.385938880288782, -4.036017106790478, -0.1299151992990586
1658, -0.017253875732421875, -0.7669923305511475, 2.19581937789917, 0.016607046127319336, -1.4602159261703491, -0.010109901428222656, 0.9576581573486328, -1.8035979913419466, -5.385941368649145, -4.036015933172732, -0.12992375085671704
1659, -0.017246484756469727, -0.7670073509216309, 2.1958272457122803, 0.016579627990722656, -1.4601978063583374, -0.010100841522216797, 0.9576504516601563, -1.8036009828354176, -5.385938364974554, -4.0360181321493585, -0.12992948186339515
1660, -0.017246484756469727, -0.7669851183891296, 2.1958272457122803, 0.016597986221313477, -1.4601887464523315, -0.010073423385620117, 0.9576657104492188, -1.8036035260861698, -5.385939317221632, -4.036017606422566, -0.1299314082427241
1661, -0.017246484756469727, -0.7670145034790039, 2.1958272457122803, 0.016570568084716797, -1.4602340459823608, -0.010091543197631836, 0.9576504516601563, -1.8036049370855198, -5.385944873021564, -4.036013281340601, -0.1299290924819232
1662, -0.01723194122314453, -0.7670073509216309, 2.1958272457122803, 0.016579627990722656, -1.4602340459823608, -0.010100841522216797, 0.9576581573486328, -1.8036055204772805, -5.385939346661758, -4.036019715133515, -0.12992012664614272
1663, -0.017246484756469727, -0.7670294642448425, 2.1958272457122803, 0.016588687896728516, -1.4601978063583374, -0.010128021240234375, 0.9576581573486328, -1.8035975234726231, -5.385938070331408, -4.036013003965286, -0.12991677867360973
1664, -0.01723194122314453, -0.7670440673828125, 2.19584321975708, 0.016588687896728516, -1.4601978063583374, -0.010128021240234375, 0.9576657104492188, -1.8036039846471668, -5.385942691327098, -4.0360173505620125, -0.12992099818828873
1665, -0.017224550247192383, -0.7670440673828125, 2.1958351135253906, 0.016579627990722656, -1.4602068662643433, -0.010109901428222656, 0.9576504516601563, -1.8036081093336487, -5.385936862326344, -4.036016546164073, -0.12991440217086048
1666, -0.017224550247192383, -0.7670218348503113, 2.19584321975708, 0.016570568084716797, -1.4601978063583374, -0.010091543197631836, 0.957642822265625, -1.8036105907390858, -5.3859313705039344, -4.0360161417769955, -0.12992218818654688
1667, -0.01723194122314453, -0.7670514583587646, 2.19584321975708, 0.016570568084716797, -1.4601978063583374, -0.010100841522216797, 0.9576657104492188, -1.8036112412064178, -5.38593740974805, -4.036019999847018, -0.1299031574735805
1668, -0.017224550247192383, -0.7670218348503113, 2.1958351135253906, 0.016561508178710938, -1.4602068662643433, -0.010118961334228516, 0.957642822265625, -1.8036137498032998, -5.385931505370273, -4.0360160084327354, -0.12987005135537277
1669, -0.017224550247192383, -0.7670440673828125, 2.19584321975708, 0.016588687896728516, -1.4602340459823608, -0.010128021240234375, 0.9576581573486328, -1.803618947334115, -5.38593498121588, -4.0360157769367975, -0.1298874592547623
1670, -0.01723194122314453, -0.7670588493347168, 2.19584321975708, 0.016588687896728516, -1.4602159261703491, -0.010118961334228516, 0.9576504516601563, -1.8036243136823642, -5.385940895415264, -4.03602382730283, -0.12988216819361043
1671, -0.01723933219909668, -0.7670440673828125, 2.1958513259887695, 0.016579627990722656, -1.4602068662643433, -0.010109901428222656, 0.9576581573486328, -1.8036216251552268, -5.385935705797266, -4.036018034890897, -0.1298988248263555
1672, -0.017224550247192383, -0.7670440673828125, 2.1958513259887695, 0.016597986221313477, -1.4601978063583374, -0.010100841522216797, 0.9576504516601563, -1.803621064781283, -5.385936237234402, -4.0360159300270135, -0.12989763421980527
1673, -0.017224550247192383, -0.7670588493347168, 2.1958513259887695, 0.016579627990722656, -1.4601978063583374, -0.010082483291625977, 0.957642822265625, -1.8036262550065163, -5.385938137454828, -4.036018484605863, -0.12989274438422083
1674, -0.01723194122314453, -0.767066240310669, 2.19585919380188, 0.016588687896728516, -1.4602068662643433, -0.010082483291625977, 0.9576581573486328, -1.8036274857692487, -5.385932999821456, -4.0360168175009665, -0.1299133603906295
1675, -0.01723194122314453, -0.767066240310669, 2.19585919380188, 0.016570568084716797, -1.4602159261703491, -0.010100841522216797, 0.957642822265625, -1.8036263957649783, -5.385940503824763, -4.036016583449093, -0.1299240491162168
1676, -0.017209529876708984, -0.7670810222625732, 2.19585919380188, 0.016597986221313477, -1.4602068662643433, -0.010082483291625977, 0.9576581573486328, -1.803625237352817, -5.385941747512873, -4.0360177195613725, -0.12994094326848682
1677, -0.017209529876708984, -0.7670884132385254, 2.1958751678466797, 0.016570568084716797, -1.4602159261703491, -0.010100841522216797, 0.9576504516601563, -1.803629622524005, -5.3859422964360135, -4.036013825712313, -0.12996129200831508
1678, -0.017202377319335938, -0.7670884132385254, 2.19585919380188, 0.016570568084716797, -1.4601978063583374, -0.010082483291625977, 0.9576581573486328, -1.803625422926268, -5.385948063304643, -4.036013892148498, -0.12997621575766605
1679, -0.01719498634338379, -0.7670884132385254, 2.19585919380188, 0.016570568084716797, -1.4601796865463257, -0.010091543197631836, 0.9576734161376953, -1.803623208111428, -5.385949132334129, -4.036012825372708, -0.12995755587391766
1680, -0.017165660858154297, -0.7671105861663818, 2.195883274078369, 0.016588687896728516, -1.4602068662643433, -0.010091543197631836, 0.9576504516601563, -1.8036292808423264, -5.385947028162189, -4.036013489057225, -0.12995277082466483
1681, -0.017180204391479492, -0.7671401500701904, 2.195883274078369, 0.016570568084716797, -1.4601978063583374, -0.010091543197631836, 0.9576581573486328, -1.8036258966990784, -5.385943169023805, -4.036017391702737, -0.12992114944489597
1682, -0.01719498634338379, -0.7671546339988708, 2.1958911418914795, 0.016588687896728516, -1.4601887464523315, -0.010082483291625977, 0.9576504516601563, -1.8036208216172485, -5.385949226684122, -4.036016947931246, -0.12992398427280705
1683, -0.01718759536743164, -0.7671694755554199, 2.195883274078369, 0.016579627990722656, -1.4601978063583374, -0.010073423385620117, 0.9576504516601563, -1.8036140863233259, -5.385936444821271, -4.036012272778726, -0.12991966179398595
1684, -0.01719498634338379, -0.7671842575073242, 2.19589900970459, 0.016579627990722656, -1.4601978063583374, -0.010109901428222656, 0.9576581573486328, -1.8036281041824944, -5.385931871723498, -4.036019095197542, -0.1299167507300032
1685, -0.017202377319335938, -0.7671768665313721, 2.19589900970459, 0.016597986221313477, -1.4601978063583374, -0.010118961334228516, 0.9576504516601563, -1.8036293756685207, -5.385925965178953, -4.03601748635079, -0.12991372182018512
1686, -0.017180204391479492, -0.7671768665313721, 2.1959071159362793, 0.016570568084716797, -1.4601887464523315, -0.010109901428222656, 0.9576504516601563, -1.8036264089046767, -5.385931567792268, -4.036016715238682, -0.12990992615357566
1687, -0.01719498634338379, -0.7671842575073242, 2.1959152221679688, 0.016588687896728516, -1.4601887464523315, -0.010109901428222656, 0.9576581573486328, -1.8036327681691602, -5.3859198531826715, -4.036021113442056, -0.1299082586973208
1688, -0.017202377319335938, -0.7672135829925537, 2.1959152221679688, 0.016579627990722656, -1.4601610898971558, -0.010082483291625977, 0.9576657104492188, -1.8036343479359662, -5.385913532084103, -4.036021569652735, -0.1298981289747667
1689, -0.017202377319335938, -0.7671990394592285, 2.195923328399658, 0.016570568084716797, -1.4601978063583374, -0.010073423385620117, 0.9576504516601563, -1.803632055841347, -5.385909687131427, -4.036013764610464, -0.12991255384037625
1690, -0.01719498634338379, -0.767221212387085, 2.1959309577941895, 0.016570568084716797, -1.4601610898971558, -0.010100841522216797, 0.9576657104492188, -1.803624103553418, -5.3859135103700995, -4.036016417800236, -0.1299152041550542
1691, -0.01718759536743164, -0.7672430872917175, 2.1959309577941895, 0.016588687896728516, -1.4601706266403198, -0.010082483291625977, 0.9576581573486328, -1.8036274364708897, -5.385916801136224, -4.036018207483921, -0.12992488087652454
1692, -0.017202377319335938, -0.7672507166862488, 2.1959309577941895, 0.016588687896728516, -1.4601706266403198, -0.010100841522216797, 0.9576504516601563, -1.8036267148271872, -5.385918494672322, -4.036014472859241, -0.12992202994857305
1693, -0.01719498634338379, -0.7672653198242188, 2.195939064025879, 0.016597986221313477, -1.46015202999115, -0.010100841522216797, 0.9576504516601563, -1.80362647439897, -5.385912947367604, -4.03601361463584, -0.12992258834962822
1694, -0.01719498634338379, -0.7672579288482666, 2.195955276489258, 0.016597986221313477, -1.4601796865463257, -0.010100841522216797, 0.9576657104492188, -1.8036310961957094, -5.38591315750659, -4.036014656616248, -0.12991742226812164
1695, -0.01719498634338379, -0.7672874927520752, 2.1959710121154785, 0.016579627990722656, -1.46015202999115, -0.010109901428222656, 0.9576581573486328, -1.803628901921454, -5.3859157961468815, -4.036012273634431, -0.12992008093674556
1696, -0.017209529876708984, -0.7673096656799316, 2.1959872245788574, 0.016588687896728516, -1.46015202999115, -0.010073423385620117, 0.9576581573486328, -1.8036165899184147, -5.385921443229714, -4.036009518690182, -0.12994636315669617
1697, -0.017202377319335938, -0.7673537731170654, 2.1959872245788574, 0.016579627990722656, -1.4601339101791382, -0.010082483291625977, 0.9576809692382813, -1.8036158891640186, -5.385917485992045, -4.036010433373336, -0.1299534919150096
1698, -0.01719498634338379, -0.7673537731170654, 2.1960110664367676, 0.016588687896728516, -1.4601064920425415, -0.010100841522216797, 0.9576657104492188, -1.8036214478305561, -5.385916504137974, -4.0360122371705245, -0.12996598146138094
1699, -0.01719498634338379, -0.7673759460449219, 2.196019172668457, 0.016570568084716797, -1.460142970085144, -0.010091543197631836, 0.9576657104492188, -1.803618614774055, -5.385904195993542, -4.0360112161704365, -0.12994717334152295
1700, -0.017202377319335938, -0.7673759460449219, 2.1960268020629883, 0.016588687896728516, -1.460142970085144, -0.010082483291625977, 0.9576657104492188, -1.803617949420266, -5.385893703070304, -4.036013914981267, -0.12994447898286499
1701, -0.01718759536743164, -0.7674055099487305, 2.1960349082946777, 0.016579627990722656, -1.46015202999115, -0.010082483291625977, 0.9576734161376953, -1.8036216448422158, -5.385897815476148, -4.036013669647795, -0.12994992009497341
1702, -0.017202377319335938, -0.7673981189727783, 2.1960511207580566, 0.016588687896728516, -1.4601339101791382, -0.010073423385620117, 0.9576657104492188, -1.8036241467866927, -5.385891978057655, -4.03601168387321, -0.12992428800526135
1703, -0.01719498634338379, -0.7674276232719421, 2.1960668563842773, 0.016570568084716797, -1.4601706266403198, -0.010091543197631836, 0.9576581573486328, -1.8036222361779468, -5.385888633519408, -4.036015024327537, -0.1299292820289626
1704, -0.017202377319335938, -0.7674422264099121, 2.196074962615967, 0.016579627990722656, -1.4601339101791382, -0.010091543197631836, 0.9576581573486328, -1.803628357280454, -5.385889948342706, -4.036014908126402, -0.12992764433489246
