# Arm joint positions + body pose collected at 50.0 Hz
# Timestamp: 20251118_124554
# Format: timestep, timestamp_utc, arm0.sh0, arm0.sh1, arm0.el0, arm0.el1, arm0.wr0, arm0.wr1, gripper_open_percentage, body_x, body_y, body_z, body_theta
# Body pose is in odom frame (x, y, z in meters, theta in radians)

0, 1763487954.600323, -0.018861770629882812, -0.7707095146179199, 2.163957118988037, 0.014297008514404297, -1.4273085594177246, -0.00926065444946289, 0.9686348724365235, 0.16865136867710806, -5.3591454627119095, -4.09399290482121, -0.1952764725189695
1, 1763487954.606751, -0.018861770629882812, -0.7707095146179199, 2.163957118988037, 0.014324426651000977, -1.4272992610931396, -0.009242534637451172, 0.9686348724365235, 0.16864511127206083, -5.359149381277027, -4.09400038381596, -0.1952825376768219
2, 1763487954.640125, -0.018861770629882812, -0.7707095146179199, 2.163957118988037, 0.014297008514404297, -1.4272902011871338, -0.009242534637451172, 0.9686348724365235, 0.1686637880869466, -5.359145999165277, -4.0939977272432815, -0.1952820390017802
3, 1763487954.655705, -0.018861770629882812, -0.7707095146179199, 2.1639492511749268, 0.014324426651000977, -1.427271842956543, -0.009242534637451172, 0.9686272430419922, 0.16866037945043022, -5.359140474799765, -4.093996131434865, -0.19528277594628296
4, 1763487954.6749241, -0.01886892318725586, -0.770716667175293, 2.163957118988037, 0.014297008514404297, -1.4272902011871338, -0.009251594543457031, 0.968642578125, 0.16864997493018297, -5.35914674340391, -4.0939972429129865, -0.19529480601586258
5, 1763487954.704983, -0.018854379653930664, -0.770702064037323, 2.163957118988037, 0.014315128326416016, -1.4272902011871338, -0.009251594543457031, 0.9686272430419922, 0.16865469031173264, -5.359140161924673, -4.093997528521798, -0.19526719439620877
6, 1763487954.722555, -0.018861770629882812, -0.7706873416900635, 2.163957118988037, 0.014315128326416016, -1.427262783050537, -0.00926065444946289, 0.9686348724365235, 0.1686603013769733, -5.359136656373024, -4.093994951621757, -0.19528582597580435
7, 1763487954.740997, -0.01886892318725586, -0.7707095146179199, 2.1639492511749268, 0.014324426651000977, -1.427271842956543, -0.009233236312866211, 0.9686348724365235, 0.16865415598556088, -5.35913906881367, -4.093997348305108, -0.19528158086320868
8, 1763487954.7635698, -0.018861770629882812, -0.7707095146179199, 2.163957118988037, 0.014315128326416016, -1.4272902011871338, -0.009251594543457031, 0.968619613647461, 0.16865702468123522, -5.359136389238153, -4.093995264159698, -0.19527233208587358
9, 1763487954.787352, -0.018861770629882812, -0.770702064037323, 2.163957118988037, 0.014315128326416016, -1.4272809028625488, -0.00926065444946289, 0.968650131225586, 0.16865113973343604, -5.359126298914198, -4.093996218669442, -0.19527967496551746
10, 1763487954.809227, -0.01886892318725586, -0.7707095146179199, 2.1639492511749268, 0.014315128326416016, -1.4272902011871338, -0.009251594543457031, 0.9686348724365235, 0.1686525902023921, -5.359126885990307, -4.09399935147499, -0.1952875606148483
11, 1763487954.8355808, -0.01886892318725586, -0.770702064037323, 2.1639492511749268, 0.014315128326416016, -1.427271842956543, -0.009251594543457031, 0.968642578125, 0.16865200301068928, -5.359119905238923, -4.093996075835413, -0.19527633450219994
12, 1763487954.858643, -0.01886892318725586, -0.7707095146179199, 2.163957118988037, 0.014315128326416016, -1.4272534847259521, -0.009242534637451172, 0.9686119842529297, 0.16864557897900734, -5.359112900165315, -4.093997225060854, -0.1952789075555934
13, 1763487954.876841, -0.018876314163208008, -0.770702064037323, 2.1639652252197266, 0.014324426651000977, -1.427271842956543, -0.009251594543457031, 0.9686348724365235, 0.16864345888396914, -5.359110474604074, -4.09399893061, -0.19527000937068628
14, 1763487954.899414, -0.018876314163208008, -0.7707095146179199, 2.163957118988037, 0.014315128326416016, -1.4272809028625488, -0.009251594543457031, 0.9686348724365235, 0.16864743709433605, -5.3591145265728075, -4.093995649529851, -0.19527115871015255
15, 1763487954.921132, -0.018891334533691406, -0.7707095146179199, 2.163957118988037, 0.014315128326416016, -1.4272809028625488, -0.009242534637451172, 0.968619613647461, 0.16864865285239228, -5.359113078904553, -4.093991211109142, -0.1952854088059155
16, 1763487954.943586, -0.018876314163208008, -0.7707095146179199, 2.1639492511749268, 0.014324426651000977, -1.4272992610931396, -0.009233236312866211, 0.9686348724365235, 0.168643347925154, -5.359110749907805, -4.09399589460319, -0.195276611313159
17, 1763487954.96809, -0.018883943557739258, -0.7707095146179199, 2.1639413833618164, 0.014306068420410156, -1.427271842956543, -0.009242534637451172, 0.968642578125, 0.16863934370186195, -5.35911514080107, -4.093995069969437, -0.19527817625617505
18, 1763487954.9874701, -0.018883943557739258, -0.770702064037323, 2.1639492511749268, 0.014315128326416016, -1.427271842956543, -0.009224176406860352, 0.9686348724365235, 0.16862712222451548, -5.3591257743569765, -4.09399046294143, -0.19529625584605625
19, 1763487955.022971, -0.018883943557739258, -0.770702064037323, 2.1639492511749268, 0.014315128326416016, -1.4272992610931396, -0.009224176406860352, 0.9686348724365235, 0.168635409983791, -5.359120089397703, -4.093988903206857, -0.19527358898114855
20, 1763487955.040677, -0.018883943557739258, -0.7706946730613708, 2.1639492511749268, 0.014315128326416016, -1.4272809028625488, -0.009224176406860352, 0.9686348724365235, 0.16863340984336683, -5.359114986855873, -4.093988241848683, -0.195300135084004
21, 1763487955.055299, -0.018876314163208008, -0.7707095146179199, 2.1639492511749268, 0.014315128326416016, -1.427262783050537, -0.009233236312866211, 0.968642578125, 0.16862137773094676, -5.359110519994357, -4.093989919461829, -0.19528418889895693
22, 1763487955.0734138, -0.018883943557739258, -0.770716667175293, 2.1639413833618164, 0.014324426651000977, -1.4272809028625488, -0.009233236312866211, 0.968642578125, 0.16862019651406024, -5.3591158542715345, -4.093995864963551, -0.1952728700908919
23, 1763487955.0965602, -0.018876314163208008, -0.7706946730613708, 2.163933277130127, 0.014324426651000977, -1.4273085594177246, -0.009242534637451172, 0.9686348724365235, 0.16863186982531786, -5.359121849028106, -4.093990981664156, -0.19528936547224518
24, 1763487955.1195111, -0.018883943557739258, -0.770716667175293, 2.163933277130127, 0.014315128326416016, -1.4272809028625488, -0.009233236312866211, 0.9686119842529297, 0.16863554532611147, -5.359124806566548, -4.093991939022474, -0.19528791485034436
25, 1763487955.146284, -0.018876314163208008, -0.770702064037323, 2.1639492511749268, 0.014287948608398438, -1.4272809028625488, -0.00926971435546875, 0.9686272430419922, 0.16863703063104396, -5.359127623786143, -4.093992050421026, -0.19526914526131378
26, 1763487955.1674502, -0.018876314163208008, -0.7706946730613708, 2.1639413833618164, 0.014306068420410156, -1.4272809028625488, -0.009224176406860352, 0.968642578125, 0.16863465056624627, -5.359120377286269, -4.093989173497672, -0.19527979293064757
27, 1763487955.186777, -0.018876314163208008, -0.7706873416900635, 2.1639492511749268, 0.014297008514404297, -1.4272902011871338, -0.009224176406860352, 0.9686348724365235, 0.16862574389855, -5.359121680510031, -4.093990370817678, -0.19526979436921188
28, 1763487955.211234, -0.018861770629882812, -0.7706946730613708, 2.163933277130127, 0.014306068420410156, -1.427262783050537, -0.009224176406860352, 0.968619613647461, 0.16862419607284918, -5.359125005274173, -4.093985785521582, -0.19528569325262435
29, 1763487955.233078, -0.018861770629882812, -0.7706873416900635, 2.163933277130127, 0.014306068420410156, -1.4272902011871338, -0.009224176406860352, 0.9686348724365235, 0.16861635850553403, -5.3591161774702405, -4.093988411800188, -0.19528429280011572
30, 1763487955.2578728, -0.018854379653930664, -0.7706873416900635, 2.1639251708984375, 0.014315128326416016, -1.427262783050537, -0.009196758270263672, 0.9686348724365235, 0.16861063914737084, -5.359115045779096, -4.093993529472322, -0.19528970807524004
31, 1763487955.2776551, -0.018876314163208008, -0.7706725597381592, 2.1639251708984375, 0.014333486557006836, -1.4272902011871338, -0.009224176406860352, 0.9686272430419922, 0.1686151497654279, -5.359118862820229, -4.093990302830653, -0.1952750764966522
32, 1763487955.300159, -0.01886892318725586, -0.7706946730613708, 2.163917064666748, 0.014315128326416016, -1.4272902011871338, -0.009233236312866211, 0.968642578125, 0.16862227020379172, -5.359120510970365, -4.093989210695368, -0.1952780438856907
33, 1763487955.3202019, -0.018876314163208008, -0.7707095146179199, 2.1639251708984375, 0.014306068420410156, -1.427262783050537, -0.009215116500854492, 0.968650131225586, 0.1686139712293423, -5.359115548000827, -4.0939900841208114, -0.19527086229381574
34, 1763487955.350806, -0.018876314163208008, -0.770702064037323, 2.1639251708984375, 0.014306068420410156, -1.4272809028625488, -0.009242534637451172, 0.968642578125, 0.16860964709028536, -5.359117527607136, -4.0939872246430085, -0.19527441498459552
35, 1763487955.3672059, -0.018876314163208008, -0.7707095146179199, 2.1639251708984375, 0.014315128326416016, -1.427271842956543, -0.009224176406860352, 0.9686348724365235, 0.1686083756780129, -5.359119798190618, -4.0939902385143965, -0.19528312783991453
36, 1763487955.387666, -0.01886892318725586, -0.7706799507141113, 2.1639251708984375, 0.014315128326416016, -1.427262783050537, -0.009251594543457031, 0.9686348724365235, 0.16860064817569798, -5.359105856161281, -4.093990803481704, -0.19529306702143412
37, 1763487955.4281778, -0.01886892318725586, -0.7707095146179199, 2.1639251708984375, 0.014306068420410156, -1.427271842956543, -0.009224176406860352, 0.9686272430419922, 0.16860386940348893, -5.359109063892837, -4.093984908465128, -0.19529546116885488
38, 1763487955.4506109, -0.018876314163208008, -0.7706873416900635, 2.163909435272217, 0.014324426651000977, -1.4272902011871338, -0.009215116500854492, 0.968642578125, 0.1686055279698725, -5.359105460712327, -4.093986620495905, -0.1952798403294036
39, 1763487955.461625, -0.018883943557739258, -0.7706873416900635, 2.163909435272217, 0.014315128326416016, -1.427262783050537, -0.009242534637451172, 0.9686578369140625, 0.16859763465787259, -5.35910188768531, -4.093990116763301, -0.19528636882593897
40, 1763487955.481468, -0.018891334533691406, -0.7706946730613708, 2.163917064666748, 0.014315128326416016, -1.4272809028625488, -0.009224176406860352, 0.9686272430419922, 0.16860692241704878, -5.359092174358155, -4.09398520971457, -0.19528650119877788
41, 1763487955.511109, -0.018876314163208008, -0.7706946730613708, 2.163917064666748, 0.014315128326416016, -1.4272902011871338, -0.009206056594848633, 0.968650131225586, 0.16860972529640927, -5.359094772217956, -4.093985859545723, -0.19528507626873282
42, 1763487955.5266728, -0.018883943557739258, -0.770716667175293, 2.1639251708984375, 0.014306068420410156, -1.4272809028625488, -0.009215116500854492, 0.9686348724365235, 0.16860438536417932, -5.359100329862121, -4.093991740706847, -0.19528423542464335
43, 1763487955.564265, -0.018883943557739258, -0.7706873416900635, 2.163917064666748, 0.014315128326416016, -1.4272534847259521, -0.009224176406860352, 0.9686348724365235, 0.1686065930861005, -5.359091060029377, -4.093984554258581, -0.19529891716717263
44, 1763487955.575273, -0.018883943557739258, -0.7706873416900635, 2.163917064666748, 0.014306068420410156, -1.4272809028625488, -0.009251594543457031, 0.9686348724365235, 0.16860956254967197, -5.359089413706861, -4.093988096338944, -0.1952950547732959
45, 1763487955.614229, -0.018891334533691406, -0.7706799507141113, 2.1639013290405273, 0.014315128326416016, -1.4272809028625488, -0.009251594543457031, 0.9686272430419922, 0.1686045837957143, -5.35908772278105, -4.093992022194349, -0.19526958058729083
46, 1763487955.631078, -0.018891334533691406, -0.7706946730613708, 2.163909435272217, 0.014306068420410156, -1.427262783050537, -0.009215116500854492, 0.9686272430419922, 0.16860410204969156, -5.359091290730712, -4.093987501562369, -0.195272655088381
47, 1763487955.691869, -0.018891334533691406, -0.770702064037323, 2.163909435272217, 0.014315128326416016, -1.4272902011871338, -0.009196758270263672, 0.968642578125, 0.1686027663014401, -5.359075563280913, -4.093986031568025, -0.1952881435649756
48, 1763487955.702347, -0.018883943557739258, -0.7706946730613708, 2.1639013290405273, 0.014315128326416016, -1.4272992610931396, -0.009224176406860352, 0.9686348724365235, 0.16860210167280743, -5.359085409448857, -4.09398492077127, -0.19528590747794983
49, 1763487955.722374, -0.018898725509643555, -0.770702064037323, 2.163909435272217, 0.014324426651000977, -1.427262783050537, -0.009224176406860352, 0.968642578125, 0.1686013129493703, -5.359084401905692, -4.093986999922193, -0.19529114385188162
50, 1763487955.745945, -0.0189058780670166, -0.7706946730613708, 2.1639013290405273, 0.014315128326416016, -1.427271842956543, -0.009196758270263672, 0.968619613647461, 0.1685990595452883, -5.359071685163385, -4.093988528509699, -0.1952809988645221
51, 1763487955.7714748, -0.018898725509643555, -0.7706873416900635, 2.1639013290405273, 0.014287948608398438, -1.4272809028625488, -0.009224176406860352, 0.968650131225586, 0.16859867148444474, -5.359075930314552, -4.093983342983486, -0.1952901092652901
52, 1763487955.790613, -0.018891334533691406, -0.7706946730613708, 2.163909435272217, 0.014306068420410156, -1.427271842956543, -0.009242534637451172, 0.968619613647461, 0.16859976296349544, -5.3590693131714735, -4.093983634596622, -0.195292482934196
53, 1763487955.815284, -0.01891326904296875, -0.7706873416900635, 2.1639013290405273, 0.014315128326416016, -1.4272534847259521, -0.009224176406860352, 0.968650131225586, 0.16859369186769946, -5.359064764090963, -4.093983633870156, -0.19530022456202278
54, 1763487955.847656, -0.0189058780670166, -0.7706946730613708, 2.163893222808838, 0.014315128326416016, -1.427271842956543, -0.009224176406860352, 0.968650131225586, 0.16858944890764704, -5.359073639970014, -4.0939832876918665, -0.19530714661098614
55, 1763487955.871715, -0.0189058780670166, -0.7706799507141113, 2.1638851165771484, 0.014315128326416016, -1.427262783050537, -0.009215116500854492, 0.9686272430419922, 0.16858958212301722, -5.359063960930384, -4.093984689757165, -0.1953115802486982
56, 1763487955.880942, -0.018898725509643555, -0.7706873416900635, 2.1639013290405273, 0.014324426651000977, -1.427262783050537, -0.009233236312866211, 0.968650131225586, 0.16859014547777018, -5.359063202772406, -4.093983439718689, -0.1953247732558152
57, 1763487955.908445, -0.0189058780670166, -0.7706946730613708, 2.163893222808838, 0.014306068420410156, -1.427262783050537, -0.009215116500854492, 0.9686348724365235, 0.16858889733270055, -5.359069153293765, -4.093982806366297, -0.1953190366432267
58, 1763487955.924841, -0.018898725509643555, -0.7706873416900635, 2.163893222808838, 0.014306068420410156, -1.427271842956543, -0.009206056594848633, 0.9686272430419922, 0.16858741069027894, -5.359062516146503, -4.093979414947822, -0.19530262591758607
59, 1763487955.9418461, -0.018898725509643555, -0.7706873416900635, 2.163877487182617, 0.014306068420410156, -1.4272809028625488, -0.009233236312866211, 0.9686119842529297, 0.1685912171155587, -5.359065252215932, -4.093978104759104, -0.19529874147233972
60, 1763487955.974595, -0.0189058780670166, -0.7706799507141113, 2.1638851165771484, 0.014315128326416016, -1.4272534847259521, -0.009224176406860352, 0.968642578125, 0.1685846104430423, -5.359055361399822, -4.093981173433773, -0.19528255981278164
61, 1763487955.986153, -0.01891326904296875, -0.7706873416900635, 2.1638693809509277, 0.014297008514404297, -1.427262783050537, -0.009206056594848633, 0.9686348724365235, 0.1685830787175766, -5.359050883495376, -4.093981874604583, -0.19528031652208178
62, 1763487956.003944, -0.01891326904296875, -0.7706725597381592, 2.163877487182617, 0.014306068420410156, -1.4272534847259521, -0.009224176406860352, 0.9686272430419922, 0.16857304637198212, -5.359047031050243, -4.093984541413844, -0.19527948852528887
63, 1763487956.029307, -0.01891326904296875, -0.7706946730613708, 2.163877487182617, 0.014315128326416016, -1.427262783050537, -0.009196758270263672, 0.9686272430419922, 0.16856773898814004, -5.359049992243323, -4.093979653768593, -0.19529103317073915
64, 1763487956.053515, -0.018935203552246094, -0.7706799507141113, 2.1638693809509277, 0.014306068420410156, -1.4272534847259521, -0.009206056594848633, 0.9686348724365235, 0.1685719837737143, -5.359054292194188, -4.0939843851893345, -0.19530537629109723
65, 1763487956.0741491, -0.018935203552246094, -0.7706799507141113, 2.1638693809509277, 0.014306068420410156, -1.427271842956543, -0.009196758270263672, 0.9686348724365235, 0.16857204576783968, -5.359043144804428, -4.093979563989445, -0.1953001908751375
66, 1763487956.092976, -0.0189206600189209, -0.770665168762207, 2.163837432861328, 0.014306068420410156, -1.427271842956543, -0.009233236312866211, 0.968642578125, 0.1685708858628998, -5.359044664209344, -4.0939778239691025, -0.19530545371637054
67, 1763487956.1157498, -0.018928050994873047, -0.7706725597381592, 2.1638293266296387, 0.014306068420410156, -1.4272809028625488, -0.009224176406860352, 0.9686348724365235, 0.16857019831949427, -5.35904616625107, -4.093983966800835, -0.1953199621229107
68, 1763487956.135365, -0.0189206600189209, -0.7706799507141113, 2.1638054847717285, 0.014315128326416016, -1.4272444248199463, -0.009215116500854492, 0.968642578125, 0.16856761199287296, -5.359044495851786, -4.09398078378373, -0.1953065986284468
69, 1763487956.156527, -0.018928050994873047, -0.770665168762207, 2.16375732421875, 0.014306068420410156, -1.4272444248199463, -0.009215116500854492, 0.9686348724365235, 0.1685700987313531, -5.35904443628811, -4.0939775433322145, -0.19530942400909268
70, 1763487956.1820009, -0.0189206600189209, -0.7706873416900635, 2.1637096405029297, 0.014306068420410156, -1.427262783050537, -0.009187698364257812, 0.968650131225586, 0.1685603021543145, -5.359054776623473, -4.093979606131034, -0.1953104048534975
71, 1763487956.202759, -0.018928050994873047, -0.770665168762207, 2.1636295318603516, 0.014315128326416016, -1.4272263050079346, -0.009224176406860352, 0.968642578125, 0.16855326814731775, -5.359049896693357, -4.093982270356139, -0.19531349740711423
72, 1763487956.222678, -0.018928050994873047, -0.770650327205658, 2.1635255813598633, 0.014306068420410156, -1.427189588546753, -0.009206056594848633, 0.9686348724365235, 0.16855849094313402, -5.359047323383979, -4.093979018641024, -0.19531010278096161
73, 1763487956.2461052, -0.018935203552246094, -0.7706725597381592, 2.163382053375244, 0.014297008514404297, -1.4272353649139404, -0.009206056594848633, 0.9686348724365235, 0.16855771658706964, -5.359054626163618, -4.093979647724084, -0.19533217267687153
74, 1763487956.276434, -0.018935203552246094, -0.7706282138824463, 2.163158416748047, 0.014324426651000977, -1.4271533489227295, -0.009206056594848633, 0.968642578125, 0.16854039294302903, -5.359050029425802, -4.093979119222292, -0.19533121349458682
75, 1763487956.289186, -0.018950223922729492, -0.7705988883972168, 2.1629984378814697, 0.014315128326416016, -1.4270894527435303, -0.009196758270263672, 0.968642578125, 0.16854351275885937, -5.359052158397094, -4.09397944849772, -0.1953181954122325
76, 1763487956.3197482, -0.018942832946777344, -0.7704439163208008, 2.1625189781188965, 0.014315128326416016, -1.427025318145752, -0.009196758270263672, 0.9686348724365235, 0.16853786105084434, -5.359058777118419, -4.093981029295666, -0.19531677490198973
77, 1763487956.337188, -0.018935203552246094, -0.770340621471405, 2.1621994972229004, 0.014306068420410156, -1.4269614219665527, -0.009224176406860352, 0.9686348724365235, 0.1685288929853752, -5.3590599858297105, -4.0939816829808, -0.1952934550032186
78, 1763487956.360058, -0.018950223922729492, -0.7701267600059509, 2.1615524291992188, 0.014306068420410156, -1.4268426895141602, -0.009206056594848633, 0.9686272430419922, 0.16853017793827418, -5.359061662367377, -4.093980860399883, -0.1952929768166678
79, 1763487956.378232, -0.018950223922729492, -0.7698686122894287, 2.160801410675049, 0.014324426651000977, -1.4265506267547607, -0.009196758270263672, 0.968642578125, 0.1685317010942231, -5.359057665328357, -4.093981270447377, -0.19530570125045
80, 1763487956.4001842, -0.018950223922729492, -0.7696106433868408, 2.1599626541137695, 0.014306068420410156, -1.4252357482910156, -0.009215116500854492, 0.9686578369140625, 0.16852726660096062, -5.359047902569164, -4.0939773963427575, -0.1953068421573274
81, 1763487956.4230149, -0.018942832946777344, -0.76930832862854, 2.158979892730713, 0.014315128326416016, -1.4230444431304932, -0.009206056594848633, 0.9686348724365235, 0.1685205224105294, -5.359048106733002, -4.093978663683228, -0.19531387130232858
82, 1763487956.448288, -0.01895761489868164, -0.7689836025238037, 2.158212661743164, 0.014333486557006836, -1.4225785732269287, -0.009196758270263672, 0.968650131225586, 0.16852855446937431, -5.359050025006838, -4.093976364337124, -0.19529117039640997
83, 1763487956.4699001, -0.018972396850585938, -0.7686517238616943, 2.157222270965576, 0.014315128326416016, -1.4223413467407227, -0.009196758270263672, 0.968642578125, 0.16853085090949715, -5.359050629170725, -4.093987116007272, -0.19529958394317237
84, 1763487956.4931588, -0.018972396850585938, -0.7684378027915955, 2.1558239459991455, 0.014315128326416016, -1.42106294631958, -0.009196758270263672, 0.968642578125, 0.16842401250245131, -5.359037822903868, -4.094132545831765, -0.1953083974587555
85, 1763487956.520187, -0.01896500587463379, -0.7680913805961609, 2.1533470153808594, 0.014297008514404297, -1.4186797142028809, -0.009215116500854492, 0.9686348724365235, 0.16835291153087584, -5.359019548978856, -4.094203311812945, -0.1953102584265114
86, 1763487956.536716, -0.01896500587463379, -0.7674422264099121, 2.151517391204834, 0.014324426651000977, -1.4184973239898682, -0.009196758270263672, 0.968642578125, 0.1683226067138628, -5.359008430977884, -4.094201024483457, -0.19533444925890198
87, 1763487956.561253, -0.018979549407958984, -0.7665131092071533, 2.1493124961853027, 0.014297008514404297, -1.4183964729309082, -0.009206056594848633, 0.968650131225586, 0.16822637157193554, -5.359001236257951, -4.0942416063136635, -0.1953445408337755
88, 1763487956.584783, -0.018972396850585938, -0.7656724452972412, 2.1469955444335938, 0.014306068420410156, -1.418250560760498, -0.009196758270263672, 0.9686348724365235, 0.16812230423912122, -5.359009057540973, -4.094227721490982, -0.19535676498015508
89, 1763487956.606625, -0.018979549407958984, -0.7652444839477539, 2.145142078399658, 0.014324426651000977, -1.417593240737915, -0.009206056594848633, 0.968650131225586, 0.16809481726902997, -5.3589985826272075, -4.094203794386027, -0.19533852102210414
90, 1763487956.6377752, -0.018994569778442383, -0.7649495005607605, 2.142601490020752, 0.014315128326416016, -1.4131922721862793, -0.009196758270263672, 0.9686272430419922, 0.1680513723312369, -5.358998637229459, -4.094234769492122, -0.19533780457630812
91, 1763487956.65118, -0.018994569778442383, -0.764625072479248, 2.1413068771362305, 0.014306068420410156, -1.4115028381347656, -0.009206056594848633, 0.9686348724365235, 0.16803755502026285, -5.359003902356334, -4.0942276391177925, -0.19533681129740543
92, 1763487956.6804018, -0.01900935173034668, -0.7638802528381348, 2.139253616333008, 0.014315128326416016, -1.40956711769104, -0.009215116500854492, 0.9686272430419922, 0.16802771709210895, -5.35900534749899, -4.094205425345311, -0.19534106279753605
93, 1763487956.69617, -0.019031286239624023, -0.7629289627075195, 2.1371283531188965, 0.014315128326416016, -1.4090466499328613, -0.009206056594848633, 0.968642578125, 0.16796312529986646, -5.358989645902838, -4.094207416678169, -0.19534021833417992
94, 1763487956.719408, -0.01905345916748047, -0.7617413997650146, 2.1341962814331055, 0.014306068420410156, -1.4058964252471924, -0.009215116500854492, 0.9686348724365235, 0.16790121907071143, -5.359021053573594, -4.0941877582779345, -0.19533460446999928
95, 1763487956.7378519, -0.01909017562866211, -0.760819673538208, 2.131863594055176, 0.014324426651000977, -1.4031574726104736, -0.009224176406860352, 0.9686348724365235, 0.16787704401217773, -5.359021417093146, -4.094165381261018, -0.19535170266517987
96, 1763487956.763226, -0.019083023071289062, -0.7592412829399109, 2.1282200813293457, 0.014324426651000977, -1.4001805782318115, -0.009187698364257812, 0.9686348724365235, 0.1678080279686781, -5.358962649464017, -4.094148108285183, -0.19540470694125478
97, 1763487956.787263, -0.019075632095336914, -0.7580687999725342, 2.1250483989715576, 0.014306068420410156, -1.3987836837768555, -0.009224176406860352, 0.9686348724365235, 0.16774746320643175, -5.358966391328309, -4.094129957681889, -0.19541402149367393
98, 1763487956.8065941, -0.019083023071289062, -0.7573976516723633, 2.1227712631225586, 0.014333486557006836, -1.3965191841125488, -0.009215116500854492, 0.968642578125, 0.1677083663992015, -5.358966332095258, -4.094133994880874, -0.19542851268233985
99, 1763487956.8399758, -0.019097566604614258, -0.7561662197113037, 2.118536949157715, 0.014306068420410156, -1.394263744354248, -0.009224176406860352, 0.968650131225586, 0.16760892540425598, -5.358894991534992, -4.094135309129713, -0.19544391922216953
100, 1763487956.852559, -0.01909017562866211, -0.7557382583618164, 2.116971015930176, 0.014324426651000977, -1.3932414054870605, -0.009206056594848633, 0.9686348724365235, 0.1675851291232764, -5.358897476224143, -4.094120981872077, -0.19546293140381188
101, 1763487956.872354, -0.01909017562866211, -0.7549417018890381, 2.1142466068267822, 0.014315128326416016, -1.391707181930542, -0.009206056594848633, 0.9686272430419922, 0.16753058614441818, -5.358895379668959, -4.094118082855684, -0.1954789275761737
102, 1763487956.898298, -0.019075632095336914, -0.7540569305419922, 2.110595464706421, 0.014306068420410156, -1.3908123970031738, -0.009196758270263672, 0.9686348724365235, 0.16744422848310403, -5.35884884252499, -4.094133429802167, -0.19546123728512654
103, 1763487956.919607, -0.019075632095336914, -0.753267765045166, 2.1074395179748535, 0.014324426651000977, -1.388228416442871, -0.009224176406860352, 0.9686272430419922, 0.16739635291684107, -5.358834049644459, -4.094131667292912, -0.19545981325240636
104, 1763487956.944005, -0.019068241119384766, -0.752117395401001, 2.10398006439209, 0.014306068420410156, -1.3857722282409668, -0.009233236312866211, 0.968650131225586, 0.16732574967559133, -5.358822319051319, -4.09412951189488, -0.19544670880146153
105, 1763487956.968989, -0.019060850143432617, -0.7507602572441101, 2.0999536514282227, 0.014306068420410156, -1.3831150531768799, -0.009206056594848633, 0.9686272430419922, 0.16722984778494854, -5.358779510073934, -4.094134371701698, -0.1954272280759346
106, 1763487956.990239, -0.019083023071289062, -0.7495286464691162, 2.0960946083068848, 0.014315128326416016, -1.3817362785339355, -0.009206056594848633, 0.968642578125, 0.16715289523791, -5.358762269877706, -4.0941292378811545, -0.19539304536663682
107, 1763487957.0113878, -0.01909017562866211, -0.7485551834106445, 2.0928428173065186, 0.014306068420410156, -1.3785955905914307, -0.009224176406860352, 0.968619613647461, 0.1670772776385655, -5.3587501549312355, -4.0941356483993605, -0.19536382616985026
108, 1763487957.0375838, -0.019119977951049805, -0.747264564037323, 2.088688373565674, 0.014306068420410156, -1.3742766380310059, -0.009224176406860352, 0.9686348724365235, 0.16699224718468964, -5.3587209395102136, -4.09412822315331, -0.1953643974380288
109, 1763487957.062816, -0.019119977951049805, -0.746114194393158, 2.0855324268341064, 0.014315128326416016, -1.3726787567138672, -0.009206056594848633, 0.9686578369140625, 0.16692128666783967, -5.3587149555512825, -4.094116375520377, -0.19537800397042648
110, 1763487957.078759, -0.019134521484375, -0.7449562549591064, 2.0820250511169434, 0.014315128326416016, -1.3689439296722412, -0.009206056594848633, 0.9686272430419922, 0.16683975383274563, -5.358697561596773, -4.094121930990924, -0.19540151439554343
111, 1763487957.103075, -0.019134521484375, -0.7435328960418701, 2.0777745246887207, 0.014324426651000977, -1.3644883632659912, -0.009196758270263672, 0.9686348724365235, 0.1667467338161045, -5.358676206783056, -4.09412073582188, -0.19544722887249133
112, 1763487957.123245, -0.019164085388183594, -0.7413424849510193, 2.071934223175049, 0.014324426651000977, -1.361603021621704, -0.009215116500854492, 0.968650131225586, 0.1666107678623714, -5.358664677094093, -4.094122740586372, -0.19547875879232102
113, 1763487957.153879, -0.019200801849365234, -0.7383777499198914, 2.0635054111480713, 0.014333486557006836, -1.3562703132629395, -0.009206056594848633, 0.9686348724365235, 0.1664244140887271, -5.358637899999111, -4.094140052079103, -0.19549904631849468
114, 1763487957.173728, -0.019208192825317383, -0.7367479801177979, 2.0590872764587402, 0.014315128326416016, -1.3550653457641602, -0.009196758270263672, 0.968642578125, 0.16634396320065648, -5.358616715140754, -4.094142655228672, -0.19545262729201252
115, 1763487957.190389, -0.019245147705078125, -0.7348525524139404, 2.053814172744751, 0.014315128326416016, -1.352919340133667, -0.009224176406860352, 0.968650131225586, 0.16624610592055689, -5.35860666877981, -4.0941448791936095, -0.1954430929612565
116, 1763487957.2092118, -0.01926708221435547, -0.732795000076294, 2.0476064682006836, 0.014315128326416016, -1.3487648963928223, -0.009196758270263672, 0.9686348724365235, 0.1661255102416519, -5.3585874848737465, -4.094148451467024, -0.1953905386028918
117, 1763487957.235462, -0.019333839416503906, -0.7303464412689209, 2.0407352447509766, 0.014306068420410156, -1.3441901206970215, -0.009196758270263672, 0.968650131225586, 0.16601897225367046, -5.35855987321943, -4.094143534870019, -0.1953670799686602
118, 1763487957.256323, -0.019392728805541992, -0.7282077670097351, 2.0347671508789062, 0.014324426651000977, -1.3395061492919922, -0.009215116500854492, 0.968642578125, 0.16591392241927994, -5.358556177567999, -4.094144960500441, -0.19537282653980537
119, 1763487957.278056, -0.01944446563720703, -0.7257298827171326, 2.0281360149383545, 0.014324426651000977, -1.334648609161377, -0.009215116500854492, 0.968642578125, 0.16578086017726945, -5.358547070651041, -4.094151952693345, -0.1953581761700658
120, 1763487957.303304, -0.019555091857910156, -0.7231929302215576, 2.020897388458252, 0.014315128326416016, -1.329845905303955, -0.009215116500854492, 0.9686272430419922, 0.1656917950555472, -5.358518490731047, -4.094161583220779, -0.195331722130625
121, 1763487957.321694, -0.019598960876464844, -0.7214376330375671, 2.016119956970215, 0.014333486557006836, -1.327627182006836, -0.009215116500854492, 0.968642578125, 0.1656265353761699, -5.358507814328589, -4.09416808399603, -0.19533083557222675
122, 1763487957.3456728, -0.019591808319091797, -0.7194170951843262, 2.0104870796203613, 0.014324426651000977, -1.3245680332183838, -0.009215116500854492, 0.9686348724365235, 0.1655471744034649, -5.358502676816517, -4.094177241971311, -0.19534937396739238
123, 1763487957.3705442, -0.019591808319091797, -0.7169315218925476, 2.003264904022217, 0.014324426651000977, -1.320495843887329, -0.009215116500854492, 0.968642578125, 0.16545872507152204, -5.358476653421184, -4.094163824199585, -0.19538117582465997
124, 1763487957.387109, -0.019591808319091797, -0.7154271006584167, 1.9992859363555908, 0.014306068420410156, -1.3185782432556152, -0.009196758270263672, 0.9686578369140625, 0.16541130832436846, -5.358458082540394, -4.094158520842015, -0.1954021772531913
125, 1763487957.413627, -0.019606590270996094, -0.7133767604827881, 1.9936853647232056, 0.014333486557006836, -1.3143231868743896, -0.009224176406860352, 0.9686348724365235, 0.16533898198865316, -5.358447886419958, -4.0941594776822825, -0.19540565165147594
126, 1763487957.436773, -0.019613981246948242, -0.7102498412132263, 1.985671877861023, 0.014333486557006836, -1.3082695007324219, -0.009215116500854492, 0.968650131225586, 0.16524518925003528, -5.358428104996077, -4.094138284652987, -0.19543524090816877
127, 1763487957.457633, -0.019606590270996094, -0.7079045176506042, 1.97991144657135, 0.014315128326416016, -1.3036222457885742, -0.009206056594848633, 0.9686119842529297, 0.16516818390307442, -5.358400304627063, -4.0941207704235705, -0.19544298155620243
128, 1763487957.478595, -0.019606590270996094, -0.7053899168968201, 1.9740391969680786, 0.014333486557006836, -1.3007092475891113, -0.009206056594848633, 0.968650131225586, 0.16508093828430281, -5.35837708178122, -4.094105385531522, -0.1954625329178823
129, 1763487957.506757, -0.019598960876464844, -0.702159583568573, 1.9662494659423828, 0.014324426651000977, -1.296280860900879, -0.009215116500854492, 0.968642578125, 0.16496471729741014, -5.3583215347976445, -4.09408314014648, -0.19546483206039955
130, 1763487957.521307, -0.019613981246948242, -0.7001168727874756, 1.961112141609192, 0.014324426651000977, -1.2936055660247803, -0.009224176406860352, 0.9686119842529297, 0.16487825626778718, -5.358290704464646, -4.094076361404277, -0.19545210722928807
131, 1763487957.549089, -0.019606590270996094, -0.6974396705627441, 1.954289197921753, 0.014324426651000977, -1.2915236949920654, -0.009224176406860352, 0.9686578369140625, 0.16475692732724068, -5.358265388495743, -4.094089820737758, -0.19545971190947586
132, 1763487957.573161, -0.019598960876464844, -0.6947333216667175, 1.9467471837997437, 0.014342546463012695, -1.2861089706420898, -0.009206056594848633, 0.968642578125, 0.16463259947254572, -5.358226276513427, -4.094092725757023, -0.19545189943200647
133, 1763487957.589304, -0.019613981246948242, -0.693162202835083, 1.9426085948944092, 0.014324426651000977, -1.2834975719451904, -0.009215116500854492, 0.9686578369140625, 0.16456445695750688, -5.3582059884075015, -4.094097391120932, -0.19542939097580803
134, 1763487957.609934, -0.01962137222290039, -0.6913554668426514, 1.937774896621704, 0.014324426651000977, -1.2792608737945557, -0.009224176406860352, 0.9686272430419922, 0.16448458007763989, -5.358188257925022, -4.094099455580597, -0.19543839173482436
135, 1763487957.638359, -0.01962137222290039, -0.6883611083030701, 1.9298014640808105, 0.014333486557006836, -1.2730610370635986, -0.009206056594848633, 0.9686348724365235, 0.16434262898914997, -5.358155547443909, -4.094091370586568, -0.19545225245446307
136, 1763487957.655282, -0.01962876319885254, -0.6868123412132263, 1.925758719444275, 0.014315128326416016, -1.2700843811035156, -0.009215116500854492, 0.968642578125, 0.1642754586766314, -5.3581304445532165, -4.094094725326347, -0.19544936017082737
137, 1763487957.673494, -0.01962876319885254, -0.6846368312835693, 1.9199904203414917, 0.014315128326416016, -1.266678810119629, -0.009224176406860352, 0.9686272430419922, 0.16418300913721673, -5.3581084444765725, -4.094100946797516, -0.19544545044185746
138, 1763487957.708172, -0.019643306732177734, -0.6809053421020508, 1.9100433588027954, 0.014333486557006836, -1.2616474628448486, -0.009215116500854492, 0.9686119842529297, 0.16400681883284296, -5.358075301547622, -4.094103272463557, -0.1954696445631221
139, 1763487957.720274, -0.019643306732177734, -0.6795852184295654, 1.90669584274292, 0.014333486557006836, -1.260141134262085, -0.009215116500854492, 0.968642578125, 0.16394365016014845, -5.358059590133373, -4.094101737165777, -0.19548211558246376
140, 1763487957.7392352, -0.01965808868408203, -0.6776454448699951, 1.9015744924545288, 0.014333486557006836, -1.2576026916503906, -0.009206056594848633, 0.9686348724365235, 0.16384921530789065, -5.358041783005436, -4.094096548048408, -0.19549166898794645
141, 1763487957.76475, -0.019687652587890625, -0.6749460697174072, 1.8948074579238892, 0.014324426651000977, -1.2535395622253418, -0.009196758270263672, 0.9686272430419922, 0.16371953091496816, -5.35802941843483, -4.094096194749805, -0.19549235174825697
142, 1763487957.78723, -0.01971721649169922, -0.6721954345703125, 1.8880164623260498, 0.014333486557006836, -1.2485811710357666, -0.009224176406860352, 0.9686272430419922, 0.1635956023606363, -5.3580002199058, -4.094088522493197, -0.19548518009266758
143, 1763487957.8113449, -0.01970958709716797, -0.6694152355194092, 1.8813211917877197, 0.014315128326416016, -1.2430663108825684, -0.009233236312866211, 0.968619613647461, 0.16347075092039465, -5.357982718418053, -4.09407875472264, -0.19548064607971583
144, 1763487957.8284018, -0.019702434539794922, -0.66727614402771, 1.8762558698654175, 0.014315128326416016, -1.239696979522705, -0.009206056594848633, 0.9686272430419922, 0.16337781877773683, -5.357962259207535, -4.0940722155236795, -0.19547225388840062
145, 1763487957.853484, -0.019702434539794922, -0.6642673015594482, 1.869392991065979, 0.014324426651000977, -1.23622727394104, -0.009233236312866211, 0.9686348724365235, 0.16325557445162275, -5.357929834086224, -4.094059087448639, -0.19546954437255337
146, 1763487957.869693, -0.019731998443603516, -0.6619884967803955, 1.8641678094863892, 0.014333486557006836, -1.2332050800323486, -0.009215116500854492, 0.9686348724365235, 0.16316248751780527, -5.357931766499217, -4.094043041180535, -0.1954766594806694
147, 1763487957.891692, -0.019768714904785156, -0.6597318649291992, 1.8591185808181763, 0.014324426651000977, -1.231177806854248, -0.009215116500854492, 0.9686348724365235, 0.16306248881628604, -5.357933194138522, -4.0940262187161505, -0.19544405355514538
148, 1763487957.925143, -0.019820213317871094, -0.6552627086639404, 1.849035620689392, 0.014324426651000977, -1.227717399597168, -0.009233236312866211, 0.9686348724365235, 0.16292640821107085, -5.357879097796062, -4.09395506281102, -0.1954042515926533
149, 1763487957.935853, -0.019820213317871094, -0.6546800136566162, 1.8476135730743408, 0.014333486557006836, -1.226649284362793, -0.009215116500854492, 0.9686272430419922, 0.16290747276043382, -5.357878561178745, -4.093947824864702, -0.19540803558589026
150, 1763487957.955095, -0.019813060760498047, -0.6525192260742188, 1.8421887159347534, 0.014324426651000977, -1.2224581241607666, -0.009224176406860352, 0.968619613647461, 0.16282687791980244, -5.357882627872642, -4.093922586766229, -0.19541056992764716
151, 1763487957.9803069, -0.019827842712402344, -0.6503877639770508, 1.8370355367660522, 0.014324426651000977, -1.219024896621704, -0.009215116500854492, 0.9686578369140625, 0.16277082695903655, -5.35787176594937, -4.093907565695935, -0.19543784163107247
152, 1763487958.010485, -0.019857406616210938, -0.6478877067565918, 1.8311232328414917, 0.014333486557006836, -1.213573932647705, -0.009233236312866211, 0.9686348724365235, 0.16268718626573475, -5.357868999014064, -4.093892427913612, -0.19544386796465663
153, 1763487958.02233, -0.019871950149536133, -0.6466856002807617, 1.8283989429473877, 0.014315128326416016, -1.211911678314209, -0.009224176406860352, 0.9686348724365235, 0.1626399643518026, -5.357868166478797, -4.093885134930178, -0.19546556961709527
154, 1763487958.049694, -0.019871950149536133, -0.6440823078155518, 1.8226464986801147, 0.014333486557006836, -1.2078213691711426, -0.009251594543457031, 0.9686348724365235, 0.16255499386420613, -5.357848993921226, -4.093851954908229, -0.19550864398765544
155, 1763487958.0693288, -0.019857406616210938, -0.6409330368041992, 1.8158713579177856, 0.014324426651000977, -1.2045068740844727, -0.009224176406860352, 0.9686272430419922, 0.16246042622065138, -5.357796234936346, -4.093795518340511, -0.19553510604243307
156, 1763487958.089917, -0.019857406616210938, -0.6388535499572754, 1.811501145362854, 0.014306068420410156, -1.2036211490631104, -0.009215116500854492, 0.968642578125, 0.16237290856305242, -5.3577703771860925, -4.093766066486543, -0.1955425093694343
157, 1763487958.1167412, -0.019864559173583984, -0.6365377306938171, 1.8056448698043823, 0.014333486557006836, -1.2005529403686523, -0.009224176406860352, 0.968619613647461, 0.16225054172007514, -5.357772937920193, -4.093762026740239, -0.19556398273327602
158, 1763487958.135055, -0.01985001564025879, -0.6351809501647949, 1.8021215200424194, 0.014333486557006836, -1.1988639831542969, -0.009224176406860352, 0.9686348724365235, 0.16219795196424158, -5.3577480968807585, -4.09376715175566, -0.1955848537642222
159, 1763487958.159384, -0.01985001564025879, -0.6331822872161865, 1.7974077463150024, 0.014324426651000977, -1.1964716911315918, -0.009215116500854492, 0.968619613647461, 0.16213439548988828, -5.357702173730293, -4.093757077568313, -0.19558680165173836
160, 1763487958.181538, -0.01985001564025879, -0.6314859390258789, 1.7934768199920654, 0.014324426651000977, -1.1954030990600586, -0.009215116500854492, 0.9686348724365235, 0.16205238550400325, -5.357694858360287, -4.093763982449696, -0.19556265145549112
161, 1763487958.202164, -0.019835233688354492, -0.6296937465667725, 1.7889708280563354, 0.014306068420410156, -1.1924633979797363, -0.009242534637451172, 0.9686578369140625, 0.16197421543095747, -5.357687347937209, -4.093764314528287, -0.19554441578783166
162, 1763487958.223114, -0.019857406616210938, -0.628108024597168, 1.7851358652114868, 0.014333486557006836, -1.188591480255127, -0.009233236312866211, 0.9686348724365235, 0.16192422028123732, -5.357641838553618, -4.09375770630914, -0.19552246772067328
163, 1763487958.250005, -0.01985001564025879, -0.6259105205535889, 1.7801584005355835, 0.014324426651000977, -1.1850948333740234, -0.009242534637451172, 0.968650131225586, 0.16184360559910616, -5.357633097872539, -4.0937603564493354, -0.19549930786252911
164, 1763487958.269388, -0.01985001564025879, -0.6245684623718262, 1.7768027782440186, 0.014306068420410156, -1.182063102722168, -0.009224176406860352, 0.9686348724365235, 0.1617827755450113, -5.357630946626693, -4.093761862135191, -0.1954972628263425
165, 1763487958.290952, -0.019864559173583984, -0.6229383945465088, 1.7728720903396606, 0.014324426651000977, -1.178748607635498, -0.009224176406860352, 0.968619613647461, 0.16172956621676937, -5.357604171097401, -4.093761238805472, -0.19548509854649954
166, 1763487958.3160691, -0.019857406616210938, -0.6209471225738525, 1.7683738470077515, 0.014324426651000977, -1.1772236824035645, -0.009224176406860352, 0.9686348724365235, 0.1616585688120451, -5.357597998999992, -4.093772467477983, -0.1955057299736227
167, 1763487958.337555, -0.019871950149536133, -0.6192879676818848, 1.764283299446106, 0.014324426651000977, -1.1750962734222412, -0.009215116500854492, 0.968650131225586, 0.16159349022938418, -5.357596859751897, -4.093775273328524, -0.19554351793873348
168, 1763487958.360907, -0.019871950149536133, -0.6171343326568604, 1.7587865591049194, 0.014315128326416016, -1.1716268062591553, -0.009224176406860352, 0.968642578125, 0.1615115431573182, -5.357573843403874, -4.093769902676109, -0.1955737566439817
169, 1763487958.3857532, -0.01987934112548828, -0.615290641784668, 1.7543604373931885, 0.014315128326416016, -1.1694715023040771, -0.009206056594848633, 0.9686348724365235, 0.16143626035338432, -5.357572423352524, -4.093769900330075, -0.1956252608343485
170, 1763487958.4055529, -0.019901514053344727, -0.6133584976196289, 1.750006079673767, 0.014333486557006836, -1.169161319732666, -0.009242534637451172, 0.968642578125, 0.16135911767679045, -5.3575745722636485, -4.0937734345369385, -0.19564460519134208
171, 1763487958.425874, -0.019901514053344727, -0.611802339553833, 1.746282935142517, 0.014342546463012695, -1.168330430984497, -0.009233236312866211, 0.968650131225586, 0.16129623951082028, -5.3575568685240285, -4.09377177791918, -0.19562312021971362
172, 1763487958.453779, -0.019901514053344727, -0.609199047088623, 1.7398993968963623, 0.014324426651000977, -1.1636464595794678, -0.009215116500854492, 0.968642578125, 0.1611856877686333, -5.357549770046741, -4.09377055979429, -0.1956137169579364
173, 1763487958.470091, -0.019908905029296875, -0.6075396537780762, 1.7361043691635132, 0.014324426651000977, -1.1607792377471924, -0.009224176406860352, 0.9686272430419922, 0.16111521514780613, -5.3575385035161425, -4.093758003879552, -0.19560319305430607
174, 1763487958.489978, -0.019923686981201172, -0.60581374168396, 1.7324292659759521, 0.014324426651000977, -1.1590445041656494, -0.009224176406860352, 0.9686348724365235, 0.1610485377617742, -5.357532937635187, -4.093738197692949, -0.19557981827407467
175, 1763487958.525449, -0.019908905029296875, -0.6020159721374512, 1.7254383563995361, 0.014333486557006836, -1.1536664962768555, -0.009242534637451172, 0.9686272430419922, 0.16092831905758942, -5.357489803804355, -4.093621033639155, -0.19558881404918793
176, 1763487958.5364559, -0.019945859909057617, -0.6002531051635742, 1.7222267389297485, 0.014315128326416016, -1.1514110565185547, -0.009233236312866211, 0.9686348724365235, 0.16087111286763722, -5.357456036146409, -4.0935688946257685, -0.1955720389511022
177, 1763487958.558097, -0.019960641860961914, -0.5979447364807129, 1.717880368232727, 0.014315128326416016, -1.1489455699920654, -0.009233236312866211, 0.968650131225586, 0.16078836045744738, -5.357493344306559, -4.09350907179929, -0.19554665917218905
178, 1763487958.5808861, -0.019982576370239258, -0.595503568649292, 1.7134541273117065, 0.014333486557006836, -1.1460144519805908, -0.009251594543457031, 0.968642578125, 0.1607202688735624, -5.357554526663226, -4.093419828822594, -0.1955896991871926
179, 1763487958.604463, -0.019989967346191406, -0.5926642417907715, 1.7083089351654053, 0.014333486557006836, -1.1434307098388672, -0.009251594543457031, 0.968619613647461, 0.16066468259244393, -5.357412287437925, -4.093269189834431, -0.19559636932636426
180, 1763487958.627581, -0.02011561393737793, -0.5893309116363525, 1.7024847269058228, 0.014324426651000977, -1.142380714416504, -0.009242534637451172, 0.9686272430419922, 0.16055303492941786, -5.357455001680724, -4.093136121747859, -0.1955490333621661
181, 1763487958.649668, -0.020041465759277344, -0.5875756740570068, 1.6993767023086548, 0.014351606369018555, -1.141540288925171, -0.00926065444946289, 0.968650131225586, 0.16048327271529406, -5.357536282908511, -4.093053553208747, -0.1955851298252682
182, 1763487958.667913, -0.02006387710571289, -0.5845668315887451, 1.6939278841018677, 0.014324426651000977, -1.1379611492156982, -0.009215116500854492, 0.9686348724365235, 0.1604358578592603, -5.357462755042488, -4.092879347030199, -0.19562536444123158
183, 1763487958.691555, -0.02010059356689453, -0.5816760063171387, 1.688686728477478, 0.014324426651000977, -1.1354594230651855, -0.00926065444946289, 0.968642578125, 0.16038648895086527, -5.357375513951298, -4.092721717853081, -0.19560325912767684
184, 1763487958.7133162, -0.020174503326416016, -0.5778999328613281, 1.6820476055145264, 0.014333486557006836, -1.1332859992980957, -0.00926065444946289, 0.9686348724365235, 0.16024331921148272, -5.357524278679193, -4.092565357334423, -0.1955741483167257
185, 1763487958.735268, -0.020130157470703125, -0.5744485855102539, 1.6759995222091675, 0.014333486557006836, -1.1305105686187744, -0.00926065444946289, 0.968650131225586, 0.16018139217108207, -5.357490186656252, -4.092378645981993, -0.19561585662658043
186, 1763487958.7583911, -0.02010059356689453, -0.5701785087585449, 1.668841004371643, 0.014315128326416016, -1.1261916160583496, -0.009224176406860352, 0.9686348724365235, 0.1601174503662448, -5.357359950835177, -4.092135062585275, -0.19561371912748715
187, 1763487958.781297, -0.020174503326416016, -0.5657830238342285, 1.6617462635040283, 0.014342546463012695, -1.1228771209716797, -0.009251594543457031, 0.968642578125, 0.15996112084943714, -5.357459682972834, -4.091912228678809, -0.19559718059059072
188, 1763487958.80413, -0.020189285278320312, -0.5618593692779541, 1.655570387840271, 0.014324426651000977, -1.1186950206756592, -0.00926065444946289, 0.9686272430419922, 0.15986702521496987, -5.357441086559901, -4.091666384925867, -0.19562047614704614
189, 1763487958.837514, -0.02029252052307129, -0.5556719303131104, 1.646222710609436, 0.014324426651000977, -1.1148967742919922, -0.00926065444946289, 0.9686578369140625, 0.15973840167532916, -5.357367856575832, -4.09124981983687, -0.19565253650583792
190, 1763487958.853888, -0.02032947540283203, -0.5523309707641602, 1.6411174535751343, 0.014333486557006836, -1.1124589443206787, -0.009251594543457031, 0.9686348724365235, 0.1596364755772448, -5.357414189584768, -4.09103242502732, -0.19566568512221671
191, 1763487958.870305, -0.02029252052307129, -0.5489680767059326, 1.6359561681747437, 0.014315128326416016, -1.1099843978881836, -0.009242534637451172, 0.9686272430419922, 0.15959106139717105, -5.357336156192406, -4.0907779401222735, -0.19567709523624544
192, 1763487958.893128, -0.020395755767822266, -0.5450446605682373, 1.6299241781234741, 0.014324426651000977, -1.1076102256774902, -0.009233236312866211, 0.9686272430419922, 0.15953370717733628, -5.357262430823083, -4.090477443848335, -0.19563308474740637
193, 1763487958.922278, -0.020410537719726562, -0.539557933807373, 1.621870756149292, 0.014342546463012695, -1.106478214263916, -0.00926065444946289, 0.9686348724365235, 0.1593525278934823, -5.357347618810671, -4.090112610226353, -0.19565631577197706
194, 1763487958.939084, -0.02033686637878418, -0.5353760719299316, 1.6154311895370483, 0.014333486557006836, -1.104158878326416, -0.00926971435546875, 0.968650131225586, 0.15927164113893266, -5.357256244370381, -4.08978687653627, -0.19565489479846931
195, 1763487958.969532, -0.020440101623535156, -0.5298080444335938, 1.60710608959198, 0.014324426651000977, -1.1002781391143799, -0.009251594543457031, 0.9686348724365235, 0.15912829893155356, -5.357198727387842, -4.089364820082675, -0.19559563939005997
196, 1763487958.9868102, -0.020410537719726562, -0.5260984897613525, 1.601569414138794, 0.014333486557006836, -1.0976850986480713, -0.009251594543457031, 0.9686272430419922, 0.15899939078119008, -5.35722303255885, -4.089098778543551, -0.19558696348234772
197, 1763487959.007193, -0.020403146743774414, -0.5216586589813232, 1.5952098369598389, 0.014324426651000977, -1.094900131225586, -0.009251594543457031, 0.968642578125, 0.15887958602627617, -5.3571677728199, -4.088766798480492, -0.19558274088946703
198, 1763487959.04271, -0.020344018936157227, -0.5143945217132568, 1.58468759059906, 0.014324426651000977, -1.088855504989624, -0.00928807258605957, 0.968642578125, 0.1586376748228907, -5.357106611661459, -4.088213927525375, -0.1956596355571003
199, 1763487959.0537322, -0.020366191864013672, -0.5115847587585449, 1.5808846950531006, 0.014324426651000977, -1.0873305797576904, -0.00926971435546875, 0.9686348724365235, 0.15852040148680224, -5.357124500051026, -4.088015741177813, -0.19566961467534938
200, 1763487959.071234, -0.02037334442138672, -0.50742506980896, 1.5751641988754272, 0.014342546463012695, -1.0844361782073975, -0.00928807258605957, 0.9686348724365235, 0.15839756098171298, -5.357056097132415, -4.087695078352704, -0.1956797923373479
201, 1763487959.097198, -0.020432472229003906, -0.5019972324371338, 1.5678538084030151, 0.014333486557006836, -1.0813226699829102, -0.00926971435546875, 0.968642578125, 0.15822398109833014, -5.356951458553326, -4.087247197304701, -0.1956554781231663
202, 1763487959.120387, -0.020521163940429688, -0.49649548530578613, 1.5604956150054932, 0.014342546463012695, -1.0797429084777832, -0.009279012680053711, 0.9686348724365235, 0.15796200067723576, -5.357035862097632, -4.086854087770428, -0.19565092187193134
203, 1763487959.1413949, -0.02050638198852539, -0.4909791648387909, 1.5531691312789917, 0.014333486557006836, -1.0769765377044678, -0.00929713249206543, 0.968642578125, 0.15780165500202192, -5.356914504935081, -4.0864379867017275, -0.1956890505185589
204, 1763487959.165469, -0.020491361618041992, -0.48611924052238464, 1.5464979410171509, 0.014324426651000977, -1.0741183757781982, -0.00929713249206543, 0.968642578125, 0.15767550506143968, -5.356790883952098, -4.086072967987999, -0.19568460083891726
205, 1763487959.1940129, -0.02054309844970703, -0.47878122329711914, 1.5365909337997437, 0.014342546463012695, -1.071579933166504, -0.00929713249206543, 0.968642578125, 0.15738068098113078, -5.3568555630883745, -4.085651315910246, -0.19570804218291915
206, 1763487959.20787, -0.02055811882019043, -0.47521159052848816, 1.531685471534729, 0.014333486557006836, -1.0706760883331299, -0.00929713249206543, 0.9686348724365235, 0.1572537901141211, -5.3568633537210975, -4.0854527820150075, -0.19574258554978563
207, 1763487959.230473, -0.02054309844970703, -0.47035884857177734, 1.5247985124588013, 0.014333486557006836, -1.0672338008880615, -0.009279012680053711, 0.9686348724365235, 0.15715242412900954, -5.356725020678994, -4.085158385668286, -0.1957658043947843
208, 1763487959.257545, -0.020661354064941406, -0.4650857448577881, 1.5170007944107056, 0.014342546463012695, -1.0626225471496582, -0.00929713249206543, 0.9686348724365235, 0.15701161432844035, -5.3566345373968085, -4.084867014792025, -0.19567867534404737
209, 1763487959.273691, -0.02068328857421875, -0.4611032009124756, 1.5111604928970337, 0.014324426651000977, -1.0600111484527588, -0.00929713249206543, 0.968642578125, 0.15686356040825133, -5.356696389149008, -4.084692998845927, -0.1956935960362971
210, 1763487959.304692, -0.020601987838745117, -0.45441436767578125, 1.501421332359314, 0.014333486557006836, -1.0542223453521729, -0.00932455062866211, 0.968642578125, 0.15670864973340115, -5.356639433613556, -4.084328966832644, -0.1957544211710811
211, 1763487959.318711, -0.020653724670410156, -0.4501149654388428, 1.4955251216888428, 0.014324426651000977, -1.052231788635254, -0.00931549072265625, 0.968642578125, 0.15663576854307748, -5.3565611841424765, -4.084104560887373, -0.19570716722621828
212, 1763487959.3531442, -0.02068328857421875, -0.44260692596435547, 1.4849549531936646, 0.014360904693603516, -1.0481412410736084, -0.00929713249206543, 0.9686272430419922, 0.1564580443140815, -5.3566063160136075, -4.08375809937875, -0.19567686544452556
213, 1763487959.3614879, -0.02068328857421875, -0.44055700302124023, 1.4820548295974731, 0.014351606369018555, -1.0467898845672607, -0.00932455062866211, 0.9686272430419922, 0.15642910485289563, -5.356606916968529, -4.083648408932658, -0.1956786623180813
214, 1763487959.3899891, -0.02068328857421875, -0.4334549903869629, 1.472219705581665, 0.014324426651000977, -1.0441784858703613, -0.00929713249206543, 0.9686272430419922, 0.1563696547411203, -5.356516278277294, -4.083275140881726, -0.19564117077085452
215, 1763487959.40204, -0.02073502540588379, -0.43123504519462585, 1.4692715406417847, 0.014333486557006836, -1.0438222885131836, -0.009306192398071289, 0.9686578369140625, 0.15632795638960761, -5.356535507624549, -4.083176112768078, -0.19562258166524593
216, 1763487959.426194, -0.020808696746826172, -0.4255638122558594, 1.4613460302352905, 0.014333486557006836, -1.0403616428375244, -0.00931549072265625, 0.9686272430419922, 0.15622589877156134, -5.356607214554338, -4.082910535664928, -0.19556666137539658
217, 1763487959.456055, -0.020838260650634766, -0.41913294792175293, 1.4524697065353394, 0.014324426651000977, -1.0358052253723145, -0.009306192398071289, 0.9686119842529297, 0.1562416507586808, -5.3564679206181705, -4.082560492532172, -0.1955359832177992
218, 1763487959.470792, -0.02086019515991211, -0.414766788482666, 1.4464457035064697, 0.014342546463012695, -1.0334312915802002, -0.00932455062866211, 0.9686348724365235, 0.1561740798994553, -5.356520917922907, -4.0823734091436075, -0.19551155839032308
219, 1763487959.493002, -0.02077198028564453, -0.40883755683898926, 1.4382964372634888, 0.014333486557006836, -1.0287199020385742, -0.009333610534667969, 0.9686272430419922, 0.1561018106021379, -5.356607249726369, -4.082115288783121, -0.1955653923922389
220, 1763487959.521491, -0.020830869674682617, -0.40231797099113464, 1.429132342338562, 0.014306068420410156, -1.0241453647613525, -0.009351968765258789, 0.968650131225586, 0.15612613211392712, -5.356433651553653, -4.081753084512118, -0.19558577871483074
221, 1763487959.538273, -0.020904541015625, -0.39777517318725586, 1.4228366613388062, 0.014342546463012695, -1.0209403038024902, -0.00934290885925293, 0.968642578125, 0.15606482444476322, -5.356451808434861, -4.081579070812544, -0.19555196825416665
222, 1763487959.558369, -0.021015167236328125, -0.39253875613212585, 1.4154304265975952, 0.014333486557006836, -1.017909049987793, -0.00937032699584961, 0.968619613647461, 0.15597781314380688, -5.356624976089585, -4.081370349962785, -0.19554232269858307
223, 1763487959.586035, -0.020919322967529297, -0.3860931396484375, 1.4063464403152466, 0.014342546463012695, -1.0153157711029053, -0.00937032699584961, 0.9686578369140625, 0.15599288149628154, -5.356481623044437, -4.080994286481849, -0.19560763893952338
224, 1763487959.603511, -0.020963668823242188, -0.3819262683391571, 1.4002505540847778, 0.014333486557006836, -1.0126221179962158, -0.00937032699584961, 0.9686348724365235, 0.1559778987490208, -5.356374747302254, -4.080784099888348, -0.19558809166275815
225, 1763487959.6305861, -0.021029949188232422, -0.3765869140625, 1.3920613527297974, 0.014342546463012695, -1.009718656539917, -0.009397745132446289, 0.9686119842529297, 0.15584689454685574, -5.356525923071985, -4.0805756823977735, -0.19556375715487917
226, 1763487959.654485, -0.02095627784729004, -0.3715057373046875, 1.384191632270813, 0.014333486557006836, -1.0077645778656006, -0.009397745132446289, 0.968642578125, 0.15582050509682976, -5.3564587682087295, -4.08032785689136, -0.1956088183724658
227, 1763487959.672174, -0.02099323272705078, -0.36745691299438477, 1.3779278993606567, 0.014333486557006836, -1.004258394241333, -0.009406805038452148, 0.9686272430419922, 0.15580474974342118, -5.356334127942188, -4.080152271574396, -0.19558144178313785
228, 1763487959.695246, -0.021022558212280273, -0.3619406223297119, 1.3695708513259888, 0.014342546463012695, -0.9994008541107178, -0.00941610336303711, 0.9686272430419922, 0.155690848375306, -5.356417276748246, -4.079967781963031, -0.19557346287860344
229, 1763487959.720296, -0.020970821380615234, -0.35564208030700684, 1.3604069948196411, 0.014324426651000977, -0.9941868782043457, -0.009397745132446289, 0.968619613647461, 0.155611757577502, -5.356398517481857, -4.079731978783396, -0.1956171457320366
230, 1763487959.7422662, -0.02098560333251953, -0.3508264720439911, 1.3533681631088257, 0.014342546463012695, -0.990288257598877, -0.00937032699584961, 0.9686348724365235, 0.15558117466896482, -5.356299322511674, -4.079550737040678, -0.19555499314589042
231, 1763487959.762431, -0.02103710174560547, -0.3459443747997284, 1.3461697101593018, 0.014342546463012695, -0.9870283603668213, -0.009397745132446289, 0.968619613647461, 0.15547885448681242, -5.356373163593676, -4.0794155451044665, -0.19552333340866657
232, 1763487959.786788, -0.021015167236328125, -0.3411283493041992, 1.338915228843689, 0.014342546463012695, -0.9837779998779297, -0.009397745132446289, 0.9686348724365235, 0.1554227241656203, -5.356359079105888, -4.079256128130925, -0.19552112335009664
233, 1763487959.809875, -0.02098560333251953, -0.33577442169189453, 1.330725908279419, 0.014351606369018555, -0.9813308715820312, -0.00937032699584961, 0.9686348724365235, 0.15540317538130943, -5.356214004283825, -4.079065363033567, -0.19550690541489768
234, 1763487959.829783, -0.020963668823242188, -0.3311281204223633, 1.323319673538208, 0.014351606369018555, -0.9781441688537598, -0.009397745132446289, 0.968619613647461, 0.15529442798689408, -5.35630959142666, -4.0789912254196885, -0.19554912683541303
235, 1763487959.8591151, -0.020978212356567383, -0.325803279876709, 1.3147790431976318, 0.014360904693603516, -0.9743549823760986, -0.009406805038452148, 0.968642578125, 0.1552212695286772, -5.356302106887623, -4.078924261219468, -0.19557269647460807
236, 1763487959.8738282, -0.021015167236328125, -0.32140064239501953, 1.3075803518295288, 0.014342546463012695, -0.9712412357330322, -0.009425163269042969, 0.9686043548583985, 0.15521442772338345, -5.356149233053728, -4.078810125729725, -0.19555613039963582
237, 1763487959.898679, -0.02117013931274414, -0.31798574328422546, 1.3026669025421143, 0.014342546463012695, -0.9700725078582764, -0.009452581405639648, 0.9686348724365235, 0.15506949872624964, -5.356287892099763, -4.078810632639448, -0.19548556158023356
238, 1763487959.922382, -0.021066904067993164, -0.31628966331481934, 1.30074143409729, 0.014360904693603516, -0.9692690372467041, -0.009479999542236328, 0.968642578125, 0.15499572073562773, -5.356333023831841, -4.078764724093401, -0.19554645419861316
239, 1763487959.9451761, -0.021015167236328125, -0.3141806125640869, 1.2984564304351807, 0.014360904693603516, -0.9674153327941895, -0.009461641311645508, 0.968642578125, 0.15505154692073453, -5.356074108276245, -4.078555676749439, -0.19553393983614686
240, 1763487959.973587, -0.021236419677734375, -0.31097960472106934, 1.2951487302780151, 0.014388084411621094, -0.9655163288116455, -0.009498119354248047, 0.9686348724365235, 0.1548495144914228, -5.356347532970063, -4.078479390606997, -0.19538589474773183
241, 1763487959.987778, -0.02112579345703125, -0.30920958518981934, 1.2934949398040771, 0.014369964599609375, -0.965306282043457, -0.009552955627441406, 0.968642578125, 0.15476776212162446, -5.356441207120189, -4.078410934065173, -0.19545962334796219
242, 1763487960.010017, -0.020963668823242188, -0.3066065311431885, 1.2908984422683716, 0.014351606369018555, -0.9646215438842773, -0.009525537490844727, 0.968642578125, 0.15490492446077442, -5.3560313603906415, -4.078172703286692, -0.19555133637120203
243, 1763487960.0397491, -0.0213470458984375, -0.3035163879394531, 1.2873032093048096, 0.014379024505615234, -0.9620466232299805, -0.009543657302856445, 0.968619613647461, 0.1547596895851132, -5.3562122013930855, -4.078142759373758, -0.19540251021707622
244, 1763487960.065783, -0.021317481994628906, -0.30031561851501465, 1.2838596105575562, 0.014388084411621094, -0.9602477550506592, -0.009534597396850586, 0.9686272430419922, 0.15461440069630994, -5.35649494062924, -4.078104212402481, -0.19557312494844403
245, 1763487960.075352, -0.021184921264648438, -0.2987375259399414, 1.2823736667633057, 0.014351606369018555, -0.9596085548400879, -0.009543657302856445, 0.9686272430419922, 0.15472306650337653, -5.35618706244986, -4.0779797063561505, -0.19560861845202737
246, 1763487960.1071548, -0.021406173706054688, -0.29517531394958496, 1.278011441230774, 0.014369964599609375, -0.9575815200805664, -0.009552955627441406, 0.968619613647461, 0.1546369556347652, -5.3560829544831075, -4.077879625055112, -0.19553898210279907
247, 1763487960.12192, -0.02144312858581543, -0.29329466819763184, 1.275942087173462, 0.014406442642211914, -0.9569880962371826, -0.009562015533447266, 0.9686272430419922, 0.1544183107236189, -5.356531772734981, -4.0779349543985, -0.1956204809045765
248, 1763487960.14094, -0.021265745162963867, -0.291945219039917, 1.2744561433792114, 0.014388084411621094, -0.9563031196594238, -0.009589433670043945, 0.9686272430419922, 0.1544583940853702, -5.356422758588306, -4.077846508490909, -0.19570815321240165
249, 1763487960.1734998, -0.02135443687438965, -0.288405179977417, 1.2696703672409058, 0.014379024505615234, -0.9558100700378418, -0.009562015533447266, 0.9686348724365235, 0.15456288065475976, -5.355930450322101, -4.07766169677049, -0.19556530475998368
250, 1763487960.187525, -0.02147960662841797, -0.28667211532592773, 1.2669299840927124, 0.014415502548217773, -0.9553079605102539, -0.009644031524658203, 0.9686348724365235, 0.15432996991215175, -5.356370199932897, -4.077768777289309, -0.19552867326685863
251, 1763487960.207992, -0.021310091018676758, -0.28485774993896484, 1.263702154159546, 0.014397382736206055, -0.9527513980865479, -0.009634971618652344, 0.9686348724365235, 0.1543127498545106, -5.356440099192129, -4.077733730849837, -0.1955735941887351
252, 1763487960.228617, -0.021243810653686523, -0.28284454345703125, 1.2600589990615845, 0.014369964599609375, -0.9501125812530518, -0.009634971618652344, 0.968642578125, 0.15449911661867988, -5.355898608856229, -4.077577188566761, -0.19552167311946
253, 1763487960.252532, -0.021457672119140625, -0.2802557945251465, 1.255672812461853, 0.014406442642211914, -0.9487245082855225, -0.009625911712646484, 0.9686272430419922, 0.1543381543130664, -5.356163389225278, -4.07764283902938, -0.195442713032703
254, 1763487960.275873, -0.02142810821533203, -0.27843451499938965, 1.252564787864685, 0.014415502548217773, -0.9482040405273438, -0.009653329849243164, 0.9686272430419922, 0.15422610362593514, -5.356418167945434, -4.077686501014284, -0.19547969068223736
255, 1763487960.296905, -0.02133965492248535, -0.27605223655700684, 1.2485781908035278, 0.014397382736206055, -0.9470446109771729, -0.009634971618652344, 0.9686272430419922, 0.15440777645907278, -5.35588586991155, -4.077514986208208, -0.1954647395469351
256, 1763487960.323118, -0.02162003517150879, -0.27329397201538086, 1.2439123392105103, 0.014415502548217773, -0.9461405277252197, -0.009662389755249023, 0.9686348724365235, 0.15426013092505697, -5.356126012753284, -4.0775431761470164, -0.19536819368166825
257, 1763487960.3465111, -0.021634578704833984, -0.2708158493041992, 1.239925503730774, 0.014433860778808594, -0.9429173469543457, -0.009662389755249023, 0.968642578125, 0.15418362867173985, -5.356308724224788, -4.0775210006228315, -0.1953814611510385
258, 1763487960.372998, -0.021531343460083008, -0.26796936988830566, 1.2354674339294434, 0.014369964599609375, -0.9392468929290771, -0.009653329849243164, 0.968642578125, 0.15433826094551195, -5.355846474291026, -4.0773479209263215, -0.19543314823882252
259, 1763487960.390252, -0.02166438102722168, -0.26487183570861816, 1.2303540706634521, 0.014397382736206055, -0.9362609386444092, -0.009662389755249023, 0.968650131225586, 0.15422777937890886, -5.355996065001755, -4.077349590325446, -0.19537599933441996
260, 1763487960.414956, -0.021678924560546875, -0.2593553066253662, 1.2207427024841309, 0.014451980590820312, -0.9296958446502686, -0.009653329849243164, 0.968642578125, 0.15404251571103522, -5.356313894200099, -4.077343167524863, -0.19543208661905886
261, 1763487960.438472, -0.021509408950805664, -0.2538168430328369, 1.210564136505127, 0.014388084411621094, -0.9250302314758301, -0.009653329849243164, 0.9686348724365235, 0.1542194586465815, -5.355869952676999, -4.077127206898927, -0.1954572121846665
262, 1763487960.4601119, -0.021759986877441406, -0.24848461151123047, 1.2004494667053223, 0.014415502548217773, -0.9206197261810303, -0.009671688079833984, 0.9686348724365235, 0.15409812937304135, -5.356050490280172, -4.077153154554458, -0.19532124210643698
263, 1763487960.485492, -0.021641969680786133, -0.24303460121154785, 1.189727544784546, 0.014433860778808594, -0.9169676303863525, -0.009671688079833984, 0.9686578369140625, 0.15401814610057363, -5.3562208687989585, -4.077137441757137, -0.19544991009865154
264, 1763487960.502528, -0.021531343460083008, -0.23985624313354492, 1.1838393211364746, 0.014388084411621094, -0.9141097068786621, -0.009634971618652344, 0.9686272430419922, 0.15414248030626598, -5.355936686074291, -4.0770242814091695, -0.1954642539683995
265, 1763487960.523604, -0.021759986877441406, -0.23559331893920898, 1.175490379333496, 0.014415502548217773, -0.9102015495300293, -0.009680747985839844, 0.9686272430419922, 0.15410512675571375, -5.35594268364407, -4.077029122843166, -0.19538682739344182
266, 1763487960.550821, -0.021738052368164062, -0.23037193715572357, 1.16475248336792, 0.014424800872802734, -0.9037096500396729, -0.009680747985839844, 0.968619613647461, 0.15397829815917952, -5.35621912840783, -4.077064768192172, -0.1954976840302285
267, 1763487960.5780532, -0.021693706512451172, -0.22455334663391113, 1.1535112857818604, 0.014415502548217773, -0.8964598178863525, -0.009726524353027344, 0.9686272430419922, 0.15409506158330522, -5.355905656509357, -4.076905764201927, -0.19550819208475634
268, 1763487960.589976, -0.021723270416259766, -0.2218465805053711, 1.1484060287475586, 0.014424800872802734, -0.8935377597808838, -0.009680747985839844, 0.9686119842529297, 0.154054820676374, -5.355935641243097, -4.076894085452144, -0.19547140590501133
269, 1763487960.618929, -0.021759986877441406, -0.21576213836669922, 1.1363499164581299, 0.014424800872802734, -0.888561487197876, -0.009763002395629883, 0.9686348724365235, 0.15392541022470985, -5.356185873214643, -4.0769098559382195, -0.19549956971351
270, 1763487960.639047, -0.021723270416259766, -0.21149228513240814, 1.1279687881469727, 0.014424800872802734, -0.8845438957214355, -0.009781122207641602, 0.9686119842529297, 0.1540566904383731, -5.355924693839702, -4.076776176593135, -0.1955057968645466
271, 1763487960.656031, -0.02178215980529785, -0.2080850452184677, 1.1219367980957031, 0.014406442642211914, -0.8827359676361084, -0.009772062301635742, 0.968650131225586, 0.1540522550711707, -5.3558895366206265, -4.076738454815605, -0.1954843912631432
272, 1763487960.6788218, -0.021826505661010742, -0.20256876945495605, 1.1118061542510986, 0.014424800872802734, -0.8771843910217285, -0.009763002395629883, 0.9686272430419922, 0.1539114339597467, -5.356166824557755, -4.076747865482718, -0.19547056656116268
273, 1763487960.704074, -0.021715879440307617, -0.19623349606990814, 1.1005091667175293, 0.014433860778808594, -0.870445728302002, -0.009772062301635742, 0.968642578125, 0.15403204060652143, -5.355948043672209, -4.076554944028459, -0.19554078996117763
274, 1763487960.722059, -0.021738052368164062, -0.1926271915435791, 1.0939178466796875, 0.014433860778808594, -0.8660175800323486, -0.009753704071044922, 0.9686043548583985, 0.1540325769489881, -5.3558846728035165, -4.076484282906905, -0.19549087184369895
275, 1763487960.744061, -0.02178215980529785, -0.18660950660705566, 1.083251714706421, 0.014433860778808594, -0.8611326217651367, -0.009808540344238281, 0.968642578125, 0.1539158114096505, -5.356126747485531, -4.076427820255195, -0.1954663873946565
276, 1763487960.771884, -0.021738052368164062, -0.17981719970703125, 1.0712194442749023, 0.014415502548217773, -0.8560101985931396, -0.009826898574829102, 0.9686348724365235, 0.15403769253020305, -5.3559068555730995, -4.076204382001534, -0.19547050912456232
277, 1763487960.7879438, -0.021759986877441406, -0.1758713573217392, 1.064260721206665, 0.014424800872802734, -0.8533346652984619, -0.00986337661743164, 0.9686272430419922, 0.15403396209288212, -5.355836097915631, -4.076141824648151, -0.19544680940740555
278, 1763487960.813795, -0.021811485290527344, -0.16989779472351074, 1.053187370300293, 0.014433860778808594, -0.8487236499786377, -0.0098724365234375, 0.9686119842529297, 0.15392100779870133, -5.356051689341407, -4.076112007093909, -0.19541816184205008
279, 1763487960.835371, -0.021767377853393555, -0.16497133672237396, 1.0439753532409668, 0.014442920684814453, -0.8438842296600342, -0.009917974472045898, 0.968642578125, 0.15396006380914362, -5.355957997715251, -4.076020866376791, -0.19543925743641388
280, 1763487960.8561752, -0.021804332733154297, -0.15944765508174896, 1.0331578254699707, 0.014433860778808594, -0.8371458053588867, -0.009917974472045898, 0.968642578125, 0.1539840749414687, -5.355811996553669, -4.075937083613487, -0.19538016616480292
281, 1763487960.885103, -0.02179694175720215, -0.15305352210998535, 1.0205583572387695, 0.014451980590820312, -0.8298685550689697, -0.00992727279663086, 0.9686272430419922, 0.15383783519508498, -5.356045835356307, -4.075939199482574, -0.19543447009041426
282, 1763487960.90115, -0.021759986877441406, -0.14943981170654297, 1.013519525527954, 0.014442920684814453, -0.8267822265625, -0.009945392608642578, 0.9686348724365235, 0.1538668078794604, -5.35593174614327, -4.075863149433277, -0.1954597635277775
283, 1763487960.921126, -0.021826505661010742, -0.1435840129852295, 1.0023021697998047, 0.014424800872802734, -0.8221893310546875, -0.009982109069824219, 0.9686272430419922, 0.153864994250412, -5.355749609174135, -4.075787131913934, -0.19540693817432775
284, 1763487960.944629, -0.021848678588867188, -0.13730788230895996, 0.9906215667724609, 0.014461278915405273, -0.8173501491546631, -0.009991168975830078, 0.968619613647461, 0.1536961571995611, -5.355999260906002, -4.075792780792647, -0.1954515046389762
285, 1763487960.972137, -0.02174520492553711, -0.13191699981689453, 0.9798197746276855, 0.014442920684814453, -0.8118534088134766, -0.009991168975830078, 0.9686119842529297, 0.15370947300162907, -5.355839825336785, -4.075691119908327, -0.19551633885045216
286, 1763487960.9884531, -0.021738052368164062, -0.13041973114013672, 0.9768717288970947, 0.014451980590820312, -0.8111319541931152, -0.009991168975830078, 0.9686653900146485, 0.15373061232176866, -5.35571030396399, -4.075670191769543, -0.1954930900964431
287, 1763487961.010112, -0.02184128761291504, -0.13078856468200684, 0.977590799331665, 0.014497756958007812, -0.8102006912231445, -0.010018587112426758, 0.968619613647461, 0.15367606729714434, -5.35591903765369, -4.0757277009107, -0.19549017398359148
288, 1763487961.038574, -0.02179694175720215, -0.13043475151062012, 0.9775428771972656, 0.014488697052001953, -0.8100361824035645, -0.010046005249023438, 0.9686348724365235, 0.15365902664692244, -5.355847898888031, -4.075616070274952, -0.1954998542155355
289, 1763487961.056802, -0.021818876266479492, -0.1302502155303955, 0.9774389266967773, 0.014488697052001953, -0.8100087642669678, -0.010036945343017578, 0.9686272430419922, 0.15365341320724335, -5.355744157942134, -4.075591632965276, -0.1954931394514503
290, 1763487961.07322, -0.021826505661010742, -0.13025760650634766, 0.9772951602935791, 0.014488697052001953, -0.8099997043609619, -0.010036945343017578, 0.968619613647461, 0.1535795176503988, -5.355937562327131, -4.0756223821272375, -0.19550707371661513
291, 1763487961.1037881, -0.02179694175720215, -0.1302652359008789, 0.9770474433898926, 0.014497756958007812, -0.8100271224975586, -0.010046005249023438, 0.9686348724365235, 0.15356734711548115, -5.355877766361299, -4.0755718486392905, -0.19549536108524546
292, 1763487961.119958, -0.021826505661010742, -0.13021349906921387, 0.976975679397583, 0.014488697052001953, -0.809990644454956, -0.010064363479614258, 0.9686272430419922, 0.15358969980622872, -5.355760936325531, -4.075533757744145, -0.19546400792729024
293, 1763487961.140212, -0.02187800407409668, -0.1300215721130371, 0.9769995212554932, 0.014497756958007812, -0.809990644454956, -0.010082483291625977, 0.968642578125, 0.15353022601000244, -5.355955315552151, -4.075518956723132, -0.19541538075252962
294, 1763487961.171891, -0.021811485290527344, -0.12954235076904297, 0.9768717288970947, 0.014516115188598633, -0.8099358081817627, -0.010082483291625977, 0.9686272430419922, 0.15353796605599002, -5.355898787392762, -4.075416740786863, -0.19541360579003175
295, 1763487961.190176, -0.02184128761291504, -0.1293802261352539, 0.9767041206359863, 0.014488697052001953, -0.809917688369751, -0.010118961334228516, 0.9686348724365235, 0.15354200543765073, -5.355831024670579, -4.0754051872934784, -0.1953736225391598
296, 1763487961.206492, -0.021855831146240234, -0.12926220893859863, 0.9764881134033203, 0.014497756958007812, -0.809917688369751, -0.010109901428222656, 0.968642578125, 0.15348623942220718, -5.355984978575258, -4.075422566647439, -0.1953725759782028
297, 1763487961.238335, -0.02178215980529785, -0.1290113925933838, 0.9762165546417236, 0.014497756958007812, -0.8098902702331543, -0.010118961334228516, 0.968642578125, 0.15346894575800774, -5.355978704691154, -4.075386414450285, -0.19542388770210195
298, 1763487961.2568362, -0.02178215980529785, -0.12886381149291992, 0.9761207103729248, 0.014497756958007812, -0.8098812103271484, -0.010118961334228516, 0.9686272430419922, 0.15348600689310432, -5.355888109036228, -4.075369114672389, -0.19546282029940265
299, 1763487961.2729988, -0.021811485290527344, -0.12867212295532227, 0.9759688377380371, 0.014507055282592773, -0.8098628520965576, -0.010164499282836914, 0.9686119842529297, 0.15343541391605964, -5.3559936073948196, -4.07537982804234, -0.19547488793137013
300, 1763487961.2997718, -0.021818876266479492, -0.1284952163696289, 0.9757611751556396, 0.014516115188598633, -0.8098444938659668, -0.010182857513427734, 0.968642578125, 0.1534086928042443, -5.356023310587831, -4.075373223905929, -0.19551651643342538
301, 1763487961.3200839, -0.021826505661010742, -0.12836956977844238, 0.9756255149841309, 0.014497756958007812, -0.8098173141479492, -0.010219335556030273, 0.968650131225586, 0.15343588516787254, -5.3559016550924605, -4.075362101095542, -0.1955150970537458
302, 1763487961.33969, -0.021811485290527344, -0.12830328941345215, 0.9756014347076416, 0.014497756958007812, -0.8097898960113525, -0.010228633880615234, 0.9686272430419922, 0.15339301981057218, -5.355992340320359, -4.075387926137803, -0.19553270370172626
303, 1763487961.363829, -0.021775007247924805, -0.12822961807250977, 0.975529670715332, 0.014516115188598633, -0.8097074031829834, -0.010228633880615234, 0.968619613647461, 0.15336019126301625, -5.35600400041961, -4.075394030112778, -0.19553547698494267
304, 1763487961.4047449, -0.02178955078125, -0.1280820369720459, 0.9753937721252441, 0.014497756958007812, -0.809661865234375, -0.010274410247802734, 0.968650131225586, 0.15333913885779793, -5.355945420503935, -4.075419670397671, -0.19548531079751275
305, 1763487961.411861, -0.02178955078125, -0.1280820369720459, 0.9753937721252441, 0.014497756958007812, -0.809661865234375, -0.010274410247802734, 0.968650131225586, 0.15333913885779793, -5.355945420503935, -4.075419670397671, -0.19548531079751275
306, 1763487961.438705, -0.02178215980529785, -0.12798643112182617, 0.975313663482666, 0.014497756958007812, -0.8095979690551758, -0.010274410247802734, 0.9686348724365235, 0.15332913788850988, -5.355914488690294, -4.075418167274051, -0.1954483402494125
307, 1763487961.458741, -0.02178215980529785, -0.12794208526611328, 0.975273847579956, 0.014497756958007812, -0.8095433712005615, -0.010265111923217773, 0.968642578125, 0.1533402961931032, -5.3558513639696725, -4.075425425048041, -0.19542003475843384
308, 1763487961.486026, -0.021804332733154297, -0.12784600257873535, 0.9751701354980469, 0.014507055282592773, -0.8095159530639648, -0.010310888290405273, 0.968642578125, 0.15330019675727102, -5.3559147365982795, -4.075442074549293, -0.19537075409140492
309, 1763487961.504468, -0.021818876266479492, -0.12780165672302246, 0.9751062393188477, 0.014497756958007812, -0.8094611167907715, -0.010301589965820312, 0.9686348724365235, 0.15331077950077865, -5.355851974429937, -4.075439641474611, -0.19537487056197023
310, 1763487961.524235, -0.02183389663696289, -0.12776517868041992, 0.9750900268554688, 0.014507055282592773, -0.8094427585601807, -0.010310888290405273, 0.9686272430419922, 0.15332210277759362, -5.35581653904454, -4.075444512661756, -0.19535232133575509
311, 1763487961.545894, -0.021848678588867188, -0.12773537635803223, 0.9750502109527588, 0.014507055282592773, -0.8094244003295898, -0.010310888290405273, 0.9686348724365235, 0.1532936092756526, -5.355867820917323, -4.075453285434128, -0.1953574134155227
312, 1763487961.5718799, -0.021855831146240234, -0.1276545524597168, 0.9749863147735596, 0.014507055282592773, -0.8093698024749756, -0.010292530059814453, 0.9686272430419922, 0.15329894355234397, -5.355823326965712, -4.075448893128792, -0.19537133366866932
313, 1763487961.598203, -0.021848678588867188, -0.1275954246520996, 0.9749383926391602, 0.014488697052001953, -0.809333324432373, -0.010301589965820312, 0.9686348724365235, 0.15328860795944876, -5.355847976239394, -4.075455703840767, -0.1953798059118972
314, 1763487961.6257899, -0.021848678588867188, -0.12752890586853027, 0.9749143123626709, 0.014488697052001953, -0.8092875480651855, -0.010347366333007812, 0.9686272430419922, 0.15327709874839468, -5.355868202252512, -4.075451251001816, -0.19541285713683898
315, 1763487961.6351528, -0.021855831146240234, -0.12749958038330078, 0.9748823642730713, 0.014507055282592773, -0.8092875480651855, -0.010329008102416992, 0.9686348724365235, 0.15327999974476803, -5.355847337911704, -4.075450027306105, -0.19541106585216017
316, 1763487961.656669, -0.021855831146240234, -0.12746977806091309, 0.9748184680938721, 0.014516115188598633, -0.8092329502105713, -0.010338068008422852, 0.9686348724365235, 0.15328523190762322, -5.355867125373822, -4.0754487316790176, -0.19543890635379668
317, 1763487961.678841, -0.021848678588867188, -0.1274404525756836, 0.9747943878173828, 0.014497756958007812, -0.8092055320739746, -0.010329008102416992, 0.968642578125, 0.15327350443868915, -5.3559073752759545, -4.075452203196746, -0.19545167302875743
318, 1763487961.7056441, -0.02183389663696289, -0.127410888671875, 0.9747624397277832, 0.014507055282592773, -0.809168815612793, -0.010329008102416992, 0.968619613647461, 0.15327969817855436, -5.355864927071763, -4.075440773571725, -0.19548579407172895
319, 1763487961.7238212, -0.021848678588867188, -0.12738895416259766, 0.9747545719146729, 0.014507055282592773, -0.8091871738433838, -0.010365486145019531, 0.9686348724365235, 0.15326864139760876, -5.355891191142142, -4.075448254960984, -0.19550018889370246
320, 1763487961.758247, -0.02183389663696289, -0.12735915184020996, 0.9747147560119629, 0.014488697052001953, -0.8090958595275879, -0.010329008102416992, 0.9686272430419922, 0.15324901056855467, -5.355903007465124, -4.0754487549505996, -0.19550642290238063
321, 1763487961.7707672, -0.02183389663696289, -0.12735199928283691, 0.9746825695037842, 0.014488697052001953, -0.8090775012969971, -0.010356426239013672, 0.9686348724365235, 0.15324910609213127, -5.355872643697335, -4.0754479431308335, -0.19550793560214164
322, 1763487961.788783, -0.02183389663696289, -0.12734460830688477, 0.9746825695037842, 0.014516115188598633, -0.8090410232543945, -0.010365486145019531, 0.9686348724365235, 0.15324635383986362, -5.355883968403523, -4.075451826906652, -0.1955073932687501
323, 1763487961.810167, -0.02183389663696289, -0.12734460830688477, 0.9746906757354736, 0.014516115188598633, -0.8090229034423828, -0.010365486145019531, 0.9686348724365235, 0.15323731290965192, -5.355906588913519, -4.075457733709166, -0.19552542357911573
324, 1763487961.8359418, -0.021818876266479492, -0.12734460830688477, 0.974698543548584, 0.014497756958007812, -0.8090500831604004, -0.010365486145019531, 0.9686272430419922, 0.15324568489587198, -5.3558522384342675, -4.075453631659981, -0.19551086882339153
325, 1763487961.859186, -0.02178955078125, -0.12734460830688477, 0.9746906757354736, 0.014497756958007812, -0.8090229034423828, -0.010374784469604492, 0.9686348724365235, 0.1532389723647003, -5.3558691725701575, -4.075458940475181, -0.19548998263915962
326, 1763487961.877665, -0.021767377853393555, -0.12784600257873535, 0.9754416942596436, 0.014516115188598633, -0.8092236518859863, -0.010356426239013672, 0.968619613647461, 0.1532345061138103, -5.355872079689211, -4.075463147013302, -0.19547361857328482
327, 1763487961.909398, -0.021767377853393555, -0.13041973114013672, 0.9809863567352295, 0.014516115188598633, -0.8121638298034668, -0.010383844375610352, 0.9686348724365235, 0.1532698273752604, -5.3558385250280525, -4.075452064931923, -0.1954324722790588
328, 1763487961.924334, -0.021775007247924805, -0.13154101371765137, 0.9839584827423096, 0.014534473419189453, -0.8139078617095947, -0.010383844375610352, 0.9686119842529297, 0.15326700551562755, -5.355861953590897, -4.075440670237204, -0.19541906266936415
329, 1763487961.944247, -0.021767377853393555, -0.13314127922058105, 0.9880251884460449, 0.014534473419189453, -0.8172223567962646, -0.010392904281616211, 0.968642578125, 0.15325470758027904, -5.355858268922618, -4.0754512821874425, -0.19539771151828766
330, 1763487961.970315, -0.021775007247924805, -0.13598036766052246, 0.9943287372589111, 0.014525175094604492, -0.820664644241333, -0.010411262512207031, 0.9686272430419922, 0.1532807522667129, -5.355839719030871, -4.075470183956096, -0.19539948679235408
331, 1763487961.988588, -0.021759986877441406, -0.13839221000671387, 0.9998176097869873, 0.014525175094604492, -0.8247642517089844, -0.01042032241821289, 0.968642578125, 0.1532850080335314, -5.3558548175923795, -4.07546777657585, -0.19540255872172274
332, 1763487962.009619, -0.02178215980529785, -0.1422419548034668, 1.008470058441162, 0.014525175094604492, -0.8300511837005615, -0.010392904281616211, 0.9686348724365235, 0.1532788450036514, -5.355864187436785, -4.07546368129848, -0.19541193039592653
333, 1763487962.036876, -0.021767377853393555, -0.14604735374450684, 1.01682710647583, 0.014534473419189453, -0.8343517780303955, -0.01040196418762207, 0.9686348724365235, 0.1532666712164087, -5.355845089132621, -4.075450822956104, -0.19542615685151254
334, 1763487962.061594, -0.02178215980529785, -0.15022897720336914, 1.025359869003296, 0.014534473419189453, -0.8381044864654541, -0.01040196418762207, 0.9686272430419922, 0.15325772598855691, -5.355885201369842, -4.075465553023097, -0.19543561953219335
335, 1763487962.0785768, -0.02178955078125, -0.15351080894470215, 1.031919240951538, 0.014534473419189453, -0.8409624099731445, -0.010374784469604492, 0.9686272430419922, 0.15326751598178556, -5.3558918881488555, -4.075468416015656, -0.1954594473707223
336, 1763487962.099506, -0.02179694175720215, -0.15758895874023438, 1.0404281616210938, 0.014534473419189453, -0.8448522090911865, -0.01040196418762207, 0.9686119842529297, 0.15328071432428103, -5.355880221347068, -4.07545013560469, -0.19546554151192286
337, 1763487962.122096, -0.02178215980529785, -0.16115140914916992, 1.0479941368103027, 0.014534473419189453, -0.8490796089172363, -0.01042032241821289, 0.968619613647461, 0.15327622663899143, -5.355899232813299, -4.075439143346428, -0.19548121174229927
338, 1763487962.1440132, -0.021804332733154297, -0.16550229489803314, 1.056870460510254, 0.014534473419189453, -0.8543574810028076, -0.01040196418762207, 0.9686348724365235, 0.15328195725905258, -5.355909770155634, -4.075440521410831, -0.19551434552313918
339, 1763487962.167167, -0.02178955078125, -0.16904973983764648, 1.064140796661377, 0.014534473419189453, -0.8590140342712402, -0.01042938232421875, 0.9686348724365235, 0.15329649217457586, -5.355899466663554, -4.07544036651089, -0.19551778502636186
340, 1763487962.1902158, -0.02178215980529785, -0.17283320426940918, 1.0718746185302734, 0.014534473419189453, -0.8636527061462402, -0.010411262512207031, 0.968642578125, 0.1533062011932158, -5.355917776925048, -4.0754393019434465, -0.19551514841378204
341, 1763487962.211522, -0.021775007247924805, -0.17727279663085938, 1.0811026096343994, 0.014525175094604492, -0.8680171966552734, -0.01040196418762207, 0.968642578125, 0.15332878080847678, -5.355925342358384, -4.0754287487411025, -0.19550317939039452
342, 1763487962.234381, -0.021775007247924805, -0.1819777488708496, 1.0910415649414062, 0.014543533325195312, -0.872847318649292, -0.010392904281616211, 0.968650131225586, 0.153360656396356, -5.355904497239335, -4.07541279103968, -0.19548813842889068
343, 1763487962.258226, -0.02178215980529785, -0.18570208549499512, 1.098799228668213, 0.014543533325195312, -0.8758056163787842, -0.01040196418762207, 0.9686272430419922, 0.1533756904436071, -5.355920789280774, -4.075412896723793, -0.19546479039692954
344, 1763487962.277984, -0.02178955078125, -0.190643310546875, 1.1092414855957031, 0.014525175094604492, -0.8813116550445557, -0.01042032241821289, 0.968619613647461, 0.153432634855022, -5.355931417699361, -4.075408418035324, -0.19546022262670615
345, 1763487962.3050702, -0.021775007247924805, -0.19602704048156738, 1.120866298675537, 0.014534473419189453, -0.8882236480712891, -0.01042938232421875, 0.9686578369140625, 0.15349688862798416, -5.355926840639031, -4.075407571502782, -0.19543982584116026
346, 1763487962.320974, -0.02178215980529785, -0.19890332221984863, 1.1270420551300049, 0.014525175094604492, -0.8916659355163574, -0.01042032241821289, 0.968642578125, 0.1535284413418928, -5.355935224266428, -4.0754109309138355, -0.19544087560289736
347, 1763487962.344509, -0.021759986877441406, -0.20335769653320312, 1.1363098621368408, 0.014534473419189453, -0.8969070911407471, -0.010383844375610352, 0.968642578125, 0.15357670635114673, -5.355948220628821, -4.0754216330559725, -0.19543512779022443
348, 1763487962.3742678, -0.02174520492553711, -0.20842432975769043, 1.1465363502502441, 0.014561891555786133, -0.9015364646911621, -0.01042032241821289, 0.9686272430419922, 0.1536628257670748, -5.3559636847217105, -4.075423544075896, -0.19542055499776723
349, 1763487962.389301, -0.02174520492553711, -0.21121953427791595, 1.1523528099060059, 0.014543533325195312, -0.9046957492828369, -0.010383844375610352, 0.9686272430419922, 0.15369987188640166, -5.355982341923534, -4.075434072768815, -0.1954072035280241
350, 1763487962.4134579, -0.02174520492553711, -0.21570324897766113, 1.1616525650024414, 0.014543533325195312, -0.9090967178344727, -0.010374784469604492, 0.9686272430419922, 0.15376778146647418, -5.356010663896249, -4.075447169864393, -0.1953693207521523
351, 1763487962.4560819, -0.021752595901489258, -0.22135256230831146, 1.1736845970153809, 0.014552593231201172, -0.9159722328186035, -0.01040196418762207, 0.9686348724365235, 0.15388437529058374, -5.356026252581667, -4.075442341370726, -0.19538534255585116
352, 1763487962.4734652, -0.021738052368164062, -0.22742199897766113, 1.186699628829956, 0.014543533325195312, -0.9239983558654785, -0.010383844375610352, 0.9686653900146485, 0.1539873120835873, -5.356049804606663, -4.075459995925986, -0.19540048094167695
353, 1763487962.486569, -0.021730661392211914, -0.23014330863952637, 1.1921484470367432, 0.014525175094604492, -0.9263906478881836, -0.010411262512207031, 0.9686348724365235, 0.15404293472758224, -5.356053148297064, -4.075463823187472, -0.19541928768742345
354, 1763487962.511997, -0.021730661392211914, -0.23371289670467377, 1.1996026039123535, 0.014543533325195312, -0.9301252365112305, -0.010411262512207031, 0.968619613647461, 0.15409595129978904, -5.356066491777383, -4.0754761766261165, -0.19546240852834806
355, 1763487962.534272, -0.021730661392211914, -0.2384621948003769, 1.209437608718872, 0.014552593231201172, -0.9350740909576416, -0.01040196418762207, 0.9686272430419922, 0.15416367675817755, -5.3560871014320215, -4.075499435752181, -0.19548244301988227
356, 1763487962.549475, -0.021738052368164062, -0.24116897583007812, 1.2150063514709473, 0.014534473419189453, -0.9375393390655518, -0.01040196418762207, 0.9686348724365235, 0.1542210716070206, -5.356092860595539, -4.075506201577628, -0.19550537149734204
357, 1763487962.577436, -0.021715879440307617, -0.24602890014648438, 1.2252569198608398, 0.014534473419189453, -0.9430816173553467, -0.010392904281616211, 0.9686348724365235, 0.15430590365455132, -5.3561165450521955, -4.075530378291536, -0.1955259535872953
358, 1763487962.596735, -0.02170085906982422, -0.2494213581085205, 1.2321677207946777, 0.014543533325195312, -0.9465970993041992, -0.01040196418762207, 0.9686043548583985, 0.15435549048121266, -5.356157536757234, -4.075573136756056, -0.19554926335418887
359, 1763487962.620151, -0.021641969680786133, -0.2542300224304199, 1.2417070865631104, 0.014534473419189453, -0.9525961875915527, -0.010383844375610352, 0.9686348724365235, 0.1544606594521739, -5.356171435646968, -4.07563993090279, -0.19558753363792203
360, 1763487962.643067, -0.02166438102722168, -0.25823450088500977, 1.2496087551116943, 0.014534473419189453, -0.9563944339752197, -0.010374784469604492, 0.968619613647461, 0.15456253661901376, -5.356157637585937, -4.075697898732662, -0.19559800466633348
361, 1763487962.6686609, -0.02162003517150879, -0.2640237808227539, 1.2604504823684692, 0.014543533325195312, -0.9616720676422119, -0.010383844375610352, 0.9686348724365235, 0.15466916786348683, -5.356235474588727, -4.07582254698274, -0.19557861700759993
362, 1763487962.686937, -0.0215609073638916, -0.2669370174407959, 1.2658913135528564, 0.014534473419189453, -0.964320182800293, -0.01040196418762207, 0.9686348724365235, 0.15475923403083114, -5.356226213339849, -4.075884711739457, -0.19557224724179534
363, 1763487962.7128131, -0.021538734436035156, -0.27266716957092285, 1.276149868965149, 0.014561891555786133, -0.9689860343933105, -0.010392904281616211, 0.9686348724365235, 0.15493634221286146, -5.356205595367562, -4.076048207341752, -0.19551826977362108
364, 1763487962.735633, -0.021538734436035156, -0.277416467666626, 1.2844189405441284, 0.014552593231201172, -0.9727752208709717, -0.010383844375610352, 0.9686348724365235, 0.15507185546776858, -5.356245977539087, -4.0762532594201275, -0.19550124408235892
365, 1763487962.7556999, -0.021531343460083008, -0.2823357582092285, 1.2929037809371948, 0.014543533325195312, -0.9768750667572021, -0.010392904281616211, 0.968650131225586, 0.1552461647165989, -5.356295919812491, -4.07644938701913, -0.19548383886719467
366, 1763487962.777808, -0.021465063095092773, -0.2864212989807129, 1.3000624179840088, 0.014534473419189453, -0.9806277751922607, -0.010392904281616211, 0.968642578125, 0.15538210282597198, -5.356323113886641, -4.076622246165647, -0.19548324395672356
367, 1763487962.802426, -0.02143549919128418, -0.29306626319885254, 1.3116551637649536, 0.014543533325195312, -0.9870102405548096, -0.01040196418762207, 0.968642578125, 0.15561085860454638, -5.356337249958104, -4.0769104164193095, -0.19549877059818854
368, 1763487962.826198, -0.02139878273010254, -0.29761648178100586, 1.3192371129989624, 0.014543533325195312, -0.9896855354309082, -0.010392904281616211, 0.9686348724365235, 0.1557977437767578, -5.356254103248223, -4.077088513123585, -0.1954769712841138
369, 1763487962.849688, -0.021420717239379883, -0.30210018157958984, 1.3264755010604858, 0.014543533325195312, -0.9933836460113525, -0.010411262512207031, 0.9686653900146485, 0.15590637498237747, -5.356308047249751, -4.077328285434712, -0.19540315170215283
370, 1763487962.8742669, -0.02122187614440918, -0.30845022201538086, 1.336965799331665, 0.014543533325195312, -0.9975745677947998, -0.010383844375610352, 0.968642578125, 0.15603104518684385, -5.3564409553912835, -4.077690455072375, -0.1954579344810874
371, 1763487962.888288, -0.021103620529174805, -0.3110463619232178, 1.3412960767745972, 0.014534473419189453, -0.9991543292999268, -0.010392904281616211, 0.9686348724365235, 0.15611272851921232, -5.35637264104622, -4.077811020698682, -0.1954583101991858
372, 1763487962.912197, -0.0211331844329834, -0.3162674903869629, 1.3501085042953491, 0.014543533325195312, -1.0035459995269775, -0.010374784469604492, 0.9686272430419922, 0.15625363001813164, -5.356316150923516, -4.078053145261389, -0.19534488265736005
373, 1763487962.935573, -0.021155118942260742, -0.32128262519836426, 1.358585238456726, 0.014580011367797852, -1.0073812007904053, -0.010392904281616211, 0.9686272430419922, 0.1562793386539587, -5.356527200507079, -4.078345441353794, -0.19534800764059135
374, 1763487962.9596338, -0.02100062370300293, -0.32505130767822266, 1.3649688959121704, 0.014570951461791992, -1.0110790729522705, -0.010383844375610352, 0.9686272430419922, 0.15640933595062212, -5.3564493850819295, -4.078479625970028, -0.19542037419997982
375, 1763487962.9785259, -0.021147727966308594, -0.33056020736694336, 1.3745003938674927, 0.014552593231201172, -1.0165483951568604, -0.010383844375610352, 0.9686348724365235, 0.15656054897131455, -5.356366598087839, -4.078745322023953, -0.19532298175341012
376, 1763487963.0021088, -0.021192073822021484, -0.33550140261650085, 1.383081078529358, 0.014580011367797852, -1.021049976348877, -0.010392904281616211, 0.968642578125, 0.1565445653021822, -5.356696811754069, -4.079066656336707, -0.19538515093248066
377, 1763487963.0210712, -0.021066904067993164, -0.33914443850517273, 1.3894407749176025, 0.014589071273803711, -1.0228214263916016, -0.010383844375610352, 0.9686272430419922, 0.15671443168251686, -5.356593792117526, -4.079174228878477, -0.19551719294603132
378, 1763487963.047856, -0.02112579345703125, -0.34389400482177734, 1.3978136777877808, 0.014543533325195312, -1.026427984237671, -0.010383844375610352, 0.9686348724365235, 0.15692679553991884, -5.356340548155761, -4.0793215223500034, -0.19547496877239912
379, 1763487963.0692182, -0.02130270004272461, -0.3479650020599365, 1.4048124551773071, 0.014570951461791992, -1.0302538871765137, -0.010383844375610352, 0.968642578125, 0.15684471320719373, -5.35674395043507, -4.079642446708694, -0.1954591824196319
380, 1763487963.086346, -0.0211184024810791, -0.3518073558807373, 1.410940408706665, 0.014598369598388672, -1.0323538780212402, -0.01040196418762207, 0.9686348724365235, 0.15693603237379683, -5.356864380395178, -4.079819529785732, -0.19560112820323905
381, 1763487963.112475, -0.021044492721557617, -0.35749340057373047, 1.4201921224594116, 0.014525175094604492, -1.0367276668548584, -0.010347366333007812, 0.9686348724365235, 0.1573170264259629, -5.356346087157761, -4.080007816385914, -0.19554305469478805
382, 1763487963.1369312, -0.021295547485351562, -0.36283278465270996, 1.4283015727996826, 0.014607429504394531, -1.0412383079528809, -0.010374784469604492, 0.9686272430419922, 0.1572572936433807, -5.356790793413273, -4.080455936177099, -0.19535983375474508
383, 1763487963.1544929, -0.02120685577392578, -0.3667488098144531, 1.43451726436615, 0.01462554931640625, -1.0447993278503418, -0.010374784469604492, 0.968642578125, 0.15727579982723028, -5.357123892076916, -4.080701684935363, -0.19538002267599008
384, 1763487963.177566, -0.020941495895385742, -0.371866911649704, 1.4428584575653076, 0.014580011367797852, -1.0488989353179932, -0.010347366333007812, 0.968642578125, 0.15766367399326575, -5.356610117837428, -4.08082922627453, -0.19537233014898447
385, 1763487963.198533, -0.02117013931274414, -0.376343697309494, 1.4500089883804321, 0.014589071273803711, -1.0515835285186768, -0.010356426239013672, 0.9686348724365235, 0.15773204811055608, -5.356618091814513, -4.081102332537906, -0.1951941151151324
386, 1763487963.2213771, -0.02121424674987793, -0.38097500801086426, 1.457343339920044, 0.014634847640991211, -1.0552542209625244, -0.010356426239013672, 0.968642578125, 0.1576303436572699, -5.357173846729705, -4.081450270767542, -0.19521175612462383
387, 1763487963.248082, -0.020919322967529297, -0.3870887756347656, 1.4668347835540771, 0.014580011367797852, -1.0580663681030273, -0.010365486145019531, 0.9686272430419922, 0.15797475476701595, -5.356765859314793, -4.081623575084454, -0.19537132474183316
388, 1763487963.270679, -0.021059513092041016, -0.39153575897216797, 1.4736098051071167, 0.014598369598388672, -1.0611159801483154, -0.010365486145019531, 0.9686272430419922, 0.15805535976249485, -5.356703624147607, -4.081851474096296, -0.19532827832758937
389, 1763487963.290752, -0.02112579345703125, -0.3958131968975067, 1.4803611040115356, 0.014634847640991211, -1.0647592544555664, -0.010365486145019531, 0.9686578369140625, 0.15791310750886278, -5.357262549097519, -4.082174690911399, -0.19538584327894526
390, 1763487963.315991, -0.02094888687133789, -0.40151429176330566, 1.4892374277114868, 0.014589071273803711, -1.0682563781738281, -0.010347366333007812, 0.9686348724365235, 0.1582522051684344, -5.356814593646775, -4.082312271461874, -0.1955197333409
391, 1763487963.3367438, -0.021147727966308594, -0.40615296363830566, 1.4961721897125244, 0.014607429504394531, -1.0716257095336914, -0.010347366333007812, 0.9686348724365235, 0.1583500390215259, -5.356701231480122, -4.082535793520717, -0.19542180532358522
392, 1763487963.3611782, -0.021111249923706055, -0.4109687805175781, 1.5034106969833374, 0.01465296745300293, -1.0761089324951172, -0.010338068008422852, 0.968642578125, 0.15819050336603946, -5.357325095429234, -4.082918309366162, -0.19551297256174038
393, 1763487963.388448, -0.020793914794921875, -0.41579198837280273, 1.510601282119751, 0.01461648941040039, -1.0791678428649902, -0.010347366333007812, 0.9686348724365235, 0.15842504760608733, -5.357097200727039, -4.083075170614674, -0.19562250452808616
394, 1763487963.403648, -0.020882606506347656, -0.42096924781799316, 1.5184708833694458, 0.01461648941040039, -1.0830025672912598, -0.010356426239013672, 0.968650131225586, 0.15867409872967897, -5.356698782806291, -4.083264137600647, -0.1954983391305456
395, 1763487963.437428, -0.020970821380615234, -0.42782044410705566, 1.5282660722732544, 0.014662027359008789, -1.0867645740509033, -0.010392904281616211, 0.968642578125, 0.15847489985411212, -5.357434690113382, -4.083778987383681, -0.19546093399808662
396, 1763487963.44928, -0.020874977111816406, -0.4306967258453369, 1.5323725938796997, 0.014634847640991211, -1.0880975723266602, -0.010383844375610352, 0.9686348724365235, 0.15861670883357903, -5.3572741285980525, -4.083868959169984, -0.19548576712122934
397, 1763487963.465732, -0.020838260650634766, -0.4355418384075165, 1.5394991636276245, 0.01461648941040039, -1.0909557342529297, -0.010365486145019531, 0.968650131225586, 0.15892548918274851, -5.3567314384450135, -4.084011454233987, -0.19541984743863772
398, 1763487963.490228, -0.02098560333251953, -0.4413313865661621, 1.5476244688034058, 0.01464390754699707, -1.093576192855835, -0.010365486145019531, 0.9686348724365235, 0.1587718831207945, -5.357268046822948, -4.084462203027339, -0.19536517335572245
399, 1763487963.515189, -0.020845651626586914, -0.4470689296722412, 1.5557976961135864, 0.01465296745300293, -1.0965344905853271, -0.010356426239013672, 0.9686348724365235, 0.15885494454262716, -5.357338250789195, -4.084781110160641, -0.19550345762383436
400, 1763487963.5391989, -0.020749568939208984, -0.45178890228271484, 1.5628284215927124, 0.014598369598388672, -1.0999677181243896, -0.010329008102416992, 0.968642578125, 0.1591933159114034, -5.35674704508667, -4.084901893396937, -0.19546731831726483
401, 1763487963.5610502, -0.021015167236328125, -0.45702505111694336, 1.5702027082443237, 0.01467132568359375, -1.1038758754730225, -0.010319948196411133, 0.9686348724365235, 0.15899159786920936, -5.357344149970405, -4.085338698874543, -0.19537175735545098
402, 1763487963.581128, -0.02077198028564453, -0.4615974426269531, 1.576874017715454, 0.01467132568359375, -1.1076469421386719, -0.010338068008422852, 0.9686272430419922, 0.1590225399696229, -5.357460294351837, -4.085591902608766, -0.19551637878594175
403, 1763487963.602646, -0.020661354064941406, -0.4663247764110565, 1.583625078201294, 0.01462554931640625, -1.1106235980987549, -0.010338068008422852, 0.9686348724365235, 0.15937512091914408, -5.356805318049207, -4.0856585054028205, -0.19549715983278393
404, 1763487963.625854, -0.02091193199157715, -0.4720625877380371, 1.5911511182785034, 0.01465296745300293, -1.1141116619110107, -0.010365486145019531, 0.968642578125, 0.15924237993297008, -5.357185008235365, -4.086061250008739, -0.19536621380532093
405, 1763487963.6488042, -0.02077198028564453, -0.4778296947479248, 1.5989649295806885, 0.01467132568359375, -1.1173253059387207, -0.010347366333007812, 0.968650131225586, 0.15920367329679153, -5.357547686164203, -4.086436671725872, -0.19543523460893475
406, 1763487963.6714811, -0.020617008209228516, -0.48320603370666504, 1.606490969657898, 0.014607429504394531, -1.1192705631256104, -0.010292530059814453, 0.9686272430419922, 0.15958475844316433, -5.356851656028074, -4.086513589857399, -0.1954478880993218
407, 1763487963.6903172, -0.020786523818969727, -0.48701879382133484, 1.6118918657302856, 0.01464390754699707, -1.121772289276123, -0.010319948196411133, 0.968642578125, 0.1594991916902021, -5.3570503632742525, -4.08678904622302, -0.1953786755129343
408, 1763487963.717139, -0.020720243453979492, -0.4922475814819336, 1.6194020509719849, 0.01469874382019043, -1.1248857975006104, -0.010301589965820312, 0.9686272430419922, 0.15935585540629027, -5.3575758294850235, -4.087202145949099, -0.19547486312473605
409, 1763487963.739438, -0.020432472229003906, -0.49745437502861023, 1.6272556781768799, 0.01461648941040039, -1.12788987159729, -0.010329008102416992, 0.968642578125, 0.15972907318579455, -5.356934982404514, -4.087283110065169, -0.195532100277938
410, 1763487963.7581608, -0.02068328857421875, -0.5021669864654541, 1.6339269876480103, 0.01465296745300293, -1.1306746006011963, -0.010310888290405273, 0.968642578125, 0.15967872814981898, -5.357074076777349, -4.087609586376058, -0.19542170990987273
411, 1763487963.7812889, -0.020661354064941406, -0.5069973468780518, 1.64067804813385, 0.014707803726196289, -1.1336150169372559, -0.010301589965820312, 0.9686348724365235, 0.1595366432109575, -5.357604258539425, -4.088014996549891, -0.19548820128345312
412, 1763487963.8017752, -0.020388364791870117, -0.511953592300415, 1.647628903388977, 0.01464390754699707, -1.1370482444763184, -0.010292530059814453, 0.968642578125, 0.15981604020417217, -5.357151566744816, -4.088135929700657, -0.19557358722166374
413, 1763487963.825092, -0.02046942710876465, -0.5177204608917236, 1.655074954032898, 0.01464390754699707, -1.140627384185791, -0.010338068008422852, 0.9686348724365235, 0.15990272475428857, -5.35696578451027, -4.0884547825564646, -0.19546048943352812
414, 1763487963.862088, -0.02051377296447754, -0.5233919620513916, 1.6623934507369995, 0.014725923538208008, -1.1439054012298584, -0.010338068008422852, 0.968642578125, 0.15969379277746398, -5.357676620673703, -4.088969956225977, -0.19550881269886844
415, 1763487963.874592, -0.020270109176635742, -0.529144287109375, 1.6698235273361206, 0.014662027359008789, -1.1458134651184082, -0.010292530059814453, 0.9686348724365235, 0.15997391043645948, -5.357228303678437, -4.089140414419475, -0.1955864032193091
416, 1763487963.893621, -0.02028512954711914, -0.5335693359375, 1.6753922700881958, 0.014598369598388672, -1.147904872894287, -0.010319948196411133, 0.9686272430419922, 0.16011978729647713, -5.356963181826677, -4.0893587139398555, -0.19548133309110494
417, 1763487963.916485, -0.02055811882019043, -0.539196252822876, 1.6826227903366089, 0.014689445495605469, -1.150963306427002, -0.010301589965820312, 0.968642578125, 0.15991838666014813, -5.357659308440851, -4.089893925143438, -0.19541797243475845
418, 1763487963.936418, -0.020344018936157227, -0.5433261394500732, 1.6881115436553955, 0.01469874382019043, -1.1532645225524902, -0.010338068008422852, 0.968642578125, 0.1600325996235592, -5.3576480554207775, -4.090079756246169, -0.1955366753538632
419, 1763487963.959879, -0.02015972137451172, -0.5494253635406494, 1.6961568593978882, 0.01464390754699707, -1.1556661128997803, -0.010283470153808594, 0.9686272430419922, 0.16033558377304236, -5.35706693083388, -4.090289494172866, -0.1955395910167681
420, 1763487963.981076, -0.020314455032348633, -0.5534079074859619, 1.7012463808059692, 0.014689445495605469, -1.1582226753234863, -0.010310888290405273, 0.968650131225586, 0.1602222542811702, -5.357450407475045, -4.0906307670700865, -0.19551788239084544
421, 1763487964.0026329, -0.020167112350463867, -0.558673620223999, 1.7084208726882935, 0.014707803726196289, -1.1614091396331787, -0.010310888290405273, 0.968619613647461, 0.16022203172645566, -5.357781980414018, -4.0909707136562465, -0.19565440876735263
422, 1763487964.024541, -0.020034313201904297, -0.5642342567443848, 1.7160028219223022, 0.01464390754699707, -1.1643767356872559, -0.010301589965820312, 0.9686348724365235, 0.16053254446832965, -5.3572311477372025, -4.0911378194411, -0.19566249775469124
423, 1763487964.0520551, -0.020344018936157227, -0.569249153137207, 1.7224582433700562, 0.01468038558959961, -1.1674904823303223, -0.010283470153808594, 0.9686272430419922, 0.16050397956850582, -5.357438179318144, -4.091508948197802, -0.19556914592245533
424, 1763487964.071288, -0.02028512954711914, -0.5748612880706787, 1.7298966646194458, 0.014707803726196289, -1.1718366146087646, -0.010310888290405273, 0.9686578369140625, 0.1604843390553845, -5.357840324232556, -4.091905288939725, -0.19564176440150582
425, 1763487964.090587, -0.020078659057617188, -0.5790061950683594, 1.7353054285049438, 0.01467132568359375, -1.173142433166504, -0.010256052017211914, 0.9686348724365235, 0.1606874079223043, -5.357509259320794, -4.092045544391966, -0.19567962007848827
426, 1763487964.115436, -0.02007126808166504, -0.5841093063354492, 1.742240309715271, 0.01465296745300293, -1.176009178161621, -0.010256052017211914, 0.968642578125, 0.16078798021877105, -5.357385211548715, -4.092323264163995, -0.19561703172793798
427, 1763487964.137096, -0.02001214027404785, -0.5883944034576416, 1.748152494430542, 0.014707803726196289, -1.1789770126342773, -0.010301589965820312, 0.968650131225586, 0.16067784196948753, -5.357823552929067, -4.0926224329894305, -0.195641796182918
428, 1763487964.162584, -0.019835233688354492, -0.593991756439209, 1.7560621500015259, 0.01467132568359375, -1.1815428733825684, -0.010283470153808594, 0.9686348724365235, 0.16088504088264366, -5.357540237248038, -4.092792178747349, -0.19567141961585044
429, 1763487964.1846259, -0.019960641860961914, -0.598365306854248, 1.7623099088668823, 0.01464390754699707, -1.1836793422698975, -0.010256052017211914, 0.9686348724365235, 0.16102743898723637, -5.3573339172952865, -4.092946216394194, -0.19553340222287652
430, 1763487964.203619, -0.020122766494750977, -0.6027162075042725, 1.7684377431869507, 0.01469874382019043, -1.1857609748840332, -0.010237693786621094, 0.9686272430419922, 0.16093295089763637, -5.357811483743764, -4.093210304819408, -0.1954599672436741
431, 1763487964.2230022, -0.019997596740722656, -0.6063005924224854, 1.7737587690353394, 0.014725923538208008, -1.1888015270233154, -0.010265111923217773, 0.968650131225586, 0.16099151195084482, -5.357895651468393, -4.093344668620101, -0.19553805831547955
432, 1763487964.2562401, -0.019901514053344727, -0.6118981838226318, 1.782307505607605, 0.01465296745300293, -1.1916048526763916, -0.010228633880615234, 0.968619613647461, 0.1613633600683536, -5.357320567739224, -4.093389842204302, -0.1954616283316586
433, 1763487964.2676458, -0.020130157470703125, -0.6145827770233154, 1.7863662242889404, 0.01468038558959961, -1.1940703392028809, -0.010210275650024414, 0.968650131225586, 0.16134940317259827, -5.357495722256074, -4.093507367485162, -0.19533992416073875
434, 1763487964.290717, -0.02010822296142578, -0.618727445602417, 1.7928775548934937, 0.014735221862792969, -1.1983342170715332, -0.010219335556030273, 0.968650131225586, 0.1612862383847503, -5.357986419174346, -4.093692490467849, -0.19537907606338667
435, 1763487964.316374, -0.019776344299316406, -0.6230123043060303, 1.799500823020935, 0.01468038558959961, -1.2016034126281738, -0.010246753692626953, 0.968642578125, 0.16161392983430733, -5.357557433941946, -4.093618913312419, -0.19551558275635195
436, 1763487964.347082, -0.02010059356689453, -0.6284034252166748, 1.8081775903701782, 0.014716863632202148, -1.2070996761322021, -0.010237693786621094, 0.968642578125, 0.16170703158864208, -5.3577528310390115, -4.09370962014857, -0.19533810646036276
437, 1763487964.362846, -0.02011561393737793, -0.6297972202301025, 1.8104625940322876, 0.014744281768798828, -1.208268642425537, -0.010246753692626953, 0.968650131225586, 0.16165878204438267, -5.358001624354675, -4.093778445286276, -0.19536461366431634
438, 1763487964.3809102, -0.019864559173583984, -0.6329977512359619, 1.8158475160598755, 0.014707803726196289, -1.2100768089294434, -0.010237693786621094, 0.9686348724365235, 0.16183129959262466, -5.357978047806163, -4.093729528402561, -0.1955445992746805
439, 1763487964.402473, -0.019761323928833008, -0.6366114616394043, 1.8221032619476318, 0.01465296745300293, -1.2132267951965332, -0.010219335556030273, 0.9686272430419922, 0.1621610039400353, -5.357452450669258, -4.093548422203377, -0.19557079842287362
440, 1763487964.424309, -0.020004987716674805, -0.6393842697143555, 1.8273361921310425, 0.01469874382019043, -1.2166416645050049, -0.010237693786621094, 0.9686578369140625, 0.16213105751378865, -5.357806142316569, -4.09361292377295, -0.19542106275678428
441, 1763487964.4455109, -0.01989436149597168, -0.6427991390228271, 1.8334323167800903, 0.014735221862792969, -1.2192440032958984, -0.010237693786621094, 0.9686348724365235, 0.16216761377671884, -5.358171833412312, -4.093627334397063, -0.19554331529959335
442, 1763487964.474699, -0.019695043563842773, -0.6463830471038818, 1.840614914894104, 0.01468038558959961, -1.2228050231933594, -0.010191917419433594, 0.9686348724365235, 0.16257701124602586, -5.357594452250951, -4.0933942453322345, -0.19560173885979815
443, 1763487964.488721, -0.01984262466430664, -0.6481459140777588, 1.8444019556045532, 0.01468038558959961, -1.225726842880249, -0.010200977325439453, 0.968650131225586, 0.16260717670476166, -5.357681496110534, -4.093412255873026, -0.195496593995367
444, 1763487964.514987, -0.019916296005249023, -0.6512877941131592, 1.8505297899246216, 0.014735221862792969, -1.2292149066925049, -0.010182857513427734, 0.9686348724365235, 0.16250915694457868, -5.358236465417506, -4.093546299683414, -0.19547529100352
445, 1763487964.5377018, -0.019695043563842773, -0.6545028686523438, 1.8568254709243774, 0.014689445495605469, -1.2332141399383545, -0.010182857513427734, 0.9686348724365235, 0.16276099027114255, -5.357906404481113, -4.0934042818675165, -0.1956143696357504
446, 1763487964.569442, -0.019768714904785156, -0.6574086546897888, 1.862186312675476, 0.01467132568359375, -1.2362546920776367, -0.010164499282836914, 0.9686348724365235, 0.1629090783432794, -5.357703135142118, -4.093357194920582, -0.19557265045822714
447, 1763487964.5814772, -0.01985001564025879, -0.6598718166351318, 1.8672597408294678, 0.014707803726196289, -1.2390668392181396, -0.010173797607421875, 0.968642578125, 0.16282722299888075, -5.358050312384828, -4.09343250926506, -0.1955252688006155
448, 1763487964.60318, -0.01966571807861328, -0.6628365516662598, 1.8731878995895386, 0.014716863632202148, -1.242609977722168, -0.010155439376831055, 0.9686578369140625, 0.16291195816049642, -5.358097043738476, -4.093399330560669, -0.1956160427503102
449, 1763487964.619655, -0.01962137222290039, -0.6645476818084717, 1.8767832517623901, 0.014689445495605469, -1.2440435886383057, -0.010155439376831055, 0.9686348724365235, 0.1630484791267358, -5.357887888186998, -4.093341062009408, -0.1956290068287645
450, 1763487964.6459, -0.0197908878326416, -0.6667747497558594, 1.8822239637374878, 0.01469874382019043, -1.2474124431610107, -0.010137319564819336, 0.968642578125, 0.16309335450313533, -5.357978624978746, -4.093319877789188, -0.19551317446626548
451, 1763487964.672617, -0.01965808868408203, -0.6694521903991699, 1.889078974723816, 0.014707803726196289, -1.2520420551300049, -0.010128021240234375, 0.968642578125, 0.16313600047998578, -5.358069360457116, -4.0932524801611185, -0.1955341160101174
452, 1763487964.6862028, -0.019613981246948242, -0.6708753108978271, 1.8925703763961792, 0.014689445495605469, -1.2538039684295654, -0.010118961334228516, 0.9686272430419922, 0.1632241941684287, -5.357932780373442, -4.093208497434887, -0.19552769926314628
453, 1763487964.709368, -0.01967310905456543, -0.6728739738464355, 1.8975239992141724, 0.014716863632202148, -1.256917953491211, -0.010118961334228516, 0.968642578125, 0.16325409550962533, -5.358008638226444, -4.093212377775679, -0.19549800114744276
454, 1763487964.731372, -0.01966571807861328, -0.6747915148735046, 1.902589201927185, 0.014725923538208008, -1.2603964805603027, -0.010109901428222656, 0.9686348724365235, 0.1632351390463772, -5.35814944900216, -4.093213415613955, -0.19552761020456355
455, 1763487964.7620218, -0.019695043563842773, -0.6773653030395508, 1.9097718000411987, 0.014716863632202148, -1.265500545501709, -0.010128021240234375, 0.968642578125, 0.16335229129814943, -5.357956786836418, -4.093133804936656, -0.19552508353908493
456, 1763487964.776469, -0.019695043563842773, -0.6789140701293945, 1.9140461683273315, 0.01469874382019043, -1.2683587074279785, -0.010118961334228516, 0.9686348724365235, 0.1633418448247803, -5.358045750277035, -4.0931350968022615, -0.1955415848515072
457, 1763487964.7971299, -0.01965808868408203, -0.6807279586791992, 1.918344497680664, 0.014707803726196289, -1.2710249423980713, -0.010137319564819336, 0.968642578125, 0.1633064729841196, -5.358179995011817, -4.093144882468405, -0.1955740861143216
458, 1763487964.8186162, -0.01962137222290039, -0.683265209197998, 1.9242488145828247, 0.014689445495605469, -1.2739925384521484, -0.010128021240234375, 0.968642578125, 0.16341277680960842, -5.35805293676262, -4.093088381839234, -0.1955934878613581
459, 1763487964.842975, -0.019680261611938477, -0.6853079199790955, 1.929258108139038, 0.01467132568359375, -1.2772066593170166, -0.010137319564819336, 0.9686348724365235, 0.16345158615289335, -5.358048292496256, -4.093065882027746, -0.19558458116489152
460, 1763487964.874885, -0.019650697708129883, -0.6879479885101318, 1.9357296228408813, 0.014716863632202148, -1.2805664539337158, -0.010128021240234375, 0.9686348724365235, 0.1634350440712583, -5.3581796334037834, -4.093054925241911, -0.19559150179317797
461, 1763487964.883473, -0.01962137222290039, -0.6893345713615417, 1.939348816871643, 0.014716863632202148, -1.2829954624176025, -0.010118961334228516, 0.9686578369140625, 0.1634974691332638, -5.358094000203005, -4.093021997813322, -0.19557883255876618
462, 1763487964.906658, -0.01962876319885254, -0.6914953589439392, 1.945029377937317, 0.014707803726196289, -1.2866935729980469, -0.010109901428222656, 0.9686348724365235, 0.16353366681709947, -5.358084785565066, -4.093007563858831, -0.19554700573479966
463, 1763487964.9374661, -0.01965808868408203, -0.6940841674804688, 1.9519802331924438, 0.01469874382019043, -1.2909209728240967, -0.010091543197631836, 0.968642578125, 0.1635092201316216, -5.358189540938129, -4.093020268041486, -0.1955397399043557
464, 1763487964.9492328, -0.019643306732177734, -0.6950576305389404, 1.9547605514526367, 0.01469874382019043, -1.292792797088623, -0.010100841522216797, 0.9686272430419922, 0.16355930333510926, -5.358121971427794, -4.092997159140569, -0.19555723400043235
465, 1763487964.972903, -0.019636154174804688, -0.6969752311706543, 1.960401177406311, 0.014707803726196289, -1.2974767684936523, -0.010082483291625977, 0.9686578369140625, 0.16358382659524173, -5.358093755247226, -4.092990556980927, -0.19555946752435283
466, 1763487964.990837, -0.019606590270996094, -0.6984498500823975, 1.9644757509231567, 0.014725923538208008, -1.2998418807983398, -0.010082483291625977, 0.9686348724365235, 0.16354909593791966, -5.358183569960938, -4.09300636465173, -0.19557233502980154
467, 1763487965.014375, -0.019591808319091797, -0.7004928588867188, 1.9699965715408325, 0.01469874382019043, -1.303302526473999, -0.010073423385620117, 0.9686272430419922, 0.16359224590812327, -5.358111560518619, -4.092981032885439, -0.19557445528119466
468, 1763487965.038826, -0.019598960876464844, -0.7024474143981934, 1.9754294157028198, 0.014707803726196289, -1.3065528869628906, -0.010064363479614258, 0.968650131225586, 0.16361755480676488, -5.358084718697268, -4.092977265090581, -0.1955547411462062
469, 1763487965.0725381, -0.0195770263671875, -0.7047336101531982, 1.9815412759780884, 0.01469874382019043, -1.3098859786987305, -0.010046005249023438, 0.968650131225586, 0.16360029451000124, -5.3581624049068, -4.0929892489206825, -0.19554810644230347
470, 1763487965.082716, -0.019555091857910156, -0.7062528133392334, 1.985663890838623, 0.01469874382019043, -1.3124334812164307, -0.010036945343017578, 0.9686348724365235, 0.16363978797425194, -5.358097484216946, -4.092962297328776, -0.19555143647233209
471, 1763487965.099551, -0.019555091857910156, -0.7077646255493164, 1.989850401878357, 0.014716863632202148, -1.3153188228607178, -0.010046005249023438, 0.9686653900146485, 0.16366781297740085, -5.358082931085429, -4.092960425741701, -0.19554064465602572
472, 1763487965.1233149, -0.019547462463378906, -0.7099032402038574, 1.9954110383987427, 0.014716863632202148, -1.3184049129486084, -0.010018587112426758, 0.9686578369140625, 0.1636571510273761, -5.35816791437563, -4.09296249189786, -0.19553194359775894
473, 1763487965.147646, -0.019525527954101562, -0.7119829654693604, 2.0011794567108154, 0.014716863632202148, -1.3224682807922363, -0.010036945343017578, 0.968642578125, 0.163731935237188, -5.358119309319917, -4.092926733302436, -0.1955500673239703
474, 1763487965.1710699, -0.01949596405029297, -0.7138857841491699, 2.0062289237976074, 0.014707803726196289, -1.3257644176483154, -0.010027647018432617, 0.9686272430419922, 0.16377587473848687, -5.358121966501699, -4.0929187580685555, -0.19555679594378805
475, 1763487965.1905081, -0.019481182098388672, -0.715449333190918, 2.010479211807251, 0.014716863632202148, -1.3287773132324219, -0.010018587112426758, 0.968642578125, 0.16378456780587491, -5.358192831480626, -4.092912338594341, -0.19557479778236964
476, 1763487965.2102752, -0.019459009170532227, -0.7173299193382263, 2.015432834625244, 0.014707803726196289, -1.3324391841888428, -0.010027647018432617, 0.9686348724365235, 0.16384541144321352, -5.358182398078113, -4.092881829158041, -0.19557559365432908
477, 1763487965.232919, -0.01945185661315918, -0.7194094657897949, 2.021017551422119, 0.014707803726196289, -1.3354887962341309, -0.010027647018432617, 0.9686348724365235, 0.16391568215792351, -5.3581750451536845, -4.092855129655397, -0.19557485358044602
478, 1763487965.255033, -0.01945185661315918, -0.7213048338890076, 2.025866985321045, 0.01469874382019043, -1.3382370471954346, -0.010000467300415039, 0.9686272430419922, 0.16395127615024951, -5.3582295585172215, -4.092837796461905, -0.1955441341782782
479, 1763487965.280279, -0.019422054290771484, -0.723214864730835, 2.0311717987060547, 0.01469874382019043, -1.342008113861084, -0.009963750839233398, 0.968650131225586, 0.16402722983402562, -5.358220597446732, -4.0928166890122855, -0.19556129210198936
480, 1763487965.300205, -0.01940011978149414, -0.724830150604248, 2.035789966583252, 0.014707803726196289, -1.3447380065917969, -0.009991168975830078, 0.968650131225586, 0.16407192729592823, -5.358225548940078, -4.092800792860125, -0.19557800777591794
481, 1763487965.3217359, -0.01940751075744629, -0.7265705466270447, 2.041015148162842, 0.01469874382019043, -1.348043441772461, -0.010000467300415039, 0.9686348724365235, 0.16411085313926088, -5.358268740943589, -4.092790611188458, -0.19559014249384887
482, 1763487965.344862, -0.019370555877685547, -0.728252112865448, 2.0461602210998535, 0.014707803726196289, -1.3514494895935059, -0.009963750839233398, 0.9686348724365235, 0.16416870501329583, -5.3582416327878954, -4.092782653586125, -0.19560292298939164
483, 1763487965.3678951, -0.0193483829498291, -0.7294394373893738, 2.050027370452881, 0.014716863632202148, -1.3541886806488037, -0.009982109069824219, 0.9686578369140625, 0.16418750825563655, -5.358243229320634, -4.092769216518301, -0.19559710250814621
484, 1763487965.390971, -0.019296884536743164, -0.7307817935943604, 2.054565191268921, 0.014707803726196289, -1.3582792282104492, -0.009945392608642578, 0.968642578125, 0.16420139087982932, -5.3582665375011915, -4.092755001061867, -0.19558373864320622
485, 1763487965.410729, -0.019282102584838867, -0.7322492599487305, 2.05910325050354, 0.014725923538208008, -1.3613290786743164, -0.009936332702636719, 0.968642578125, 0.16424355388747292, -5.358267663121567, -4.092750272498985, -0.19557960893705761
486, 1763487965.433005, -0.01926708221435547, -0.7341151237487793, 2.064352512359619, 0.014716863632202148, -1.3647074699401855, -0.009917974472045898, 0.9686348724365235, 0.16428282643738024, -5.358257619301422, -4.092734629192125, -0.19555783754748823
487, 1763487965.453132, -0.019252538681030273, -0.7360179424285889, 2.0697293281555176, 0.014707803726196289, -1.3681039810180664, -0.0098724365234375, 0.9686348724365235, 0.16432889336448908, -5.358278080674859, -4.092721722983563, -0.19552958064363235
488, 1763487965.475361, -0.019215822219848633, -0.7377139925956726, 2.0744428634643555, 0.014707803726196289, -1.3705785274505615, -0.009908914566040039, 0.9686348724365235, 0.16437985452780313, -5.358281812663744, -4.092702383622033, -0.19551694194236813
489, 1763487965.49952, -0.019193649291992188, -0.7395283579826355, 2.079859733581543, 0.014725923538208008, -1.3741118907928467, -0.00986337661743164, 0.9686348724365235, 0.16442068180973402, -5.3582929180776695, -4.092673895704095, -0.19552536089158323
490, 1763487965.521471, -0.01918625831604004, -0.7412245273590088, 2.0846776962280273, 0.014725923538208008, -1.37748122215271, -0.009890556335449219, 0.968642578125, 0.164460766481488, -5.358300090701901, -4.092652491130962, -0.19549501418611204
491, 1763487965.54097, -0.01914191246032715, -0.74289870262146, 2.089543342590332, 0.014716863632202148, -1.3801016807556152, -0.0098724365234375, 0.968642578125, 0.16454557676127335, -5.358307443675509, -4.092640430286984, -0.19549914004980984
492, 1763487965.562183, -0.019134521484375, -0.7444252967834473, 2.0936975479125977, 0.014716863632202148, -1.3827040195465088, -0.00986337661743164, 0.9686272430419922, 0.1646049769959279, -5.358323119358509, -4.092618115511196, -0.19550767317661233
493, 1763487965.5893838, -0.019112586975097656, -0.746327817440033, 2.099274158477783, 0.014716863632202148, -1.3868403434753418, -0.00986337661743164, 0.9686348724365235, 0.16467065875662845, -5.358350465941587, -4.092609914092133, -0.19551014418603252
494, 1763487965.605095, -0.019097566604614258, -0.7480242252349854, 2.1040360927581787, 0.014725923538208008, -1.3902921676635742, -0.00984501838684082, 0.9686348724365235, 0.16475279749531258, -5.358354244789502, -4.092589582610993, -0.1955264909991703
495, 1763487965.627896, -0.019075632095336914, -0.7497942447662354, 2.109333038330078, 0.014707803726196289, -1.3944191932678223, -0.00986337661743164, 0.9686578369140625, 0.16481970577952199, -5.35837411148032, -4.0925710988198745, -0.195533997974346
496, 1763487965.652231, -0.019031286239624023, -0.7515788078308105, 2.1145102977752686, 0.014716863632202148, -1.397578477859497, -0.0098724365234375, 0.9686578369140625, 0.16487854071038, -5.35840168771446, -4.092551125568961, -0.19556310154047996
497, 1763487965.675906, -0.01900935173034668, -0.7531497478485107, 2.1194639205932617, 0.014725923538208008, -1.4009478092193604, -0.00988149642944336, 0.968619613647461, 0.16493007594120312, -5.358400268723108, -4.092535386312467, -0.1955746292016114
498, 1763487965.7058449, -0.018950223922729492, -0.7546396255493164, 2.124281406402588, 0.014744281768798828, -1.404207468032837, -0.00985407829284668, 0.9686272430419922, 0.1649501412482025, -5.358406102650407, -4.092531069830551, -0.19559218299631986
499, 1763487965.728114, -0.018898725509643555, -0.7559816837310791, 2.1286115646362305, 0.014725923538208008, -1.4072206020355225, -0.00984501838684082, 0.968642578125, 0.1649692681363606, -5.358423391066303, -4.09252807603249, -0.1955882326542202
500, 1763487965.741642, -0.018876314163208008, -0.7570953369140625, 2.1323189735412598, 0.014716863632202148, -1.4095489978790283, -0.00986337661743164, 0.968619613647461, 0.16500254459448105, -5.358418537050598, -4.0925230579303085, -0.19556919848517396
501, 1763487965.766088, -0.018839597702026367, -0.7586958408355713, 2.1378955841064453, 0.014735221862792969, -1.4138221740722656, -0.00984501838684082, 0.9686348724365235, 0.16503064752159569, -5.358425128685781, -4.092510714578955, -0.19557878377824078
502, 1763487965.8027232, -0.018802642822265625, -0.7605984210968018, 2.1445107460021973, 0.014707803726196289, -1.4183235168457031, -0.00984501838684082, 0.9686272430419922, 0.16508081237474437, -5.358430599699766, -4.092493144785097, -0.19556596587175434
503, 1763487965.8260329, -0.01878809928894043, -0.7615718841552734, 2.1478824615478516, 0.014725923538208008, -1.421144962310791, -0.009835958480834961, 0.9686348724365235, 0.1651039515905579, -5.358428283402352, -4.092488929427286, -0.19553842126817944
504, 1763487965.844243, -0.018773317337036133, -0.7624201774597168, 2.1504950523376465, 0.014707803726196289, -1.4226605892181396, -0.009808540344238281, 0.968619613647461, 0.1651232315467306, -5.358439512238921, -4.092488695663032, -0.1955401439981177
505, 1763487965.85467, -0.018773317337036133, -0.7634966373443604, 2.15395450592041, 0.014735221862792969, -1.4248158931732178, -0.009799480438232422, 0.9686348724365235, 0.16515760535018564, -5.358456150180472, -4.092484844717344, -0.19554682734144624
506, 1763487965.874084, -0.018765687942504883, -0.7643744349479675, 2.157197952270508, 0.014735221862792969, -1.4276554584503174, -0.00981760025024414, 0.968642578125, 0.16519491006432152, -5.358460903280827, -4.09246691327571, -0.195569486312257
507, 1763487965.908139, -0.018721580505371094, -0.7658567428588867, 2.161856174468994, 0.014725923538208008, -1.4309606552124023, -0.009753704071044922, 0.9686272430419922, 0.16525433843433546, -5.3584682742097955, -4.092454730015969, -0.19556907783306698
508, 1763487965.930089, -0.01869940757751465, -0.7666459083557129, 2.1642370223999023, 0.014735221862792969, -1.432722806930542, -0.009753704071044922, 0.9686272430419922, 0.16529059909477573, -5.358476865800992, -4.092451248652296, -0.19556394301407032
509, 1763487965.9390872, -0.018662691116333008, -0.7676045298576355, 2.1671371459960938, 0.014725923538208008, -1.4344851970672607, -0.009744644165039062, 0.9686348724365235, 0.16534825065075776, -5.358476225575767, -4.092438767555568, -0.19556747756974158
510, 1763487965.962503, -0.018662691116333008, -0.7684969902038574, 2.170109272003174, 0.014725923538208008, -1.436776876449585, -0.009735584259033203, 0.968642578125, 0.16539289586964068, -5.358488274898565, -4.092428867292488, -0.19559349738012966
511, 1763487965.983847, -0.01864767074584961, -0.7699573040008545, 2.174726963043213, 0.014735221862792969, -1.4398908615112305, -0.009717226028442383, 0.9686272430419922, 0.16546702265620217, -5.358520588230888, -4.092419994135037, -0.19559253015081346
512, 1763487966.003616, -0.018633127212524414, -0.7708715796470642, 2.177779197692871, 0.014735221862792969, -1.4419724941253662, -0.009689807891845703, 0.9686578369140625, 0.1655267526425559, -5.358531629256203, -4.092406542935612, -0.19560476081294453
513, 1763487966.023925, -0.01861095428466797, -0.7719264030456543, 2.181342363357544, 0.014735221862792969, -1.4441640377044678, -0.009671688079833984, 0.968642578125, 0.16560018649986175, -5.358548436980425, -4.092398610285222, -0.19560951256276748
514, 1763487966.048815, -0.018573999404907227, -0.7731578350067139, 2.1855926513671875, 0.014744281768798828, -1.4478802680969238, -0.009680747985839844, 0.968642578125, 0.16567360166226874, -5.358578876424145, -4.09239584516412, -0.19562099135490385
515, 1763487966.072236, -0.018573999404907227, -0.7744338512420654, 2.189659357070923, 0.014725923538208008, -1.4504826068878174, -0.009662389755249023, 0.9686348724365235, 0.16575767287122023, -5.358598143190487, -4.092387043029012, -0.19560730697858109
516, 1763487966.091011, -0.018552064895629883, -0.7754220962524414, 2.193270683288574, 0.014753341674804688, -1.453732967376709, -0.009671688079833984, 0.9686348724365235, 0.16582182505282395, -5.358597160758685, -4.092379647565033, -0.1956186237783637
517, 1763487966.1225758, -0.018500328063964844, -0.7769486904144287, 2.198415756225586, 0.014753341674804688, -1.457531452178955, -0.009671688079833984, 0.968642578125, 0.16592334648212226, -5.3586141458804715, -4.09237708939019, -0.1956764769820296
518, 1763487966.143135, -0.018485546112060547, -0.7776713371276855, 2.2009165287017822, 0.014725923538208008, -1.4594762325286865, -0.009680747985839844, 0.9686348724365235, 0.16596768183990263, -5.358622774812484, -4.09237392197988, -0.19570761686926375
519, 1763487966.156172, -0.01847076416015625, -0.7786891460418701, 2.204375982284546, 0.014725923538208008, -1.4612295627593994, -0.009662389755249023, 0.9686272430419922, 0.1660279364504631, -5.358630633357405, -4.092371200341918, -0.19573947865504238
520, 1763487966.1902652, -0.0184633731842041, -0.7802450060844421, 2.2094333171844482, 0.014725923538208008, -1.465383768081665, -0.009625911712646484, 0.9686578369140625, 0.16612839918987687, -5.358656269866042, -4.092380349442628, -0.19577876949514827
521, 1763487966.21214, -0.018433809280395508, -0.7814030051231384, 2.21298885345459, 0.014725923538208008, -1.4669725894927979, -0.009625911712646484, 0.9686348724365235, 0.16619264526017863, -5.358673761169899, -4.092383117549559, -0.19576934406073043
522, 1763487966.22865, -0.018419265747070312, -0.782059371471405, 2.2150421142578125, 0.014744281768798828, -1.468780755996704, -0.009625911712646484, 0.968642578125, 0.1662402777280968, -5.358673949039487, -4.092377739110248, -0.19575355727884336
523, 1763487966.246748, -0.018397092819213867, -0.7832248210906982, 2.2191085815429688, 0.014725923538208008, -1.4717845916748047, -0.009634971618652344, 0.9686272430419922, 0.16631067604796468, -5.358686924118973, -4.092379970080056, -0.19571545582046834
524, 1763487966.268109, -0.018404483795166016, -0.7840433120727539, 2.222104549407959, 0.014735221862792969, -1.4742681980133057, -0.009653329849243164, 0.968650131225586, 0.16636675973573312, -5.358708719241376, -4.092383029936383, -0.19568994132129625
525, 1763487966.288322, -0.01838970184326172, -0.7850167751312256, 2.225947618484497, 0.014744281768798828, -1.4766972064971924, -0.009607553482055664, 0.968650131225586, 0.1664396852181086, -5.358721988864586, -4.0923833521974595, -0.19563387736728544
526, 1763487966.312887, -0.018404483795166016, -0.7860860228538513, 2.229910373687744, 0.014744281768798828, -1.4794728755950928, -0.009571075439453125, 0.9686348724365235, 0.16650635656492363, -5.358735689273766, -4.092386984097284, -0.1956034835937448
527, 1763487966.327316, -0.018397092819213867, -0.786794126033783, 2.232914447784424, 0.014753341674804688, -1.4827690124511719, -0.009552955627441406, 0.968673095703125, 0.16655873967515844, -5.358760199452658, -4.0923903609836625, -0.19560116371443037
528, 1763487966.356123, -0.01838970184326172, -0.787848711013794, 2.2368693351745605, 0.014735221862792969, -1.4857091903686523, -0.009543657302856445, 0.968650131225586, 0.16663127805335454, -5.358774303699224, -4.092396253361451, -0.19559296265502812
529, 1763487966.374562, -0.018397092819213867, -0.7886157035827637, 2.2397854328155518, 0.014735221862792969, -1.487480640411377, -0.009525537490844727, 0.968642578125, 0.16668740719055664, -5.358795228531869, -4.092402841205865, -0.1956255901827646
530, 1763487966.39297, -0.018382549285888672, -0.7895376086235046, 2.2433087825775146, 0.014725923538208008, -1.490868091583252, -0.009498119354248047, 0.9686578369140625, 0.1667551412658711, -5.35883290681592, -4.092410169476987, -0.1956838954254021
531, 1763487966.4207208, -0.01834559440612793, -0.7907323241233826, 2.2477829456329346, 0.014753341674804688, -1.4932239055633545, -0.009461641311645508, 0.9686348724365235, 0.1668495838901497, -5.3588525362003505, -4.092407700780865, -0.19573925657076785
532, 1763487966.44278, -0.018315792083740234, -0.7913813591003418, 2.2511305809020996, 0.014744281768798828, -1.4958171844482422, -0.009461641311645508, 0.968642578125, 0.1669275169110005, -5.358862463104417, -4.0923987075040476, -0.1957615299660418
533, 1763487966.457957, -0.01825690269470215, -0.79207444190979, 2.254030704498291, 0.014725923538208008, -1.4976067543029785, -0.009434223175048828, 0.9686348724365235, 0.16700203388753554, -5.358887318709898, -4.092392659066157, -0.19578011265812556
534, 1763487966.4863548, -0.01824212074279785, -0.7933797240257263, 2.2589282989501953, 0.014735221862792969, -1.5015969276428223, -0.009434223175048828, 0.968642578125, 0.16712269302265448, -5.358926023894407, -4.092394611357978, -0.19577011880863893
535, 1763487966.502625, -0.018227577209472656, -0.7940363883972168, 2.2613730430603027, 0.014753341674804688, -1.5027656555175781, -0.009406805038452148, 0.9686348724365235, 0.16718558865035482, -5.358938362521205, -4.092394010694226, -0.195770308589597
536, 1763487966.522597, -0.018220186233520508, -0.7948253154754639, 2.264688730239868, 0.014744281768798828, -1.5050482749938965, -0.009443283081054688, 0.968642578125, 0.16725596613916172, -5.35896006743503, -4.092389570169885, -0.1957476523707209
537, 1763487966.5484018, -0.018212556838989258, -0.7955260276794434, 2.2679882049560547, 0.014744281768798828, -1.5082623958587646, -0.009406805038452148, 0.968650131225586, 0.1673057113513743, -5.358968135654394, -4.092389437888056, -0.1957147224221485
538, 1763487966.569191, -0.018212556838989258, -0.7965657114982605, 2.2718472480773926, 0.014744281768798828, -1.511047124862671, -0.009388446807861328, 0.968650131225586, 0.16737920347247426, -5.358983891556211, -4.092399664794564, -0.19570390678520422
539, 1763487966.587683, -0.018212556838989258, -0.7974138259887695, 2.275282621383667, 0.014753341674804688, -1.5138323307037354, -0.009406805038452148, 0.9686348724365235, 0.16744173196956036, -5.358996157036672, -4.092407908611513, -0.19569119552445535
540, 1763487966.6193511, -0.018198013305664062, -0.7986750602722168, 2.2802600860595703, 0.014735221862792969, -1.5185894966125488, -0.009388446807861328, 0.968650131225586, 0.16750031228361195, -5.358997466711816, -4.092415498059582, -0.19571736216584767
541, 1763487966.6389189, -0.018175840377807617, -0.7994863390922546, 2.2832722663879395, 0.014753341674804688, -1.5203423500061035, -0.009379386901855469, 0.9686348724365235, 0.16753876440202586, -5.359001489087803, -4.092418304979814, -0.1957287141426125
542, 1763487966.6543748, -0.018161296844482422, -0.800091028213501, 2.285820722579956, 0.014753341674804688, -1.522451639175415, -0.00937032699584961, 0.968650131225586, 0.16757557818404123, -5.359004665545399, -4.0924203287246765, -0.19573998132935166
543, 1763487966.673395, -0.018138885498046875, -0.8010129928588867, 2.289368152618408, 0.014735221862792969, -1.52467942237854, -0.00937032699584961, 0.968642578125, 0.16761334604295053, -5.359003510261686, -4.092421806058693, -0.1957555138683631
544, 1763487966.693467, -0.018087387084960938, -0.8017578125, 2.2928595542907715, 0.014762639999389648, -1.527674674987793, -0.009351968765258789, 0.968650131225586, 0.16764984496580826, -5.359013621417006, -4.09242481524152, -0.19574954681484869
545, 1763487966.725781, -0.0180356502532959, -0.8029820322990417, 2.297860860824585, 0.014753341674804688, -1.5306787490844727, -0.009379386901855469, 0.968650131225586, 0.16772736259385224, -5.359029499088493, -4.092423401625071, -0.1957275160304155
546, 1763487966.754997, -0.017954587936401367, -0.8038079738616943, 2.3013923168182373, 0.014753341674804688, -1.5331346988677979, -0.009333610534667969, 0.9686272430419922, 0.16778247237425925, -5.3590311212954855, -4.09243274730792, -0.1957064701064155
547, 1763487966.7641401, -0.017873287200927734, -0.8045382499694824, 2.3044283390045166, 0.014753341674804688, -1.5358009338378906, -0.009351968765258789, 0.968642578125, 0.16784400438550406, -5.359042778361997, -4.092428801510619, -0.19569684415134514
548, 1763487966.78975, -0.01781439781188965, -0.8053271770477295, 2.307847738265991, 0.014744281768798828, -1.5379102230072021, -0.009333610534667969, 0.968642578125, 0.1679252314952282, -5.359061145973994, -4.092423145368295, -0.19567841390984952
549, 1763487966.827635, -0.01772594451904297, -0.8067507743835449, 2.314183473587036, 0.014744281768798828, -1.5433704853057861, -0.00931549072265625, 0.9686348724365235, 0.16807997590266954, -5.359082306169787, -4.092422115350468, -0.1956902789561914
550, 1763487966.8398101, -0.017688989639282227, -0.8073480129241943, 2.3166282176971436, 0.014762639999389648, -1.5456531047821045, -0.009306192398071289, 0.968650131225586, 0.16814747622509085, -5.359105619639668, -4.092420463084084, -0.19571932536008507
551, 1763487966.8628962, -0.017667055130004883, -0.8081369400024414, 2.3199198246002197, 0.014753341674804688, -1.5483283996582031, -0.00929713249206543, 0.968650131225586, 0.1682309304041789, -5.3591260937527165, -4.0924164680483175, -0.19573959509304473
552, 1763487966.8899488, -0.017652034759521484, -0.8089925646781921, 2.3239786624908447, 0.014753341674804688, -1.551898717880249, -0.00926971435546875, 0.968650131225586, 0.16832704280994826, -5.359146544737925, -4.092416401398142, -0.1957583932773428
553, 1763487966.8976488, -0.017652034759521484, -0.8093760013580322, 2.3257522583007812, 0.014762639999389648, -1.5532865524291992, -0.00926065444946289, 0.9686578369140625, 0.16837557623036226, -5.359156496835507, -4.092413566737526, -0.19575345147072376
554, 1763487966.9251719, -0.017622709274291992, -0.8104233741760254, 2.3293395042419434, 0.014744281768798828, -1.553469181060791, -0.00926065444946289, 0.968642578125, 0.16844241250846004, -5.359178988912236, -4.092419839333583, -0.1957344433172894
555, 1763487966.943211, -0.017615318298339844, -0.8108953833580017, 2.3312010765075684, 0.014753341674804688, -1.553469181060791, -0.009215116500854492, 0.9686578369140625, 0.16847655081583257, -5.359189756214499, -4.092425817829965, -0.19572232998662464
556, 1763487966.971662, -0.0175931453704834, -0.8115515112876892, 2.3344528675079346, 0.014771699905395508, -1.5540080070495605, -0.009187698364257812, 0.968619613647461, 0.16854631168322087, -5.359195798823004, -4.092421189975528, -0.19571513406216923
557, 1763487966.9842691, -0.017571210861206055, -0.8118245005607605, 2.33632230758667, 0.014771699905395508, -1.557021141052246, -0.009187698364257812, 0.9686653900146485, 0.16858441591205942, -5.359202122410445, -4.092423867033333, -0.1957048580582086
558, 1763487967.0094562, -0.01754903793334961, -0.8123998045921326, 2.337768316268921, 0.014762639999389648, -1.5574045181274414, -0.009187698364257812, 0.9686348724365235, 0.16860686118107238, -5.359218454831197, -4.092453808638287, -0.19567838021408335
559, 1763487967.027117, -0.017556428909301758, -0.8126800060272217, 2.338063955307007, 0.014771699905395508, -1.557358741760254, -0.009169340133666992, 0.9686348724365235, 0.1686326593767571, -5.359225405969343, -4.09246899133347, -0.19566372748139482
560, 1763487967.0609338, -0.017571210861206055, -0.8128645420074463, 2.338024139404297, 0.014762639999389648, -1.5574135780334473, -0.009178638458251953, 0.968642578125, 0.16864461191234126, -5.359228020545539, -4.0924820426974495, -0.1956889306341978
561, 1763487967.077648, -0.01754903793334961, -0.8130414485931396, 2.338024139404297, 0.014780759811401367, -1.557358741760254, -0.009160280227661133, 0.968642578125, 0.1686547026827876, -5.359234587700524, -4.092503360239785, -0.19571532124106206
562, 1763487967.096265, -0.017534255981445312, -0.8131594657897949, 2.3381917476654053, 0.014790058135986328, -1.5573041439056396, -0.009105443954467773, 0.968642578125, 0.1687022485859614, -5.359238891984864, -4.092512951921572, -0.1957520133942534
563, 1763487967.119946, -0.01754903793334961, -0.8131816387176514, 2.338263750076294, 0.014753341674804688, -1.5572948455810547, -0.009132862091064453, 0.9686348724365235, 0.16872483209065547, -5.359239022850872, -4.092519548602084, -0.19577888447513736
564, 1763487967.133402, -0.017534255981445312, -0.8131963610649109, 2.3382956981658936, 0.014780759811401367, -1.5573406219482422, -0.009151220321655273, 0.968642578125, 0.16873709125559622, -5.3592505204422345, -4.092525168009652, -0.19579014014211982
565, 1763487967.159462, -0.017497539520263672, -0.8132479190826416, 2.3382956981658936, 0.014780759811401367, -1.5573134422302246, -0.009123802185058594, 0.968642578125, 0.16877551311018424, -5.359254863750695, -4.092522813369807, -0.1957895410895354
566, 1763487967.184891, -0.017489910125732422, -0.813270092010498, 2.3382956981658936, 0.014780759811401367, -1.5573134422302246, -0.009087085723876953, 0.968642578125, 0.168792576409188, -5.359254967241396, -4.092519812244594, -0.19577802457562488
567, 1763487967.195018, -0.017482519149780273, -0.813270092010498, 2.338303804397583, 0.014771699905395508, -1.5573315620422363, -0.009105443954467773, 0.9686348724365235, 0.1687912122496007, -5.359256743553514, -4.092527391614996, -0.1957848515726397
568, 1763487967.215081, -0.017482519149780273, -0.8132848143577576, 2.338319778442383, 0.014790058135986328, -1.5572857856750488, -0.009078025817871094, 0.968642578125, 0.1687989988616535, -5.359263402784784, -4.092533481078526, -0.19577892473889236
569, 1763487967.2463932, -0.017482519149780273, -0.8132994174957275, 2.3383357524871826, 0.014771699905395508, -1.5572948455810547, -0.009078025817871094, 0.9686272430419922, 0.168811005421606, -5.3592563744545485, -4.092535586852064, -0.1957658453943525
570, 1763487967.276767, -0.017489910125732422, -0.8133070468902588, 2.338343620300293, 0.014771699905395508, -1.5572857856750488, -0.009087085723876953, 0.9686578369140625, 0.16880915531335927, -5.359253438892128, -4.0925429131038475, -0.1957658771938
571, 1763487967.291955, -0.017482519149780273, -0.8133141994476318, 2.338343620300293, 0.014771699905395508, -1.5572857856750488, -0.009068965911865234, 0.968642578125, 0.16881579374132694, -5.359256501683146, -4.092547139913568, -0.19575420057979986
572, 1763487967.314005, -0.017489910125732422, -0.8133141994476318, 2.338343620300293, 0.014762639999389648, -1.5572948455810547, -0.009023189544677734, 0.968642578125, 0.1688172932053823, -5.359259071295502, -4.092544558363272, -0.19575698800039554
573, 1763487967.3398569, -0.017489910125732422, -0.8133289217948914, 2.3383517265319824, 0.014780759811401367, -1.5572857856750488, -0.009032487869262695, 0.9686348724365235, 0.16882653175047968, -5.359257183603037, -4.0925537545314015, -0.195747449905201
574, 1763487967.3648698, -0.017482519149780273, -0.8133511543273926, 2.3383595943450928, 0.014762639999389648, -1.5573134422302246, -0.009023189544677734, 0.968642578125, 0.16883595776877502, -5.359261631067346, -4.092550036720897, -0.19577651687069064
575, 1763487967.379749, -0.017497539520263672, -0.8133511543273926, 2.3383677005767822, 0.014780759811401367, -1.5573041439056396, -0.009014129638671875, 0.968642578125, 0.16882726712494134, -5.359260369176168, -4.092552659167637, -0.19579116539765806
576, 1763487967.3977191, -0.017497539520263672, -0.8133511543273926, 2.3383677005767822, 0.014780759811401367, -1.5572948455810547, -0.009005069732666016, 0.968642578125, 0.1688233650121922, -5.359262527713591, -4.092553148692188, -0.19576828715755212
577, 1763487967.416994, -0.017482519149780273, -0.8133511543273926, 2.338383674621582, 0.014762639999389648, -1.557267665863037, -0.009005069732666016, 0.968619613647461, 0.16882727560960764, -5.359267618724126, -4.092556305268561, -0.1957575446186981
578, 1763487967.4444852, -0.017482519149780273, -0.8133511543273926, 2.3383755683898926, 0.014771699905395508, -1.5572583675384521, -0.008968591690063477, 0.968642578125, 0.16883304427215884, -5.359268335170848, -4.092553229942195, -0.19573657058396154
579, 1763487967.4723032, -0.017482519149780273, -0.8133659362792969, 2.338383674621582, 0.014762639999389648, -1.5573315620422363, -0.008941173553466797, 0.968650131225586, 0.16882947089412514, -5.359266047542299, -4.092557717246264, -0.1957358146369259
580, 1763487967.4873369, -0.017489910125732422, -0.8133732676506042, 2.338383674621582, 0.014771699905395508, -1.5573134422302246, -0.008950233459472656, 0.968642578125, 0.1688359154875806, -5.35926584714093, -4.092558538317778, -0.19574355449995284
581, 1763487967.5061162, -0.017497539520263672, -0.8133732676506042, 2.338383674621582, 0.014753341674804688, -1.5572857856750488, -0.008941173553466797, 0.968642578125, 0.16884234217800742, -5.359264791867881, -4.092554302386385, -0.1957311049304291
582, 1763487967.525702, -0.017497539520263672, -0.8133878707885742, 2.3383915424346924, 0.014771699905395508, -1.5572857856750488, -0.008913755416870117, 0.968642578125, 0.16884360087359584, -5.359268348662855, -4.092559343620423, -0.19573153221190775
583, 1763487967.555697, -0.017497539520263672, -0.8133807182312012, 2.3383915424346924, 0.014762639999389648, -1.5572948455810547, -0.008886337280273438, 0.968642578125, 0.16885047552292054, -5.35927670648057, -4.092557684413644, -0.19572309042924907
584, 1763487967.582, -0.017489910125732422, -0.8133807182312012, 2.338399648666382, 0.014771699905395508, -1.5573041439056396, -0.008868217468261719, 0.968642578125, 0.16885186040416378, -5.3592602584772715, -4.092552804410502, -0.1957145967288696
585, 1763487967.590579, -0.017497539520263672, -0.8133878707885742, 2.338399648666382, 0.014762639999389648, -1.5572948455810547, -0.008785724639892578, 0.9686348724365235, 0.16884781623523504, -5.359260560870614, -4.0925598034911275, -0.19570939296924017
586, 1763487967.610755, -0.01750469207763672, -0.8133878707885742, 2.338399648666382, 0.014780759811401367, -1.5573041439056396, -0.008795022964477539, 0.968650131225586, 0.16884402631196627, -5.3592584155593626, -4.092562771570874, -0.19568143609933397
587, 1763487967.64472, -0.017519474029541016, -0.8133878707885742, 2.338407516479492, 0.014762639999389648, -1.5572948455810547, -0.008749246597290039, 0.9686348724365235, 0.1688582309954444, -5.359251756570128, -4.092558828672095, -0.1956818198438075
588, 1763487967.653402, -0.017512083053588867, -0.8134028911590576, 2.3384156227111816, 0.014762639999389648, -1.557267665863037, -0.00873112678527832, 0.9686348724365235, 0.1688589579567903, -5.359251185098296, -4.092558900052769, -0.19568578311341334
589, 1763487967.6758242, -0.017512083053588867, -0.8134028911590576, 2.3384156227111816, 0.014771699905395508, -1.5572948455810547, -0.0087127685546875, 0.968650131225586, 0.1688656855603652, -5.359246615299613, -4.092560303522107, -0.19568847510454646
590, 1763487967.7135308, -0.017534255981445312, -0.8134176135063171, 2.338423490524292, 0.014771699905395508, -1.5573134422302246, -0.008676290512084961, 0.968642578125, 0.16887744537445903, -5.359245213606902, -4.092557698404884, -0.19570632452215975
591, 1763487967.737686, -0.017534255981445312, -0.8134176135063171, 2.338423490524292, 0.014771699905395508, -1.5572948455810547, -0.008639812469482422, 0.968650131225586, 0.16887063629859533, -5.359237388479683, -4.092562572020507, -0.19571605242380308
592, 1763487967.766637, -0.017534255981445312, -0.813424825668335, 2.338423490524292, 0.014771699905395508, -1.557276725769043, -0.008621692657470703, 0.9686348724365235, 0.1688700065885177, -5.359232813040248, -4.092560535691293, -0.19570696598742732
593, 1763487967.786953, -0.01754140853881836, -0.813424825668335, 2.338439464569092, 0.014790058135986328, -1.5573041439056396, -0.008584976196289062, 0.968642578125, 0.16887989224191458, -5.3592426235274075, -4.092562617090014, -0.19571117413601957
594, 1763487967.796177, -0.01754140853881836, -0.813424825668335, 2.338423490524292, 0.014762639999389648, -1.557276725769043, -0.008548498153686523, 0.9686348724365235, 0.1688834997030313, -5.359239827235595, -4.092561204315458, -0.19570020153829937
595, 1763487967.819144, -0.01754903793334961, -0.813424825668335, 2.338439464569092, 0.014771699905395508, -1.5573134422302246, -0.008548498153686523, 0.968642578125, 0.16887718997563705, -5.359236822121167, -4.092559593067403, -0.1957033409390423
596, 1763487967.843912, -0.01754140853881836, -0.813424825668335, 2.3384475708007812, 0.014771699905395508, -1.5572948455810547, -0.008548498153686523, 0.968642578125, 0.16889169746061916, -5.359233298036656, -4.092560196305614, -0.19570426334577995
597, 1763487967.871747, -0.017556428909301758, -0.8134469985961914, 2.3384315967559814, 0.014771699905395508, -1.557276725769043, -0.008548498153686523, 0.968650131225586, 0.16889875030826396, -5.359231490033162, -4.092561557772229, -0.19569802580230178
598, 1763487967.88966, -0.017563819885253906, -0.8134469985961914, 2.3384475708007812, 0.014762639999389648, -1.5572948455810547, -0.008512020111083984, 0.9686348724365235, 0.16890348902515018, -5.359235401455324, -4.092556323383981, -0.19570190739069027
599, 1763487967.910478, -0.0175783634185791, -0.8134543299674988, 2.3384475708007812, 0.014790058135986328, -1.5572948455810547, -0.008521080017089844, 0.9686348724365235, 0.16891287485320916, -5.359240624991794, -4.092557443160462, -0.1957158042103817
600, 1763487967.925503, -0.017563819885253906, -0.8134469985961914, 2.3384554386138916, 0.014762639999389648, -1.5572948455810547, -0.008530139923095703, 0.968650131225586, 0.168915239514561, -5.359236761074064, -4.092560972292565, -0.19573202512276566
601, 1763487967.942431, -0.017563819885253906, -0.8134543299674988, 2.3384554386138916, 0.014780759811401367, -1.5572857856750488, -0.008521080017089844, 0.968642578125, 0.1689124833460911, -5.359227007549566, -4.092562285016227, -0.19572020743498175
602, 1763487967.98392, -0.017563819885253906, -0.8134691715240479, 2.338463544845581, 0.014762639999389648, -1.5572948455810547, -0.008512020111083984, 0.968650131225586, 0.16892744335601295, -5.359231466442874, -4.092557007547076, -0.19571704043866234
603, 1763487967.995842, -0.017563819885253906, -0.8134691715240479, 2.3384714126586914, 0.014771699905395508, -1.557276725769043, -0.008484601974487305, 0.9686578369140625, 0.1689274389188956, -5.359229238893773, -4.09255825757354, -0.19571335709863913
604, 1763487968.0397198, -0.017563819885253906, -0.8134543299674988, 2.3384714126586914, 0.014762639999389648, -1.5573134422302246, -0.008466243743896484, 0.9686578369140625, 0.16891626319181752, -5.359231170346682, -4.092560453438489, -0.19570630742225248
605, 1763487968.0763469, -0.017563819885253906, -0.8134543299674988, 2.3384714126586914, 0.014771699905395508, -1.5573225021362305, -0.008411407470703125, 0.968650131225586, 0.1689209023492627, -5.359234251008198, -4.092561853625119, -0.19572646510682112
606, 1763487968.113129, -0.017556428909301758, -0.8134617209434509, 2.3384714126586914, 0.014762639999389648, -1.5573041439056396, -0.008393287658691406, 0.968650131225586, 0.16891744186653124, -5.359229234811682, -4.092563350776989, -0.19574816334425904
607, 1763487968.1401181, -0.017563819885253906, -0.8134543299674988, 2.338487386703491, 0.014762639999389648, -1.5572948455810547, -0.008393287658691406, 0.9686578369140625, 0.16891316012035873, -5.359238260122118, -4.092563382961814, -0.1957416066973714
608, 1763487968.169206, -0.01754903793334961, -0.8134765625, 2.3384954929351807, 0.014771699905395508, -1.557276725769043, -0.008347749710083008, 0.968642578125, 0.1689202415276072, -5.3592358383195595, -4.092564433350875, -0.19573109742107864
609, 1763487968.180939, -0.01754903793334961, -0.8134765625, 2.3384954929351807, 0.014762639999389648, -1.5572948455810547, -0.008338451385498047, 0.968650131225586, 0.16891860822489924, -5.359246879256942, -4.092561449064337, -0.19574226726583177
610, 1763487968.203465, -0.01754903793334961, -0.8134765625, 2.338487386703491, 0.014799118041992188, -1.5572583675384521, -0.008320331573486328, 0.9686272430419922, 0.16891620758466064, -5.359246303150162, -4.0925617185287555, -0.19576021533382093
611, 1763487968.231151, -0.01754140853881836, -0.8134839534759521, 2.338503360748291, 0.014771699905395508, -1.557267665863037, -0.008329391479492188, 0.9686348724365235, 0.16891569468116518, -5.359242074415726, -4.092563603686968, -0.1957532080854305
612, 1763487968.249151, -0.01754903793334961, -0.8134691715240479, 2.338503360748291, 0.014753341674804688, -1.5572857856750488, -0.008320331573486328, 0.968642578125, 0.16891444258522237, -5.359245096267416, -4.092567180388067, -0.19576540529176878
613, 1763487968.274339, -0.01754140853881836, -0.8134839534759521, 2.3385114669799805, 0.014771699905395508, -1.5572948455810547, -0.008274555206298828, 0.968642578125, 0.1689161432038272, -5.359245723391804, -4.092564814594264, -0.19576269208281705
614, 1763487968.287224, -0.01754140853881836, -0.8134839534759521, 2.3385114669799805, 0.014780759811401367, -1.5572857856750488, -0.008283853530883789, 0.968642578125, 0.16892693477526877, -5.359246024071139, -4.092565486941676, -0.1957593458892557
615, 1763487968.3063722, -0.01754140853881836, -0.8134839534759521, 2.338519334793091, 0.014780759811401367, -1.5573041439056396, -0.008274555206298828, 0.968650131225586, 0.16893048617017825, -5.359248709376622, -4.092562396447173, -0.19577309535545506
616, 1763487968.327699, -0.01754140853881836, -0.8134839534759521, 2.3385274410247803, 0.014762639999389648, -1.5572948455810547, -0.00825643539428711, 0.9686348724365235, 0.16892274820424202, -5.359250437441157, -4.092565499272938, -0.19577180395634208
617, 1763487968.351125, -0.017519474029541016, -0.8135135173797607, 2.3385274410247803, 0.014790058135986328, -1.557267665863037, -0.00825643539428711, 0.968642578125, 0.16893874803646913, -5.35924354097391, -4.092560617811449, -0.19576874086450946
618, 1763487968.377652, -0.017519474029541016, -0.8135135173797607, 2.3385274410247803, 0.014762639999389648, -1.5572948455810547, -0.00825643539428711, 0.9686272430419922, 0.16893144365749324, -5.359243459394353, -4.092560280092906, -0.1957774456161694
619, 1763487968.397114, -0.017526865005493164, -0.8135060667991638, 2.338519334793091, 0.014780759811401367, -1.557267665863037, -0.008238077163696289, 0.9686348724365235, 0.16892129452362936, -5.359243836669103, -4.0925683120669945, -0.1957794123915324
620, 1763487968.4130838, -0.01754140853881836, -0.8135060667991638, 2.3385353088378906, 0.014780759811401367, -1.557276725769043, -0.008228778839111328, 0.968642578125, 0.16892644927249345, -5.359236578727889, -4.092564712501246, -0.19576649842813154
621, 1763487968.4436, -0.017519474029541016, -0.8134984374046326, 2.3385353088378906, 0.014790058135986328, -1.557267665863037, -0.00821065902709961, 0.968642578125, 0.16894066732836832, -5.3592372490795155, -4.092559785007143, -0.1957741375944657
622, 1763487968.463135, -0.017519474029541016, -0.8135135173797607, 2.3385274410247803, 0.014780759811401367, -1.5572948455810547, -0.008192300796508789, 0.968642578125, 0.16892982114038568, -5.359240925576574, -4.092564666062085, -0.1957836714556045
623, 1763487968.4779289, -0.017526865005493164, -0.8134984374046326, 2.33854341506958, 0.014771699905395508, -1.5572948455810547, -0.00821065902709961, 0.9686578369140625, 0.16893363540427742, -5.359244895340618, -4.09256814659038, -0.19577039062509982
624, 1763487968.5278778, -0.017519474029541016, -0.8134984374046326, 2.3385512828826904, 0.014753341674804688, -1.5572857856750488, -0.00817418098449707, 0.968642578125, 0.16894645799598573, -5.359243317625208, -4.092559050084133, -0.19578877767261904
625, 1763487968.5659509, -0.017526865005493164, -0.8135135173797607, 2.3385512828826904, 0.014780759811401367, -1.557276725769043, -0.00816488265991211, 0.968650131225586, 0.16894157431004675, -5.359237059921361, -4.092560547367767, -0.1957797453161092
626, 1763487968.5770721, -0.017519474029541016, -0.8134984374046326, 2.33854341506958, 0.014771699905395508, -1.557276725769043, -0.00815582275390625, 0.968650131225586, 0.168934380468593, -5.359230587633405, -4.092563159254721, -0.1957830766584756
627, 1763487968.5956721, -0.017534255981445312, -0.8134984374046326, 2.3385512828826904, 0.014762639999389648, -1.5572948455810547, -0.00813746452331543, 0.968650131225586, 0.16892945832875006, -5.359229744722453, -4.0925652346608175, -0.19577949722257237
628, 1763487968.6487548, -0.017534255981445312, -0.8135060667991638, 2.33855938911438, 0.014790058135986328, -1.5573134422302246, -0.00814676284790039, 0.9686578369140625, 0.16893935632514245, -5.35922545694926, -4.092561747978668, -0.19577054015633522
629, 1763487968.663442, -0.017534255981445312, -0.8135206699371338, 2.3385512828826904, 0.014771699905395508, -1.5572948455810547, -0.00812840461730957, 0.9686348724365235, 0.1689291298348652, -5.359227037123772, -4.092565791898286, -0.19578913604762516
630, 1763487968.688977, -0.017526865005493164, -0.8135135173797607, 2.33855938911438, 0.014790058135986328, -1.5572948455810547, -0.008091926574707031, 0.968642578125, 0.1689393114118013, -5.359222120452126, -4.092565967979749, -0.1957869158644403
631, 1763487968.7063308, -0.01754140853881836, -0.8135135173797607, 2.3385512828826904, 0.014771699905395508, -1.5572948455810547, -0.008119344711303711, 0.968642578125, 0.16893539730603602, -5.359218187453499, -4.092563044696669, -0.19578922299168244
632, 1763487968.726815, -0.017534255981445312, -0.8135135173797607, 2.33855938911438, 0.014799118041992188, -1.5573041439056396, -0.008082866668701172, 0.9686348724365235, 0.16892178860480178, -5.359220122088797, -4.0925684080676215, -0.19578290173137614
633, 1763487968.738559, -0.017526865005493164, -0.8135060667991638, 2.33855938911438, 0.014780759811401367, -1.5572857856750488, -0.008073806762695312, 0.9686348724365235, 0.16891698994808457, -5.359214223459653, -4.092568498563168, -0.19578030834281002
634, 1763487968.7742121, -0.01754140853881836, -0.8135060667991638, 2.3385672569274902, 0.014780759811401367, -1.5572583675384521, -0.008082866668701172, 0.9686348724365235, 0.16892166534662456, -5.359214063913137, -4.092566012789436, -0.1957710098821419
635, 1763487968.789043, -0.01754140853881836, -0.8135135173797607, 2.33855938911438, 0.014780759811401367, -1.5572857856750488, -0.008064508438110352, 0.968642578125, 0.16890591074719208, -5.359214287595947, -4.092569572532246, -0.19575891341699858
