# Arm joint positions + body pose collected at 100.0 Hz
# Timestamp: 20251117_231308
# Format: timestep, arm0.sh0, arm0.sh1, arm0.el0, arm0.el1, arm0.wr0, arm0.wr1, gripper_open_percentage, body_x, body_y, body_z, body_theta
# Body pose is in odom frame (x, y, z in meters, theta in radians)

0, 2.5510787963867188e-05, -3.1191160678863525, 3.139065742492676, 1.56949782371521, 0.0010470151901245117, -1.5697755813598633, 0.02209484577178955, -1.80257423982591, -5.160975017306792, -3.9482705776477482, -0.21011032122848672
1, 3.2901763916015625e-05, -3.119130849838257, 3.1390576362609863, 1.5695160627365112, 0.0010651350021362305, -1.5697755813598633, 0.0220719575881958, -1.8025709414893758, -5.160973327874768, -3.948268291538412, -0.21011395984608328
2, 4.00543212890625e-05, -3.1191234588623047, 3.139065742492676, 1.56949782371521, 0.0010377168655395508, -1.569793701171875, 0.02207958698272705, -1.802565841694142, -5.16096492041196, -3.948271296079557, -0.2101075249982287
3, 3.2901763916015625e-05, -3.1191160678863525, 3.1390576362609863, 1.569488763809204, 0.0010470151901245117, -1.569812297821045, 0.02206432819366455, -1.8025612476771595, -5.160970812230978, -3.9482707732106213, -0.2101151282603979
4, 3.2901763916015625e-05, -3.1191234588623047, 3.139073610305786, 1.56949782371521, 0.0011017322540283203, -1.5697755813598633, 0.0221024751663208, -1.8025579836029868, -5.16097521714922, -3.948269619289198, -0.2101011517466036
5, 3.2901763916015625e-05, -3.119138240814209, 3.139065742492676, 1.5695160627365112, 0.0010651350021362305, -1.5697755813598633, 0.0221024751663208, -1.802563256018905, -5.160973424329228, -3.948271610203658, -0.21010527708592175
6, 1.811981201171875e-05, -3.119130849838257, 3.139065742492676, 1.5695160627365112, 0.0010377168655395508, -1.5697755813598633, 0.02206432819366455, -1.802565331604105, -5.1609711037593, -3.9482720810461447, -0.21012059984703058
7, 4.00543212890625e-05, -3.1191012859344482, 3.1390576362609863, 1.5695160627365112, 0.0010470151901245117, -1.5697755813598633, 0.0220872163772583, -1.8025668364600318, -5.160967193742329, -3.9482687640644043, -0.21012743018266367
8, 3.2901763916015625e-05, -3.1191160678863525, 3.1390576362609863, 1.56949782371521, 0.0010651350021362305, -1.5697574615478516, 0.02206432819366455, -1.8025628118201595, -5.16096105425386, -3.9482662650806297, -0.2101139177062077
9, 4.00543212890625e-05, -3.1191234588623047, 3.139065742492676, 1.5695070028305054, 0.0010286569595336914, -1.5697755813598633, 0.0220872163772583, -1.8025560959272253, -5.160959949975705, -3.9482690894662107, -0.21011176889301098
10, 3.2901763916015625e-05, -3.119138240814209, 3.1390576362609863, 1.5695070028305054, 0.0010286569595336914, -1.5697755813598633, 0.02209484577178955, -1.8025504484110244, -5.160956052738025, -3.9482688190542374, -0.2101038442411145
11, 3.2901763916015625e-05, -3.1191160678863525, 3.139065742492676, 1.5695252418518066, 0.001056075096130371, -1.5697846412658691, 0.02207958698272705, -1.802549052763697, -5.160966771470194, -3.948271576279321, -0.21011654628631327
12, 4.00543212890625e-05, -3.1191234588623047, 3.139065742492676, 1.56949782371521, 0.0010377168655395508, -1.5697846412658691, 0.0220719575881958, -1.8025484787556076, -5.160966521239733, -3.948269839832953, -0.21010956775746426
13, 4.744529724121094e-05, -3.119130849838257, 3.139065742492676, 1.5695070028305054, 0.0010377168655395508, -1.5697846412658691, 0.02206432819366455, -1.802550796221092, -5.160964064497114, -3.9482681537959565, -0.21011386861135062
14, 4.00543212890625e-05, -3.1191160678863525, 3.139065742492676, 1.56949782371521, 0.0010377168655395508, -1.5697574615478516, 0.0220719575881958, -1.8025525787167238, -5.1609635296524745, -3.948267929945026, -0.21011107469953938
15, 3.2901763916015625e-05, -3.1191160678863525, 3.139073610305786, 1.5695070028305054, 0.0010377168655395508, -1.5697755813598633, 0.0220566987991333, -1.8025510619913425, -5.160963671652009, -3.948269130979863, -0.2100995683887099
16, 4.00543212890625e-05, -3.1191084384918213, 3.1390576362609863, 1.56949782371521, 0.001056075096130371, -1.569793701171875, 0.0220872163772583, -1.8025393006000678, -5.160966452174302, -3.9482672443930205, -0.21010154955161653
17, 3.2901763916015625e-05, -3.1191234588623047, 3.139065742492676, 1.56949782371521, 0.0010741949081420898, -1.5697665214538574, 0.0220719575881958, -1.8025411801289997, -5.1609668847340195, -3.9482686167135284, -0.21009647345040072
18, 2.5510787963867188e-05, -3.119130849838257, 3.139065742492676, 1.56949782371521, 0.0010651350021362305, -1.5697665214538574, 0.0220566987991333, -1.802541627092237, -5.160969617813062, -3.948270163499687, -0.21010582308518444
19, 4.744529724121094e-05, -3.119130849838257, 3.139065742492676, 1.569488763809204, 0.0010377168655395508, -1.569803237915039, 0.0220872163772583, -1.8025334159737931, -5.160969315091585, -3.9482683724408933, -0.2100926000409702
20, 3.2901763916015625e-05, -3.1191084384918213, 3.139065742492676, 1.5695070028305054, 0.001056075096130371, -1.5697755813598633, 0.0220719575881958, -1.8025353593607076, -5.160966791007724, -3.9482684059951616, -0.21008407011356045
21, 3.2901763916015625e-05, -3.1191234588623047, 3.139065742492676, 1.5695160627365112, 0.0010286569595336914, -1.5697846412658691, 0.0220566987991333, -1.8025357002139786, -5.160967765952563, -3.9482693152626904, -0.21007875922056662
22, 1.0728836059570312e-05, -3.1191234588623047, 3.139065742492676, 1.5695070028305054, 0.0010377168655395508, -1.5697846412658691, 0.02204906940460205, -1.8025272891007766, -5.160970233123187, -3.9482703740777687, -0.2100826747673894
23, 5.4836273193359375e-05, -3.119138240814209, 3.139065742492676, 1.5695070028305054, 0.001056075096130371, -1.5697755813598633, 0.02206432819366455, -1.8025191500498248, -5.160970416775252, -3.948271017851831, -0.21009334887261222
24, 2.5510787963867188e-05, -3.1191160678863525, 3.139065742492676, 1.569488763809204, 0.0010286569595336914, -1.5697574615478516, 0.02206432819366455, -1.802519996130569, -5.160969680601356, -3.9482707503851846, -0.2100884552425164
25, 5.4836273193359375e-05, -3.1191234588623047, 3.139065742492676, 1.5695070028305054, 0.0010834932327270508, -1.5697484016418457, 0.02209484577178955, -1.802515257332038, -5.1609695028836695, -3.9482680524967013, -0.2101035853543296
26, 3.2901763916015625e-05, -3.1191234588623047, 3.139065742492676, 1.5695070028305054, 0.001056075096130371, -1.5697755813598633, 0.02209484577178955, -1.802507687771854, -5.160968064941995, -3.9482661986277683, -0.21009502114749434
27, 2.5510787963867188e-05, -3.119145631790161, 3.139065742492676, 1.569488763809204, 0.0010377168655395508, -1.5697665214538574, 0.0220719575881958, -1.8025084880550424, -5.160970019411062, -3.9482702981429725, -0.21008671119030708
28, 4.00543212890625e-05, -3.1191084384918213, 3.139065742492676, 1.5695070028305054, 0.001056075096130371, -1.5697846412658691, 0.0221024751663208, -1.8025048750498671, -5.16097019180927, -3.9482702997875725, -0.2100795775066029
29, 5.4836273193359375e-05, -3.119130849838257, 3.1390576362609863, 1.569488763809204, 0.0010286569595336914, -1.5697846412658691, 0.02206432819366455, -1.8025048043918073, -5.160970355957464, -3.948268238437554, -0.2100708822438735
30, 3.2901763916015625e-05, -3.1191160678863525, 3.139065742492676, 1.5695070028305054, 0.0010470151901245117, -1.5697846412658691, 0.0220872163772583, -1.8024996663410526, -5.1609732703263065, -3.948268134219637, -0.21006234999540574
31, 4.744529724121094e-05, -3.119130849838257, 3.1390576362609863, 1.569488763809204, 0.001056075096130371, -1.5697755813598633, 0.0220872163772583, -1.8024955797461575, -5.160970094276156, -3.948268689675737, -0.21007271753326862
32, 4.00543212890625e-05, -3.1191234588623047, 3.139073610305786, 1.5695070028305054, 0.001056075096130371, -1.5697665214538574, 0.0220719575881958, -1.802489296264079, -5.160967348335594, -3.9482614988804317, -0.2100544674813678
33, 4.00543212890625e-05, -3.1191084384918213, 3.139065742492676, 1.5695070028305054, 0.001056075096130371, -1.5697574615478516, 0.02207958698272705, -1.8024887665138851, -5.1609673830634115, -3.9482652689988535, -0.2100569478617862
34, 2.5510787963867188e-05, -3.1191160678863525, 3.139073610305786, 1.5695070028305054, 0.0010377168655395508, -1.5697755813598633, 0.02207958698272705, -1.8024880169983617, -5.160973348255044, -3.9482634489599584, -0.21006189059260816
35, 3.2901763916015625e-05, -3.119130849838257, 3.139065742492676, 1.5695070028305054, 0.0010741949081420898, -1.5697755813598633, 0.0220719575881958, -1.802490590949437, -5.160974092911657, -3.9482650826466035, -0.2100531976524591
36, 1.811981201171875e-05, -3.1191160678863525, 3.139065742492676, 1.5695070028305054, 0.0010651350021362305, -1.5697574615478516, 0.02206432819366455, -1.8024877536730513, -5.160977100536263, -3.9482662068606498, -0.21006829580498287
37, 4.744529724121094e-05, -3.1191160678863525, 3.139065742492676, 1.5694795846939087, 0.001056075096130371, -1.5697665214538574, 0.02207958698272705, -1.802486062789908, -5.160979456211801, -3.948265378826599, -0.21006304186651725
38, 4.00543212890625e-05, -3.119130849838257, 3.139065742492676, 1.5695070028305054, 0.001056075096130371, -1.5697665214538574, 0.02209484577178955, -1.80247615747621, -5.160971127900595, -3.948262848337278, -0.21006066290008185
39, 3.2901763916015625e-05, -3.1191234588623047, 3.139065742492676, 1.56949782371521, 0.001056075096130371, -1.5697665214538574, 0.02207958698272705, -1.80247533828067, -5.160964599906368, -3.948264606715742, -0.21005781988762973
40, 2.5510787963867188e-05, -3.1191084384918213, 3.1390576362609863, 1.56949782371521, 0.0010470151901245117, -1.569803237915039, 0.0220872163772583, -1.802471080065866, -5.160966604041798, -3.948268242276516, -0.21005165410736026
41, 3.2901763916015625e-05, -3.1191160678863525, 3.139073610305786, 1.56949782371521, 0.0010286569595336914, -1.5697574615478516, 0.0220719575881958, -1.8024639077223097, -5.1609645957203725, -3.9482667884368157, -0.2100636003627292
42, 5.4836273193359375e-05, -3.1191234588623047, 3.1390576362609863, 1.5695070028305054, 0.0010651350021362305, -1.5697574615478516, 0.0220719575881958, -1.8024661973869864, -5.160967981779757, -3.9482667975614953, -0.2100700694956812
43, 3.2901763916015625e-05, -3.1191160678863525, 3.139065742492676, 1.5695070028305054, 0.001056075096130371, -1.5697846412658691, 0.02206432819366455, -1.802461317001778, -5.160960145207074, -3.948266105741619, -0.21006797531239663
44, 1.811981201171875e-05, -3.1191160678863525, 3.139073610305786, 1.5695160627365112, 0.0010470151901245117, -1.5697846412658691, 0.0220719575881958, -1.8024504747028602, -5.1609581243815486, -3.9482638829898047, -0.21006495910915746
45, 3.2901763916015625e-05, -3.119138240814209, 3.1390576362609863, 1.5695160627365112, 0.001056075096130371, -1.5697846412658691, 0.02206432819366455, -1.8024403968861664, -5.160955279487564, -3.9482615217041452, -0.21007483760784584
46, 3.2901763916015625e-05, -3.119130849838257, 3.139065742492676, 1.5695070028305054, 0.0010377168655395508, -1.5697755813598633, 0.0220719575881958, -1.8024405802331716, -5.160957656693855, -3.948260659521543, -0.21007359741642517
47, 4.00543212890625e-05, -3.1191234588623047, 3.139065742492676, 1.5695160627365112, 0.0010470151901245117, -1.5697755813598633, 0.02209484577178955, -1.8024394404297057, -5.160960006092058, -3.948263130799495, -0.21008155634947467
48, 3.2901763916015625e-05, -3.1191234588623047, 3.139065742492676, 1.5695160627365112, 0.0010470151901245117, -1.5697846412658691, 0.02207958698272705, -1.8024375837643627, -5.160960647860114, -3.9482618987702858, -0.210067061149112
49, 4.744529724121094e-05, -3.1191234588623047, 3.1390576362609863, 1.56949782371521, 0.0010470151901245117, -1.5697755813598633, 0.02206432819366455, -1.8024462512141737, -5.1609594726252315, -3.948266860304714, -0.21006605342689522
50, 2.5510787963867188e-05, -3.119130849838257, 3.1390576362609863, 1.56949782371521, 0.0010470151901245117, -1.5697846412658691, 0.02207958698272705, -1.8024388545144006, -5.160958532374643, -3.948263570049806, -0.21005148412713126
51, 4.00543212890625e-05, -3.1191234588623047, 3.139065742492676, 1.56949782371521, 0.0010377168655395508, -1.5697846412658691, 0.0220566987991333, -1.8024307832384858, -5.160956444786928, -3.9482613739831875, -0.21005201762757775
52, 3.2901763916015625e-05, -3.1191234588623047, 3.139065742492676, 1.5695252418518066, 0.0010470151901245117, -1.569803237915039, 0.02209484577178955, -1.8024372572737781, -5.160954419569361, -3.9482645217584307, -0.2100513803909303
53, 4.00543212890625e-05, -3.1191234588623047, 3.1390576362609863, 1.5695160627365112, 0.0010377168655395508, -1.5697846412658691, 0.02207958698272705, -1.8024269010317326, -5.160951049219131, -3.9482638021570473, -0.21004457969551638
54, 2.5510787963867188e-05, -3.1191234588623047, 3.139065742492676, 1.56949782371521, 0.0010470151901245117, -1.569793701171875, 0.0220719575881958, -1.8024251208829094, -5.160953372280609, -3.948262625616251, -0.21004422402842593
55, 4.744529724121094e-05, -3.1191084384918213, 3.139065742492676, 1.5695070028305054, 0.0010651350021362305, -1.5697846412658691, 0.0220566987991333, -1.802436252224115, -5.160954803174009, -3.948266450944736, -0.21004070396389896
56, 4.00543212890625e-05, -3.1191012859344482, 3.139065742492676, 1.5695160627365112, 0.0010377168655395508, -1.5697846412658691, 0.02209484577178955, -1.8024325452260603, -5.160958361305762, -3.9482638173582467, -0.21002199682733558
57, 3.2901763916015625e-05, -3.1191084384918213, 3.139073610305786, 1.5695160627365112, 0.0010741949081420898, -1.5697846412658691, 0.02209484577178955, -1.8024261447776195, -5.16095903165392, -3.9482628078310236, -0.21002167079878475
58, 4.00543212890625e-05, -3.119130849838257, 3.139065742492676, 1.5695070028305054, 0.001056075096130371, -1.5697574615478516, 0.02207958698272705, -1.8024246295987914, -5.160962759372789, -3.948264783030323, -0.21002202646629442
59, 3.2901763916015625e-05, -3.119138240814209, 3.139065742492676, 1.5694795846939087, 0.001056075096130371, -1.5697755813598633, 0.02207958698272705, -1.8024230521741123, -5.160953895763384, -3.9482657263364724, -0.2100202059941223
60, 1.811981201171875e-05, -3.1191160678863525, 3.139065742492676, 1.5695070028305054, 0.0010741949081420898, -1.5697846412658691, 0.0220719575881958, -1.8024158848172773, -5.16095099755671, -3.948264878276584, -0.21002329861765823
61, 4.00543212890625e-05, -3.119130849838257, 3.139065742492676, 1.56949782371521, 0.001056075096130371, -1.5697665214538574, 0.0220719575881958, -1.8024198707535017, -5.160946883284114, -3.948264964745439, -0.2100170837313513
62, 3.2901763916015625e-05, -3.1191160678863525, 3.139065742492676, 1.5695070028305054, 0.0010377168655395508, -1.5697574615478516, 0.02207958698272705, -1.802418794729503, -5.160945226189367, -3.9482649153686555, -0.2100068393954997
63, 4.00543212890625e-05, -3.1191234588623047, 3.139065742492676, 1.569488763809204, 0.0010286569595336914, -1.5697846412658691, 0.02207958698272705, -1.8024205753270386, -5.160943428015019, -3.9482610989460545, -0.21000924799831644
64, 3.2901763916015625e-05, -3.1191160678863525, 3.139065742492676, 1.5695070028305054, 0.001056075096130371, -1.5697665214538574, 0.0220872163772583, -1.8024228814559602, -5.160944150889014, -3.9482643185231847, -0.21000648372771913
65, 4.00543212890625e-05, -3.1191084384918213, 3.139065742492676, 1.5695070028305054, 0.0010651350021362305, -1.5697484016418457, 0.0220872163772583, -1.8024230798652279, -5.16094860385309, -3.9482649945662054, -0.20998691706196926
66, 1.811981201171875e-05, -3.1191160678863525, 3.139065742492676, 1.5695070028305054, 0.0010470151901245117, -1.5697574615478516, 0.0220566987991333, -1.8024201988427782, -5.16094690962395, -3.9482671253247394, -0.20998330808018828
67, 1.811981201171875e-05, -3.119130849838257, 3.1390576362609863, 1.5695160627365112, 0.001056075096130371, -1.569793701171875, 0.0220414400100708, -1.802420900287843, -5.160954091608954, -3.9482622304349912, -0.20997165589507016
68, 4.744529724121094e-05, -3.1191234588623047, 3.139065742492676, 1.5695070028305054, 0.0010741949081420898, -1.569793701171875, 0.02209484577178955, -1.8024283786515305, -5.160949120210861, -3.9482669235645766, -0.20997156697796182
69, 4.00543212890625e-05, -3.1191234588623047, 3.139065742492676, 1.5695160627365112, 0.0010741949081420898, -1.5697298049926758, 0.0220872163772583, -1.8024220489644787, -5.160953502517128, -3.9482663990478772, -0.20997658148697784
70, 2.5510787963867188e-05, -3.1191234588623047, 3.139065742492676, 1.5695160627365112, 0.0010377168655395508, -1.5697755813598633, 0.0220566987991333, -1.8024235400703907, -5.1609571373591026, -3.9482681199629455, -0.2099816700932955
71, 4.00543212890625e-05, -3.119130849838257, 3.139065742492676, 1.569488763809204, 0.0010651350021362305, -1.5697755813598633, 0.0220566987991333, -1.8024252954851168, -5.160957741391123, -3.9482674365104073, -0.20997800183371051
72, 3.2901763916015625e-05, -3.119130849838257, 3.139065742492676, 1.5695160627365112, 0.001019597053527832, -1.5697846412658691, 0.02206432819366455, -1.8024195414814825, -5.160950997931427, -3.9482692342339107, -0.20998573382739405
73, 2.5510787963867188e-05, -3.1191160678863525, 3.139065742492676, 1.56949782371521, 0.0010741949081420898, -1.569803237915039, 0.02207958698272705, -1.8024097641037962, -5.160947756782573, -3.948268128984508, -0.20997853068322936
74, 2.5510787963867188e-05, -3.1191084384918213, 3.139073610305786, 1.5695070028305054, 0.001056075096130371, -1.5697665214538574, 0.02207958698272705, -1.8024107623671617, -5.160949978345619, -3.9482693842858763, -0.20999512560633615
75, 4.744529724121094e-05, -3.1191234588623047, 3.139065742492676, 1.5695070028305054, 0.0010834932327270508, -1.5697755813598633, 0.0220719575881958, -1.8024096972879717, -5.160943905336432, -3.948268032831184, -0.20999750456957855
76, 4.00543212890625e-05, -3.1191234588623047, 3.1390576362609863, 1.5695070028305054, 0.0010470151901245117, -1.5697755813598633, 0.0220872163772583, -1.8024110286817365, -5.160947807410004, -3.948266294114619, -0.2099917833757372
77, 3.2901763916015625e-05, -3.1191234588623047, 3.139065742492676, 1.5695160627365112, 0.001056075096130371, -1.5697665214538574, 0.02209484577178955, -1.8024056812567504, -5.160954926946291, -3.9482663906475244, -0.21000575989744874
78, 3.2901763916015625e-05, -3.1191234588623047, 3.139065742492676, 1.56949782371521, 0.0010470151901245117, -1.5697665214538574, 0.02207958698272705, -1.802407576456088, -5.160951736476486, -3.9482665227830234, -0.20998067951243904
79, 2.5510787963867188e-05, -3.1191160678863525, 3.1390576362609863, 1.5695160627365112, 0.001056075096130371, -1.5697846412658691, 0.02207958698272705, -1.8024068241708775, -5.160947732547756, -3.9482677181881307, -0.20997474386708248
80, 5.4836273193359375e-05, -3.1191234588623047, 3.139065742492676, 1.569488763809204, 0.0010470151901245117, -1.569803237915039, 0.0220719575881958, -1.8024082460165265, -5.160954456960244, -3.948264989953474, -0.20996875592319242
81, 3.2901763916015625e-05, -3.1191234588623047, 3.139065742492676, 1.56949782371521, 0.001056075096130371, -1.569793701171875, 0.0220719575881958, -1.8024044370746832, -5.160955820037148, -3.948263185366603, -0.2099566763002958
82, 4.00543212890625e-05, -3.1191160678863525, 3.1390817165374756, 1.5695070028305054, 0.0010470151901245117, -1.5697755813598633, 0.0220719575881958, -1.8023985838368932, -5.160955040975528, -3.948262757235268, -0.20996519372706146
83, 3.2901763916015625e-05, -3.119138240814209, 3.139065742492676, 1.5695252418518066, 0.0010286569595336914, -1.5697665214538574, 0.0221024751663208, -1.802399385972961, -5.160953725840611, -3.9482642660526976, -0.20996239749170442
84, 3.2901763916015625e-05, -3.1191234588623047, 3.139065742492676, 1.5695070028305054, 0.001056075096130371, -1.5697574615478516, 0.0220719575881958, -1.8024040124427192, -5.160950018211571, -3.948266682061893, -0.20996732308383503
85, 1.811981201171875e-05, -3.119130849838257, 3.139065742492676, 1.5695070028305054, 0.001056075096130371, -1.5697484016418457, 0.0220414400100708, -1.8024003533409947, -5.160942435983515, -3.9482660873383644, -0.2099785946141921
86, 5.4836273193359375e-05, -3.1191234588623047, 3.1390576362609863, 1.56949782371521, 0.0010470151901245117, -1.5697665214538574, 0.02209484577178955, -1.8024015275790637, -5.160943551247967, -3.9482686461871883, -0.20999262576173283
87, 3.2901763916015625e-05, -3.1191012859344482, 3.139073610305786, 1.5695070028305054, 0.001056075096130371, -1.5697665214538574, 0.02209484577178955, -1.8023914632129006, -5.160942233265244, -3.9482647142557092, -0.20996832615708083
88, 4.744529724121094e-05, -3.1191234588623047, 3.139065742492676, 1.56949782371521, 0.0010470151901245117, -1.5697846412658691, 0.0220872163772583, -1.8023936379019179, -5.160941248174626, -3.948265648536091, -0.20996288420862985
89, 3.2901763916015625e-05, -3.1191160678863525, 3.139065742492676, 1.5695070028305054, 0.001056075096130371, -1.5697665214538574, 0.02206432819366455, -1.8023886625800118, -5.160940569779682, -3.9482672529098255, -0.20996870913758148
90, 3.2901763916015625e-05, -3.119130849838257, 3.1390576362609863, 1.5694795846939087, 0.0010651350021362305, -1.5697846412658691, 0.02206432819366455, -1.8023920460229355, -5.160944267635585, -3.948263740971592, -0.20997919988773006
91, 3.2901763916015625e-05, -3.119130849838257, 3.1390576362609863, 1.56949782371521, 0.0010470151901245117, -1.5697755813598633, 0.0220566987991333, -1.8023879883212524, -5.160947625627087, -3.948264610078835, -0.20998610431507547
92, 3.2901763916015625e-05, -3.1191234588623047, 3.139065742492676, 1.5695160627365112, 0.0010470151901245117, -1.5697574615478516, 0.02204906940460205, -1.8023885041781142, -5.160945376206262, -3.9482639856747284, -0.2099804697129537
93, 3.2901763916015625e-05, -3.119130849838257, 3.139065742492676, 1.5695070028305054, 0.001056075096130371, -1.5697665214538574, 0.02204906940460205, -1.8023850221179145, -5.160947253266975, -3.9482627315298875, -0.20997044534840636
94, 3.2901763916015625e-05, -3.1191234588623047, 3.1390576362609863, 1.5695070028305054, 0.001056075096130371, -1.5697755813598633, 0.02207958698272705, -1.8023867545596817, -5.1609475274377985, -3.9482631576752, -0.209963845150396
95, 4.00543212890625e-05, -3.119130849838257, 3.139065742492676, 1.5695070028305054, 0.001056075096130371, -1.569793701171875, 0.02209484577178955, -1.802388909242358, -5.160949674483021, -3.9482661843378875, -0.20995667164475318
96, 4.744529724121094e-05, -3.1191160678863525, 3.139073610305786, 1.5695252418518066, 0.0010286569595336914, -1.5697665214538574, 0.02207958698272705, -1.8023857138963408, -5.160948853563914, -3.9482649938478027, -0.20996138976392764
97, 4.744529724121094e-05, -3.1191234588623047, 3.139065742492676, 1.5695252418518066, 0.001056075096130371, -1.5697846412658691, 0.0220719575881958, -1.8023885644368733, -5.160943570864218, -3.9482636215440947, -0.20995762009467267
98, 2.5510787963867188e-05, -3.1191234588623047, 3.139073610305786, 1.5695160627365112, 0.0010377168655395508, -1.5697665214538574, 0.0220872163772583, -1.8023883773278808, -5.16094344794884, -3.948266343157484, -0.20995192854253908
99, 3.2901763916015625e-05, -3.1191160678863525, 3.139065742492676, 1.5695160627365112, 0.001056075096130371, -1.5697755813598633, 0.0220719575881958, -1.8023818188999523, -5.160939853087009, -3.9482644632070216, -0.20996269388220679
100, 3.2901763916015625e-05, -3.1191234588623047, 3.139065742492676, 1.5695070028305054, 0.001056075096130371, -1.5697846412658691, 0.0220719575881958, -1.8023812724526294, -5.160934825396231, -3.948265007930779, -0.20996161438430327
101, 2.5510787963867188e-05, -3.119130849838257, 3.139065742492676, 1.56949782371521, 0.0010286569595336914, -1.569793701171875, 0.02209484577178955, -1.8023825697722209, -5.160937291038813, -3.9482671309614306, -0.20995376150853762
102, 3.2901763916015625e-05, -3.119130849838257, 3.139065742492676, 1.5695160627365112, 0.0010377168655395508, -1.5697574615478516, 0.02209484577178955, -1.8023721555142433, -5.160941596364595, -3.948266043715407, -0.20996826687899528
103, 1.811981201171875e-05, -3.1191160678863525, 3.1390576362609863, 1.5695070028305054, 0.0010286569595336914, -1.5697755813598633, 0.0220872163772583, -1.802362710660133, -5.160935801114199, -3.9482651902971817, -0.20995468815531915
104, 1.811981201171875e-05, -3.1191160678863525, 3.1390576362609863, 1.5695160627365112, 0.0010470151901245117, -1.5697846412658691, 0.0220719575881958, -1.8023583643375796, -5.160939098857198, -3.9482636156765274, -0.20995959892859783
105, 2.5510787963867188e-05, -3.1191160678863525, 3.139065742492676, 1.569488763809204, 0.0010286569595336914, -1.5697665214538574, 0.02206432819366455, -1.8023573307536693, -5.1609325778954425, -3.9482620296384954, -0.20994723540615468
106, 2.5510787963867188e-05, -3.1191234588623047, 3.139073610305786, 1.56949782371521, 0.0010377168655395508, -1.5697665214538574, 0.0220719575881958, -1.802356436122964, -5.160931085324199, -3.948262224013115, -0.20995432232281352
107, 4.00543212890625e-05, -3.119130849838257, 3.139065742492676, 1.5695160627365112, 0.0010741949081420898, -1.5697665214538574, 0.0220872163772583, -1.8023600718841126, -5.160930810478481, -3.9482648503150792, -0.20994302115115104
108, 2.5510787963867188e-05, -3.1191160678863525, 3.139073610305786, 1.5695070028305054, 0.0010651350021362305, -1.5697665214538574, 0.02207958698272705, -1.8023597722145404, -5.160933315539651, -3.9482648455208293, -0.20994433776173071
109, 2.5510787963867188e-05, -3.1191234588623047, 3.1390576362609863, 1.5695070028305054, 0.0010286569595336914, -1.5697755813598633, 0.0220719575881958, -1.8023588192876638, -5.1609334820235535, -3.9482649894461117, -0.20994099087376483
110, 2.5510787963867188e-05, -3.1191234588623047, 3.139065742492676, 1.5695160627365112, 0.001056075096130371, -1.5697846412658691, 0.0220872163772583, -1.802351857541536, -5.160940619304885, -3.948267091947332, -0.20993574390816594
111, 1.811981201171875e-05, -3.1191160678863525, 3.139065742492676, 1.5695160627365112, 0.001056075096130371, -1.5697755813598633, 0.02207958698272705, -1.8023385384224868, -5.160944791916224, -3.948266832494165, -0.20994412563111542
112, 3.2901763916015625e-05, -3.1191234588623047, 3.139065742492676, 1.56949782371521, 0.0010105371475219727, -1.5697846412658691, 0.0220872163772583, -1.8023297524809798, -5.160936040995473, -3.9482601536866535, -0.20994925869804337
113, 4.00543212890625e-05, -3.1191234588623047, 3.139073610305786, 1.5695160627365112, 0.0010741949081420898, -1.5697846412658691, 0.0220719575881958, -1.8023387048282429, -5.160935713936597, -3.9482616120792624, -0.2099452222771836
114, 1.811981201171875e-05, -3.1191160678863525, 3.139065742492676, 1.5695160627365112, 0.0010651350021362305, -1.5697846412658691, 0.02206432819366455, -1.8023421107610984, -5.160932990800159, -3.9482635099714156, -0.20995313443221697
115, 4.00543212890625e-05, -3.119130849838257, 3.1390576362609863, 1.5695070028305054, 0.001056075096130371, -1.5697755813598633, 0.02209484577178955, -1.8023435402695156, -5.1609304954164585, -3.9482640765965646, -0.209949690792822
116, 4.00543212890625e-05, -3.119138240814209, 3.139065742492676, 1.56949782371521, 0.001056075096130371, -1.5697665214538574, 0.0220719575881958, -1.8023418613059081, -5.160929856741443, -3.948261356603688, -0.20993864155245312
117, 2.5510787963867188e-05, -3.1191234588623047, 3.139065742492676, 1.5695160627365112, 0.0010925531387329102, -1.5697755813598633, 0.02207958698272705, -1.8023396738991337, -5.160937168850399, -3.948265162669512, -0.20993876010881607
118, 2.5510787963867188e-05, -3.119130849838257, 3.1390576362609863, 1.5695160627365112, 0.0010286569595336914, -1.5697846412658691, 0.0220872163772583, -1.8023311363568273, -5.160936038505721, -3.9482657365022233, -0.20993678910907754
119, 3.2901763916015625e-05, -3.1191234588623047, 3.139065742492676, 1.5695160627365112, 0.0010377168655395508, -1.5697574615478516, 0.02204906940460205, -1.8023285347899782, -5.160932274813391, -3.9482639515296407, -0.20993498578214354
120, 3.2901763916015625e-05, -3.1191234588623047, 3.139065742492676, 1.5695160627365112, 0.001019597053527832, -1.5697846412658691, 0.0221024751663208, -1.8023316990269787, -5.160925986493069, -3.948264276398499, -0.20995615063336093
121, 1.811981201171875e-05, -3.1191160678863525, 3.139065742492676, 1.5695070028305054, 0.0010286569595336914, -1.5697755813598633, 0.02209484577178955, -1.8023334491242284, -5.160926574082373, -3.948266445348585, -0.20995208457325898
122, 2.5510787963867188e-05, -3.1191160678863525, 3.139065742492676, 1.5695160627365112, 0.0010377168655395508, -1.5697846412658691, 0.0220719575881958, -1.8023177569340094, -5.160931009992377, -3.9482616790125737, -0.2099458525321447
123, 1.811981201171875e-05, -3.119138240814209, 3.1390576362609863, 1.56949782371521, 0.0010470151901245117, -1.5697755813598633, 0.02207958698272705, -1.8023108151253866, -5.160939117851604, -3.9482612432624085, -0.20994224354905366
124, 5.4836273193359375e-05, -3.1191234588623047, 3.139065742492676, 1.56949782371521, 0.0010651350021362305, -1.569803237915039, 0.02207958698272705, -1.8023074867239273, -5.160940377103016, -3.9482634894422453, -0.20994910584621174
125, 3.2901763916015625e-05, -3.1191160678863525, 3.1390576362609863, 1.569488763809204, 0.0010470151901245117, -1.569793701171875, 0.0220719575881958, -1.8022963117331594, -5.160943831625552, -3.9482622255412605, -0.20994765585950592
126, 3.2901763916015625e-05, -3.1191234588623047, 3.139065742492676, 1.56949782371521, 0.0010741949081420898, -1.5697755813598633, 0.02206432819366455, -1.8022920258127604, -5.160941167509037, -3.9482625611849214, -0.20994151506262604
127, 2.5510787963867188e-05, -3.1191084384918213, 3.139073610305786, 1.56949782371521, 0.001056075096130371, -1.5697846412658691, 0.02207958698272705, -1.802294476245756, -5.1609359894078395, -3.9482637894916794, -0.209937034054545
128, 3.2901763916015625e-05, -3.119138240814209, 3.139065742492676, 1.5695252418518066, 0.0010470151901245117, -1.5697755813598633, 0.02204906940460205, -1.8022857971749908, -5.160935514943489, -3.9482605597794374, -0.20993948944203922
129, 4.744529724121094e-05, -3.1191012859344482, 3.1390576362609863, 1.5695252418518066, 0.001056075096130371, -1.5697755813598633, 0.02206432819366455, -1.802284166214061, -5.160934109255613, -3.948261789348101, -0.20994512404607946
130, 2.5510787963867188e-05, -3.1191160678863525, 3.139065742492676, 1.5695252418518066, 0.0010651350021362305, -1.5697665214538574, 0.0220566987991333, -1.8022819554574228, -5.160932251118123, -3.948261783794117, -0.20993589527809053
131, 2.5510787963867188e-05, -3.1191234588623047, 3.139065742492676, 1.569488763809204, 0.001019597053527832, -1.5697755813598633, 0.02206432819366455, -1.8022847118945928, -5.160929540304572, -3.948263843863385, -0.20992345532468182
132, 2.5510787963867188e-05, -3.1191234588623047, 3.1390576362609863, 1.5695070028305054, 0.001056075096130371, -1.569793701171875, 0.0221024751663208, -1.802288562266677, -5.1609361624544965, -3.9482650511037662, -0.20992686149380368
133, 3.2901763916015625e-05, -3.1191234588623047, 3.139065742492676, 1.5695160627365112, 0.001056075096130371, -1.5697665214538574, 0.02207958698272705, -1.8022929440197721, -5.160933974999512, -3.9482641579250766, -0.20991198330297145
134, 3.2901763916015625e-05, -3.1191234588623047, 3.139065742492676, 1.5695070028305054, 0.0010470151901245117, -1.5697574615478516, 0.02206432819366455, -1.8022888771717707, -5.16093113582506, -3.9482622276909596, -0.20991193884426274
135, 4.00543212890625e-05, -3.1191160678863525, 3.139065742492676, 1.5695070028305054, 0.0010470151901245117, -1.5697846412658691, 0.02206432819366455, -1.8022836612056437, -5.160934671917865, -3.9482609380280684, -0.20992054519025682
136, 4.00543212890625e-05, -3.1191234588623047, 3.1390576362609863, 1.5695070028305054, 0.0010286569595336914, -1.5697665214538574, 0.02209484577178955, -1.8022817068365047, -5.160930000244535, -3.948262318053648, -0.20991845796168995
137, 2.5510787963867188e-05, -3.119130849838257, 3.1390576362609863, 1.5695070028305054, 0.0010834932327270508, -1.569812297821045, 0.0220872163772583, -1.8022789991701327, -5.160927925013462, -3.948260695592942, -0.20991235612263281
138, 4.00543212890625e-05, -3.119145631790161, 3.139065742492676, 1.56949782371521, 0.0010377168655395508, -1.569803237915039, 0.0220719575881958, -1.802290546488738, -5.160915134505563, -3.94826563878571, -0.20989975548545914
139, 3.2901763916015625e-05, -3.1191234588623047, 3.139073610305786, 1.5695070028305054, 0.0010105371475219727, -1.5697846412658691, 0.02206432819366455, -1.8022902337406062, -5.160914382963109, -3.948267506659031, -0.20989526199002917
140, 2.5510787963867188e-05, -3.119138240814209, 3.139065742492676, 1.56949782371521, 0.001056075096130371, -1.5697846412658691, 0.02206432819366455, -1.8022883448684273, -5.160911623799329, -3.948267348656335, -0.20988557148419673
141, 4.00543212890625e-05, -3.1191160678863525, 3.139065742492676, 1.5695070028305054, 0.0010377168655395508, -1.5697755813598633, 0.0220566987991333, -1.8022858883288841, -5.160917082524609, -3.9482651027165785, -0.20989011643349187
142, 3.2901763916015625e-05, -3.119130849838257, 3.139065742492676, 1.5695070028305054, 0.001056075096130371, -1.5697574615478516, 0.0220719575881958, -1.8022836638360276, -5.16091554998707, -3.948263175293009, -0.20987829657080947
143, 4.00543212890625e-05, -3.1191234588623047, 3.139065742492676, 1.56949782371521, 0.0010105371475219727, -1.5697755813598633, 0.02207958698272705, -1.8022810705605268, -5.160911506656169, -3.9482634872928464, -0.20987903755050397
144, 3.2901763916015625e-05, -3.1191084384918213, 3.139065742492676, 1.5695160627365112, 0.0010286569595336914, -1.5697846412658691, 0.0220872163772583, -1.8022856264248164, -5.1609033831562305, -3.948266830163048, -0.2098675460507824
145, 3.2901763916015625e-05, -3.119130849838257, 3.139065742492676, 1.56949782371521, 0.0010470151901245117, -1.5697574615478516, 0.02209484577178955, -1.802287355267966, -5.160906562226956, -3.9482688071876835, -0.20986618731368
146, 4.744529724121094e-05, -3.1191234588623047, 3.139073610305786, 1.56949782371521, 0.0010741949081420898, -1.5697755813598633, 0.0220719575881958, -1.8022858152153134, -5.160908379480309, -3.948266365853169, -0.20986047861306112
147, 1.811981201171875e-05, -3.1191084384918213, 3.139065742492676, 1.5695252418518066, 0.0010377168655395508, -1.5697846412658691, 0.0220872163772583, -1.8022788027487673, -5.160909287769017, -3.9482647150110854, -0.20984613393058194
148, 1.811981201171875e-05, -3.1191160678863525, 3.139065742492676, 1.5695070028305054, 0.0010377168655395508, -1.5697665214538574, 0.0220872163772583, -1.8022810831615135, -5.1609105761024585, -3.9482637003188352, -0.2098425421012271
149, 4.00543212890625e-05, -3.119138240814209, 3.139065742492676, 1.5695070028305054, 0.0010470151901245117, -1.5697755813598633, 0.02207958698272705, -1.8022725766051446, -5.160912500144353, -3.9482640748465423, -0.20983323690193245
150, 3.2901763916015625e-05, -3.1191234588623047, 3.1390576362609863, 1.5694704055786133, 0.0010470151901245117, -1.5697665214538574, 0.02206432819366455, -1.8022785964811177, -5.160912184804905, -3.948267948945744, -0.20985124984651726
151, 4.00543212890625e-05, -3.1191160678863525, 3.1390576362609863, 1.56949782371521, 0.0010286569595336914, -1.5697846412658691, 0.02206432819366455, -1.8022817255462678, -5.160902569119542, -3.9482712085938783, -0.2098425670712185
152, 1.811981201171875e-05, -3.1191234588623047, 3.139065742492676, 1.5695070028305054, 0.0010470151901245117, -1.5697755813598633, 0.02206432819366455, -1.8022762723576866, -5.160907631218664, -3.948268629239629, -0.20984099852589733
153, 4.00543212890625e-05, -3.1191160678863525, 3.139065742492676, 1.5695070028305054, 0.001056075096130371, -1.5697484016418457, 0.0220872163772583, -1.8022685480507796, -5.16090992568251, -3.9482675431843037, -0.20984323161959217
154, 4.00543212890625e-05, -3.1191234588623047, 3.139065742492676, 1.5695160627365112, 0.0010741949081420898, -1.5697574615478516, 0.0220872163772583, -1.802254358460372, -5.160907062459858, -3.9482667303977586, -0.20983991435854588
155, 2.5510787963867188e-05, -3.1191160678863525, 3.139065742492676, 1.5695252418518066, 0.0010377168655395508, -1.569793701171875, 0.02206432819366455, -1.8022447822834962, -5.160907200247988, -3.948263152579547, -0.2098341736824585
156, 4.00543212890625e-05, -3.119130849838257, 3.139065742492676, 1.5695160627365112, 0.001056075096130371, -1.569793701171875, 0.02207958698272705, -1.8022380167185097, -5.160907558827258, -3.9482637188985716, -0.20983657212744866
157, 1.811981201171875e-05, -3.1191234588623047, 3.1390576362609863, 1.5695070028305054, 0.0010286569595336914, -1.5697846412658691, 0.0220719575881958, -1.8022411361458412, -5.160902547912508, -3.9482660610171916, -0.2098339560582705
158, 4.00543212890625e-05, -3.1191160678863525, 3.139073610305786, 1.5695070028305054, 0.001056075096130371, -1.5697665214538574, 0.0220719575881958, -1.8022461765353261, -5.160896845363837, -3.9482648681419987, -0.2098386445403504
159, 4.00543212890625e-05, -3.1191234588623047, 3.139065742492676, 1.5695070028305054, 0.0010286569595336914, -1.569803237915039, 0.02209484577178955, -1.802240732588209, -5.1609013323487645, -3.948260546159878, -0.20983462060649138
160, 2.5510787963867188e-05, -3.1191234588623047, 3.139065742492676, 1.56949782371521, 0.0010651350021362305, -1.5697574615478516, 0.02207958698272705, -1.8022411088215855, -5.160903610226977, -3.948262576878967, -0.20983275566817206
161, 4.00543212890625e-05, -3.1191234588623047, 3.139065742492676, 1.56949782371521, 0.0010286569595336914, -1.5697846412658691, 0.0220566987991333, -1.8022363865134516, -5.160901215309102, -3.9482647271592524, -0.20984004540040235
162, 2.5510787963867188e-05, -3.1191084384918213, 3.139065742492676, 1.5695160627365112, 0.0010741949081420898, -1.5697846412658691, 0.0220872163772583, -1.802232552028264, -5.160900516239003, -3.948264373664828, -0.2098342033217211
163, 4.00543212890625e-05, -3.1191234588623047, 3.1390576362609863, 1.5695070028305054, 0.001019597053527832, -1.5697665214538574, 0.0220719575881958, -1.8022324562341026, -5.160897216700983, -3.9482625963053026, -0.20983828653443481
164, 3.2901763916015625e-05, -3.1191234588623047, 3.139065742492676, 1.569488763809204, 0.001056075096130371, -1.5697846412658691, 0.0220719575881958, -1.8022329934682197, -5.160891986132276, -3.948262896013179, -0.209836525333575
165, 3.2901763916015625e-05, -3.1191084384918213, 3.1390576362609863, 1.5695343017578125, 0.0010470151901245117, -1.569793701171875, 0.0220719575881958, -1.8022238352577948, -5.160899155421732, -3.94826414659818, -0.20984934593302285
166, 2.5510787963867188e-05, -3.1191084384918213, 3.139073610305786, 1.5695070028305054, 0.0010470151901245117, -1.5697755813598633, 0.02209484577178955, -1.8022183345911007, -5.160907587007274, -3.948262249087554, -0.20985292994640847
167, 1.0728836059570312e-05, -3.1191160678863525, 3.139065742492676, 1.56949782371521, 0.0010741949081420898, -1.5697665214538574, 0.02206432819366455, -1.802218872677264, -5.160907763083946, -3.948264383737495, -0.20987099517376606
168, 3.2901763916015625e-05, -3.119130849838257, 3.139065742492676, 1.5695160627365112, 0.0010651350021362305, -1.5697755813598633, 0.02207958698272705, -1.802214429418716, -5.1609069675370725, -3.948262668131675, -0.20986894224770047
169, 4.00543212890625e-05, -3.1191160678863525, 3.139073610305786, 1.5695070028305054, 0.0010741949081420898, -1.5697574615478516, 0.02209484577178955, -1.8022209890418415, -5.160901698958421, -3.9482640777857805, -0.20985814726707286
170, 3.2901763916015625e-05, -3.1191234588623047, 3.139065742492676, 1.5695070028305054, 0.0010651350021362305, -1.569793701171875, 0.0220719575881958, -1.8022184779338892, -5.160906595681026, -3.9482639404304476, -0.20986314462786204
171, 2.5510787963867188e-05, -3.1191084384918213, 3.1390576362609863, 1.569488763809204, 0.0010925531387329102, -1.5697755813598633, 0.02207958698272705, -1.8022128049191988, -5.160909791844799, -3.948262767219365, -0.20986104724366506
172, 3.2901763916015625e-05, -3.1191234588623047, 3.139065742492676, 1.56949782371521, 0.0010741949081420898, -1.569793701171875, 0.0220872163772583, -1.8022107032930164, -5.160910728544785, -3.948263154472325, -0.20986731675732972
173, 3.2901763916015625e-05, -3.1191234588623047, 3.139065742492676, 1.5695070028305054, 0.0010470151901245117, -1.5697755813598633, 0.02207958698272705, -1.8022096249062158, -5.1609010260045745, -3.9482652028819034, -0.20985651944333572
174, 4.00543212890625e-05, -3.1191160678863525, 3.139073610305786, 1.56949782371521, 0.001056075096130371, -1.5697665214538574, 0.0220719575881958, -1.8022072706320846, -5.160900488011639, -3.9482621033768543, -0.20986184516909567
175, 2.5510787963867188e-05, -3.1191084384918213, 3.139065742492676, 1.569488763809204, 0.001056075096130371, -1.5697755813598633, 0.0220719575881958, -1.8022084835788497, -5.16090133616839, -3.9482619437646034, -0.20985998023169739
176, 2.5510787963867188e-05, -3.1191160678863525, 3.139065742492676, 1.5695070028305054, 0.001056075096130371, -1.5697846412658691, 0.0220872163772583, -1.8022087274917395, -5.160898083616378, -3.948260561787557, -0.2098603951808098
177, 3.2901763916015625e-05, -3.1191234588623047, 3.139065742492676, 1.56949782371521, 0.0010741949081420898, -1.5697574615478516, 0.0220872163772583, -1.8022083234726596, -5.16089487903619, -3.948265306664827, -0.2098613093296402
178, 4.00543212890625e-05, -3.119093656539917, 3.139073610305786, 1.5695070028305054, 0.0010741949081420898, -1.569793701171875, 0.02206432819366455, -1.802207659882634, -5.160897645245029, -3.948263007930608, -0.2098544197257075
179, -4.0531158447265625e-06, -3.1191234588623047, 3.139073610305786, 1.5695070028305054, 0.0010470151901245117, -1.5697755813598633, 0.02206432819366455, -1.802199642522909, -5.16088680155601, -3.9482595522695503, -0.20984961268618108
180, 3.2901763916015625e-05, -3.1191160678863525, 3.139065742492676, 1.56949782371521, 0.0010470151901245117, -1.5697665214538574, 0.02206432819366455, -1.8021986414809117, -5.16087977726096, -3.948260210155972, -0.20983230640872552
181, 1.811981201171875e-05, -3.1191234588623047, 3.139073610305786, 1.56949782371521, 0.0010651350021362305, -1.5697665214538574, 0.0220719575881958, -1.8021893518859806, -5.160884238741973, -3.9482592638494953, -0.2098379901418781
182, 4.00543212890625e-05, -3.1191084384918213, 3.139065742492676, 1.5695160627365112, 0.0010377168655395508, -1.5697755813598633, 0.02206432819366455, -1.8021851903877644, -5.160885287598771, -3.948263054534551, -0.20980950357409167
183, 4.00543212890625e-05, -3.119130849838257, 3.139065742492676, 1.569488763809204, 0.0010470151901245117, -1.5697665214538574, 0.0220872163772583, -1.802184405969573, -5.160886876172939, -3.9482643259337835, -0.20980303906931308
184, 3.2901763916015625e-05, -3.1191234588623047, 3.139065742492676, 1.5695070028305054, 0.0010286569595336914, -1.5697846412658691, 0.0220719575881958, -1.802178912884393, -5.160887330365848, -3.9482611435308486, -0.20980811052677772
185, 4.00543212890625e-05, -3.119130849838257, 3.139065742492676, 1.5695252418518066, 0.0010470151901245117, -1.5697574615478516, 0.0220872163772583, -1.8021772665274067, -5.1608847635225, -3.948260307303575, -0.20980187065342015
186, 4.00543212890625e-05, -3.119145631790161, 3.139065742492676, 1.5695070028305054, 0.0010470151901245117, -1.569812297821045, 0.02207958698272705, -1.8021787484006397, -5.160883678963541, -3.9482610582221205, -0.20980262411891193
187, 4.00543212890625e-05, -3.1191234588623047, 3.139073610305786, 1.5695160627365112, 0.0010377168655395508, -1.569793701171875, 0.02206432819366455, -1.802178397815616, -5.160886813817169, -3.948261029079762, -0.20979470728635174
188, 3.2901763916015625e-05, -3.119130849838257, 3.139065742492676, 1.5695070028305054, 0.0010286569595336914, -1.5697846412658691, 0.02209484577178955, -1.8021699335251369, -5.160887864432476, -3.9482600375855963, -0.20980470901659043
189, 4.744529724121094e-05, -3.1191234588623047, 3.139065742492676, 1.5695160627365112, 0.0010741949081420898, -1.5697755813598633, 0.02206432819366455, -1.8021723123558813, -5.160884427795446, -3.948261275729328, -0.20979115991684516
190, 2.5510787963867188e-05, -3.1191084384918213, 3.139065742492676, 1.5695070028305054, 0.0010651350021362305, -1.5697846412658691, 0.02206432819366455, -1.8021697103117145, -5.160883951306371, -3.9482620822248053, -0.20979283220149902
191, 2.5510787963867188e-05, -3.1191012859344482, 3.139065742492676, 1.5695070028305054, 0.001056075096130371, -1.5697665214538574, 0.0220719575881958, -1.802165423456926, -5.160882058980376, -3.9482613311972945, -0.20979911653390992
192, 3.2901763916015625e-05, -3.119130849838257, 3.139065742492676, 1.56949782371521, 0.001019597053527832, -1.5697665214538574, 0.0220719575881958, -1.8021639573020778, -5.160884153128015, -3.9482618201847886, -0.2098012607103259
193, 4.00543212890625e-05, -3.1191084384918213, 3.139065742492676, 1.5695070028305054, 0.001056075096130371, -1.5697846412658691, 0.02207958698272705, -1.8021668684197656, -5.160882341877316, -3.9482608815254903, -0.2098066776938543
194, 3.2901763916015625e-05, -3.119130849838257, 3.139065742492676, 1.5695070028305054, 0.001019597053527832, -1.5697574615478516, 0.0220719575881958, -1.8021622434565123, -5.160888025745484, -3.948262474480996, -0.20980060864528038
195, 3.2901763916015625e-05, -3.1191234588623047, 3.139065742492676, 1.5695160627365112, 0.0010834932327270508, -1.5697755813598633, 0.02207958698272705, -1.802156128873801, -5.160890395339574, -3.9482590067755727, -0.2098036396643339
196, 1.811981201171875e-05, -3.1191160678863525, 3.139065742492676, 1.56949782371521, 0.001056075096130371, -1.569803237915039, 0.0221024751663208, -1.802152930407918, -5.1608922671969015, -3.948256616001579, -0.20979278540488622
197, 3.2901763916015625e-05, -3.1191160678863525, 3.139073610305786, 1.56949782371521, 0.0010377168655395508, -1.5697846412658691, 0.02206432819366455, -1.8021521511531065, -5.160894348283319, -3.948255652879746, -0.20979102887755818
198, 3.2901763916015625e-05, -3.119138240814209, 3.1390576362609863, 1.5695343017578125, 0.001056075096130371, -1.5697846412658691, 0.0220872163772583, -1.802158637352547, -5.160893737639855, -3.948256079150638, -0.20980163353889303
199, 4.00543212890625e-05, -3.119130849838257, 3.139065742492676, 1.56949782371521, 0.0010470151901245117, -1.5697755813598633, 0.0220719575881958, -1.8021599485728172, -5.160889323798372, -3.948258408944769, -0.2098046793772781
200, 4.00543212890625e-05, -3.119093656539917, 3.139065742492676, 1.5695070028305054, 0.001056075096130371, -1.5697846412658691, 0.02207958698272705, -1.8021567504729497, -5.1608883973203685, -3.948257817027197, -0.2098122506830311
201, 2.5510787963867188e-05, -3.1191084384918213, 3.1390576362609863, 1.5695070028305054, 0.001056075096130371, -1.569793701171875, 0.0220719575881958, -1.8021532162746952, -5.160893598083176, -3.9482576110232475, -0.20981357977874637
202, 3.2901763916015625e-05, -3.1191160678863525, 3.139065742492676, 1.5695160627365112, 0.001056075096130371, -1.5697846412658691, 0.0220719575881958, -1.802150087109997, -5.16089339134759, -3.9482602597785394, -0.20980863702429442
203, 2.5510787963867188e-05, -3.1191160678863525, 3.139065742492676, 1.5695070028305054, 0.0010741949081420898, -1.5697574615478516, 0.0220719575881958, -1.8021399405535552, -5.160900747057935, -3.948258628629156, -0.20981718409194894
204, 4.00543212890625e-05, -3.1191012859344482, 3.139065742492676, 1.5695070028305054, 0.001056075096130371, -1.5697846412658691, 0.02209484577178955, -1.8021352736814913, -5.1608993717388945, -3.948255598168906, -0.20982262604209279
205, 4.00543212890625e-05, -3.1191160678863525, 3.139065742492676, 1.5695160627365112, 0.001056075096130371, -1.5697755813598633, 0.02204906940460205, -1.8021345120224814, -5.160892747548252, -3.94825836632788, -0.20981873781890759
206, 1.811981201171875e-05, -3.1191084384918213, 3.139073610305786, 1.569488763809204, 0.0010834932327270508, -1.5697755813598633, 0.02206432819366455, -1.8021265865053095, -5.160888700277463, -3.948256008008692, -0.20981026251309576
207, 3.2901763916015625e-05, -3.1191234588623047, 3.139065742492676, 1.5695070028305054, 0.0010470151901245117, -1.5697846412658691, 0.0220566987991333, -1.8021217746412335, -5.16089515261364, -3.948261103124473, -0.20982112925783802
208, 1.811981201171875e-05, -3.119130849838257, 3.139065742492676, 1.5695160627365112, 0.0010286569595336914, -1.5697665214538574, 0.02207958698272705, -1.8021149724965717, -5.160889822449873, -3.9482585663051335, -0.20981817000010583
209, 3.2901763916015625e-05, -3.119130849838257, 3.139065742492676, 1.5695252418518066, 0.0010651350021362305, -1.5697755813598633, 0.02207958698272705, -1.802095464017418, -5.160889997592984, -3.948257920924649, -0.20982275241144865
210, 2.5510787963867188e-05, -3.1191234588623047, 3.1390576362609863, 1.569488763809204, 0.001056075096130371, -1.5697755813598633, 0.02209484577178955, -1.8021022050117463, -5.16089461078006, -3.948256530200946, -0.20983748708455874
211, 1.811981201171875e-05, -3.119145631790161, 3.139065742492676, 1.5695070028305054, 0.0010470151901245117, -1.5697755813598633, 0.0220566987991333, -1.8021018899879828, -5.16088803186929, -3.948255211132179, -0.20982143813453025
212, 2.5510787963867188e-05, -3.1191234588623047, 3.1390576362609863, 1.5695070028305054, 0.0010377168655395508, -1.5697574615478516, 0.02209484577178955, -1.8021001231328224, -5.160891181854143, -3.9482570945117663, -0.20982405654032998
213, 2.5510787963867188e-05, -3.119130849838257, 3.139065742492676, 1.569488763809204, 0.001019597053527832, -1.5697846412658691, 0.02207958698272705, -1.8020991030672961, -5.160890179643653, -3.948258125883312, -0.20981803662325405
214, 2.5510787963867188e-05, -3.1191234588623047, 3.1390576362609863, 1.5695160627365112, 0.0010651350021362305, -1.5697574615478516, 0.0220872163772583, -1.8020909982637545, -5.1608884642799255, -3.948257991499864, -0.20980939829986323
215, 2.5510787963867188e-05, -3.1191160678863525, 3.139065742492676, 1.56949782371521, 0.0010470151901245117, -1.569803237915039, 0.02206432819366455, -1.8020833202240194, -5.160887711849752, -3.948256297050903, -0.20981190048519505
216, 4.00543212890625e-05, -3.1191160678863525, 3.139065742492676, 1.56949782371521, 0.001056075096130371, -1.5697755813598633, 0.0220566987991333, -1.8020812196234897, -5.160886769899138, -3.948252912339978, -0.20981423498134433
217, 1.811981201171875e-05, -3.119130849838257, 3.139065742492676, 1.5695160627365112, 0.0010470151901245117, -1.569793701171875, 0.0220719575881958, -1.8020869199760061, -5.160882791964207, -3.9482550684914806, -0.2098097243323238
218, 4.00543212890625e-05, -3.119130849838257, 3.139073610305786, 1.5695160627365112, 0.001056075096130371, -1.569793701171875, 0.02206432819366455, -1.8020902857569496, -5.160882389223018, -3.9482563051974777, -0.20980370675174775
219, 3.2901763916015625e-05, -3.1191234588623047, 3.139065742492676, 1.56949782371521, 0.001056075096130371, -1.569793701171875, 0.0220719575881958, -1.802090481223395, -5.1608851867412895, -3.9482550055954833, -0.20982026971825718
220, 3.2901763916015625e-05, -3.1191234588623047, 3.139065742492676, 1.56949782371521, 0.0010377168655395508, -1.5697665214538574, 0.02206432819366455, -1.8020928948834465, -5.160885144693414, -3.94825837101107, -0.209799373938929
221, 4.744529724121094e-05, -3.1191234588623047, 3.139065742492676, 1.5695343017578125, 0.001056075096130371, -1.5697665214538574, 0.02206432819366455, -1.8020849911621803, -5.160882832158141, -3.9482555425452825, -0.20979026372345988
222, 1.811981201171875e-05, -3.1191160678863525, 3.139065742492676, 1.5695070028305054, 0.0010651350021362305, -1.5697755813598633, 0.0220872163772583, -1.8020835757376106, -5.160882208700866, -3.948258966948212, -0.20977810766921134
223, 3.2901763916015625e-05, -3.1191234588623047, 3.139073610305786, 1.56949782371521, 0.0010377168655395508, -1.5697574615478516, 0.02206432819366455, -1.8020742747723895, -5.160876349661589, -3.948257667788399, -0.20978327818871456
224, 2.5510787963867188e-05, -3.119138240814209, 3.1390576362609863, 1.5695070028305054, 0.0010741949081420898, -1.5697484016418457, 0.0220719575881958, -1.8020727876976894, -5.160879410145973, -3.9482564707048566, -0.20979755112004117
225, 2.5510787963867188e-05, -3.1191160678863525, 3.139065742492676, 1.5695160627365112, 0.0010286569595336914, -1.5697846412658691, 0.0220566987991333, -1.8020632518075548, -5.16088157091207, -3.9482582908377046, -0.2097854964641659
226, 3.2901763916015625e-05, -3.1191160678863525, 3.139065742492676, 1.5695070028305054, 0.001056075096130371, -1.569803237915039, 0.02209484577178955, -1.8020553117325533, -5.160880877916884, -3.9482573321168064, -0.20976694999762113
227, 2.5510787963867188e-05, -3.1191160678863525, 3.139065742492676, 1.5695070028305054, 0.0010286569595336914, -1.5697755813598633, 0.0220872163772583, -1.8020462436598519, -5.160880169696701, -3.9482571251534213, -0.2097567431230143
228, 2.5510787963867188e-05, -3.1191234588623047, 3.139065742492676, 1.56949782371521, 0.0010377168655395508, -1.5697665214538574, 0.0220719575881958, -1.8020396330716308, -5.160876236130551, -3.9482544326477926, -0.20974615561560928
229, 2.5510787963867188e-05, -3.1191084384918213, 3.139065742492676, 1.5695160627365112, 0.001056075096130371, -1.5697484016418457, 0.02206432819366455, -1.8020459588103237, -5.160883192755427, -3.948256573187099, -0.2097587859018244
230, 4.00543212890625e-05, -3.1191160678863525, 3.1390576362609863, 1.5695160627365112, 0.0010377168655395508, -1.5697755813598633, 0.0220566987991333, -1.8020480059497845, -5.160885105933882, -3.9482600488913406, -0.20975764478498338
231, 4.744529724121094e-05, -3.1191160678863525, 3.1390576362609863, 1.5695070028305054, 0.0010741949081420898, -1.5697755813598633, 0.02206432819366455, -1.8020460987288105, -5.16088475283852, -3.948258349582309, -0.20975010077599876
232, 1.811981201171875e-05, -3.1191160678863525, 3.139065742492676, 1.5695070028305054, 0.0010651350021362305, -1.5697484016418457, 0.0220719575881958, -1.8020423353780775, -5.1608847654280465, -3.9482599961555387, -0.20976020391361327
233, 4.00543212890625e-05, -3.1191234588623047, 3.1390576362609863, 1.56949782371521, 0.0010470151901245117, -1.569793701171875, 0.0220719575881958, -1.8020373735252553, -5.1608858301359835, -3.948260203661037, -0.20977193487698198
234, 4.00543212890625e-05, -3.1191234588623047, 3.139065742492676, 1.5695070028305054, 0.001056075096130371, -1.5697484016418457, 0.02207958698272705, -1.8020351274310564, -5.160880924754542, -3.9482558071942293, -0.20979399673679655
235, 2.5510787963867188e-05, -3.119130849838257, 3.139065742492676, 1.56949782371521, 0.001056075096130371, -1.569803237915039, 0.0220719575881958, -1.8020335572816157, -5.1608837272639505, -3.948255538417847, -0.20979154368402675
236, 3.2901763916015625e-05, -3.1191234588623047, 3.139073610305786, 1.5695070028305054, 0.001056075096130371, -1.569793701171875, 0.0220872163772583, -1.8020402201222723, -5.160886254140632, -3.9482579748343474, -0.20980165930120975
237, 2.5510787963867188e-05, -3.1191234588623047, 3.139065742492676, 1.5695160627365112, 0.0010741949081420898, -1.5697846412658691, 0.0220872163772583, -1.8020366949732596, -5.160884064218734, -3.9482609031645106, -0.20977397063866743
238, 1.811981201171875e-05, -3.1191160678863525, 3.139065742492676, 1.5695160627365112, 0.0010651350021362305, -1.5697665214538574, 0.02207958698272705, -1.8020252852366507, -5.16089318200286, -3.948258548325975, -0.20979045951008057
239, 1.811981201171875e-05, -3.1191234588623047, 3.139065742492676, 1.56949782371521, 0.0010470151901245117, -1.5697665214538574, 0.02206432819366455, -1.8020188057343431, -5.160888842898506, -3.948261255702092, -0.20978996812298778
240, 4.00543212890625e-05, -3.1191160678863525, 3.1390576362609863, 1.56949782371521, 0.0010286569595336914, -1.5697665214538574, 0.0220719575881958, -1.8020046136055605, -5.160884369716379, -3.948256976647927, -0.20980430033628927
241, 4.00543212890625e-05, -3.1191234588623047, 3.139065742492676, 1.5695160627365112, 0.001056075096130371, -1.5697574615478516, 0.02206432819366455, -1.8020059454276258, -5.160885006955286, -3.948257059623144, -0.20980009856188087
242, 3.2901763916015625e-05, -3.119130849838257, 3.139065742492676, 1.5695070028305054, 0.0010470151901245117, -1.5697574615478516, 0.0220872163772583, -1.8020119311535427, -5.1608875752824686, -3.9482609274864946, -0.20981950457210363
243, 3.2901763916015625e-05, -3.1191160678863525, 3.1390576362609863, 1.56949782371521, 0.001056075096130371, -1.5697755813598633, 0.02207958698272705, -1.8020135296746682, -5.1608902663344045, -3.948263302473527, -0.2098087197319538
244, 4.744529724121094e-05, -3.119130849838257, 3.139065742492676, 1.5694795846939087, 0.0010651350021362305, -1.5697665214538574, 0.02206432819366455, -1.8019999886242866, -5.160889584390535, -3.948260155875139, -0.2098338913918223
245, 3.2901763916015625e-05, -3.1191160678863525, 3.139065742492676, 1.569488763809204, 0.0010470151901245117, -1.5697846412658691, 0.02207958698272705, -1.8019988793934236, -5.160893205054089, -3.948263650094682, -0.20983932086008394
246, 1.811981201171875e-05, -3.119138240814209, 3.139065742492676, 1.5695160627365112, 0.001056075096130371, -1.5697755813598633, 0.02209484577178955, -1.8019933417847434, -5.160886440439708, -3.9482593337975067, -0.20984566681063566
247, 2.5510787963867188e-05, -3.119130849838257, 3.139065742492676, 1.5695070028305054, 0.0010470151901245117, -1.5697665214538574, 0.0220872163772583, -1.8019886898820054, -5.160879541896, -3.9482555102787127, -0.209839540819849
248, 4.00543212890625e-05, -3.1191234588623047, 3.139065742492676, 1.5695252418518066, 0.0010377168655395508, -1.5697574615478516, 0.02206432819366455, -1.8019967142074416, -5.160881219402627, -3.9482593560136667, -0.20984634151052717
249, 2.5510787963867188e-05, -3.1191234588623047, 3.1390576362609863, 1.56949782371521, 0.001056075096130371, -1.569793701171875, 0.02206432819366455, -1.8019922924802239, -5.16088689086055, -3.9482582036696767, -0.20985456255252455
250, 4.00543212890625e-05, -3.119138240814209, 3.139073610305786, 1.56949782371521, 0.0010470151901245117, -1.5697755813598633, 0.02206432819366455, -1.8019826826987306, -5.160893702846675, -3.948259291055274, -0.20985084749321814
251, 4.00543212890625e-05, -3.1191160678863525, 3.139065742492676, 1.56949782371521, 0.0010651350021362305, -1.5697755813598633, 0.0220566987991333, -1.8019731844496985, -5.160893528809157, -3.948259934458411, -0.2098438564806937
252, 1.811981201171875e-05, -3.1191234588623047, 3.139073610305786, 1.56949782371521, 0.0010377168655395508, -1.569793701171875, 0.02207958698272705, -1.801971929754873, -5.160889507340169, -3.9482609559479553, -0.20984681340444933
253, 1.811981201171875e-05, -3.119130849838257, 3.139065742492676, 1.56949782371521, 0.001019597053527832, -1.5697665214538574, 0.0220719575881958, -1.8019579705051019, -5.160884125571026, -3.9482587625217334, -0.20983966719219538
254, 3.2901763916015625e-05, -3.1191234588623047, 3.139065742492676, 1.5695252418518066, 0.001056075096130371, -1.569793701171875, 0.02207958698272705, -1.801959644725632, -5.160882184854234, -3.9482540353825764, -0.20984865885582504
255, 4.00543212890625e-05, -3.1191084384918213, 3.139065742492676, 1.5695070028305054, 0.0010470151901245117, -1.5697665214538574, 0.0221024751663208, -1.801962952172761, -5.160888458370839, -3.9482561865448282, -0.20985328806435888
256, 3.2901763916015625e-05, -3.1191234588623047, 3.139065742492676, 1.56949782371521, 0.001056075096130371, -1.5697665214538574, 0.0220872163772583, -1.801963542034133, -5.16088951378845, -3.9482564650702208, -0.2098489724023871
257, 3.2901763916015625e-05, -3.119138240814209, 3.139065742492676, 1.5695252418518066, 0.0010651350021362305, -1.5697846412658691, 0.0220719575881958, -1.8019615381359604, -5.16088996728278, -3.948258339479907, -0.2098412973526118
258, 5.4836273193359375e-05, -3.119138240814209, 3.139065742492676, 1.5695160627365112, 0.0010470151901245117, -1.5697665214538574, 0.02207958698272705, -1.8019556205178415, -5.1608892773826005, -3.9482568854220066, -0.20984722835421277
259, 1.811981201171875e-05, -3.1191084384918213, 3.139073610305786, 1.5695160627365112, 0.0010470151901245117, -1.569793701171875, 0.02207958698272705, -1.8019547257526785, -5.16088662486981, -3.9482583472874695, -0.20984539305386818
260, 2.5510787963867188e-05, -3.1191012859344482, 3.139065742492676, 1.56949782371521, 0.0010377168655395508, -1.5697755813598633, 0.02204906940460205, -1.8019462752054134, -5.160881699838125, -3.948253601206245, -0.20985282865579258
261, 1.811981201171875e-05, -3.119145631790161, 3.139065742492676, 1.569488763809204, 0.001056075096130371, -1.569793701171875, 0.0220719575881958, -1.8019526705029438, -5.160882868717007, -3.9482556676162295, -0.20983358799345186
262, 4.00543212890625e-05, -3.119138240814209, 3.139073610305786, 1.5695070028305054, 0.0010741949081420898, -1.5697846412658691, 0.02206432819366455, -1.8019372640130937, -5.160892431471669, -3.9482559776989894, -0.20984090737253958
263, 4.00543212890625e-05, -3.119130849838257, 3.139073610305786, 1.5695160627365112, 0.0010377168655395508, -1.5697846412658691, 0.0220719575881958, -1.8019240364738167, -5.160898216213198, -3.94825429151029, -0.20983889423596125
264, 2.5510787963867188e-05, -3.1191234588623047, 3.139065742492676, 1.5695070028305054, 0.001056075096130371, -1.5697846412658691, 0.02207958698272705, -1.8019217362053745, -5.160894437734292, -3.948255280623067, -0.20983414646973486
265, 3.2901763916015625e-05, -3.1191234588623047, 3.1390576362609863, 1.5695070028305054, 0.0010651350021362305, -1.5697574615478516, 0.02207958698272705, -1.8019216651951164, -5.160894912859918, -3.948256011447298, -0.20984056418603636
266, 4.744529724121094e-05, -3.119138240814209, 3.139065742492676, 1.5695070028305054, 0.0010741949081420898, -1.5697755813598633, 0.02207958698272705, -1.8019146756864017, -5.160894711389024, -3.9482554254786155, -0.20982310969273676
267, 1.811981201171875e-05, -3.1191160678863525, 3.139065742492676, 1.56949782371521, 0.0010741949081420898, -1.5697846412658691, 0.0220872163772583, -1.8019184102357382, -5.160899141779816, -3.9482567934319484, -0.20982243032430414
268, 4.00543212890625e-05, -3.119130849838257, 3.1390576362609863, 1.5695070028305054, 0.0010377168655395508, -1.5697846412658691, 0.02207958698272705, -1.801915086231022, -5.16090186237445, -3.9482555168486515, -0.209840603975473
269, 2.5510787963867188e-05, -3.1191160678863525, 3.139065742492676, 1.5695070028305054, 0.0010470151901245117, -1.5697846412658691, 0.02209484577178955, -1.8019035217479855, -5.160911102538108, -3.948257030659206, -0.20983676020705477
270, 2.5510787963867188e-05, -3.119130849838257, 3.139065742492676, 1.569488763809204, 0.001056075096130371, -1.569793701171875, 0.02207958698272705, -1.8018951641239762, -5.160911173905476, -3.948252064525328, -0.2098309352763632
271, 4.744529724121094e-05, -3.1191234588623047, 3.139065742492676, 1.5695160627365112, 0.001019597053527832, -1.5697755813598633, 0.02207958698272705, -1.8018956309696295, -5.160909225559172, -3.9482531789532653, -0.20983591548714653
272, 3.2901763916015625e-05, -3.1191084384918213, 3.1390576362609863, 1.56949782371521, 0.001056075096130371, -1.5697665214538574, 0.0220872163772583, -1.8018973852329054, -5.160912711341173, -3.9482568270564777, -0.20983647863376031
273, 5.4836273193359375e-05, -3.1191084384918213, 3.139065742492676, 1.56949782371521, 0.0010470151901245117, -1.5697846412658691, 0.02207958698272705, -1.801895143446877, -5.160914625185911, -3.948259669951787, -0.20983842548749543
274, 3.2901763916015625e-05, -3.1191084384918213, 3.139065742492676, 1.569488763809204, 0.0010651350021362305, -1.5697755813598633, 0.02207958698272705, -1.8018874059988967, -5.160919329934378, -3.9482581179332974, -0.2098367064081943
275, 4.00543212890625e-05, -3.1191160678863525, 3.139065742492676, 1.56949782371521, 0.0010741949081420898, -1.569793701171875, 0.0220566987991333, -1.8018750363876317, -5.160921532972285, -3.948256311775858, -0.209829933018173
276, 3.2901763916015625e-05, -3.1191234588623047, 3.1390576362609863, 1.5695070028305054, 0.0010470151901245117, -1.5697755813598633, 0.0220719575881958, -1.8018606232814038, -5.160921706769606, -3.9482544834688316, -0.2098339273189369
277, 3.2901763916015625e-05, -3.1191160678863525, 3.139065742492676, 1.5695252418518066, 0.001056075096130371, -1.5697665214538574, 0.02207958698272705, -1.8018602604213982, -5.160918425582198, -3.948254602845676, -0.20982114882591674
278, 3.2901763916015625e-05, -3.1191160678863525, 3.1390576362609863, 1.56949782371521, 0.001056075096130371, -1.5697755813598633, 0.02207958698272705, -1.8018611582583395, -5.160913846514748, -3.948253348807992, -0.2098202471624404
279, 4.744529724121094e-05, -3.1191084384918213, 3.139065742492676, 1.5695070028305054, 0.001056075096130371, -1.569793701171875, 0.02209484577178955, -1.8018641705161103, -5.160910824330821, -3.9482543207526986, -0.2098192269416792
280, 3.2901763916015625e-05, -3.119130849838257, 3.139065742492676, 1.5695343017578125, 0.001056075096130371, -1.5697755813598633, 0.02207958698272705, -1.801859576616252, -5.160905878081771, -3.948257350602674, -0.20980315067169997
281, 3.2901763916015625e-05, -3.119130849838257, 3.139065742492676, 1.5695070028305054, 0.001056075096130371, -1.5697755813598633, 0.0220872163772583, -1.8018529914069, -5.1609057249768355, -3.9482574530676455, -0.20979317856785684
282, 5.4836273193359375e-05, -3.1191012859344482, 3.139065742492676, 1.56949782371521, 0.0010470151901245117, -1.5697755813598633, 0.0220719575881958, -1.8018394359237442, -5.160900878347443, -3.9482533355224936, -0.20978992524984896
283, 1.811981201171875e-05, -3.1191234588623047, 3.139065742492676, 1.5695070028305054, 0.0010286569595336914, -1.569803237915039, 0.02206432819366455, -1.801833493965896, -5.160900902180412, -3.9482510064473733, -0.20977850782862806
284, 3.2901763916015625e-05, -3.119145631790161, 3.139065742492676, 1.56949782371521, 0.0010377168655395508, -1.569793701171875, 0.02209484577178955, -1.8018346563628644, -5.160898711553405, -3.948251023707489, -0.2097868645878691
285, 2.5510787963867188e-05, -3.1191234588623047, 3.139065742492676, 1.5695160627365112, 0.0010286569595336914, -1.5697846412658691, 0.0220872163772583, -1.8018381234010077, -5.160892927893377, -3.9482497964428362, -0.2097832431158766
286, 4.00543212890625e-05, -3.119130849838257, 3.139073610305786, 1.5695160627365112, 0.0010470151901245117, -1.5697665214538574, 0.02206432819366455, -1.8018421700025935, -5.160891046838652, -3.948255509664763, -0.20977495811677827
287, 3.2901763916015625e-05, -3.119138240814209, 3.139065742492676, 1.5695252418518066, 0.0010470151901245117, -1.569803237915039, 0.02207958698272705, -1.8018401877313555, -5.160894574706838, -3.9482544254683294, -0.20978872719291086
288, 2.5510787963867188e-05, -3.1191160678863525, 3.1390576362609863, 1.5695070028305054, 0.0010286569595336914, -1.5697484016418457, 0.0220719575881958, -1.8018292519969523, -5.160888590497443, -3.948253437128391, -0.2097734043869579
289, 3.2901763916015625e-05, -3.1191160678863525, 3.139065742492676, 1.5695070028305054, 0.0010470151901245117, -1.5697846412658691, 0.0220719575881958, -1.8018231600065908, -5.160882361914212, -3.94825243057486, -0.20976154471354036
290, 4.00543212890625e-05, -3.1191160678863525, 3.139065742492676, 1.569488763809204, 0.001056075096130371, -1.5697755813598633, 0.0220719575881958, -1.8018181844747017, -5.160882705501067, -3.9482496650188574, -0.20976388388808243
291, 1.811981201171875e-05, -3.1191234588623047, 3.139065742492676, 1.56949782371521, 0.0010470151901245117, -1.5697846412658691, 0.02207958698272705, -1.8018252318366748, -5.160883655558797, -3.948251721466358, -0.2097606555308964
292, 3.2901763916015625e-05, -3.119130849838257, 3.139065742492676, 1.5695160627365112, 0.0010470151901245117, -1.5697665214538574, 0.0220872163772583, -1.8018275478033532, -5.160886270290254, -3.948253301720904, -0.20976484482971003
293, 4.744529724121094e-05, -3.1191084384918213, 3.139073610305786, 1.5695160627365112, 0.0010377168655395508, -1.5697665214538574, 0.0220872163772583, -1.8018158564349003, -5.160887297504407, -3.9482523644282383, -0.20976984219426154
294, 2.5510787963867188e-05, -3.1191234588623047, 3.139065742492676, 1.56949782371521, 0.0010741949081420898, -1.5697846412658691, 0.02207958698272705, -1.8018049773097693, -5.160888271853022, -3.9482507273262417, -0.2097616632712196
295, 1.811981201171875e-05, -3.119138240814209, 3.139065742492676, 1.5695252418518066, 0.0010470151901245117, -1.5697665214538574, 0.0220719575881958, -1.801802476680448, -5.160888771302404, -3.948248290823497, -0.20977367114157808
296, 3.2901763916015625e-05, -3.1191084384918213, 3.139065742492676, 1.569488763809204, 0.001056075096130371, -1.5697665214538574, 0.0220872163772583, -1.8018060033345256, -5.160887807455914, -3.9482517078462007, -0.2097754151887976
297, 2.5510787963867188e-05, -3.1191084384918213, 3.139065742492676, 1.5695070028305054, 0.0010470151901245117, -1.5697665214538574, 0.02206432819366455, -1.8018046984134521, -5.1608821597456025, -3.94825219873031, -0.20976513654528084
298, 4.00543212890625e-05, -3.1191084384918213, 3.139065742492676, 1.5695070028305054, 0.0010651350021362305, -1.5697665214538574, 0.0220719575881958, -1.8018037543028962, -5.160884540764881, -3.9482525096444183, -0.20976559361696534
299, 2.5510787963867188e-05, -3.119130849838257, 3.139065742492676, 1.56949782371521, 0.0010651350021362305, -1.569793701171875, 0.02209484577178955, -1.8018015761033943, -5.160881384615636, -3.9482545941289815, -0.20976733766407296
300, 4.00543212890625e-05, -3.119130849838257, 3.139065742492676, 1.5694795846939087, 0.0010286569595336914, -1.5697665214538574, 0.0220872163772583, -1.80179210225133, -5.160879871339382, -3.948253877023945, -0.20974330710238487
301, 3.2901763916015625e-05, -3.1191160678863525, 3.1390576362609863, 1.56949782371521, 0.0010651350021362305, -1.5697846412658691, 0.0220719575881958, -1.8017893132024572, -5.160884608238342, -3.9482507408344203, -0.20975160458392406
302, 3.2901763916015625e-05, -3.119138240814209, 3.139065742492676, 1.569488763809204, 0.0010470151901245117, -1.5697755813598633, 0.02204906940460205, -1.8017936278396065, -5.160887683503792, -3.9482501237490344, -0.2097500087345736
303, 2.5510787963867188e-05, -3.119130849838257, 3.1390576362609863, 1.5695070028305054, 0.0010286569595336914, -1.5697665214538574, 0.0220872163772583, -1.8017982992594803, -5.160891021705014, -3.948249746594922, -0.2097333420142773
304, 3.2901763916015625e-05, -3.119138240814209, 3.139065742492676, 1.56949782371521, 0.001056075096130371, -1.5697846412658691, 0.02207958698272705, -1.8018025738564902, -5.16089256460201, -3.9482546493235278, -0.20973143260998395
305, 1.811981201171875e-05, -3.1191084384918213, 3.1390576362609863, 1.5695160627365112, 0.0010651350021362305, -1.569803237915039, 0.0220719575881958, -1.8018008406917367, -5.16088599279794, -3.9482566980696503, -0.20973271958552075
306, 1.811981201171875e-05, -3.1191084384918213, 3.139065742492676, 1.5695160627365112, 0.0010741949081420898, -1.569793701171875, 0.0220719575881958, -1.801794741964424, -5.160883470413831, -3.9482577939304386, -0.20973714132075205
307, 2.5510787963867188e-05, -3.119138240814209, 3.1390576362609863, 1.5695070028305054, 0.0010651350021362305, -1.5697665214538574, 0.02207958698272705, -1.8017865364446033, -5.1608765532647425, -3.9482558481123373, -0.20974360349688315
308, 2.5510787963867188e-05, -3.1191160678863525, 3.139073610305786, 1.56949782371521, 0.0010834932327270508, -1.569803237915039, 0.02207958698272705, -1.8017810355669477, -5.160870348525309, -3.94825336524187, -0.2097275272240422
309, 4.00543212890625e-05, -3.119138240814209, 3.1390576362609863, 1.56949782371521, 0.001056075096130371, -1.569793701171875, 0.0220872163772583, -1.8017855556847666, -5.1608672451406, -3.94825512187007, -0.20972427390646953
310, 3.2901763916015625e-05, -3.1191160678863525, 3.139065742492676, 1.56949782371521, 0.0010741949081420898, -1.569793701171875, 0.02206432819366455, -1.8017857637243977, -5.160872239119841, -3.9482564934449518, -0.20971732502129647
311, 3.2901763916015625e-05, -3.1191234588623047, 3.139065742492676, 1.5695070028305054, 0.0010651350021362305, -1.5697846412658691, 0.0220566987991333, -1.8017808951836831, -5.16087066461607, -3.948254666165931, -0.20971579858750466
312, 4.00543212890625e-05, -3.1191084384918213, 3.139065742492676, 1.56949782371521, 0.0010105371475219727, -1.5697846412658691, 0.02207958698272705, -1.80177349062108, -5.1608618636700765, -3.9482556172504113, -0.20970656980341662
313, 1.811981201171875e-05, -3.119086503982544, 3.139073610305786, 1.56949782371521, 0.001056075096130371, -1.569803237915039, 0.0220719575881958, -1.8017643392914358, -5.160863409809097, -3.948253310516732, -0.20972394787218995
314, 3.2901763916015625e-05, -3.1191234588623047, 3.139065742492676, 1.5695070028305054, 0.0010470151901245117, -1.569793701171875, 0.0220872163772583, -1.8017643314881608, -5.160865678500734, -3.9482531692432037, -0.2097283696075456
315, 3.2901763916015625e-05, -3.1191160678863525, 3.139065742492676, 1.56949782371521, 0.0010377168655395508, -1.5697846412658691, 0.0220872163772583, -1.8017649242763785, -5.160866389842193, -3.948250433734793, -0.20971887406815615
316, 3.2901763916015625e-05, -3.1191084384918213, 3.1390576362609863, 1.56949782371521, 0.0010470151901245117, -1.5697755813598633, 0.0220719575881958, -1.8017706961546434, -5.160870277834618, -3.948256646916553, -0.20973177112257524
317, 2.5510787963867188e-05, -3.1191234588623047, 3.139065742492676, 1.5695070028305054, 0.0010286569595336914, -1.5697665214538574, 0.02207958698272705, -1.8017646570666375, -5.160869591995401, -3.9482534745363216, -0.20972319440720533
318, 2.5510787963867188e-05, -3.119138240814209, 3.1390576362609863, 1.5695160627365112, 0.0010470151901245117, -1.5697665214538574, 0.02209484577178955, -1.80176322890744, -5.160864809489021, -3.948257167698095, -0.20970714543104485
319, 2.5510787963867188e-05, -3.1191234588623047, 3.139065742492676, 1.5695160627365112, 0.0010741949081420898, -1.5697665214538574, 0.0220719575881958, -1.8017575028851724, -5.16086067512118, -3.9482557424454474, -0.20971035194684706
320, 3.2901763916015625e-05, -3.1191160678863525, 3.139065742492676, 1.5695070028305054, 0.0010377168655395508, -1.569793701171875, 0.02211010456085205, -1.801756833044105, -5.160860268602927, -3.9482563374620105, -0.209723710756343
321, 3.2901763916015625e-05, -3.119130849838257, 3.139065742492676, 1.5695070028305054, 0.001056075096130371, -1.5697574615478516, 0.0220719575881958, -1.8017526344984347, -5.160866058542946, -3.948255124225395, -0.20970631552478292
322, 4.00543212890625e-05, -3.1191084384918213, 3.139065742492676, 1.56949782371521, 0.001056075096130371, -1.5697755813598633, 0.0220719575881958, -1.8017509332878565, -5.16087115133164, -3.9482566310942047, -0.2097012417198192
323, 4.00543212890625e-05, -3.1191012859344482, 3.139073610305786, 1.5695070028305054, 0.0010286569595336914, -1.5697484016418457, 0.02206432819366455, -1.8017518434797783, -5.160876502087804, -3.9482577734031357, -0.20968592359696903
324, 2.5510787963867188e-05, -3.119130849838257, 3.139065742492676, 1.5695070028305054, 0.0010834932327270508, -1.569793701171875, 0.02206432819366455, -1.8017525275850397, -5.160871141494036, -3.9482570083779023, -0.20968258136101703
325, 1.811981201171875e-05, -3.119130849838257, 3.139065742492676, 1.5695160627365112, 0.0010470151901245117, -1.569793701171875, 0.0220872163772583, -1.8017399899361979, -5.160869680211598, -3.948253771030269, -0.20968391045215995
326, 4.00543212890625e-05, -3.1191084384918213, 3.1390576362609863, 1.56949782371521, 0.0010105371475219727, -1.5697755813598633, 0.02209484577178955, -1.8017442632631613, -5.160867416355373, -3.948256148904228, -0.20968544702024428
327, 2.5510787963867188e-05, -3.1191234588623047, 3.139065742492676, 1.5695343017578125, 0.0010651350021362305, -1.5697665214538574, 0.02207958698272705, -1.80174622037385, -5.160865994173408, -3.9482571140195146, -0.20967799426388112
328, 4.00543212890625e-05, -3.1191160678863525, 3.139065742492676, 1.5695070028305054, 0.0010925531387329102, -1.5697574615478516, 0.0220872163772583, -1.8017380996024484, -5.1608742733849295, -3.9482558020908316, -0.20968229744107525
329, 4.00543212890625e-05, -3.119130849838257, 3.139065742492676, 1.5695070028305054, 0.0010470151901245117, -1.5697755813598633, 0.02206432819366455, -1.8017402719968119, -5.160875797977901, -3.9482571433547515, -0.20968099798952888
330, 4.00543212890625e-05, -3.1191084384918213, 3.139065742492676, 1.5695070028305054, 0.0010470151901245117, -1.5697665214538574, 0.0220719575881958, -1.8017354631551035, -5.160876013924207, -3.9482587208497146, -0.20967503734203596
331, 2.5510787963867188e-05, -3.119130849838257, 3.139065742492676, 1.569488763809204, 0.0010377168655395508, -1.5697755813598633, 0.0220872163772583, -1.8017299893033045, -5.160871265784623, -3.948258629077218, -0.2096733650516267
332, 3.2901763916015625e-05, -3.119130849838257, 3.139073610305786, 1.56949782371521, 0.001056075096130371, -1.5697755813598633, 0.02206432819366455, -1.8017232528393143, -5.160864628345474, -3.948254909437883, -0.20966838016449962
333, 4.744529724121094e-05, -3.1191234588623047, 3.139065742492676, 1.5695160627365112, 0.0010834932327270508, -1.5697846412658691, 0.0221024751663208, -1.801730774412817, -5.160868585794361, -3.9482556482077804, -0.20966626562542068
334, 4.744529724121094e-05, -3.119130849838257, 3.139065742492676, 1.5695252418518066, 0.0010741949081420898, -1.5697755813598633, 0.0220719575881958, -1.8017259725775245, -5.160869759144704, -3.9482549644600793, -0.2096686048063514
335, 2.5510787963867188e-05, -3.1191160678863525, 3.139065742492676, 1.5695252418518066, 0.0010651350021362305, -1.5697846412658691, 0.02207958698272705, -1.8017261714034198, -5.160878803784965, -3.9482602672096454, -0.20968325838214774
336, 3.2901763916015625e-05, -3.1191234588623047, 3.139073610305786, 1.56949782371521, 0.0010741949081420898, -1.5697665214538574, 0.0220566987991333, -1.801723240760304, -5.160875084807891, -3.948259985154846, -0.2096881964657138
337, 4.00543212890625e-05, -3.119130849838257, 3.139065742492676, 1.5695070028305054, 0.0010377168655395508, -1.5697755813598633, 0.02207958698272705, -1.8017179498247904, -5.160867568538642, -3.9482592329979505, -0.20967969619370574
338, 2.5510787963867188e-05, -3.119130849838257, 3.1390576362609863, 1.5695252418518066, 0.0010651350021362305, -1.5697846412658691, 0.02207958698272705, -1.8017117307712496, -5.160864342685197, -3.948256227479814, -0.20969351986360696
339, 3.2901763916015625e-05, -3.1191160678863525, 3.139065742492676, 1.5695070028305054, 0.0010470151901245117, -1.569803237915039, 0.02207958698272705, -1.8017133420007554, -5.160860796345387, -3.948258973532289, -0.20969497220060251
340, 4.00543212890625e-05, -3.1191234588623047, 3.139065742492676, 1.56949782371521, 0.001056075096130371, -1.5697665214538574, 0.02206432819366455, -1.8017096076528967, -5.1608646350638585, -3.948257084022212, -0.2096965532284356
341, 4.744529724121094e-05, -3.119130849838257, 3.139065742492676, 1.5695160627365112, 0.001056075096130371, -1.5697846412658691, 0.02207958698272705, -1.801700062084334, -5.160869719770702, -3.9482573589319876, -0.20969242320083126
342, 4.00543212890625e-05, -3.1191234588623047, 3.139065742492676, 1.5695160627365112, 0.0010470151901245117, -1.569793701171875, 0.02209484577178955, -1.801700350266025, -5.160875355432059, -3.9482574758558844, -0.20969454008391342
343, 2.5510787963867188e-05, -3.1191160678863525, 3.1390576362609863, 1.5695070028305054, 0.0010377168655395508, -1.5697574615478516, 0.02207958698272705, -1.801702666395316, -5.16087520958089, -3.948259091643534, -0.20970021915634618
344, 2.5510787963867188e-05, -3.119145631790161, 3.139065742492676, 1.569488763809204, 0.001056075096130371, -1.5697665214538574, 0.02207958698272705, -1.8016972877665691, -5.160865613259456, -3.9482594873918377, -0.20969260103804643
345, 4.744529724121094e-05, -3.1191160678863525, 3.139065742492676, 1.5695070028305054, 0.0010741949081420898, -1.5697755813598633, 0.0220719575881958, -1.8016919585260993, -5.160865120986392, -3.94825599089255, -0.20969002942946702
346, 4.00543212890625e-05, -3.1191084384918213, 3.139065742492676, 1.56949782371521, 0.0010470151901245117, -1.569793701171875, 0.02207958698272705, -1.8016986071848269, -5.16086775651145, -3.9482586760203437, -0.2096836982870025
347, 2.5510787963867188e-05, -3.1191160678863525, 3.139065742492676, 1.56949782371521, 0.001056075096130371, -1.5697755813598633, 0.02207958698272705, -1.801690441649883, -5.160870784992923, -3.948259385186812, -0.20967766119517695
348, 4.00543212890625e-05, -3.1191160678863525, 3.139065742492676, 1.5695160627365112, 0.0010470151901245117, -1.5697665214538574, 0.02206432819366455, -1.80167761616039, -5.160880940131524, -3.948259510085435, -0.20966908447901744
349, 1.811981201171875e-05, -3.1191160678863525, 3.139065742492676, 1.5695070028305054, 0.0010377168655395508, -1.569793701171875, 0.02206432819366455, -1.801671441904714, -5.160884469537712, -3.9482580828568787, -0.2096862082722728
350, 4.00543212890625e-05, -3.119138240814209, 3.139065742492676, 1.569488763809204, 0.0010377168655395508, -1.5697846412658691, 0.0220872163772583, -1.8016674220883409, -5.160874324550262, -3.948260865089551, -0.2096837380579899
351, 1.0728836059570312e-05, -3.1191234588623047, 3.139065742492676, 1.5695252418518066, 0.0010470151901245117, -1.569793701171875, 0.02207958698272705, -1.8016596542392938, -5.160870534285423, -3.9482576939089755, -0.20968481286928764
352, 4.00543212890625e-05, -3.1191234588623047, 3.1390576362609863, 1.5695160627365112, 0.001056075096130371, -1.5697574615478516, 0.0220719575881958, -1.8016574498319966, -5.160870947487581, -3.948254283910449, -0.20967956591340808
353, 4.744529724121094e-05, -3.1191234588623047, 3.139073610305786, 1.5695160627365112, 0.0010470151901245117, -1.5697665214538574, 0.02206432819366455, -1.8016590311461553, -5.1608759783342935, -3.9482579690436594, -0.20967465277926678
354, 2.5510787963867188e-05, -3.119138240814209, 3.139065742492676, 1.5695252418518066, 0.0010377168655395508, -1.5697755813598633, 0.0220566987991333, -1.80164763875032, -5.160883112777194, -3.948259882159098, -0.20967685623783439
355, 4.744529724121094e-05, -3.119130849838257, 3.139065742492676, 1.5695070028305054, 0.0010741949081420898, -1.5697484016418457, 0.02207958698272705, -1.801642990227856, -5.160884962112956, -3.948261068286163, -0.20968951383819512
356, 1.811981201171875e-05, -3.1191234588623047, 3.139065742492676, 1.5695160627365112, 0.0010651350021362305, -1.5697665214538574, 0.02207958698272705, -1.8016355696705373, -5.160880792581993, -3.9482592703158295, -0.20968410151994998
357, 4.00543212890625e-05, -3.119130849838257, 3.139065742492676, 1.5695343017578125, 0.0010286569595336914, -1.5697755813598633, 0.0221024751663208, -1.8016321139294011, -5.160876016072579, -3.948255544387707, -0.20969605245908696
358, 1.811981201171875e-05, -3.119130849838257, 3.1390576362609863, 1.5695070028305054, 0.001056075096130371, -1.5697574615478516, 0.02209484577178955, -1.8016255125713747, -5.160876509001324, -3.9482547532466383, -0.2096957981795713
359, 4.00543212890625e-05, -3.1191084384918213, 3.139065742492676, 1.5695252418518066, 0.0010470151901245117, -1.5697846412658691, 0.0220719575881958, -1.801626054439542, -5.160882183304213, -3.94825476596919, -0.2096886815869201
360, 2.5510787963867188e-05, -3.1191160678863525, 3.139065742492676, 1.569488763809204, 0.0010651350021362305, -1.5697665214538574, 0.0220566987991333, -1.8016182147339577, -5.160890527833226, -3.948256767966909, -0.20968943739549673
361, 3.2901763916015625e-05, -3.1191530227661133, 3.139065742492676, 1.5695070028305054, 0.0010470151901245117, -1.5697846412658691, 0.02207958698272705, -1.8016147145063048, -5.160884424410948, -3.9482592194577495, -0.20968328174370932
362, 3.2901763916015625e-05, -3.119138240814209, 3.139065742492676, 1.5695160627365112, 0.001056075096130371, -1.5697755813598633, 0.0220719575881958, -1.8016139931595203, -5.16088420676412, -3.9482565524728135, -0.20968429183293225
363, 4.00543212890625e-05, -3.1191084384918213, 3.1390576362609863, 1.5695252418518066, 0.0010377168655395508, -1.569793701171875, 0.02207958698272705, -1.8016168037145954, -5.160883352148772, -3.948255525977375, -0.2096987129872634
364, 3.2901763916015625e-05, -3.1191160678863525, 3.139065742492676, 1.56949782371521, 0.0010470151901245117, -1.5697755813598633, 0.02206432819366455, -1.8016235869210888, -5.1608841795584866, -3.9482559153510364, -0.20968868393079187
365, 3.2901763916015625e-05, -3.1191084384918213, 3.139065742492676, 1.5695252418518066, 0.0010925531387329102, -1.5697665214538574, 0.0220872163772583, -1.8016200173711345, -5.160884199056583, -3.9482559660539094, -0.20967632038099904
366, 3.2901763916015625e-05, -3.1191160678863525, 3.139065742492676, 1.56949782371521, 0.0010470151901245117, -1.569793701171875, 0.02207958698272705, -1.8016159451934164, -5.160894594570247, -3.948258049055778, -0.20968420057011627
367, 4.00543212890625e-05, -3.1191084384918213, 3.139065742492676, 1.5695070028305054, 0.0010470151901245117, -1.569803237915039, 0.02207958698272705, -1.8016131639222923, -5.160891010808987, -3.9482577262616023, -0.2096966233998625
368, 4.00543212890625e-05, -3.1191012859344482, 3.139065742492676, 1.5695070028305054, 0.0010377168655395508, -1.5697665214538574, 0.0220719575881958, -1.8016080196085835, -5.160886621247436, -3.9482569471978763, -0.2096825158035278
369, 2.5510787963867188e-05, -3.1191234588623047, 3.139065742492676, 1.5695070028305054, 0.0010834932327270508, -1.5697665214538574, 0.0220566987991333, -1.8016089537982816, -5.160884637290597, -3.9482582257048233, -0.209695827819111
370, 4.00543212890625e-05, -3.1191234588623047, 3.139065742492676, 1.5695160627365112, 0.001056075096130371, -1.569803237915039, 0.0220872163772583, -1.8016040047546311, -5.160885689626241, -3.948254476529822, -0.20968287147826192
371, 2.5510787963867188e-05, -3.119130849838257, 3.139065742492676, 1.5695070028305054, 0.0010470151901245117, -1.569803237915039, 0.02206432819366455, -1.8016068286844344, -5.160888432504786, -3.9482547744829364, -0.2096797343731316
372, 2.5510787963867188e-05, -3.1191084384918213, 3.139065742492676, 1.5695160627365112, 0.0010286569595336914, -1.5697665214538574, 0.02206432819366455, -1.8016099007482163, -5.160902986714284, -3.9482594155833914, -0.20965652667477652
373, 3.2901763916015625e-05, -3.119130849838257, 3.139065742492676, 1.5695070028305054, 0.001019597053527832, -1.5697665214538574, 0.02209484577178955, -1.8016016555036347, -5.160899193841711, -3.948256853418875, -0.20966528357702519
374, 1.811981201171875e-05, -3.119145631790161, 3.139065742492676, 1.56949782371521, 0.001056075096130371, -1.5697846412658691, 0.0220719575881958, -1.8015956725574864, -5.160895159332037, -3.948259437707542, -0.20967270669754967
375, 4.00543212890625e-05, -3.1191160678863525, 3.139065742492676, 1.5695252418518066, 0.0010470151901245117, -1.5697755813598633, 0.02207958698272705, -1.8015834784921894, -5.160888128410294, -3.948256770545132, -0.20965699856267772
376, 2.5510787963867188e-05, -3.1191012859344482, 3.139065742492676, 1.569488763809204, 0.0010377168655395508, -1.5697665214538574, 0.0220719575881958, -1.8015869759195566, -5.160893458754762, -3.948259071561813, -0.20967373939325107
377, 4.744529724121094e-05, -3.1191012859344482, 3.139073610305786, 1.56949782371521, 0.0010470151901245117, -1.569803237915039, 0.02206432819366455, -1.8015820710632233, -5.160894705242701, -3.9482584318391707, -0.2096600295850104
378, 2.5510787963867188e-05, -3.1191234588623047, 3.139065742492676, 1.5695070028305054, 0.001019597053527832, -1.569793701171875, 0.02207958698272705, -1.8015789425322062, -5.160901498217224, -3.9482583250158765, -0.20965970354938612
379, 4.00543212890625e-05, -3.1191234588623047, 3.139065742492676, 1.5695343017578125, 0.0010286569595336914, -1.569793701171875, 0.02207958698272705, -1.8015680067499478, -5.160901960619072, -3.9482587012498307, -0.20966512834320916
380, 4.00543212890625e-05, -3.1191160678863525, 3.139073610305786, 1.56949782371521, 0.0010377168655395508, -1.5697846412658691, 0.02207958698272705, -1.801563177334619, -5.160896941047979, -3.9482608322450217, -0.2096816024196606
381, 4.00543212890625e-05, -3.1191234588623047, 3.139065742492676, 1.5695070028305054, 0.001019597053527832, -1.5697755813598633, 0.02207958698272705, -1.8015630432302177, -5.160898088295601, -3.948257004556258, -0.20969911622450876
382, 1.811981201171875e-05, -3.1191160678863525, 3.139065742492676, 1.56949782371521, 0.0010651350021362305, -1.5697755813598633, 0.0220719575881958, -1.8015554702447882, -5.160899236023968, -3.9482580842398924, -0.20970321192818808
383, 2.5510787963867188e-05, -3.1191234588623047, 3.139073610305786, 1.56949782371521, 0.0010377168655395508, -1.5697846412658691, 0.0220872163772583, -1.801555825414654, -5.160902145814466, -3.9482568467411703, -0.20969948437555264
384, 4.744529724121094e-05, -3.119093656539917, 3.139065742492676, 1.5695070028305054, 0.0010651350021362305, -1.5697665214538574, 0.02206432819366455, -1.8015534423906907, -5.1609077854103855, -3.9482565861528798, -0.20967645685581893
385, 2.5510787963867188e-05, -3.1191160678863525, 3.139065742492676, 1.5695070028305054, 0.0010470151901245117, -1.5697846412658691, 0.0220719575881958, -1.8015463004894907, -5.160912509106396, -3.948257388331722, -0.20967743027277486
386, 4.00543212890625e-05, -3.1191084384918213, 3.139065742492676, 1.56949782371521, 0.0010377168655395508, -1.5697755813598633, 0.02207958698272705, -1.8015407966251675, -5.160911952654764, -3.9482574449947783, -0.2096820719642567
387, 2.5510787963867188e-05, -3.1191234588623047, 3.139065742492676, 1.5695070028305054, 0.0010470151901245117, -1.5697484016418457, 0.0221024751663208, -1.8015410581632518, -5.160911498683976, -3.9482573741150335, -0.20968720739703972
388, 3.2901763916015625e-05, -3.119130849838257, 3.139073610305786, 1.5695160627365112, 0.0010377168655395508, -1.5697755813598633, 0.02206432819366455, -1.8015362066787297, -5.160911811122855, -3.9482558671637045, -0.2096760419017052
389, 4.00543212890625e-05, -3.1191234588623047, 3.1390576362609863, 1.5695070028305054, 0.0010834932327270508, -1.5697755813598633, 0.0220719575881958, -1.8015318122947357, -5.160920353427078, -3.9482582746056547, -0.20969631763079377
390, 2.5510787963867188e-05, -3.119130849838257, 3.139065742492676, 1.569488763809204, 0.001056075096130371, -1.5697665214538574, 0.02207958698272705, -1.8015316538664856, -5.160927483923173, -3.948259727029861, -0.20968927279088412
391, 2.5510787963867188e-05, -3.119130849838257, 3.139065742492676, 1.5695070028305054, 0.001056075096130371, -1.5697846412658691, 0.0220872163772583, -1.8015270320058736, -5.160929046728157, -3.948257837200308, -0.20968254854166712
392, 4.744529724121094e-05, -3.1191234588623047, 3.139073610305786, 1.5695070028305054, 0.0010470151901245117, -1.5697846412658691, 0.02207958698272705, -1.8015190823696907, -5.160915137753338, -3.9482546091462756, -0.2096803996725587
393, 2.5510787963867188e-05, -3.1191160678863525, 3.139073610305786, 1.5695070028305054, 0.0010470151901245117, -1.569793701171875, 0.0220719575881958, -1.8015185080932656, -5.1609131951598135, -3.948256132864392, -0.2096830625457171
394, 3.2901763916015625e-05, -3.1191160678863525, 3.139065742492676, 1.5695070028305054, 0.0010651350021362305, -1.569793701171875, 0.0220719575881958, -1.8015183992545594, -5.160913321740418, -3.948257543790467, -0.20969204174602396
395, 4.00543212890625e-05, -3.1191084384918213, 3.139073610305786, 1.5695343017578125, 0.001056075096130371, -1.5697846412658691, 0.0220719575881958, -1.8015150350031992, -5.160919994900526, -3.948256493535392, -0.209679661027514
396, 4.00543212890625e-05, -3.1191160678863525, 3.139065742492676, 1.56949782371521, 0.0010286569595336914, -1.5697665214538574, 0.02206432819366455, -1.8015207652200393, -5.16092851831868, -3.9482571953039116, -0.20966697378227916
397, 2.5510787963867188e-05, -3.1191160678863525, 3.139065742492676, 1.5695070028305054, 0.0010377168655395508, -1.5697574615478516, 0.0220719575881958, -1.8015184525748316, -5.160938352203428, -3.9482594520682803, -0.2096793076970096
398, 4.00543212890625e-05, -3.1191234588623047, 3.139065742492676, 1.5695070028305054, 0.001056075096130371, -1.5697755813598633, 0.02207958698272705, -1.801515312716969, -5.160936202856664, -3.9482584331849346, -0.20967268249842608
399, 4.00543212890625e-05, -3.1191084384918213, 3.139065742492676, 1.5695252418518066, 0.0010470151901245117, -1.5697755813598633, 0.0220719575881958, -1.8015171123549978, -5.1609279685332625, -3.9482624531814463, -0.2096709977316813
400, 2.5510787963867188e-05, -3.1191160678863525, 3.139065742492676, 1.5695160627365112, 0.001056075096130371, -1.5697665214538574, 0.0220872163772583, -1.8015158849157027, -5.160918783837785, -3.948261865047745, -0.20966197172566226
401, 2.5510787963867188e-05, -3.1191012859344482, 3.139065742492676, 1.5695343017578125, 0.0010651350021362305, -1.569803237915039, 0.02206432819366455, -1.801508720470424, -5.160924671571374, -3.9482611413238793, -0.2096661859877269
402, 4.00543212890625e-05, -3.1191160678863525, 3.139065742492676, 1.5695252418518066, 0.0010651350021362305, -1.5697665214538574, 0.0220872163772583, -1.8015051154513873, -5.160927758630162, -3.948258105360481, -0.20966794719866133
403, 3.2901763916015625e-05, -3.1191234588623047, 3.139065742492676, 1.5695160627365112, 0.0010651350021362305, -1.5697846412658691, 0.0220566987991333, -1.8015062505206192, -5.160930004324466, -3.9482595629490516, -0.20966164568998735
404, 1.811981201171875e-05, -3.1191234588623047, 3.139065742492676, 1.5695252418518066, 0.001056075096130371, -1.5697665214538574, 0.0220872163772583, -1.8014929619413658, -5.160927811398648, -3.948259181433237, -0.20967964386330884
405, 3.2901763916015625e-05, -3.1191160678863525, 3.139065742492676, 1.5695252418518066, 0.0010286569595336914, -1.5697665214538574, 0.02207958698272705, -1.8014886671565065, -5.160916716079641, -3.948258125835888, -0.20967609414697908
406, 2.5510787963867188e-05, -3.119138240814209, 3.139073610305786, 1.56949782371521, 0.0010377168655395508, -1.569793701171875, 0.0220719575881958, -1.801494098419628, -5.160913830283209, -3.9482597540410223, -0.2096804589517136
407, 2.5510787963867188e-05, -3.1191084384918213, 3.139065742492676, 1.5695160627365112, 0.0010286569595336914, -1.5697665214538574, 0.0220719575881958, -1.8014952677063971, -5.160910915410376, -3.948260756834886, -0.20967612378656408
408, 2.5510787963867188e-05, -3.1191084384918213, 3.139065742492676, 1.5695160627365112, 0.0010651350021362305, -1.5697755813598633, 0.02207958698272705, -1.8014851126876965, -5.16091598468301, -3.9482581895794313, -0.20968443375335433
409, 3.2901763916015625e-05, -3.119130849838257, 3.139065742492676, 1.5695343017578125, 0.0010470151901245117, -1.5697755813598633, 0.0220872163772583, -1.8014887357594391, -5.160916768415656, -3.9482611734978534, -0.20968193624189535
410, 4.00543212890625e-05, -3.119138240814209, 3.139065742492676, 1.5695252418518066, 0.0010470151901245117, -1.569793701171875, 0.0220872163772583, -1.8014778459508574, -5.160915078957174, -3.948257251644292, -0.20968558735259357
411, 3.2901763916015625e-05, -3.1191160678863525, 3.139073610305786, 1.56949782371521, 0.0010651350021362305, -1.5697665214538574, 0.0220719575881958, -1.8014729857187495, -5.160910883067486, -3.948258826519812, -0.2096849103306191
412, 1.811981201171875e-05, -3.1191160678863525, 3.139065742492676, 1.5695070028305054, 0.0010470151901245117, -1.569793701171875, 0.0220719575881958, -1.8014759384777999, -5.160905478557034, -3.9482614028498784, -0.2096947568673313
413, 4.744529724121094e-05, -3.119138240814209, 3.139073610305786, 1.5695252418518066, 0.0010377168655395508, -1.5697574615478516, 0.0220566987991333, -1.8014694269096767, -5.160906734712899, -3.948259290070575, -0.2096872892838597
414, 1.811981201171875e-05, -3.1191160678863525, 3.139073610305786, 1.569488763809204, 0.0010741949081420898, -1.5697665214538574, 0.02207958698272705, -1.801463273796894, -5.160919100186717, -3.948258071449096, -0.20969854135679178
415, 4.744529724121094e-05, -3.1191234588623047, 3.139065742492676, 1.5695070028305054, 0.001056075096130371, -1.569803237915039, 0.02207958698272705, -1.8014672187381326, -5.160922705607185, -3.948260114266527, -0.2096964291587664
416, 4.00543212890625e-05, -3.1191234588623047, 3.139065742492676, 1.56949782371521, 0.0010470151901245117, -1.569793701171875, 0.0220566987991333, -1.8014619306382174, -5.160917782309132, -3.9482577870588864, -0.20969549316930802
417, 6.222724914550781e-05, -3.1191234588623047, 3.139065742492676, 1.5695070028305054, 0.0010470151901245117, -1.5697755813598633, 0.02206432819366455, -1.801448841203473, -5.1609181738974605, -3.948255584901038, -0.20970497624283624
418, 2.5510787963867188e-05, -3.1191084384918213, 3.139073610305786, 1.56949782371521, 0.0010470151901245117, -1.5697574615478516, 0.0220719575881958, -1.8014546521214108, -5.160912308751032, -3.9482622158766976, -0.20969813887951716
419, 1.811981201171875e-05, -3.1191084384918213, 3.139065742492676, 1.5695070028305054, 0.0010286569595336914, -1.5697846412658691, 0.0220566987991333, -1.8014445105811465, -5.160913294586829, -3.9482585556401957, -0.20971000325058764
420, 4.744529724121094e-05, -3.1191234588623047, 3.139065742492676, 1.5695252418518066, 0.0010286569595336914, -1.5697574615478516, 0.02207958698272705, -1.8014456671014938, -5.160914893046113, -3.9482637114969528, -0.2097205486611955
421, 2.5510787963867188e-05, -3.1191234588623047, 3.139073610305786, 1.5695070028305054, 0.0010377168655395508, -1.5697755813598633, 0.02209484577178955, -1.8014386553009427, -5.160913683504016, -3.9482632963050577, -0.20970261989899797
422, 5.4836273193359375e-05, -3.119130849838257, 3.139073610305786, 1.5695070028305054, 0.001056075096130371, -1.5697846412658691, 0.0220719575881958, -1.8014329595703975, -5.160916086806625, -3.9482623947461133, -0.20970918816334994
423, 3.2901763916015625e-05, -3.1191084384918213, 3.139065742492676, 1.5695070028305054, 0.001056075096130371, -1.5697574615478516, 0.0220719575881958, -1.8014269238244287, -5.16092093670749, -3.948259092337879, -0.20972749755452647
424, 5.4836273193359375e-05, -3.1191234588623047, 3.139065742492676, 1.569488763809204, 0.001056075096130371, -1.5697755813598633, 0.02207958698272705, -1.80142974474161, -5.160918470102914, -3.9482643071032797, -0.20973954755676338
425, 4.00543212890625e-05, -3.1191084384918213, 3.139065742492676, 1.56949782371521, 0.001056075096130371, -1.5697574615478516, 0.0220719575881958, -1.8014249237781566, -5.160924351615934, -3.948260152988831, -0.20973352996526362
426, 3.2901763916015625e-05, -3.1191234588623047, 3.1390576362609863, 1.56949782371521, 0.0010377168655395508, -1.569793701171875, 0.02209484577178955, -1.8014199928630286, -5.160928432952397, -3.9482597135132407, -0.20973797900445845
427, 5.4836273193359375e-05, -3.1191084384918213, 3.139065742492676, 1.5695070028305054, 0.001056075096130371, -1.5697755813598633, 0.02207958698272705, -1.8014151285309423, -5.160924389814426, -3.9482597592811084, -0.20973623495610738
428, 4.00543212890625e-05, -3.1191160678863525, 3.139073610305786, 1.5695160627365112, 0.0010377168655395508, -1.5697846412658691, 0.0220719575881958, -1.8014163870847253, -5.160915926030663, -3.948260974176653, -0.2097352318953032
429, 2.5510787963867188e-05, -3.119130849838257, 3.139073610305786, 1.5695070028305054, 0.0010651350021362305, -1.5697755813598633, 0.02206432819366455, -1.8014112952374264, -5.160907103664072, -3.9482646582976835, -0.2097414819212
430, 4.744529724121094e-05, -3.1191160678863525, 3.139065742492676, 1.5695070028305054, 0.0010741949081420898, -1.5697665214538574, 0.0220719575881958, -1.8014088516437052, -5.160901738509937, -3.948262539483239, -0.20974724991851268
431, 3.2901763916015625e-05, -3.1191160678863525, 3.1390576362609863, 1.5695252418518066, 0.001019597053527832, -1.5697574615478516, 0.02206432819366455, -1.8014056314333442, -5.160910164320457, -3.9482613988373925, -0.20975556457028688
432, 1.811981201171875e-05, -3.119130849838257, 3.139073610305786, 1.5695070028305054, 0.0010834932327270508, -1.5697665214538574, 0.02207958698272705, -1.801408232489853, -5.160913749169034, -3.948261189394946, -0.20974435461091367
433, 3.2901763916015625e-05, -3.1191160678863525, 3.139065742492676, 1.5695160627365112, 0.0010470151901245117, -1.5697846412658691, 0.0220872163772583, -1.8014016101893784, -5.16091698473741, -3.9482584269742174, -0.20973734409623823
434, 3.2901763916015625e-05, -3.119130849838257, 3.139065742492676, 1.5695070028305054, 0.0010377168655395508, -1.5697755813598633, 0.02209484577178955, -1.8013969484970058, -5.16090933335032, -3.9482572824538065, -0.2097346391053483
435, 4.744529724121094e-05, -3.1191160678863525, 3.139065742492676, 1.569488763809204, 0.0010651350021362305, -1.5697755813598633, 0.0220719575881958, -1.8013979782223946, -5.160900501788737, -3.948258138893494, -0.209752783140015
436, 2.5510787963867188e-05, -3.1191160678863525, 3.139065742492676, 1.5695070028305054, 0.0010470151901245117, -1.5697665214538574, 0.0220719575881958, -1.8014002859461062, -5.1608939700259855, -3.9482592640343297, -0.20973349798458152
437, 3.2901763916015625e-05, -3.1191234588623047, 3.139065742492676, 1.5695160627365112, 0.001056075096130371, -1.5697574615478516, 0.02209484577178955, -1.8013937803054967, -5.160896878699457, -3.9482609025892557, -0.20972938511716688
438, 2.5510787963867188e-05, -3.119130849838257, 3.139065742492676, 1.5695160627365112, 0.0010651350021362305, -1.5697665214538574, 0.0220719575881958, -1.8013855316306966, -5.160907028549557, -3.948262480330226, -0.2097442610113891
439, 1.811981201171875e-05, -3.1191084384918213, 3.139073610305786, 1.5695160627365112, 0.0010286569595336914, -1.5697755813598633, 0.0220872163772583, -1.8013792953669316, -5.160909160406848, -3.9482603444190008, -0.2097427049381313
440, 4.744529724121094e-05, -3.119130849838257, 3.1390576362609863, 1.5695070028305054, 0.0010651350021362305, -1.5697846412658691, 0.0220719575881958, -1.8013747413266676, -5.160913361555994, -3.948258720246803, -0.20974013566502325
441, 2.5510787963867188e-05, -3.1191234588623047, 3.139065742492676, 1.56949782371521, 0.0010470151901245117, -1.5697574615478516, 0.0220719575881958, -1.8013689718771553, -5.160909845937621, -3.948257296003481, -0.20974585686273706
442, 3.2901763916015625e-05, -3.1191160678863525, 3.139065742492676, 1.569488763809204, 0.0010470151901245117, -1.5697755813598633, 0.0220872163772583, -1.80137374301769, -5.160905542548627, -3.9482597768748144, -0.20974669924768286
443, 2.5510787963867188e-05, -3.1191160678863525, 3.139065742492676, 1.5695070028305054, 0.0010651350021362305, -1.5697846412658691, 0.0220719575881958, -1.8013767915117858, -5.160911048181312, -3.948260724430115, -0.20973380217585813
444, 4.00543212890625e-05, -3.1191234588623047, 3.1390576362609863, 1.5695160627365112, 0.001056075096130371, -1.5697846412658691, 0.02207958698272705, -1.8013736700187404, -5.160911788442132, -3.9482593260578174, -0.20973800864395375
445, 4.744529724121094e-05, -3.1191234588623047, 3.139065742492676, 1.5695070028305054, 0.001056075096130371, -1.5697755813598633, 0.0220719575881958, -1.8013680399485215, -5.160908420810222, -3.9482614506455844, -0.2097228098273778
446, 4.00543212890625e-05, -3.119130849838257, 3.1390576362609863, 1.5695070028305054, 0.0010286569595336914, -1.5697755813598633, 0.02209484577178955, -1.8013510712594245, -5.160911835501918, -3.9482577012990534, -0.20973239664043852
447, 4.00543212890625e-05, -3.1191234588623047, 3.139065742492676, 1.5695160627365112, 0.0010651350021362305, -1.5697665214538574, 0.0220872163772583, -1.8013452212239902, -5.160899149029722, -3.9482577108549615, -0.20972309374468523
448, 3.2901763916015625e-05, -3.1191234588623047, 3.139065742492676, 1.56949782371521, 0.001056075096130371, -1.5697755813598633, 0.02207958698272705, -1.801345290705049, -5.160889378465354, -3.9482586054617035, -0.20973471631829987
449, 2.5510787963867188e-05, -3.1191160678863525, 3.139065742492676, 1.5695070028305054, 0.0010286569595336914, -1.569803237915039, 0.0220566987991333, -1.8013445607097158, -5.16089108687918, -3.948259208106807, -0.20973600329574893
450, 1.811981201171875e-05, -3.1191234588623047, 3.139065742492676, 1.569488763809204, 0.0010377168655395508, -1.5697846412658691, 0.0220719575881958, -1.8013515015125736, -5.160899320148394, -3.9482602839793333, -0.2097230469435889
451, 2.5510787963867188e-05, -3.1191012859344482, 3.139065742492676, 1.56949782371521, 0.001056075096130371, -1.5697665214538574, 0.0220872163772583, -1.8013470738848036, -5.160902279147898, -3.948262581593908, -0.2097218660462392
452, 2.5510787963867188e-05, -3.1191234588623047, 3.1390576362609863, 1.5695070028305054, 0.0010470151901245117, -1.5697665214538574, 0.02209484577178955, -1.8013375996618666, -5.160906452768437, -3.9482565460986194, -0.2097328115935584
453, 4.744529724121094e-05, -3.1191160678863525, 3.139065742492676, 1.56949782371521, 0.0010470151901245117, -1.5697665214538574, 0.0220719575881958, -1.8013306069476722, -5.160907579517117, -3.9482590826327835, -0.20972453905609
454, 4.744529724121094e-05, -3.1191084384918213, 3.139065742492676, 1.56949782371521, 0.0010470151901245117, -1.5697846412658691, 0.02207958698272705, -1.8013226641839808, -5.160900263909687, -3.948256115646555, -0.2097261224289113
455, 4.00543212890625e-05, -3.1191234588623047, 3.139065742492676, 1.56949782371521, 0.0010377168655395508, -1.5697484016418457, 0.0220872163772583, -1.8013190588100279, -5.160897940990435, -3.948259374118599, -0.20973097160255527
456, 4.00543212890625e-05, -3.1191234588623047, 3.139065742492676, 1.5695160627365112, 0.0010377168655395508, -1.569793701171875, 0.02209484577178955, -1.8013177143980816, -5.160891760989339, -3.9482610815892936, -0.20971510278126893
457, 1.0728836059570312e-05, -3.1191234588623047, 3.139073610305786, 1.56949782371521, 0.0010470151901245117, -1.5697755813598633, 0.02206432819366455, -1.8013145253502194, -5.160886916713585, -3.9482567339759638, -0.20970754627495936
458, 2.5510787963867188e-05, -3.119130849838257, 3.1390576362609863, 1.5695070028305054, 0.001056075096130371, -1.5697755813598633, 0.0220566987991333, -1.8013106432144252, -5.160893573496702, -3.948255519983759, -0.20973521550775232
459, 5.4836273193359375e-05, -3.1191160678863525, 3.139065742492676, 1.56949782371521, 0.001019597053527832, -1.569793701171875, 0.0220872163772583, -1.8013110666284042, -5.160895421113843, -3.94825669916099, -0.2097184598422146
460, 3.2901763916015625e-05, -3.1191234588623047, 3.139065742492676, 1.569488763809204, 0.0010470151901245117, -1.5697574615478516, 0.0220719575881958, -1.8013030801401642, -5.160884332766557, -3.9482539839656674, -0.20971979127918772
461, 2.5510787963867188e-05, -3.119138240814209, 3.139065742492676, 1.56949782371521, 0.001056075096130371, -1.5697846412658691, 0.0220719575881958, -1.8012995291045373, -5.160878637626623, -3.9482553648402723, -0.20972399072486425
462, 4.00543212890625e-05, -3.1191084384918213, 3.139065742492676, 1.569488763809204, 0.0010286569595336914, -1.5697755813598633, 0.02211010456085205, -1.801297673021569, -5.1608816455979944, -3.9482566448067504, -0.20973157687130417
463, 2.5510787963867188e-05, -3.1191234588623047, 3.139065742492676, 1.5695070028305054, 0.0010741949081420898, -1.5697755813598633, 0.02207958698272705, -1.801306866386566, -5.160879557983947, -3.9482582938308615, -0.20972698197500161
464, 3.2901763916015625e-05, -3.119138240814209, 3.139065742492676, 1.5695070028305054, 0.0010377168655395508, -1.5697755813598633, 0.0220872163772583, -1.8013069788237368, -5.160883760590401, -3.948259265263218, -0.2097335946993093
465, 3.2901763916015625e-05, -3.119138240814209, 3.139065742492676, 1.5695070028305054, 0.0010377168655395508, -1.5697755813598633, 0.0220872163772583, -1.8013069788237368, -5.160883760590401, -3.948259265263218, -0.2097335946993093
466, 3.2901763916015625e-05, -3.1191084384918213, 3.139065742492676, 1.569488763809204, 0.0010651350021362305, -1.5697574615478516, 0.02207958698272705, -1.8012996966760617, -5.1608765277183295, -3.9482571017246038, -0.20975034802263792
467, 1.811981201171875e-05, -3.1191160678863525, 3.139065742492676, 1.5695070028305054, 0.001056075096130371, -1.5697846412658691, 0.02207958698272705, -1.8012976954006383, -5.160872004741204, -3.9482562293318084, -0.20975236116724627
468, 4.00543212890625e-05, -3.119130849838257, 3.139065742492676, 1.5695160627365112, 0.001056075096130371, -1.5697846412658691, 0.02206432819366455, -1.8012932570804605, -5.160870933617226, -3.9482586855023496, -0.2097561183608514
469, 3.2901763916015625e-05, -3.1191234588623047, 3.139065742492676, 1.5695070028305054, 0.0010377168655395508, -1.5697846412658691, 0.0220719575881958, -1.8012904814086401, -5.1608776135558845, -3.948260847141137, -0.20976615756424355
470, 3.2901763916015625e-05, -3.1191160678863525, 3.139065742492676, 1.56949782371521, 0.0010651350021362305, -1.5697755813598633, 0.0220719575881958, -1.8012837814497251, -5.1608668975169625, -3.9482595810338252, -0.2097632872150772
471, 2.5510787963867188e-05, -3.1191160678863525, 3.139065742492676, 1.5695160627365112, 0.0010377168655395508, -1.5697574615478516, 0.02209484577178955, -1.8012747992890876, -5.16086093203966, -3.9482578178697176, -0.2097539273795883
472, 3.2901763916015625e-05, -3.1191084384918213, 3.139065742492676, 1.5695070028305054, 0.0010377168655395508, -1.569793701171875, 0.02206432819366455, -1.801268721615743, -5.160853011335504, -3.9482576733764887, -0.2097564248956969
473, 5.4836273193359375e-05, -3.1191234588623047, 3.1390576362609863, 1.5695070028305054, 0.0010105371475219727, -1.5697846412658691, 0.02209484577178955, -1.8012712331118035, -5.160841598646497, -3.9482566153908345, -0.20975204527257585
474, 2.5510787963867188e-05, -3.1191084384918213, 3.139073610305786, 1.5695160627365112, 0.0010651350021362305, -1.5697484016418457, 0.0220719575881958, -1.8012675974733101, -5.160841037070485, -3.9482567653026495, -0.20975368558382357
475, 4.00543212890625e-05, -3.1191012859344482, 3.139065742492676, 1.56949782371521, 0.001056075096130371, -1.5697846412658691, 0.0220566987991333, -1.8012696629820915, -5.160846285527498, -3.948262220693967, -0.2097628722625675
476, 2.5510787963867188e-05, -3.1191160678863525, 3.1390576362609863, 1.5695160627365112, 0.0010377168655395508, -1.5697846412658691, 0.02207958698272705, -1.8012645646274874, -5.160847645440048, -3.9482614652071, -0.2097609480366387
477, 3.2901763916015625e-05, -3.1191084384918213, 3.139065742492676, 1.56949782371521, 0.0010377168655395508, -1.5697846412658691, 0.0220566987991333, -1.801254242145959, -5.160837963761906, -3.9482556551710983, -0.20974843861605041
478, 4.00543212890625e-05, -3.119130849838257, 3.139065742492676, 1.5695070028305054, 0.001056075096130371, -1.5697846412658691, 0.02207958698272705, -1.8012474631362023, -5.16083015879839, -3.9482564856667084, -0.20974587948090662
479, 3.2901763916015625e-05, -3.1191160678863525, 3.139073610305786, 1.5695070028305054, 0.0010286569595336914, -1.5697755813598633, 0.0220719575881958, -1.8012506432511324, -5.160821818368236, -3.948257485556067, -0.20972486274915614
480, 3.2901763916015625e-05, -3.1191084384918213, 3.139073610305786, 1.5695070028305054, 0.0010834932327270508, -1.5697846412658691, 0.02209484577178955, -1.8012440682394992, -5.1608246874543084, -3.948254617887383, -0.20973335055967368
481, 4.00543212890625e-05, -3.1191160678863525, 3.139065742492676, 1.56949782371521, 0.0010470151901245117, -1.5697755813598633, 0.02207958698272705, -1.801247392846361, -5.160824150151917, -3.9482594596170526, -0.20971649115514257
482, 1.0728836059570312e-05, -3.1191234588623047, 3.139065742492676, 1.5695160627365112, 0.0010651350021362305, -1.5697846412658691, 0.0220719575881958, -1.8012380106110641, -5.160826971208399, -3.948261291093702, -0.209717375656977
483, 2.5510787963867188e-05, -3.1191160678863525, 3.139065742492676, 1.5695070028305054, 0.0010651350021362305, -1.5697574615478516, 0.02207958698272705, -1.8012281153160843, -5.160825816783031, -3.9482581977132902, -0.2097170075048922
484, 1.811981201171875e-05, -3.119130849838257, 3.139073610305786, 1.5695070028305054, 0.001056075096130371, -1.569793701171875, 0.02211010456085205, -1.8012236943452338, -5.160820505571433, -3.9482556275380056, -0.20971642953385494
485, 4.744529724121094e-05, -3.1191234588623047, 3.1390576362609863, 1.5695070028305054, 0.0010741949081420898, -1.5697574615478516, 0.02206432819366455, -1.8012207852543087, -5.160816899951442, -3.9482531610824356, -0.20972215307403985
486, 3.2901763916015625e-05, -3.1191234588623047, 3.139073610305786, 1.5695070028305054, 0.0010741949081420898, -1.5697755813598633, 0.02207958698272705, -1.8012220026659238, -5.160818048217792, -3.9482544083552367, -0.20974166053374077
487, 2.5510787963867188e-05, -3.119130849838257, 3.139065742492676, 1.5695070028305054, 0.001056075096130371, -1.5697755813598633, 0.0220719575881958, -1.801218374341477, -5.160820120971311, -3.94825580138325, -0.20973024075164126
488, 1.811981201171875e-05, -3.119130849838257, 3.139065742492676, 1.56949782371521, 0.0010377168655395508, -1.5697846412658691, 0.02211010456085205, -1.8012122570568265, -5.160819318083312, -3.94825908020555, -0.20973565307722097
489, 2.5510787963867188e-05, -3.1191084384918213, 3.1390576362609863, 1.5695160627365112, 0.0010377168655395508, -1.5697755813598633, 0.0220719575881958, -1.8011984995670791, -5.160816505608641, -3.948257347288534, -0.2097396130670912
490, 4.00543212890625e-05, -3.1191160678863525, 3.139065742492676, 1.5695160627365112, 0.0010470151901245117, -1.569793701171875, 0.02207958698272705, -1.8011876357285739, -5.160816526712786, -3.948256448168429, -0.20975856205901344
491, 2.5510787963867188e-05, -3.1191160678863525, 3.139065742492676, 1.5695070028305054, 0.0010741949081420898, -1.569793701171875, 0.0220566987991333, -1.801181555564003, -5.160811672275934, -3.9482526462909036, -0.20975447883003273
492, 2.5510787963867188e-05, -3.119130849838257, 3.139065742492676, 1.5695070028305054, 0.0010377168655395508, -1.5697846412658691, 0.0220719575881958, -1.801186886550218, -5.1608176221842, -3.9482546846668516, -0.2097702314358667
493, 1.811981201171875e-05, -3.1191234588623047, 3.1390576362609863, 1.569488763809204, 0.001056075096130371, -1.5697755813598633, 0.0221024751663208, -1.8011893731312438, -5.160820480158039, -3.9482573205250002, -0.20977261039548978
494, 1.811981201171875e-05, -3.1191234588623047, 3.139065742492676, 1.5695070028305054, 0.0010105371475219727, -1.5697755813598633, 0.02206432819366455, -1.8011904201026496, -5.160822022887969, -3.9482595035982393, -0.20976963630766132
495, 2.5510787963867188e-05, -3.1191234588623047, 3.139065742492676, 1.5695160627365112, 0.0010286569595336914, -1.5697755813598633, 0.02207958698272705, -1.8011856053715387, -5.1608233031738635, -3.9482567828813058, -0.20978023866520967
496, 1.811981201171875e-05, -3.1191012859344482, 3.139065742492676, 1.5695160627365112, 0.0010470151901245117, -1.5697755813598633, 0.0220719575881958, -1.8011764575479217, -5.1608247778065275, -3.9482563789652674, -0.20979882730600252
497, 2.5510787963867188e-05, -3.1191234588623047, 3.139065742492676, 1.5695252418518066, 0.001056075096130371, -1.5697665214538574, 0.0220872163772583, -1.8011745264508363, -5.160822929057141, -3.9482575995373104, -0.20980579336561256
498, 3.2901763916015625e-05, -3.1191234588623047, 3.139065742492676, 1.5695070028305054, 0.0010651350021362305, -1.5697574615478516, 0.02207958698272705, -1.8011637246740437, -5.160829202651187, -3.9482565399401595, -0.20981472577221272
499, 4.00543212890625e-05, -3.119130849838257, 3.139065742492676, 1.5695160627365112, 0.0010470151901245117, -1.569793701171875, 0.02206432819366455, -1.8011568712682355, -5.16084380677439, -3.9482577441682873, -0.20980292067960526
500, 3.2901763916015625e-05, -3.1191234588623047, 3.139065742492676, 1.5695160627365112, 0.0010470151901245117, -1.5697755813598633, 0.0220872163772583, -1.801153018129178, -5.1608483298397365, -3.9482576847531488, -0.20981479753439736
501, 4.744529724121094e-05, -3.1191160678863525, 3.139073610305786, 1.5695070028305054, 0.0010470151901245117, -1.5697755813598633, 0.0220872163772583, -1.801148021900373, -5.160844842707786, -3.948255599772206, -0.2098097237230485
502, 3.2901763916015625e-05, -3.1191084384918213, 3.139065742492676, 1.5695070028305054, 0.001056075096130371, -1.5697846412658691, 0.0220872163772583, -1.8011388558033778, -5.16083142341679, -3.9482529813531926, -0.20979179962975003
503, 1.811981201171875e-05, -3.1191012859344482, 3.139073610305786, 1.5695070028305054, 0.001056075096130371, -1.5697846412658691, 0.02207958698272705, -1.8011357316904875, -5.160826454999575, -3.948251595676895, -0.20980663107833308
504, 2.5510787963867188e-05, -3.119130849838257, 3.139065742492676, 1.5695070028305054, 0.0010651350021362305, -1.5697846412658691, 0.0220719575881958, -1.8011364434355852, -5.160827146258818, -3.948255485917675, -0.20981174701260308
505, 2.5510787963867188e-05, -3.1191234588623047, 3.139065742492676, 1.5695160627365112, 0.0010377168655395508, -1.5697755813598633, 0.0220872163772583, -1.8011373306670775, -5.1608311920478105, -3.9482588058154224, -0.20980812553175987
506, 1.811981201171875e-05, -3.1191234588623047, 3.139065742492676, 1.56949782371521, 0.001056075096130371, -1.5697665214538574, 0.0220872163772583, -1.8011313125835107, -5.160834137135577, -3.9482601858426154, -0.20979553732990208
507, 3.2901763916015625e-05, -3.1191234588623047, 3.139065742492676, 1.5695252418518066, 0.0010377168655395508, -1.5697755813598633, 0.02207958698272705, -1.8011237409583114, -5.1608348487135824, -3.9482581933893215, -0.20979781255373275
508, 4.744529724121094e-05, -3.1191012859344482, 3.139065742492676, 1.5695070028305054, 0.0010105371475219727, -1.5697755813598633, 0.02206432819366455, -1.8011093224904213, -5.160832531527403, -3.948256535945146, -0.20980953887676712
509, 2.5510787963867188e-05, -3.1191234588623047, 3.139065742492676, 1.5695070028305054, 0.001019597053527832, -1.5697755813598633, 0.02207958698272705, -1.801100067381275, -5.160825316059717, -3.9482534306827866, -0.20980220465949628
510, 2.5510787963867188e-05, -3.119138240814209, 3.139065742492676, 1.5695070028305054, 0.0010470151901245117, -1.5697846412658691, 0.02209484577178955, -1.8011005269519917, -5.160815768469451, -3.94825544117631, -0.20978840357626538
511, 3.2901763916015625e-05, -3.1191234588623047, 3.139065742492676, 1.5695252418518066, 0.0010286569595336914, -1.5697574615478516, 0.02209484577178955, -1.8010999734990025, -5.160824103187042, -3.9482538064537107, -0.20980413903055517
512, 4.00543212890625e-05, -3.1191234588623047, 3.139065742492676, 1.5695160627365112, 0.0010105371475219727, -1.5697755813598633, 0.0220719575881958, -1.8010828753000339, -5.160816381432746, -3.948258235091206, -0.2097930476175005
513, 4.744529724121094e-05, -3.1191234588623047, 3.139065742492676, 1.5695070028305054, 0.0010651350021362305, -1.5697484016418457, 0.0220719575881958, -1.8010806933890806, -5.160815102906545, -3.9482589778095485, -0.2098061077149831
514, 3.2901763916015625e-05, -3.119130849838257, 3.139065742492676, 1.56949782371521, 0.0010470151901245117, -1.5697846412658691, 0.0220719575881958, -1.801082273456788, -5.160814583146386, -3.9482575459387506, -0.20980365231707765
515, 3.2901763916015625e-05, -3.119130849838257, 3.139073610305786, 1.5695160627365112, 0.0010377168655395508, -1.569793701171875, 0.0221024751663208, -1.8010834371592375, -5.160827411819747, -3.948255938129648, -0.20981240688982972
516, 2.5510787963867188e-05, -3.1191084384918213, 3.1390576362609863, 1.56949782371521, 0.0010286569595336914, -1.5697755813598633, 0.02206432819366455, -1.8010860946089315, -5.160822971194033, -3.948259075084831, -0.20980227642099525
517, 2.5510787963867188e-05, -3.1191234588623047, 3.139065742492676, 1.5695252418518066, 0.0010741949081420898, -1.5697755813598633, 0.02206432819366455, -1.8010913869324439, -5.160818647397436, -3.9482571785097735, -0.20979323012931594
518, 2.5510787963867188e-05, -3.1191160678863525, 3.139073610305786, 1.5695070028305054, 0.0010377168655395508, -1.569793701171875, 0.0220566987991333, -1.8010819397926316, -5.160807651341337, -3.9482550191469596, -0.2097895743342555
519, 2.5510787963867188e-05, -3.1191084384918213, 3.139073610305786, 1.5695070028305054, 0.0010741949081420898, -1.5697755813598633, 0.02204906940460205, -1.8010867160706994, -5.1608041367509605, -3.948258893176271, -0.2097914541008672
520, 2.5510787963867188e-05, -3.1191084384918213, 3.139065742492676, 1.56949782371521, 0.0010741949081420898, -1.5697665214538574, 0.0220566987991333, -1.8010876196981043, -5.16080085356329, -3.9482583285539947, -0.20978331961957952
521, 3.2901763916015625e-05, -3.1191160678863525, 3.139073610305786, 1.5695160627365112, 0.0010377168655395508, -1.5697755813598633, 0.02207958698272705, -1.801081366666899, -5.160806736980641, -3.9482582151751004, -0.2097909502304267
522, 4.00543212890625e-05, -3.1191160678863525, 3.139065742492676, 1.5694795846939087, 0.0010651350021362305, -1.569793701171875, 0.0220719575881958, -1.8010721894414652, -5.160808443799735, -3.948259168751037, -0.20980526532846255
523, 3.2901763916015625e-05, -3.1191160678863525, 3.139065742492676, 1.56949782371521, 0.001056075096130371, -1.5697846412658691, 0.0220719575881958, -1.8010628953220331, -5.160808339391399, -3.9482575000601092, -0.2097951052206808
524, 4.00543212890625e-05, -3.119138240814209, 3.139065742492676, 1.5695070028305054, 0.0010741949081420898, -1.5697846412658691, 0.0220719575881958, -1.8010492293795508, -5.1608031207478735, -3.948254896029176, -0.20979351951090486
525, 4.00543212890625e-05, -3.1191084384918213, 3.139065742492676, 1.5695252418518066, 0.0010651350021362305, -1.5697755813598633, 0.0220719575881958, -1.8010496881493374, -5.160800359501257, -3.9482560671221782, -0.20978125967759365
526, 3.2901763916015625e-05, -3.1191234588623047, 3.139065742492676, 1.5695252418518066, 0.0010470151901245117, -1.5697846412658691, 0.02206432819366455, -1.8010506959633603, -5.160800986728592, -3.948256693266754, -0.20979003140779007
527, 3.2901763916015625e-05, -3.119138240814209, 3.1390576362609863, 1.5695070028305054, 0.0010377168655395508, -1.5697846412658691, 0.0220872163772583, -1.80105995871522, -5.160804687175135, -3.9482610110269785, -0.20977936742906422
528, 4.00543212890625e-05, -3.1191160678863525, 3.139065742492676, 1.56949782371521, 0.0010651350021362305, -1.5697755813598633, 0.0220566987991333, -1.801053078137636, -5.160809000972642, -3.948261777400655, -0.20977811242900035
529, 2.5510787963867188e-05, -3.1191160678863525, 3.139073610305786, 1.56949782371521, 0.001056075096130371, -1.569803237915039, 0.02204906940460205, -1.8010523784086427, -5.160808084893984, -3.948261266739546, -0.2097709365521654
530, 3.2901763916015625e-05, -3.1191160678863525, 3.1390576362609863, 1.5695160627365112, 0.0010651350021362305, -1.5697665214538574, 0.02207958698272705, -1.8010484147080108, -5.16081005992875, -3.9482570057595083, -0.20977600568854893
531, 3.2901763916015625e-05, -3.1191012859344482, 3.139073610305786, 1.5695160627365112, 0.0010377168655395508, -1.569793701171875, 0.0220719575881958, -1.8010490398062062, -5.160809463771133, -3.948259742865423, -0.20977798919413893
532, 3.2901763916015625e-05, -3.1191160678863525, 3.139065742492676, 1.569488763809204, 0.001056075096130371, -1.5697574615478516, 0.0220719575881958, -1.8010389672936529, -5.16081485481228, -3.948258751604139, -0.20979297351890747
533, 4.00543212890625e-05, -3.1191084384918213, 3.139065742492676, 1.56949782371521, 0.0010651350021362305, -1.5697484016418457, 0.02207958698272705, -1.8010383554002565, -5.160805698005628, -3.948258236419568, -0.20978522434966873
534, 3.2901763916015625e-05, -3.119130849838257, 3.139065742492676, 1.5695070028305054, 0.0010377168655395508, -1.5697665214538574, 0.0220872163772583, -1.8010407857016788, -5.160806756857243, -3.9482587830932934, -0.20977799387116303
535, 4.744529724121094e-05, -3.119130849838257, 3.1390576362609863, 1.5695160627365112, 0.001056075096130371, -1.569803237915039, 0.0220872163772583, -1.801038624116785, -5.160804599623011, -3.948260937333512, -0.20978455980015642
536, 2.5510787963867188e-05, -3.1191084384918213, 3.139065742492676, 1.5695160627365112, 0.0010286569595336914, -1.5697574615478516, 0.0220719575881958, -1.8010417429714645, -5.160802531431727, -3.948259607255689, -0.20978711659830118
537, 3.2901763916015625e-05, -3.1191234588623047, 3.139065742492676, 1.56949782371521, 0.0010651350021362305, -1.5697755813598633, 0.0220872163772583, -1.801036614863115, -5.160797976682182, -3.948258243314315, -0.2097829023290565
538, 4.00543212890625e-05, -3.119145631790161, 3.139073610305786, 1.5695252418518066, 0.0010470151901245117, -1.5697755813598633, 0.0220719575881958, -1.8010339491521292, -5.160797845959176, -3.948256795406121, -0.20977506891898745
539, 5.4836273193359375e-05, -3.1191234588623047, 3.139065742492676, 1.5695070028305054, 0.0010377168655395508, -1.5697755813598633, 0.0220719575881958, -1.8010383474182472, -5.160795510490005, -3.948256049656256, -0.20977033362090403
540, 1.811981201171875e-05, -3.1191234588623047, 3.139073610305786, 1.5695252418518066, 0.0010377168655395508, -1.5697755813598633, 0.0220719575881958, -1.80103827319861, -5.160795013457644, -3.948260847225336, -0.2097722258691297
541, 4.00543212890625e-05, -3.1191160678863525, 3.139065742492676, 1.56949782371521, 0.001019597053527832, -1.569793701171875, 0.0220872163772583, -1.8010370520446028, -5.160794463445343, -3.9482594835220137, -0.20977680829271605
542, 4.00543212890625e-05, -3.119130849838257, 3.139065742492676, 1.5695252418518066, 0.0010741949081420898, -1.5697755813598633, 0.0221024751663208, -1.8010286842972008, -5.160795607418564, -3.9482607363817817, -0.20978701519820664
543, 1.811981201171875e-05, -3.1191084384918213, 3.139073610305786, 1.5695160627365112, 0.0010377168655395508, -1.5697755813598633, 0.02207958698272705, -1.8010210745163824, -5.160790311045751, -3.9482576416430972, -0.209784055929501
544, 2.5510787963867188e-05, -3.1191234588623047, 3.139065742492676, 1.5695070028305054, 0.001056075096130371, -1.5697846412658691, 0.02207958698272705, -1.8010188945986654, -5.160800188441213, -3.948259823702904, -0.20979161010468594
545, 4.00543212890625e-05, -3.1191234588623047, 3.139065742492676, 1.5695070028305054, 0.0010470151901245117, -1.5697665214538574, 0.0220872163772583, -1.8010164650337788, -5.160803492386886, -3.9482556969981357, -0.20978810718181418
546, 4.00543212890625e-05, -3.1191234588623047, 3.1390576362609863, 1.5695160627365112, 0.001056075096130371, -1.5697665214538574, 0.02206432819366455, -1.8010186480899248, -5.160803429368268, -3.9482585994683217, -0.20979609580419645
547, 3.2901763916015625e-05, -3.119130849838257, 3.139065742492676, 1.5695160627365112, 0.0010377168655395508, -1.5697755813598633, 0.0220872163772583, -1.8010186571258444, -5.160798977146437, -3.948258042361324, -0.2097951052206808
548, 4.00543212890625e-05, -3.119130849838257, 3.139065742492676, 1.56949782371521, 0.0010377168655395508, -1.5697755813598633, 0.02206432819366455, -1.801011825439407, -5.160791036327053, -3.9482573270285437, -0.20979625648365197
549, 4.744529724121094e-05, -3.1191160678863525, 3.1390576362609863, 1.5695160627365112, 0.001056075096130371, -1.5697846412658691, 0.02209484577178955, -1.8010069083560365, -5.160785286615039, -3.9482570265994363, -0.20978974749528767
550, 2.5510787963867188e-05, -3.1191160678863525, 3.139073610305786, 1.5695070028305054, 0.0010377168655395508, -1.5697846412658691, 0.02207958698272705, -1.8010051513105325, -5.160786571076812, -3.9482581018463345, -0.20979473239026003
551, 1.811981201171875e-05, -3.1191234588623047, 3.139073610305786, 1.56949782371521, 0.0010651350021362305, -1.5697665214538574, 0.02206432819366455, -1.801001309926261, -5.160783768632971, -3.9482586108744187, -0.20979717063129577
552, 4.744529724121094e-05, -3.1191084384918213, 3.139073610305786, 1.5695070028305054, 0.001056075096130371, -1.5697574615478516, 0.0220566987991333, -1.8009991838932518, -5.160791266316046, -3.9482612215415207, -0.20978872493441525
553, 3.2901763916015625e-05, -3.1191234588623047, 3.139065742492676, 1.56949782371521, 0.001056075096130371, -1.5697574615478516, 0.0220719575881958, -1.800984927176946, -5.1607876989343175, -3.9482588440365656, -0.20978037049386433
554, 2.5510787963867188e-05, -3.1191234588623047, 3.139065742492676, 1.56949782371521, 0.0010470151901245117, -1.569793701171875, 0.0220719575881958, -1.8009850006042876, -5.1607899970313635, -3.948255793789769, -0.20977686757164182
555, 3.2901763916015625e-05, -3.1191234588623047, 3.139065742492676, 1.56949782371521, 0.0010834932327270508, -1.5697846412658691, 0.02207958698272705, -1.800990194535375, -5.160788334304087, -3.9482556169366125, -0.20978263557397625
556, 4.00543212890625e-05, -3.1191012859344482, 3.139065742492676, 1.5695070028305054, 0.0010470151901245117, -1.569803237915039, 0.0220566987991333, -1.8009933524136463, -5.160788132178762, -3.94825753299219, -0.2097838461151813
557, 2.5510787963867188e-05, -3.1191084384918213, 3.139065742492676, 1.5695160627365112, 0.0010470151901245117, -1.5697846412658691, 0.02206432819366455, -1.8009919021237943, -5.160789779119218, -3.9482580980206814, -0.2097796022063143
558, 2.5510787963867188e-05, -3.1191234588623047, 3.139065742492676, 1.56949782371521, 0.0010377168655395508, -1.569793701171875, 0.0220719575881958, -1.8009829370272166, -5.160785684261202, -3.94825757366686, -0.2097940506832181
559, 3.2901763916015625e-05, -3.119130849838257, 3.139065742492676, 1.5695070028305054, 0.0010470151901245117, -1.5697574615478516, 0.0220719575881958, -1.8009661174895677, -5.160782873742812, -3.9482560262369124, -0.20978359184164663
560, 4.00543212890625e-05, -3.1191084384918213, 3.139065742492676, 1.5695070028305054, 0.0010470151901245117, -1.569803237915039, 0.02207958698272705, -1.8009602700206473, -5.1607906671087695, -3.9482555432471726, -0.20979578225271922
561, 4.00543212890625e-05, -3.119130849838257, 3.139065742492676, 1.569488763809204, 0.0010286569595336914, -1.569793701171875, 0.02207958698272705, -1.8009590786115028, -5.160780274497415, -3.9482549823794293, -0.20980508281818988
562, 4.00543212890625e-05, -3.1191084384918213, 3.139065742492676, 1.5695070028305054, 0.0010470151901245117, -1.5697846412658691, 0.0220719575881958, -1.800959405536093, -5.160773929303484, -3.948257196424531, -0.2098147094180698
563, 3.2901763916015625e-05, -3.1191160678863525, 3.139065742492676, 1.5695070028305054, 0.0010741949081420898, -1.5697846412658691, 0.0220719575881958, -1.8009481400359597, -5.160766385966157, -3.948257261458552, -0.20982003282988515
564, 2.5510787963867188e-05, -3.1191160678863525, 3.139065742492676, 1.5695160627365112, 0.0010470151901245117, -1.5697755813598633, 0.02209484577178955, -1.8009426073771797, -5.160767521225184, -3.948254851536589, -0.2098234936316219
565, 4.00543212890625e-05, -3.1191012859344482, 3.139065742492676, 1.569488763809204, 0.0010651350021362305, -1.5697846412658691, 0.0220872163772583, -1.800939888907986, -5.160772862973583, -3.9482532292846173, -0.20982651999100632
566, 2.5510787963867188e-05, -3.1191234588623047, 3.139065742492676, 1.5695070028305054, 0.0010286569595336914, -1.5697755813598633, 0.0220719575881958, -1.8009398511607424, -5.160774468485819, -3.9482532595243707, -0.20983775960451378
567, 3.2901763916015625e-05, -3.1191234588623047, 3.139065742492676, 1.56949782371521, 0.0010377168655395508, -1.569793701171875, 0.0220872163772583, -1.800940783966336, -5.16077014004573, -3.948251307804218, -0.20983681581439928
568, 3.2901763916015625e-05, -3.119130849838257, 3.139065742492676, 1.56949782371521, 0.0010377168655395508, -1.5697755813598633, 0.0220872163772583, -1.800935011487058, -5.16076306365337, -3.9482526801968905, -0.20982658394098053
569, 3.2901763916015625e-05, -3.1191160678863525, 3.139065742492676, 1.5695070028305054, 0.0010651350021362305, -1.5697665214538574, 0.0220872163772583, -1.8009311312858838, -5.160775415383368, -3.9482520794422324, -0.20983521995815213
570, 4.00543212890625e-05, -3.1191234588623047, 3.139065742492676, 1.5695070028305054, 0.0010470151901245117, -1.5697755813598633, 0.0220719575881958, -1.8009335141894225, -5.160783849334017, -3.948255514053632, -0.2098596062534046
571, 3.2901763916015625e-05, -3.119130849838257, 3.139065742492676, 1.5695070028305054, 0.0010286569595336914, -1.5697484016418457, 0.0220719575881958, -1.8009273057909785, -5.160783075772877, -3.948254103211905, -0.20984879874546092
572, 2.5510787963867188e-05, -3.119130849838257, 3.139065742492676, 1.56949782371521, 0.001056075096130371, -1.569803237915039, 0.02206432819366455, -1.8009282872984507, -5.160781043875234, -3.9482560824871946, -0.20983845612982144
573, 4.00543212890625e-05, -3.119130849838257, 3.139065742492676, 1.5695070028305054, 0.0010470151901245117, -1.5697846412658691, 0.0220719575881958, -1.800922989952109, -5.160778746967825, -3.94825565703804, -0.20983066249909665
574, 4.00543212890625e-05, -3.119130849838257, 3.139065742492676, 1.5695160627365112, 0.0010651350021362305, -1.5697755813598633, 0.0220872163772583, -1.8009191607527368, -5.16077845383037, -3.9482576705185752, -0.20984187247283703
575, 4.00543212890625e-05, -3.1191012859344482, 3.1390576362609863, 1.56949782371521, 0.0010286569595336914, -1.5697574615478516, 0.02209484577178955, -1.800908706447764, -5.160783269245047, -3.9482536004722957, -0.2098320976739254
576, 4.00543212890625e-05, -3.1191084384918213, 3.139065742492676, 1.56949782371521, 0.0010377168655395508, -1.5697755813598633, 0.02207958698272705, -1.800910064605882, -5.160784519017487, -3.9482514965655797, -0.20982479309345337
577, 2.5510787963867188e-05, -3.1191160678863525, 3.139065742492676, 1.5695160627365112, 0.0010470151901245117, -1.5697755813598633, 0.02207958698272705, -1.8009031041664967, -5.160779472391315, -3.9482520624973074, -0.20981472190146633
578, 2.5510787963867188e-05, -3.1191084384918213, 3.139065742492676, 1.56949782371521, 0.001056075096130371, -1.5697665214538574, 0.0220719575881958, -1.800903791511859, -5.160774760141516, -3.948255365312301, -0.20981159961632567
579, 4.744529724121094e-05, -3.1191160678863525, 3.139065742492676, 1.5695070028305054, 0.0010470151901245117, -1.569793701171875, 0.02207958698272705, -1.8008958673668944, -5.160764333139105, -3.948253401764892, -0.20979660046986304
580, 4.00543212890625e-05, -3.119130849838257, 3.1390576362609863, 1.5695070028305054, 0.0010741949081420898, -1.569793701171875, 0.02207958698272705, -1.800889279866577, -5.160765447336438, -3.948253321155808, -0.20979694132342086
581, 4.00543212890625e-05, -3.1191234588623047, 3.139065742492676, 1.56949782371521, 0.0010834932327270508, -1.5697755813598633, 0.02207958698272705, -1.800883073914279, -5.160763937999742, -3.948253074485342, -0.2098085958885898
582, 3.2901763916015625e-05, -3.1191234588623047, 3.139065742492676, 1.56949782371521, 0.001056075096130371, -1.5697846412658691, 0.0220719575881958, -1.800878211535827, -5.160769697958469, -3.948250992897772, -0.20980689395852448
583, 3.2901763916015625e-05, -3.1191084384918213, 3.1390576362609863, 1.5695252418518066, 0.0010470151901245117, -1.5697665214538574, 0.0220872163772583, -1.800873669644991, -5.160772139993219, -3.9482507300688363, -0.2098138771782816
584, 3.2901763916015625e-05, -3.119138240814209, 3.139065742492676, 1.5695070028305054, 0.0010651350021362305, -1.5697755813598633, 0.02207958698272705, -1.8008758509305176, -5.160762503462511, -3.9482499046180015, -0.2098107743857609
585, 4.744529724121094e-05, -3.1191234588623047, 3.139065742492676, 1.5695070028305054, 0.001056075096130371, -1.5697665214538574, 0.0220872163772583, -1.80087772738842, -5.1607586180127205, -3.948257205781683, -0.2098142874573652
586, 3.2901763916015625e-05, -3.119130849838257, 3.139065742492676, 1.56949782371521, 0.0010741949081420898, -1.569793701171875, 0.02207958698272705, -1.8008753528490486, -5.160754781584181, -3.948254851510609, -0.20981771862033938
587, 2.5510787963867188e-05, -3.1191234588623047, 3.139065742492676, 1.5694795846939087, 0.001056075096130371, -1.5697574615478516, 0.0220719575881958, -1.8008674707715049, -5.16075840196, -3.9482564586628346, -0.20983425200809425
588, 1.811981201171875e-05, -3.119138240814209, 3.139065742492676, 1.569488763809204, 0.0010377168655395508, -1.5697846412658691, 0.02209484577178955, -1.8008596736875289, -5.160758367509877, -3.9482505096459977, -0.20983764104700953
589, -0.00025463104248046875, -3.1154654026031494, 3.137331962585449, 1.5694338083267212, 0.0010105371475219727, -1.569803237915039, 0.021919310092926025, -1.8008729318474774, -5.160762585427037, -3.9482946644380377, -0.20983129121244204
590, 0.0003056526184082031, -3.1141674518585205, 3.135566234588623, 1.56949782371521, 0.0011199712753295898, -1.5698394775390625, 0.0220566987991333, -1.8009699045048766, -5.1607908100892494, -3.948405518272322, -0.20981474840269598
591, 0.00010657310485839844, -3.1091301441192627, 3.1314756870269775, 1.5693790912628174, 0.0012843608856201172, -1.569976806640625, 0.021415531635284424, -1.801116997255334, -5.160815405550231, -3.948544940643484, -0.2098177030703816
592, -0.0001957416534423828, -3.1041598320007324, 3.128615379333496, 1.5693608522415161, 0.0006816387176513672, -1.569812297821045, 0.02228569984436035, -1.8011097589533889, -5.160874584757477, -3.9486559929736686, -0.20983134123821934
593, -0.000232696533203125, -3.0961873531341553, 3.1220321655273438, 1.5693060159683228, 0.0006177425384521484, -1.5698580741882324, 0.0220566987991333, -1.8010857899770207, -5.160837973837151, -3.9488273726149012, -0.2098746088252934
594, -0.00025463104248046875, -3.0888495445251465, 3.115840196609497, 1.5693517923355103, 0.0007730722427368164, -1.5698394775390625, 0.021873533725738525, -1.8010771230810096, -5.160754371491055, -3.9489541674732096, -0.20993659537441722
595, -0.00018835067749023438, -3.0730154514312744, 3.103121042251587, 1.5693882703781128, 0.0010377168655395508, -1.56990385055542, 0.0218505859375, -1.8011359315022548, -5.160587367567522, -3.9491436808540525, -0.2099851983801111
596, -7.05718994140625e-05, -3.0620784759521484, 3.094108819961548, 1.5693700313568115, 0.0009465217590332031, -1.5698761940002441, 0.02207958698272705, -1.8012063462852863, -5.160519630750263, -3.949321586188604, -0.2099642628693701
597, -6.318092346191406e-05, -3.0502712726593018, 3.0836427211761475, 1.5693426132202148, 0.0009829998016357422, -1.56988525390625, 0.02181243896484375, -1.8013574638101386, -5.1604973906656735, -3.949540381614994, -0.2099079406339701
598, -0.0002181529998779297, -3.027150869369507, 3.0640764236450195, 1.5693426132202148, 0.0008552074432373047, -1.5698761940002441, 0.021965086460113525, -1.8016192861903377, -5.160585276013585, -3.9499636095348882, -0.2098745579177672
599, -0.0002694129943847656, -3.0107269287109375, 3.0510215759277344, 1.5693608522415161, 0.0007730722427368164, -1.5698304176330566, 0.0221024751663208, -1.8017790276023882, -5.160655810673263, -3.950238319189649, -0.20988865015435287
600, -0.00013685226440429688, -2.9865667819976807, 3.0320944786071777, 1.5693973302841187, 0.0007456541061401367, -1.5698304176330566, 0.022125422954559326, -1.8019336412809244, -5.160631444981314, -3.9505438095521663, -0.20999126766681098
601, -8.511543273925781e-05, -2.966374397277832, 3.0170023441314697, 1.5694338083267212, 0.0009555816650390625, -1.569803237915039, 0.021995604038238525, -1.8020503196433881, -5.160491811171959, -3.9507506186498746, -0.21007596559914976
602, -0.0001957416534423828, -2.937457323074341, 2.996309518814087, 1.5695070028305054, 0.000973820686340332, -1.5697755813598633, 0.0220261812210083, -1.8022579271426291, -5.160257504353509, -3.9510315815815233, -0.21013166027211128
603, -0.00024008750915527344, -2.906158208847046, 2.975257396697998, 1.5695343017578125, 0.0008552074432373047, -1.5697665214538574, 0.022171199321746826, -1.802616981693892, -5.160124720965263, -3.95132320070301, -0.2101309239277187
604, -0.00013685226440429688, -2.882160186767578, 2.959054708480835, 1.5694429874420166, 0.0008642673492431641, -1.5697846412658691, 0.0220719575881958, -1.8029221803868265, -5.160102617599903, -3.9515262144368517, -0.21008204074476566
605, 0.00018787384033203125, -2.8587448596954346, 2.943051815032959, 1.5693608522415161, 0.0007091760635375977, -1.5697298049926758, 0.0220566987991333, -1.8032601132189119, -5.160139514589267, -3.9517160949637256, -0.21005051317854484
606, 0.0004899501800537109, -2.8288397789001465, 2.9227185249328613, 1.5674799680709839, -0.0005326271057128906, -1.5686984062194824, 0.02209484577178955, -1.803619358492309, -5.160139877016429, -3.9518770553583913, -0.21002006429968478
607, 0.00043845176696777344, -2.801220655441284, 2.9037115573883057, 1.5629053115844727, -0.004239797592163086, -1.5645256042480469, 0.02209484577178955, -1.8039076750304555, -5.1600489973182615, -3.9519435715311353, -0.2100164878216253
608, 0.0004532337188720703, -2.782200813293457, 2.8908884525299072, 1.5578924417495728, -0.008741378784179688, -1.5592937469482422, 0.022133052349090576, -1.8040381268062091, -5.1598856451090125, -3.9519478171190277, -0.2099709541273711
609, 0.0004017353057861328, -2.7646336555480957, 2.8790879249572754, 1.5514460802078247, -0.013617277145385742, -1.5529475212097168, 0.022178828716278076, -1.8041955354539212, -5.159675897266433, -3.951941825211256, -0.20986044970201867
610, 0.00037932395935058594, -2.749021053314209, 2.8687496185302734, 1.5434657335281372, -0.018712282180786133, -1.5451040267944336, 0.022148311138153076, -1.8043822123198443, -5.159540649851129, -3.9519405037521644, -0.2096971044686473
611, 0.0002541542053222656, -2.7301340103149414, 2.8571648597717285, 1.5305547714233398, -0.025249958038330078, -1.5320467948913574, 0.022148311138153076, -1.8046184705420676, -5.159496321474335, -3.9519409642118783, -0.2094417514348219
612, 0.00012874603271484375, -2.7174787521362305, 2.850501537322998, 1.5194334983825684, -0.030061960220336914, -1.5211539268493652, 0.02227044105529785, -1.8047818749895863, -5.1596083667636545, -3.9519419806752256, -0.20930720857064156
613, 0.0001506805419921875, -2.703134536743164, 2.8438782691955566, 1.5028153657913208, -0.03601503372192383, -1.5044264793395996, 0.02223992347717285, -1.8048881803662584, -5.159640791377163, -3.9518756089026237, -0.2092656006498661
614, 0.0002760887145996094, -2.694336175918579, 2.8409860134124756, 1.488662600517273, -0.04054403305053711, -1.490483283996582, 0.0222475528717041, -1.804921942630805, -5.1596053320795185, -3.951795660501264, -0.20933087797848504
615, 0.0003204345703125, -2.683546543121338, 2.8395798206329346, 1.462904453277588, -0.04787611961364746, -1.4642324447631836, 0.022201716899871826, -1.804850134901435, -5.159380154324287, -3.9516246094322898, -0.20947364906510568
616, 0.0002613067626953125, -2.6793501377105713, 2.8406665325164795, 1.4457658529281616, -0.051628828048706055, -1.447248935699463, 0.022133052349090576, -1.8047877400302492, -5.1592541286108515, -3.9515570697218636, -0.20951903177654962
617, 0.00015807151794433594, -2.6770713329315186, 2.8429834842681885, 1.427495002746582, -0.05539083480834961, -1.4290237426757812, 0.0221024751663208, -1.8047287241185164, -5.159195622981547, -3.951526785168606, -0.20952197622804114
618, 1.811981201171875e-05, -2.6767396926879883, 2.8475213050842285, 1.4008969068527222, -0.06047654151916504, -1.4025535583496094, 0.02211010456085205, -1.8046498624414502, -5.159278140678384, -3.951528305550316, -0.20946659948699775
619, 1.0728836059570312e-05, -2.6776983737945557, 2.85188364982605, 1.3794302940368652, -0.06477713584899902, -1.3814888000488281, 0.022148311138153076, -1.8045531747001573, -5.159377040902753, -3.9515383425622757, -0.2094474490693381
620, -0.0002105236053466797, -2.6796157360076904, 2.858427047729492, 1.3494263887405396, -0.07070326805114746, -1.3514666557312012, 0.022117793560028076, -1.804381552706552, -5.15949053524549, -3.951557339038189, -0.20948644040887032
621, -0.0002105236053466797, -2.6815993785858154, 2.8653059005737305, 1.3171944618225098, -0.07713127136230469, -1.318796157836914, 0.022125422954559326, -1.804182076580362, -5.159446214035164, -3.9515297944526644, -0.20954213454232473
622, -0.00018835067749023438, -2.6829934120178223, 2.8704912662506104, 1.291536808013916, -0.08150506019592285, -1.2931385040283203, 0.02209484577178955, -1.804050160209465, -5.159335365512833, -3.951493255956049, -0.20958023063399622
623, -0.00024008750915527344, -2.6840405464172363, 2.8756284713745117, 1.2644364833831787, -0.08502936363220215, -1.2663578987121582, 0.022133052349090576, -1.8039739450803132, -5.159240770455646, -3.9514698775829804, -0.20959845111771358
624, -0.0002770423889160156, -2.6850290298461914, 2.882147789001465, 1.2265801429748535, -0.08962225914001465, -1.228437900543213, 0.02207958698272705, -1.8039358754409127, -5.159214722032409, -3.951462357080987, -0.20963766413227614
625, -0.000232696533203125, -2.6856186389923096, 2.888371706008911, 1.1872169971466064, -0.09460783004760742, -1.1884174346923828, 0.02204906940460205, -1.8039477909794615, -5.159312873860834, -3.9514788870532622, -0.20965699919750502
626, -0.00017380714416503906, -2.6859583854675293, 2.892725944519043, 1.155779480934143, -0.09831476211547852, -1.1568427085876465, 0.02206432819366455, -1.8039478817841146, -5.159393912333817, -3.951485308939092, -0.2096850046143084
627, -0.0001513957977294922, -2.6862385272979736, 2.898015022277832, 1.111915111541748, -0.10390305519104004, -1.1134896278381348, 0.021987974643707275, -1.803944241425689, -5.159411665870267, -3.951483872867037, -0.20976386441241068
628, -0.00018835067749023438, -2.686319351196289, 2.9015941619873047, 1.0776194334030151, -0.10851407051086426, -1.0790753364562988, 0.0220566987991333, -1.8039284950695795, -5.159359834121787, -3.951478302454325, -0.20979563405554735
629, -0.0002620220184326172, -2.686319351196289, 2.9047341346740723, 1.0425845384597778, -0.1127781867980957, -1.0437116622924805, 0.021987974643707275, -1.8039124132101918, -5.159276158538506, -3.951475872164493, -0.20981905940175327
630, -0.00034332275390625, -2.6862311363220215, 2.9083774089813232, 0.9935427904129028, -0.1184391975402832, -0.9945509433746338, 0.0220872163772583, -1.8039092689467155, -5.159208494914288, -3.9514848530118387, -0.20979166470818722
631, -0.00039505958557128906, -2.68585467338562, 2.9113335609436035, 0.941597580909729, -0.12399983406066895, -0.9432997703552246, 0.02204906940460205, -1.8039406638541906, -5.159250871702377, -3.951498805469464, -0.20974056776327643
632, -0.00035071372985839844, -2.6855673789978027, 2.913266897201538, 0.9015860557556152, -0.12770700454711914, -0.9035167694091797, 0.02204906940460205, -1.8039755151693897, -5.159330347029721, -3.951503171025598, -0.209743506756924
633, -0.0003063678741455078, -2.684741497039795, 2.915903329849243, 0.8327305316925049, -0.13491106033325195, -0.8341679573059082, 0.0220566987991333, -1.8040085715884395, -5.159389853186312, -3.9514917184099696, -0.2097817877212007
634, -0.00031375885009765625, -2.6841070652008057, 2.9171738624572754, 0.7893497943878174, -0.13964104652404785, -0.7911162376403809, 0.0220566987991333, -1.8039971129580146, -5.159361218438279, -3.951472005156798, -0.20982125424870368
635, -0.0004024505615234375, -2.6827869415283203, 2.918555974960327, 0.7163214683532715, -0.14669013023376465, -0.718407154083252, 0.02209484577178955, -1.803991283140458, -5.159263239495403, -3.951465279548622, -0.20983815811549533
636, -0.0004169940948486328, -2.6821231842041016, 2.9188196659088135, 0.6880249977111816, -0.14946579933166504, -0.6898825168609619, 0.02207958698272705, -1.8039991489435505, -5.159252904970882, -3.951470323902774, -0.20984436603597967
637, -0.00042438507080078125, -2.680633544921875, 2.9190752506256104, 0.6341896057128906, -0.15471601486206055, -0.6353623867034912, 0.0220719575881958, -1.8040204716267905, -5.159310514173295, -3.9514878582838673, -0.20986380639959723
638, -0.0004169940948486328, -2.6793947219848633, 2.9189634323120117, 0.595693826675415, -0.15887045860290527, -0.5965468883514404, 0.02207958698272705, -1.8040503937832875, -5.159381356788485, -3.9515000247162826, -0.20991283089183188
639, -0.00036525726318359375, -2.6776318550109863, 2.9186997413635254, 0.5462596416473389, -0.16457724571228027, -0.5468661785125732, 0.0220719575881958, -1.8040724201147618, -5.15945515452145, -3.9514934910432333, -0.21002481665469297
640, -0.00033593177795410156, -2.6761791706085205, 2.9184281826019287, 0.5102019309997559, -0.16969060897827148, -0.5113563537597656, 0.02203381061553955, -1.804064747554441, -5.1594506857205955, -3.951476512855871, -0.21008059420254455
641, -0.0003287792205810547, -2.6742026805877686, 2.9178848266601562, 0.46430110931396484, -0.1761918067932129, -0.46555614471435547, 0.02209484577178955, -1.804045539478817, -5.159383545490769, -3.951456519687052, -0.21014040585179927
642, -0.0003876686096191406, -2.6726315021514893, 2.9173574447631836, 0.43174052238464355, -0.18052887916564941, -0.43286776542663574, 0.0220872163772583, -1.8040447673517397, -5.159337791340058, -3.951449216240567, -0.21014518326245124
643, -0.0004317760467529297, -2.670537233352661, 2.9165425300598145, 0.38990306854248047, -0.18598008155822754, -0.39052796363830566, 0.0221024751663208, -1.8040524828980136, -5.159355012328882, -3.9514530902548315, -0.21011715835148426
644, -0.00042438507080078125, -2.6683101654052734, 2.9157516956329346, 0.35036659240722656, -0.1916046142578125, -0.3511648178100586, 0.02209484577178955, -1.8040873602780914, -5.159448797507035, -3.951464997623731, -0.21011741491843594
645, -0.00031375885009765625, -2.66599440574646, 2.9150404930114746, 0.31244635581970215, -0.19755792617797852, -0.3134269714355469, 0.0221024751663208, -1.8041163656179182, -5.1595221665062185, -3.951458269710031, -0.21014968373622978
646, -0.0002918243408203125, -2.663811445236206, 2.9145452976226807, 0.27779459953308105, -0.2039494514465332, -0.2780270576477051, 0.02209484577178955, -1.804104532801556, -5.159511079619578, -3.951441044022927, -0.21016396131864123
647, -0.0003063678741455078, -2.660160779953003, 2.913954019546509, 0.22056245803833008, -0.21361899375915527, -0.22096824645996094, 0.02207958698272705, -1.8040714049126816, -5.1593838120175235, -3.951424346817334, -0.21008167280666967
648, -0.0003581047058105469, -2.658663511276245, 2.91385817527771, 0.19835638999938965, -0.2175908088684082, -0.1989903450012207, 0.022125422954559326, -1.8040664084337512, -5.159389651613512, -3.951421332439784, -0.210017789570224
649, -0.0005276203155517578, -2.655485153198242, 2.9138901233673096, 0.17350220680236816, -0.22301459312438965, -0.17426395416259766, 0.0220414400100708, -1.804058627209637, -5.159452814893663, -3.9513986680308553, -0.20996455867887676
650, -0.00078582763671875, -2.6444153785705566, 2.9168622493743896, 0.16344904899597168, -0.24220776557922363, -0.16179132461547852, 0.02228569984436035, -1.803534464387579, -5.159564620968715, -3.9500930801162184, -0.20984578374163565
651, -0.0023124217987060547, -2.6181092262268066, 2.922055244445801, 0.14747023582458496, -0.2683126926422119, -0.14770245552062988, 0.02206432819366455, -1.803883136954193, -5.1593062622769175, -3.9472709104152752, -0.20936017285350506
652, -0.003072023391723633, -2.610527753829956, 2.923685073852539, 0.14389991760253906, -0.2751333713531494, -0.14406847953796387, 0.02206432819366455, -1.8039526611492063, -5.159255437375991, -3.9463266916372675, -0.20924021601140907
653, -0.004724025726318359, -2.5910725593566895, 2.927959442138672, 0.13503384590148926, -0.292874813079834, -0.13413405418395996, 0.02203381061553955, -1.8042090665578927, -5.159162160611828, -3.943669976033218, -0.20915291166806682
654, -0.0055425167083740234, -2.5716915130615234, 2.9325454235076904, 0.12567496299743652, -0.3128073215484619, -0.12393474578857422, 0.0220566987991333, -1.8045067335605025, -5.1590957673772335, -3.9406542994778198, -0.2093285632815336
655, -0.0055501461029052734, -2.552870512008667, 2.936771869659424, 0.1165623664855957, -0.3327033519744873, -0.11461234092712402, 0.0220261812210083, -1.8047915077360535, -5.158989882060499, -3.937329983908709, -0.20961338835178367
656, -0.005468845367431641, -2.5416533946990967, 2.9394962787628174, 0.11127567291259766, -0.3456876277923584, -0.10942602157592773, 0.022117793560028076, -1.804964732039906, -5.158892457149935, -3.935237585132631, -0.20977355755552995
657, -0.005645751953125, -2.5265865325927734, 2.942636251449585, 0.10480165481567383, -0.3634653091430664, -0.10260534286499023, 0.0220261812210083, -1.8051962231182013, -5.158734824655633, -3.932369637472819, -0.2099227391067604
658, -0.005756378173828125, -2.514786720275879, 2.9450011253356934, 0.10000801086425781, -0.3774445056915283, -0.09761977195739746, 0.0221024751663208, -1.8053844650752882, -5.158615759895845, -3.930176538868441, -0.21000866307359178
659, -0.006066322326660156, -2.499070644378662, 2.9477014541625977, 0.09438347816467285, -0.39608049392700195, -0.09169387817382812, 0.0220872163772583, -1.8056550340715825, -5.158479752011865, -3.927226586692521, -0.21009375388408014
660, -0.006796360015869141, -2.481924057006836, 2.9500503540039062, 0.08912396430969238, -0.4154469966888428, -0.08668112754821777, 0.0221024751663208, -1.8059610629651786, -5.15838960542381, -3.924290834303268, -0.21023308488587666
661, -0.007356882095336914, -2.46864914894104, 2.951528549194336, 0.08552670478820801, -0.4307868480682373, -0.08316564559936523, 0.02207958698272705, -1.8062173318534942, -5.158337330490014, -3.922121210150005, -0.21032326489995157
662, -0.007880210876464844, -2.4498062133789062, 2.952974557876587, 0.08086967468261719, -0.4512765407562256, -0.07849979400634766, 0.02206432819366455, -1.8065770123724816, -5.158266959753368, -3.919261571758107, -0.21042183330567887
663, -0.008359909057617188, -2.435152292251587, 2.9537415504455566, 0.077911376953125, -0.4665341377258301, -0.07499361038208008, 0.02209484577178955, -1.8068459093948201, -5.158187561171656, -3.9171508372776693, -0.2104228126243104
664, -0.008824348449707031, -2.4148271083831787, 2.954125165939331, 0.07378435134887695, -0.48645758628845215, -0.0700993537902832, 0.02204906940460205, -1.8072081050676585, -5.158053896528787, -3.9144052519282013, -0.21039515570291734
665, -0.009156227111816406, -2.3990964889526367, 2.954284906387329, 0.07089900970458984, -0.5017518997192383, -0.06694936752319336, 0.022163569927215576, -1.80748463659015, -5.157946298899521, -3.9124032061194165, -0.2103410191944688
666, -0.00972437858581543, -2.3782918453216553, 2.9537734985351562, 0.06730151176452637, -0.5207715034484863, -0.06302309036254883, 0.0220566987991333, -1.8078495972075839, -5.157826019788034, -3.909824589001892, -0.21024857798854946
667, -0.010240554809570312, -2.362752914428711, 2.952998638153076, 0.06432461738586426, -0.533937931060791, -0.06068563461303711, 0.02211010456085205, -1.808125761186935, -5.157757344273902, -3.9079747241720426, -0.21018118224784388
668, -0.010933637619018555, -2.342715263366699, 2.951528549194336, 0.06127524375915527, -0.5500814914703369, -0.05783677101135254, 0.02203381061553955, -1.808493424303091, -5.157686807425749, -3.905623019451064, -0.21008225032467198
669, -0.01170802116394043, -2.327847480773926, 2.950361967086792, 0.058928489685058594, -0.5630106925964355, -0.05601048469543457, 0.02209484577178955, -1.8087563208940873, -5.157657676394511, -3.9039520661762226, -0.21002281879738405
670, -0.012607812881469727, -2.3083555698394775, 2.9483726024627686, 0.05636262893676758, -0.5793182849884033, -0.05368232727050781, 0.02203381061553955, -1.8090656011407757, -5.157608593791775, -3.9018215847347095, -0.20993189315027472
671, -0.01320505142211914, -2.288745880126953, 2.9462316036224365, 0.054792165756225586, -0.5964477062225342, -0.05149078369140625, 0.022140681743621826, -1.80936764423838, -5.157538252695961, -3.8998629513235885, -0.20981714111489325
672, -0.013396978378295898, -2.2789371013641357, 2.944873332977295, 0.05436301231384277, -0.6041176319122314, -0.05055046081542969, 0.0220872163772583, -1.8095149678992963, -5.157496376601518, -3.898942603221639, -0.2097722027245288
673, -0.013765573501586914, -2.259570598602295, 2.9419970512390137, 0.053121328353881836, -0.6191287040710449, -0.04905295372009277, 0.02211010456085205, -1.8097895447376202, -5.15741466016999, -3.897227730848824, -0.20970625199043624
674, -0.013898372650146484, -2.2451083660125732, 2.9395363330841064, 0.052025556564331055, -0.6293280124664307, -0.04840445518493652, 0.0220872163772583, -1.809999302020365, -5.157362470495233, -3.896052679476563, -0.209696201276814
675, -0.013876199722290039, -2.226250648498535, 2.9359569549560547, 0.050345420837402344, -0.6423301696777344, -0.047263145446777344, 0.0220566987991333, -1.810278620228581, -5.157304003488372, -3.894646295927429, -0.20973293999331677
676, -0.013514995574951172, -2.181757926940918, 2.9264097213745117, 0.04955101013183594, -0.6739501953125, -0.04455137252807617, 0.02206432819366455, -1.810915606689449, -5.157214643151469, -3.8917855908444303, -0.2099071571942881
677, -0.013492822647094727, -2.169884204864502, 2.923541307449341, 0.04958772659301758, -0.6823873519897461, -0.04454231262207031, 0.022125422954559326, -1.8110816925594981, -5.157182602648765, -3.8910988773808395, -0.20995134412559757
678, -0.013514995574951172, -2.1595299243927, 2.9205613136291504, 0.04955101013183594, -0.6878018379211426, -0.04452395439147949, 0.022117793560028076, -1.811222882124801, -5.157144632293369, -3.8904750879947794, -0.20995521733184574
679, -0.013463258743286133, -2.1478848457336426, 2.916949987411499, 0.0495145320892334, -0.6923673152923584, -0.044496774673461914, 0.02203381061553955, -1.8113623336814364, -5.157104692259359, -3.8897465373023654, -0.20994279144195094
680, -0.013441324234008789, -2.1404879093170166, 2.915024518966675, 0.04948711395263672, -0.6975078582763672, -0.04451489448547363, 0.02204906940460205, -1.811425555692462, -5.1570917127214, -3.8892708663734767, -0.2099407554554089
681, -0.013330698013305664, -2.1315274238586426, 2.913282871246338, 0.0495145320892334, -0.7067937850952148, -0.04451489448547363, 0.022125422954559326, -1.8114841936616655, -5.157101081424362, -3.8887376368475297, -0.2099764758312226
682, -0.013006210327148438, -2.1255316734313965, 2.912316083908081, 0.04952359199523926, -0.7137060165405273, -0.04450583457946777, 0.022171199321746826, -1.81153606840976, -5.1571136862317095, -3.8883869831960127, -0.2100306687404112
683, -0.012799501419067383, -2.1195874214172363, 2.9114372730255127, 0.04955101013183594, -0.7196226119995117, -0.04450583457946777, 0.022171199321746826, -1.8115989535835353, -5.157125600521588, -3.888070634756558, -0.21007684370192603
684, -0.01237177848815918, -2.1096091270446777, 2.9102070331573486, 0.04954195022583008, -0.727959156036377, -0.04448747634887695, 0.022133052349090576, -1.8117236482442802, -5.157112773687249, -3.8875831160247647, -0.21007302759413005
685, -0.012047052383422852, -2.101489543914795, 2.909503936767578, 0.04952359199523926, -0.7340676784515381, -0.044478416442871094, 0.02207958698272705, -1.8118400021858396, -5.157078537491447, -3.8872422630607173, -0.21004038158145732
686, -0.011899948120117188, -2.093738555908203, 2.909064531326294, 0.0495603084564209, -0.7398838996887207, -0.04444169998168945, 0.0220872163772583, -1.8119695262672137, -5.157041811894075, -3.8869406925901986, -0.20997421516984183
687, -0.011774539947509766, -2.08998441696167, 2.908888578414917, 0.04952359199523926, -0.7423584461212158, -0.04444169998168945, 0.022117793560028076, -1.8120320346728307, -5.157027796541758, -3.8868039703440065, -0.20995108926647799
688, -0.011678695678710938, -2.0823516845703125, 2.908712863922119, 0.04953265190124512, -0.7479374408721924, -0.044432640075683594, 0.022133052349090576, -1.8121653778502718, -5.1570058938508865, -3.8865506255197872, -0.20990635425570492
689, -0.011612176895141602, -2.0767908096313477, 2.908569097518921, 0.04955101013183594, -0.751854419708252, -0.044450998306274414, 0.02207958698272705, -1.8122775655191579, -5.156991663483001, -3.886377984063113, -0.20987781877824485
690, -0.01149439811706543, -2.0696887969970703, 2.908393383026123, 0.04952359199523926, -0.7565388679504395, -0.044423580169677734, 0.0220872163772583, -1.8124364927657006, -5.156962006436121, -3.886148241411213, -0.2098501029680353
691, -0.0113983154296875, -2.064578056335449, 2.9083614349365234, 0.04954195022583008, -0.7601728439331055, -0.04446005821228027, 0.0220566987991333, -1.8125534999293946, -5.156934054825713, -3.8859786638332476, -0.2098286948025745
692, -0.01127314567565918, -2.0593786239624023, 2.9084012508392334, 0.04953265190124512, -0.7648661136627197, -0.044469356536865234, 0.0220719575881958, -1.8126659803046792, -5.156898189610036, -3.8858151098628344, -0.20980364848453448
693, -0.011118173599243164, -2.052578926086426, 2.908409357070923, 0.04954195022583008, -0.7710840702056885, -0.044478416442871094, 0.02207958698272705, -1.812820090670982, -5.156843164050638, -3.8856158340432545, -0.20979783440078048
694, -0.011103153228759766, -2.047431468963623, 2.908257484436035, 0.04953265190124512, -0.7748641967773438, -0.044469356536865234, 0.0220872163772583, -1.8129300693452617, -5.156803673506752, -3.885469154808433, -0.20977499447160408
695, -0.010992765426635742, -2.041015148162842, 2.90791392326355, 0.04955101013183594, -0.7788543701171875, -0.04446005821228027, 0.0220719575881958, -1.8130943343956494, -5.156762433460562, -3.885288823658659, -0.20979173023968567
696, -0.010867118835449219, -2.035557746887207, 2.907538414001465, 0.04954195022583008, -0.7816212177276611, -0.04444169998168945, 0.0220719575881958, -1.8132125388762905, -5.15671885033811, -3.885100798571674, -0.20983761398405942
697, -0.010771512985229492, -2.030881881713867, 2.9071149826049805, 0.0494687557220459, -0.7836298942565918, -0.044469356536865234, 0.02203381061553955, -1.8133145144449179, -5.156675740899494, -3.884939365537169, -0.2098794419128689
698, -0.010579586029052734, -2.027696132659912, 2.907027006149292, 0.04955101013183594, -0.7860403060913086, -0.04444169998168945, 0.02207958698272705, -1.8133767198592574, -5.156645999064183, -3.8848155925807344, -0.2099114430575817
699, -0.010402679443359375, -2.0235958099365234, 2.9069790840148926, 0.04952359199523926, -0.7902772426605225, -0.04444169998168945, 0.02209484577178955, -1.8134397078767477, -5.156600891251918, -3.8846685336757663, -0.2099472515127898
700, -0.01038050651550293, -2.020498275756836, 2.906891345977783, 0.04955101013183594, -0.7937102317810059, -0.04446005821228027, 0.0220872163772583, -1.8134741005863442, -5.156572017142249, -3.8845620374879095, -0.20999772145076978
701, -0.01033639907836914, -2.016390323638916, 2.9066195487976074, 0.04953265190124512, -0.7968330383300781, -0.04444169998168945, 0.0220872163772583, -1.813512282493153, -5.156536440702869, -3.8844327529824016, -0.21004806476796833
702, -0.010351181030273438, -2.0133962631225586, 2.9063479900360107, 0.04953265190124512, -0.7988052368164062, -0.044450998306274414, 0.022125422954559326, -1.8135318445633044, -5.156506887374291, -3.884340207130062, -0.210040474303816
703, -0.010432004928588867, -2.0094728469848633, 2.9057328701019287, 0.04953265190124512, -0.8005311489105225, -0.04444169998168945, 0.0220872163772583, -1.8135524939111587, -5.15647730345682, -3.884236646093186, -0.21001538284877164
704, -0.010410070419311523, -2.0065743923187256, 2.9051575660705566, 0.04953265190124512, -0.801307201385498, -0.04444169998168945, 0.02209484577178955, -1.8135606448929045, -5.15645421584948, -3.8841828151863047, -0.21000484288723076
705, -0.010395288467407227, -2.0025548934936523, 2.9042787551879883, 0.04953265190124512, -0.8022294044494629, -0.04444169998168945, 0.02207958698272705, -1.813567046784576, -5.156434706989406, -3.884135568279515, -0.2099777197466528
706, -0.010432004928588867, -1.998579978942871, 2.9032959938049316, 0.04953265190124512, -0.8034894466400146, -0.044450998306274414, 0.02209484577178955, -1.8135637822349024, -5.156429691415513, -3.8841195041289067, -0.2099525768001902
707, -0.010439634323120117, -1.9966551065444946, 2.9027926921844482, 0.04953265190124512, -0.80403733253479, -0.044405221939086914, 0.02206432819366455, -1.8135575188729702, -5.156430444840987, -3.884121574386832, -0.20993800339879787
708, -0.010476350784301758, -1.9927759170532227, 2.9018020629882812, 0.04952359199523926, -0.8056807518005371, -0.044396162033081055, 0.02207958698272705, -1.8135425376876033, -5.156425900102726, -3.8841513186315617, -0.20991183991913331
709, -0.010550260543823242, -1.98899245262146, 2.9007394313812256, 0.04953265190124512, -0.807269811630249, -0.044386863708496094, 0.022117793560028076, -1.8135190242309116, -5.156425458583216, -3.884193906469313, -0.20986468726455243
710, -0.010550260543823242, -1.9861605167388916, 2.899796724319458, 0.04950547218322754, -0.8079452514648438, -0.044386863708496094, 0.0220872163772583, -1.8134982432270892, -5.156415039634194, -3.884238994437539, -0.20984637077251378
711, -0.010616540908813477, -1.983439326286316, 2.89892578125, 0.04952359199523926, -0.8090684413909912, -0.044386863708496094, 0.0221024751663208, -1.8134888463372363, -5.156401809009831, -3.884278597073791, -0.20982560354051838
712, -0.010683059692382812, -1.979589581489563, 2.8976473808288574, 0.0495145320892334, -0.8103375434875488, -0.044386863708496094, 0.0220872163772583, -1.8135102549697188, -5.156391816589536, -3.884347534660078, -0.20981571055147974
713, -0.010668277740478516, -1.9759610891342163, 2.896313190460205, 0.04950547218322754, -0.8105931282043457, -0.044377803802490234, 0.0220872163772583, -1.8134850578122246, -5.156367225452024, -3.8844062746844754, -0.20981505123288624
714, -0.010808229446411133, -1.9701348543167114, 2.8942039012908936, 0.04950547218322754, -0.811150074005127, -0.044341325759887695, 0.0220719575881958, -1.8135087735685889, -5.156349307624828, -3.884489320718582, -0.20987184766083722
715, -0.010771512985229492, -1.9668383598327637, 2.893261194229126, 0.04943227767944336, -0.8133871555328369, -0.044350385665893555, 0.02207958698272705, -1.8135264361292374, -5.156327835934851, -3.8845294971365885, -0.20990445119369827
716, -0.01082301139831543, -1.9629886150360107, 2.892270565032959, 0.0494687557220459, -0.8169939517974854, -0.044341325759887695, 0.0221024751663208, -1.81355363468903, -5.156309617528547, -3.884573191453217, -0.2099334586202719
717, -0.010845184326171875, -1.9577672481536865, 2.890544891357422, 0.0494687557220459, -0.8208470344543457, -0.044332265853881836, 0.0220872163772583, -1.813601250815926, -5.156274426529649, -3.8846384008750743, -0.2099683954485947
718, -0.010815620422363281, -1.953858494758606, 2.8890347480773926, 0.04944157600402832, -0.8222715854644775, -0.04432320594787598, 0.02203381061553955, -1.8136375467161088, -5.1562446649901945, -3.8847015428367766, -0.20999207000592612
719, -0.01083064079284668, -1.9487329721450806, 2.887141227722168, 0.04945969581604004, -0.8258144855499268, -0.044350385665893555, 0.02209484577178955, -1.8136826447368883, -5.1562129660941, -3.884791908430041, -0.2100469309255839
720, -0.010786294937133789, -1.9449717998504639, 2.885615348815918, 0.04943227767944336, -0.8287909030914307, -0.044341325759887695, 0.02209484577178955, -1.8137201788339854, -5.156185786696475, -3.8848656623807503, -0.2100917029434317
721, -0.010720014572143555, -1.9387842416763306, 2.8828909397125244, 0.04943227767944336, -0.8325254917144775, -0.044341325759887695, 0.0220719575881958, -1.8137910534910842, -5.156137922652611, -3.884994169650895, -0.2100968125630187
722, -0.010720014572143555, -1.9349859952926636, 2.881300926208496, 0.04943227767944336, -0.8348355293273926, -0.04428672790527344, 0.02211010456085205, -1.8138258222562476, -5.15611588234971, -3.8850713925237392, -0.21010175696477784
723, -0.010683059692382812, -1.9309298992156982, 2.879655122756958, 0.0494232177734375, -0.8370816707611084, -0.044332265853881836, 0.0220872163772583, -1.813854567220341, -5.156092524746679, -3.885145500563789, -0.2100851918498119
724, -0.010712385177612305, -1.925162672996521, 2.877418041229248, 0.0494232177734375, -0.839775562286377, -0.04432320594787598, 0.02207958698272705, -1.8138924040391995, -5.156069729486837, -3.8852504939109624, -0.21007853981279645
725, -0.010727167129516602, -1.9204132556915283, 2.8756043910980225, 0.04941415786743164, -0.8423776626586914, -0.04432320594787598, 0.02207958698272705, -1.8139243281355557, -5.156049460592138, -3.8853243708201965, -0.2100439713948452
726, -0.010653257369995117, -1.9137907028198242, 2.8729758262634277, 0.04945063591003418, -0.8459112644195557, -0.04432320594787598, 0.0220719575881958, -1.813975304947665, -5.15601248022319, -3.885421229117335, -0.20998123544388658
727, -0.010653257369995117, -1.9068950414657593, 2.870027780532837, 0.04938673973083496, -0.8490796089172363, -0.0442957878112793, 0.0220566987991333, -1.8140468859332741, -5.155973967438974, -3.885524143747638, -0.20992881411572384
728, -0.010653257369995117, -1.9015703201293945, 2.8677427768707275, 0.04940509796142578, -0.8522846698760986, -0.044341325759887695, 0.0221024751663208, -1.8141077733397677, -5.155942662324478, -3.885602283496533, -0.209886279903011
729, -0.010638713836669922, -1.897942066192627, 2.866208791732788, 0.04938673973083496, -0.8546221256256104, -0.044313907623291016, 0.02209484577178955, -1.814150231022376, -5.15592231892685, -3.8856505575215277, -0.20986107963070566
730, -0.010668277740478516, -1.890633225440979, 2.8629093170166016, 0.04938673973083496, -0.8590140342712402, -0.044313907623291016, 0.0220261812210083, -1.814239403028088, -5.15587457558314, -3.8857365444743643, -0.20981204807450382
731, -0.010623931884765625, -1.8835166692733765, 2.8595616817474365, 0.04940509796142578, -0.8628947734832764, -0.04418611526489258, 0.022117793560028076, -1.8143150869316913, -5.15582734890149, -3.885807818362919, -0.20979070348197837
732, -0.01060175895690918, -1.881827712059021, 2.858682632446289, 0.04941415786743164, -0.8638260364532471, -0.0442044734954834, 0.02207958698272705, -1.8143307458774038, -5.155813665131524, -3.8858258882227963, -0.20978179172281664
733, -0.010586977005004883, -1.8699984550476074, 2.852386951446533, 0.04936861991882324, -0.8685832023620605, -0.0441586971282959, 0.0221024751663208, -1.814397158481275, -5.155747998422684, -3.885953291492472, -0.20980532214015746
734, -0.010579586029052734, -1.865285873413086, 2.8496785163879395, 0.04938673973083496, -0.8704915046691895, -0.04414033889770508, 0.02209484577178955, -1.8144059781301527, -5.155714244101272, -3.8860025661831403, -0.20981515946199103
735, -0.010616540908813477, -1.8607428073883057, 2.8468902111053467, 0.04934120178222656, -0.8713316917419434, -0.04410386085510254, 0.0220566987991333, -1.8144020411655042, -5.155688223686213, -3.886061218331079, -0.20983506262158613
736, -0.01060175895690918, -1.856332778930664, 2.844165802001953, 0.04938673973083496, -0.8724455833435059, -0.04405832290649414, 0.02207958698272705, -1.8143893865684688, -5.155659866155823, -3.8861183875020373, -0.20987319536358573
737, -0.010616540908813477, -1.8506909608840942, 2.8404507637023926, 0.0493776798248291, -0.8738789558410645, -0.0440673828125, 0.0221024751663208, -1.8143790989001156, -5.155624318117119, -3.8861982359962126, -0.20991142988260325
738, -0.01060175895690918, -1.8466347455978394, 2.837582588195801, 0.0493776798248291, -0.8745365142822266, -0.04403996467590332, 0.0220719575881958, -1.814370634819713, -5.155600300496941, -3.8862504889471015, -0.2099346127338899
739, -0.01060175895690918, -1.841147780418396, 2.833883285522461, 0.04935932159423828, -0.876819372177124, -0.04401278495788574, 0.0220566987991333, -1.8143557042908731, -5.15556011162703, -3.886314913024176, -0.2099568111257737
740, -0.010638713836669922, -1.8344218730926514, 2.8292574882507324, 0.04934120178222656, -0.8800606727600098, -0.04398536682128906, 0.0220719575881958, -1.8143525930273487, -5.155516306787174, -3.8863788353921227, -0.20997915089147234
741, -0.010668277740478516, -1.830284595489502, 2.826381206512451, 0.04934120178222656, -0.8813116550445557, -0.04398536682128906, 0.0220719575881958, -1.8143468727928171, -5.155487539048125, -3.886417396561641, -0.20997738384249143
742, -0.010697603225708008, -1.8248491287231445, 2.822570323944092, 0.04935026168823242, -0.8828182220458984, -0.0438847541809082, 0.0220719575881958, -1.8143333460931355, -5.155447490926815, -3.8864656899745644, -0.20996519661155144
743, -0.010704994201660156, -1.8192590475082397, 2.8186874389648438, 0.0492405891418457, -0.8852195739746094, -0.04385733604431152, 0.02206432819366455, -1.8143227804282036, -5.155409392806621, -3.8865074501517567, -0.20997410665781668
744, -0.010741949081420898, -1.8150701522827148, 2.815779209136963, 0.049231529235839844, -0.8875570297241211, -0.04385733604431152, 0.022125422954559326, -1.8143200234818198, -5.155388550023189, -3.886543382281716, -0.20995411063387248
745, -0.010800838470458984, -1.8092070817947388, 2.811744451522827, 0.049121856689453125, -0.8891003131866455, -0.043829917907714844, 0.02207958698272705, -1.814312379460143, -5.1553615805017525, -3.8865919243052227, -0.20993965982383322
746, -0.010963201522827148, -1.8032110929489136, 2.8075740337371826, 0.04875683784484863, -0.8909263610839844, -0.043839216232299805, 0.02209484577178955, -1.8143197887367615, -5.155342632399074, -3.88664046584688, -0.20990248177293225
747, -0.01117706298828125, -1.7985429763793945, 2.8043463230133057, 0.047989606857299805, -0.8920221328735352, -0.043802499771118164, 0.02207958698272705, -1.814320778529495, -5.155326155313232, -3.8866732311114123, -0.20987928032982772
748, -0.0113983154296875, -1.7938599586486816, 2.80104660987854, 0.04716801643371582, -0.8932182788848877, -0.043802499771118164, 0.0220719575881958, -1.8143204300297806, -5.1553073957835025, -3.886706021763793, -0.20984978452905878
749, -0.011479377746582031, -1.7877607345581055, 2.796668291091919, 0.046820878982543945, -0.8949074745178223, -0.043766021728515625, 0.02207958698272705, -1.814318110725479, -5.155280758762444, -3.886739896480166, -0.2098250708805045
750, -0.011464595794677734, -1.783203125, 2.7933287620544434, 0.046839237213134766, -0.8959574699401855, -0.04373884201049805, 0.02209484577178955, -1.8143138528262661, -5.155255794808151, -3.8867644431999007, -0.20978957717923574
751, -0.01149439811706543, -1.778726577758789, 2.789917230606079, 0.046820878982543945, -0.8968522548675537, -0.04373884201049805, 0.02207958698272705, -1.8143070955975722, -5.155238080760697, -3.8867998568799615, -0.20977776570510365
752, -0.011516332626342773, -1.7707098722457886, 2.784029006958008, 0.046784400939941406, -0.8983039855957031, -0.04368400573730469, 0.02211010456085205, -1.8142903791200586, -5.155208053611886, -3.886883165753568, -0.20976036059135073
753, -0.011648893356323242, -1.7639399766921997, 2.779099464416504, 0.04677534103393555, -0.8999476432800293, -0.04351949691772461, 0.0221024751663208, -1.8142990468252893, -5.15518476841021, -3.8869474709948593, -0.2097552975245751
754, -0.011766910552978516, -1.7583422660827637, 2.775136709213257, 0.04672050476074219, -0.9006962776184082, -0.04284405708312988, 0.02207958698272705, -1.8143159182328938, -5.155164592931089, -3.8869878376980775, -0.20976015461601705
755, -0.011914491653442383, -1.7525899410247803, 2.770942211151123, 0.04672050476074219, -0.9020204544067383, -0.04119133949279785, 0.02206432819366455, -1.8143421742876704, -5.155133091949737, -3.887022308532063, -0.2097654470990742
756, -0.01209878921508789, -1.744529128074646, 2.765061855316162, 0.04667472839355469, -0.9046134948730469, -0.03939247131347656, 0.02209484577178955, -1.8143953076042716, -5.155087252644695, -3.8870715738647426, -0.20978178882070253
757, -0.012224435806274414, -1.7382309436798096, 2.7603960037231445, 0.04668402671813965, -0.9059009552001953, -0.03847026824951172, 0.0221024751663208, -1.8144366890582162, -5.1550463683598045, -3.887113051001068, -0.2097964529874341
758, -0.012335062026977539, -1.7298235893249512, 2.753868579864502, 0.04664731025695801, -0.906585693359375, -0.037548065185546875, 0.0220719575881958, -1.8144901260824946, -5.155000426875548, -3.8871899966689556, -0.20981994809670024
759, -0.012467622756958008, -1.7195725440979004, 2.7455437183380127, 0.04660177230834961, -0.9081745147705078, -0.036908864974975586, 0.0221024751663208, -1.8145450293088072, -5.154955589508596, -3.887313176442954, -0.2098883003021239
760, -0.012526512145996094, -1.7135618925094604, 2.7404303550720215, 0.04656529426574707, -0.9087681770324707, -0.036927223205566406, 0.02206432819366455, -1.8145714562001685, -5.1549352847115095, -3.8873969306604454, -0.20992484057204397
761, -0.012578248977661133, -1.7076619863510132, 2.7353250980377197, 0.04652881622314453, -0.9093525409698486, -0.036917924880981445, 0.02204906940460205, -1.8145959568414036, -5.154916976773053, -3.8874782514418627, -0.20997476059496023
762, -0.012644529342651367, -1.699970006942749, 2.7285420894622803, 0.04650139808654785, -0.9105119705200195, -0.03689980506896973, 0.02209484577178955, -1.8146276844026046, -5.154880700508675, -3.8875791448608146, -0.21000037941894956
763, -0.012688875198364258, -1.692344069480896, 2.721743106842041, 0.04633688926696777, -0.9123563766479492, -0.036908864974975586, 0.02206432819366455, -1.8146574214203954, -5.154841844415064, -3.8876742965339126, -0.20999474603383028
764, -0.012755155563354492, -1.6866949796676636, 2.716677665710449, 0.0462183952331543, -0.9138174057006836, -0.036917924880981445, 0.0221024751663208, -1.81467826091665, -5.154808567764088, -3.8877375124288185, -0.2099924005381153
765, -0.012880563735961914, -1.6794087886810303, 2.7098865509033203, 0.04606294631958008, -0.9148492813110352, -0.03685402870178223, 0.02209484577178955, -1.8147081562808767, -5.154771117552158, -3.8878171609674768, -0.2099862020832992
766, -0.012991189956665039, -1.6738110780715942, 2.7047252655029297, 0.045697927474975586, -0.91568922996521, -0.03687238693237305, 0.02209484577178955, -1.8147273773362387, -5.154741533393673, -3.8878708247100864, -0.20998356561324627
767, -0.013138771057128906, -1.6682136058807373, 2.6996359825134277, 0.045122623443603516, -0.9169402122497559, -0.03689980506896973, 0.02207958698272705, -1.814744240133036, -5.1547112050095425, -3.8879283126800224, -0.20995939875314207
768, -0.013374567031860352, -1.6610304117202759, 2.6928770542144775, 0.04434657096862793, -0.9181272983551025, -0.03686332702636719, 0.0221024751663208, -1.8147742770750748, -5.154668092631032, -3.888010368237203, -0.20990860092548846
769, -0.013632774353027344, -1.6538546085357666, 2.686157703399658, 0.04304099082946777, -0.9188759326934814, -0.03687238693237305, 0.02207958698272705, -1.8147977294816524, -5.154622680546253, -3.888090968844786, -0.20987607354071436
770, -0.013765573501586914, -1.648485779762268, 2.681260347366333, 0.042246341705322266, -0.9197432994842529, -0.03683590888977051, 0.02206432819366455, -1.8148104414320672, -5.154591027732879, -3.88815026037474, -0.2098511419525897
771, -0.013765573501586914, -1.6394734382629395, 2.6731350421905518, 0.041808128356933594, -0.9217519760131836, -0.03682684898376465, 0.0221024751663208, -1.8148429198967149, -5.154539812123781, -3.8882432480846116, -0.20984923737205996
772, -0.013758182525634766, -1.6359481811523438, 2.6699392795562744, 0.041753292083740234, -0.9222724437713623, -0.03681755065917969, 0.0221024751663208, -1.814855782465866, -5.154519301646867, -3.888278997955652, -0.20982683382869816
773, -0.013758182525634766, -1.6290379762649536, 2.6635236740112305, 0.04163479804992676, -0.9224278926849365, -0.03682684898376465, 0.0220872163772583, -1.8148703117851683, -5.15447107490337, -3.888339736040712, -0.20981460327048662
774, -0.01383209228515625, -1.6222163438796997, 2.6571879386901855, 0.04147934913635254, -0.9224460124969482, -0.03680849075317383, 0.0221024751663208, -1.8148871832812785, -5.154428023252501, -3.8883995274347933, -0.2097930143249318
775, -0.013913154602050781, -1.6170611381530762, 2.652482032775879, 0.0414884090423584, -0.922391414642334, -0.03680849075317383, 0.02209484577178955, -1.8149009139281143, -5.154394140257522, -3.8884365043176023, -0.2097629627596893
776, -0.014105081558227539, -1.6100844144821167, 2.646322250366211, 0.04145193099975586, -0.9224188327789307, -0.03680849075317383, 0.02207958698272705, -1.8149113677721798, -5.154339348538197, -3.888468796587907, -0.20970830504837945
777, -0.01427459716796875, -1.603402853012085, 2.6401703357696533, 0.04141545295715332, -0.922391414642334, -0.03678107261657715, 0.0220872163772583, -1.8149323766524503, -5.1542863434806065, -3.8884968174097714, -0.20964550384832936
778, -0.014429330825805664, -1.5984838008880615, 2.635608434677124, 0.04141545295715332, -0.9224278926849365, -0.03677201271057129, 0.0220872163772583, -1.8149557728887253, -5.1542553505641715, -3.8885209742720375, -0.20961547817928583
779, -0.014657974243164062, -1.5902976989746094, 2.628018379211426, 0.04138827323913574, -0.9224095344543457, -0.03674459457397461, 0.02207958698272705, -1.8149922658426005, -5.154214362020173, -3.8885575737262723, -0.20960747303546334
780, -0.014761209487915039, -1.5870600938796997, 2.6249983310699463, 0.04136085510253906, -0.9224004745483398, -0.03676271438598633, 0.0221024751663208, -1.8150082847470843, -5.1541946378172545, -3.8885728424111328, -0.20960501769236206
781, -0.014849662780761719, -1.580673336982727, 2.6189184188842773, 0.04134249687194824, -0.9224095344543457, -0.03676271438598633, 0.0220719575881958, -1.8150379363349054, -5.154153048643368, -3.888609831566234, -0.20963556945773743
782, -0.014871835708618164, -1.574367880821228, 2.6129021644592285, 0.04136085510253906, -0.9224278926849365, -0.03673529624938965, 0.0220719575881958, -1.8150570886005384, -5.154099652206491, -3.8886579225481293, -0.2096566457124558
783, -0.014871835708618164, -1.5681655406951904, 2.6068222522735596, 0.04131507873535156, -0.9224734306335449, -0.03675365447998047, 0.02209484577178955, -1.8150773421606612, -5.154038492865049, -3.8887123325600172, -0.20968149915251733
784, -0.01489400863647461, -1.5622140169143677, 2.6008141040802, 0.041251182556152344, -0.9224643707275391, -0.03671693801879883, 0.0221024751663208, -1.8151118479850785, -5.153978257141314, -3.8887655131095147, -0.2097056885658528
785, -0.014916181564331055, -1.5561147928237915, 2.5947821140289307, 0.0412144660949707, -0.9224369525909424, -0.03672623634338379, 0.0220872163772583, -1.8151486227697529, -5.153931014637317, -3.888815934757097, -0.20978224253515343
786, -0.0149383544921875, -1.5515130758285522, 2.5902280807495117, 0.041205406188964844, -0.9224643707275391, -0.03670787811279297, 0.0220719575881958, -1.8151796173325134, -5.153895252397265, -3.8888568910850547, -0.20982804522270282
787, -0.015019416809082031, -1.543872594833374, 2.582606077194214, 0.041205406188964844, -0.9224369525909424, -0.03668045997619629, 0.02209484577178955, -1.815226084357855, -5.153813517618897, -3.888923037711555, -0.2098431888437391
788, -0.015093088150024414, -1.5376851558685303, 2.576470136642456, 0.041159868240356445, -0.9224278926849365, -0.03666234016418457, 0.02209484577178955, -1.8152557400414149, -5.153741841211205, -3.888961770122319, -0.20984597656942405
789, -0.015137434005737305, -1.5329651832580566, 2.571812391281128, 0.041141510009765625, -0.9224369525909424, -0.03668045997619629, 0.0220872163772583, -1.8152868950668868, -5.153688929290907, -3.8889785097330143, -0.20981994061093268
790, -0.015285015106201172, -1.5267480611801147, 2.565612554550171, 0.041141510009765625, -0.9224188327789307, -0.03668045997619629, 0.0220719575881958, -1.8153358302521658, -5.15363109020742, -3.8889943821002304, -0.2098108577610187
791, -0.015358686447143555, -1.5221240520477295, 2.560938596725464, 0.041132450103759766, -0.9224460124969482, -0.03665328025817871, 0.0220719575881958, -1.8153708476175683, -5.153588135362366, -3.8890078921813784, -0.20980318405550857
792, -0.015476465225219727, -1.5158551931381226, 2.5545871257781982, 0.041123390197753906, -0.9224460124969482, -0.03664398193359375, 0.0221024751663208, -1.8154220740324551, -5.153535494803649, -3.8890311953146828, -0.20979095921880564
793, -0.015631437301635742, -1.5065114498138428, 2.545055627822876, 0.041105031967163086, -0.9224278926849365, -0.03662586212158203, 0.0220872163772583, -1.8155150065442998, -5.153451800814396, -3.8890633262675895, -0.20976504739584811
794, -0.015720129013061523, -1.5003459453582764, 2.538696050643921, 0.04106855392456055, -0.9224643707275391, -0.03660750389099121, 0.0220872163772583, -1.8155734331915636, -5.153386799507705, -3.8890767097665226, -0.20973894754650502
795, -0.0158231258392334, -1.495640754699707, 2.5339341163635254, 0.04105949401855469, -0.9224369525909424, -0.03659844398498535, 0.0220719575881958, -1.8156197400214436, -5.153339293597222, -3.889083148545061, -0.20971171869949323
796, -0.016022443771362305, -1.4863557815551758, 2.524474620819092, 0.04101371765136719, -0.9224004745483398, -0.03658938407897949, 0.02207958698272705, -1.8157014914129395, -5.153251105719924, -3.889096915658307, -0.20970464038219827
797, -0.016066551208496094, -1.4819012880325317, 2.519784927368164, 0.04098629951477051, -0.9224095344543457, -0.03658008575439453, 0.02209484577178955, -1.815740640238026, -5.153202865031444, -3.889102233538938, -0.20968249406325068
798, -0.016147613525390625, -1.4760161638259888, 2.513585090637207, 0.04094076156616211, -0.922382116317749, -0.03655290603637695, 0.0220719575881958, -1.8158018944474106, -5.153137856201193, -3.8891083203392807, -0.20967851101603774
799, -0.016206741333007812, -1.4715617895126343, 2.5089032649993896, 0.04089498519897461, -0.922382116317749, -0.03655290603637695, 0.0220719575881958, -1.815846437430237, -5.153087477199523, -3.8891109007495386, -0.20968039457850107
800, -0.0162508487701416, -1.4671587944030762, 2.504213333129883, 0.04084038734436035, -0.9222724437713623, -0.03655290603637695, 0.0220719575881958, -1.8158854240160012, -5.153038108153685, -3.8891115023696554, -0.20969306959694656
801, -0.0162656307220459, -1.462881326675415, 2.4996273517608643, 0.04084038734436035, -0.9222269058227539, -0.03656196594238281, 0.02206432819366455, -1.8159318028256681, -5.1529900353750655, -3.8891095848240904, -0.2097192193006432
802, -0.01630997657775879, -1.4570626020431519, 2.493483543395996, 0.04083108901977539, -0.9221630096435547, -0.03654360771179199, 0.0220872163772583, -1.815992201525311, -5.1529260030799815, -3.889109600564359, -0.20974575129199202
803, -0.016317367553710938, -1.452777624130249, 2.488825559616089, 0.04079461097717285, -0.9220716953277588, -0.03652548789978027, 0.0220719575881958, -1.8160278032488149, -5.1528764795176825, -3.889113619042285, -0.2097711924757295
804, -0.016339540481567383, -1.4470328092575073, 2.4826736450195312, 0.04078555107116699, -0.9219164848327637, -0.03650712966918945, 0.02207958698272705, -1.81607888229086, -5.152807312730579, -3.8891271137971732, -0.20978423412771097
805, -0.01635432243347168, -1.4427627325057983, 2.4780077934265137, 0.04073071479797363, -0.9218616485595703, -0.03650712966918945, 0.0220872163772583, -1.816118092594599, -5.1527560360505085, -3.889140989880369, -0.20978675662645596
806, -0.016450166702270508, -1.4353803396224976, 2.4701621532440186, 0.04067587852478027, -0.9217429161071777, -0.03652548789978027, 0.02207958698272705, -1.816176581248421, -5.152678083846315, -3.8891676224071148, -0.209799611024704
807, -0.016516447067260742, -1.4322607517242432, 2.4669582843780518, 0.040639400482177734, -0.9216880798339844, -0.036498069763183594, 0.0220872163772583, -1.8162024680908622, -5.152644467741089, -3.8891798433413816, -0.20977945517854568
808, -0.016627073287963867, -1.4259330034255981, 2.4603590965270996, 0.040621042251586914, -0.921642541885376, -0.03652548789978027, 0.02207958698272705, -1.8162629162518298, -5.152582331655394, -3.8891973586611317, -0.20976946426196097
809, -0.01675248146057129, -1.4194061756134033, 2.453456163406372, 0.040639400482177734, -0.9214780330657959, -0.03646135330200195, 0.02209484577178955, -1.8163279020240357, -5.152513805766721, -3.889210504299291, -0.20973948675565346
810, -0.01684093475341797, -1.4143322706222534, 2.4481112957000732, 0.040611982345581055, -0.9212772846221924, -0.03647971153259277, 0.02209484577178955, -1.816380605238502, -5.1524588265467415, -3.889220507288176, -0.2096977736736232
811, -0.016951560974121094, -1.4075251817703247, 2.4406650066375732, 0.040566444396972656, -0.9209210872650146, -0.036470651626586914, 0.0220719575881958, -1.8168213420859585, -5.152435813125739, -3.8892297900761874, -0.20966999259124197
812, -0.01710653305053711, -1.4005781412124634, 2.433051109313965, 0.040548086166381836, -0.9206106662750244, -0.036443233489990234, 0.0220872163772583, -1.8171423882396198, -5.152400739791335, -3.8892434019922306, -0.20964365818742525
813, -0.017224550247192383, -1.3952093124389648, 2.427194595336914, 0.04052996635437012, -0.9204647541046143, -0.036415815353393555, 0.0221024751663208, -1.8172112086244603, -5.152354575784475, -3.889252996310809, -0.20964061841019088
814, -0.017305612564086914, -1.3897074460983276, 2.4212186336517334, 0.04052996635437012, -0.9201817512512207, -0.036397457122802734, 0.0220872163772583, -1.817261974819909, -5.1522977159728525, -3.8892579534238236, -0.20961890200547373
815, -0.01741623878479004, -1.3823916912078857, 2.4131970405578613, 0.0405116081237793, -0.9194328784942627, -0.036415815353393555, 0.02209484577178955, -1.817309092354523, -5.1522329817538015, -3.8892784301136527, -0.20959502822440257
816, -0.017430782318115234, -1.376882553100586, 2.407133102416992, 0.0405116081237793, -0.9186842441558838, -0.036415815353393555, 0.0221024751663208, -1.817303905088425, -5.152180283699284, -3.8892851898234273, -0.20959847133604903
817, -0.017423629760742188, -1.3695223331451416, 2.3990638256073, 0.04047513008117676, -0.9177708625793457, -0.036406517028808594, 0.0220719575881958, -1.817632050190506, -5.152154580909324, -3.8892879943687104, -0.2096214321633587
818, -0.01741623878479004, -1.363939642906189, 2.3929996490478516, 0.04043841361999512, -0.9173054695129395, -0.036379337310791016, 0.022117793560028076, -1.8179249005613425, -5.152130575150499, -3.8892879526019795, -0.2096725791034748
819, -0.01737189292907715, -1.3566162586212158, 2.384986162185669, 0.04039287567138672, -0.9168031215667725, -0.036360979080200195, 0.0220872163772583, -1.8180956462228441, -5.15209129832646, -3.8892948157503384, -0.20974657990926726
820, -0.017386913299560547, -1.351048231124878, 2.378946304321289, 0.040283203125, -0.9165291786193848, -0.036360979080200195, 0.02207958698272705, -1.8181314977075256, -5.152052420558349, -3.889296572559777, -0.209770085300236
821, -0.01740884780883789, -1.343761920928955, 2.370964765548706, 0.03993630409240723, -0.9162280559539795, -0.036351919174194336, 0.0220719575881958, -1.818086573105544, -5.151967211306182, -3.8892918738465125, -0.2098345030639237
822, -0.017445802688598633, -1.3383265733718872, 2.3650524616241455, 0.03926968574523926, -0.9160544872283936, -0.03634285926818848, 0.0220719575881958, -1.8180309275790705, -5.151900900000188, -3.889294992996748, -0.20987566348790843
823, -0.01750469207763672, -1.331099033355713, 2.357142925262451, 0.038365840911865234, -0.9158718585968018, -0.036333560943603516, 0.0220719575881958, -1.8182098768175106, -5.151858607200294, -3.8892904212240493, -0.2099306815951376
824, -0.017475128173828125, -1.3164968490600586, 2.3413476943969727, 0.03809189796447754, -0.9148125648498535, -0.03626060485839844, 0.0221024751663208, -1.818543683144234, -5.151812170950528, -3.889296678392917, -0.21001201990343077
825, -0.017482519149780273, -1.3127799034118652, 2.3373210430145264, 0.03807353973388672, -0.9141278266906738, -0.0362241268157959, 0.02211010456085205, -1.8185545318072103, -5.151802658916879, -3.889304966713626, -0.21003322901785904
826, -0.01750469207763672, -1.3053313493728638, 2.3291397094726562, 0.03806447982788086, -0.912621259689331, -0.03620576858520508, 0.02207958698272705, -1.8184998048072125, -5.15176313351833, -3.889314364856969, -0.21004439197368896
827, -0.01754140853881836, -1.301540493965149, 2.3249611854553223, 0.038055419921875, -0.9121007919311523, -0.03619670867919922, 0.02206432819366455, -1.8184367877395267, -5.151729900039898, -3.8893157623394665, -0.21002365257222433
828, -0.01767444610595703, -1.2919381856918335, 2.3143513202667236, 0.038055419921875, -0.9115896224975586, -0.03619670867919922, 0.02209484577178955, -1.8185320222136165, -5.151655037639504, -3.8893157421858513, -0.20996109807755658
829, -0.017755508422851562, -1.2879928350448608, 2.3099329471588135, 0.03807353973388672, -0.9115071296691895, -0.03618764877319336, 0.02207958698272705, -1.8186469908229446, -5.151640614760604, -3.8893210833385754, -0.20993016953388555
830, -0.018006324768066406, -1.2762150764465332, 2.2963030338287354, 0.03808259963989258, -0.9099276065826416, -0.03615093231201172, 0.022117793560028076, -1.81888174855706, -5.15161533716394, -3.889339592633686, -0.2098225308285535
831, -0.018153667449951172, -1.2701750993728638, 2.2891764640808105, 0.03808259963989258, -0.9077637195587158, -0.03615999221801758, 0.02207958698272705, -1.8188986620378365, -5.151592593174275, -3.889353115175305, -0.20975737445797105
832, -0.018308639526367188, -1.2640023231506348, 2.2819459438323975, 0.038055419921875, -0.9058187007904053, -0.0361325740814209, 0.0220872163772583, -1.818841951698342, -5.1515376895877765, -3.88936122602268, -0.20970873248749555
833, -0.01847076416015625, -1.2558234930038452, 2.272294521331787, 0.03806447982788086, -0.9034082889556885, -0.03614187240600586, 0.0220872163772583, -1.81880673134675, -5.151458133948407, -3.8893624013364385, -0.20961071510317542
834, -0.018588781356811523, -1.2497023344039917, 2.265064239501953, 0.03806447982788086, -0.9019107818603516, -0.03616929054260254, 0.0220566987991333, -1.8188955332528804, -5.151399910725527, -3.889359658215307, -0.20955880089634338
835, -0.018655061721801758, -1.2415088415145874, 2.2554287910461426, 0.038055419921875, -0.9005868434906006, -0.03609609603881836, 0.022117793560028076, -1.8190774081464574, -5.151353013633681, -3.889371026547743, -0.20950978389052555
836, -0.0186920166015625, -1.2333595752716064, 2.2456417083740234, 0.038055419921875, -0.8984227180480957, -0.0360870361328125, 0.0220872163772583, -1.8192295610594504, -5.151339348871404, -3.88938964254015, -0.20949801582145522
837, -0.018721580505371094, -1.227135181427002, 2.2382752895355225, 0.03802800178527832, -0.8970351219177246, -0.0360870361328125, 0.0220872163772583, -1.8192536138185913, -5.1513259741624, -3.8894036278683632, -0.2095082680449476
838, -0.018670082092285156, -1.2190005779266357, 2.2284960746765137, 0.038055419921875, -0.8954370021820068, -0.0360870361328125, 0.0220872163772583, -1.819219971448652, -5.151260390183517, -3.889420099537103, -0.2095546488318476
839, -0.018677473068237305, -1.2129310369491577, 2.2212178707122803, 0.03802800178527832, -0.8945422172546387, -0.0360870361328125, 0.0220872163772583, -1.8192119202202273, -5.151198079887012, -3.889431332033645, -0.2095772411825818
840, -0.01868462562561035, -1.2068761587142944, 2.213963508605957, 0.03802800178527832, -0.8938026428222656, -0.0360870361328125, 0.02207958698272705, -1.8192869208651756, -5.151131375209959, -3.889442777320051, -0.2096051609475431
841, -0.0186920166015625, -1.198852300643921, 2.204472064971924, 0.03801894187927246, -0.893190860748291, -0.03607797622680664, 0.022117793560028076, -1.819451410992452, -5.1510493722802, -3.8894641193086863, -0.20963700375557615
842, -0.018713951110839844, -1.1929007768630981, 2.1973533630371094, 0.03801894187927246, -0.8924238681793213, -0.03610539436340332, 0.02211010456085205, -1.8195721369413451, -5.1509984352801155, -3.889479930006426, -0.20967352710527987
843, -0.018795251846313477, -1.1849727630615234, 2.187821865081787, 0.03800058364868164, -0.89070725440979, -0.03605055809020996, 0.0221024751663208, -1.819666921270231, -5.15097185192511, -3.8895127415632573, -0.20970832066632283
844, -0.01886892318725586, -1.177088975906372, 2.1781625747680664, 0.03798222541809082, -0.8888354301452637, -0.03605055809020996, 0.0220872163772583, -1.8196515781299458, -5.150922030446766, -3.8895412154681557, -0.20975285770128504
845, -0.018935203552246094, -1.1710342168807983, 2.171020030975342, 0.03798222541809082, -0.8882875442504883, -0.0359957218170166, 0.0221024751663208, -1.8196534230535235, -5.1508639189085965, -3.889548232533846, -0.2097711759206824
846, -0.018979549407958984, -1.1649720668792725, 2.163837432861328, 0.03794574737548828, -0.8873836994171143, -0.03602313995361328, 0.02207958698272705, -1.8197172137588158, -5.150795697646779, -3.8895444064999856, -0.20977845624703217
847, -0.019031286239624023, -1.1571767330169678, 2.154385805130005, 0.03793668746948242, -0.885913610458374, -0.03597760200500488, 0.0220872163772583, -1.8199274472903566, -5.150705734614099, -3.8895490032171574, -0.20980059602686207
848, -0.019060850143432617, -1.1492559909820557, 2.144998073577881, 0.03790020942687988, -0.8853750228881836, -0.03596854209899902, 0.0220719575881958, -1.8201459724761735, -5.150653271511121, -3.8895616386687957, -0.2098187441164452
849, -0.019105195999145508, -1.1392924785614014, 2.133277416229248, 0.03790926933288574, -0.8850646018981934, -0.03592276573181152, 0.0220872163772583, -1.820301240174292, -5.150620245490914, -3.889595631583288, -0.20982888312174808
850, -0.019134521484375, -1.1313424110412598, 2.1238579750061035, 0.03790926933288574, -0.884014368057251, -0.035932064056396484, 0.0221024751663208, -1.8203340937717964, -5.150562492824395, -3.8896057761150207, -0.20980321673907554
851, -0.01914191246032715, -1.127345085144043, 2.119072437286377, 0.03789114952087402, -0.8830008506774902, -0.03592276573181152, 0.0220719575881958, -1.8203746029252903, -5.150530259215077, -3.889617033517446, -0.20979630468659938
852, -0.01918625831604004, -1.1194911003112793, 2.109333038330078, 0.03789114952087402, -0.880042552947998, -0.035895347595214844, 0.0220719575881958, -1.820508077902899, -5.150445295537873, -3.889621763733849, -0.20976334162395194
853, -0.019252538681030273, -1.113539457321167, 2.1020545959472656, 0.03785443305969238, -0.8775315284729004, -0.0358586311340332, 0.02206432819366455, -1.8206727377665624, -5.1503874183575515, -3.8896254324194, -0.20975035707160483
854, -0.01931142807006836, -1.105463981628418, 2.0924034118652344, 0.03783607482910156, -0.8755044937133789, -0.035822153091430664, 0.0220872163772583, -1.8208954129945625, -5.150320872048133, -3.889638997099257, -0.20969471662469807
855, -0.01940751075744629, -1.0975210666656494, 2.0827600955963135, 0.037772178649902344, -0.8740434646606445, -0.035813093185424805, 0.022133052349090576, -1.8210642223051972, -5.150286640625932, -3.8896659891409744, -0.20965949242351112
856, -0.019481182098388672, -1.091665506362915, 2.0754575729370117, 0.037754058837890625, -0.8717515468597412, -0.035794973373413086, 0.02206432819366455, -1.8211350089377434, -5.150261507408876, -3.889687146465466, -0.20962753664485323
857, -0.01956963539123535, -1.0837078094482422, 2.0657105445861816, 0.03768110275268555, -0.8686928749084473, -0.035794973373413086, 0.02209484577178955, -1.8212442023161894, -5.150204873779673, -3.8897067690254774, -0.20958617838826132
858, -0.01970958709716797, -1.0757136344909668, 2.0559873580932617, 0.03761720657348633, -0.8667478561401367, -0.035749197006225586, 0.02207958698272705, -1.8214317541489955, -5.150129733014353, -3.889717546835284, -0.20955589077246284
859, -0.019724607467651367, -1.0716426372528076, 2.0511136054992676, 0.03756213188171387, -0.8659718036651611, -0.03575849533081055, 0.0220719575881958, -1.8215565328570897, -5.150092303784422, -3.8897207410067716, -0.2095226264992478
860, -0.01989436149597168, -1.0554840564727783, 2.0312118530273438, 0.03752565383911133, -0.8616070747375488, -0.03572201728820801, 0.0220719575881958, -1.822012778796327, -5.150007174956101, -3.889771534778701, -0.20947832028284452
861, -0.019923686981201172, -1.047290563583374, 2.0213208198547363, 0.03751659393310547, -0.8596715927124023, -0.03570365905761719, 0.02207958698272705, -1.8221251620389167, -5.149968921320278, -3.8898077155555164, -0.2094972876458998
862, -0.019945859909057617, -1.0412800312042236, 2.0139307975769043, 0.03750753402709961, -0.8586945533752441, -0.03570365905761719, 0.02206432819366455, -1.8222142814448365, -5.149927752459797, -3.889824699450768, -0.20951930885905679
863, -0.019953250885009766, -1.0353727340698242, 2.006580352783203, 0.03748917579650879, -0.8577539920806885, -0.03570365905761719, 0.02207958698272705, -1.8223492563131876, -5.149875931365352, -3.8898350428333552, -0.20955715626776072
864, -0.01993846893310547, -1.027555227279663, 1.9967373609542847, 0.03749823570251465, -0.8564574718475342, -0.03569459915161133, 0.02211010456085205, -1.8225984615778272, -5.149802317085495, -3.889853601930163, -0.20960889721257026
865, -0.019960641860961914, -1.0216405391693115, 1.9892672300338745, 0.03750753402709961, -0.8546769618988037, -0.03571271896362305, 0.0221024751663208, -1.8227848122535173, -5.149762915557435, -3.8898750249940526, -0.20964386550329372
866, -0.019982576370239258, -1.013697862625122, 1.9791284799575806, 0.03748011589050293, -0.8523578643798828, -0.03573107719421387, 0.0220872163772583, -1.8229888598553048, -5.149719687220474, -3.8899196731744907, -0.20967338542144986
867, -0.02001214027404785, -1.005873203277588, 1.9689818620681763, 0.03748917579650879, -0.850348949432373, -0.03569459915161133, 0.022117793560028076, -1.8231355174034678, -5.14969034050889, -3.889973861818748, -0.20970018542356073
868, -0.020034313201904297, -1.0002093315124512, 1.9613758325576782, 0.03748917579650879, -0.8486688137054443, -0.03567624092102051, 0.02206432819366455, -1.823245922800178, -5.1496680258591025, -3.890020549340758, -0.20971078247542785
869, -0.02006387710571289, -0.9926424026489258, 1.9511573314666748, 0.03746175765991211, -0.8463222980499268, -0.03570365905761719, 0.022117793560028076, -1.8234310152422761, -5.149627968345974, -3.890084545937758, -0.20971864643107452
870, -0.020093202590942383, -0.9871482849121094, 1.943527340888977, 0.03747105598449707, -0.8438568115234375, -0.03568530082702637, 0.02207958698272705, -1.823614491697467, -5.149569614501326, -3.890133611677083, -0.2097397858446124
871, -0.020078659057617188, -0.9801125526428223, 1.9338760375976562, 0.03745269775390625, -0.8412637710571289, -0.03570365905761719, 0.0220719575881958, -1.8238543123301951, -5.149469184925655, -3.8902126539281348, -0.20978688318342176
872, -0.020078659057617188, -0.9737775325775146, 1.925223469734192, 0.03745269775390625, -0.8406610488891602, -0.03567624092102051, 0.0220872163772583, -1.8240123110866064, -5.149371372827487, -3.8903130531153995, -0.2098145278486534
873, -0.020093202590942383, -0.9695885181427002, 1.91938316822052, 0.03747105598449707, -0.8405699729919434, -0.03568530082702637, 0.022117793560028076, -1.8240735916228061, -5.149322751769101, -3.8904063650268172, -0.209835045855443
874, -0.020085811614990234, -0.9647653102874756, 1.9125521183013916, 0.03742527961730957, -0.839766263961792, -0.03572201728820801, 0.022125422954559326, -1.8241687492421947, -5.149301339474291, -3.89054258010848, -0.20983866964577835
875, -0.02010059356689453, -0.9615866541862488, 1.908094048500061, 0.03745269775390625, -0.8385794162750244, -0.03570365905761719, 0.02209484577178955, -1.8242776412969977, -5.149305668024965, -3.890643467691382, -0.2098316224901149
876, -0.020130157470703125, -0.9568078517913818, 1.9014866352081299, 0.03741621971130371, -0.8358492851257324, -0.03567624092102051, 0.0220872163772583, -1.8245042456844285, -5.149279783008991, -3.8907934301573532, -0.20986997327553247
877, -0.02011561393737793, -0.9540347456932068, 1.8980191946029663, 0.03738880157470703, -0.834726095199585, -0.03568530082702637, 0.02207958698272705, -1.8246076621049658, -5.149239388315782, -3.8908664160312374, -0.20988386075271848
878, -0.020122766494750977, -0.9512693881988525, 1.8948395252227783, 0.03738880157470703, -0.8340322971343994, -0.03567624092102051, 0.0220872163772583, -1.8246627222120146, -5.149163853565945, -3.890930075612668, -0.20989574629720575
879, -0.020144939422607422, -0.9487543106079102, 1.8920432329177856, 0.03737974166870117, -0.8337764739990234, -0.03567624092102051, 0.0220719575881958, -1.824687278814403, -5.14908408582205, -3.8909829141225183, -0.2098887751132814
880, -0.02011561393737793, -0.9459962844848633, 1.8892468214035034, 0.03737974166870117, -0.8340413570404053, -0.03568530082702637, 0.022125422954559326, -1.8247212536210178, -5.149037938266093, -3.891055939782018, -0.20984232549865478
881, -0.020167112350463867, -0.9444918632507324, 1.8879286050796509, 0.03729748725891113, -0.8343243598937988, -0.03570365905761719, 0.02211010456085205, -1.8247926466666067, -5.149058760815434, -3.89112353220941, -0.20981371997733156
882, -0.020189285278320312, -0.943429708480835, 1.887377381324768, 0.037233591079711914, -0.8349361419677734, -0.03570365905761719, 0.022125422954559326, -1.8248770035653146, -5.149080680085919, -3.8911869000223422, -0.20979652499233925
883, -0.020167112350463867, -0.9427807331085205, 1.8876888751983643, 0.037178754806518555, -0.8361961841583252, -0.03570365905761719, 0.022117793560028076, -1.8250091009693459, -5.149087305138446, -3.8912833258020987, -0.209791539414943
884, -0.020262718200683594, -0.9425890445709229, 1.888623595237732, 0.037133216857910156, -0.8367805480957031, -0.03566718101501465, 0.0220872163772583, -1.8250255800872068, -5.149018701794597, -3.891361856853358, -0.2097977606937853
885, -0.020218849182128906, -0.9426186084747314, 1.8896301984786987, 0.037114858627319336, -0.8365066051483154, -0.03565812110900879, 0.02206432819366455, -1.82496154522645, -5.148896079501243, -3.8914399429582343, -0.2097833596885028
886, -0.02024078369140625, -0.9426259398460388, 1.8902853727340698, 0.037114858627319336, -0.8366072177886963, -0.03570365905761719, 0.02207958698272705, -1.8249271464571661, -5.148824168295431, -3.891513124239575, -0.20975425039612983
887, -0.020299911499023438, -0.9422644972801208, 1.890844702720642, 0.0370783805847168, -0.8366892337799072, -0.03566718101501465, 0.02206432819366455, -1.825010036272909, -5.1488184755401765, -3.8916457502931516, -0.20971117166179631
888, -0.020277738571166992, -0.9421390891075134, 1.891052484512329, 0.0369870662689209, -0.8368077278137207, -0.03563976287841797, 0.02209484577178955, -1.825093447431765, -5.148849404678603, -3.891701683245124, -0.2097115040505333
889, -0.020299911499023438, -0.9417703151702881, 1.8913320302963257, 0.0369412899017334, -0.837949275970459, -0.03563976287841797, 0.02207958698272705, -1.8252562632236247, -5.148907357184832, -3.8917945302305186, -0.20974159557129735
890, -0.02029252052307129, -0.941335141658783, 1.8915637731552124, 0.03687739372253418, -0.8393187522888184, -0.03562140464782715, 0.0220872163772583, -1.825327242746893, -5.148881904604702, -3.8918531778624823, -0.2097745472630761
891, -0.02028512954711914, -0.9409222602844238, 1.8917953968048096, 0.0368502140045166, -0.8408529758453369, -0.03563976287841797, 0.0220719575881958, -1.8253364857517371, -5.148811398070432, -3.891906360787487, -0.2097814496638275
892, -0.020351409912109375, -0.940406084060669, 1.891891360282898, 0.03686833381652832, -0.8425238132476807, -0.03563070297241211, 0.022117793560028076, -1.8253050860511268, -5.148690261462457, -3.891959943898426, -0.20981408922305356
893, -0.020299911499023438, -0.939351499080658, 1.8917235136032104, 0.03684091567993164, -0.8439939022064209, -0.03561234474182129, 0.0220872163772583, -1.8253379456537902, -5.148547140723154, -3.8920766696130347, -0.2098156441780663
894, -0.020314455032348633, -0.938791036605835, 1.8915717601776123, 0.03684091567993164, -0.8446879386901855, -0.03563070297241211, 0.0220872163772583, -1.8254829053236024, -5.148567355116196, -3.892175733931263, -0.20984550853657957
895, -0.02032947540283203, -0.9382600784301758, 1.8915237188339233, 0.03684091567993164, -0.8459477424621582, -0.03563070297241211, 0.022125422954559326, -1.8256289608018283, -5.148601744125033, -3.8922820015131245, -0.20985544973566306
896, -0.02032947540283203, -0.9375519752502441, 1.8915797472000122, 0.03681373596191406, -0.847125768661499, -0.03563976287841797, 0.02209484577178955, -1.8257898852797951, -5.14865787037059, -3.89241893619111, -0.20986646137631482
897, -0.020299911499023438, -0.9370725154876709, 1.8917235136032104, 0.03677701950073242, -0.84737229347229, -0.03564882278442383, 0.022117793560028076, -1.8258152639512346, -5.148625682974258, -3.8925025626286835, -0.20990142962692637
898, -0.020307064056396484, -0.9364457130432129, 1.891891360282898, 0.03677701950073242, -0.8473083972930908, -0.03560304641723633, 0.02209484577178955, -1.825791584713461, -5.1485227385441465, -3.892605586556418, -0.20990955445275095
899, -0.020255565643310547, -0.9354500770568848, 1.8920271396636963, 0.0367588996887207, -0.8473083972930908, -0.03560304641723633, 0.0220872163772583, -1.8257788427541828, -5.148350162426619, -3.892751479267833, -0.20987628999367303
900, -0.020270109176635742, -0.9347274303436279, 1.892051100730896, 0.03669476509094238, -0.8473813533782959, -0.03558492660522461, 0.0221024751663208, -1.8259791898836626, -5.148367472966195, -3.892916888654906, -0.20989298135475565
901, -0.020262718200683594, -0.9341742396354675, 1.8920751810073853, 0.03670382499694824, -0.8474087715148926, -0.03557562828063965, 0.02211010456085205, -1.8261326747503508, -5.148426629530201, -3.893051195118031, -0.20988901465025656
902, -0.020270109176635742, -0.9333776831626892, 1.8920910358428955, 0.03668570518493652, -0.8475184440612793, -0.03555750846862793, 0.0221024751663208, -1.8262361620527248, -5.148476702513068, -3.8932110601283068, -0.2099184893369248
903, -0.020211219787597656, -0.9325370788574219, 1.8921469449996948, 0.036676645278930664, -0.8479382991790771, -0.03548455238342285, 0.0220566987991333, -1.8262430316627318, -5.148408903910716, -3.893348500847295, -0.20992664206971234
904, -0.020255565643310547, -0.9316742420196533, 1.8923547267913818, 0.036630868911743164, -0.8504312038421631, -0.03547525405883789, 0.02207958698272705, -1.8262003321429707, -5.148281223065133, -3.8934925870195642, -0.20992770132948202
905, -0.020211219787597656, -0.9310622215270996, 1.892626404762268, 0.036658287048339844, -0.8531248569488525, -0.03542971611022949, 0.022125422954559326, -1.8262019062176207, -5.148211869183675, -3.893623825554828, -0.20992304488592328
906, -0.020255565643310547, -0.9303023815155029, 1.8926981687545776, 0.036557912826538086, -0.8555262088775635, -0.035384178161621094, 0.02211010456085205, -1.8263438355458348, -5.1482147649856875, -3.8938466473584206, -0.20991466377047274
907, -0.020226240158081055, -0.929631233215332, 1.8926743268966675, 0.03652143478393555, -0.8564939498901367, -0.03532004356384277, 0.0220872163772583, -1.826468087532085, -5.148295205871875, -3.8940274486857214, -0.2099293497510759
908, -0.020226240158081055, -0.928901195526123, 1.8925944566726685, 0.03652143478393555, -0.8580098152160645, -0.03530168533325195, 0.02211010456085205, -1.8265733784367688, -5.148398619450179, -3.8942133097495244, -0.20992677261467918
909, -0.020277738571166992, -0.9278907179832458, 1.8925625085830688, 0.03647589683532715, -0.8607032299041748, -0.035256147384643555, 0.0221024751663208, -1.8265604384682284, -5.148416384939244, -3.8944182256064486, -0.20995245682790475
910, -0.02024078369140625, -0.9264307022094727, 1.8923786878585815, 0.03641176223754883, -0.8624017238616943, -0.035210609436035156, 0.02209484577178955, -1.8264573487377636, -5.148220341059061, -3.894646201863059, -0.2100027167986216
911, -0.020203828811645508, -0.925044059753418, 1.892266869544983, 0.03640270233154297, -0.863579511642456, -0.03500962257385254, 0.022117793560028076, -1.826444419992384, -5.148061800056951, -3.8948494401294758, -0.21000546695217182
912, -0.020218849182128906, -0.9240190982818604, 1.8921469449996948, 0.03639340400695801, -0.8643283843994141, -0.03453493118286133, 0.0220872163772583, -1.826533105427502, -5.1480516286188855, -3.8950398295290993, -0.2100113512127253
913, -0.020226240158081055, -0.922492504119873, 1.8921071290969849, 0.03634786605834961, -0.8651134967803955, -0.03314709663391113, 0.02209484577178955, -1.8266835910133525, -5.148193749396109, -3.895310446463531, -0.20999745859392682
914, -0.02024078369140625, -0.9213714599609375, 1.892218828201294, 0.03618359565734863, -0.8661634922027588, -0.032343387603759766, 0.02206432819366455, -1.8267712391566509, -5.148318336160414, -3.8955120759197697, -0.21001684397391163
915, -0.020226240158081055, -0.9197859764099121, 1.89250648021698, 0.035982608795166016, -0.8682911396026611, -0.03205132484436035, 0.0220872163772583, -1.826752620876257, -5.148403296038298, -3.8957425258618223, -0.21009532989942148
916, -0.020218849182128906, -0.9182372093200684, 1.8926423788070679, 0.03595542907714844, -0.8701627254486084, -0.03204226493835449, 0.02207958698272705, -1.8266673330531278, -5.148312262164848, -3.8958921801666304, -0.210117946824103
917, -0.020262718200683594, -0.9157885909080505, 1.8925625085830688, 0.03589129447937012, -0.8726646900177002, -0.03200554847717285, 0.02206432819366455, -1.8265618630530907, -5.148096588791896, -3.8960736837823253, -0.21014899954692723
918, -0.0202481746673584, -0.9134950637817383, 1.8923147916793823, 0.03590059280395508, -0.8748288154602051, -0.03197836875915527, 0.02211010456085205, -1.8265646360485897, -5.147964021297379, -3.8962338910450747, -0.21012406727031685
919, -0.02029252052307129, -0.9107884764671326, 1.891915202140808, 0.03583645820617676, -0.8777780532836914, -0.03199648857116699, 0.02209484577178955, -1.8266510532571085, -5.147942669421454, -3.89641456412698, -0.2100866512925217
920, -0.020307064056396484, -0.9080672264099121, 1.8916995525360107, 0.03552603721618652, -0.8811655044555664, -0.03197836875915527, 0.022140681743621826, -1.8267741582827075, -5.148064590714549, -3.8966136074406803, -0.2100417585334231
921, -0.020366191864013672, -0.9033839702606201, 1.8915477991104126, 0.03396487236022949, -0.8863973617553711, -0.03200554847717285, 0.022117793560028076, -1.82690387474659, -5.148348703126427, -3.89693147853244, -0.21000321633393337
922, -0.020447492599487305, -0.9006184935569763, 1.8917235136032104, 0.03303337097167969, -0.8895659446716309, -0.03196001052856445, 0.022148311138153076, -1.8268850241327754, -5.148354031134272, -3.8970909116588714, -0.21004399443302546
923, -0.02029252052307129, -0.8970267176628113, 1.892051100730896, 0.03273200988769531, -0.8930540084838867, -0.03196907043457031, 0.0220872163772583, -1.8268009644610905, -5.148160439021309, -3.897270636150337, -0.2101015153175183
924, -0.020144939422607422, -0.8933171629905701, 1.8923386335372925, 0.03272294998168945, -0.8964414596557617, -0.03197836875915527, 0.02211010456085205, -1.8267754405349423, -5.147912133007388, -3.8974639561111766, -0.21014911566240357
925, -0.020130157470703125, -0.8914294242858887, 1.892426609992981, 0.03276872634887695, -0.8978750705718994, -0.03196001052856445, 0.022125422954559326, -1.8267986424564435, -5.147851216369656, -3.897587639495018, -0.21014353373707273
926, -0.02015972137451172, -0.8867020606994629, 1.8924905061721802, 0.03264975547790527, -0.9011986255645752, -0.03193259239196777, 0.0221024751663208, -1.8269703150700014, -5.1480216798816105, -3.897976052699944, -0.2100543143228064
927, -0.02015209197998047, -0.8838183283805847, 1.8924347162246704, 0.032595157623291016, -0.9034996032714844, -0.031923532485961914, 0.02206432819366455, -1.8270430031807485, -5.148159584854226, -3.898214748757674, -0.21002499956079834
928, -0.02019643783569336, -0.8810086250305176, 1.892426609992981, 0.03255867958068848, -0.9063482284545898, -0.031950950622558594, 0.02211010456085205, -1.827097019501545, -5.148331456759152, -3.89846524344177, -0.21000073970546573
929, -0.020277738571166992, -0.8773505091667175, 1.8923946619033813, 0.032540321350097656, -0.9094529151916504, -0.03193259239196777, 0.0221024751663208, -1.8270694807435468, -5.148302146853316, -3.8987760047265554, -0.2099887034755552
930, -0.02032947540283203, -0.8747472167015076, 1.8924347162246704, 0.032540321350097656, -0.911799430847168, -0.031950950622558594, 0.02204906940460205, -1.8269887648628031, -5.148113437531103, -3.8990007701720515, -0.20995759353866728
931, -0.020432472229003906, -0.8713107109069824, 1.8925625085830688, 0.03250384330749512, -0.9156708717346191, -0.031896114349365234, 0.02209484577178955, -1.8269164584206217, -5.147824478546899, -3.899351295759718, -0.20991600805479127
932, -0.02041769027709961, -0.8688399791717529, 1.8926823139190674, 0.032540321350097656, -0.9185471534729004, -0.031905174255371094, 0.02211010456085205, -1.8269295799277576, -5.14776824488651, -3.8996740913214456, -0.2098623202795693
933, -0.02046942710876465, -0.8664579391479492, 1.8926903009414673, 0.03251290321350098, -0.9215421676635742, -0.03191423416137695, 0.02207958698272705, -1.826999714480966, -5.1478781254117045, -3.900041391480959, -0.20978277813534074
934, -0.020498991012573242, -0.8632645606994629, 1.8926743268966675, 0.03250384330749512, -0.9253313541412354, -0.031923532485961914, 0.02211010456085205, -1.8271089648666936, -5.1481901957278735, -3.900571248998351, -0.2097751931678138
935, -0.020432472229003906, -0.8604400157928467, 1.8925944566726685, 0.03231215476989746, -0.9278242588043213, -0.03191423416137695, 0.0220872163772583, -1.827142048338065, -5.14834755692271, -3.901105129350554, -0.20981085025358137
936, -0.02033686637878418, -0.8577775955200195, 1.8925625085830688, 0.03228473663330078, -0.930408239364624, -0.031905174255371094, 0.02206432819366455, -1.8270644747168197, -5.148252460357656, -3.901624697101343, -0.20989563233388875
937, -0.02037334442138672, -0.8564722537994385, 1.8925864696502686, 0.0323028564453125, -0.9319968223571777, -0.03191423416137695, 0.02209484577178955, -1.8270112857304501, -5.148108156386313, -3.901895335968506, -0.20991911743844316
938, -0.020432472229003906, -0.8533158302307129, 1.8924825191497803, 0.03227567672729492, -0.9352476596832275, -0.031896114349365234, 0.0220872163772583, -1.8268927153274004, -5.147750802633614, -3.9026282850342757, -0.20989900062727695
939, -0.020425081253051758, -0.8514647483825684, 1.8923627138137817, 0.03231215476989746, -0.9367814064025879, -0.03186845779418945, 0.0220872163772583, -1.8269616375292388, -5.147857205836271, -3.903167100269545, -0.20987419919160288
940, -0.020535707473754883, -0.8490900993347168, 1.8921390771865845, 0.03224825859069824, -0.9389364719390869, -0.03188681602478027, 0.0220566987991333, -1.8270647055525606, -5.1481056641516805, -3.903919864845941, -0.20984872075355643
941, -0.020587444305419922, -0.847423255443573, 1.8921229839324951, 0.03219342231750488, -0.9412100315093994, -0.031877756118774414, 0.02209484577178955, -1.8271604438194857, -5.148361155828221, -3.904511543157099, -0.20984309003581103
942, -0.020587444305419922, -0.8449451327323914, 1.8921149969100952, 0.03217506408691406, -0.9444332122802734, -0.03188681602478027, 0.0220872163772583, -1.8271183663932173, -5.148397499388126, -3.905433391916228, -0.20996287687860526
943, -0.020528316497802734, -0.8435661792755127, 1.8920830488204956, 0.0321660041809082, -0.9459397792816162, -0.031831979751586914, 0.0220566987991333, -1.827002212653367, -5.148188690952675, -3.9059778281230897, -0.21002456180674578
944, -0.020528316497802734, -0.8417961597442627, 1.8920191526412964, 0.03215670585632324, -0.9487245082855225, -0.031841278076171875, 0.02204906940460205, -1.8268663888069347, -5.147953887209208, -3.906754451820946, -0.21008049987571464
945, -0.020535707473754883, -0.8405129909515381, 1.8919951915740967, 0.03217506408691406, -0.9513907432556152, -0.031804800033569336, 0.02211010456085205, -1.8268144208220036, -5.147891251513827, -3.9073839891284416, -0.21006635303449617
946, -0.020624399185180664, -0.838787317276001, 1.8916836977005005, 0.0321660041809082, -0.9541208744049072, -0.031804800033569336, 0.0221024751663208, -1.8267609834520324, -5.147838453604852, -3.9082612140459467, -0.21002900798409474
947, -0.020580053329467773, -0.8374819755554199, 1.891356110572815, 0.0321202278137207, -0.9555635452270508, -0.031813859939575195, 0.02204906940460205, -1.8267410877009835, -5.147848381342736, -3.908954643522481, -0.2100088925991308
948, -0.02059459686279297, -0.8355939388275146, 1.8909085988998413, 0.032065391540527344, -0.9581568241119385, -0.031786441802978516, 0.022133052349090576, -1.8267269264521653, -5.1479047975476036, -3.909907768743719, -0.21001504353952072
949, -0.020587444305419922, -0.8341557383537292, 1.8905810117721558, 0.032074689865112305, -0.9596905708312988, -0.031786441802978516, 0.02209484577178955, -1.8267136277110712, -5.147948359299499, -3.910633189379826, -0.21003779039462067
950, -0.020565271377563477, -0.8323562145233154, 1.8901416063308716, 0.032056331634521484, -0.9614622592926025, -0.031777381896972656, 0.0221024751663208, -1.8266803755162395, -5.147981105555431, -3.9116099474290893, -0.2100563288491646
951, -0.020631790161132812, -0.8306453227996826, 1.8897181749343872, 0.032074689865112305, -0.9631147384643555, -0.0317683219909668, 0.0221024751663208, -1.8266277012490808, -5.147960815570784, -3.912595421819735, -0.2099890585270101
952, -0.02072763442993164, -0.8294209837913513, 1.889446496963501, 0.032065391540527344, -0.9642195701599121, -0.031759023666381836, 0.0220719575881958, -1.826579677345253, -5.147921854952272, -3.9133405189998407, -0.20990936347976064
953, -0.020808696746826172, -0.8275181651115417, 1.8891748189926147, 0.032056331634521484, -0.9670228958129883, -0.0317225456237793, 0.02209484577178955, -1.8264988470178651, -5.147861977688945, -3.9146056764844652, -0.20978284842359507
954, -0.02086019515991211, -0.8263900279998779, 1.889031171798706, 0.032065391540527344, -0.9684746265411377, -0.03174090385437012, 0.0220872163772583, -1.826462701024592, -5.14785952384284, -3.9153820246461497, -0.20975796967953997
955, -0.020838260650634766, -0.8256819248199463, 1.888903260231018, 0.032056331634521484, -0.9693145751953125, -0.03171348571777344, 0.02209484577178955, -1.8264457995460819, -5.1478715380140185, -3.915904794767332, -0.20974673911259067
956, -0.02081584930419922, -0.8243987560272217, 1.888671636581421, 0.032038211822509766, -0.970757246017456, -0.03170442581176758, 0.02211010456085205, -1.8264274643521028, -5.147911979600763, -3.916956616235671, -0.20975788071115709
957, -0.020823240280151367, -0.8235358595848083, 1.8884958028793335, 0.032056331634521484, -0.9719350337982178, -0.03171348571777344, 0.02211010456085205, -1.826415826498591, -5.147933067283567, -3.917752977030366, -0.20975886433512336
958, -0.02081584930419922, -0.8222672939300537, 1.8882561922073364, 0.032038211822509766, -0.974071741104126, -0.03164958953857422, 0.0220719575881958, -1.8263916018740918, -5.1479284990792165, -3.9190854378231066, -0.20973453000374764
959, -0.020853042602539062, -0.8215519785881042, 1.8881603479385376, 0.032019853591918945, -0.9759619235992432, -0.0316770076751709, 0.02207958698272705, -1.8263734366340496, -5.147904649820198, -3.9198873501889424, -0.20971561958183038
960, -0.020874977111816406, -0.820408821105957, 1.8879286050796509, 0.032019853591918945, -0.9785916805267334, -0.03164958953857422, 0.02207958698272705, -1.826353756244559, -5.147874106631111, -3.921235501978847, -0.2097083515867748
961, -0.020867586135864258, -0.8197231292724609, 1.8877688646316528, 0.032019853591918945, -0.9799246788024902, -0.03166794776916504, 0.02209484577178955, -1.8263529239172431, -5.147868930658909, -3.922043741317825, -0.2097247948552905
962, -0.020867586135864258, -0.818675696849823, 1.8874651193618774, 0.03197431564331055, -0.9822530746459961, -0.03164958953857422, 0.02206432819366455, -1.826368639742285, -5.147884329133672, -3.9233847715615178, -0.2097668975892626
963, -0.020882606506347656, -0.8181154727935791, 1.8872894048690796, 0.031983375549316406, -0.9839422702789307, -0.03164958953857422, 0.0220872163772583, -1.8263802477909343, -5.1478837834419355, -3.924176434630147, -0.20977335840989486
964, -0.02091193199157715, -0.817488431930542, 1.8870337009429932, 0.03197431564331055, -0.9853940010070801, -0.03162217140197754, 0.0220872163772583, -1.8263972102896577, -5.147868072091493, -3.925215561680178, -0.209757150393461
965, -0.020963668823242188, -0.816964864730835, 1.886714220046997, 0.03197431564331055, -0.9857957363128662, -0.0316312313079834, 0.022117793560028076, -1.8264164618617107, -5.147832214519961, -3.926483119985541, -0.20974566009632767
966, -0.02094888687133789, -0.8167879581451416, 1.8865383863449097, 0.031983375549316406, -0.9857592582702637, -0.03161287307739258, 0.02206432819366455, -1.8264252865131874, -5.147819146353353, -3.92722590887268, -0.20976359394986677
967, -0.02089715003967285, -0.8165667057037354, 1.8864104747772217, 0.03195595741271973, -0.9857776165008545, -0.0316312313079834, 0.02211010456085205, -1.8264343504517462, -5.147817698607962, -3.9279614915776424, -0.20977999649988455
968, -0.02089715003967285, -0.8163454532623291, 1.8862348794937134, 0.03194689750671387, -0.9860057830810547, -0.03161287307739258, 0.02207958698272705, -1.826453122437762, -5.147823297622542, -3.9291573955617767, -0.2098172324112797
969, -0.020882606506347656, -0.8161463737487793, 1.8861149549484253, 0.03196525573730469, -0.9869463443756104, -0.03161287307739258, 0.0220566987991333, -1.8264621615798133, -5.147821783950751, -3.929866999331819, -0.20982508433477776
970, -0.02089715003967285, -0.8158511519432068, 1.8859951496124268, 0.03195595741271973, -0.9891650676727295, -0.03159475326538086, 0.02209484577178955, -1.8264717243501183, -5.147810615602319, -3.930804271100793, -0.20982724768529604
971, -0.020933866500854492, -0.8156154155731201, 1.8857953548431396, 0.03192853927612305, -0.9904525279998779, -0.03155803680419922, 0.02207958698272705, -1.826479474149984, -5.147795252947919, -3.9315038987726783, -0.20980552723304147
972, -0.020941495895385742, -0.8153424263000488, 1.8855797052383423, 0.03190112113952637, -0.991858720779419, -0.03156733512878418, 0.02204906940460205, -1.8264869221955706, -5.14778396703713, -3.9321946795185467, -0.20981352890833094
973, -0.02094888687133789, -0.8146564364433289, 1.8851401805877686, 0.03189206123352051, -0.9946892261505127, -0.03153085708618164, 0.0220872163772583, -1.8264976535631847, -5.147779944048816, -3.933334090039619, -0.2098400198421233
974, -0.02099323272705078, -0.8134765625, 1.8841655254364014, 0.03191041946411133, -0.996898889541626, -0.03152155876159668, 0.0220872163772583, -1.8265005195528605, -5.147772698027361, -3.935100107433682, -0.20982644545901774
975, -0.021015167236328125, -0.8129160404205322, 1.8837740421295166, 0.03188300132751465, -0.9976201057434082, -0.0315399169921875, 0.0220872163772583, -1.8265000828318891, -5.147756205148664, -3.9357522745893236, -0.20980991849481345
976, -0.021022558212280273, -0.8121564388275146, 1.883294701576233, 0.03186464309692383, -0.998551607131958, -0.03150343894958496, 0.02207958698272705, -1.8265041710828216, -5.1477256931983835, -3.9366036295584053, -0.209783482820332
977, -0.02100062370300293, -0.8115222454071045, 1.8829591274261475, 0.03183722496032715, -0.9994921684265137, -0.03152155876159668, 0.0220872163772583, -1.8265086463462696, -5.147706511121186, -3.9372457106281504, -0.20977436960950602
978, -0.02099323272705078, -0.8105707168579102, 1.882543683052063, 0.03179144859313965, -1.0016379356384277, -0.03153085708618164, 0.0220872163772583, -1.8265222304923707, -5.147687328133117, -3.938083268417454, -0.2097614642150516
979, -0.02098560333251953, -0.8096045851707458, 1.8822081089019775, 0.03180980682373047, -1.0039021968841553, -0.03151249885559082, 0.022117793560028076, -1.826538364172019, -5.14767503879155, -3.9389204998537988, -0.20976035197050358
980, -0.02098560333251953, -0.80899977684021, 1.8819444179534912, 0.03177332878112793, -1.0048062801361084, -0.03151249885559082, 0.02211010456085205, -1.8265455096270466, -5.147667120305151, -3.939536719857891, -0.20976296797145633
981, -0.021015167236328125, -0.8084394931793213, 1.8816807270050049, 0.03179144859313965, -1.005509376525879, -0.03152155876159668, 0.0220872163772583, -1.8265470258594014, -5.147649056949946, -3.9401474913795047, -0.20974872812498901
982, -0.021044492721557617, -0.8079156875610352, 1.881377100944519, 0.03178238868713379, -1.0059385299682617, -0.03150343894958496, 0.0220872163772583, -1.826551946943626, -5.1476195651058845, -3.9409472991427696, -0.2097087260629431
983, -0.021066904067993164, -0.8074808120727539, 1.8810656070709229, 0.03175497055053711, -1.0058197975158691, -0.0314943790435791, 0.02206432819366455, -1.8265508145182745, -5.147581418404698, -3.9417492703678545, -0.20967932455438199
984, -0.021074295043945312, -0.8072152137756348, 1.8808737993240356, 0.03174591064453125, -1.0058562755584717, -0.03151249885559082, 0.0220566987991333, -1.8265476627638009, -5.147556607445792, -3.942342957838863, -0.20967491934867688
985, -0.021074295043945312, -0.8069350719451904, 1.880682110786438, 0.03172779083251953, -1.0058927536010742, -0.03145790100097656, 0.02211010456085205, -1.8265456186295612, -5.147539215786337, -3.9429449038145443, -0.20967663061088793
986, -0.021029949188232422, -0.8066401481628418, 1.880474328994751, 0.03173685073852539, -1.0058743953704834, -0.03143954277038574, 0.0220872163772583, -1.8265384250574543, -5.147521359460737, -3.9437458596985837, -0.20969796263404827
987, -0.02103710174560547, -0.8064259886741638, 1.880306601524353, 0.03168201446533203, -1.006002426147461, -0.03145790100097656, 0.02207958698272705, -1.8265391308541696, -5.147512101667575, -3.944539754755123, -0.20973174988374943
988, -0.021052122116088867, -0.8062931895256042, 1.8801947832107544, 0.03170037269592285, -1.006075382232666, -0.03142118453979492, 0.02207958698272705, -1.826513336080816, -5.147486193546511, -3.9451217704946027, -0.20971963937223403
989, -0.021066904067993164, -0.8060500621795654, 1.880018949508667, 0.03164553642272949, -1.006413221359253, -0.03145790100097656, 0.02207958698272705, -1.8264920284255974, -5.147460210424433, -3.94588329359351, -0.2097313489642607
990, -0.021066904067993164, -0.8056075572967529, 1.879859209060669, 0.03164553642272949, -1.0086867809295654, -0.03141212463378906, 0.0220566987991333, -1.8264621630870606, -5.147422346729926, -3.9466304027411083, -0.20973765964342217
991, -0.021074295043945312, -0.8052756190299988, 1.8798032999038696, 0.03161811828613281, -1.0119922161102295, -0.03141212463378906, 0.02206432819366455, -1.8264454652146713, -5.147390819846887, -3.947172657527836, -0.20974056110494033
992, -0.021103620529174805, -0.8047961592674255, 1.8796035051345825, 0.03163647651672363, -1.0149414539337158, -0.03141212463378906, 0.0220872163772583, -1.826430261203888, -5.147359185255423, -3.947710333530246, -0.20973892550200013
993, -0.02112579345703125, -0.8039851188659668, 1.8789643049240112, 0.03162741661071777, -1.0176076889038086, -0.031366586685180664, 0.02206432819366455, -1.8264092071277735, -5.147305653783197, -3.948603282623269, -0.20973310691665947
994, -0.0211184024810791, -0.8036825060844421, 1.878652811050415, 0.03159976005554199, -1.018648624420166, -0.031366586685180664, 0.0220872163772583, -1.8264039704913793, -5.147286271411303, -3.948959270523761, -0.20972816814123263
995, -0.021096229553222656, -0.8027386665344238, 1.8778936862945557, 0.03160905838012695, -1.021132230758667, -0.031348228454589844, 0.0221024751663208, -1.8263956614508663, -5.147249566339309, -3.9498468483043196, -0.2097428674049988
996, -0.02108144760131836, -0.8020526766777039, 1.877246618270874, 0.031554222106933594, -1.02195405960083, -0.031320810317993164, 0.02209484577178955, -1.8263906921714912, -5.147215657851121, -3.9505331068774208, -0.20973683430565515
997, -0.021066904067993164, -0.8014407157897949, 1.8767353296279907, 0.03153586387634277, -1.0224835872650146, -0.031302452087402344, 0.02204906940460205, -1.826388022991753, -5.147190023548344, -3.951045376203344, -0.2097284339751022
998, -0.021074295043945312, -0.80082106590271, 1.8762799501419067, 0.031508445739746094, -1.0234878063201904, -0.0313115119934082, 0.02209484577178955, -1.8263834656090059, -5.14716675721682, -3.951548899480686, -0.20972249366030304
999, -0.021066904067993164, -0.8001573085784912, 1.875888466835022, 0.031508445739746094, -1.0243279933929443, -0.0313115119934082, 0.022117793560028076, -1.8263741443175847, -5.147141774250393, -3.9520422226165492, -0.2097171570129861
1000, -0.0211184024810791, -0.7990732192993164, 1.8751614093780518, 0.031481027603149414, -1.0248665809631348, -0.031265974044799805, 0.0221024751663208, -1.8263481219629876, -5.147098076028854, -3.952856653420348, -0.20969110488473497
1001, -0.0211184024810791, -0.7985718250274658, 1.874881625175476, 0.031481027603149414, -1.0248849391937256, -0.031229496002197266, 0.0220872163772583, -1.826338612102759, -5.147079592474375, -3.9531791651804333, -0.2096724672270147
1002, -0.02112579345703125, -0.7976500988006592, 1.874322533607483, 0.031453847885131836, -1.0248849391937256, -0.031183958053588867, 0.0220872163772583, -1.8263163328717615, -5.147048059024867, -3.953818363499523, -0.2096516095438492
1003, -0.021140575408935547, -0.7969419956207275, 1.8739469051361084, 0.031462907791137695, -1.0248849391937256, -0.031183958053588867, 0.02211010456085205, -1.8262953763916738, -5.147030151825294, -3.9542985129238315, -0.20966144023255762
1004, -0.0211331844329834, -0.795975923538208, 1.8734437227249146, 0.031426429748535156, -1.0250401496887207, -0.031156539916992188, 0.02204906940460205, -1.8262667701026847, -5.1470058946145105, -3.954946575195912, -0.20964841109424626
1005, -0.0211184024810791, -0.7950320243835449, 1.87307608127594, 0.0314173698425293, -1.0268845558166504, -0.031129121780395508, 0.0220719575881958, -1.8262339094346183, -5.146984139481858, -3.9556006794526617, -0.2096337470002556
1006, -0.0211331844329834, -0.7947442531585693, 1.872996211051941, 0.031408071517944336, -1.0277154445648193, -0.031129121780395508, 0.0220566987991333, -1.8262381720908416, -5.1469829210800455, -3.955770974372794, -0.2096215283968137
1007, -0.0211184024810791, -0.793468177318573, 1.8726927042007446, 0.0313715934753418, -1.0318243503570557, -0.031101703643798828, 0.02209484577178955, -1.8261826638527907, -5.146955682779942, -3.9566223349532117, -0.20961717777698485
1008, -0.02112579345703125, -0.7927014827728271, 1.8722771406173706, 0.03134417533874512, -1.0335683822631836, -0.03100109100341797, 0.0220872163772583, -1.8261517877177198, -5.146941776976077, -3.957313855649838, -0.20961993059502948
1009, -0.0211331844329834, -0.7918309569358826, 1.8717738389968872, 0.03130769729614258, -1.0344815254211426, -0.03098297119140625, 0.0220719575881958, -1.826107469896012, -5.146925101871159, -3.9580230254394615, -0.2096260132522394
1010, -0.021147727966308594, -0.7912707328796387, 1.8714382648468018, 0.03127098083496094, -1.0359058380126953, -0.03094649314880371, 0.0220719575881958, -1.8260726380322116, -5.146911456510519, -3.95856164966009, -0.20962940896576931
1011, -0.02117013931274414, -0.7907249927520752, 1.8711186647415161, 0.03125286102294922, -1.037503719329834, -0.03091907501220703, 0.0220872163772583, -1.8260352242069755, -5.14689320686503, -3.959098780962451, -0.20961713364097
1012, -0.021199464797973633, -0.7898988723754883, 1.8704874515533447, 0.03121638298034668, -1.0393664836883545, -0.030882596969604492, 0.0220872163772583, -1.8259736742957586, -5.146854590851282, -3.9599959937486737, -0.20960215663449233
1013, -0.021199464797973633, -0.789449155330658, 1.8700801134109497, 0.03122544288635254, -1.0400147438049316, -0.030873537063598633, 0.02206432819366455, -1.825935473576267, -5.14683275889622, -3.9605298848610846, -0.20959281931492857
1014, -0.02122187614440918, -0.7885568141937256, 1.869385004043579, 0.03119802474975586, -1.0419504642486572, -0.030818700790405273, 0.0221024751663208, -1.8258797499644253, -5.146799810510349, -3.9614321781970347, -0.20959304919748956
1015, -0.02120685577392578, -0.7880403995513916, 1.8689854145050049, 0.03119802474975586, -1.042726755142212, -0.030782222747802734, 0.0220719575881958, -1.8258517148177802, -5.14677607406631, -3.961971228015682, -0.20958628653111955
1016, -0.02122187614440918, -0.7873250842094421, 1.8684102296829224, 0.03113412857055664, -1.044041395187378, -0.030809640884399414, 0.02207958698272705, -1.8258197852870894, -5.146748338696071, -3.9626819601744097, -0.2095964804983641
1017, -0.021229028701782227, -0.7867202758789062, 1.8680027723312378, 0.0311434268951416, -1.045529842376709, -0.030791282653808594, 0.02207958698272705, -1.8258001920555145, -5.146723721294348, -3.9632217274880417, -0.20958890734540336
1018, -0.02121424674987793, -0.7860124111175537, 1.8674753904342651, 0.03112506866455078, -1.0473103523254395, -0.030782222747802734, 0.02209484577178955, -1.8257932260869927, -5.146693564366291, -3.9639307358028013, -0.20958394146558756
1019, -0.021229028701782227, -0.7856435179710388, 1.8672116994857788, 0.0310976505279541, -1.0478672981262207, -0.030782222747802734, 0.02209484577178955, -1.8257637249504917, -5.146672342188396, -3.9642846868498243, -0.20958562033252193
1020, -0.021236419677734375, -0.7847437858581543, 1.8665406703948975, 0.030978918075561523, -1.0487620830535889, -0.030745506286621094, 0.0220719575881958, -1.8257275290288475, -5.146636247711649, -3.9651773573375277, -0.20959703106653738
1021, -0.021243810653686523, -0.7840506434440613, 1.8660932779312134, 0.030905961990356445, -1.0497117042541504, -0.030745506286621094, 0.02207958698272705, -1.8256968360225865, -5.1466023255983915, -3.9658762281297526, -0.20958644095679446
1022, -0.021251201629638672, -0.7835123538970947, 1.8657418489456177, 0.030869483947753906, -1.050323486328125, -0.030763864517211914, 0.022125422954559326, -1.8256699198549882, -5.146577308194115, -3.9663978936320623, -0.20958898778316204
1023, -0.021229028701782227, -0.78294438123703, 1.865374207496643, 0.030823707580566406, -1.0505335330963135, -0.030727148056030273, 0.0221024751663208, -1.8256449475938772, -5.146554526883196, -3.966912577654191, -0.20960252557030135
1024, -0.021229028701782227, -0.7824649214744568, 1.8650227785110474, 0.030823707580566406, -1.050487756729126, -0.030754566192626953, 0.02207958698272705, -1.8256190643366774, -5.146527474890419, -3.9674206594905743, -0.20960151306785146
1025, -0.02125835418701172, -0.7816168665885925, 1.8645273447036743, 0.030805587768554688, -1.0505425930023193, -0.030727148056030273, 0.0220872163772583, -1.8255764889465047, -5.146487559198228, -3.9681106176680987, -0.20956679389827304
1026, -0.021273374557495117, -0.78092360496521, 1.8640879392623901, 0.030796527862548828, -1.0505425930023193, -0.030709028244018555, 0.02209484577178955, -1.8255395621777453, -5.146457748695952, -3.968796109630432, -0.20956921934087802
1027, -0.021288156509399414, -0.7796255946159363, 1.86335289478302, 0.030714035034179688, -1.0512547492980957, -0.030699729919433594, 0.02201855182647705, -1.8254830878656179, -5.146418441063563, -3.970005710990104, -0.2095476485267369
1028, -0.021265745162963867, -0.778843879699707, 1.8630812168121338, 0.03062295913696289, -1.0539939403533936, -0.030681610107421875, 0.0220719575881958, -1.8254507656025902, -5.146406330894992, -3.970708610701288, -0.20952891714813493
1029, -0.021273374557495117, -0.7782613635063171, 1.862937331199646, 0.03063201904296875, -1.0567424297332764, -0.030672550201416016, 0.022117793560028076, -1.8254222199266341, -5.146395386480499, -3.9712386755698557, -0.2095274663796305
1030, -0.021288156509399414, -0.7777154445648193, 1.8626817464828491, 0.03062295913696289, -1.0583586692810059, -0.030709028244018555, 0.0220872163772583, -1.8253904269199512, -5.1463792090097416, -3.971779467417402, -0.20951132330594024
1031, -0.021280765533447266, -0.7771773338317871, 1.8623782396316528, 0.03059554100036621, -1.0591986179351807, -0.030663251876831055, 0.0220719575881958, -1.8253542493162702, -5.1463628511810935, -3.9723203692140303, -0.20949287554660412
1032, -0.02130270004272461, -0.7763144373893738, 1.8616989850997925, 0.03058624267578125, -1.0600476264953613, -0.030654191970825195, 0.02209484577178955, -1.825301208045981, -5.146323339330814, -3.973223367170794, -0.20947109227199423
1033, -0.02133965492248535, -0.775768518447876, 1.861275553703308, 0.030559062957763672, -1.0603766441345215, -0.030636072158813477, 0.0221024751663208, -1.825268142174254, -5.146297975755852, -3.973757724289522, -0.20946410227651846
1034, -0.021324872970581055, -0.7750236988067627, 1.8607243299484253, 0.03054976463317871, -1.0609610080718994, -0.030626773834228516, 0.0220566987991333, -1.82523104422792, -5.146260882559441, -3.9744628705076335, -0.20944818131770848
1035, -0.02135443687438965, -0.7745811939239502, 1.8604366779327393, 0.030504226684570312, -1.061481237411499, -0.030590295791625977, 0.0220719575881958, -1.8252114396569956, -5.146242617950524, -3.974811104355668, -0.2094328810551742
1036, -0.021361827850341797, -0.7736446857452393, 1.8599094152450562, 0.030458450317382812, -1.0634078979492188, -0.030617713928222656, 0.0220719575881958, -1.825173305073438, -5.1462131635545125, -3.975509318772635, -0.209473596998353
1037, -0.02133965492248535, -0.7729809284210205, 1.8595658540725708, 0.030440092086791992, -1.0650150775909424, -0.030572175979614258, 0.02211010456085205, -1.8251407134898008, -5.146188813092325, -3.9760214252712984, -0.20947830232656095
1038, -0.021384000778198242, -0.7718303203582764, 1.8588387966156006, 0.030403614044189453, -1.066521406173706, -0.03053569793701172, 0.02207958698272705, -1.8250858833474086, -5.146149774886125, -3.9768696317627406, -0.20948847378749402
1039, -0.02135443687438965, -0.7710561156272888, 1.8583754301071167, 0.030403614044189453, -1.0673341751098633, -0.030572175979614258, 0.0220566987991333, -1.825053278627939, -5.146126848200041, -3.977387174842039, -0.2094887286776821
1040, -0.021368980407714844, -0.7703628540039062, 1.8579360246658325, 0.030394554138183594, -1.0683386325836182, -0.030526399612426758, 0.02209484577178955, -1.8250253116262185, -5.146101250038235, -3.9779011388460424, -0.2094894983525517
1041, -0.021413326263427734, -0.7694408893585205, 1.8572570085525513, 0.030376195907592773, -1.0691144466400146, -0.0305173397064209, 0.0220872163772583, -1.8249968162631351, -5.146066875921087, -3.97858500384494, -0.20947896907129682
1042, -0.02139878273010254, -0.7687182426452637, 1.8567694425582886, 0.030394554138183594, -1.069836139678955, -0.030498981475830078, 0.02207958698272705, -1.8249777512813992, -5.146044184971811, -3.979095330985465, -0.20949889253635856
1043, -0.021413326263427734, -0.767781674861908, 1.8561543226242065, 0.030376195907592773, -1.071260690689087, -0.03043508529663086, 0.02207958698272705, -1.8249435887568226, -5.1460121037603574, -3.979773718791148, -0.20949811536739027
1044, -0.021413326263427734, -0.7669407725334167, 1.8557308912277222, 0.030349016189575195, -1.0729587078094482, -0.03039860725402832, 0.02207958698272705, -1.824933016199287, -5.14599114801321, -3.9802899851199998, -0.2094892147386771
1045, -0.021406173706054688, -0.766026496887207, 1.8552356958389282, 0.030349016189575195, -1.0750131607055664, -0.03036212921142578, 0.0221024751663208, -1.8248798841925726, -5.145959251064348, -3.980974105792158, -0.20947287721190033
1046, -0.02143549919128418, -0.7651488780975342, 1.854676365852356, 0.030321598052978516, -1.0763280391693115, -0.0303347110748291, 0.02209484577178955, -1.8248366052954932, -5.145929561376266, -3.981648884647822, -0.20946382464961477
1047, -0.021420717239379883, -0.7642195224761963, 1.854085087776184, 0.030330657958984375, -1.077359676361084, -0.030279874801635742, 0.0220872163772583, -1.824789790906372, -5.1459063738520365, -3.9823303980417424, -0.20944462478853598
1048, -0.021450281143188477, -0.7635409832000732, 1.8536297082901, 0.030339717864990234, -1.0779261589050293, -0.030225276947021484, 0.0220719575881958, -1.8247590867869765, -5.145886926766417, -3.9828334050294223, -0.20942471202432777
1049, -0.021465063095092773, -0.7628920078277588, 1.8531743288040161, 0.030321598052978516, -1.0785374641418457, -0.030133724212646484, 0.0220872163772583, -1.8247283186884573, -5.145869250310986, -3.9833381616416927, -0.20941022701916356
1050, -0.021465063095092773, -0.7618670463562012, 1.8525111675262451, 0.030321598052978516, -1.0796971321105957, -0.02990555763244629, 0.0220719575881958, -1.8246878520967797, -5.145848611539171, -3.9840236284566597, -0.20940512923050658
1051, -0.021494626998901367, -0.7607386112213135, 1.8517601490020752, 0.030285120010375977, -1.0821444988250732, -0.028408050537109375, 0.02211010456085205, -1.8246500367714447, -5.14582110978263, -3.9848797710526815, -0.20937529271306765
1052, -0.021509408950805664, -0.7594701647758484, 1.8508652448654175, 0.030285120010375977, -1.0831761360168457, -0.02705669403076172, 0.02209484577178955, -1.8246081151069649, -5.145797798042699, -3.9857400836636647, -0.20939804647832982
1053, -0.021509408950805664, -0.7590055465698242, 1.8505057096481323, 0.030275821685791016, -1.0834226608276367, -0.026810169219970703, 0.02207958698272705, -1.8245902956805846, -5.145789173988455, -3.9860830983483737, -0.20941370337869625
1054, -0.021494626998901367, -0.7582752108573914, 1.8499624729156494, 0.030285120010375977, -1.0837788581848145, -0.026782751083374023, 0.02209484577178955, -1.8245667508372438, -5.145772457337968, -3.9865974319870476, -0.20940182097901516
1055, -0.021502017974853516, -0.7570436000823975, 1.8490678071975708, 0.030257701873779297, -1.0846006870269775, -0.026773691177368164, 0.02209484577178955, -1.8245231176331171, -5.145747156780166, -3.987450985405684, -0.2094259480945162
1056, -0.02152395248413086, -0.7563064098358154, 1.8486202955245972, 0.030257701873779297, -1.0856506824493408, -0.026782751083374023, 0.02209484577178955, -1.8244950309360686, -5.145728477775857, -3.987950399461582, -0.20944237073711847
1057, -0.021531343460083008, -0.755502462387085, 1.848180890083313, 0.030266761779785156, -1.0866734981536865, -0.026764392852783203, 0.0221024751663208, -1.8244677556854394, -5.1457070139772645, -3.9884394799586773, -0.2094503322905359
1058, -0.021546125411987305, -0.7544107437133789, 1.847517728805542, 0.030248641967773438, -1.0875682830810547, -0.026764392852783203, 0.0220719575881958, -1.8244261359413994, -5.145679707647427, -3.9890889429158256, -0.20945964178579057
1059, -0.021583080291748047, -0.7535626888275146, 1.8469984531402588, 0.030266761779785156, -1.0881891250610352, -0.026746273040771484, 0.0220719575881958, -1.8243893223490166, -5.145652861314524, -3.989573044858256, -0.2094580069056482
1060, -0.021583080291748047, -0.7523531913757324, 1.8463271856307983, 0.0302121639251709, -1.0896131992340088, -0.026755332946777344, 0.0220872163772583, -1.8243517980706359, -5.145616680922513, -3.9902001324509464, -0.20945636390457967
1061, -0.021583080291748047, -0.7514092922210693, 1.8458000421524048, 0.030221223831176758, -1.0912659168243408, -0.026773691177368164, 0.022117793560028076, -1.8243243666998346, -5.145594895370275, -3.9906692400747867, -0.2094741705066374
1062, -0.021597623825073242, -0.750443160533905, 1.845200777053833, 0.030230283737182617, -1.0921974182128906, -0.026764392852783203, 0.02211010456085205, -1.8243004188942284, -5.145567345533619, -3.9911313384152796, -0.2094648644192949
1063, -0.021605253219604492, -0.7487986087799072, 1.8441702127456665, 0.030184507369995117, -1.093247413635254, -0.026773691177368164, 0.02207958698272705, -1.8242709334828024, -5.145531963514152, -3.9918809513546107, -0.20946402749363635
1064, -0.021641969680786133, -0.7481052279472351, 1.8437626361846924, 0.030202865600585938, -1.0938868522644043, -0.026782751083374023, 0.0220872163772583, -1.8242568512798836, -5.145518097133436, -3.992176352477713, -0.20947103344377194
1065, -0.02161264419555664, -0.7465934753417969, 1.8429638147354126, 0.030175447463989258, -1.0951831340789795, -0.026764392852783203, 0.0220872163772583, -1.8242406202926458, -5.145491986044378, -3.9927730066765075, -0.20946288828333248
1066, -0.021634578704833984, -0.7451996803283691, 1.8421887159347534, 0.0301663875579834, -1.0964248180389404, -0.026792049407958984, 0.02209484577178955, -1.8242029171711125, -5.145459091473893, -3.993352922922105, -0.2094496205700871
1067, -0.02164936065673828, -0.7441229224205017, 1.8415895700454712, 0.0301663875579834, -1.0972285270690918, -0.026755332946777344, 0.02207958698272705, -1.8241879540990413, -5.145432820913417, -3.9937818606830082, -0.20943330228990398
1068, -0.021627426147460938, -0.7425446510314941, 1.8407666683197021, 0.03011155128479004, -1.0990638732910156, -0.026773691177368164, 0.0220719575881958, -1.824168780500726, -5.145399805009521, -3.9943537127785587, -0.20943163429413936
1069, -0.021671533584594727, -0.7410106658935547, 1.8399995565414429, 0.0301663875579834, -1.1009814739227295, -0.026764392852783203, 0.0221024751663208, -1.8241505077500497, -5.145369005317577, -3.994915252657989, -0.20942129457823544
1070, -0.02162003517150879, -0.7394251823425293, 1.8391526937484741, 0.0301206111907959, -1.1024880409240723, -0.026782751083374023, 0.0220719575881958, -1.8241323643497123, -5.145345774658043, -3.995474163314207, -0.20942925792940592
1071, -0.021641969680786133, -0.7381564974784851, 1.8384816646575928, 0.030138731002807617, -1.1035470962524414, -0.026764392852783203, 0.0220719575881958, -1.8241145530827694, -5.1453288862845605, -3.9959044471561582, -0.2094237030696613
1072, -0.021627426147460938, -0.7369766235351562, 1.8378584384918213, 0.03011155128479004, -1.1046247482299805, -0.026746273040771484, 0.0220872163772583, -1.8240985507492486, -5.145309589062619, -3.996328968453036, -0.20940322123324062
1073, -0.02166438102722168, -0.7354352474212646, 1.8370035886764526, 0.03011155128479004, -1.1062498092651367, -0.026764392852783203, 0.02206432819366455, -1.8240819610970558, -5.145282757923648, -3.9968721052183636, -0.20938178000051533
1074, -0.021686315536499023, -0.7341372966766357, 1.8363564014434814, 0.030102252960205078, -1.1078112125396729, -0.026755332946777344, 0.0220719575881958, -1.8240763186178124, -5.145262023097209, -3.99727654896271, -0.20935708794773777
1075, -0.021686315536499023, -0.7322787642478943, 1.8354614973068237, 0.03009319305419922, -1.1096646785736084, -0.026736974716186523, 0.0221024751663208, -1.8240322647680955, -5.14523802322883, -3.997823476009134, -0.20934033370100025
1076, -0.021738052368164062, -0.7306268215179443, 1.8345187902450562, 0.03011155128479004, -1.1110615730285645, -0.026727914810180664, 0.0220719575881958, -1.8240103652531459, -5.145213780659013, -3.9983469017985915, -0.20932616713570873
1077, -0.021752595901489258, -0.7293214797973633, 1.8337599039077759, 0.03006577491760254, -1.1120843887329102, -0.026727914810180664, 0.0220872163772583, -1.8239901900932796, -5.1451993480429525, -3.9987329763890282, -0.20933506689273962
1078, -0.021759986877441406, -0.727330207824707, 1.8326493501663208, 0.03009319305419922, -1.1128604412078857, -0.026736974716186523, 0.0221024751663208, -1.8239542342440447, -5.145178291008037, -3.999265850457602, -0.20932241350589198
1079, -0.021752595901489258, -0.7259585857391357, 1.831850290298462, 0.03006577491760254, -1.1132807731628418, -0.026746273040771484, 0.02207958698272705, -1.823954106061895, -5.145159219128967, -3.999656845573939, -0.20933052982399936
1080, -0.021767377853393555, -0.724660336971283, 1.8311232328414917, 0.03009319305419922, -1.1139287948608398, -0.026718854904174805, 0.0220872163772583, -1.8239272336052954, -5.145135991037454, -4.000040567854656, -0.20931710381604773
1081, -0.02178215980529785, -0.7228979468345642, 1.830116629600525, 0.03006577491760254, -1.1153898239135742, -0.026709556579589844, 0.0220719575881958, -1.823907252064144, -5.145109459184187, -4.000546831742432, -0.2093239920477714
1082, -0.021804332733154297, -0.7208108901977539, 1.8291099071502686, 0.03005671501159668, -1.1175720691680908, -0.026718854904174805, 0.0221024751663208, -1.823876912849638, -5.145088926756739, -4.001068275176649, -0.20935850274120238
1083, -0.02178215980529785, -0.7198962569236755, 1.828614592552185, 0.03004765510559082, -1.1183757781982422, -0.026718854904174805, 0.0221024751663208, -1.8238671203287626, -5.145079423919149, -4.001327685771224, -0.20936039801182016
1084, -0.021759986877441406, -0.7181851863861084, 1.8276399374008179, 0.03004765510559082, -1.119626522064209, -0.026736974716186523, 0.0220872163772583, -1.8238474594478924, -5.145057911704897, -4.001836045231362, -0.20937468705519802
1085, -0.021826505661010742, -0.716798722743988, 1.8268409967422485, 0.03005671501159668, -1.1207222938537598, -0.026673078536987305, 0.02211010456085205, -1.8238222899433019, -5.145041292806988, -4.0022191020181745, -0.20937629272762237
1086, -0.02178955078125, -0.714726448059082, 1.8257544040679932, 0.03003859519958496, -1.1217632293701172, -0.026682376861572266, 0.02209484577178955, -1.8237941293550062, -5.145018722271459, -4.0027343571670535, -0.20938889827167095
1087, -0.021863222122192383, -0.7128016948699951, 1.824651837348938, 0.03003859519958496, -1.1225483417510986, -0.026664018630981445, 0.0220719575881958, -1.8237686094168972, -5.14499237020215, -4.00323534015413, -0.2093794850271653
1088, -0.021848678588867188, -0.7102351188659668, 1.8232057094573975, 0.03001117706298828, -1.1238996982574463, -0.026682376861572266, 0.02207958698272705, -1.823737318480704, -5.14495643418919, -4.003845311321014, -0.2093828996482019
1089, -0.021855831146240234, -0.7085978984832764, 1.8222630023956299, 0.02999281883239746, -1.125168800354004, -0.026664018630981445, 0.02206432819366455, -1.8237254089412902, -5.144938103851716, -4.0042047194360455, -0.20939991274976766
1090, -0.021804332733154297, -0.7062602043151855, 1.8210326433181763, 0.02996540069580078, -1.127305507659912, -0.026673078536987305, 0.02209484577178955, -1.823711187591948, -5.144904843602158, -4.0046792263785855, -0.2094147957684438
1091, -0.021811485290527344, -0.7057218551635742, 1.820712924003601, 0.0299837589263916, -1.1276891231536865, -0.026682376861572266, 0.0221024751663208, -1.8237059700425187, -5.144895640752472, -4.004795594926995, -0.20940016555817564
1092, -0.021811485290527344, -0.7029783725738525, 1.8191710710525513, 0.029956340789794922, -1.1296155452728271, -0.026645898818969727, 0.02207958698272705, -1.82368584472558, -5.144853123181142, -4.005363884763022, -0.20941445881884757
1093, -0.02179694175720215, -0.7013556361198425, 1.818292260169983, 0.02996540069580078, -1.1305012702941895, -0.026673078536987305, 0.0221024751663208, -1.823673083680755, -5.144822941484475, -4.005706578469527, -0.20941363477307462
1094, -0.02183389663696289, -0.6993350386619568, 1.817125678062439, 0.029947280883789062, -1.1308574676513672, -0.026664018630981445, 0.0220719575881958, -1.8236501084294376, -5.14479017776323, -4.006159974430192, -0.20941593384399493
1095, -0.021811485290527344, -0.6973807215690613, 1.8160711526870728, 0.029956340789794922, -1.130793571472168, -0.026673078536987305, 0.02207958698272705, -1.8236247176592957, -5.144755470432265, -4.006599613465453, -0.20939914365949885
1096, -0.021826505661010742, -0.6960310935974121, 1.8153201341629028, 0.029947280883789062, -1.1309032440185547, -0.026645898818969727, 0.02204906940460205, -1.8236037132355098, -5.144737897827584, -4.006926273041761, -0.2094001063035975
1097, -0.021855831146240234, -0.6945710182189941, 1.814553141593933, 0.02996540069580078, -1.1309123039245605, -0.026645898818969727, 0.02209484577178955, -1.8235769789508427, -5.144711707548739, -4.007251510197786, -0.20939079789115844
1098, -0.021752595901489258, -0.6921372413635254, 1.813354730606079, 0.029919862747192383, -1.1310491561889648, -0.026627540588378906, 0.02206432819366455, -1.8235199787840601, -5.144678712363903, -4.007786404495901, -0.20939223574212562
1099, -0.02183389663696289, -0.6906620860099792, 1.8126596212387085, 0.029901504516601562, -1.1318342685699463, -0.026654958724975586, 0.0220261812210083, -1.8234802222232198, -5.144655734662295, -4.008107729494113, -0.20938270384782331
1100, -0.021811485290527344, -0.689150333404541, 1.812084436416626, 0.029919862747192383, -1.133842945098877, -0.026636600494384766, 0.0220566987991333, -1.823436017451673, -5.144628865661719, -4.008421403324332, -0.20938868494156182
1101, -0.021752595901489258, -0.6875941753387451, 1.811589002609253, 0.029910802841186523, -1.1368381977081299, -0.026618480682373047, 0.02209484577178955, -1.8233881997793038, -5.144606872118294, -4.008733325691051, -0.20938940741266343
1102, -0.02178955078125, -0.686126708984375, 1.8110216856002808, 0.029919862747192383, -1.1394405364990234, -0.026645898818969727, 0.02209484577178955, -1.8233445256397474, -5.144586600130985, -4.009043442116288, -0.20939275201750718
1103, -0.021775007247924805, -0.6844303011894226, 1.8102548122406006, 0.029910802841186523, -1.141038417816162, -0.026627540588378906, 0.0220872163772583, -1.823291090360641, -5.144564769687564, -4.009461593655648, -0.20942040470975432
1104, -0.021752595901489258, -0.6825203895568848, 1.8093279600143433, 0.029910802841186523, -1.1424901485443115, -0.026645898818969727, 0.0220566987991333, -1.8232158972746486, -5.144541914330451, -4.009967887914335, -0.20942227827938265
1105, -0.02178955078125, -0.6813478469848633, 1.80880868434906, 0.029910802841186523, -1.1438324451446533, -0.026627540588378906, 0.022117793560028076, -1.8231676166154842, -5.144528166595424, -4.010274127204047, -0.20945863484647376
1106, -0.021715879440307617, -0.6790690422058105, 1.8076902627944946, 0.029910802841186523, -1.1452293395996094, -0.026618480682373047, 0.02211010456085205, -1.8230504511705532, -5.144497197350649, -4.01088337282396, -0.20946811188613257
1107, -0.021826505661010742, -0.6779847145080566, 1.8070670366287231, 0.029901504516601562, -1.1455671787261963, -0.026618480682373047, 0.02211010456085205, -1.822988182588161, -5.144482560634622, -4.0111829709679805, -0.20948475363911978
1108, -0.021804332733154297, -0.6764140129089355, 1.8062201738357544, 0.029901504516601562, -1.1456220149993896, -0.026627540588378906, 0.02209484577178955, -1.8229003544547178, -5.144467020363149, -4.011584347540446, -0.20950411671563707
1109, -0.02170085906982422, -0.6753885746002197, 1.8056288957595825, 0.029855728149414062, -1.145594596862793, -0.026627540588378906, 0.02209484577178955, -1.8228322535554287, -5.144467358768585, -4.011884075436996, -0.20953244075433552
1110, -0.021752595901489258, -0.6746585369110107, 1.805141568183899, 0.029892444610595703, -1.1453206539154053, -0.026627540588378906, 0.0220566987991333, -1.8227171696692688, -5.144463298937743, -4.012380888174762, -0.20955277319391197
1111, -0.021730661392211914, -0.674673318862915, 1.8053572177886963, 0.029865026473999023, -1.1451654434204102, -0.026609420776367188, 0.02206432819366455, -1.8226388080341822, -5.14446595744347, -4.012685873901908, -0.2095703155656663
1112, -0.021671533584594727, -0.6750421524047852, 1.8057886362075806, 0.029855728149414062, -1.1451196670532227, -0.026618480682373047, 0.0220566987991333, -1.8225522767884375, -5.144468426715226, -4.013003303186576, -0.20958031470190885
1113, -0.021671533584594727, -0.6756985187530518, 1.8061562776565552, 0.029846668243408203, -1.1449463367462158, -0.026600122451782227, 0.0220414400100708, -1.8224678984050202, -5.144469633611159, -4.013320336699204, -0.20958662410851137
1114, -0.021730661392211914, -0.6765687465667725, 1.8063719272613525, 0.029901504516601562, -1.1448643207550049, -0.026636600494384766, 0.02207958698272705, -1.822362690573647, -5.144475753264776, -4.013740443828968, -0.20957743002148188
1115, -0.021708250045776367, -0.6773578524589539, 1.8061562776565552, 0.029874086380004883, -1.1447911262512207, -0.026591062545776367, 0.02204906940460205, -1.8222631796835658, -5.1444787036266355, -4.01414489093837, -0.20955306695960108
1116, -0.02166438102722168, -0.6777856349945068, 1.8058205842971802, 0.029855728149414062, -1.1447546482086182, -0.026600122451782227, 0.02206432819366455, -1.8221854648826117, -5.144488575298314, -4.014439522462548, -0.2095719264103506
1117, -0.021693706512451172, -0.678264856338501, 1.8054611682891846, 0.029883146286010742, -1.1446905136108398, -0.026627540588378906, 0.0220872163772583, -1.8221143469894032, -5.144493430082107, -4.014735817117733, -0.20955884872342168
1118, -0.021738052368164062, -0.6790540218353271, 1.8050615787506104, 0.029892444610595703, -1.1446723937988281, -0.026591062545776367, 0.0220719575881958, -1.8220181204519987, -5.144494358732112, -4.015108610756331, -0.2095223628738534
1119, -0.021730661392211914, -0.6797692775726318, 1.8049896955490112, 0.029883146286010742, -1.1446542739868164, -0.026600122451782227, 0.0221024751663208, -1.821936834276304, -5.144492263460483, -4.015372673370258, -0.2095167762505179
1120, -0.02170085906982422, -0.6807796955108643, 1.8050376176834106, 0.029883146286010742, -1.1445813179016113, -0.026609420776367188, 0.02207958698272705, -1.8218255286657885, -5.144489805879091, -4.0157132446202315, -0.20952157693197115
1121, -0.021715879440307617, -0.6815764904022217, 1.8051735162734985, 0.029874086380004883, -1.1445627212524414, -0.026609420776367188, 0.02207958698272705, -1.82174252516225, -5.144491861045495, -4.0159641747682535, -0.2095134208298095
1122, -0.021767377853393555, -0.6825940608978271, 1.8053971529006958, 0.029892444610595703, -1.1444988250732422, -0.026627540588378906, 0.0220872163772583, -1.8216310655411307, -5.1444951387604725, -4.016276380723744, -0.20948763107636914
1123, -0.021775007247924805, -0.6831841468811035, 1.805501103401184, 0.029874086380004883, -1.1444988250732422, -0.026609420776367188, 0.0221024751663208, -1.8215426724063013, -5.144496590530515, -4.016486173545114, -0.2095075939605877
1124, -0.021767377853393555, -0.6838846206665039, 1.805676817893982, 0.029865026473999023, -1.144517421722412, -0.026600122451782227, 0.02209484577178955, -1.8214311934242637, -5.144494603495949, -4.016744893838505, -0.20951185372872594
1125, -0.02183389663696289, -0.6845705509185791, 1.8058205842971802, 0.029874086380004883, -1.144507884979248, -0.026609420776367188, 0.0221024751663208, -1.8213232542112272, -5.144490912573023, -4.0169799876624435, -0.20948709893752948
1126, -0.021907567977905273, -0.6852490901947021, 1.806044340133667, 0.029874086380004883, -1.1444716453552246, -0.026600122451782227, 0.0220872163772583, -1.8212177418856255, -5.144486590947308, -4.017183399996409, -0.20947800741768763
1127, -0.021914958953857422, -0.685558557510376, 1.8061562776565552, 0.029865026473999023, -1.1444623470306396, -0.026618480682373047, 0.02209484577178955, -1.821168257753499, -5.144477493723131, -4.017275661993869, -0.20946798657389465
1128, -0.021929502487182617, -0.6863110065460205, 1.8065316677093506, 0.029855728149414062, -1.144434928894043, -0.026627540588378906, 0.02209484577178955, -1.8210413957175065, -5.144476341394388, -4.017494508868769, -0.209497694427645
1129, -0.021973848342895508, -0.6868934035301208, 1.8068273067474365, 0.029828310012817383, -1.1443984508514404, -0.026591062545776367, 0.02207958698272705, -1.8209364986991265, -5.144470014257888, -4.017631587807389, -0.20951384192052913
1130, -0.021973848342895508, -0.6872179508209229, 1.8070590496063232, 0.029865026473999023, -1.1443893909454346, -0.026600122451782227, 0.02209484577178955, -1.8208792424048492, -5.144459680347809, -4.017717893895547, -0.20951991436609418
1131, -0.0220034122467041, -0.6876015663146973, 1.80732262134552, 0.029865026473999023, -1.144352674484253, -0.026591062545776367, 0.0220872163772583, -1.820792251169716, -5.144448509730101, -4.017800061351779, -0.20953815126507802
1132, -0.0220181941986084, -0.6881990432739258, 1.8078019618988037, 0.029846668243408203, -1.1443712711334229, -0.026618480682373047, 0.0221024751663208, -1.8206674162987784, -5.144428352580055, -4.017908037593917, -0.20955847694357566
1133, -0.022032737731933594, -0.688420295715332, 1.8079777956008911, 0.029865026473999023, -1.1443345546722412, -0.026582002639770508, 0.0221024751663208, -1.8206203905843377, -5.144421651138096, -4.017939190120999, -0.20955362518695608
1134, -0.022069931030273438, -0.6888628005981445, 1.8083932399749756, 0.029846668243408203, -1.1443345546722412, -0.026582002639770508, 0.02206432819366455, -1.8205287123211549, -5.144414200027762, -4.017991684698887, -0.20959476569440216
1135, -0.02210688591003418, -0.6893198490142822, 1.808864712715149, 0.029819250106811523, -1.1443254947662354, -0.026600122451782227, 0.02211010456085205, -1.8204247962334887, -5.144411390162089, -4.018039403771954, -0.20960432178688926
1136, -0.022114038467407227, -0.689673900604248, 1.8091922998428345, 0.029837608337402344, -1.1443073749542236, -0.026609420776367188, 0.02207958698272705, -1.8203443233473786, -5.144416354741435, -4.018080057057745, -0.20961036828929647
1137, -0.02214336395263672, -0.6900426745414734, 1.809631586074829, 0.029819250106811523, -1.1442978382110596, -0.026582002639770508, 0.0220872163772583, -1.8202270401845637, -5.144422872204562, -4.018131326676289, -0.20964280825413084
1138, -0.022180557250976562, -0.6904704570770264, 1.8100470304489136, 0.029801130294799805, -1.144270658493042, -0.026609420776367188, 0.02207958698272705, -1.8201032109245299, -5.144424268699223, -4.018183374687684, -0.20965395949601362
1139, -0.022202491760253906, -0.6906547546386719, 1.8102468252182007, 0.029791831970214844, -1.1442887783050537, -0.026609420776367188, 0.0220872163772583, -1.8200424822101469, -5.1444203759443345, -4.01821063655433, -0.2096421349847688
1140, -0.022253990173339844, -0.6911635398864746, 1.8106462955474854, 0.029773712158203125, -1.1442887783050537, -0.026591062545776367, 0.02209484577178955, -1.8199181207993673, -5.144415486703174, -4.01826430853613, -0.20964867255892727
1141, -0.022291183471679688, -0.6916873455047607, 1.81104576587677, 0.029782772064208984, -1.1442887783050537, -0.026563644409179688, 0.02209484577178955, -1.8197900808525884, -5.144408899565676, -4.018324876516655, -0.20964639432058618
1142, -0.022291183471679688, -0.6921298503875732, 1.8113653659820557, 0.029773712158203125, -1.1442887783050537, -0.02657294273376465, 0.0220872163772583, -1.8196958899375169, -5.144403517620605, -4.018368140411362, -0.20964166180579547
1143, -0.02231311798095703, -0.6924764513969421, 1.8116689920425415, 0.029782772064208984, -1.1443073749542236, -0.026554584503173828, 0.0221024751663208, -1.8196186028990127, -5.144397425777528, -4.0184072056392495, -0.20961431467020297
1144, -0.022372007369995117, -0.6929852962493896, 1.8121082782745361, 0.029773712158203125, -1.1443164348602295, -0.02657294273376465, 0.02209484577178955, -1.8194850178356, -5.144395093466415, -4.018457398626529, -0.20959500879332005
1145, -0.022416353225708008, -0.6934866309165955, 1.8125876188278198, 0.029755353927612305, -1.1442797183990479, -0.026563644409179688, 0.0221024751663208, -1.8193630883692595, -5.1444012636550225, -4.018502650040289, -0.20959167816838065
1146, -0.022438764572143555, -0.6940178871154785, 1.813194990158081, 0.029727935791015625, -1.1443164348602295, -0.026554584503173828, 0.0220872163772583, -1.8192214743736508, -5.144409402770731, -4.018548524992693, -0.2095765626933641
1147, -0.0224606990814209, -0.6942684650421143, 1.8135384321212769, 0.029709815979003906, -1.1442978382110596, -0.026563644409179688, 0.0220872163772583, -1.8191374935137405, -5.144413635553544, -4.018571828069566, -0.20956351921413496
1148, -0.022526979446411133, -0.6945414543151855, 1.8138420581817627, 0.029709815979003906, -1.1443164348602295, -0.026554584503173828, 0.02204906940460205, -1.819048879011334, -5.144411126758957, -4.018583400423665, -0.20954462715961863
1149, -0.022578716278076172, -0.694777250289917, 1.8141376972198486, 0.029709815979003906, -1.1442797183990479, -0.02652716636657715, 0.0221024751663208, -1.8189683598439692, -5.144406332221223, -4.018592383509029, -0.20950722486101458
1150, -0.022689342498779297, -0.6951534748077393, 1.8145930767059326, 0.029682397842407227, -1.1442887783050537, -0.026536226272583008, 0.02211010456085205, -1.8188360438531288, -5.14440256997192, -4.01861700832649, -0.20947859674548663
1151, -0.022733688354492188, -0.6953303813934326, 1.8147528171539307, 0.029709815979003906, -1.1442887783050537, -0.02652716636657715, 0.0220872163772583, -1.8187817746622474, -5.14440031048304, -4.018627116516877, -0.2094731015540372
1152, -0.02280712127685547, -0.6956846714019775, 1.8150804042816162, 0.029664278030395508, -1.1442978382110596, -0.02651810646057129, 0.0220872163772583, -1.8186788157969027, -5.144400107458945, -4.018655775613931, -0.2094723437626591
1153, -0.0229032039642334, -0.6961195468902588, 1.8154479265213013, 0.029664278030395508, -1.1443254947662354, -0.02654552459716797, 0.0220872163772583, -1.818589875101261, -5.144403223504419, -4.018690193227821, -0.20949283634725901
1154, -0.022969484329223633, -0.6964662075042725, 1.8157275915145874, 0.029654979705810547, -1.1442887783050537, -0.02651810646057129, 0.0221024751663208, -1.8184944311207474, -5.1444018407649805, -4.018717145687053, -0.2094942458539606
1155, -0.023087501525878906, -0.6969015002250671, 1.816079020500183, 0.029654979705810547, -1.1443164348602295, -0.02651810646057129, 0.0221024751663208, -1.8183829176221362, -5.144394495387014, -4.0187474002666095, -0.20947425795631602
1156, -0.02320551872253418, -0.697277307510376, 1.816430687904358, 0.029636859893798828, -1.1443073749542236, -0.02651810646057129, 0.0220872163772583, -1.8182860399622993, -5.144391797023593, -4.018770726571266, -0.20947550564065942
1157, -0.023286819458007812, -0.6975429058074951, 1.8167341947555542, 0.029636859893798828, -1.144343614578247, -0.026508808135986328, 0.02209484577178955, -1.8181597292517184, -5.144394308513751, -4.018777482867247, -0.20950032281446695
1158, -0.023316144943237305, -0.6976683139801025, 1.8168619871139526, 0.02960944175720215, -1.1443803310394287, -0.026508808135986328, 0.0220872163772583, -1.8181067176326104, -5.144396289737585, -4.018776823092049, -0.20951190396497754
1159, -0.0233457088470459, -0.6978747844696045, 1.817085862159729, 0.029591083526611328, -1.1443617343902588, -0.02652716636657715, 0.02206432819366455, -1.8182890819228237, -5.144428962153413, -4.0187888097263595, -0.20955484131145585
1160, -0.023360252380371094, -0.6980001330375671, 1.817245602607727, 0.02953624725341797, -1.1443803310394287, -0.026508808135986328, 0.0221024751663208, -1.8183097512538022, -5.144429140245405, -4.018805486293584, -0.20958058366767585
1161, -0.023367643356323242, -0.6982583999633789, 1.817493200302124, 0.02953624725341797, -1.1443712711334229, -0.02647233009338379, 0.02207958698272705, -1.818194944348345, -5.144402545606877, -4.01882252811354, -0.20962858679447915
1162, -0.023367643356323242, -0.6983320713043213, 1.8175731897354126, 0.02949976921081543, -1.1443803310394287, -0.02647233009338379, 0.0221024751663208, -1.818135083800179, -5.144388548425641, -4.018827167742636, -0.20963442536193355
1163, -0.0233457088470459, -0.6986048221588135, 1.81778883934021, 0.02949070930480957, -1.1443803310394287, -0.026463031768798828, 0.0220719575881958, -1.8179689258457854, -5.144387000937181, -4.018840107854056, -0.20966659351672057
1164, -0.02333831787109375, -0.6987893581390381, 1.8179486989974976, 0.02948141098022461, -1.1443712711334229, -0.02645397186279297, 0.0220719575881958, -1.8179438813196827, -5.14441225637298, -4.018850347546492, -0.20965972344588213
1165, -0.0233309268951416, -0.6990694999694824, 1.8181883096694946, 0.02946329116821289, -1.1443712711334229, -0.02647233009338379, 0.0220872163772583, -1.8180396720637049, -5.1444726128823595, -4.018882659141381, -0.2096558440490348
1166, -0.02333831787109375, -0.6992614269256592, 1.8184040784835815, 0.02942681312561035, -1.1443712711334229, -0.02643585205078125, 0.02209484577178955, -1.8180361134860137, -5.144493077829862, -4.018908713427182, -0.20963184038580884
1167, -0.02332329750061035, -0.6995120048522949, 1.8187077045440674, 0.02941751480102539, -1.144343614578247, -0.02642655372619629, 0.0220872163772583, -1.817935465590538, -5.144489068072416, -4.01892558375387, -0.2096095040951207
1168, -0.02332329750061035, -0.6997258067131042, 1.8189712762832642, 0.02941751480102539, -1.1443984508514404, -0.02640843391418457, 0.0220719575881958, -1.817798622491353, -5.144452986927016, -4.018922598819405, -0.2096042662431108
1169, -0.02332329750061035, -0.6999101638793945, 1.819195032119751, 0.02941751480102539, -1.1443712711334229, -0.02639007568359375, 0.0220719575881958, -1.8176581413302908, -5.144418673670707, -4.018906758651956, -0.20959014425997768
1170, -0.0233309268951416, -0.7001979351043701, 1.8194667100906372, 0.02941751480102539, -1.1443893909454346, -0.02639007568359375, 0.02209484577178955, -1.8175964158797182, -5.144415180670755, -4.018893092691281, -0.20955552213350703
1171, -0.023367643356323242, -0.7003233432769775, 1.8196665048599243, 0.02941751480102539, -1.1444165706634521, -0.02639913558959961, 0.02207958698272705, -1.8176175918244182, -5.144442794254474, -4.018905026888539, -0.2095239305369505
1172, -0.02337503433227539, -0.7005593776702881, 1.819898009300232, 0.029390335083007812, -1.1444075107574463, -0.02638101577758789, 0.02209484577178955, -1.8176131241027789, -5.14449487194405, -4.01893363468943, -0.20948730326849407
1173, -0.023367643356323242, -0.7007951736450195, 1.8200658559799194, 0.02938103675842285, -1.1443893909454346, -0.02634453773498535, 0.02207958698272705, -1.8175508720472848, -5.144526732939567, -4.018951412202173, -0.20948806790604646
1174, -0.0233457088470459, -0.7011713981628418, 1.8203455209732056, 0.029390335083007812, -1.1444165706634521, -0.026317119598388672, 0.0221024751663208, -1.8173950649616883, -5.144544958961746, -4.018958573158748, -0.209497749134802
1175, -0.0233309268951416, -0.7013556361198425, 1.820513367652893, 0.029371976852416992, -1.1444165706634521, -0.026317119598388672, 0.02209484577178955, -1.8172712419118002, -5.144530375814392, -4.018943297441913, -0.20950713265922793
1176, -0.0233457088470459, -0.7016065120697021, 1.82076096534729, 0.029399394989013672, -1.144444227218628, -0.026298999786376953, 0.02206432819366455, -1.817208685497811, -5.144511107715252, -4.018914153762578, -0.2095197569531111
1177, -0.023367643356323242, -0.701754093170166, 1.8209446668624878, 0.029371976852416992, -1.144434928894043, -0.026271581649780273, 0.0221024751663208, -1.8171957642014247, -5.1445056987061255, -4.018902862370761, -0.20953455401336019
1178, -0.02341938018798828, -0.7019014358520508, 1.8211363554000854, 0.02938103675842285, -1.1444532871246338, -0.026262283325195312, 0.02209484577178955, -1.8171749289497239, -5.144500156908297, -4.018896589988258, -0.20953691933448404
1179, -0.023448944091796875, -0.7020859718322754, 1.8213282823562622, 0.029362916946411133, -1.1444623470306396, -0.026271581649780273, 0.0221024751663208, -1.817115187798443, -5.144496690447157, -4.018893205925784, -0.20953358157570534
1180, -0.023456335067749023, -0.7024104595184326, 1.8215919733047485, 0.029353857040405273, -1.1444623470306396, -0.026244163513183594, 0.02206432819366455, -1.8169983917296881, -5.144497983404282, -4.018878101796642, -0.20956841815799354
1181, -0.023478269577026367, -0.7027642726898193, 1.821967363357544, 0.029362916946411133, -1.1444897651672363, -0.026235103607177734, 0.0220719575881958, -1.8168256429727982, -5.144502677987552, -4.0188534209665265, -0.2096000282617192
1182, -0.023493289947509766, -0.7029855251312256, 1.8221909999847412, 0.029371976852416992, -1.1445536613464355, -0.026216745376586914, 0.0220719575881958, -1.8167787561929236, -5.144496373887232, -4.018837285545952, -0.20962264886778836
1183, -0.023500680923461914, -0.7032511234283447, 1.8224546909332275, 0.029353857040405273, -1.1445536613464355, -0.026189327239990234, 0.0220872163772583, -1.8167495110670455, -5.1444887223723335, -4.018822547464804, -0.20963288141867498
1184, -0.023485660552978516, -0.7034502029418945, 1.8227022886276245, 0.029353857040405273, -1.1445813179016113, -0.026189327239990234, 0.0220872163772583, -1.8167136088032607, -5.144481734174215, -4.018821500658146, -0.20965458712565077
1185, -0.023500680923461914, -0.7036788463592529, 1.8229900598526, 0.029335498809814453, -1.1446633338928223, -0.026098012924194336, 0.0220872163772583, -1.816631937652792, -5.144466981290295, -4.018822659462369, -0.20968803622609844
1186, -0.023500680923461914, -0.7038486003875732, 1.8231498003005981, 0.029326200485229492, -1.1448004245758057, -0.026098012924194336, 0.02209484577178955, -1.8165379183299786, -5.14445640525549, -4.018818921933684, -0.20968796750831942
1187, -0.023508071899414062, -0.7039885520935059, 1.8232537508010864, 0.029317140579223633, -1.144845724105835, -0.026098012924194336, 0.0220719575881958, -1.8164150110490531, -5.144440644430603, -4.018804892176354, -0.20971234882035095
1188, -0.02355217933654785, -0.7040846347808838, 1.823333501815796, 0.029308080673217773, -1.1448643207550049, -0.026079654693603516, 0.02206432819366455, -1.8163405720557773, -5.144443611988766, -4.018786013096838, -0.2097329788648743
1189, -0.02361130714416504, -0.7041730880737305, 1.823445439338684, 0.029289722442626953, -1.144928216934204, -0.026025056838989258, 0.0220719575881958, -1.816316601013121, -5.144438398300512, -4.0187754977828485, -0.2097300418625485
1190, -0.023662805557250977, -0.7042245864868164, 1.8235174417495728, 0.029262304306030273, -1.1449096202850342, -0.025997638702392578, 0.0220719575881958, -1.8162691429654485, -5.144433626039902, -4.018772981244903, -0.20972520776352077
1191, -0.023655176162719727, -0.7042836546897888, 1.8235732316970825, 0.029271364212036133, -1.1449553966522217, -0.02598857879638672, 0.0220872163772583, -1.8162251753382246, -5.144427522166857, -4.018775434843788, -0.20972743510925707
1192, -0.023684978485107422, -0.7043277621269226, 1.8237011432647705, 0.029271364212036133, -1.1449553966522217, -0.0259702205657959, 0.0220566987991333, -1.8160737711188637, -5.14441273336055, -4.0187677633621, -0.20972736720246665
1193, -0.023714303970336914, -0.7043795585632324, 1.8238128423690796, 0.029225826263427734, -1.145101547241211, -0.0258786678314209, 0.02207958698272705, -1.815982194585839, -5.144402888221618, -4.018756825492304, -0.2097180479827605
1194, -0.023721933364868164, -0.7044164538383484, 1.8239247798919678, 0.029207468032836914, -1.1451196670532227, -0.02582406997680664, 0.0221024751663208, -1.8159554235256894, -5.144402570636241, -4.018750761933172, -0.2097389239151468
1195, -0.023751258850097656, -0.7044827938079834, 1.824076533317566, 0.029070615768432617, -1.1451473236083984, -0.02580571174621582, 0.02211010456085205, -1.8159417308675403, -5.1444065402776715, -4.0187431455901885, -0.20975799800218642
1196, -0.02378082275390625, -0.7045049071311951, 1.8241723775863647, 0.0290067195892334, -1.1451835632324219, -0.025705337524414062, 0.02211010456085205, -1.8159185168905738, -5.14442085735636, -4.01874263039183, -0.20977265099384645
1197, -0.02378082275390625, -0.7045342922210693, 1.8243082761764526, 0.02890634536743164, -1.1451654434204102, -0.024965763092041016, 0.0221024751663208, -1.8158440246957575, -5.144431585827207, -4.018740623545989, -0.20977007623314403
1198, -0.02383255958557129, -0.7045416235923767, 1.8244680166244507, 0.028805971145629883, -1.1452383995056152, -0.023313045501708984, 0.02206432819366455, -1.815725770998339, -5.144431006749457, -4.018728441071145, -0.20976844301325137
1199, -0.02386927604675293, -0.7046229839324951, 1.8246837854385376, 0.028751134872436523, -1.1452383995056152, -0.021733522415161133, 0.0220719575881958, -1.8156370518072742, -5.144417690461192, -4.01870655996444, -0.2097599076068466
1200, -0.023876428604125977, -0.7046377062797546, 1.8247877359390259, 0.028741836547851562, -1.1452841758728027, -0.02125859260559082, 0.0220872163772583, -1.8156219248993253, -5.144414646435687, -4.01869872607252, -0.20974710330203994
1201, -0.02391338348388672, -0.7046670913696289, 1.824939489364624, 0.028677940368652344, -1.1454942226409912, -0.02082037925720215, 0.0220872163772583, -1.8156034566684247, -5.144426071352602, -4.018694216206241, -0.20974810806411437
1202, -0.023943185806274414, -0.7046966552734375, 1.825099229812622, 0.028614044189453125, -1.1458959579467773, -0.02079296112060547, 0.02209484577178955, -1.8155647080545207, -5.144452645695489, -4.0186983209539555, -0.20972112851709923
1203, -0.023965120315551758, -0.7047261595726013, 1.8252750635147095, 0.028559446334838867, -1.1466538906097412, -0.02076554298400879, 0.02206432819366455, -1.815489113323723, -5.144472031196648, -4.018701245906742, -0.2097216523737906
1204, -0.02399468421936035, -0.7047407627105713, 1.825394868850708, 0.028522729873657227, -1.1477220058441162, -0.02077460289001465, 0.02209484577178955, -1.8154119505013329, -5.144469904550128, -4.0186900726656205, -0.20970189510397752
1205, -0.024024009704589844, -0.7047924995422363, 1.8255226612091064, 0.028522729873657227, -1.1486806869506836, -0.02079296112060547, 0.022125422954559326, -1.8153478697057737, -5.144470655553929, -4.018680596199059, -0.20970254308340674
1206, -0.024097681045532227, -0.7048442363739014, 1.825554609298706, 0.02849555015563965, -1.1485528945922852, -0.02077460289001465, 0.0220872163772583, -1.8153299711547533, -5.144465870078729, -4.018673769400613, -0.20969121428782955
1207, -0.024171829223632812, -0.704880952835083, 1.825602650642395, 0.028477191925048828, -1.14847993850708, -0.02078390121459961, 0.02211010456085205, -1.8153287615071194, -5.144474282206479, -4.018672373647824, -0.20966266322084426
1208, -0.02422332763671875, -0.7049179077148438, 1.8256345987319946, 0.028458833694458008, -1.1484344005584717, -0.02079296112060547, 0.02207958698272705, -1.8153108617604872, -5.14449335051829, -4.018673246791037, -0.2096537258156408
1209, -0.024296998977661133, -0.7049179077148438, 1.8257304430007935, 0.02839493751525879, -1.1484160423278809, -0.02078390121459961, 0.0220719575881958, -1.8152431044964663, -5.144518430053845, -4.018672183596882, -0.2096457643409515
1210, -0.024348735809326172, -0.7049767971038818, 1.8258821964263916, 0.028413057327270508, -1.148406744003296, -0.02078390121459961, 0.02207958698272705, -1.8151803866909644, -5.144520097122973, -4.018661090052518, -0.20962816043292865
1211, -0.024378061294555664, -0.7050504684448242, 1.8260260820388794, 0.02836751937866211, -1.1483705043792725, -0.02079296112060547, 0.0220872163772583, -1.8151396119085434, -5.144514134178619, -4.018653077197603, -0.20963178918276526
1212, -0.02440023422241211, -0.7051761150360107, 1.8262816667556763, 0.02835845947265625, -1.1483614444732666, -0.020756244659423828, 0.02209484577178955, -1.8151210060300749, -5.144493393264619, -4.0186444931563585, -0.20965327250872523
1213, -0.024393081665039062, -0.7053014636039734, 1.8264415264129639, 0.02835845947265625, -1.1483337879180908, -0.02079296112060547, 0.0220719575881958, -1.815116284397833, -5.144493803514481, -4.018649723309121, -0.20967311711857572
1214, -0.024385690689086914, -0.7053604125976562, 1.8266173601150513, 0.02833104133605957, -1.1482975482940674, -0.02078390121459961, 0.0221024751663208, -1.8150767409853068, -5.144507815001493, -4.018649652426304, -0.2096814097246149
1215, -0.024385690689086914, -0.7053899168968201, 1.82675302028656, 0.028258085250854492, -1.1483337879180908, -0.020756244659423828, 0.02211010456085205, -1.8150096050622417, -5.144535008328408, -4.018647074697249, -0.20970550294970725
1216, -0.024378061294555664, -0.705397367477417, 1.8268649578094482, 0.028130054473876953, -1.1483519077301025, -0.02078390121459961, 0.0220719575881958, -1.8149628057591034, -5.144535052671554, -4.018646149891042, -0.20971648272413912
1217, -0.024393081665039062, -0.7054121494293213, 1.8269847631454468, 0.027984142303466797, -1.1483066082000732, -0.020802021026611328, 0.0220872163772583, -1.8149190991111421, -5.144514923336201, -4.018634349086461, -0.2097350844682193
1218, -0.024393081665039062, -0.7054266333580017, 1.8271125555038452, 0.027956724166870117, -1.1483337879180908, -0.020756244659423828, 0.0220566987991333, -1.8149175650156981, -5.1444975868925935, -4.0186347556388196, -0.20974939000188897
1219, -0.024393081665039062, -0.7054414749145508, 1.8272005319595337, 0.027947664260864258, -1.148315668106079, -0.02074718475341797, 0.02211010456085205, -1.8149126440659766, -5.144498935255884, -4.018636178865474, -0.20977368457644374
1220, -0.024415016174316406, -0.7054562568664551, 1.8272883892059326, 0.027929306030273438, -1.148324728012085, -0.02078390121459961, 0.0220872163772583, -1.8148836939378623, -5.14450520984493, -4.018632810833301, -0.20977979822092507
1221, -0.024415016174316406, -0.7055079936981201, 1.827424168586731, 0.027929306030273438, -1.1483428478240967, -0.02078390121459961, 0.0220719575881958, -1.8148296791545182, -5.1445273686844635, -4.018628905707697, -0.20981145788150712
1222, -0.024407625198364258, -0.7055299282073975, 1.8274961709976196, 0.027920246124267578, -1.148315668106079, -0.020756244659423828, 0.02209484577178955, -1.8147894062692815, -5.144527871659182, -4.018626176053474, -0.2098099854513782
1223, -0.024415016174316406, -0.7055299282073975, 1.8276159763336182, 0.0278928279876709, -1.1483066082000732, -0.02076554298400879, 0.0220719575881958, -1.8147571439199184, -5.144510300098632, -4.018621539481798, -0.20981771355578438
1224, -0.024407625198364258, -0.7055373191833496, 1.8277677297592163, 0.0278928279876709, -1.1482880115509033, -0.02074718475341797, 0.0221024751663208, -1.8147490004227966, -5.144501401759072, -4.018617543917074, -0.2098264706266333
1225, -0.024415016174316406, -0.7055521011352539, 1.8278876543045044, 0.027901887893676758, -1.1483428478240967, -0.020756244659423828, 0.02207958698272705, -1.8147549354861785, -5.14449740192955, -4.018618720619456, -0.20981578129424872
1226, -0.024415016174316406, -0.7055521011352539, 1.8279834985733032, 0.027865171432495117, -1.1483428478240967, -0.020756244659423828, 0.02209484577178955, -1.8147319197785428, -5.144507160638033, -4.018616661348101, -0.20981288334058323
1227, -0.024407625198364258, -0.7055447101593018, 1.8280552625656128, 0.027883529663085938, -1.1483066082000732, -0.02074718475341797, 0.02209484577178955, -1.814692885156533, -5.144520628365152, -4.018614539412861, -0.20978584777452625
1228, -0.02440023422241211, -0.7055594325065613, 1.8281112909317017, 0.027874469757080078, -1.148315668106079, -0.020756244659423828, 0.022117793560028076, -1.8146519075892242, -5.144523574639601, -4.018606678381263, -0.20975979435922465
1229, -0.024415016174316406, -0.7055521011352539, 1.8281272649765015, 0.0278928279876709, -1.1483066082000732, -0.02074718475341797, 0.02206432819366455, -1.8146408001944945, -5.1445133514411925, -4.018611153275319, -0.20973688481631925
1230, -0.024415016174316406, -0.7055521011352539, 1.8281352519989014, 0.027856111526489258, -1.1483337879180908, -0.020756244659423828, 0.0220872163772583, -1.8146351451418945, -5.144506703655436, -4.018605023877091, -0.20973300007408913
1231, -0.024422407150268555, -0.7055447101593018, 1.8281272649765015, 0.027874469757080078, -1.148324728012085, -0.02071070671081543, 0.0220872163772583, -1.814648072775987, -5.14449775695145, -4.01861280912378, -0.20971273945826496
1232, -0.024444580078125, -0.7055594325065613, 1.828119158744812, 0.02781057357788086, -1.1482975482940674, -0.02073812484741211, 0.02207958698272705, -1.8146319965022353, -5.144506197086642, -4.018614594428027, -0.20969278566952898
1233, -0.02443695068359375, -0.7055742740631104, 1.8281513452529907, 0.027828693389892578, -1.1483337879180908, -0.02078390121459961, 0.0220719575881958, -1.8146077429023608, -5.144516073746702, -4.018606982771465, -0.2096731247117063
1234, -0.02445197105407715, -0.7055594325065613, 1.828159213066101, 0.02781057357788086, -1.1483428478240967, -0.02076554298400879, 0.02207958698272705, -1.8145891401493512, -5.144512857779108, -4.018603503308079, -0.20964054870872584
1235, -0.024466514587402344, -0.7055594325065613, 1.8281832933425903, 0.02781963348388672, -1.1483428478240967, -0.020756244659423828, 0.02209484577178955, -1.814588175393181, -5.144509783900854, -4.018606918846083, -0.2096452188440372
1236, -0.02448129653930664, -0.7055890560150146, 1.8281832933425903, 0.02778315544128418, -1.1483519077301025, -0.02074718475341797, 0.0220872163772583, -1.814585931565334, -5.144497802008921, -4.018601020044902, -0.2096391872654415
1237, -0.02448868751525879, -0.7055521011352539, 1.8281911611557007, 0.02777409553527832, -1.1483337879180908, -0.020756244659423828, 0.0220719575881958, -1.8145964696212808, -5.144484782722352, -4.018603406138545, -0.20962739729786062
1238, -0.024518251419067383, -0.7055742740631104, 1.8281991481781006, 0.02776479721069336, -1.1483337879180908, -0.02074718475341797, 0.02207958698272705, -1.8145827420857086, -5.144486173511503, -4.018601695441017, -0.20962342286143976
1239, -0.024518251419067383, -0.7055890560150146, 1.8281991481781006, 0.02776479721069336, -1.1483428478240967, -0.02071976661682129, 0.02209484577178955, -1.8145660542672206, -5.144489327672193, -4.018600559284354, -0.20962887606865532
1240, -0.02453303337097168, -0.7055668234825134, 1.8282231092453003, 0.02773761749267578, -1.1483428478240967, -0.02073812484741211, 0.02207958698272705, -1.8145371643126351, -5.144485445462498, -4.018597463796282, -0.2096316397532405
1241, -0.02453303337097168, -0.7055742740631104, 1.8282310962677002, 0.02773761749267578, -1.1483614444732666, -0.02071976661682129, 0.0221024751663208, -1.8145300273038214, -5.144478701068667, -4.018592746685243, -0.20963780494733175
1242, -0.024555206298828125, -0.7055668234825134, 1.8282550573349, 0.02772831916809082, -1.1483337879180908, -0.02072906494140625, 0.0221024751663208, -1.8145430383358303, -5.144465560774685, -4.018594913485524, -0.20962921898943243
1243, -0.024547576904296875, -0.7055521011352539, 1.8283350467681885, 0.0277101993560791, -1.1483337879180908, -0.02072906494140625, 0.02209484577178955, -1.8145502199892223, -5.144463590371261, -4.018600389380626, -0.2096625623396644
1244, -0.024562597274780273, -0.7055594325065613, 1.8283828496932983, 0.027701139450073242, -1.1483705043792725, -0.02071976661682129, 0.02207958698272705, -1.8145361372989268, -5.144469261468453, -4.018597846911464, -0.2096645570314184
1245, -0.024584531784057617, -0.7055447101593018, 1.8284308910369873, 0.027682781219482422, -1.1483428478240967, -0.02071976661682129, 0.0220719575881958, -1.8145237360328104, -5.144474417660185, -4.018600393936961, -0.20967930976858007
1246, -0.024591922760009766, -0.7055742740631104, 1.8284947872161865, 0.0276644229888916, -1.1483614444732666, -0.02071070671081543, 0.0221024751663208, -1.8144987127846557, -5.144484073772601, -4.018598181476029, -0.20969656226768407
1247, -0.024591922760009766, -0.7055594325065613, 1.8285267353057861, 0.027637243270874023, -1.1483337879180908, -0.02073812484741211, 0.02206432819366455, -1.8144882657527788, -5.144481341374194, -4.018595266961332, -0.20971846222443258
1248, -0.024584531784057617, -0.7055594325065613, 1.8285826444625854, 0.027627944946289062, -1.148324728012085, -0.02070164680480957, 0.0221024751663208, -1.8144947336257098, -5.144473179355309, -4.018594719694962, -0.20973926293862366
1249, -0.024584531784057617, -0.7055373191833496, 1.8286465406417847, 0.027591466903686523, -1.1483519077301025, -0.02070164680480957, 0.02209484577178955, -1.8144961947364147, -5.14446647246394, -4.018594865386437, -0.20975328803964377
1250, -0.024591922760009766, -0.7055447101593018, 1.8286945819854736, 0.027600526809692383, -1.1483519077301025, -0.02073812484741211, 0.02207958698272705, -1.81448905552288, -5.144463868089535, -4.018598216214193, -0.209777794669189
1251, -0.02457714080810547, -0.7055224776268005, 1.828782320022583, 0.027600526809692383, -1.1483519077301025, -0.02069258689880371, 0.0220872163772583, -1.814463502798227, -5.1444698114314145, -4.018596726764495, -0.2097785308526765
1252, -0.024569988250732422, -0.7055224776268005, 1.8288623094558716, 0.027573108673095703, -1.148406744003296, -0.02071976661682129, 0.02207958698272705, -1.8144380910528617, -5.144475510007738, -4.018593152106742, -0.20978958307818196
1253, -0.024562597274780273, -0.7055224776268005, 1.8289501667022705, 0.027564048767089844, -1.1483428478240967, -0.02069258689880371, 0.02209484577178955, -1.8144134780899264, -5.14447938320539, -4.018591011058083, -0.2098081603464319
1254, -0.024562597274780273, -0.7055521011352539, 1.8290140628814697, 0.027536630630493164, -1.1483886241912842, -0.02071976661682129, 0.02207958698272705, -1.8144114562170992, -5.14447769929455, -4.0185909337035, -0.20981529504255647
1255, -0.024569988250732422, -0.7055447101593018, 1.8290541172027588, 0.027545690536499023, -1.1483614444732666, -0.02069258689880371, 0.02209484577178955, -1.8144152702388125, -5.144475792278213, -4.01859211995177, -0.20980479164463084
1256, -0.024569988250732422, -0.7055373191833496, 1.829077959060669, 0.027536630630493164, -1.1483795642852783, -0.02069258689880371, 0.0220719575881958, -1.8143960090050797, -5.144482145617041, -4.01859376062671, -0.20979297512746609
1257, -0.024569988250732422, -0.7055668234825134, 1.8290860652923584, 0.027554750442504883, -1.1483705043792725, -0.02071070671081543, 0.02206432819366455, -1.814383214413808, -5.144485116948195, -4.018592526313476, -0.2098054036782937
1258, -0.024562597274780273, -0.7055373191833496, 1.8291019201278687, 0.027490854263305664, -1.1483705043792725, -0.02068328857421875, 0.02206432819366455, -1.814358362758749, -5.144491719261438, -4.018589525864519, -0.209790661922864
1259, -0.024555206298828125, -0.7055373191833496, 1.8291099071502686, 0.027481794357299805, -1.1483705043792725, -0.02070164680480957, 0.0220719575881958, -1.8143421281791858, -5.144491612822569, -4.018585492491694, -0.2097851307435752
1260, -0.024562597274780273, -0.7055447101593018, 1.829126000404358, 0.027472734451293945, -1.1484160423278809, -0.02071070671081543, 0.0221024751663208, -1.814332094815394, -5.144494635474721, -4.018583604459599, -0.209802789127159
1261, -0.024562597274780273, -0.7055447101593018, 1.8291418552398682, 0.027427196502685547, -1.1483705043792725, -0.02069258689880371, 0.0220872163772583, -1.8143247500027067, -5.144497486295844, -4.018586298340937, -0.20979117794550373
1262, -0.024547576904296875, -0.7055299282073975, 1.8291499614715576, 0.027417898178100586, -1.1483705043792725, -0.02071976661682129, 0.0220719575881958, -1.814315916948624, -5.144503278244017, -4.018586542938261, -0.2097917587738376
1263, -0.024555206298828125, -0.7055668234825134, 1.8291739225387573, 0.027399778366088867, -1.148406744003296, -0.02069258689880371, 0.02207958698272705, -1.814295367689828, -5.144514396559272, -4.018584412687928, -0.2097761293946645
1264, -0.02457714080810547, -0.7055521011352539, 1.8292537927627563, 0.027299165725708008, -1.1484160423278809, -0.02071070671081543, 0.02207958698272705, -1.8142491429237233, -5.144516227291307, -4.018577203247056, -0.20975499930809072
1265, -0.024569988250732422, -0.7055594325065613, 1.829277753829956, 0.02725362777709961, -1.14839768409729, -0.02070164680480957, 0.02207958698272705, -1.8142436575725722, -5.144514428008631, -4.018579095662676, -0.20975904014745783
1266, -0.02457714080810547, -0.7055594325065613, 1.8293017148971558, 0.02723526954650879, -1.14839768409729, -0.02069258689880371, 0.02209484577178955, -1.8142380404918954, -5.144518176434696, -4.0185809096349185, -0.20975626011789217
1267, -0.024562597274780273, -0.7055594325065613, 1.8293176889419556, 0.02717137336730957, -1.1483886241912842, -0.02069258689880371, 0.0220872163772583, -1.8142338436411087, -5.144519993009979, -4.018581134400785, -0.20974423597575864
1268, -0.024555206298828125, -0.7055594325065613, 1.8293336629867554, 0.027061939239501953, -1.1483886241912842, -0.02069258689880371, 0.0221024751663208, -1.8142171880344722, -5.144533226769838, -4.018577007461146, -0.20973636821521513
1269, -0.024555206298828125, -0.7055594325065613, 1.829365611076355, 0.026988744735717773, -1.1484344005584717, -0.02069258689880371, 0.02209484577178955, -1.814202337896449, -5.144532757083808, -4.018575718050875, -0.20973264902897082
1270, -0.024569988250732422, -0.7055521011352539, 1.8293815851211548, 0.026906490325927734, -1.148406744003296, -0.02067422866821289, 0.02207958698272705, -1.814195928089967, -5.14452656622071, -4.018579158412385, -0.20972828733597204
1271, -0.024562597274780273, -0.7055594325065613, 1.8294216394424438, 0.026815414428710938, -1.1484251022338867, -0.02070164680480957, 0.0220719575881958, -1.8141921806590269, -5.144527236641636, -4.018576506328003, -0.20972896496979843
1272, -0.024584531784057617, -0.7055668234825134, 1.8294456005096436, 0.0267331600189209, -1.1484251022338867, -0.02067422866821289, 0.0220872163772583, -1.8141965804454432, -5.1445264819445535, -4.018577071208478, -0.20971772934131305
1273, -0.02457714080810547, -0.7055594325065613, 1.8294694423675537, 0.0265960693359375, -1.14839768409729, -0.02069258689880371, 0.0220719575881958, -1.8141944391610052, -5.144536303905, -4.0185752360228735, -0.2097179362365189
1274, -0.024569988250732422, -0.7055447101593018, 1.8294934034347534, 0.026367902755737305, -1.1484344005584717, -0.02066516876220703, 0.02207958698272705, -1.8141917271592594, -5.1445398955868615, -4.01857547270788, -0.20971591037269377
1275, -0.024614334106445312, -0.7055521011352539, 1.8295494318008423, 0.025107860565185547, -1.1484251022338867, -0.02070164680480957, 0.02207958698272705, -1.8141838468475502, -5.144545431501873, -4.018571553176488, -0.20971946173696754
1276, -0.024628877639770508, -0.7055447101593018, 1.8295572996139526, 0.02483391761779785, -1.1483886241912842, -0.02069258689880371, 0.0220872163772583, -1.8141863484193725, -5.144541080426911, -4.018574422672249, -0.20972220819375043
1277, -0.024591922760009766, -0.7055224776268005, 1.8295892477035522, 0.024770021438598633, -1.1484160423278809, -0.02068328857421875, 0.02206432819366455, -1.814191615969554, -5.144535469629065, -4.018570947087234, -0.2097270710857151
1278, -0.02452564239501953, -0.7055447101593018, 1.8296133279800415, 0.024751663208007812, -1.1484708786010742, -0.02067422866821289, 0.0221024751663208, -1.8142011665298203, -5.144545753677187, -4.018578752919897, -0.20975113491536224
1279, -0.024510860443115234, -0.7055373191833496, 1.8296293020248413, 0.024751663208007812, -1.1484160423278809, -0.02067422866821289, 0.022117793560028076, -1.8142009376785735, -5.144551956025029, -4.018575329481121, -0.20976707961746222
1280, -0.024510860443115234, -0.7055373191833496, 1.8296772241592407, 0.024751663208007812, -1.1484344005584717, -0.02067422866821289, 0.0220719575881958, -1.814192802624347, -5.1445562190583125, -4.0185698721105085, -0.20976109800969045
1281, -0.024540185928344727, -0.7055373191833496, 1.8297091722488403, 0.024733304977416992, -1.1484434604644775, -0.02067422866821289, 0.0221024751663208, -1.8141860183314833, -5.144550819421436, -4.018575698186506, -0.20975611880545308
1282, -0.024569988250732422, -0.7055299282073975, 1.8297492265701294, 0.024770021438598633, -1.1484344005584717, -0.02065587043762207, 0.02207958698272705, -1.8141798581658972, -5.144549559972544, -4.018572677527285, -0.20972750438854249
1283, -0.024606943130493164, -0.7055224776268005, 1.8298131227493286, 0.024733304977416992, -1.1484160423278809, -0.02065587043762207, 0.02207958698272705, -1.8141871574934165, -5.1445368358211265, -4.018573153810642, -0.20969536207410844
1284, -0.02462148666381836, -0.7055447101593018, 1.8298529386520386, 0.024751663208007812, -1.1484525203704834, -0.02064681053161621, 0.02209484577178955, -1.8141870228173471, -5.144531899424309, -4.018572970809505, -0.2096967102953755
1285, -0.024599313735961914, -0.7055373191833496, 1.8299009799957275, 0.024760961532592773, -1.148406744003296, -0.02065587043762207, 0.0220719575881958, -1.8141830256120568, -5.144541218189589, -4.018568758326532, -0.20971416719554714
1286, -0.024584531784057617, -0.7055373191833496, 1.829940915107727, 0.024733304977416992, -1.1484160423278809, -0.02063775062561035, 0.02207958698272705, -1.814185671433806, -5.144552872812282, -4.0185720130239595, -0.20972340424709657
1287, -0.024569988250732422, -0.7055373191833496, 1.8299487829208374, 0.024751663208007812, -1.1484525203704834, -0.02064681053161621, 0.0220872163772583, -1.8141824401927868, -5.144554297598193, -4.018576172506437, -0.20972962473812728
1288, -0.024562597274780273, -0.7055373191833496, 1.8299568891525269, 0.024724245071411133, -1.1484344005584717, -0.02066516876220703, 0.0220719575881958, -1.814177684455685, -5.144555954407954, -4.018574703089478, -0.20971491587990965
1289, -0.02457714080810547, -0.7055447101593018, 1.829980731010437, 0.024751663208007812, -1.1484525203704834, -0.02064681053161621, 0.0220872163772583, -1.8141802390391173, -5.144547119954339, -4.01857390606874, -0.20972378444795492
1290, -0.024599313735961914, -0.7055299282073975, 1.8300126791000366, 0.024733304977416992, -1.1484434604644775, -0.02065587043762207, 0.0220719575881958, -1.8141890832809293, -5.144541645570079, -4.018572990572564, -0.2097133990349942
1291, -0.024628877639770508, -0.7055299282073975, 1.8300527334213257, 0.024724245071411133, -1.1484618186950684, -0.02065587043762207, 0.0220872163772583, -1.8141841104351368, -5.144538959797221, -4.018570515674134, -0.209715037699433
1292, -0.024606943130493164, -0.7055299282073975, 1.830076813697815, 0.024715185165405273, -1.1484344005584717, -0.02066516876220703, 0.0222628116607666, -1.8141853032371584, -5.144536983214181, -4.018571467617019, -0.20970985241455598
1293, -0.024614334106445312, -0.7055224776268005, 1.8300926685333252, 0.024733304977416992, -1.1484434604644775, -0.02061939239501953, 0.022362053394317627, -1.8141830763068894, -5.144535009584666, -4.018572408578668, -0.20970413156188972
1294, -0.024591922760009766, -0.7055224776268005, 1.8301087617874146, 0.024715185165405273, -1.1484618186950684, -0.02064681053161621, 0.02234673500061035, -1.8141851766986181, -5.144531744688019, -4.018579437206613, -0.20971529454929794
1295, -0.024584531784057617, -0.7055299282073975, 1.8301326036453247, 0.024724245071411133, -1.1484344005584717, -0.020628690719604492, 0.02278190851211548, -1.814189765921713, -5.144527434465411, -4.0185802151256755, -0.20971223818396467
1296, -0.024599313735961914, -0.705500602722168, 1.8302685022354126, 0.024596452713012695, -1.1481878757476807, -0.02061939239501953, 0.03992617130279541, -1.814192683547588, -5.144534042615698, -4.018578072178642, -0.2097104793251141
1297, -0.024584531784057617, -0.7054562568664551, 1.8305879831314087, 0.024632930755615234, -1.1501600742340088, -0.020582914352416992, 0.05707049369812012, -1.8141874255200703, -5.144537544975019, -4.018572420517508, -0.20969171169952627
1298, -0.024614334106445312, -0.7054636478424072, 1.830683946609497, 0.024605751037597656, -1.1505253314971924, -0.020601272583007812, 0.06828373908996582, -1.8141807248454132, -5.144536775037686, -4.018571488393126, -0.2096965823796353
1299, -0.024628877639770508, -0.7054929733276367, 1.8308995962142944, 0.024605751037597656, -1.1509909629821777, -0.02063775062561035, 0.10635847091674805, -1.814172004642617, -5.144543927252918, -4.0185843893400515, -0.20970128209907912
1300, -0.024606943130493164, -0.7054929733276367, 1.8308436870574951, 0.024596452713012695, -1.1509819030761719, -0.020592212677001953, 0.1360136890411377, -1.8141776270857926, -5.144537776127565, -4.018587181317763, -0.20970273807894646
1301, -0.024606943130493164, -0.7054929733276367, 1.8307238817214966, 0.024559974670410156, -1.1508631706237793, -0.02064681053161621, 0.1554555892944336, -1.8141805073380788, -5.144534706350383, -4.018580357388932, -0.20970623866761873
1302, -0.024599313735961914, -0.7054858207702637, 1.8307158946990967, 0.024541854858398438, -1.1510274410247803, -0.020537376403808594, 0.16981374740600585, -1.8141805298037914, -5.144532980173109, -4.018573666297801, -0.20970996174991896
1303, -0.024606943130493164, -0.7054636478424072, 1.8307238817214966, 0.024550914764404297, -1.1514110565185547, -0.020519018173217773, 0.20118648529052735, -1.8141893903031248, -5.144537701764533, -4.018572815967349, -0.209708427733176
1304, -0.024606943130493164, -0.7055079936981201, 1.830731749534607, 0.024523496627807617, -1.1516573429107666, -0.020537376403808594, 0.2369178581237793, -1.8141850228258094, -5.1445408064281875, -4.018571945199513, -0.20970047883217902
1305, -0.024606943130493164, -0.7055299282073975, 1.8307398557662964, 0.024550914764404297, -1.1516027450561523, -0.020528316497802734, 0.2655655097961426, -1.8141798554734976, -5.144545399367009, -4.018572864055249, -0.20969372360813043
1306, -0.024606943130493164, -0.7055447101593018, 1.8307158946990967, 0.024514436721801758, -1.1516668796539307, -0.020537376403808594, 0.3053347396850586, -1.8141885008858614, -5.144543134775853, -4.018577670914535, -0.20968750161847804
1307, -0.024606943130493164, -0.7055594325065613, 1.8306599855422974, 0.024532556533813477, -1.151703119277954, -0.020528316497802734, 0.34128742218017577, -1.8141873318871533, -5.144546559643546, -4.0185753798103905, -0.20969071175159204
1308, -0.02462148666381836, -0.7055742740631104, 1.8305879831314087, 0.024532556533813477, -1.1517670154571533, -0.020491600036621094, 0.3734463882446289, -1.8141780891325614, -5.14455753893204, -4.01857223752317, -0.20968646330904406
1309, -0.024614334106445312, -0.7055668234825134, 1.8305240869522095, 0.024514436721801758, -1.151794195175171, -0.020500659942626953, 0.40172760009765623, -1.8141815511575656, -5.144554562287085, -4.018570880073353, -0.20969642638393626
1310, -0.024606943130493164, -0.7055742740631104, 1.8305002450942993, 0.024532556533813477, -1.1517398357391357, -0.020491600036621094, 0.4223832321166992, -1.8141794671187381, -5.144553527800445, -4.018569024426669, -0.20970268120875524
1311, -0.024614334106445312, -0.7055299282073975, 1.830532193183899, 0.024523496627807617, -1.1518399715423584, -0.020500659942626953, 0.4532521438598633, -1.8141778600664178, -5.14455034391016, -4.018574715027754, -0.20970311681750164
1312, -0.024614334106445312, -0.7055299282073975, 1.8306119441986084, 0.024523496627807617, -1.1518583297729492, -0.020491600036621094, 0.4892811584472656, -1.814186946276418, -5.144549739804451, -4.0185751169557955, -0.20971751804756167
1313, -0.02462148666381836, -0.7055299282073975, 1.8306758403778076, 0.0245053768157959, -1.151794195175171, -0.020528316497802734, 0.5173410034179687, -1.8141802716198037, -5.144550456668497, -4.018571179962824, -0.20972238402575272
1314, -0.024614334106445312, -0.7055373191833496, 1.830779790878296, 0.024523496627807617, -1.15187668800354, -0.020519018173217773, 0.54798095703125, -1.8141772815309154, -5.144547899725799, -4.018571156836839, -0.20971721358818307
1315, -0.024614334106445312, -0.7055299282073975, 1.830851674079895, 0.024523496627807617, -1.15195894241333, -0.020528316497802734, 0.5856358337402344, -1.8141777324616537, -5.144551329448871, -4.0185785252916855, -0.20972675663197915
1316, -0.02462148666381836, -0.7055299282073975, 1.8308597803115845, 0.024514436721801758, -1.1519131660461426, -0.020519018173217773, 0.6119018936157227, -1.814176607996264, -5.144550148996684, -4.018579934075658, -0.20971710741324312
1317, -0.024606943130493164, -0.7055224776268005, 1.8308436870574951, 0.0245053768157959, -1.1520867347717285, -0.020509958267211914, 0.6350917816162109, -1.8141717376598119, -5.1445495782757185, -4.0185798911675725, -0.20972513984093855
1318, -0.024614334106445312, -0.7055150866508484, 1.8307956457138062, 0.024514436721801758, -1.1520681381225586, -0.020509958267211914, 0.6632585144042968, -1.8141777281210896, -5.14454797685454, -4.018578330098861, -0.20973235176651173
1319, -0.024599313735961914, -0.7055373191833496, 1.8307636976242065, 0.024523496627807617, -1.152113914489746, -0.020509958267211914, 0.6818608093261719, -1.8141794323432925, -5.144544330844768, -4.018574921193081, -0.20972015912062414
1320, -0.024606943130493164, -0.7055224776268005, 1.830731749534607, 0.024532556533813477, -1.152040958404541, -0.020528316497802734, 0.7088749694824219, -1.8141778280262497, -5.144551227015494, -4.018569674711833, -0.20973645659803442
1321, -0.024614334106445312, -0.705500602722168, 1.8307238817214966, 0.024532556533813477, -1.152040958404541, -0.020455121994018555, 0.7408277893066406, -1.8141740195356324, -5.144549364045795, -4.018567141671115, -0.2097111657130437
1322, -0.024614334106445312, -0.7055150866508484, 1.8307238817214966, 0.024514436721801758, -1.152040958404541, -0.020482540130615234, 0.7661778259277344, -1.814173058598315, -5.144549106207269, -4.018570674771561, -0.2097063348628998
1323, -0.02462148666381836, -0.7055224776268005, 1.830731749534607, 0.024496078491210938, -1.152040958404541, -0.020491600036621094, 0.7939552307128906, -1.8141667248950948, -5.144557554365776, -4.0185737606846885, -0.20970424341720229
1324, -0.024614334106445312, -0.7055373191833496, 1.830771803855896, 0.024487018585205078, -1.1523516178131104, -0.020528316497802734, 0.8298087310791016, -1.8141637658015923, -5.144559899902494, -4.018577111519134, -0.2097086394232548
1325, -0.024614334106445312, -0.7055447101593018, 1.8307956457138062, 0.024496078491210938, -1.1523330211639404, -0.020491600036621094, 0.8613875579833984, -1.8141633166694866, -5.144568268231554, -4.018577702267644, -0.20972032773970106
1326, -0.024599313735961914, -0.7055447101593018, 1.8307956457138062, 0.024487018585205078, -1.1523330211639404, -0.020482540130615234, 0.8824019622802735, -1.8141549378827908, -5.14456774996812, -4.018571806369973, -0.20970906723396254
1327, -0.024606943130493164, -0.7055447101593018, 1.8307877779006958, 0.024496078491210938, -1.1523330211639404, -0.020482540130615234, 0.9132402801513672, -1.8141464014434328, -5.144572449972169, -4.018570871236791, -0.20970639184979323
1328, -0.024606943130493164, -0.7055521011352539, 1.8307956457138062, 0.0245053768157959, -1.1523330211639404, -0.020491600036621094, 0.9234383392333985, -1.8141458704578701, -5.144576536602572, -4.018568798169493, -0.20971156854701878
1329, -0.024599313735961914, -0.7055373191833496, 1.8308357000350952, 0.024514436721801758, -1.1523606777191162, -0.020491600036621094, 0.94162841796875, -1.814144823733959, -5.144579605692871, -4.018573433986421, -0.2096938159161974
1330, -0.024599313735961914, -0.7055224776268005, 1.8308676481246948, 0.024496078491210938, -1.1523330211639404, -0.020491600036621094, 0.9534066009521485, -1.8141451420525505, -5.1445799786278075, -4.018574035848689, -0.20969954688460035
1331, -0.024599313735961914, -0.7055373191833496, 1.8309075832366943, 0.0245053768157959, -1.1523969173431396, -0.020500659942626953, 0.9625206756591796, -1.8141444043611685, -5.14458000095999, -4.018574203805617, -0.2097118300852454
1332, -0.024591922760009766, -0.7055668234825134, 1.830987572669983, 0.024477720260620117, -1.152378797531128, -0.020500659942626953, 0.9670700073242188, -1.8141349396556938, -5.144581208600093, -4.018569567252328, -0.20969706509175357
1333, -0.024591922760009766, -0.7055447101593018, 1.8310514688491821, 0.024450302124023438, -1.1526436805725098, -0.020482540130615234, 0.967161636352539, -1.8141291118113991, -5.144578105817181, -4.0185660790718085, -0.2096885814724656
1334, -0.024599313735961914, -0.7055299282073975, 1.8310273885726929, 0.024450302124023438, -1.152451992034912, -0.020473241806030273, 0.9671769714355469, -1.8141208052012614, -5.144569256883391, -4.018566400768659, -0.20969184858363477
1335, -0.024591922760009766, -0.7055224776268005, 1.8310273885726929, 0.02438640594482422, -1.1525158882141113, -0.020464181900024414, 0.9671997833251953, -1.8141222787331306, -5.144573083462628, -4.01857446975326, -0.20971071292576582
1336, -0.024606943130493164, -0.705500602722168, 1.8310353755950928, 0.024422883987426758, -1.1524884700775146, -0.020482540130615234, 0.9671769714355469, -1.8141266853516367, -5.144572120175351, -4.018575854416993, -0.20972027547839822
1337, -0.024584531784057617, -0.7055224776268005, 1.8310754299163818, 0.0244138240814209, -1.1525068283081055, -0.020445823669433594, 0.9671769714355469, -1.8141250970778058, -5.144570045773862, -4.018576206190904, -0.20970694693961978
1338, -0.024599313735961914, -0.705500602722168, 1.831091284751892, 0.024422883987426758, -1.152534008026123, -0.020500659942626953, 0.9671922302246094, -1.8141200202323788, -5.144575990909681, -4.018574226312202, -0.20972004049565474
1339, -0.024614334106445312, -0.7054929733276367, 1.8311073780059814, 0.0244138240814209, -1.1524977684020996, -0.020473241806030273, 0.9671769714355469, -1.814115456656288, -5.144574547399361, -4.018572012390064, -0.20971877969693065
1340, -0.024614334106445312, -0.7054783701896667, 1.831147313117981, 0.0244138240814209, -1.1524977684020996, -0.020473241806030273, 0.9671769714355469, -1.8141184049696002, -5.144573499263236, -4.0185715504616395, -0.2097488709680828
1341, -0.024614334106445312, -0.7054858207702637, 1.831139326095581, 0.0244138240814209, -1.1524701118469238, -0.020455121994018555, 0.9671922302246094, -1.814118085360466, -5.144571821387691, -4.018572593951798, -0.20974117659994818
1342, -0.024599313735961914, -0.7054858207702637, 1.8311712741851807, 0.0244138240814209, -1.1524977684020996, -0.020473241806030273, 0.9671845245361328, -1.8141188445735676, -5.1445711621944845, -4.018576425038767, -0.20973793522245465
1343, -0.024599313735961914, -0.7054858207702637, 1.8311632871627808, 0.02440476417541504, -1.1524426937103271, -0.020482540130615234, 0.9671692657470703, -1.8141142423217818, -5.144579763558223, -4.018569723351055, -0.20973885954846772
1344, -0.024591922760009766, -0.7054929733276367, 1.831187129020691, 0.0244138240814209, -1.152534008026123, -0.020464181900024414, 0.9671845245361328, -1.8141185784561227, -5.144582200715561, -4.018573255195193, -0.2097398533529118
1345, -0.024591922760009766, -0.705500602722168, 1.8311792612075806, 0.0244138240814209, -1.1524884700775146, -0.020455121994018555, 0.9671692657470703, -1.814116992436348, -5.144585373694811, -4.018572500819021, -0.20973896728933905
1346, -0.024599313735961914, -0.705500602722168, 1.8311792612075806, 0.02440476417541504, -1.1525068283081055, -0.020464181900024414, 0.9671692657470703, -1.8141134100446021, -5.144578303507623, -4.01857223645309, -0.20972580192947987
1347, -0.024591922760009766, -0.7055079936981201, 1.8311792612075806, 0.024422883987426758, -1.1524884700775146, -0.020482540130615234, 0.9671769714355469, -1.8141133003043057, -5.14458528307002, -4.01857864498176, -0.2097537673848482
1348, -0.024606943130493164, -0.705500602722168, 1.8311952352523804, 0.024422883987426758, -1.1524884700775146, -0.020464181900024414, 0.9671769714355469, -1.8141120248773235, -5.144577793447214, -4.018578218609929, -0.2097469575318236
1349, -0.024584531784057617, -0.7054929733276367, 1.831187129020691, 0.0244138240814209, -1.1525068283081055, -0.020464181900024414, 0.9671845245361328, -1.8141079952125692, -5.14457879899731, -4.018575732833543, -0.20975806813833398
1350, -0.024599313735961914, -0.705500602722168, 1.8312112092971802, 0.0244138240814209, -1.1525158882141113, -0.020482540130615234, 0.967161636352539, -1.8141086760564535, -5.1445845455587715, -4.018575629906889, -0.2097496422836187
1351, -0.024591922760009766, -0.705500602722168, 1.8312190771102905, 0.02440476417541504, -1.1524701118469238, -0.020482540130615234, 0.9671769714355469, -1.814105208903651, -5.144588905405366, -4.018575126629795, -0.2097434515080856
1352, -0.024606943130493164, -0.7054929733276367, 1.8312431573867798, 0.02440476417541504, -1.1524884700775146, -0.020473241806030273, 0.9671692657470703, -1.8141006893661622, -5.144586721043624, -4.018571803632353, -0.20973227610524336
1353, -0.024599313735961914, -0.7054858207702637, 1.8312431573867798, 0.0244138240814209, -1.1524701118469238, -0.020436763763427734, 0.967161636352539, -1.8140995033792624, -5.144588328316238, -4.018573575580144, -0.20973849108638465
1354, -0.024599313735961914, -0.7054783701896667, 1.8312431573867798, 0.0244138240814209, -1.1524426937103271, -0.020482540130615234, 0.967161636352539, -1.8141057582693134, -5.144587276645804, -4.018578628815856, -0.2097459871535614
1355, -0.024591922760009766, -0.7054858207702637, 1.8312512636184692, 0.02440476417541504, -1.1524977684020996, -0.020473241806030273, 0.9671692657470703, -1.814102525367847, -5.144589906683092, -4.018575681652736, -0.20974140770266558
1356, -0.024599313735961914, -0.7054783701896667, 1.8312512636184692, 0.024422883987426758, -1.1525158882141113, -0.020455121994018555, 0.9671845245361328, -1.8141012319966952, -5.144597756880924, -4.018573863987198, -0.20974645634266764
1357, -0.024599313735961914, -0.7054783701896667, 1.8312512636184692, 0.024422883987426758, -1.1525068283081055, -0.020464181900024414, 0.9671769714355469, -1.814104276472899, -5.144599810535178, -4.018573350491907, -0.20973880336941342
1358, -0.024591922760009766, -0.7054636478424072, 1.8312671184539795, 0.0244138240814209, -1.1524884700775146, -0.020482540130615234, 0.9671692657470703, -1.8141023526955595, -5.14459413579978, -4.018574426242701, -0.20973167969865258
1359, -0.024591922760009766, -0.7054783701896667, 1.8312671184539795, 0.0244138240814209, -1.1524791717529297, -0.020464181900024414, 0.9671922302246094, -1.8141038885202265, -5.144594977238909, -4.018573361960304, -0.2097527173749656
1360, -0.024591922760009766, -0.7054783701896667, 1.8312512636184692, 0.024422883987426758, -1.1524977684020996, -0.020473241806030273, 0.9671769714355469, -1.814103187854088, -5.144583149216906, -4.018577614771038, -0.20975057441659306
1361, -0.024591922760009766, -0.7055079936981201, 1.8312671184539795, 0.024422883987426758, -1.1524884700775146, -0.020473241806030273, 0.9671692657470703, -1.8141013080294446, -5.14458599162751, -4.0185780048710695, -0.20974354988779442
1362, -0.024584531784057617, -0.705500602722168, 1.8312671184539795, 0.0244138240814209, -1.1525068283081055, -0.020445823669433594, 0.9671922302246094, -1.8140988856768878, -5.144592748315523, -4.018573774406895, -0.20974433602967313
1363, -0.02457714080810547, -0.705500602722168, 1.8312832117080688, 0.02440476417541504, -1.1524977684020996, -0.020455121994018555, 0.9671769714355469, -1.8141031592199597, -5.144595824776631, -4.018573438767241, -0.20975061423444874
1364, -0.02457714080810547, -0.7054929733276367, 1.8312751054763794, 0.0244138240814209, -1.1524884700775146, -0.020455121994018555, 0.967161636352539, -1.8141067948182106, -5.1445884607166485, -4.018574202071769, -0.20973759489610178
1365, -0.02457714080810547, -0.7054858207702637, 1.8312751054763794, 0.02440476417541504, -1.1524977684020996, -0.020445823669433594, 0.9671845245361328, -1.8141113285272665, -5.144587072642433, -4.01857409937008, -0.2097340264319918
1366, -0.024569988250732422, -0.7054710388183594, 1.8312751054763794, 0.02440476417541504, -1.1524977684020996, -0.020464181900024414, 0.9671769714355469, -1.8141175362007456, -5.144576511941293, -4.018577068116838, -0.20972805973450903
1367, -0.024584531784057617, -0.7054783701896667, 1.8312910795211792, 0.0244138240814209, -1.1524884700775146, -0.020464181900024414, 0.9671769714355469, -1.8141211686531167, -5.144573269211384, -4.018579940915564, -0.2097346361486192
1368, -0.024591922760009766, -0.7054636478424072, 1.8312910795211792, 0.0244138240814209, -1.1524977684020996, -0.020455121994018555, 0.9671692657470703, -1.8141261237012007, -5.144583047467665, -4.018578099321477, -0.20974514560698765
1369, -0.024591922760009766, -0.7054562568664551, 1.831299066543579, 0.024422883987426758, -1.1524884700775146, -0.020473241806030273, 0.9671540069580078, -1.8141286134551085, -5.144590106088283, -4.018578319811564, -0.2097462877354408
1370, -0.024599313735961914, -0.7054414749145508, 1.831307053565979, 0.0244138240814209, -1.1524977684020996, -0.020445823669433594, 0.9671845245361328, -1.8141311965273026, -5.144585669435173, -4.018575957479624, -0.2097519484129
1371, -0.024599313735961914, -0.7054562568664551, 1.831307053565979, 0.02440476417541504, -1.1524884700775146, -0.020464181900024414, 0.9671845245361328, -1.8141450511646124, -5.144581039858795, -4.0185789376023235, -0.20975772072138277
1372, -0.024584531784057617, -0.7054562568664551, 1.831307053565979, 0.0244138240814209, -1.1524977684020996, -0.020464181900024414, 0.9671845245361328, -1.8141484695148846, -5.144577942474361, -4.0185794547844305, -0.2097513886701492
1373, -0.024584531784057617, -0.7054414749145508, 1.831299066543579, 0.02440476417541504, -1.1524884700775146, -0.020464181900024414, 0.9671769714355469, -1.8141552809948553, -5.14457864737067, -4.018583344062654, -0.20975949285112616
1374, -0.024591922760009766, -0.7054488658905029, 1.831299066543579, 0.0244138240814209, -1.1524791717529297, -0.020455121994018555, 0.9671769714355469, -1.8141608667086575, -5.144574505788901, -4.01858606451528, -0.20976901629548195
1375, -0.024584531784057617, -0.7054636478424072, 1.831307053565979, 0.024422883987426758, -1.1524791717529297, -0.020455121994018555, 0.9671845245361328, -1.8141584676487457, -5.144574573407078, -4.018584312815811, -0.2097681185182072
1376, -0.02457714080810547, -0.7054266333580017, 1.831299066543579, 0.024422883987426758, -1.1524977684020996, -0.020473241806030273, 0.9671769714355469, -1.8141589051381382, -5.144585463912589, -4.01858036146513, -0.20977112957564703
1377, -0.024591922760009766, -0.7054340243339539, 1.831307053565979, 0.024422883987426758, -1.1525068283081055, -0.020464181900024414, 0.9671922302246094, -1.8141670918857709, -5.144588867272696, -4.018580589677579, -0.20975981760728146
1378, -0.024591922760009766, -0.7054340243339539, 1.831299066543579, 0.02443218231201172, -1.1524884700775146, -0.020473241806030273, 0.9671845245361328, -1.814172118363444, -5.144580824806645, -4.01858173450862, -0.2097610908861709
1379, -0.024584531784057617, -0.7054340243339539, 1.831307053565979, 0.02443218231201172, -1.1524977684020996, -0.020436763763427734, 0.9671692657470703, -1.8141745485855745, -5.144575566575127, -4.018585057498714, -0.2097735246775292
1380, -0.024569988250732422, -0.7054266333580017, 1.831307053565979, 0.024422883987426758, -1.1524791717529297, -0.020436763763427734, 0.9671692657470703, -1.8141751753697641, -5.144579403192797, -4.018583216352701, -0.2097942406293054
1381, -0.02457714080810547, -0.7054266333580017, 1.8313151597976685, 0.0244138240814209, -1.1524701118469238, -0.020464181900024414, 0.9671922302246094, -1.8141800019505614, -5.144580855986297, -4.0185849537342415, -0.20978422926296325
1382, -0.024569988250732422, -0.7054414749145508, 1.8313151597976685, 0.0244138240814209, -1.1524701118469238, -0.020464181900024414, 0.9671769714355469, -1.8141777756963924, -5.144587747810892, -4.0185844252854475, -0.20980840517356647
1383, -0.02457714080810547, -0.7054193019866943, 1.8313151597976685, 0.02443218231201172, -1.1525068283081055, -0.020445823669433594, 0.9671692657470703, -1.8141817880309172, -5.144582500981191, -4.018585299875559, -0.2097910016118245
1384, -0.024555206298828125, -0.7054488658905029, 1.831307053565979, 0.024422883987426758, -1.1524791717529297, -0.020455121994018555, 0.9671845245361328, -1.8141819778044757, -5.1445819972297455, -4.018583546808266, -0.20980627547340802
1385, -0.024569988250732422, -0.7054340243339539, 1.831307053565979, 0.02440476417541504, -1.1524884700775146, -0.020436763763427734, 0.9671692657470703, -1.8141864172930622, -5.144579766800109, -4.018587272162501, -0.20980447523337276
1386, -0.024555206298828125, -0.7054193019866943, 1.831307053565979, 0.024395465850830078, -1.1524791717529297, -0.020455121994018555, 0.9671692657470703, -1.8141929034090563, -5.144589029749712, -4.01858803938881, -0.2098167450524997
1387, -0.024555206298828125, -0.7054414749145508, 1.8313230276107788, 0.02440476417541504, -1.1525068283081055, -0.020455121994018555, 0.9671769714355469, -1.8141990509358927, -5.14459394069202, -4.018584022869501, -0.20979715014139
1388, -0.024540185928344727, -0.7054193019866943, 1.8313230276107788, 0.02440476417541504, -1.1524884700775146, -0.020464181900024414, 0.9671769714355469, -1.8142148001422784, -5.144598850665456, -4.018587937315792, -0.20982027911468926
1389, -0.024540185928344727, -0.7054193019866943, 1.8313230276107788, 0.024422883987426758, -1.152461051940918, -0.020427703857421875, 0.9671692657470703, -1.8142212091532883, -5.1445918723273305, -4.018593731816729, -0.20982092159778087
1390, -0.02453303337097168, -0.70540452003479, 1.8313151597976685, 0.024422883987426758, -1.1524884700775146, -0.020464181900024414, 0.9671845245361328, -1.8142225145738191, -5.144586794079555, -4.018590392051261, -0.20982657052530307
1391, -0.02452564239501953, -0.7053899168968201, 1.8313151597976685, 0.0244138240814209, -1.1524977684020996, -0.020464181900024414, 0.9671769714355469, -1.8142232025923095, -5.144578160202564, -4.018591962823114, -0.2098408412088677
1392, -0.024540185928344727, -0.70540452003479, 1.8313151597976685, 0.0244138240814209, -1.1524977684020996, -0.020455121994018555, 0.9671769714355469, -1.8142210178871825, -5.144570352413413, -4.018592972884808, -0.20983779268271263
1393, -0.02452564239501953, -0.7054121494293213, 1.8313230276107788, 0.0244138240814209, -1.1525249481201172, -0.020445823669433594, 0.9671769714355469, -1.8142251458380327, -5.144578829462344, -4.01859379184798, -0.20984397873133886
1394, -0.02453303337097168, -0.7054121494293213, 1.8313310146331787, 0.02440476417541504, -1.1525158882141113, -0.020427703857421875, 0.9671769714355469, -1.814226837412681, -5.144581605409205, -4.018589110739707, -0.2098530446588942
1395, -0.02452564239501953, -0.70540452003479, 1.8313230276107788, 0.0244138240814209, -1.152461051940918, -0.020464181900024414, 0.9671845245361328, -1.8142317025852526, -5.144586546242969, -4.018589392866515, -0.20984236582781968
1396, -0.024540185928344727, -0.70540452003479, 1.8313310146331787, 0.024422883987426758, -1.1524977684020996, -0.020455121994018555, 0.9671922302246094, -1.8142295563795106, -5.144583767125955, -4.0185901976607905, -0.20984138219638737
1397, -0.02452564239501953, -0.7053822875022888, 1.8313230276107788, 0.02440476417541504, -1.1524701118469238, -0.020464181900024414, 0.9671845245361328, -1.814232726608091, -5.144587816121891, -4.018587920791687, -0.2098527861984847
1398, -0.02452564239501953, -0.7053899168968201, 1.8313230276107788, 0.024422883987426758, -1.1524791717529297, -0.020473241806030273, 0.9671769714355469, -1.8142357201827697, -5.144579968906606, -4.018589403125083, -0.20984547987962365
1399, -0.024518251419067383, -0.7053899168968201, 1.8313310146331787, 0.024422883987426758, -1.1524884700775146, -0.020464181900024414, 0.9671692657470703, -1.814238342821318, -5.14457443176919, -4.018591048026034, -0.20984839724541793
1400, -0.024503707885742188, -0.7054121494293213, 1.8313230276107788, 0.0244138240814209, -1.1524884700775146, -0.020436763763427734, 0.9671845245361328, -1.8142484096738896, -5.144574809028968, -4.018595662978034, -0.20984636516776156
1401, -0.024503707885742188, -0.7054121494293213, 1.8313230276107788, 0.0244138240814209, -1.1524977684020996, -0.020427703857421875, 0.9671769714355469, -1.8142449247799028, -5.1445793015249945, -4.018590609095673, -0.20986240559737013
1402, -0.024503707885742188, -0.705397367477417, 1.8313310146331787, 0.024422883987426758, -1.1524977684020996, -0.020436763763427734, 0.9671997833251953, -1.8142510190432386, -5.14457544595429, -4.018590741383598, -0.2098643236822344
1403, -0.024503707885742188, -0.705397367477417, 1.8313310146331787, 0.0244138240814209, -1.1524701118469238, -0.020455121994018555, 0.9671845245361328, -1.814245563144625, -5.144569446687772, -4.018590740326621, -0.2098454665698144
1404, -0.024518251419067383, -0.705397367477417, 1.8313310146331787, 0.02440476417541504, -1.1524791717529297, -0.020464181900024414, 0.9671692657470703, -1.8142503083352386, -5.144567792535092, -4.018591829878015, -0.2098532865407048
1405, -0.024510860443115234, -0.7053822875022888, 1.8313230276107788, 0.024422883987426758, -1.1524884700775146, -0.020445823669433594, 0.9671769714355469, -1.8142581887876084, -5.144564814189518, -4.018595386398672, -0.20984543609083506
1406, -0.024510860443115234, -0.705397367477417, 1.8313310146331787, 0.02443218231201172, -1.1524884700775146, -0.020455121994018555, 0.967161636352539, -1.8142655736845565, -5.144565845106216, -4.018596661314266, -0.20985776367047393
1407, -0.024518251419067383, -0.7053678035736084, 1.8313310146331787, 0.02440476417541504, -1.1524701118469238, -0.020464181900024414, 0.9671692657470703, -1.8142650952061246, -5.144574556997885, -4.018591879390979, -0.20986911147435805
1408, -0.024510860443115234, -0.705397367477417, 1.8313310146331787, 0.02440476417541504, -1.1524884700775146, -0.020455121994018555, 0.9671845245361328, -1.8142678010963786, -5.144573222744337, -4.018591788410289, -0.20986985228453747
1409, -0.024503707885742188, -0.705397367477417, 1.8313390016555786, 0.0244138240814209, -1.1524791717529297, -0.020445823669433594, 0.9671769714355469, -1.8142670513444994, -5.14456977624582, -4.018594480125779, -0.2098578221830536
1410, -0.024503707885742188, -0.7053751945495605, 1.8313310146331787, 0.0244138240814209, -1.1524791717529297, -0.020445823669433594, 0.9671922302246094, -1.8142694966369217, -5.144567246698877, -4.018595760050727, -0.20985634826041544
1411, -0.024503707885742188, -0.7053822875022888, 1.8313310146331787, 0.0244138240814209, -1.1524701118469238, -0.020409345626831055, 0.9671692657470703, -1.8142713783484123, -5.1445680951572115, -4.018595675710705, -0.20986288560934696
1412, -0.024510860443115234, -0.7053678035736084, 1.8313310146331787, 0.02440476417541504, -1.1524884700775146, -0.020418643951416016, 0.9671769714355469, -1.8142745619494942, -5.1445690561639275, -4.018594017045879, -0.2098588979600251
1413, -0.024510860443115234, -0.7053678035736084, 1.8313310146331787, 0.0244138240814209, -1.1524701118469238, -0.020436763763427734, 0.9671769714355469, -1.8142720518641668, -5.1445788578312515, -4.018587849894448, -0.20986174583037442
1414, -0.024510860443115234, -0.7053678035736084, 1.8313310146331787, 0.0244138240814209, -1.1524977684020996, -0.020455121994018555, 0.9671922302246094, -1.8142667430955197, -5.144576448643227, -4.018587422383893, -0.2098622126491927
1415, -0.02449631690979004, -0.7053678035736084, 1.8313390016555786, 0.024422883987426758, -1.1524884700775146, -0.020445823669433594, 0.9671922302246094, -1.8142672315785036, -5.144574655364265, -4.0185891988903855, -0.2098628661057722
1416, -0.02449631690979004, -0.7053604125976562, 1.8313310146331787, 0.02440476417541504, -1.1524977684020996, -0.020455121994018555, 0.9671922302246094, -1.814271323534446, -5.144573557452293, -4.018588921151223, -0.20986195348755388
1417, -0.02449631690979004, -0.7053604125976562, 1.8313230276107788, 0.0244138240814209, -1.1524884700775146, -0.020473241806030273, 0.9671922302246094, -1.8142752581106911, -5.144575778719794, -4.018594682323279, -0.2098609300342682
1418, -0.02448868751525879, -0.7053751945495605, 1.8313310146331787, 0.024422883987426758, -1.1525068283081055, -0.020445823669433594, 0.9671769714355469, -1.8142800395011878, -5.144579282606871, -4.0185922423074585, -0.20986552348626208
1419, -0.02449631690979004, -0.7053678035736084, 1.8313310146331787, 0.024395465850830078, -1.1525249481201172, -0.020455121994018555, 0.9671692657470703, -1.8142747714966811, -5.144585912139399, -4.018588549446925, -0.20984840729769338
1420, -0.02449631690979004, -0.7053678035736084, 1.8313310146331787, 0.024422883987426758, -1.1524791717529297, -0.020455121994018555, 0.9671692657470703, -1.814271225063754, -5.144586951727063, -4.018588233493963, -0.2098332146789561
1421, -0.024503707885742188, -0.7053604125976562, 1.8313390016555786, 0.02443218231201172, -1.1524791717529297, -0.020427703857421875, 0.9671845245361328, -1.8142648387517064, -5.144583921023133, -4.018585017939725, -0.2098441698271838
1422, -0.02449631690979004, -0.7053751945495605, 1.8313390016555786, 0.02440476417541504, -1.1524977684020996, -0.020436763763427734, 0.9671845245361328, -1.814266499103403, -5.1445739913508595, -4.01858996737449, -0.20984240707577406
1423, -0.02448868751525879, -0.7053678035736084, 1.8313310146331787, 0.0244138240814209, -1.1524884700775146, -0.020445823669433594, 0.9671922302246094, -1.8142681570622032, -5.144571782144282, -4.018589540776169, -0.20984197459151321
1424, -0.024503707885742188, -0.7053604125976562, 1.8313310146331787, 0.02440476417541504, -1.1524884700775146, -0.020464181900024414, 0.9671692657470703, -1.8142714627536147, -5.144570818034144, -4.018591538719547, -0.20983970285508935
1425, -0.02449631690979004, -0.7053899168968201, 1.8313310146331787, 0.0244138240814209, -1.1524977684020996, -0.020455121994018555, 0.9671845245361328, -1.8142752943531655, -5.144574697774582, -4.018589303976967, -0.20984678037704985
1426, -0.02449631690979004, -0.7053530216217041, 1.8313390016555786, 0.02440476417541504, -1.1524791717529297, -0.020445823669433594, 0.9671692657470703, -1.814276924794887, -5.144575008700177, -4.018588435300559, -0.20983575807830945
1427, -0.02448868751525879, -0.7053604125976562, 1.8313310146331787, 0.0244138240814209, -1.1524884700775146, -0.020427703857421875, 0.9671769714355469, -1.8142762800903305, -5.14458096133356, -4.01858571125438, -0.2098405568531314
1428, -0.02449631690979004, -0.7053678035736084, 1.8313310146331787, 0.0244138240814209, -1.1524791717529297, -0.020409345626831055, 0.9671845245361328, -1.8142802678348602, -5.144582363611477, -4.018590113228373, -0.20983759265577362
1429, -0.02448868751525879, -0.7053530216217041, 1.8313310146331787, 0.02440476417541504, -1.1524426937103271, -0.020427703857421875, 0.9671845245361328, -1.814285986861448, -5.144580593144463, -4.018591133326856, -0.2098387176019516
1430, -0.02449631690979004, -0.7053678035736084, 1.8313390016555786, 0.02440476417541504, -1.1525158882141113, -0.020455121994018555, 0.9671845245361328, -1.8142857029624313, -5.144581486395475, -4.018594058961574, -0.20984577409208338
1431, -0.024503707885742188, -0.7053678035736084, 1.8313390016555786, 0.024422883987426758, -1.1524884700775146, -0.020445823669433594, 0.9671845245361328, -1.8142812082821638, -5.14458522616591, -4.018593043244501, -0.20985037770597437
1432, -0.02448868751525879, -0.7053678035736084, 1.8313390016555786, 0.0244138240814209, -1.152461051940918, -0.020445823669433594, 0.967161636352539, -1.8142799828838747, -5.1445816131925906, -4.018589321954687, -0.20984405817558205
1433, -0.02448868751525879, -0.7053751945495605, 1.8313310146331787, 0.024422883987426758, -1.1524791717529297, -0.020409345626831055, 0.9671845245361328, -1.8142797618950968, -5.144586916657644, -4.018586109268232, -0.20983634122669415
1434, -0.02448868751525879, -0.7053604125976562, 1.8313390016555786, 0.0244138240814209, -1.1524791717529297, -0.020436763763427734, 0.9671769714355469, -1.8142842853584256, -5.144584535284371, -4.018588335469053, -0.20983212092629877
1435, -0.024503707885742188, -0.7053604125976562, 1.8313390016555786, 0.02440476417541504, -1.1524884700775146, -0.020445823669433594, 0.9671845245361328, -1.8142903863372368, -5.144584137931306, -4.0185915901395735, -0.2098397082425283
1436, -0.02449631690979004, -0.7053530216217041, 1.831347107887268, 0.02443218231201172, -1.1524701118469238, -0.020464181900024414, 0.9671922302246094, -1.8142972228474346, -5.144580566044768, -4.018596941449228, -0.20982307371668352
1437, -0.024503707885742188, -0.705338180065155, 1.8313390016555786, 0.024422883987426758, -1.1524701118469238, -0.020445823669433594, 0.967161636352539, -1.8142959292368248, -5.144582678254928, -4.0185922725707295, -0.20981109511976115
1438, -0.024503707885742188, -0.7053604125976562, 1.8313390016555786, 0.02440476417541504, -1.1524791717529297, -0.020445823669433594, 0.9671845245361328, -1.8142951507223857, -5.14458775227593, -4.018591124359028, -0.20981184924832785
1439, -0.024503707885742188, -0.7053678035736084, 1.831347107887268, 0.024422883987426758, -1.1525068283081055, -0.020445823669433594, 0.9671845245361328, -1.8142931560604634, -5.144586198437594, -4.018588811311477, -0.20981340039943408
1440, -0.024503707885742188, -0.7053678035736084, 1.8313310146331787, 0.02437734603881836, -1.1524884700775146, -0.020455121994018555, 0.9671922302246094, -1.8142957949259286, -5.144582739319823, -4.018590568825757, -0.20981357137629608
1441, -0.02448868751525879, -0.7053678035736084, 1.831347107887268, 0.02440476417541504, -1.1524701118469238, -0.020427703857421875, 0.9671845245361328, -1.814301311959778, -5.14458068870397, -4.01859060628083, -0.20980623307532742
1442, -0.02449631690979004, -0.705338180065155, 1.8313390016555786, 0.02440476417541504, -1.1524791717529297, -0.020455121994018555, 0.9671769714355469, -1.814313426056356, -5.144579786198122, -4.018598063748734, -0.20981917345131773
1443, -0.02449631690979004, -0.7053530216217041, 1.8313390016555786, 0.0244138240814209, -1.1524884700775146, -0.020418643951416016, 0.9671692657470703, -1.814317147407829, -5.144578048200768, -4.018602126405006, -0.20981793766310286
1444, -0.02449631690979004, -0.705338180065155, 1.831347107887268, 0.02443218231201172, -1.1524791717529297, -0.020445823669433594, 0.9671845245361328, -1.8143081399605365, -5.144577386964337, -4.018594319252392, -0.2098187284711326
1445, -0.024503707885742188, -0.705338180065155, 1.8313390016555786, 0.02443218231201172, -1.152461051940918, -0.020436763763427734, 0.9671845245361328, -1.8143025287152819, -5.144584075447545, -4.0185950838559545, -0.20981247375795054
1446, -0.024503707885742188, -0.7053455710411072, 1.831347107887268, 0.0244138240814209, -1.152461051940918, -0.020427703857421875, 0.9671769714355469, -1.8143037163966, -5.144584252544159, -4.018593707011623, -0.20980063801518156
1447, -0.024503707885742188, -0.7053308486938477, 1.8313549757003784, 0.02440476417541504, -1.1524791717529297, -0.020427703857421875, 0.9671769714355469, -1.8143080067619126, -5.144583090291364, -4.018596888281528, -0.2098095610739561
1448, -0.02448868751525879, -0.7053160667419434, 1.831347107887268, 0.024422883987426758, -1.152461051940918, -0.020455121994018555, 0.9671692657470703, -1.8143116047310195, -5.144579260176915, -4.018600302967135, -0.2098107383340917
1449, -0.02449631690979004, -0.7053160667419434, 1.831347107887268, 0.0244138240814209, -1.1524791717529297, -0.020436763763427734, 0.9671769714355469, -1.8143123664864702, -5.144582651187745, -4.018601795447039, -0.20981835612003685
1450, -0.024510860443115234, -0.7052350044250488, 1.8313310146331787, 0.02440476417541504, -1.1524884700775146, -0.020427703857421875, 0.9671845245361328, -1.8143096718523413, -5.1445843683138595, -4.0185964571067245, -0.2098063181932588
1451, -0.024503707885742188, -0.7051243185997009, 1.8312910795211792, 0.024422883987426758, -1.1524884700775146, -0.020482540130615234, 0.9671845245361328, -1.8143039249017092, -5.144585250466268, -4.018588960786043, -0.20980903879084956
1452, -0.024503707885742188, -0.7049696445465088, 1.8312112092971802, 0.0244138240814209, -1.1525068283081055, -0.020427703857421875, 0.9671845245361328, -1.814309619877518, -5.144585096151206, -4.018586696200802, -0.20982248266923786
1453, -0.02449631690979004, -0.704762876033783, 1.8311551809310913, 0.02443218231201172, -1.1525249481201172, -0.020436763763427734, 0.9671692657470703, -1.8143246819061352, -5.14457953095727, -4.0185857862979, -0.20983489759847718
1454, -0.02449631690979004, -0.7046229839324951, 1.831139326095581, 0.0244138240814209, -1.1525249481201172, -0.020445823669433594, 0.9671845245361328, -1.8143354865144443, -5.144573782753412, -4.01858896494402, -0.20982940403666905
1455, -0.02448868751525879, -0.7044754028320312, 1.831147313117981, 0.02440476417541504, -1.152534008026123, -0.020427703857421875, 0.9671692657470703, -1.8143413740408199, -5.144572908998822, -4.018597955058528, -0.20983499989970245
1456, -0.02449631690979004, -0.7042763233184814, 1.8311952352523804, 0.0244138240814209, -1.1525249481201172, -0.020409345626831055, 0.9671845245361328, -1.814334494881642, -5.144574306291283, -4.018598647882941, -0.2098228378476108
1457, -0.02449631690979004, -0.7040550708770752, 1.8312832117080688, 0.02440476417541504, -1.1525249481201172, -0.020445823669433594, 0.9671769714355469, -1.8143254512837186, -5.144582260871647, -4.0186004543855365, -0.20982712376045765
1458, -0.02449631690979004, -0.7039222121238708, 1.8313151597976685, 0.024395465850830078, -1.152534008026123, -0.020436763763427734, 0.9671845245361328, -1.8143178377091833, -5.144584492498079, -4.018598872270178, -0.2098241822177398
1459, -0.024503707885742188, -0.703472375869751, 1.8312910795211792, 0.0244138240814209, -1.1525616645812988, -0.020436763763427734, 0.9671845245361328, -1.8143377029629755, -5.144582591035013, -4.018620250323704, -0.20981736773796555
1460, -0.02449631690979004, -0.7032217383384705, 1.831299066543579, 0.0244138240814209, -1.1525707244873047, -0.020436763763427734, 0.9671845245361328, -1.8143941053871415, -5.1445702459649745, -4.01869725191832, -0.20981631461846373
1461, -0.02449631690979004, -0.7030224800109863, 1.8312112092971802, 0.02443218231201172, -1.1525888442993164, -0.020455121994018555, 0.9671769714355469, -1.8144301885399519, -5.144562467980426, -4.018761899593744, -0.20983837177661968
1462, -0.02448868751525879, -0.7028014659881592, 1.8311232328414917, 0.024422883987426758, -1.1526527404785156, -0.020427703857421875, 0.9671997833251953, -1.8144247386214403, -5.144555023843435, -4.018804354141528, -0.20983608153089506
1463, -0.02448129653930664, -0.7024104595184326, 1.8310034275054932, 0.0244138240814209, -1.1526069641113281, -0.020436763763427734, 0.9671845245361328, -1.8144094540934266, -5.144543556447568, -4.018838153697653, -0.20984581667276458
1464, -0.024473905563354492, -0.7020270228385925, 1.8309634923934937, 0.0244138240814209, -1.152634620666504, -0.020427703857421875, 0.9671769714355469, -1.8143914360325692, -5.144527259390983, -4.018849338426277, -0.20984010291883948
1465, -0.02448868751525879, -0.7013704776763916, 1.830939531326294, 0.0244138240814209, -1.1526527404785156, -0.020455121994018555, 0.9671769714355469, -1.8143736386146354, -5.14450909106073, -4.018837214585515, -0.2098216438796925
1466, -0.024510860443115234, -0.7008395195007324, 1.8309236764907837, 0.0244138240814209, -1.152707576751709, -0.020445823669433594, 0.9671692657470703, -1.8144176790086628, -5.1444998476488335, -4.0188675587060425, -0.2098172041360451
1467, -0.024503707885742188, -0.7001831531524658, 1.8308995962142944, 0.0244138240814209, -1.153036117553711, -0.020445823669433594, 0.9671922302246094, -1.814449385270722, -5.144493368103752, -4.018875032919636, -0.2097998231716085
1468, -0.024503707885742188, -0.699239194393158, 1.830891728401184, 0.0244138240814209, -1.154451608657837, -0.020427703857421875, 0.9671922302246094, -1.8144914065140132, -5.144495148069568, -4.018876752092401, -0.209801171355962
1469, -0.02449631690979004, -0.6984133720397949, 1.830891728401184, 0.0244138240814209, -1.1559762954711914, -0.020436763763427734, 0.9671845245361328, -1.8144877187601545, -5.1444994633522505, -4.0188647114410685, -0.20980090904514803
1470, -0.02448129653930664, -0.6970415115356445, 1.8307238817214966, 0.0244138240814209, -1.1583046913146973, -0.020400285720825195, 0.9672074890136719, -1.8144580319355237, -5.144494062246469, -4.018850863907247, -0.20980885858533416
1471, -0.02448868751525879, -0.6962523460388184, 1.8305081129074097, 0.0244138240814209, -1.1586973667144775, -0.020436763763427734, 0.9671845245361328, -1.8144412903701381, -5.1444774563373565, -4.018844094225191, -0.2097971672642096
1472, -0.02448129653930664, -0.6954779028892517, 1.8302524089813232, 0.024441242218017578, -1.15873384475708, -0.020409345626831055, 0.9671922302246094, -1.8144381382927952, -5.144470104294193, -4.018853613253156, -0.20977340441757786
1473, -0.024503707885742188, -0.6942317485809326, 1.8298131227493286, 0.024422883987426758, -1.1588068008422852, -0.020427703857421875, 0.9671845245361328, -1.8144465441441358, -5.144465480313256, -4.018885007736776, -0.20975101082965164
1474, -0.02449631690979004, -0.6932802200317383, 1.8295013904571533, 0.02443218231201172, -1.1587977409362793, -0.020418643951416016, 0.9671769714355469, -1.8144515438320128, -5.144462088407114, -4.018903045621287, -0.2097460527703925
1475, -0.02449631690979004, -0.6923436522483826, 1.8291499614715576, 0.02443218231201172, -1.1587977409362793, -0.020409345626831055, 0.9671845245361328, -1.8144417553956473, -5.144472046797136, -4.018903268444906, -0.2097360898085201
1476, -0.02448868751525879, -0.690190315246582, 1.8284069299697876, 0.0244138240814209, -1.158815860748291, -0.020409345626831055, 0.9671922302246094, -1.8143615745623323, -5.144468586848846, -4.01886928156777, -0.20971135725284018
1477, -0.02449631690979004, -0.6887151598930359, 1.8278316259384155, 0.02438640594482422, -1.1588797569274902, -0.020391225814819336, 0.9671845245361328, -1.8143495821763849, -5.1444556038077325, -4.018866977092781, -0.2096964307732634
1478, -0.02449631690979004, -0.6878744959831238, 1.8274880647659302, 0.024422883987426758, -1.1589713096618652, -0.020400285720825195, 0.9671845245361328, -1.8143590057140304, -5.144452094876734, -4.01887679421619, -0.20969119946612302
1479, -0.02449631690979004, -0.68632572889328, 1.8266412019729614, 0.024395465850830078, -1.1589529514312744, -0.020418643951416016, 0.9671845245361328, -1.8143806068492616, -5.144445449199554, -4.018891868438294, -0.2096737443640322
1480, -0.024503707885742188, -0.6846590042114258, 1.8256185054779053, 0.024395465850830078, -1.1590077877044678, -0.020400285720825195, 0.9671922302246094, -1.8143951503991735, -5.144444605317225, -4.018898056492229, -0.20964102559227893
1481, -0.02449631690979004, -0.6833683848381042, 1.8246997594833374, 0.024395465850830078, -1.1590168476104736, -0.020400285720825195, 0.9671922302246094, -1.8143991177808156, -5.144444431438425, -4.01890356639904, -0.20964271963107617
1482, -0.024510860443115234, -0.6816427111625671, 1.823333501815796, 0.024422883987426758, -1.1590352058410645, -0.020409345626831055, 0.9671845245361328, -1.8143701291030025, -5.144439061795384, -4.018891003955381, -0.2096228568997951
1483, -0.024510860443115234, -0.6803151965141296, 1.822175145149231, 0.024422883987426758, -1.1590626239776611, -0.020418643951416016, 0.9671769714355469, -1.8143561196994753, -5.1444314166898035, -4.018888759375536, -0.20961984038535508
1484, -0.024503707885742188, -0.6780583262443542, 1.8200658559799194, 0.02440476417541504, -1.159153699874878, -0.020409345626831055, 0.9671769714355469, -1.814382980231743, -5.144419121382845, -4.018911112652901, -0.20962802653630952
1485, -0.02449631690979004, -0.6771218776702881, 1.8192108869552612, 0.024422883987426758, -1.1593732833862305, -0.020391225814819336, 0.9671692657470703, -1.8143988742664385, -5.144414062385408, -4.018918438870846, -0.2096333656442937
1486, -0.024503707885742188, -0.6751971244812012, 1.8174773454666138, 0.02438640594482422, -1.1612448692321777, -0.020427703857421875, 0.967161636352539, -1.814431505811821, -5.144411077040893, -4.018936355680576, -0.20964011386896875
1487, -0.02448868751525879, -0.6737442016601562, 1.8162308931350708, 0.024441242218017578, -1.1630070209503174, -0.020427703857421875, 0.9671922302246094, -1.8144474170185327, -5.144410873900439, -4.018948453924601, -0.20965182948737304
1488, -0.02449631690979004, -0.6719815731048584, 1.8144413232803345, 0.02438640594482422, -1.163527488708496, -0.020409345626831055, 0.9671922302246094, -1.8144398596128288, -5.144393413799628, -4.018952161022309, -0.2096534634499756
1489, -0.02449631690979004, -0.6706836223602295, 1.8130511045455933, 0.024395465850830078, -1.1634178161621094, -0.020400285720825195, 0.9671922302246094, -1.8144356573670393, -5.144378294378561, -4.0189568365215145, -0.20966973977472847
1490, -0.02448129653930664, -0.6688840389251709, 1.8111416101455688, 0.02440476417541504, -1.1635093688964844, -0.020409345626831055, 0.9671845245361328, -1.8144646872520425, -5.144360870604695, -4.01898016381086, -0.20969661682502228
1491, -0.02448868751525879, -0.6670548915863037, 1.8091522455215454, 0.0244138240814209, -1.1634907722473145, -0.020418643951416016, 0.9671922302246094, -1.8145181929005414, -5.144342860494251, -4.019001953613192, -0.20971970053524824
1492, -0.02448129653930664, -0.6657201647758484, 1.8076741695404053, 0.024422883987426758, -1.1634726524353027, -0.020409345626831055, 0.9671845245361328, -1.8145537595555181, -5.144338047848322, -4.019019980754807, -0.209744867762649
1493, -0.024473905563354492, -0.6630210876464844, 1.8047020435333252, 0.0244138240814209, -1.1634273529052734, -0.020391225814819336, 0.9671845245361328, -1.814598774841766, -5.144331971244044, -4.0190510834102176, -0.20979313562749624
1494, -0.02448868751525879, -0.6617009043693542, 1.8032400608062744, 0.02440476417541504, -1.1634726524353027, -0.020391225814819336, 0.9671769714355469, -1.8146062745096505, -5.144317238309492, -4.0190692417584, -0.20981775857608564
1495, -0.02449631690979004, -0.6599678993225098, 1.8013304471969604, 0.024395465850830078, -1.1633996963500977, -0.020427703857421875, 0.9671922302246094, -1.8146287833490806, -5.1442997525703795, -4.019106694397843, -0.20984719423931786
1496, -0.024503707885742188, -0.6587655544281006, 1.7998603582382202, 0.024422883987426758, -1.1633634567260742, -0.020409345626831055, 0.9671845245361328, -1.8146510302188472, -5.1442813458314305, -4.019143345962264, -0.20985779869589827
1497, -0.024510860443115234, -0.6572909355163574, 1.7977592945098877, 0.02437734603881836, -1.1627330780029297, -0.020400285720825195, 0.9671692657470703, -1.8146960795754619, -5.144253648823189, -4.019206508317381, -0.20988613346992224
1498, -0.02449631690979004, -0.6558157801628113, 1.7955940961837769, 0.02438640594482422, -1.1617746353149414, -0.020391225814819336, 0.9671922302246094, -1.8147473013562072, -5.144234412293173, -4.019272757138406, -0.20990143209091805
1499, -0.02448868751525879, -0.6537360548973083, 1.7918390035629272, 0.02438640594482422, -1.1607701778411865, -0.020400285720825195, 0.9671922302246094, -1.814801673176253, -5.1442156436619175, -4.019394269427426, -0.20994379504990857
1500, -0.02448868751525879, -0.6522905826568604, 1.7891227006912231, 0.02438640594482422, -1.1606512069702148, -0.020400285720825195, 0.9671692657470703, -1.8148390796948317, -5.144206344637263, -4.019473643551592, -0.20997874398081162
1501, -0.02448868751525879, -0.6511991024017334, 1.7869974374771118, 0.0244138240814209, -1.160404920578003, -0.020418643951416016, 0.9671845245361328, -1.8148866951259481, -5.144189383238208, -4.019546150528973, -0.21000341699374125
1502, -0.024473905563354492, -0.6500928401947021, 1.7848002910614014, 0.02440476417541504, -1.159975528717041, -0.020382165908813477, 0.9671922302246094, -1.8149338293665631, -5.1441580625280166, -4.019623706007685, -0.2100238790665836
1503, -0.024466514587402344, -0.6486473083496094, 1.7817164659500122, 0.02438640594482422, -1.1582317352294922, -0.020400285720825195, 0.9671997833251953, -1.81500890152309, -5.144124085933231, -4.019739216567702, -0.2100285006852829
1504, -0.024510860443115234, -0.6477178931236267, 1.7793275117874146, 0.024395465850830078, -1.1558668613433838, -0.020409345626831055, 0.9671845245361328, -1.815053368998169, -5.144103983106712, -4.01982128330985, -0.2100330231301637
1505, -0.024466514587402344, -0.64654541015625, 1.7760517597198486, 0.02438640594482422, -1.1524336338043213, -0.020400285720825195, 0.9671845245361328, -1.8151059082613104, -5.14407766551293, -4.019935955408725, -0.21004100706448625
1506, -0.02448129653930664, -0.6452548503875732, 1.7725523710250854, 0.02437734603881836, -1.1489183902740479, -0.020427703857421875, 0.9671922302246094, -1.8151677253658836, -5.1440709155548845, -4.020065007655699, -0.21005694261054497
1507, -0.024503707885742188, -0.6442222595214844, 1.7698360681533813, 0.02440476417541504, -1.146169900894165, -0.020400285720825195, 0.9671769714355469, -1.8152348153150584, -5.144054891899969, -4.0201725553637395, -0.2100569527953926
1508, -0.02443695068359375, -0.6432120203971863, 1.7670077085494995, 0.02438640594482422, -1.1439509391784668, -0.020409345626831055, 0.9671769714355469, -1.8153010336962019, -5.144037533380007, -4.0202866773231145, -0.21006540672377483
1509, -0.02443695068359375, -0.641700267791748, 1.7630847692489624, 0.024395465850830078, -1.1418509483337402, -0.020391225814819336, 0.9671769714355469, -1.8153803098714092, -5.1440113687132625, -4.0204424467545365, -0.21004339563913987
1510, -0.02448129653930664, -0.6401441097259521, 1.7589143514633179, 0.02437734603881836, -1.1396596431732178, -0.020427703857421875, 0.9671997833251953, -1.8154498588537977, -5.143957646875427, -4.020590764875777, -0.21002657360564392
1511, -0.024415016174316406, -0.6390085220336914, 1.7556706666946411, 0.02440476417541504, -1.1374409198760986, -0.020391225814819336, 0.9671769714355469, -1.8155061661887264, -5.143913480104534, -4.020712550480451, -0.2100070029560186
1512, -0.0244295597076416, -0.6377324461936951, 1.752331018447876, 0.02438640594482422, -1.1356420516967773, -0.020400285720825195, 0.9671769714355469, -1.8155528120208704, -5.143894068188405, -4.020826213134444, -0.2099684669267834
1513, -0.02448129653930664, -0.6360435485839844, 1.7477210760116577, 0.024395465850830078, -1.133842945098877, -0.020400285720825195, 0.9671769714355469, -1.8156359749352617, -5.143892609283848, -4.020970436889309, -0.2099282688661699
1514, -0.02448129653930664, -0.6345980167388916, 1.7441898584365845, 0.02437734603881836, -1.1325650215148926, -0.020400285720825195, 0.9671845245361328, -1.8157088270488508, -5.143880489718294, -4.0210789078753155, -0.20989718267467428
1515, -0.024422407150268555, -0.6326735019683838, 1.7392362356185913, 0.0244138240814209, -1.1296064853668213, -0.020400285720825195, 0.9671922302246094, -1.8158082821593244, -5.14387525794776, -4.02122329573552, -0.20987767371206267
1516, -0.02445197105407715, -0.6311984062194824, 1.7353533506393433, 0.02438640594482422, -1.1266300678253174, -0.020427703857421875, 0.9671845245361328, -1.8158714550518535, -5.1438521066330765, -4.021314286180624, -0.20986050134046064
1517, -0.024422407150268555, -0.6289710998535156, 1.7300244569778442, 0.024395465850830078, -1.123187780380249, -0.020427703857421875, 0.9671845245361328, -1.8159347977687603, -5.143810931216013, -4.02141883746854, -0.2098614361122264
1518, -0.02445197105407715, -0.6265227794647217, 1.7244237661361694, 0.024395465850830078, -1.1191699504852295, -0.020400285720825195, 0.9671922302246094, -1.8160070434913416, -5.143790610013726, -4.021506216398687, -0.20983572096969905
1519, -0.024466514587402344, -0.6239635944366455, 1.718759298324585, 0.02438640594482422, -1.1156272888183594, -0.020391225814819336, 0.9671692657470703, -1.816080740867442, -5.143761465863662, -4.02157276912232, -0.2098143378809194
1520, -0.024466514587402344, -0.6212642192840576, 1.71316659450531, 0.024395465850830078, -1.1126689910888672, -0.020409345626831055, 0.9671769714355469, -1.8161702238536903, -5.143761626756563, -4.021633923487313, -0.20981454913018105
1521, -0.02453303337097168, -0.6192584037780762, 1.7089482545852661, 0.02440476417541504, -1.110276699066162, -0.020409345626831055, 0.9671845245361328, -1.8162339294112548, -5.143754881899135, -4.0216651741369835, -0.20982179877204565
1522, -0.02452564239501953, -0.6174147129058838, 1.704857587814331, 0.02438640594482422, -1.1083042621612549, -0.020391225814819336, 0.9671845245361328, -1.8162903770711654, -5.143741656633716, -4.021687081373503, -0.20981165030892335
1523, -0.024503707885742188, -0.615504264831543, 1.7008068561553955, 0.02438640594482422, -1.1065421104431152, -0.020427703857421875, 0.9671692657470703, -1.8163327054501357, -5.143721307549128, -4.021716583075525, -0.20983333871018583
1524, -0.02452564239501953, -0.6135354042053223, 1.6967800855636597, 0.02437734603881836, -1.1049439907073975, -0.020409345626831055, 0.9671997833251953, -1.8163578146485269, -5.14369916460794, -4.021748143726261, -0.2098535344933854
1525, -0.02448868751525879, -0.6111533641815186, 1.691371202468872, 0.024395465850830078, -1.1022231578826904, -0.020372867584228516, 0.9671769714355469, -1.8163888477511174, -5.143695295642565, -4.021784119042682, -0.20986035792921065
1526, -0.024510860443115234, -0.60935378074646, 1.6873046159744263, 0.02437734603881836, -1.1001958847045898, -0.020409345626831055, 0.9671997833251953, -1.816418262587883, -5.14369601950632, -4.021814105962088, -0.2098720737083033
1527, -0.02453303337097168, -0.6069273948669434, 1.6818238496780396, 0.02440476417541504, -1.0973563194274902, -0.020418643951416016, 0.9671769714355469, -1.816473962316802, -5.143730228258899, -4.021852999997019, -0.20987525627219306
1528, -0.024518251419067383, -0.6050984859466553, 1.6777092218399048, 0.0243682861328125, -1.0947906970977783, -0.020427703857421875, 0.9671997833251953, -1.8165015219979974, -5.143741227331738, -4.021869969804039, -0.20990166268962973
1529, -0.02452564239501953, -0.602428674697876, 1.6720607280731201, 0.024395465850830078, -1.0907728672027588, -0.020418643951416016, 0.9671769714355469, -1.8165136896454284, -5.143716255157733, -4.021875152781691, -0.20992712828624782
1530, -0.024518251419067383, -0.6004302501678467, 1.6677463054656982, 0.02437734603881836, -1.088033676147461, -0.020391225814819336, 0.9671922302246094, -1.8165115625041919, -5.143675897497259, -4.021875582864697, -0.20993810750098518
1531, -0.024540185928344727, -0.596956729888916, 1.6605159044265747, 0.024395465850830078, -1.0831761360168457, -0.020409345626831055, 0.9671845245361328, -1.81653338739864, -5.1436581354458175, -4.021858144106871, -0.2099023562741218
1532, -0.024599313735961914, -0.594721794128418, 1.6560817956924438, 0.0244138240814209, -1.0806927680969238, -0.020409345626831055, 0.9671845245361328, -1.8165634514947466, -5.14366301613046, -4.021848374878359, -0.20990444321774238
1533, -0.024591922760009766, -0.5909311771392822, 1.648827314376831, 0.02437734603881836, -1.0776522159576416, -0.020427703857421875, 0.9671922302246094, -1.8166239926841836, -5.143733678476842, -4.02182268352489, -0.20989975870469557
1534, -0.02457714080810547, -0.5893678665161133, 1.64590322971344, 0.02438640594482422, -1.0761909484863281, -0.020427703857421875, 0.9672074890136719, -1.816635894247363, -5.143749884285116, -4.021796584981368, -0.20991451206343115
1535, -0.024569988250732422, -0.5869710445404053, 1.6414530277252197, 0.02437734603881836, -1.0739450454711914, -0.020427703857421875, 0.9671769714355469, -1.8166400298493643, -5.143736752338301, -4.021749305218697, -0.20993769034067178
1536, -0.02453303337097168, -0.5836892127990723, 1.6356127262115479, 0.024395465850830078, -1.0715618133544922, -0.020400285720825195, 0.9671692657470703, -1.816628183665112, -5.143683971926255, -4.021681482764867, -0.20994806605658667
1537, -0.024614334106445312, -0.5804073810577393, 1.6297643184661865, 0.02438640594482422, -1.0697813034057617, -0.020436763763427734, 0.9671845245361328, -1.8166218856948118, -5.143639474639865, -4.021604428339822, -0.2099169888675707
1538, -0.02466583251953125, -0.5779073238372803, 1.625306248664856, 0.024395465850830078, -1.0675806999206543, -0.020363807678222656, 0.9671922302246094, -1.8166282342972444, -5.143621445352387, -4.021553206501844, -0.2098917315979918
1539, -0.02465081214904785, -0.574559211730957, 1.6192982196807861, 0.02437734603881836, -1.0638554096221924, -0.020409345626831055, 0.9671769714355469, -1.8166714820355114, -5.143665576190899, -4.021493470502544, -0.2098452155360473
1540, -0.02470993995666504, -0.5719704627990723, 1.6147361993789673, 0.024395465850830078, -1.0612623691558838, -0.020409345626831055, 0.9671922302246094, -1.8167023995340936, -5.143727330616909, -4.02144165241989, -0.2098494755509721
1541, -0.02470254898071289, -0.5692934989929199, 1.610126256942749, 0.02438640594482422, -1.0587329864501953, -0.020400285720825195, 0.9671922302246094, -1.8166994344278993, -5.143750107053873, -4.021356062843757, -0.2098675073618388
1542, -0.024636268615722656, -0.5646324157714844, 1.6023443937301636, 0.024395465850830078, -1.053884506225586, -0.020436763763427734, 0.9671845245361328, -1.8166657222002787, -5.1437141153736645, -4.021189146969112, -0.20989053170256433
1543, -0.024658203125, -0.5616602897644043, 1.5976706743240356, 0.02438640594482422, -1.0514647960662842, -0.020400285720825195, 0.9671769714355469, -1.8166244331379424, -5.1436394348572305, -4.021060200717655, -0.20989514150165345
1544, -0.024643659591674805, -0.5586068630218506, 1.5929487943649292, 0.0244138240814209, -1.0493464469909668, -0.020418643951416016, 0.9671692657470703, -1.8165995797578867, -5.1435776220771166, -4.020934228112576, -0.20987180750251166
1545, -0.0246732234954834, -0.5544106960296631, 1.586605191230774, 0.02434992790222168, -1.0467898845672607, -0.020427703857421875, 0.9671845245361328, -1.8166187076840505, -5.143569971867778, -4.020779789236355, -0.20982522767194656
1546, -0.024805784225463867, -0.550029993057251, 1.5802215337753296, 0.02437734603881836, -1.0445070266723633, -0.020418643951416016, 0.9671692657470703, -1.8166634917744071, -5.143654970054265, -4.020613178933845, -0.20979070146222423
1547, -0.024783849716186523, -0.5455682277679443, 1.5737260580062866, 0.02437734603881836, -1.042616844177246, -0.020409345626831055, 0.9671845245361328, -1.8166846766330316, -5.143727722782282, -4.020416574940017, -0.2097765466381265
1548, -0.024768829345703125, -0.5419397354125977, 1.568812608718872, 0.02440476417541504, -1.0407087802886963, -0.020409345626831055, 0.9671997833251953, -1.8166808275766004, -5.143740932575277, -4.020250472723848, -0.20978861255550463
1549, -0.02475428581237793, -0.5384516716003418, 1.5636993646621704, 0.0243682861328125, -1.0388095378875732, -0.020400285720825195, 0.9671997833251953, -1.8166844612495803, -5.143743393028292, -4.020074747839647, -0.20980778640060915
1550, -0.024732112884521484, -0.5337092876434326, 1.5568844079971313, 0.024395465850830078, -1.0360791683197021, -0.020391225814819336, 0.967161636352539, -1.81668738337619, -5.14372928746992, -4.0198178367595645, -0.20979111781022652
1551, -0.024768829345703125, -0.5300147533416748, 1.5517470836639404, 0.02437734603881836, -1.034116268157959, -0.020418643951416016, 0.9671845245361328, -1.8166894124315283, -5.143711993125553, -4.019620091168978, -0.20975967890226865
1552, -0.024776458740234375, -0.5237829685211182, 1.5432542562484741, 0.024395465850830078, -1.0306191444396973, -0.020436763763427734, 0.9671845245361328, -1.8166976917291846, -5.143695609945987, -4.019280890075575, -0.2097173126472569
1553, -0.02479839324951172, -0.5212531089782715, 1.5397149324417114, 0.02435898780822754, -1.0288567543029785, -0.020400285720825195, 0.9671769714355469, -1.8167018201377818, -5.143692791733827, -4.019145804617632, -0.20971399983512917
1554, -0.024813175201416016, -0.5173518657684326, 1.5345298051834106, 0.02438640594482422, -1.026418924331665, -0.020418643951416016, 0.967161636352539, -1.8167087766133219, -5.1436908978464535, -4.018943014131064, -0.2097257104595469
1555, -0.024739503860473633, -0.5107512474060059, 1.5256134271621704, 0.02438640594482422, -1.0226387977600098, -0.020427703857421875, 0.967161636352539, -1.81672361750943, -5.143694956815363, -4.018605304555852, -0.20975210193942218
1556, -0.02474689483642578, -0.5066361427307129, 1.5200687646865845, 0.024395465850830078, -1.0203194618225098, -0.020400285720825195, 0.9671922302246094, -1.8167345199485165, -5.14369450727779, -4.018402271440254, -0.20974309725815754
1557, -0.024805784225463867, -0.502579927444458, 1.514691948890686, 0.024395465850830078, -1.018310785293579, -0.020418643951416016, 0.9671769714355469, -1.8167418784300604, -5.143689016967033, -4.018197242663038, -0.2097330727779605
1558, -0.02479839324951172, -0.4972405433654785, 1.5074774026870728, 0.0243682861328125, -1.016174077987671, -0.020418643951416016, 0.9671997833251953, -1.8167490447417989, -5.143676649233545, -4.017922276851824, -0.20968807037007764
1559, -0.024909019470214844, -0.4918198585510254, 1.5002707242965698, 0.02438640594482422, -1.013681411743164, -0.020409345626831055, 0.9671845245361328, -1.8167651662860895, -5.143676635461645, -4.017649001013592, -0.2096691801166397
1560, -0.024990081787109375, -0.4890100657939911, 1.496651530265808, 0.02437734603881836, -1.0125765800476074, -0.020427703857421875, 0.9671845245361328, -1.8167714496729663, -5.143674645195246, -4.0175123357107205, -0.20965605053444847
1561, -0.024960756301879883, -0.4835968017578125, 1.4895808696746826, 0.024395465850830078, -1.010284662246704, -0.020400285720825195, 0.9671692657470703, -1.816786167990689, -5.143677320520792, -4.017242922859777, -0.20962051231414858
1562, -0.02509331703186035, -0.4779329001903534, 1.4823105335235596, 0.02437734603881836, -1.0086228847503662, -0.020409345626831055, 0.9671769714355469, -1.8168052575402869, -5.1436798736799165, -4.016974565641997, -0.20961786329179244
1563, -0.0251157283782959, -0.47235748171806335, 1.4749761819839478, 0.024395465850830078, -1.0068058967590332, -0.020427703857421875, 0.9672074890136719, -1.8168260181958824, -5.143670475305121, -4.016703072645216, -0.20959873297909581
1564, -0.025130271911621094, -0.4680211544036865, 1.4692715406417847, 0.02437734603881836, -1.0045232772827148, -0.020418643951416016, 0.9671922302246094, -1.8168426146775807, -5.1436583137438, -4.016501615255462, -0.20956587992328135
1565, -0.02532958984375, -0.462268590927124, 1.4617135524749756, 0.024395465850830078, -1.0013182163238525, -0.020427703857421875, 0.9671845245361328, -1.8168628222343064, -5.1436370344669, -4.016230989267294, -0.20955241155801563
1566, -0.0253145694732666, -0.4579174518585205, 1.4559770822525024, 0.02437734603881836, -0.9991178512573242, -0.020436763763427734, 0.9671845245361328, -1.8168802089788123, -5.143624821273883, -4.016034781938592, -0.20953915653868727
1567, -0.025381088256835938, -0.4520249366760254, 1.4482672214508057, 0.02438640594482422, -0.9957120418548584, -0.020409345626831055, 0.9671769714355469, -1.8169042937438666, -5.14361523667331, -4.015775835934823, -0.2095170575913583
1568, -0.025476932525634766, -0.4460732936859131, 1.4404536485671997, 0.0243682861328125, -0.9922330379486084, -0.020418643951416016, 0.9671845245361328, -1.8169342128241197, -5.143608069943426, -4.015516662334076, -0.20953061266084294
1569, -0.02541065216064453, -0.44156739115715027, 1.4347411394119263, 0.02437734603881836, -0.9900782108306885, -0.020418643951416016, 0.9671769714355469, -1.8169581770206804, -5.1436031160884195, -4.015323947064425, -0.20952761302866385
1570, -0.025499343872070312, -0.4356820583343506, 1.4269434213638306, 0.024395465850830078, -0.9872567653656006, -0.020445823669433594, 0.9671769714355469, -1.816993011663817, -5.143589968645268, -4.015062704186725, -0.20952845317488755
1571, -0.025528669357299805, -0.43108007311820984, 1.421071171760559, 0.02435898780822754, -0.9851474761962891, -0.020427703857421875, 0.9671769714355469, -1.8170224760247042, -5.143574860365199, -4.0148688521465585, -0.20952457089283705
1572, -0.025469541549682617, -0.42459747195243835, 1.4130656719207764, 0.02438640594482422, -0.9834127426147461, -0.020418643951416016, 0.967161636352539, -1.817060593529905, -5.143556490834858, -4.0146066863984595, -0.2095385735178601
1573, -0.025543212890625, -0.41771674156188965, 1.4046286344528198, 0.02437734603881836, -0.9824264049530029, -0.020427703857421875, 0.9671845245361328, -1.8171128787896298, -5.143537227820745, -4.014346105243878, -0.20954971168343395
1574, -0.02555084228515625, -0.4143095016479492, 1.4003862142562866, 0.02437734603881836, -0.9818694591522217, -0.020418643951416016, 0.9671922302246094, -1.8171395478184906, -5.143527944338702, -4.01421468437611, -0.20955020301791283
1575, -0.025543212890625, -0.40360116958618164, 1.3871957063674927, 0.02437734603881836, -0.9783451557159424, -0.020427703857421875, 0.9671692657470703, -1.8172393623040972, -5.143506083048623, -4.013827640664812, -0.20950680612732953
1576, -0.02558755874633789, -0.39825439453125, 1.3805404901504517, 0.02438640594482422, -0.9764823913574219, -0.020418643951416016, 0.9671922302246094, -1.8172940488277225, -5.143497132865235, -4.013636932735496, -0.20948296256617205
1577, -0.02555084228515625, -0.3928487300872803, 1.3739330768585205, 0.0243682861328125, -0.9749393463134766, -0.020427703857421875, 0.9671922302246094, -1.8173462287402602, -5.1434899535660845, -4.013449007494559, -0.20945713966534996
1578, -0.02558755874633789, -0.38571715354919434, 1.365216612815857, 0.02437734603881836, -0.972747802734375, -0.020418643951416016, 0.9671769714355469, -1.8174314877077382, -5.143480524293808, -4.013206465498132, -0.20943080547308845
1579, -0.025624513626098633, -0.3821108043193817, 1.3608304262161255, 0.024395465850830078, -0.9711956977844238, -0.020418643951416016, 0.9671922302246094, -1.8174707013617184, -5.143472964597955, -4.013087737272302, -0.20941525571146435
1580, -0.025543212890625, -0.37518569827079773, 1.352145791053772, 0.02437734603881836, -0.9676618576049805, -0.020445823669433594, 0.9671922302246094, -1.8175521189642128, -5.143464305000931, -4.012864616132871, -0.20938442782127087
1581, -0.0255582332611084, -0.3681795299053192, 1.3434531688690186, 0.02437734603881836, -0.9642560482025146, -0.020436763763427734, 0.9671922302246094, -1.8176295645146672, -5.1434555622037195, -4.012657841646029, -0.2093500942464681
1582, -0.025617122650146484, -0.3612692356109619, 1.3348724842071533, 0.02437734603881836, -0.9605855941772461, -0.020427703857421875, 0.9671922302246094, -1.8177001408459006, -5.143449733881336, -4.012466249609902, -0.20934866234519944
1583, -0.025543212890625, -0.35779571533203125, 1.33060622215271, 0.02437734603881836, -0.9586224555969238, -0.020418643951416016, 0.9671692657470703, -1.817737896263432, -5.143447794902332, -4.0123785470419975, -0.20933759467094948
1584, -0.025565624237060547, -0.35090017318725586, 1.3219774961471558, 0.02438640594482422, -0.9556093215942383, -0.020400285720825195, 0.9671540069580078, -1.817813501144369, -5.143444796156698, -4.012218002991294, -0.20930790410409372
1585, -0.02563929557800293, -0.34570813179016113, 1.315466046333313, 0.02438640594482422, -0.9537374973297119, -0.020464181900024414, 0.9671845245361328, -1.8178739153783716, -5.143441217661534, -4.0121080821779245, -0.20929934901050906
1586, -0.025624513626098633, -0.3389231860637665, 1.3067735433578491, 0.024395465850830078, -0.9508612155914307, -0.020418643951416016, 0.9671845245361328, -1.81795660307098, -5.143440820499815, -4.011974741807264, -0.20928101846277603
1587, -0.025653839111328125, -0.3320424556732178, 1.2979052066802979, 0.02437734603881836, -0.9482769966125488, -0.020436763763427734, 0.9671692657470703, -1.8180426107860308, -5.143436813191023, -4.011850536940008, -0.20927563350897493
1588, -0.025705575942993164, -0.3268725574016571, 1.2911460399627686, 0.02437734603881836, -0.9466793537139893, -0.020445823669433594, 0.9671769714355469, -1.8181106917454835, -5.143425922674546, -4.011769613634969, -0.20926007731280105
1589, -0.025705575942993164, -0.3197486400604248, 1.2819980382919312, 0.02437734603881836, -0.94429612159729, -0.020436763763427734, 0.9671845245361328, -1.818197549947886, -5.143410726721974, -4.0116773475057945, -0.2092660183717605
1590, -0.02572774887084961, -0.31453442573547363, 1.2749035358428955, 0.02437734603881836, -0.9416663646697998, -0.020473241806030273, 0.9671845245361328, -1.8182634958932198, -5.14339134336831, -4.011623354376313, -0.2092844170124284
1591, -0.025735139846801758, -0.3076021671295166, 1.2654998302459717, 0.02438640594482422, -0.9381601810455322, -0.020464181900024414, 0.9671769714355469, -1.818360319026342, -5.1433646178920736, -4.011576915690829, -0.20933650033214413
1592, -0.025742530822753906, -0.3023808002471924, 1.258445143699646, 0.02437734603881836, -0.9356856346130371, -0.020445823669433594, 0.9671997833251953, -1.8184333316684507, -5.143334053781424, -4.011553857720452, -0.20935148180424612
1593, -0.0257570743560791, -0.2971370220184326, 1.2512625455856323, 0.02437734603881836, -0.9326269626617432, -0.020455121994018555, 0.9671845245361328, -1.8185277183781063, -5.143307105113619, -4.011538631245344, -0.20936302050311095
1594, -0.025786876678466797, -0.2902195453643799, 1.2415872812271118, 0.02438640594482422, -0.9284176826477051, -0.020455121994018555, 0.9671464538574219, -1.8186798243799775, -5.143265177170362, -4.011520503185785, -0.2094034428152698
1595, -0.02576446533203125, -0.283095121383667, 1.2318801879882812, 0.024395465850830078, -0.9246373176574707, -0.020473241806030273, 0.9671845245361328, -1.8188450425356564, -5.143237683078904, -4.011511561476765, -0.20946330670986768
1596, -0.02577948570251465, -0.2779107093811035, 1.2246177196502686, 0.0243682861328125, -0.9221813678741455, -0.020436763763427734, 0.9671769714355469, -1.8189733085075748, -5.143214372733268, -4.0115060927118655, -0.20949860531422182
1597, -0.025794029235839844, -0.2726449966430664, 1.2173633575439453, 0.02435898780822754, -0.9200446605682373, -0.020464181900024414, 0.9671769714355469, -1.819101828867762, -5.143190640604724, -4.0115070623067774, -0.2095233734242381
1598, -0.025838375091552734, -0.26546192169189453, 1.207711935043335, 0.02437734603881836, -0.9176888465881348, -0.020473241806030273, 0.9671922302246094, -1.8192683426996856, -5.143145674287298, -4.011514805340951, -0.20954831719183975
1599, -0.025845766067504883, -0.2601888179779053, 1.2004413604736328, 0.0243682861328125, -0.9155614376068115, -0.020491600036621094, 0.9671769714355469, -1.8193888609027935, -5.143107491152824, -4.011532369022617, -0.20956665105728067
1600, -0.025867700576782227, -0.25318264961242676, 1.1907103061676025, 0.02438640594482422, -0.9122104644775391, -0.020464181900024414, 0.9671845245361328, -1.8195493972225987, -5.143051266410526, -4.0115585933089575, -0.20958549443480834
1601, -0.025875091552734375, -0.2479684203863144, 1.1834716796875, 0.0243682861328125, -0.909818172454834, -0.020482540130615234, 0.9671997833251953, -1.8196754903077557, -5.1430074154639955, -4.011598168132766, -0.20960147651381522
1602, -0.025890111923217773, -0.24119091033935547, 1.1739323139190674, 0.024395465850830078, -0.906257152557373, -0.020473241806030273, 0.9671769714355469, -1.819847494724208, -5.142962383161392, -4.011667301580591, -0.20961886896860538
1603, -0.025919437408447266, -0.23599910736083984, 1.1666619777679443, 0.0243682861328125, -0.902951717376709, -0.020482540130615234, 0.9671922302246094, -1.8199742948842808, -5.14293225299256, -4.011728302475119, -0.20962895158271433
1604, -0.025838375091552734, -0.2291700839996338, 1.1570744514465332, 0.024395465850830078, -0.8981945514678955, -0.020464181900024414, 0.9671997833251953, -1.820144205602764, -5.142903017792987, -4.01182603530805, -0.20964626948965925
1605, -0.02586054801940918, -0.224029541015625, 1.1497561931610107, 0.02435898780822754, -0.8947064876556396, -0.020519018173217773, 0.967161636352539, -1.8202682169342368, -5.142881111800577, -4.011906639030819, -0.2096455243341051
1606, -0.025867700576782227, -0.2156076282262802, 1.1377558708190918, 0.02438640594482422, -0.8898489475250244, -0.020491600036621094, 0.9671845245361328, -1.8204650433657346, -5.1428379152022545, -4.012046159048275, -0.2096324521322641
1607, -0.02586054801940918, -0.21068835258483887, 1.1305813789367676, 0.024395465850830078, -0.8876850605010986, -0.020509958267211914, 0.9671997833251953, -1.8205762279397004, -5.1428120734059695, -4.012142972094076, -0.20961970723297085
1608, -0.025912046432495117, -0.20556282997131348, 1.1233270168304443, 0.02438640594482422, -0.8850917816162109, -0.020482540130615234, 0.967161636352539, -1.8206821808251035, -5.142780782943207, -4.012244482850915, -0.20959439256920476
1609, -0.025882720947265625, -0.1988222599029541, 1.1136279106140137, 0.0243682861328125, -0.8820512294769287, -0.020509958267211914, 0.9672150421142578, -1.820799240795473, -5.142747775334171, -4.012390936125508, -0.2095609127989908
1610, -0.02590465545654297, -0.19403576850891113, 1.1065092086791992, 0.024422883987426758, -0.8792479038238525, -0.020519018173217773, 0.9671845245361328, -1.8208964284598494, -5.1427216070073305, -4.0125137249354115, -0.20953428736801172
1611, -0.025956392288208008, -0.18947075307369232, 1.0995182991027832, 0.0244138240814209, -0.8755135536193848, -0.020528316497802734, 0.9671922302246094, -1.8209809816432907, -5.142701271527793, -4.012654682736718, -0.20951477063157853
1612, -0.025971174240112305, -0.1838364452123642, 1.0906100273132324, 0.024441242218017578, -0.8708112239837646, -0.020537376403808594, 0.9671845245361328, -1.821089390265103, -5.142676570497653, -4.012857590389359, -0.20947404235375622
1613, -0.0259857177734375, -0.17972135543823242, 1.0839629173278809, 0.02440476417541504, -0.8666930198669434, -0.020546436309814453, 0.9671845245361328, -1.8211699904645982, -5.142663832836718, -4.013016677979335, -0.20945645241204236
1614, -0.026059627532958984, -0.17423413693904877, 1.0750465393066406, 0.024422883987426758, -0.8616070747375488, -0.020528316497802734, 0.9671464538574219, -1.8212770990827463, -5.142652117584051, -4.013232490529238, -0.20945916567152167
1615, -0.026022672653198242, -0.16857028007507324, 1.065866470336914, 0.0244138240814209, -0.8569414615631104, -0.020555734634399414, 0.967161636352539, -1.8213708193602303, -5.14264211613994, -4.01343970194369, -0.20944994300239106
1616, -0.026022672653198242, -0.16414523124694824, 1.0588757991790771, 0.024395465850830078, -0.8541655540466309, -0.020564794540405273, 0.9671845245361328, -1.8214353089796171, -5.142631257430043, -4.0135835156656166, -0.2094318901842156
1617, -0.026118755340576172, -0.15826773643493652, 1.0492324829101562, 0.0244138240814209, -0.8505406379699707, -0.020573854446411133, 0.9671922302246094, -1.8215178224057127, -5.142615778594213, -4.013763272026424, -0.20938302978688927
1618, -0.026118755340576172, -0.15255212783813477, 1.0396051406860352, 0.0244138240814209, -0.8466053009033203, -0.020564794540405273, 0.9672074890136719, -1.821595074398442, -5.142606118205138, -4.013934253898277, -0.20937348150364699
1619, -0.026140689849853516, -0.14719033241271973, 1.0300498008728027, 0.0244138240814209, -0.8418755531311035, -0.020592212677001953, 0.9671997833251953, -1.8216861336522399, -5.142590660289272, -4.014108476614423, -0.2093797496227312
1620, -0.02617025375366211, -0.14328908920288086, 1.023042917251587, 0.024395465850830078, -0.8377575874328613, -0.020592212677001953, 0.9671845245361328, -1.8217490952284476, -5.142580423884197, -4.014241786718111, -0.20939640317183805
1621, -0.0261995792388916, -0.13948392868041992, 1.0160760879516602, 0.024422883987426758, -0.8333382606506348, -0.020628690719604492, 0.9671845245361328, -1.8218097955334294, -5.142571231968851, -4.014376501149948, -0.209411013754619
1622, -0.026236534118652344, -0.13463091850280762, 1.006920337677002, 0.024422883987426758, -0.8279600143432617, -0.020592212677001953, 0.9671769714355469, -1.8218827099326393, -5.14256213879083, -4.014559758773459, -0.20942413314661312
1623, -0.026229381561279297, -0.1296677589416504, 0.997692346572876, 0.02440476417541504, -0.82338547706604, -0.020628690719604492, 0.9671692657470703, -1.8219474084170328, -5.142557319581333, -4.014731518221145, -0.20945835118255296
1624, -0.02620697021484375, -0.1258695125579834, 0.9906456470489502, 0.0244138240814209, -0.8206098079681396, -0.02064681053161621, 0.9671845245361328, -1.8219897923848567, -5.142554026097697, -4.01485413924444, -0.20947786237359534
1625, -0.026236534118652344, -0.12071465700864792, 0.9809942245483398, 0.02443218231201172, -0.8165099620819092, -0.02064681053161621, 0.9671845245361328, -1.8220496688244519, -5.142544815948159, -4.014997549577553, -0.20950046485574614
1626, -0.02622199058532715, -0.11673950403928757, 0.9736599922180176, 0.02440476417541504, -0.8133325576782227, -0.020628690719604492, 0.9671769714355469, -1.8220979180569299, -5.142537456512103, -4.015096348057665, -0.2095300082748901
1627, -0.02625131607055664, -0.11160659790039062, 0.9638009071350098, 0.0244138240814209, -0.808009147644043, -0.02066516876220703, 0.9671769714355469, -1.822164719732477, -5.142525073096243, -4.015226232584666, -0.2095690560900989
1628, -0.02625131607055664, -0.10780834406614304, 0.9564187526702881, 0.02440476417541504, -0.8040280342102051, -0.02066516876220703, 0.9671845245361328, -1.8222127095112648, -5.142509520951605, -4.015317754026534, -0.20958931632530398
1629, -0.026310205459594727, -0.10278606414794922, 0.9466714859008789, 0.024441242218017578, -0.7983031272888184, -0.02071976661682129, 0.9671922302246094, -1.8222679231383738, -5.14249416646676, -4.015444797060093, -0.20960477563185442
1630, -0.026317596435546875, -0.09911346435546875, 0.9394409656524658, 0.02443218231201172, -0.7945504188537598, -0.02071070671081543, 0.9671769714355469, -1.8223079020499242, -5.142485359819114, -4.015541966524351, -0.20960698020675572
1631, -0.026354551315307617, -0.09408354759216309, 0.929757833480835, 0.024422883987426758, -0.7898845672607422, -0.02082037925720215, 0.9671845245361328, -1.8223531507807076, -5.142479667093182, -4.015672987888656, -0.20962786665392574
1632, -0.026332616806030273, -0.09024882316589355, 0.9224233627319336, 0.02443218231201172, -0.7870357036590576, -0.020802021026611328, 0.9671922302246094, -1.822381838898177, -5.142475427323828, -4.01576520803959, -0.20965290645645407
1633, -0.026354551315307617, -0.08639907836914062, 0.9150171279907227, 0.02443218231201172, -0.7838125228881836, -0.02083873748779297, 0.9672150421142578, -1.822403062723461, -5.142467100391329, -4.015848997654592, -0.20967310470119394
1634, -0.026413679122924805, -0.0796658992767334, 0.9022819995880127, 0.024422883987426758, -0.7767636775970459, -0.02086615562438965, 0.9671845245361328, -1.8224643844570154, -5.1424360009564545, -4.015980001587496, -0.20966338615388658
1635, -0.0264432430267334, -0.07567596435546875, 0.8946280479431152, 0.024441242218017578, -0.77203369140625, -0.02086615562438965, 0.9671692657470703, -1.8225003658096455, -5.142417445966808, -4.01605008135503, -0.20963415281410036
1636, -0.026487350463867188, -0.07179665565490723, 0.8870060443878174, 0.024468660354614258, -0.7674682140350342, -0.020948171615600586, 0.9671845245361328, -1.8225340574090247, -5.142406978297608, -4.0161197838159906, -0.20961607269861116
1637, -0.026494979858398438, -0.0665903091430664, 0.8770990371704102, 0.024450302124023438, -0.7622272968292236, -0.021012067794799805, 0.9671845245361328, -1.8225876434491242, -5.142401177402299, -4.016211918870339, -0.20961290226752638
1638, -0.026457786560058594, -0.06281423568725586, 0.8696370124816895, 0.024450302124023438, -0.7586569786071777, -0.021112680435180664, 0.9671692657470703, -1.8226256622604562, -5.142402283584951, -4.016277005247839, -0.20959601560543106
1639, -0.026494979858398438, -0.05751156434416771, 0.8595302104949951, 0.024477720260620117, -0.7542650699615479, -0.021167278289794922, 0.9671845245361328, -1.8226699868639322, -5.142400597808859, -4.016362953549626, -0.20956140214954289
1640, -0.026494979858398438, -0.05358076095581055, 0.8517246246337891, 0.024477720260620117, -0.7503023147583008, -0.02122211456298828, 0.9671922302246094, -1.8227056941598554, -5.142394585083511, -4.016419592779623, -0.20953419547528984
1641, -0.026583194732666016, -0.04804229736328125, 0.8412184715270996, 0.024487018585205078, -0.7447233200073242, -0.02130413055419922, 0.9672074890136719, -1.8227467970936335, -5.1423753977340825, -4.0164973613680335, -0.20945867553095798
1642, -0.026627540588378906, -0.044045209884643555, 0.8333327770233154, 0.0245053768157959, -0.7400302886962891, -0.02139568328857422, 0.9671997833251953, -1.822778792512108, -5.142362494909043, -4.016551631129448, -0.2094073547961237
1643, -0.0266420841217041, -0.038823604583740234, 0.8229782581329346, 0.024523496627807617, -0.7340312004089355, -0.021559953689575195, 0.9671692657470703, -1.8228272407563746, -5.142358664457589, -4.016612477725035, -0.20939329030526022
1644, -0.02656841278076172, -0.03368330001831055, 0.8127598762512207, 0.024523496627807617, -0.7289178371429443, -0.021605491638183594, 0.9671922302246094, -1.822879512387091, -5.142367189784669, -4.016673359457319, -0.20942016744287795
1645, -0.026575803756713867, -0.02973771095275879, 0.8049860000610352, 0.024550914764404297, -0.7254390716552734, -0.021605491638183594, 0.9671845245361328, -1.8229196164251356, -5.142369647744187, -4.01671085750153, -0.20941841736046207
1646, -0.026597976684570312, -0.024442434310913086, 0.7945036888122559, 0.024578332901000977, -0.7205815315246582, -0.021623849868774414, 0.9672150421142578, -1.8229763688510765, -5.142363231827673, -4.016745756220778, -0.20939532212146972
1647, -0.0266420841217041, -0.02027583122253418, 0.7864584922790527, 0.024632930755615234, -0.7165365219116211, -0.021669626235961914, 0.9671997833251953, -1.8230151738705043, -5.142351715339273, -4.0167658524652925, -0.20937340542159522
1648, -0.0266568660736084, -0.016138315200805664, 0.7784209251403809, 0.024623870849609375, -0.711824893951416, -0.021678686141967773, 0.9671845245361328, -1.823052869289009, -5.1423374313146235, -4.016791297207493, -0.20936065589656305
1649, -0.026679039001464844, -0.010776758193969727, 0.7677469253540039, 0.024687767028808594, -0.7051961421966553, -0.021687746047973633, 0.9671692657470703, -1.8231059667209568, -5.142319655546224, -4.016822306412988, -0.2093741919596912
1650, -0.026708602905273438, -0.0055997371673583984, 0.7574324607849121, 0.024705886840820312, -0.6995987892150879, -0.021715164184570312, 0.9671845245361328, -1.8231599375335459, -5.142306772525221, -4.016846163804121, -0.2093863177466968
1651, -0.026686429977416992, -0.0005552768707275391, 0.7473099231719971, 0.024715185165405273, -0.695042610168457, -0.021770000457763672, 0.9671769714355469, -1.8232187677955696, -5.142311804336293, -4.01686089464464, -0.20943222392995953
1652, -0.026671886444091797, 0.003287076950073242, 0.7396960258483887, 0.024797439575195312, -0.6916458606719971, -0.02175164222717285, 0.9671922302246094, -1.8232658686209255, -5.142317212592919, -4.016864585866775, -0.2094741185895561
1653, -0.02666449546813965, 0.0070264339447021484, 0.73213791847229, 0.024806499481201172, -0.6880848407745361, -0.02182459831237793, 0.9671845245361328, -1.8233070613208548, -5.142318878323297, -4.016861750055468, -0.20950033708991267
1654, -0.02664947509765625, 0.010905265808105469, 0.7245957851409912, 0.02484297752380371, -0.6838665008544922, -0.02186131477355957, 0.9671769714355469, -1.8233450125346409, -5.142316792960222, -4.016848312948521, -0.2095307893549192
1655, -0.02669382095336914, 0.016104698181152344, 0.7146248817443848, 0.02487039566040039, -0.6777396202087402, -0.021961688995361328, 0.9671845245361328, -1.823392038492195, -5.142302739663851, -4.016824761179904, -0.20953045721143848
1656, -0.026752710342407227, 0.02089834213256836, 0.7050933837890625, 0.02490687370300293, -0.6720328330993652, -0.021989107131958008, 0.9671845245361328, -1.8234329685681065, -5.142284322834569, -4.01679969550956, -0.20953117963213863
1657, -0.026819229125976562, 0.02492523193359375, 0.6968564987182617, 0.02491617202758789, -0.6680152416229248, -0.02198004722595215, 0.9671769714355469, -1.8234689290215025, -5.142260912068036, -4.016788621623264, -0.2095154092010283
1658, -0.026826858520507812, 0.027277708053588867, 0.6919028759002686, 0.02493429183959961, -0.6658878326416016, -0.021989107131958008, 0.9671769714355469, -1.8234951622455535, -5.142250402599292, -4.016788342879067, -0.2095090187871902
1659, -0.026841402053833008, 0.02895188331604004, 0.6880838871002197, 0.02491617202758789, -0.6645636558532715, -0.021998167037963867, 0.9671692657470703, -1.8235245564599762, -5.142250377335813, -4.016794859179325, -0.2095311125928081
1660, -0.026804447174072266, 0.030699729919433594, 0.6835858821868896, 0.02493429183959961, -0.6621716022491455, -0.022016525268554688, 0.9671692657470703, -1.823565210076898, -5.142256494440042, -4.016822713020311, -0.2095569292413284
1661, -0.026819229125976562, 0.03137087821960449, 0.681732177734375, 0.02493429183959961, -0.6607654094696045, -0.022025585174560547, 0.9671922302246094, -1.823588276006309, -5.1422590491992795, -4.0168367550281365, -0.20956119806598217
1662, -0.026826858520507812, 0.03165841102600098, 0.680701732635498, 0.02495265007019043, -0.6595418453216553, -0.021989107131958008, 0.9671922302246094, -1.823604627368321, -5.142263407154312, -4.016843842980838, -0.20957272390934367
1663, -0.026826858520507812, 0.03200507164001465, 0.6788082122802734, 0.02494335174560547, -0.656090259552002, -0.021998167037963867, 0.9671845245361328, -1.823654927075996, -5.142261033193883, -4.0168456319125205, -0.20954522014789045
1664, -0.02683401107788086, 0.03199028968811035, 0.678464412689209, 0.02494335174560547, -0.6551954746246338, -0.022016525268554688, 0.9671845245361328, -1.8236702348279874, -5.1422624526865715, -4.016841391901945, -0.20954047944389398
1665, -0.02686333656311035, 0.03187966346740723, 0.6778733730316162, 0.02494335174560547, -0.65352463722229, -0.022007465362548828, 0.9671769714355469, -1.8237054360908935, -5.1422650197060715, -4.016830497888047, -0.20952906369995894
1666, -0.0268707275390625, 0.0317838191986084, 0.6774179935455322, 0.02494335174560547, -0.6526753902435303, -0.021998167037963867, 0.9671922302246094, -1.8237350553350378, -5.142264610256316, -4.016820704590462, -0.20951304605199983
1667, -0.026893138885498047, 0.03173208236694336, 0.6768906116485596, 0.02494335174560547, -0.6514701843261719, -0.022016525268554688, 0.9671845245361328, -1.8237695168403976, -5.142264564138363, -4.016817718140473, -0.20949854779603072
1668, -0.026900291442871094, 0.03147411346435547, 0.6761956214904785, 0.02495265007019043, -0.6495983600616455, -0.022007465362548828, 0.9671845245361328, -1.8238278020616308, -5.142259728093764, -4.016819238528188, -0.20947259241795813
1669, -0.026929855346679688, 0.031223297119140625, 0.6760118007659912, 0.02492523193359375, -0.6490597724914551, -0.022016525268554688, 0.9671845245361328, -1.8238599321034044, -5.1422584653621, -4.016822823790975, -0.20947127041288294
1670, -0.026929855346679688, 0.030920982360839844, 0.6756443977355957, 0.02494335174560547, -0.6483199596405029, -0.022007465362548828, 0.9671922302246094, -1.8238992725279588, -5.1422504190890725, -4.01682050097492, -0.20948003435333717
1671, -0.02692246437072754, 0.030862092971801758, 0.6749892234802246, 0.02494335174560547, -0.6471331119537354, -0.021998167037963867, 0.9671845245361328, -1.8239426883764085, -5.142244575413194, -4.016807692705844, -0.2094846332247089
1672, -0.026944637298583984, 0.030788183212280273, 0.6746695041656494, 0.02493429183959961, -0.6465394496917725, -0.022016525268554688, 0.9671845245361328, -1.8239641819151389, -5.1422399168383714, -4.016790791204252, -0.20948760190868665
1673, -0.026973962783813477, 0.030515193939208984, 0.6745495796203613, 0.02495265007019043, -0.6459915637969971, -0.021998167037963867, 0.9671845245361328, -1.8240138554309353, -5.142230050145011, -4.016772818099909, -0.20948134656324324
1674, -0.026973962783813477, 0.030264616012573242, 0.6744699478149414, 0.02495265007019043, -0.64542555809021, -0.022007465362548828, 0.9671997833251953, -1.8240469023585355, -5.14222062555572, -4.016760384337354, -0.20946987934643335
1675, -0.026996374130249023, 0.030035972595214844, 0.6742861270904541, 0.02493429183959961, -0.6450057029724121, -0.022007465362548828, 0.9671845245361328, -1.8240953779645634, -5.142213135141598, -4.0167503026469955, -0.20949774810638733
1676, -0.027025699615478516, 0.029851436614990234, 0.6741182804107666, 0.02494335174560547, -0.6449141502380371, -0.021989107131958008, 0.9671922302246094, -1.8241305999730701, -5.1422076288825265, -4.01675126121961, -0.20950665787017186
1677, -0.02705526351928711, 0.029586076736450195, 0.6739184856414795, 0.02496170997619629, -0.6447408199310303, -0.021989107131958008, 0.9671845245361328, -1.8241793599497103, -5.142196317307654, -4.016760924560819, -0.20950767808349458
1678, -0.02709197998046875, 0.02925419807434082, 0.6738386154174805, 0.02493429183959961, -0.6443297863006592, -0.021998167037963867, 0.9671997833251953, -1.8242293744438822, -5.142186026611358, -4.016773304049368, -0.2095119984085665
1679, -0.0270993709564209, 0.028922319412231445, 0.673790693283081, 0.02494335174560547, -0.6436541080474854, -0.022007465362548828, 0.9671922302246094, -1.8242637724624782, -5.142179648873615, -4.0167821099772505, -0.20952561921183221
1680, -0.027121543884277344, 0.028656959533691406, 0.6737027168273926, 0.02493429183959961, -0.6424031257629395, -0.021989107131958008, 0.9671922302246094, -1.8242988473483264, -5.1421717208082915, -4.0167915404577, -0.20952663942523575
1681, -0.027158260345458984, 0.028310298919677734, 0.6736149787902832, 0.02491617202758789, -0.6409604549407959, -0.021998167037963867, 0.9671845245361328, -1.824349584728592, -5.142164291502372, -4.0167997218702, -0.20953876578151576
1682, -0.027202606201171875, 0.027897119522094727, 0.673630952835083, 0.02491617202758789, -0.6401479244232178, -0.022016525268554688, 0.9671845245361328, -1.8244077039376916, -5.142154557538232, -4.016804937388757, -0.20954111977709555
1683, -0.027217626571655273, 0.027764558792114258, 0.6736230850219727, 0.02491617202758789, -0.6399471759796143, -0.022007465362548828, 0.9671845245361328, -1.8244333244085287, -5.142150716875481, -4.016808146665659, -0.2095338745445705
1684, -0.027246952056884766, 0.027410268783569336, 0.6735830307006836, 0.02493429183959961, -0.639472246170044, -0.022025585174560547, 0.9671922302246094, -1.8245014701120983, -5.142145558749684, -4.0168140451681715, -0.20954455091246071
1685, -0.027254343032836914, 0.02721881866455078, 0.673590898513794, 0.02493429183959961, -0.6391253471374512, -0.022007465362548828, 0.9671922302246094, -1.8245278754979637, -5.142146380549752, -4.016818726162899, -0.20954984934172138
1686, -0.02726888656616211, 0.02699756622314453, 0.6734631061553955, 0.02494335174560547, -0.6383309364318848, -0.022025585174560547, 0.9671845245361328, -1.824579466033955, -5.142140695040293, -4.016829077544116, -0.20953766135504992
1687, -0.027313232421875, 0.02690887451171875, 0.6729836463928223, 0.02490687370300293, -0.6373996734619141, -0.022016525268554688, 0.9671845245361328, -1.8246358226379438, -5.142133499791244, -4.016836955212116, -0.2095182897689245
1688, -0.027335643768310547, 0.026938438415527344, 0.6723525524139404, 0.02491617202758789, -0.6365959644317627, -0.021998167037963867, 0.9671540069580078, -1.8246796443882076, -5.142131590459158, -4.016837590171363, -0.2095272096387264
1689, -0.027335643768310547, 0.027115345001220703, 0.6713619232177734, 0.02491617202758789, -0.6359570026397705, -0.022007465362548828, 0.9671922302246094, -1.8247367725017276, -5.142122113162515, -4.016839508781846, -0.20951111863724137
1690, -0.02736496925354004, 0.02727031707763672, 0.6705629825592041, 0.02493429183959961, -0.6355917453765869, -0.022007465362548828, 0.9671997833251953, -1.824777386652431, -5.142118383926526, -4.016846637862034, -0.20950344127710174
1691, -0.027394533157348633, 0.02752852439880371, 0.6689651012420654, 0.02492523193359375, -0.6337745189666748, -0.021998167037963867, 0.9672074890136719, -1.8248422394518649, -5.1421147380773515, -4.016865358213943, -0.20948793835639012
1692, -0.027423858642578125, 0.0278012752532959, 0.6670794486999512, 0.02492523193359375, -0.6308252811431885, -0.022007465362548828, 0.9671692657470703, -1.8249051964705212, -5.142114024096984, -4.016876378570174, -0.2094879804600014
1693, -0.027446269989013672, 0.027875185012817383, 0.6661286354064941, 0.02491617202758789, -0.6296839714050293, -0.021989107131958008, 0.9671922302246094, -1.8249462723856362, -5.142115432710075, -4.016882086826404, -0.20949320244026737
1694, -0.027468204498291016, 0.0277864933013916, 0.6654655933380127, 0.02492523193359375, -0.6289169788360596, -0.02198004722595215, 0.9671845245361328, -1.8249818821864792, -5.142115190145822, -4.016885928880303, -0.20949096464461103
1695, -0.02749776840209961, 0.027594804763793945, 0.6653218269348145, 0.02493429183959961, -0.6286978721618652, -0.022007465362548828, 0.9671845245361328, -1.8250224868483733, -5.14211346190146, -4.0168904961648435, -0.20949035938689864
1696, -0.0275270938873291, 0.02735137939453125, 0.6650502681732178, 0.02489781379699707, -0.6284329891204834, -0.021998167037963867, 0.9671845245361328, -1.8250699606441856, -5.142109695547648, -4.016890017365633, -0.2094861522235485
1697, -0.02754950523376465, 0.027285099029541016, 0.6647067070007324, 0.02493429183959961, -0.6282138824462891, -0.022007465362548828, 0.9671845245361328, -1.8251070241831635, -5.142107779513001, -4.01688620622144, -0.209496625822009
1698, -0.027556896209716797, 0.027233362197875977, 0.6642272472381592, 0.02492523193359375, -0.6280767917633057, -0.022007465362548828, 0.9671922302246094, -1.8251572237008484, -5.142100404263966, -4.016876426413963, -0.2095024382388777
1699, -0.027608394622802734, 0.027115345001220703, 0.6637797355651855, 0.02492523193359375, -0.627976655960083, -0.022025585174560547, 0.9671922302246094, -1.8252206250116985, -5.142095730055601, -4.016887579048143, -0.20951017016867102
1700, -0.027615785598754883, 0.02699756622314453, 0.6634683609008789, 0.02491617202758789, -0.6278853416442871, -0.021989107131958008, 0.9671769714355469, -1.8252702629126434, -5.142095584308344, -4.016902402396751, -0.2095250061944478
1701, -0.02763056755065918, 0.026945829391479492, 0.6631808280944824, 0.02492523193359375, -0.6278486251831055, -0.021998167037963867, 0.9671845245361328, -1.8253068658470326, -5.142094553597902, -4.016915430280805, -0.2095332147129172
1702, -0.027652502059936523, 0.02690887451171875, 0.6629250049591064, 0.02489781379699707, -0.6277573108673096, -0.022007465362548828, 0.9671922302246094, -1.8253448611214274, -5.142091701736013, -4.0169296393848954, -0.20953157206792206
1703, -0.02767467498779297, 0.026879549026489258, 0.6626372337341309, 0.02492523193359375, -0.6277117729187012, -0.021998167037963867, 0.9671845245361328, -1.8253966356254137, -5.1420869740174595, -4.016938715703928, -0.20953511940808855
1704, -0.027689456939697266, 0.026879549026489258, 0.6625094413757324, 0.02493429183959961, -0.6276934146881104, -0.022007465362548828, 0.9671922302246094, -1.825423039134876, -5.142085331091021, -4.0169404888034315, -0.20953858018270033
1705, -0.02771139144897461, 0.02685713768005371, 0.6623497009277344, 0.02491617202758789, -0.6275472640991211, -0.021989107131958008, 0.9671769714355469, -1.8254851064367605, -5.14207661196857, -4.016942392449547, -0.20954780891492408
1706, -0.02771902084350586, 0.026894092559814453, 0.6622219085693359, 0.02490687370300293, -0.6274194717407227, -0.022007465362548828, 0.9671845245361328, -1.8255239081549448, -5.142069712297786, -4.016940398048126, -0.20954655158484492
1707, -0.027733802795410156, 0.026886940002441406, 0.6621260643005371, 0.02491617202758789, -0.6273283958435059, -0.021998167037963867, 0.9671769714355469, -1.825337454716365, -5.142096783205822, -4.01691483534017, -0.20954399246525313
1708, -0.027733802795410156, 0.02686476707458496, 0.6620941162109375, 0.02491617202758789, -0.6272642612457275, -0.021998167037963867, 0.9671845245361328, -1.8253317631161128, -5.1420969557868395, -4.016920051762488, -0.20953447980342776
1709, -0.027733802795410156, 0.02682042121887207, 0.6620540618896484, 0.02493429183959961, -0.627227783203125, -0.021998167037963867, 0.9671922302246094, -1.825370400312825, -5.142097013676407, -4.016933132365962, -0.20953731579371215
1710, -0.027741193771362305, 0.026842594146728516, 0.6620142459869385, 0.02492523193359375, -0.6272003650665283, -0.022016525268554688, 0.9671845245361328, -1.8254011527435126, -5.142087729803355, -4.016936526222269, -0.20953662161589648
1711, -0.02774834632873535, 0.026835203170776367, 0.6619503498077393, 0.02491617202758789, -0.6271183490753174, -0.022007465362548828, 0.9671922302246094, -1.8254556422302206, -5.142078820462502, -4.016938540293705, -0.20953178495186986
1712, -0.02774834632873535, 0.02685713768005371, 0.6619422435760498, 0.02490687370300293, -0.6271090507507324, -0.02198004722595215, 0.9671922302246094, -1.8254377534404946, -5.142082472801643, -4.016934803778177, -0.2095269061818401
1713, -0.02774834632873535, 0.02682781219482422, 0.6619422435760498, 0.02489781379699707, -0.6270270347595215, -0.022034883499145508, 0.9671997833251953, -1.8253506256436298, -5.142092251239079, -4.016922276733216, -0.2095316539268861
1714, -0.02776312828063965, 0.026842594146728516, 0.66192626953125, 0.02490687370300293, -0.6269903182983398, -0.022016525268554688, 0.9671845245361328, -1.825332318595036, -5.142089256468946, -4.016923310028946, -0.2095370069307938
1715, -0.0277557373046875, 0.02685713768005371, 0.66192626953125, 0.02491617202758789, -0.6269354820251465, -0.021998167037963867, 0.9671845245361328, -1.825381637297741, -5.142078501690382, -4.016939518936311, -0.20952343058692513
1716, -0.02776312828063965, 0.02682781219482422, 0.6619184017181396, 0.02493429183959961, -0.626899003982544, -0.021998167037963867, 0.9671845245361328, -1.8254229874458208, -5.142068875834162, -4.016949811320724, -0.20952034266118424
1717, -0.02776312828063965, 0.026842594146728516, 0.6618704795837402, 0.02490687370300293, -0.6267714500427246, -0.022025585174560547, 0.9671845245361328, -1.8254811136477136, -5.142047987089211, -4.016960610407337, -0.2094831016920331
1718, -0.0277557373046875, 0.02682781219482422, 0.6617903709411621, 0.02491617202758789, -0.6266434192657471, -0.021998167037963867, 0.9671845245361328, -1.8253994767555901, -5.142052371504006, -4.016949810194462, -0.20948196292018917
1719, -0.02776312828063965, 0.026835203170776367, 0.6617426872253418, 0.02490687370300293, -0.6262965202331543, -0.022007465362548828, 0.9671845245361328, -1.8253793702552934, -5.14205069656351, -4.016952368098244, -0.2094706368381294
1720, -0.0277557373046875, 0.02682042121887207, 0.6616706848144531, 0.02492523193359375, -0.625410795211792, -0.022007465362548828, 0.9671845245361328, -1.8254040738544253, -5.1420413214659755, -4.016968903341201, -0.2094671363180085
1721, -0.02776312828063965, 0.026813268661499023, 0.6615986824035645, 0.02492523193359375, -0.6247167587280273, -0.021998167037963867, 0.9671922302246094, -1.8254387295732086, -5.142036202096504, -4.0169824080823435, -0.20946771193519087
1722, -0.02776312828063965, 0.026790857315063477, 0.6614949703216553, 0.02490687370300293, -0.6233382225036621, -0.021989107131958008, 0.9671692657470703, -1.8255021113537357, -5.142026609518702, -4.016999620007594, -0.20944996818244377
1723, -0.0277557373046875, 0.026783466339111328, 0.6614789962768555, 0.02490687370300293, -0.6227812767028809, -0.021998167037963867, 0.9671922302246094, -1.8255546745833535, -5.1420184399401245, -4.017010420405812, -0.2094483474300901
1724, -0.02776312828063965, 0.026783466339111328, 0.6614229679107666, 0.02490687370300293, -0.6225438117980957, -0.021989107131958008, 0.9671845245361328, -1.8255209322874548, -5.142010921197585, -4.0170091731387005, -0.20943171045554188
1725, -0.02776312828063965, 0.026790857315063477, 0.6613750457763672, 0.02489781379699707, -0.6222879886627197, -0.021998167037963867, 0.9671845245361328, -1.8254987446891084, -5.142010448393378, -4.017011879645401, -0.20944320190830457
1726, -0.02776312828063965, 0.026790857315063477, 0.6613669395446777, 0.02491617202758789, -0.6220870018005371, -0.021998167037963867, 0.9671922302246094, -1.8254940863670115, -5.142008710664052, -4.017016754950337, -0.20945157580224727
1727, -0.027770519256591797, 0.026790857315063477, 0.6613590717315674, 0.02493429183959961, -0.6217765808105469, -0.021989107131958008, 0.9671769714355469, -1.825544343574217, -5.1419921692243715, -4.017038036508867, -0.20945338382523015
1728, -0.027778148651123047, 0.026783466339111328, 0.661351203918457, 0.02489781379699707, -0.62152099609375, -0.022007465362548828, 0.967161636352539, -1.8256181050819988, -5.141976392266924, -4.017058380457509, -0.20945262026662714
1729, -0.027778148651123047, 0.026783466339111328, 0.6613349914550781, 0.02489781379699707, -0.6212835311889648, -0.021989107131958008, 0.9671769714355469, -1.825651956856682, -5.141968030164989, -4.017065393601565, -0.2094504168239153
1730, -0.027792692184448242, 0.026798248291015625, 0.6613271236419678, 0.02491617202758789, -0.6211466789245605, -0.021998167037963867, 0.9671922302246094, -1.8256273882527183, -5.141969202452788, -4.017065918702039, -0.2094613622959045
1731, -0.027792692184448242, 0.026798248291015625, 0.6613271236419678, 0.02493429183959961, -0.6210005283355713, -0.021998167037963867, 0.9671845245361328, -1.8256059728245202, -5.141977867963188, -4.017066762989106, -0.20947291538057655
1732, -0.027792692184448242, 0.026805877685546875, 0.6613192558288574, 0.02490687370300293, -0.6208453178405762, -0.022007465362548828, 0.9671845245361328, -1.8256092927525254, -5.141984870508182, -4.017069955727722, -0.20948879889364846
1733, -0.02780008316040039, 0.026805877685546875, 0.6613030433654785, 0.02489781379699707, -0.6207356452941895, -0.022007465362548828, 0.9671692657470703, -1.8256378119099033, -5.1419887174651615, -4.017077291442996, -0.20950576425333
1734, -0.027792692184448242, 0.02682781219482422, 0.6613192558288574, 0.02488875389099121, -0.6206352710723877, -0.022007465362548828, 0.9671845245361328, -1.8257127972205702, -5.141981928950783, -4.017097255184222, -0.20951020548731858
1735, -0.02780008316040039, 0.026790857315063477, 0.661311149597168, 0.02489781379699707, -0.6205348968505859, -0.022016525268554688, 0.9671845245361328, -1.8257488921054525, -5.141981403353718, -4.017104746542512, -0.20951964168856563
1736, -0.027814865112304688, 0.026805877685546875, 0.6612873077392578, 0.02489781379699707, -0.62044358253479, -0.022007465362548828, 0.9671692657470703, -1.8257386727602838, -5.141983890674503, -4.017100694069369, -0.20953653059158484
1737, -0.027829647064208984, 0.026813268661499023, 0.6612553596496582, 0.02491617202758789, -0.6203339099884033, -0.021989107131958008, 0.9671922302246094, -1.8257089891446046, -5.1419869282815975, -4.017100400964721, -0.20953399100026004
1738, -0.027837038040161133, 0.026790857315063477, 0.6612472534179688, 0.02490687370300293, -0.6201605796813965, -0.022007465362548828, 0.9671769714355469, -1.8257367789146584, -5.142001511373988, -4.017108231048672, -0.2095519321058399
1739, -0.027829647064208984, 0.026798248291015625, 0.661231279373169, 0.02491617202758789, -0.6200783252716064, -0.021989107131958008, 0.9671922302246094, -1.8257876254623262, -5.141995614256117, -4.017118128432187, -0.20954851579426137
1740, -0.027837038040161133, 0.026798248291015625, 0.661231279373169, 0.02490687370300293, -0.6200418472290039, -0.022007465362548828, 0.9671845245361328, -1.82581710913938, -5.141993729126021, -4.017124678851862, -0.2095726694422826
1741, -0.027837038040161133, 0.02682042121887207, 0.6612153053283691, 0.02488875389099121, -0.6199324131011963, -0.021998167037963867, 0.9671922302246094, -1.8258343206358991, -5.14199132634604, -4.017127413440158, -0.20959656880193567
1742, -0.027829647064208984, 0.026798248291015625, 0.6612071990966797, 0.02490687370300293, -0.6198866367340088, -0.022007465362548828, 0.9671845245361328, -1.8258135012268735, -5.14199813290221, -4.0171224583461775, -0.20960247247948516
1743, -0.027829647064208984, 0.026798248291015625, 0.6611912250518799, 0.02492523193359375, -0.6198043823242188, -0.022007465362548828, 0.9671922302246094, -1.8257994023123443, -5.141998894067521, -4.0171214001327975, -0.20961829670689802
1744, -0.027829647064208984, 0.026813268661499023, 0.6611993312835693, 0.02489781379699707, -0.6197223663330078, -0.02198004722595215, 0.9671845245361328, -1.8258411227709028, -5.141999859544731, -4.017135780197923, -0.2096148234651647
1745, -0.027822017669677734, 0.026813268661499023, 0.6611912250518799, 0.02488875389099121, -0.6196491718292236, -0.021998167037963867, 0.9671997833251953, -1.8258978360267557, -5.141995327300325, -4.017148691685147, -0.2096262259880044
1746, -0.027822017669677734, 0.026813268661499023, 0.6611912250518799, 0.02488875389099121, -0.6196491718292236, -0.021998167037963867, 0.9671997833251953, -1.8258978360267557, -5.141995327300325, -4.017148691685147, -0.2096262259880044
1747, -0.027829647064208984, 0.02682042121887207, 0.6611912250518799, 0.02488875389099121, -0.6195669174194336, -0.021989107131958008, 0.9671845245361328, -1.8259312853593517, -5.141986539000175, -4.01716156590977, -0.2096233627020947
1748, -0.027822017669677734, 0.026813268661499023, 0.6611752510070801, 0.02491617202758789, -0.6195394992828369, -0.02197098731994629, 0.9671845245361328, -1.8259207017073733, -5.141991000035025, -4.01716191907301, -0.20962923438931114
1749, -0.027837038040161133, 0.026813268661499023, 0.6611673831939697, 0.02489781379699707, -0.6195213794708252, -0.022016525268554688, 0.9671845245361328, -1.8259041621627725, -5.141994194966409, -4.01715597293584, -0.20964563658173674
1750, -0.027822017669677734, 0.026835203170776367, 0.6611592769622803, 0.02488875389099121, -0.619457483291626, -0.021998167037963867, 0.9671922302246094, -1.825920057002943, -5.141991727982896, -4.017161905293255, -0.20965341766248802
1751, -0.027837038040161133, 0.02682781219482422, 0.6611514091491699, 0.02490687370300293, -0.6194300651550293, -0.022007465362548828, 0.9671769714355469, -1.8259654608134346, -5.141997965974733, -4.017177324691059, -0.20965269384373553
1752, -0.027829647064208984, 0.02682781219482422, 0.6611433029174805, 0.02491617202758789, -0.6194300651550293, -0.021998167037963867, 0.9671922302246094, -1.826013993007506, -5.141989887588021, -4.01718531631782, -0.20964360084979994
1753, -0.027822017669677734, 0.02682781219482422, 0.6611433029174805, 0.02489781379699707, -0.6194210052490234, -0.022007465362548828, 0.9671845245361328, -1.8260288149136423, -5.14198298708647, -4.01718902367383, -0.20964214073982834
1754, -0.027829647064208984, 0.026813268661499023, 0.6611194610595703, 0.02489781379699707, -0.6194119453430176, -0.022016525268554688, 0.9671692657470703, -1.8259978375552084, -5.141977721166448, -4.0171825266253745, -0.20962713160361357
1755, -0.027822017669677734, 0.02682042121887207, 0.661095380783081, 0.02489781379699707, -0.6193752288818359, -0.021989107131958008, 0.9671845245361328, -1.8259954806052228, -5.141975352711653, -4.0171878734542625, -0.20962187999813775
1756, -0.027829647064208984, 0.026813268661499023, 0.6610875129699707, 0.02490687370300293, -0.6193935871124268, -0.021989107131958008, 0.9671922302246094, -1.8260098807598617, -5.141976165507461, -4.0171923119627175, -0.20962565432821645
1757, -0.027822017669677734, 0.02682781219482422, 0.6610555648803711, 0.02490687370300293, -0.6193845272064209, -0.021998167037963867, 0.9671845245361328, -1.8260524147861252, -5.141968291799581, -4.017203095366206, -0.2096178607766399
1758, -0.027814865112304688, 0.026805877685546875, 0.6610393524169922, 0.02490687370300293, -0.6193752288818359, -0.022007465362548828, 0.9671692657470703, -1.826084435272266, -5.141962232713384, -4.01721185874779, -0.2096127004378152
1759, -0.027822017669677734, 0.026813268661499023, 0.661015510559082, 0.02490687370300293, -0.6193571090698242, -0.021998167037963867, 0.9671845245361328, -1.826079173757639, -5.141959437966387, -4.017215606474215, -0.20961277688480529
1760, -0.027822017669677734, 0.026798248291015625, 0.6609916687011719, 0.02488875389099121, -0.6193571090698242, -0.021998167037963867, 0.9671769714355469, -1.826076985712192, -5.141957040985577, -4.01721513033412, -0.20961425885615448
1761, -0.027814865112304688, 0.026813268661499023, 0.6609516143798828, 0.02489781379699707, -0.6193752288818359, -0.022016525268554688, 0.9671769714355469, -1.826059195836594, -5.141957149784889, -4.017213303024156, -0.2096142416881177
1762, -0.027814865112304688, 0.02682042121887207, 0.660935640335083, 0.02487969398498535, -0.6193571090698242, -0.021998167037963867, 0.9671845245361328, -1.8260775859739102, -5.141956976585626, -4.017221446294377, -0.20962719557752774
1763, -0.027814865112304688, 0.02682042121887207, 0.6609277725219727, 0.02487969398498535, -0.6193571090698242, -0.02197098731994629, 0.9671845245361328, -1.826099581193212, -5.1419519125104705, -4.017227843872836, -0.2096309722539047
1764, -0.027814865112304688, 0.026813268661499023, 0.660895824432373, 0.02488875389099121, -0.6193296909332275, -0.022016525268554688, 0.9671922302246094, -1.8261203075325088, -5.141944727720214, -4.017228155181579, -0.20962937407372362
1765, -0.02780747413635254, 0.026813268661499023, 0.6608717441558838, 0.02490687370300293, -0.6193480491638184, -0.021989107131958008, 0.9671692657470703, -1.8261378933514147, -5.141937233972399, -4.017238395801978, -0.20960776709249362
1766, -0.027814865112304688, 0.02682042121887207, 0.6608157157897949, 0.02489781379699707, -0.6193387508392334, -0.022016525268554688, 0.9671769714355469, -1.8261281913824488, -5.14194216965867, -4.017237504358343, -0.20961381896147202
1767, -0.027814865112304688, 0.02682781219482422, 0.660775899887085, 0.02490687370300293, -0.6193387508392334, -0.021998167037963867, 0.9671769714355469, -1.8261206818175704, -5.141937705721015, -4.017234904625254, -0.209604061436381
1768, -0.02780008316040039, 0.02682042121887207, 0.6607117652893066, 0.02489781379699707, -0.6193387508392334, -0.021998167037963867, 0.9671845245361328, -1.8261318395635144, -5.141934865245675, -4.0172408006999385, -0.2096080580618951
1769, -0.02780747413635254, 0.02682781219482422, 0.6606719493865967, 0.02489781379699707, -0.6193571090698242, -0.022007465362548828, 0.9671922302246094, -1.8261513454359743, -5.141931134274425, -4.017244754864921, -0.2096175067207282
1770, -0.02780747413635254, 0.026805877685546875, 0.6606159210205078, 0.02488875389099121, -0.6193571090698242, -0.022025585174560547, 0.9671845245361328, -1.826168709945992, -5.141918887908563, -4.017248720271042, -0.20961988564920464
1771, -0.02780008316040039, 0.02682042121887207, 0.6605520248413086, 0.02490687370300293, -0.6193203926086426, -0.021989107131958008, 0.9671769714355469, -1.8261731387746254, -5.141917191823613, -4.017252754201546, -0.20961380883845937
1772, -0.027814865112304688, 0.02682781219482422, 0.6604962348937988, 0.02490687370300293, -0.6192929744720459, -0.022016525268554688, 0.9671845245361328, -1.8261600354446363, -5.141919586700581, -4.017253857544323, -0.2095983231306251
1773, -0.027822017669677734, 0.02682781219482422, 0.6604561805725098, 0.02489781379699707, -0.6193296909332275, -0.021989107131958008, 0.9671922302246094, -1.826143002966944, -5.141921856413084, -4.017247211633152, -0.20960742081420936
1774, -0.027814865112304688, 0.02682781219482422, 0.6604163646697998, 0.02488875389099121, -0.6193296909332275, -0.022007465362548828, 0.9671922302246094, -1.8261520412314551, -5.141918263183732, -4.017249129977338, -0.20961381896147202
1775, -0.027814865112304688, 0.026805877685546875, 0.6603603363037109, 0.02488875389099121, -0.6192929744720459, -0.021989107131958008, 0.9671997833251953, -1.8261723068923872, -5.141916429056073, -4.017251090602934, -0.20961342352600543
1776, -0.02780008316040039, 0.026798248291015625, 0.6603364944458008, 0.02489781379699707, -0.6192929744720459, -0.021989107131958008, 0.9671997833251953, -1.8261956482700445, -5.141911342537255, -4.017257169143197, -0.2096349587520221
1777, -0.02780008316040039, 0.02682781219482422, 0.6603202819824219, 0.02491617202758789, -0.6193296909332275, -0.022007465362548828, 0.9671769714355469, -1.8261990496856644, -5.1419103448148284, -4.017261468035654, -0.20965230704490256
1778, -0.02780747413635254, 0.026798248291015625, 0.6602883338928223, 0.02488875389099121, -0.6192929744720459, -0.021998167037963867, 0.9671769714355469, -1.8261935564761256, -5.141909517737914, -4.017260392506063, -0.20966437878729316
1779, -0.02780747413635254, 0.02682781219482422, 0.6602883338928223, 0.02490687370300293, -0.6192929744720459, -0.022007465362548828, 0.9671845245361328, -1.826188397599918, -5.1419169987121816, -4.017260163491376, -0.20964788534512913
1780, -0.027814865112304688, 0.02682781219482422, 0.6602883338928223, 0.02491617202758789, -0.6193203926086426, -0.021998167037963867, 0.9671922302246094, -1.8261998308609897, -5.141918189651043, -4.0172631031058845, -0.209654320175086
1781, -0.02780747413635254, 0.026835203170776367, 0.6602883338928223, 0.02489781379699707, -0.6193113327026367, -0.021998167037963867, 0.9671922302246094, -1.826214334063057, -5.141919351462141, -4.017265906136229, -0.20964069940403807
1782, -0.02780747413635254, 0.026842594146728516, 0.6602804660797119, 0.02489781379699707, -0.6192929744720459, -0.021998167037963867, 0.9671922302246094, -1.8262247790315982, -5.141908929024536, -4.017268744864964, -0.2096404622890411
1783, -0.02780008316040039, 0.026849985122680664, 0.6602804660797119, 0.02490687370300293, -0.61928391456604, -0.022007465362548828, 0.9671922302246094, -1.8262326770410788, -5.141910625962112, -4.017276322338758, -0.20965577250327438
1784, -0.02780747413635254, 0.026842594146728516, 0.6602725982666016, 0.02489781379699707, -0.6192748546600342, -0.021998167037963867, 0.9671769714355469, -1.8262287463891074, -5.141907743771815, -4.0172732181497, -0.20965151147438466
1785, -0.027814865112304688, 0.02685713768005371, 0.6602725982666016, 0.02490687370300293, -0.6192748546600342, -0.022016525268554688, 0.9671845245361328, -1.8262191352037436, -5.141915507102895, -4.01727241447743, -0.209661125496309
1786, -0.027814865112304688, 0.026849985122680664, 0.6602644920349121, 0.02491617202758789, -0.6192929744720459, -0.021989107131958008, 0.9671769714355469, -1.8262234126667773, -5.141916687861727, -4.017273220565396, -0.20967643101854172
1787, -0.027814865112304688, 0.02685713768005371, 0.6602485179901123, 0.02490687370300293, -0.6192748546600342, -0.022016525268554688, 0.9671845245361328, -1.8262336824060743, -5.141918691040991, -4.017276567360324, -0.2096716856312053
1788, -0.027829647064208984, 0.026842594146728516, 0.660224437713623, 0.02489781379699707, -0.6192655563354492, -0.022007465362548828, 0.9671769714355469, -1.8262532658609225, -5.141924515278221, -4.0172797176888375, -0.2096797903917489
1789, -0.02780747413635254, 0.026849985122680664, 0.6602087020874023, 0.02488875389099121, -0.61928391456604, -0.021989107131958008, 0.9671922302246094, -1.8262607939508801, -5.141919175462334, -4.017280927208682, -0.20966576714552154
1790, -0.027814865112304688, 0.026849985122680664, 0.6602005958557129, 0.02490687370300293, -0.61928391456604, -0.021989107131958008, 0.9671922302246094, -1.8262524365400847, -5.141917419694397, -4.017282060250135, -0.20968058596443395
1791, -0.02780747413635254, 0.026849985122680664, 0.6601686477661133, 0.02490687370300293, -0.61928391456604, -0.021989107131958008, 0.9671922302246094, -1.8262449675137997, -5.141919376726219, -4.017279662556742, -0.2096786516226654
1792, -0.02780747413635254, 0.026849985122680664, 0.6601526737213135, 0.02489781379699707, -0.6192929744720459, -0.021998167037963867, 0.9671922302246094, -1.8262580745092296, -5.141914750612414, -4.017280268971371, -0.20968187996293874
1793, -0.027814865112304688, 0.02685713768005371, 0.6601285934448242, 0.02490687370300293, -0.6192748546600342, -0.022007465362548828, 0.9671769714355469, -1.8262727711983202, -5.14191456439464, -4.0172860242180315, -0.20968547176156438
1794, -0.02780747413635254, 0.026849985122680664, 0.6601128578186035, 0.02488875389099121, -0.6192655563354492, -0.021998167037963867, 0.9671922302246094, -1.8262825638087286, -5.1419093178999296, -4.017290999589043, -0.20968860649530896
1795, -0.027814865112304688, 0.026849985122680664, 0.6601047515869141, 0.02487969398498535, -0.6192655563354492, -0.022007465362548828, 0.9671922302246094, -1.8262833163985621, -5.1419046445802365, -4.017291419818906, -0.20968402412400255
1796, -0.027814865112304688, 0.026849985122680664, 0.6601047515869141, 0.02488875389099121, -0.61928391456604, -0.02198004722595215, 0.9671845245361328, -1.826280248185447, -5.141906096927185, -4.017290791953258, -0.20969216086650366
1797, -0.02780008316040039, 0.026849985122680664, 0.6601047515869141, 0.02490687370300293, -0.6192655563354492, -0.022007465362548828, 0.9671692657470703, -1.826281449928596, -5.141906699617854, -4.0172904693486995, -0.20969193857185164
1798, -0.027814865112304688, 0.02685713768005371, 0.6600966453552246, 0.02488875389099121, -0.61928391456604, -0.022016525268554688, 0.9671845245361328, -1.8262961596845197, -5.141904843020427, -4.017291786581623, -0.2096777842964208
1799, -0.02780747413635254, 0.02686476707458496, 0.6600966453552246, 0.02489781379699707, -0.6192929744720459, -0.022007465362548828, 0.9671845245361328, -1.8263028535269852, -5.141904467038003, -4.017291109171158, -0.20967173712479958
1800, -0.02780747413635254, 0.026879549026489258, 0.6600887775421143, 0.02487969398498535, -0.6192748546600342, -0.021998167037963867, 0.9671922302246094, -1.8263145158576506, -5.141898729179823, -4.017296185883969, -0.20967484221866073
1801, -0.02780747413635254, 0.02687215805053711, 0.6600966453552246, 0.02491617202758789, -0.6192381381988525, -0.022016525268554688, 0.967161636352539, -1.8263217341431612, -5.14189329968169, -4.017302414809942, -0.20967456298987397
1802, -0.027814865112304688, 0.026886940002441406, 0.6600966453552246, 0.02489781379699707, -0.6192748546600342, -0.022016525268554688, 0.9664594268798828, -1.8263179939475171, -5.141892671020444, -4.017299405989061, -0.2096709711923248
1803, -0.02780008316040039, 0.02687215805053711, 0.6600728034973145, 0.02487969398498535, -0.6192564964294434, -0.022016525268554688, 0.9645510864257812, -1.826321516477006, -5.141891232033516, -4.017301649078673, -0.20968710895478004
1804, -0.027785301208496094, 0.026879549026489258, 0.660064697265625, 0.02487039566040039, -0.6192381381988525, -0.021961688995361328, 0.9589177703857422, -1.8263270509327458, -5.141883481180789, -4.0173009690095265, -0.209676860036355
1805, -0.027792692184448242, 0.026886940002441406, 0.6600327491760254, 0.02487969398498535, -0.6192290782928467, -0.021989107131958008, 0.9521852111816407, -1.826338885001766, -5.141875161119418, -4.017303630213601, -0.20967366602504534
1806, -0.02780008316040039, 0.02687215805053711, 0.6600089073181152, 0.02488875389099121, -0.6192200183868408, -0.022016525268554688, 0.9400407409667969, -1.8263454889177084, -5.141872976222879, -4.017303154693921, -0.20966789808324648
1807, -0.02780008316040039, 0.02686476707458496, 0.6599929332733154, 0.02487969398498535, -0.6192200183868408, -0.022007465362548828, 0.9282778167724609, -1.82634857512889, -5.141874025174492, -4.017309270199407, -0.2096879513306087
1808, -0.02780747413635254, 0.02687215805053711, 0.6599609851837158, 0.02488875389099121, -0.6192474365234375, -0.022025585174560547, 0.9086603546142578, -1.826344967534727, -5.141870745446494, -4.017306073965134, -0.20970583312164148
1809, -0.027792692184448242, 0.02686476707458496, 0.6598968505859375, 0.02487969398498535, -0.6192474365234375, -0.022007465362548828, 0.8770586395263672, -1.8263592349643414, -5.141870527244374, -4.017311276484511, -0.2097036023861225
1810, -0.027785301208496094, 0.026835203170776367, 0.6598491668701172, 0.02488875389099121, -0.6192474365234375, -0.022025585174560547, 0.8459988403320312, -1.8263755281037026, -5.141861500844941, -4.017313116034633, -0.20970004022711652
1811, -0.02780008316040039, 0.026842594146728516, 0.6598250865936279, 0.02487969398498535, -0.6192474365234375, -0.022007465362548828, 0.8186564636230469, -1.8263856239545473, -5.141859745556287, -4.017314063231289, -0.2097029128924408
1812, -0.027785301208496094, 0.02685713768005371, 0.6597533226013184, 0.02488875389099121, -0.6192290782928467, -0.022007465362548828, 0.7785208129882812, -1.826394794453026, -5.141860367653922, -4.017311949380331, -0.20970458516749435
1813, -0.02780008316040039, 0.02682781219482422, 0.6596732139587402, 0.02488875389099121, -0.6189916133880615, -0.021989107131958008, 0.7487663269042969, -1.8264007441503123, -5.141856518742566, -4.017315305952693, -0.20969345176069432
1814, -0.02780008316040039, 0.026849985122680664, 0.6596732139587402, 0.02487039566040039, -0.6193296909332275, -0.022007465362548828, 0.7186225891113281, -1.82640499350772, -5.14184747140654, -4.017318068629655, -0.2096973399505906
1815, -0.02780008316040039, 0.026849985122680664, 0.6595373153686523, 0.02488875389099121, -0.6190922260284424, -0.021989107131958008, 0.675845718383789, -1.8264133827419053, -5.141846313700324, -4.017323559423298, -0.20970532849168855
1816, -0.02780008316040039, 0.02685713768005371, 0.6595053672790527, 0.02483391761779785, -0.6189916133880615, -0.021998167037963867, 0.6395419692993164, -1.8264200329539757, -5.141848218963686, -4.017324000767294, -0.20971720287993723
1817, -0.02780008316040039, 0.026879549026489258, 0.6594734191894531, 0.02486133575439453, -0.6190190315246582, -0.022007465362548828, 0.6151765441894531, -1.82642384453351, -5.1418523662686875, -4.017324234985734, -0.20970874245395876
1818, -0.027785301208496094, 0.0269014835357666, 0.6594176292419434, 0.02483391761779785, -0.6189095973968506, -0.021989107131958008, 0.5833992767333984, -1.8264272039781901, -5.141856261518265, -4.017326177762804, -0.2097099997793137
1819, -0.027785301208496094, 0.02691650390625, 0.6594576835632324, 0.02484297752380371, -0.6189095973968506, -0.022007465362548828, 0.5632093048095703, -1.8264230611262562, -5.141865321023905, -4.0173299645819975, -0.20972471250872893
1820, -0.027792692184448242, 0.02692389488220215, 0.6594257354736328, 0.02484297752380371, -0.6188547611236572, -0.02198004722595215, 0.5390500259399414, -1.826414163383105, -5.141868610554853, -4.017323569275962, -0.20972208164295392
1821, -0.027785301208496094, 0.026967763900756836, 0.6594336032867432, 0.024824857711791992, -0.6190648078918457, -0.022016525268554688, 0.5258292007446289, -1.8264213707570356, -5.141872002813226, -4.017330411284558, -0.20973586307948278
1822, -0.027792692184448242, 0.026967763900756836, 0.6593856811523438, 0.02483391761779785, -0.6189734935760498, -0.021989107131958008, 0.49544124603271483, -1.8264247193979897, -5.1418726453237635, -4.017332280422764, -0.20975192205452942
1823, -0.027792692184448242, 0.026945829391479492, 0.659369707107544, 0.02484297752380371, -0.6188275814056396, -0.021998167037963867, 0.4670912551879883, -1.8264334034776797, -5.141863924034, -4.017334583043764, -0.209746986351675
1824, -0.02780008316040039, 0.026982784271240234, 0.659329891204834, 0.02484297752380371, -0.6187634468078613, -0.022016525268554688, 0.44219924926757814, -1.8264375355109415, -5.141864840924251, -4.017331524759152, -0.2097407020664246
1825, -0.02780008316040039, 0.027012109756469727, 0.6593377590179443, 0.024815797805786133, -0.6189186573028564, -0.022007465362548828, 0.42476486206054687, -1.8264474179575387, -5.141862049874248, -4.017330163095257, -0.20973626789075528
1826, -0.027792692184448242, 0.02699756622314453, 0.659329891204834, 0.02484297752380371, -0.618964433670044, -0.022025585174560547, 0.4261235427856445, -1.8264402732240779, -5.1418581788698425, -4.017329640293775, -0.2097382615140786
1827, -0.02780008316040039, 0.027027130126953125, 0.6592898368835449, 0.024779081344604492, -0.6206262111663818, -0.022244930267333984, 0.4183528900146484, -1.826440808798928, -5.141852765954592, -4.017331544304737, -0.20974910321318418
1828, -0.027785301208496094, 0.027056455612182617, 0.6585307121276855, 0.024760961532592773, -0.6225619316101074, -0.022263050079345703, 0.4052541732788086, -1.8264611990079502, -5.141840153195765, -4.017338160378132, -0.20976964550210475
1829, -0.027778148651123047, 0.026967763900756836, 0.6579875946044922, 0.024797439575195312, -0.62375807762146, -0.022253990173339844, 0.4002162170410156, -1.8264729773790642, -5.141838519188047, -4.017339710113706, -0.20975753633844896
1830, -0.02780008316040039, 0.026761531829833984, 0.6572284698486328, 0.024788379669189453, -0.6253011226654053, -0.02233600616455078, 0.3907815933227539, -1.8264908548270413, -5.141831465364848, -4.017340979122905, -0.2097451994251216
1831, -0.027792692184448242, 0.02642226219177246, 0.65667724609375, 0.024788379669189453, -0.6264243125915527, -0.02237248420715332, 0.38165218353271485, -1.826535504784366, -5.141828941929553, -4.017343043731024, -0.20971823169249681
1832, -0.027792692184448242, 0.0255889892578125, 0.6558704376220703, 0.024760961532592773, -0.629957914352417, -0.02245473861694336, 0.3628896331787109, -1.8266158819130511, -5.141796961328232, -4.017334094622303, -0.20971204024975432
1833, -0.027785301208496094, 0.025079965591430664, 0.6551351547241211, 0.024760961532592773, -0.6324048042297363, -0.022518634796142578, 0.34902755737304686, -1.826683361469026, -5.141775089632721, -4.017326822212621, -0.20969346823442692
1834, -0.027792692184448242, 0.024512052536010742, 0.6541924476623535, 0.024742603302001953, -0.6345963478088379, -0.02255535125732422, 0.33492897033691404, -1.8267650482604476, -5.141735569207264, -4.017336090590181, -0.2096788686464528
1835, -0.027770519256591797, 0.0238189697265625, 0.6532096862792969, 0.024751663208007812, -0.6362309455871582, -0.022518634796142578, 0.322845458984375, -1.8268514616674996, -5.1417071759834645, -4.017359469542156, -0.209664819738955
1836, -0.027785301208496094, 0.0222775936126709, 0.651963472366333, 0.024724245071411133, -0.6381299495697021, -0.022564411163330078, 0.3067926788330078, -1.8270039355349126, -5.1416616071444095, -4.017418364584142, -0.2096114397909865
1837, -0.02780747413635254, 0.021200895309448242, 0.6513004302978516, 0.024705886840820312, -0.6381208896636963, -0.02252793312072754, 0.2994418716430664, -1.8271077655910735, -5.14163373482174, -4.017464909567017, -0.20956955905604602
1838, -0.027792692184448242, 0.020787715911865234, 0.6511166095733643, 0.024715185165405273, -0.6379656791687012, -0.02255535125732422, 0.2973732376098633, -1.8271426602245675, -5.141625276912398, -4.017473957656912, -0.20954806296362882
1839, -0.027837038040161133, 0.018383502960205078, 0.650477409362793, 0.024642229080200195, -0.6374177932739258, -0.0225369930267334, 0.28500736236572266, -1.8273850262997087, -5.141548923114759, -4.017550772166216, -0.20949555987195723
1840, -0.027829647064208984, 0.01758718490600586, 0.6500699520111084, 0.024614810943603516, -0.6376552581787109, -0.022591829299926758, 0.2750307273864746, -1.827540121491619, -5.1415091133224555, -4.017592426225291, -0.20946460981900827
1841, -0.027814865112304688, 0.017307043075561523, 0.6495265960693359, 0.024614810943603516, -0.6380476951599121, -0.022609949111938477, 0.2663516426086426, -1.8276427732882214, -5.141489320281476, -4.017625760725786, -0.2094564303285935
1842, -0.027785301208496094, 0.017166614532470703, 0.648535966873169, 0.024450302124023438, -0.6391527652740479, -0.022600889205932617, 0.25290191650390625, -1.8277563512261663, -5.141442381866028, -4.017660470613466, -0.20945142226907354
1843, -0.027785301208496094, 0.017085790634155273, 0.647705078125, 0.02425861358642578, -0.639216423034668, -0.022664785385131836, 0.24633724212646485, -1.8278528023442568, -5.1414038111762475, -4.01769123956505, -0.2094295284730947
1844, -0.027785301208496094, 0.016768455505371094, 0.6472177505493164, 0.023647069931030273, -0.6388695240020752, -0.022710323333740234, 0.24060462951660155, -1.8279734806841588, -5.141363599316579, -4.0177345123119705, -0.20940388935262888
1845, -0.02785181999206543, 0.01642918586730957, 0.6471617221832275, 0.0232999324798584, -0.638559103012085, -0.022819995880126953, 0.2378948974609375, -1.8280585878830848, -5.141329137023062, -4.01775316569987, -0.20936753963669474
1846, -0.02794027328491211, 0.016370296478271484, 0.6469380855560303, 0.02321767807006836, -0.6378469467163086, -0.02292037010192871, 0.23734527587890625, -1.828202049209985, -5.141272014882545, -4.017770164752898, -0.2093481598889193
1847, -0.027955055236816406, 0.01648092269897461, 0.6468181610107422, 0.0232086181640625, -0.6379201412200928, -0.022929668426513672, 0.2372918701171875, -1.828272240973717, -5.141239677529378, -4.017766472228327, -0.2093572770599499
1848, -0.027947664260864258, 0.016716957092285156, 0.646674394607544, 0.02319955825805664, -0.6380021572113037, -0.02294778823852539, 0.23718500137329102, -1.8283335671866179, -5.1412159977818295, -4.017757503453327, -0.20936719922186597
1849, -0.027925491333007812, 0.01704883575439453, 0.6464507579803467, 0.02319955825805664, -0.6380295753479004, -0.02294778823852539, 0.23621553421020508, -1.8283874261044737, -5.141199205680248, -4.017749285817512, -0.20939022569625187
1850, -0.02784442901611328, 0.017476558685302734, 0.6461391448974609, 0.02319025993347168, -0.6382122039794922, -0.02300262451171875, 0.23240655899047852, -1.8284560424721867, -5.141179671253797, -4.017734325583816, -0.20945880249557725
1851, -0.027792692184448242, 0.017741918563842773, 0.6458516120910645, 0.023080825805664062, -0.6382761001586914, -0.02305746078491211, 0.2290250015258789, -1.8284988228462555, -5.141163104300205, -4.0177165629651075, -0.2094796753542152
1852, -0.027785301208496094, 0.017911434173583984, 0.6456198692321777, 0.022943735122680664, -0.6382577419281006, -0.023185253143310547, 0.22755945205688477, -1.8285449641479428, -5.141150709405276, -4.017697068445542, -0.20949306830374592
1853, -0.02785181999206543, 0.017940998077392578, 0.6455717086791992, 0.022889137268066406, -0.6380660533905029, -0.023313045501708984, 0.2270709228515625, -1.8285776927866437, -5.141143493152753, -4.017661731912572, -0.2094327703774761
1854, -0.027910709381103516, 0.017992734909057617, 0.6455879211425781, 0.022861719131469727, -0.6380386352539062, -0.023367881774902344, 0.227025146484375, -1.8285779117419292, -5.141147508530408, -4.017631273236406, -0.20940606970131537
1855, -0.0279695987701416, 0.01819157600402832, 0.6455798149108887, 0.022852659225463867, -0.6379930973052979, -0.023386240005493164, 0.22694116592407226, -1.8285780349493521, -5.141152395706881, -4.017573601861436, -0.209360064076197
1856, -0.027910709381103516, 0.018575191497802734, 0.6454839706420898, 0.022843360900878906, -0.6380112171173096, -0.023376941680908203, 0.2267884635925293, -1.8285648219743083, -5.1411309681373645, -4.017483654952123, -0.20937653180856763
1857, -0.027888774871826172, 0.018715381622314453, 0.6454041004180908, 0.022870779037475586, -0.6380386352539062, -0.023413658142089844, 0.22626178741455077, -1.82856017043504, -5.141127887810234, -4.017462927963447, -0.20937121324576502
1858, -0.027881145477294922, 0.019047260284423828, 0.6451802253723145, 0.022816181182861328, -0.6379382610321045, -0.023440837860107422, 0.22425424575805664, -1.828538468295739, -5.141148808574792, -4.017411104258283, -0.20938018691001137
1859, -0.027888774871826172, 0.0191800594329834, 0.6451163291931152, 0.022797822952270508, -0.6378836631774902, -0.023477554321289062, 0.2242313003540039, -1.8285347095742965, -5.141161316669889, -4.017396474202013, -0.20937507582506232
1860, -0.027881145477294922, 0.0193939208984375, 0.6450765132904053, 0.022797822952270508, -0.6378927230834961, -0.0235140323638916, 0.22419315338134765, -1.8285210459689167, -5.141191490795663, -4.017353161571735, -0.20939457749541202
1861, -0.02789592742919922, 0.01957082748413086, 0.6449646949768066, 0.022770404815673828, -0.6378653049468994, -0.0235140323638916, 0.2241397476196289, -1.8285196695771522, -5.141197176949749, -4.017325596490798, -0.20940657737858537
1862, -0.027881145477294922, 0.01975536346435547, 0.6448848247528076, 0.02278876304626465, -0.6378469467163086, -0.02353215217590332, 0.22408628463745117, -1.8285091248697396, -5.141187192515435, -4.017289784811416, -0.20942467352440897
1863, -0.027888774871826172, 0.019917726516723633, 0.6448688507080078, 0.022752046585083008, -0.6378195285797119, -0.02353215217590332, 0.22407102584838867, -1.828504717247812, -5.141177096811725, -4.017269386315023, -0.2094084120033921
1864, -0.027881145477294922, 0.020020723342895508, 0.6447968482971191, 0.022761106491088867, -0.6378743648529053, -0.02355051040649414, 0.22405576705932617, -1.8285015547694843, -5.14117005649244, -4.0172521047256895, -0.20940137436000672
1865, -0.027888774871826172, 0.020220041275024414, 0.6446850299835205, 0.022752046585083008, -0.6378743648529053, -0.02355051040649414, 0.22402524948120117, -1.828492729454176, -5.141171224451217, -4.0172274788981674, -0.20938775848589053
1866, -0.027881145477294922, 0.02036762237548828, 0.6445732116699219, 0.02274298667907715, -0.6378285884857178, -0.02355051040649414, 0.22398704528808594, -1.82848933689887, -5.14118568122784, -4.017205732083561, -0.20937448110562684
1867, -0.02789592742919922, 0.020485401153564453, 0.6445093154907227, 0.022724628448486328, -0.6378743648529053, -0.02359604835510254, 0.2237962532043457, -1.8284970097804663, -5.1412096381525405, -4.017197066467676, -0.20935204923301676
1868, -0.027881145477294922, 0.020566463470458984, 0.644437313079834, 0.02268815040588379, -0.6379201412200928, -0.02361440658569336, 0.22192609786987305, -1.8285039481035186, -5.141233996523498, -4.017194890814591, -0.20935474169396784
1869, -0.027858972549438477, 0.02066969871520996, 0.6442694664001465, 0.022578716278076172, -0.6375091075897217, -0.02364182472229004, 0.2210177230834961, -1.8285099551618742, -5.1412204633521394, -4.017188829980337, -0.20936032163533014
1870, -0.027873754501342773, 0.020691871643066406, 0.6442775726318359, 0.022523880004882812, -0.637563943862915, -0.02362346649169922, 0.22096426010131837, -1.8285113325290427, -5.141205100354917, -4.017185977154152, -0.20935476124143815
1871, -0.027866363525390625, 0.020699501037597656, 0.6442537307739258, 0.022496461868286133, -0.6375546455383301, -0.0236508846282959, 0.22091848373413087, -1.8285103068205413, -5.141193186659118, -4.017179593574992, -0.2093571003925483
1872, -0.027888774871826172, 0.020721435546875, 0.6442375183105469, 0.022523880004882812, -0.6375546455383301, -0.02366924285888672, 0.22087270736694337, -1.8285147525569174, -5.141196690073676, -4.017176603124115, -0.209361924527518
1873, -0.027888774871826172, 0.020780324935913086, 0.6442217826843262, 0.022459745407104492, -0.6375913619995117, -0.02364182472229004, 0.22083450317382813, -1.8285169821602343, -5.141214389596586, -4.017175052191141, -0.20935458813261665
1874, -0.027888774871826172, 0.020824670791625977, 0.6441497802734375, 0.022469043731689453, -0.6376004219055176, -0.02366924285888672, 0.22081924438476563, -1.8285229442280344, -5.141225133798402, -4.017176161609674, -0.20937530800252357
1875, -0.027888774871826172, 0.020876407623291016, 0.6441097259521484, 0.022469043731689453, -0.6375913619995117, -0.0236508846282959, 0.22079641342163087, -1.8285294763588638, -5.141219506228901, -4.017175842784015, -0.20937448046207674
1876, -0.027888774871826172, 0.0209352970123291, 0.6440458297729492, 0.022469043731689453, -0.6376097202301025, -0.02366924285888672, 0.22077346801757813, -1.8285239460888878, -5.141206332480206, -4.017172823811523, -0.2093847440687231
1877, -0.027881145477294922, 0.020972251892089844, 0.6440138816833496, 0.022450685501098633, -0.6375823020935059, -0.023678302764892578, 0.22073524475097656, -1.8285145025587484, -5.141201821056985, -4.017164419053061, -0.20939898708552285
1878, -0.027888774871826172, 0.02103137969970703, 0.64398193359375, 0.022450685501098633, -0.6376187801361084, -0.02368760108947754, 0.22071998596191406, -1.8285038898233383, -5.141200290067122, -4.017156470568967, -0.20938654734688011
1879, -0.027888774871826172, 0.02107524871826172, 0.6439738273620605, 0.022432327270507812, -0.6376004219055176, -0.0236508846282959, 0.22068946838378906, -1.8285016706370092, -5.141218010515808, -4.017153157246937, -0.20939619088852712
1880, -0.02789592742919922, 0.021105051040649414, 0.6439580917358398, 0.022441625595092773, -0.6376004219055176, -0.0236966609954834, 0.22066665649414063, -1.8284989016724031, -5.141217173324668, -4.017150948897813, -0.2093674428247061
1881, -0.027903318405151367, 0.021142005920410156, 0.6439180374145508, 0.022450685501098633, -0.6376187801361084, -0.023705720901489258, 0.22062843322753906, -1.8284977991364038, -5.141224657939196, -4.017145531723516, -0.20937258826606975
1882, -0.02789592742919922, 0.021149158477783203, 0.6438860893249512, 0.022432327270507812, -0.6376187801361084, -0.023705720901489258, 0.22062074661254882, -1.8284978407650194, -5.141212555867849, -4.017142776062411, -0.20937041449581795
1883, -0.027910709381103516, 0.021193504333496094, 0.6438779830932617, 0.022450685501098633, -0.6375913619995117, -0.02368760108947754, 0.22062074661254882, -1.8284812404994204, -5.141203181971428, -4.017135239827051, -0.20936686249310732
1884, -0.027903318405151367, 0.021237611770629883, 0.6438460350036621, 0.022432327270507812, -0.6376004219055176, -0.023714780807495117, 0.22059791564941406, -1.8284733928414845, -5.141203018828561, -4.017123926580717, -0.20935001829636946
1885, -0.027903318405151367, 0.02124500274658203, 0.6438381671905518, 0.022414207458496094, -0.6376187801361084, -0.0236966609954834, 0.2205062484741211, -1.8284741092528023, -5.141214354787786, -4.017117539853476, -0.20935535875774125
1886, -0.027925491333007812, 0.021267175674438477, 0.643822193145752, 0.022441625595092773, -0.6376278400421143, -0.023705720901489258, 0.22030019760131836, -1.8284803856957965, -5.141221604289486, -4.017119855298723, -0.2093563024917806
1887, -0.027903318405151367, 0.021274566650390625, 0.6437981128692627, 0.022441625595092773, -0.6376097202301025, -0.023705720901489258, 0.22026968002319336, -1.828481196187669, -5.141220446108889, -4.01711972009481, -0.20935865882595728
1888, -0.027910709381103516, 0.02129650115966797, 0.6437742710113525, 0.022432327270507812, -0.6376004219055176, -0.023714780807495117, 0.22024673461914063, -1.8284798349547968, -5.141199727894517, -4.0171124900459665, -0.20935414826899557
1889, -0.027903318405151367, 0.021348237991333008, 0.6437582969665527, 0.022423267364501953, -0.6376278400421143, -0.0236966609954834, 0.22023147583007813, -1.828475972978389, -5.141193548447603, -4.017104352098122, -0.20936191207125532
1890, -0.027925491333007812, 0.02134084701538086, 0.6437423229217529, 0.022423267364501953, -0.6376187801361084, -0.023733139038085938, 0.22020864486694336, -1.828468709175125, -5.141197202918351, -4.017095692680991, -0.20935965174647375
1891, -0.027925491333007812, 0.0213925838470459, 0.6437342166900635, 0.022432327270507812, -0.6376004219055176, -0.023705720901489258, 0.22019338607788086, -1.8284734424818139, -5.141207311719499, -4.017091862891279, -0.20934864715521595
1892, -0.027910709381103516, 0.021407127380371094, 0.6437342166900635, 0.022414207458496094, -0.637563943862915, -0.023714780807495117, 0.2201017189025879, -1.8284745322331348, -5.141216276404484, -4.017095301370519, -0.20934683142283728
1893, -0.027910709381103516, 0.021458864212036133, 0.6437423229217529, 0.022405147552490234, -0.6376097202301025, -0.023724079132080078, 0.2200559425354004, -1.828478528325713, -5.141210828316056, -4.017089134057272, -0.20935160400607344
1894, -0.027903318405151367, 0.02151775360107422, 0.6437103748321533, 0.022405147552490234, -0.6376736164093018, -0.023705720901489258, 0.21929264068603516, -1.8284786855044328, -5.141204504813633, -4.017085359825208, -0.20935576361762287
1895, -0.027910709381103516, 0.021547555923461914, 0.6436703205108643, 0.022386789321899414, -0.6375823020935059, -0.023733139038085938, 0.2190941619873047, -1.8284733950839125, -5.14119604808001, -4.017079080441603, -0.20934512951960027
1896, -0.027910709381103516, 0.021576881408691406, 0.6436703205108643, 0.022386789321899414, -0.6376097202301025, -0.023724079132080078, 0.21910179138183594, -1.8284611722315312, -5.141200300853475, -4.0170742751306365, -0.20934298538919816
1897, -0.027903318405151367, 0.0216064453125, 0.643646240234375, 0.022377729415893555, -0.6376552581787109, -0.023724079132080078, 0.21907127380371094, -1.8284600332334535, -5.141203912673689, -4.017065545889783, -0.20932278421308848
1898, -0.027910709381103516, 0.02165818214416504, 0.6436305046081543, 0.022368669509887695, -0.6376278400421143, -0.023760557174682617, 0.21905595779418946, -1.8284636279607154, -5.141213571175744, -4.017065892243117, -0.2093168681473978
1899, -0.027918100357055664, 0.02169513702392578, 0.643606424331665, 0.022368669509887695, -0.6376187801361084, -0.023742198944091797, 0.2190330696105957, -1.8284572034920015, -5.141200530313554, -4.017061389451151, -0.20933324047453805
1900, -0.027910709381103516, 0.021724462509155273, 0.6435985565185547, 0.022359371185302734, -0.6376368999481201, -0.023751258850097656, 0.2190178108215332, -1.828460080208039, -5.141185341903102, -4.017058867548309, -0.20932547903911836
1901, -0.027925491333007812, 0.02177596092224121, 0.6435666084289551, 0.022350311279296875, -0.6376187801361084, -0.023742198944091797, 0.21901018142700196, -1.8284613670599996, -5.141180546215531, -4.017051823991553, -0.20931422487857976
1902, -0.027918100357055664, 0.021842241287231445, 0.6435346603393555, 0.022368669509887695, -0.6376461982727051, -0.023760557174682617, 0.21899492263793946, -1.8284597468629835, -5.141189527516939, -4.017048523653518, -0.20931086789612152
1903, -0.027925491333007812, 0.021857023239135742, 0.6435184478759766, 0.022368669509887695, -0.6376097202301025, -0.023742198944091797, 0.21897966384887696, -1.8284594703405594, -5.141198420436937, -4.017048526576721, -0.2093207017277745
1904, -0.027918100357055664, 0.02187204360961914, 0.6435105800628662, 0.022350311279296875, -0.6376643180847168, -0.023742198944091797, 0.2189567756652832, -1.8284683370641068, -5.141198181923642, -4.017052113080085, -0.2093208078318476
1905, -0.02794027328491211, 0.02190876007080078, 0.6435027122497559, 0.022368669509887695, -0.6376278400421143, -0.023742198944091797, 0.2189567756652832, -1.8284608279419345, -5.141193910002245, -4.017048373495712, -0.20932141307512797
1906, -0.027910709381103516, 0.021923542022705078, 0.6434946060180664, 0.022350311279296875, -0.6376552581787109, -0.023742198944091797, 0.21896440505981446, -1.8284536889287661, -5.141195726570104, -4.017039104060307, -0.20932864573060872
1907, -0.027925491333007812, 0.02196025848388672, 0.643486499786377, 0.022359371185302734, -0.6376278400421143, -0.023742198944091797, 0.2189415168762207, -1.8284534526451839, -5.141201048557107, -4.017033447154355, -0.20933528796185819
1908, -0.027925491333007812, 0.021967649459838867, 0.6434786319732666, 0.022350311279296875, -0.6376278400421143, -0.023733139038085938, 0.21891857147216798, -1.828456996565392, -5.141204447511585, -4.017027402564316, -0.20935225070992836
1909, -0.027918100357055664, 0.02199721336364746, 0.6434626579284668, 0.022341251373291016, -0.6376461982727051, -0.023733139038085938, 0.21892620086669923, -1.8284551684167152, -5.1412120873680225, -4.01702936723707, -0.2093333661278436
1910, -0.027918100357055664, 0.022027015686035156, 0.6434545516967773, 0.022350311279296875, -0.6376368999481201, -0.023751258850097656, 0.21893388748168946, -1.8284486649343998, -5.141208082125109, -4.017024497745162, -0.20932969793138412
1911, -0.027925491333007812, 0.022063493728637695, 0.6434545516967773, 0.022341251373291016, -0.6376278400421143, -0.023733139038085938, 0.21891094207763673, -1.8284462221453164, -5.141202795414193, -4.017018190564501, -0.20933768639196781
1912, -0.027903318405151367, 0.022070884704589844, 0.643446683883667, 0.022359371185302734, -0.6376461982727051, -0.023733139038085938, 0.21890331268310548, -1.8284303642805164, -5.141202046634088, -4.0170041389689235, -0.20932224298030722
1913, -0.027925491333007812, 0.02210068702697754, 0.643446683883667, 0.022341251373291016, -0.6376461982727051, -0.023760557174682617, 0.21888042449951173, -1.8284271436027488, -5.141208257268429, -4.017000953958786, -0.20934008245700397
1914, -0.027918100357055664, 0.022107839584350586, 0.643446683883667, 0.022331953048706055, -0.6376097202301025, -0.023760557174682617, 0.21888805389404298, -1.8284269136274598, -5.141214503395053, -4.016996265671403, -0.20932916915197008
1915, -0.027918100357055664, 0.02213001251220703, 0.6434307098388672, 0.022331953048706055, -0.6376278400421143, -0.023742198944091797, 0.21885753631591798, -1.828427573639825, -5.141221288226477, -4.016994251802642, -0.20932445112051923
1916, -0.027903318405151367, 0.022159576416015625, 0.6434226036071777, 0.022313833236694336, -0.6376461982727051, -0.023742198944091797, 0.21885753631591798, -1.828434619018518, -5.141225716990446, -4.01698937665701, -0.20932409544696284
1917, -0.027918100357055664, 0.022188901901245117, 0.6434226036071777, 0.022359371185302734, -0.6376368999481201, -0.023733139038085938, 0.21884990692138673, -1.8284392377038303, -5.1412220968443405, -4.016992756737827, -0.20933079695653767
1918, -0.027903318405151367, 0.02222585678100586, 0.6433987617492676, 0.022331953048706055, -0.6376187801361084, -0.023724079132080078, 0.21884990692138673, -1.8284317550660791, -5.141217704376184, -4.016987202648907, -0.2093256195135913
1919, -0.027910709381103516, 0.022233247756958008, 0.6433827877044678, 0.022322893142700195, -0.6376368999481201, -0.023742198944091797, 0.21882701873779298, -1.828429432644012, -5.141219878100744, -4.016984330584238, -0.20933303236969358
1920, -0.027910709381103516, 0.0222775936126709, 0.643366813659668, 0.022313833236694336, -0.6376278400421143, -0.023760557174682617, 0.21883464813232423, -1.8284295016455152, -5.141223583361567, -4.016978176936421, -0.20934728783597922
1921, -0.027903318405151367, 0.022299528121948242, 0.6433348655700684, 0.022322893142700195, -0.6376187801361084, -0.023751258850097656, 0.2189720344543457, -1.828435727503277, -5.141238896598014, -4.016979600144738, -0.20934467183993455
1922, -0.027910709381103516, 0.022307157516479492, 0.6433427333831787, 0.022331953048706055, -0.6375913619995117, -0.023751258850097656, 0.22079641342163087, -1.8284365242482747, -5.141239891917883, -4.016976854223689, -0.20936718015537537
1923, -0.027925491333007812, 0.022343873977661133, 0.6433587074279785, 0.022331953048706055, -0.6372532844543457, -0.0236966609954834, 0.22407865524291992, -1.8284331818597512, -5.141231583499662, -4.016979263555516, -0.2093688796942903
1924, -0.027910709381103516, 0.022425174713134766, 0.6434147357940674, 0.022359371185302734, -0.6369976997375488, -0.023705720901489258, 0.22949832916259766, -1.8284235876335568, -5.141233088232738, -4.016971447561164, -0.20938235208102718
1925, -0.027903318405151367, 0.022565126419067383, 0.6435105800628662, 0.022414207458496094, -0.6367146968841553, -0.02364182472229004, 0.23722314834594727, -1.828424096834516, -5.14124445603371, -4.016969665475421, -0.20939976177851172
1926, -0.02789592742919922, 0.022742033004760742, 0.6435425281524658, 0.022414207458496094, -0.6354730129241943, -0.023632526397705078, 0.24584871292114258, -1.828426455542054, -5.141254535408721, -4.016968762343341, -0.20939705686236643
1927, -0.02797698974609375, 0.0229339599609375, 0.6435985565185547, 0.022423267364501953, -0.632678747177124, -0.02359604835510254, 0.25690168380737305, -1.8284281092596868, -5.141258572303103, -4.016969894403152, -0.2093940360102362
1928, -0.028095006942749023, 0.02305912971496582, 0.644061803817749, 0.022423267364501953, -0.6294465065002441, -0.02357769012451172, 0.26945077896118164, -1.8284149510018795, -5.141260546381659, -4.016975361823755, -0.209408718888473
1929, -0.02819085121154785, 0.02336907386779785, 0.6450924873352051, 0.022359371185302734, -0.6261410713195801, -0.0236051082611084, 0.28306854248046875, -1.8283915097858399, -5.141256449516295, -4.016980274407221, -0.20943404832343404
1930, -0.028220653533935547, 0.024099111557006836, 0.645923376083374, 0.022359371185302734, -0.623676061630249, -0.0236051082611084, 0.2947702980041504, -1.828356014314107, -5.141277103259021, -4.016976413100896, -0.2095184228882232
1931, -0.028213024139404297, 0.02500629425048828, 0.6461472511291504, 0.022377729415893555, -0.6218771934509277, -0.02364182472229004, 0.3049302101135254, -1.8283258620480078, -5.141293757399905, -4.016973317227229, -0.20957807798702888
1932, -0.02816152572631836, 0.026407480239868164, 0.6464905738830566, 0.022368669509887695, -0.620690107345581, -0.0236051082611084, 0.318654842376709, -1.8282779118958237, -5.1413306685804505, -4.016971872761271, -0.20965472080410041
1933, -0.028146743774414062, 0.027462005615234375, 0.6468582153320312, 0.022359371185302734, -0.6189734935760498, -0.02352309226989746, 0.3389287567138672, -1.828231566348819, -5.141361460609194, -4.016977567253066, -0.20970339864840515
1934, -0.028146743774414062, 0.028937101364135742, 0.648200511932373, 0.022359371185302734, -0.6183526515960693, -0.02349567413330078, 0.37727062225341795, -1.8281441116280885, -5.141408627426556, -4.0169833663630525, -0.20975475960574297
1935, -0.028168916702270508, 0.029984474182128906, 0.6487996578216553, 0.022341251373291016, -0.6180787086486816, -0.023486614227294922, 0.40330005645751954, -1.8280889177566102, -5.141433000373197, -4.016978113823845, -0.20975457475315196
1936, -0.028176307678222656, 0.031842708587646484, 0.6493828296661377, 0.022350311279296875, -0.6178503036499023, -0.02349567413330078, 0.44899280548095705, -1.8279961027591427, -5.14145175607067, -4.0169590496782455, -0.2097294363305071
1937, -0.02819085121154785, 0.033516883850097656, 0.6495985984802246, 0.022341251373291016, -0.6174578666687012, -0.023486614227294922, 0.4906017303466797, -1.827898514802689, -5.141474838560994, -4.016950239935178, -0.20969404205733344
1938, -0.028146743774414062, 0.0348813533782959, 0.6498382091522217, 0.022350311279296875, -0.6162617206573486, -0.023477554321289062, 0.5395538330078125, -1.8277993216200747, -5.141534967107408, -4.016998888654157, -0.20968655897386412
1939, -0.028131961822509766, 0.03522777557373047, 0.6499021053314209, 0.022359371185302734, -0.6159148216247559, -0.023450136184692383, 0.5576675415039063, -1.8277644823445764, -5.141563591245029, -4.0170240334409115, -0.2097099300025409
1940, -0.028080224990844727, 0.03581070899963379, 0.6499021053314209, 0.022350311279296875, -0.6153120994567871, -0.023422718048095703, 0.5979025268554687, -1.8276887419496024, -5.141617914749697, -4.017059002771816, -0.20972010314812017
1941, -0.028006553649902344, 0.03618645668029785, 0.6498942375183105, 0.022359371185302734, -0.6149375438690186, -0.0234682559967041, 0.6308629608154297, -1.8276384950874336, -5.14165023191322, -4.017083804422236, -0.20974799257521148
1942, -0.027955055236816406, 0.03645944595336914, 0.6498861312866211, 0.022359371185302734, -0.6145725250244141, -0.023459196090698242, 0.6770442199707031, -1.8275678356477396, -5.141684920021112, -4.017114877724135, -0.2097479465543879
1943, -0.027955055236816406, 0.03656268119812012, 0.6498701572418213, 0.022368669509887695, -0.6145451068878174, -0.023477554321289062, 0.7224544525146485, -1.8275023225840563, -5.1417202465600464, -4.017146074268444, -0.20976202504983554
1944, -0.02794027328491211, 0.03654074668884277, 0.6497743129730225, 0.022341251373291016, -0.6143989562988281, -0.023431777954101562, 0.7432856750488281, -1.8274756950021773, -5.141736675874516, -4.017161543491723, -0.2097614845307012
1945, -0.027955055236816406, 0.03654074668884277, 0.6494786739349365, 0.022350311279296875, -0.6144444942474365, -0.023440837860107422, 0.7824366760253906, -1.827420966564889, -5.14175479327303, -4.017188267339116, -0.20976123572182548
1946, -0.0279695987701416, 0.036481618881225586, 0.6491990089416504, 0.022368669509887695, -0.6144170761108398, -0.023431777954101562, 0.8091454315185547, -1.8273893514810613, -5.141769052819346, -4.017206096192594, -0.20975830380529992
1947, -0.02797698974609375, 0.036356210708618164, 0.6488075256347656, 0.022350311279296875, -0.6143898963928223, -0.023413658142089844, 0.8430295562744141, -1.827349546214218, -5.141793544219039, -4.01720885795384, -0.2097579957174016
1948, -0.027991771697998047, 0.036223411560058594, 0.6484479904174805, 0.022377729415893555, -0.6146364212036133, -0.023440837860107422, 0.8751731872558594, -1.8273236409197176, -5.141809809106622, -4.01720498505634, -0.20977878979463327
1949, -0.027947664260864258, 0.036002159118652344, 0.648200511932373, 0.022368669509887695, -0.6147184371948242, -0.023422718048095703, 0.9031948852539062, -1.8272987046718305, -5.141811420682099, -4.017188391001967, -0.20980408978068343
1950, -0.02793264389038086, 0.035773515701293945, 0.6480166912078857, 0.022368669509887695, -0.6146728992462158, -0.023440837860107422, 0.927392349243164, -1.8273003935893697, -5.1418017301629915, -4.017182740898363, -0.20983589082932674
1951, -0.02793264389038086, 0.03553032875061035, 0.6479926109313965, 0.022377729415893555, -0.6146819591522217, -0.023440837860107422, 0.9432389831542969, -1.8273048695770204, -5.141803304851831, -4.017176918677117, -0.2098519964885588
1952, -0.02794027328491211, 0.03531646728515625, 0.6479606628417969, 0.022368669509887695, -0.614654541015625, -0.023477554321289062, 0.9573757934570313, -1.8273151030414088, -5.141821674229753, -4.017178100429593, -0.20987575993044683
1953, -0.027925491333007812, 0.03499197959899902, 0.6479287147521973, 0.022386789321899414, -0.6151111125946045, -0.023431777954101562, 0.9687264251708985, -1.8273328239308508, -5.141833588806496, -4.017176342482161, -0.2099189485723265
1954, -0.02793264389038086, 0.034807682037353516, 0.6478328704833984, 0.022386789321899414, -0.6151020526885986, -0.023422718048095703, 0.9721080780029296, -1.8273428053312397, -5.141837893690959, -4.017179236160502, -0.20994268703599595
1955, -0.027947664260864258, 0.03463029861450195, 0.6477928161621094, 0.022368669509887695, -0.6150288581848145, -0.023422718048095703, 0.9731308746337891, -1.8273418821192395, -5.141831706943474, -4.017187994845777, -0.20995666336517704
1956, -0.027955055236816406, 0.034497737884521484, 0.6478009223937988, 0.022377729415893555, -0.6148829460144043, -0.023413658142089844, 0.9730850219726562, -1.8273537003997902, -5.141819629019465, -4.0172012587086465, -0.2099549021932221
1957, -0.02794027328491211, 0.03446817398071289, 0.6478168964385986, 0.022368669509887695, -0.6148829460144043, -0.023431777954101562, 0.9731003570556641, -1.8273641715228344, -5.141814866800727, -4.017206269644601, -0.20995477114713612
1958, -0.027947664260864258, 0.03446078300476074, 0.647824764251709, 0.022368669509887695, -0.6147642135620117, -0.023431777954101562, 0.9731232452392579, -1.8273652284591169, -5.141817224728513, -4.017207342451036, -0.20996086041501627
1959, -0.027918100357055664, 0.03446078300476074, 0.6479048728942871, 0.022350311279296875, -0.6147551536560059, -0.023395299911499023, 0.9731079864501954, -1.827369892310676, -5.141816009416123, -4.017205968852302, -0.20994477190521188
1960, -0.027918100357055664, 0.034446001052856445, 0.6480724811553955, 0.022377729415893555, -0.6147093772888184, -0.023440837860107422, 0.9731003570556641, -1.8273626905252724, -5.141831136875002, -4.017202402439462, -0.20993370799871514
1961, -0.027881145477294922, 0.03447580337524414, 0.6481924057006836, 0.022368669509887695, -0.6146636009216309, -0.023431777954101562, 0.9731156158447266, -1.8273578063219347, -5.141833274336063, -4.017204821593902, -0.20991952419718896
1962, -0.02785181999206543, 0.03451251983642578, 0.648240327835083, 0.022377729415893555, -0.614654541015625, -0.023413658142089844, 0.9731232452392579, -1.8273441948239049, -5.1418212596971316, -4.0172102238527785, -0.20988507748561602
1963, -0.027814865112304688, 0.03452730178833008, 0.648320198059082, 0.022359371185302734, -0.6145999431610107, -0.023413658142089844, 0.9731156158447266, -1.8273311518925466, -5.141811694099442, -4.0172144068433715, -0.20986664518034637
1964, -0.027785301208496094, 0.03453469276428223, 0.6483602523803711, 0.022350311279296875, -0.6145906448364258, -0.023440837860107422, 0.9731385040283204, -1.8273242984124787, -5.141819184166038, -4.017215848024091, -0.20986592136293503
1965, -0.02776312828063965, 0.03455662727355957, 0.6484081745147705, 0.022377729415893555, -0.6145906448364258, -0.023431777954101562, 0.9731232452392579, -1.8273103878421533, -5.14182402714817, -4.017213253210563, -0.20982913550642568
1966, -0.027726411819458008, 0.034578800201416016, 0.6484320163726807, 0.022377729415893555, -0.6145725250244141, -0.023422718048095703, 0.9731232452392579, -1.8272922412498056, -5.141835086292291, -4.017207399093845, -0.20980109391476276
1967, -0.02771139144897461, 0.034578800201416016, 0.6484241485595703, 0.022359371185302734, -0.6145541667938232, -0.023431777954101562, 0.9731156158447266, -1.8272875611008002, -5.141830788261489, -4.017211232118479, -0.20979773457292605
1968, -0.027696847915649414, 0.03455662727355957, 0.6484241485595703, 0.022359371185302734, -0.6145634651184082, -0.023404359817504883, 0.9731308746337891, -1.8272784288107884, -5.141823454908638, -4.017214430616365, -0.20979007445564335
1969, -0.027667522430419922, 0.03454947471618652, 0.6484160423278809, 0.022377729415893555, -0.6145815849304199, -0.023422718048095703, 0.9731308746337891, -1.8272821415246157, -5.14181339569387, -4.017223513320671, -0.209783385408997
1970, -0.027667522430419922, 0.03453469276428223, 0.6483840942382812, 0.022386789321899414, -0.6145725250244141, -0.023422718048095703, 0.9731462097167969, -1.827277786967886, -5.141816336634957, -4.0172234985801, -0.20977345010806303
1971, -0.02767467498779297, 0.03448319435119629, 0.6483283042907715, 0.022350311279296875, -0.6145725250244141, -0.023431777954101562, 0.9731385040283204, -1.827279764162292, -5.141816067664558, -4.017222560157841, -0.20977174820706068
1972, -0.027682065963745117, 0.03446817398071289, 0.6483283042907715, 0.022368669509887695, -0.6145360469818115, -0.023440837860107422, 0.9731385040283204, -1.8272838346482962, -5.141804669825629, -4.017229637977963, -0.20976882096715244
1973, -0.027696847915649414, 0.0344388484954834, 0.6483120918273926, 0.022377729415893555, -0.6145634651184082, -0.023431777954101562, 0.9731308746337891, -1.827283744733701, -5.141799874488717, -4.0172401704723155, -0.20979100574402132
1974, -0.027682065963745117, 0.034453392028808594, 0.6483120918273926, 0.022359371185302734, -0.6145451068878174, -0.023422718048095703, 0.9731462097167969, -1.8272903875632553, -5.141794621958005, -4.0172410383518375, -0.20981234581126618
1975, -0.027696847915649414, 0.034446001052856445, 0.6483120918273926, 0.022368669509887695, -0.6145541667938232, -0.023431777954101562, 0.9731385040283204, -1.8272947482319173, -5.141791193953424, -4.017243714499786, -0.20981381293622015
1976, -0.027696847915649414, 0.034446001052856445, 0.648320198059082, 0.022386789321899414, -0.6145451068878174, -0.023450136184692383, 0.9731385040283204, -1.8272944743235398, -5.141790881176526, -4.017242828709934, -0.20980753883716652
1977, -0.027696847915649414, 0.0344388484954834, 0.648320198059082, 0.022368669509887695, -0.6145634651184082, -0.023386240005493164, 0.9731385040283204, -1.8272914040938728, -5.141795354172485, -4.017241714541641, -0.20982923690704514
1978, -0.027704238891601562, 0.03446817398071289, 0.6483283042907715, 0.022368669509887695, -0.6145451068878174, -0.023422718048095703, 0.9731385040283204, -1.8272862131143897, -5.141787705009629, -4.0172483784938855, -0.20984303074240973
1979, -0.027696847915649414, 0.034446001052856445, 0.648320198059082, 0.022368669509887695, -0.6145451068878174, -0.023413658142089844, 0.9731462097167969, -1.8272891164784295, -5.141785937910096, -4.017252460656716, -0.20984634328928653
1980, -0.027696847915649414, 0.034446001052856445, 0.6483361721038818, 0.022368669509887695, -0.6145176887512207, -0.023431777954101562, 0.9731385040283204, -1.827284929646391, -5.141781598507617, -4.017254349971953, -0.20984362351927643
1981, -0.027704238891601562, 0.03446817398071289, 0.6483361721038818, 0.022377729415893555, -0.6145451068878174, -0.023422718048095703, 0.9731308746337891, -1.8272738098161767, -5.14178123677676, -4.017252847413891, -0.20983631206226416
1982, -0.027689456939697266, 0.03446817398071289, 0.6483442783355713, 0.022368669509887695, -0.6145086288452148, -0.023413658142089844, 0.9731537628173829, -1.8272755824309361, -5.14179017789148, -4.0172504211396065, -0.20982387460714857
1983, -0.027689456939697266, 0.03447580337524414, 0.6483442783355713, 0.022368669509887695, -0.6145360469818115, -0.023431777954101562, 0.9731385040283204, -1.8272632451571669, -5.141805313615476, -4.017244477055424, -0.20981930240746394
1984, -0.027682065963745117, 0.03446817398071289, 0.6483442783355713, 0.022377729415893555, -0.6145360469818115, -0.023440837860107422, 0.9731232452392579, -1.82725987980712, -5.1418147481314085, -4.017244116284031, -0.2098239931626571
1985, -0.02767467498779297, 0.03447580337524414, 0.6483361721038818, 0.022368669509887695, -0.6145360469818115, -0.023422718048095703, 0.9731385040283204, -1.8272601459947633, -5.141813545322159, -4.017243784823138, -0.2098188157018468
1986, -0.027689456939697266, 0.03446817398071289, 0.6483442783355713, 0.022377729415893555, -0.6145176887512207, -0.023450136184692383, 0.9731385040283204, -1.8272608500921743, -5.141809410456558, -4.017249237149795, -0.20980460224892195
1987, -0.027682065963745117, 0.03446078300476074, 0.6483283042907715, 0.022368669509887695, -0.6145176887512207, -0.023422718048095703, 0.9731385040283204, -1.8272587570993108, -5.1418106942888055, -4.017250649321197, -0.2098141694044946
1988, -0.027682065963745117, 0.03446817398071289, 0.6483283042907715, 0.022368669509887695, -0.6145451068878174, -0.023431777954101562, 0.9731537628173829, -1.8272619420653395, -5.1418068712478995, -4.017251228349259, -0.20980464437041402
1989, -0.027689456939697266, 0.034446001052856445, 0.6483283042907715, 0.022377729415893555, -0.6145451068878174, -0.023413658142089844, 0.9731614685058594, -1.8272619009694855, -5.14181583354201, -4.017251785056531, -0.20981972983534014
1990, -0.027682065963745117, 0.034446001052856445, 0.648320198059082, 0.022377729415893555, -0.6145176887512207, -0.023413658142089844, 0.9731537628173829, -1.8272528771566758, -5.141821953042729, -4.017247774248931, -0.2098187813909167
1991, -0.027667522430419922, 0.0344240665435791, 0.6483283042907715, 0.022386789321899414, -0.6145451068878174, -0.023422718048095703, 0.9731614685058594, -1.8272516927795968, -5.141824074143995, -4.0172499445019145, -0.20982401579441134
1992, -0.027696847915649414, 0.03441667556762695, 0.6483283042907715, 0.022386789321899414, -0.6145634651184082, -0.023431777954101562, 0.9731537628173829, -1.8272543899127855, -5.141822613010977, -4.017251557016317, -0.20983630739232506
1993, -0.02767467498779297, 0.03443145751953125, 0.648320198059082, 0.022368669509887695, -0.6145176887512207, -0.023422718048095703, 0.9731385040283204, -1.8272565778123626, -5.141826188938451, -4.017256417664604, -0.20984843130695285
1994, -0.027682065963745117, 0.034446001052856445, 0.6483283042907715, 0.022359371185302734, -0.6145086288452148, -0.023404359817504883, 0.9731462097167969, -1.8272590690500512, -5.141828405932151, -4.017259057584555, -0.20985339896191757
1995, -0.027689456939697266, 0.034446001052856445, 0.6483283042907715, 0.022395849227905273, -0.6144812107086182, -0.023450136184692383, 0.9731614685058594, -1.827263232600342, -5.141835979335745, -4.01725822153284, -0.20986437396509405
1996, -0.027689456939697266, 0.0344388484954834, 0.6483361721038818, 0.022377729415893555, -0.6145176887512207, -0.023431777954101562, 0.9731385040283204, -1.8272650450716548, -5.141839013027324, -4.017264272759875, -0.20987969654086314
1997, -0.027696847915649414, 0.0344388484954834, 0.6483361721038818, 0.022377729415893555, -0.6144812107086182, -0.023431777954101562, 0.9731462097167969, -1.8272611031952157, -5.141839176617091, -4.017265796455034, -0.2098950737304408
1998, -0.027696847915649414, 0.034446001052856445, 0.6483442783355713, 0.022377729415893555, -0.614499568939209, -0.023431777954101562, 0.9731614685058594, -1.8272634776350383, -5.141839251965232, -4.017267590880317, -0.20990072307911234
1999, -0.027689456939697266, 0.034446001052856445, 0.6483442783355713, 0.022386789321899414, -0.6145086288452148, -0.023413658142089844, 0.9731537628173829, -1.8272759581981264, -5.141841567727489, -4.017272660019944, -0.20990938858876262
2000, -0.027696847915649414, 0.0344388484954834, 0.6483283042907715, 0.022377729415893555, -0.6144812107086182, -0.023440837860107422, 0.9731537628173829, -1.8272726255281322, -5.141844610460376, -4.017270936272174, -0.20990662435723628
2001, -0.027696847915649414, 0.034446001052856445, 0.6483361721038818, 0.022377729415893555, -0.614499568939209, -0.023413658142089844, 0.9731537628173829, -1.827264609255949, -5.141847945702526, -4.017266487796277, -0.20989979178911433
2002, -0.027682065963745117, 0.0344388484954834, 0.6483283042907715, 0.022386789321899414, -0.6145176887512207, -0.023450136184692383, 0.9731537628173829, -1.8272701537089777, -5.141844245767632, -4.017271444556154, -0.20989592859207384
2003, -0.027682065963745117, 0.0344240665435791, 0.6483283042907715, 0.022368669509887695, -0.614490270614624, -0.023440837860107422, 0.9731385040283204, -1.8272671020887203, -5.141842490651552, -4.017273913289551, -0.20988415800535698
2004, -0.027682065963745117, 0.03443145751953125, 0.6483361721038818, 0.022368669509887695, -0.6145086288452148, -0.023404359817504883, 0.9731614685058594, -1.8272650888345572, -5.1418444222168045, -4.017273809223632, -0.20987967705673505
2005, -0.027667522430419922, 0.03443145751953125, 0.6483283042907715, 0.022377729415893555, -0.614499568939209, -0.023422718048095703, 0.9731690216064454, -1.8272741047243546, -5.141838463926878, -4.017273565983968, -0.20986166201265366
2006, -0.027660131454467773, 0.0344240665435791, 0.6483361721038818, 0.022405147552490234, -0.6144812107086182, -0.023422718048095703, 0.9731537628173829, -1.8272708715581278, -5.1418440895048825, -4.017272050115978, -0.2098419325821137
2007, -0.027667522430419922, 0.0344388484954834, 0.6483283042907715, 0.022386789321899414, -0.614490270614624, -0.023422718048095703, 0.9731537628173829, -1.8272691961358523, -5.141847342010092, -4.0172724176671455, -0.20985380923780994
2008, -0.027652502059936523, 0.03443145751953125, 0.6483283042907715, 0.022368669509887695, -0.6145086288452148, -0.023450136184692383, 0.9731690216064454, -1.8272709294818905, -5.14184231956186, -4.017274063473547, -0.20984450415915923
2009, -0.027652502059936523, 0.03441667556762695, 0.6483283042907715, 0.022386789321899414, -0.6145086288452148, -0.023422718048095703, 0.9731462097167969, -1.827267244923171, -5.141839595278716, -4.017276803523174, -0.20983134521696645
2010, -0.027637720108032227, 0.0344388484954834, 0.6483283042907715, 0.022377729415893555, -0.614499568939209, -0.023450136184692383, 0.9731537628173829, -1.8272638738012799, -5.141841412657102, -4.017274515439906, -0.20982748668494366
2011, -0.027652502059936523, 0.0344240665435791, 0.6483283042907715, 0.022377729415893555, -0.6144719123840332, -0.023450136184692383, 0.9731537628173829, -1.82727388497368, -5.141842060000919, -4.017277410915718, -0.20983745163335588
2012, -0.027645111083984375, 0.0344090461730957, 0.6483361721038818, 0.022368669509887695, -0.6145176887512207, -0.023431777954101562, 0.9731614685058594, -1.827280822580164, -5.141839127316075, -4.017279999548801, -0.20982334424803994
2013, -0.02763056755065918, 0.03441667556762695, 0.6483283042907715, 0.022395849227905273, -0.6145086288452148, -0.023431777954101562, 0.9731614685058594, -1.8272790104939969, -5.141848488382257, -4.01727924525357, -0.2098411323328575
2014, -0.027637720108032227, 0.0344240665435791, 0.6483283042907715, 0.022386789321899414, -0.6144812107086182, -0.023422718048095703, 0.9731537628173829, -1.8272858742394136, -5.141845312570486, -4.0172807196200555, -0.20982888986082315
2015, -0.027637720108032227, 0.0344090461730957, 0.6483361721038818, 0.022377729415893555, -0.614499568939209, -0.023431777954101562, 0.9731537628173829, -1.8272841319661752, -5.141848289282051, -4.017284931387314, -0.20983730343901996
2016, -0.02762317657470703, 0.034401893615722656, 0.6483361721038818, 0.022368669509887695, -0.614490270614624, -0.023431777954101562, 0.9731614685058594, -1.8272871657856302, -5.14184897632532, -4.017284177924075, -0.20984563043567395
2017, -0.02762317657470703, 0.034401893615722656, 0.6483361721038818, 0.022386789321899414, -0.6145269870758057, -0.023431777954101562, 0.9731614685058594, -1.8272882581450671, -5.1418497420452045, -4.017280703173497, -0.2098428958450178
2018, -0.027637720108032227, 0.0344090461730957, 0.6483283042907715, 0.022368669509887695, -0.6145086288452148, -0.023431777954101562, 0.9731537628173829, -1.8272978900172876, -5.141856793690498, -4.01728347278145, -0.20983550013797192
2019, -0.027637720108032227, 0.0344090461730957, 0.6483283042907715, 0.022368669509887695, -0.6145086288452148, -0.023431777954101562, 0.9731537628173829, -1.8272978900172876, -5.141856793690498, -4.01728347278145, -0.20983550013797192
2020, -0.027637720108032227, 0.03438711166381836, 0.6483361721038818, 0.022377729415893555, -0.614499568939209, -0.023440837860107422, 0.9731614685058594, -1.8272953371708802, -5.141859390459961, -4.017280307762956, -0.20982689390731846
2021, -0.027637720108032227, 0.03437972068786621, 0.6483283042907715, 0.022386789321899414, -0.6145086288452148, -0.023431777954101562, 0.9731614685058594, -1.8272969156506105, -5.141848790604663, -4.017286774976356, -0.2098361053997948
2022, -0.027637720108032227, 0.0344090461730957, 0.6483283042907715, 0.022395849227905273, -0.6144628524780273, -0.023440837860107422, 0.9731614685058594, -1.827289585274582, -5.141843406193544, -4.017288150169832, -0.20982116812540852
2023, -0.02762317657470703, 0.0344090461730957, 0.6483361721038818, 0.022386789321899414, -0.614490270614624, -0.023450136184692383, 0.9731614685058594, -1.8272853558207733, -5.141841961190344, -4.017282875628662, -0.2098319801175359
2024, -0.02763056755065918, 0.03439450263977051, 0.648320198059082, 0.022368669509887695, -0.6144812107086182, -0.023440837860107422, 0.9731614685058594, -1.8272874880829841, -5.141844691822172, -4.017279615454373, -0.20983456884861074
2025, -0.027645111083984375, 0.03438711166381836, 0.6483283042907715, 0.022386789321899414, -0.614499568939209, -0.023440837860107422, 0.9731614685058594, -1.8272908856013144, -5.141848956159187, -4.017281015378043, -0.2098372270069353
2026, -0.02763056755065918, 0.03437972068786621, 0.6483283042907715, 0.022377729415893555, -0.614499568939209, -0.023450136184692383, 0.9731614685058594, -1.8272940105768845, -5.141851895339141, -4.017283661614557, -0.2098286527497848
2027, -0.02762317657470703, 0.03438711166381836, 0.6483361721038818, 0.022377729415893555, -0.614499568939209, -0.023404359817504883, 0.9731690216064454, -1.827290627787122, -5.14185181743455, -4.017284135433595, -0.20982607650243956
2028, -0.02762317657470703, 0.03438711166381836, 0.6483283042907715, 0.022395849227905273, -0.6144812107086182, -0.023422718048095703, 0.9731767272949219, -1.8272941308044888, -5.141848807474921, -4.017287468157931, -0.20980873300228797
2029, -0.027637720108032227, 0.03439450263977051, 0.6483283042907715, 0.022386789321899414, -0.614499568939209, -0.023440837860107422, 0.9731537628173829, -1.827295958082198, -5.1418465627706444, -4.017286533845058, -0.2097930843941178
2030, -0.027615785598754883, 0.03438711166381836, 0.6483361721038818, 0.022395849227905273, -0.614490270614624, -0.023422718048095703, 0.9731690216064454, -1.8272991734429491, -5.14184655599259, -4.017285364998115, -0.20977714173345152
2031, -0.027637720108032227, 0.03439450263977051, 0.6483361721038818, 0.022377729415893555, -0.6144812107086182, -0.023413658142089844, 0.9731462097167969, -1.8273002661496462, -5.141849142724639, -4.0172859155524865, -0.20978372003309875
2032, -0.02763056755065918, 0.03438711166381836, 0.6483442783355713, 0.022386789321899414, -0.6145086288452148, -0.023413658142089844, 0.9731767272949219, -1.827301678942947, -5.141852859649197, -4.017286304202114, -0.20977916732526225
2033, -0.02763056755065918, 0.034372568130493164, 0.6483442783355713, 0.022377729415893555, -0.6144537925720215, -0.023440837860107422, 0.9731614685058594, -1.8272990646751048, -5.141849565818519, -4.017286763184357, -0.20977691710270463
2034, -0.02762317657470703, 0.03439450263977051, 0.6483361721038818, 0.022359371185302734, -0.6145176887512207, -0.023422718048095703, 0.9731537628173829, -1.8272976332588575, -5.141853397873145, -4.01728841174147, -0.2097709713636453
2035, -0.02763056755065918, 0.03438711166381836, 0.6483283042907715, 0.022386789321899414, -0.6144628524780273, -0.023422718048095703, 0.9731614685058594, -1.8272973247487534, -5.141855623294679, -4.017287638724769, -0.20976956819027226
2036, -0.027637720108032227, 0.03439450263977051, 0.6483361721038818, 0.022386789321899414, -0.6145176887512207, -0.023422718048095703, 0.9731690216064454, -1.827301067227241, -5.141863762924208, -4.017285921560226, -0.20977580798011175
2037, -0.02763056755065918, 0.03439450263977051, 0.6483283042907715, 0.022377729415893555, -0.6144719123840332, -0.023413658142089844, 0.9731537628173829, -1.8273026219415638, -5.14186127156008, -4.017286585947717, -0.20979133335905242
2038, -0.02763056755065918, 0.034365177154541016, 0.6483283042907715, 0.022386789321899414, -0.6144719123840332, -0.023422718048095703, 0.9731690216064454, -1.827305943987027, -5.14185748482045, -4.017287444226466, -0.20980961749641303
2039, -0.02763056755065918, 0.03437972068786621, 0.6483283042907715, 0.022386789321899414, -0.614499568939209, -0.023459196090698242, 0.9731614685058594, -1.827303308759891, -5.141855547985468, -4.017289444358598, -0.20982697815290408
2040, -0.02763056755065918, 0.034372568130493164, 0.6483361721038818, 0.022368669509887695, -0.6145086288452148, -0.023422718048095703, 0.9731537628173829, -1.827299503881048, -5.141850472419591, -4.017288114461701, -0.20984118694122778
2041, -0.02763056755065918, 0.034372568130493164, 0.6483361721038818, 0.022395849227905273, -0.6145086288452148, -0.023440837860107422, 0.9731614685058594, -1.8273036769863507, -5.141850217132113, -4.017290867277164, -0.20984583323885264
2042, -0.02763056755065918, 0.034365177154541016, 0.6483283042907715, 0.022395849227905273, -0.6144812107086182, -0.023431777954101562, 0.9731690216064454, -1.82730350215426, -5.14184999716946, -4.017290297789686, -0.2098302758820605
2043, -0.02763056755065918, 0.034357547760009766, 0.6483361721038818, 0.022386789321899414, -0.6145176887512207, -0.023422718048095703, 0.9731614685058594, -1.8273057694520909, -5.141853779125913, -4.017289178363922, -0.20982339885432477
2044, -0.02762317657470703, 0.034365177154541016, 0.6483442783355713, 0.022377729415893555, -0.6145176887512207, -0.023431777954101562, 0.9731614685058594, -1.8273087423988055, -5.141853383646021, -4.017291370192083, -0.20982594079185635
2045, -0.02763056755065918, 0.034372568130493164, 0.6483283042907715, 0.022395849227905273, -0.6144812107086182, -0.023450136184692383, 0.9731843566894531, -1.8273095959171695, -5.141856656866138, -4.017292505867232, -0.209837404840151
2046, -0.02762317657470703, 0.034372568130493164, 0.6483442783355713, 0.022368669509887695, -0.614490270614624, -0.023395299911499023, 0.9731919860839844, -1.8273146062627548, -5.141850057366223, -4.017291905716878, -0.20981949352781015
2047, -0.02763056755065918, 0.034365177154541016, 0.6483361721038818, 0.022405147552490234, -0.614490270614624, -0.023413658142089844, 0.9731614685058594, -1.82731401303299, -5.141851017417993, -4.017293533358369, -0.20981786806042813
2048, -0.02763056755065918, 0.03437972068786621, 0.6483361721038818, 0.022386789321899414, -0.6144812107086182, -0.023431777954101562, 0.9731690216064454, -1.8273145154273456, -5.141849943412286, -4.017292410328325, -0.20980642350375955
2049, -0.02762317657470703, 0.03435015678405762, 0.6483521461486816, 0.022368669509887695, -0.6144812107086182, -0.023422718048095703, 0.9731690216064454, -1.8273237285948516, -5.1418472253420875, -4.017295217876531, -0.2097980224088225
2050, -0.02763056755065918, 0.034357547760009766, 0.6483361721038818, 0.022395849227905273, -0.6144719123840332, -0.023413658142089844, 0.9731614685058594, -1.827325055050485, -5.14185161071031, -4.0172971847790535, -0.20980368891443657
2051, -0.02763056755065918, 0.034365177154541016, 0.6483283042907715, 0.022414207458496094, -0.6144719123840332, -0.023431777954101562, 0.9731690216064454, -1.8273249634869515, -5.141847132380041, -4.017293050566271, -0.20979197527158
2052, -0.02762317657470703, 0.03434276580810547, 0.6483283042907715, 0.022368669509887695, -0.6145086288452148, -0.023413658142089844, 0.9731690216064454, -1.8273311288202225, -5.141844207246692, -4.017295261364728, -0.20979815812126645
2053, -0.027608394622802734, 0.03435015678405762, 0.6483283042907715, 0.022395849227905273, -0.6145086288452148, -0.023422718048095703, 0.9731767272949219, -1.8273354794907837, -5.14184722781944, -4.017292562456421, -0.2097906017363007
2054, -0.02763056755065918, 0.03433537483215332, 0.6483283042907715, 0.022386789321899414, -0.6145086288452148, -0.023431777954101562, 0.9731690216064454, -1.827337596500192, -5.14185148223163, -4.017293735806701, -0.20980797954671448
2055, -0.027615785598754883, 0.03433537483215332, 0.6483442783355713, 0.022386789321899414, -0.614490270614624, -0.023422718048095703, 0.9731767272949219, -1.8273374019432016, -5.141852562167607, -4.0172947098295015, -0.20982356420396187
2056, -0.02762317657470703, 0.034365177154541016, 0.6483283042907715, 0.022368669509887695, -0.614499568939209, -0.023431777954101562, 0.9731690216064454, -1.8273359009065977, -5.1418486165558255, -4.017296270383838, -0.20982588618527132
2057, -0.027615785598754883, 0.03435015678405762, 0.6483283042907715, 0.022368669509887695, -0.614490270614624, -0.023404359817504883, 0.9731767272949219, -1.8273405275214312, -5.141844857449589, -4.017299747542921, -0.20981774169363465
2058, -0.027608394622802734, 0.03434276580810547, 0.6483283042907715, 0.022368669509887695, -0.614499568939209, -0.023422718048095703, 0.9731843566894531, -1.8273424617558036, -5.141839927902985, -4.017295511409178, -0.2098272495738982
2059, -0.027608394622802734, 0.03435015678405762, 0.6483361721038818, 0.022386789321899414, -0.6144719123840332, -0.023422718048095703, 0.9731614685058594, -1.8273461439675476, -5.141838424740412, -4.017298621406721, -0.20983384269625205
2060, -0.027615785598754883, 0.03433537483215332, 0.6483361721038818, 0.022377729415893555, -0.614499568939209, -0.023422718048095703, 0.9731690216064454, -1.8273445927594945, -5.141842007609789, -4.017295493482992, -0.20982818086314747
2061, -0.027615785598754883, 0.03431344032287598, 0.6483361721038818, 0.022405147552490234, -0.6144812107086182, -0.023459196090698242, 0.9731690216064454, -1.827347722358284, -5.141839563855183, -4.017293256351615, -0.20984514372901142
2062, -0.027615785598754883, 0.03432822227478027, 0.6483442783355713, 0.022395849227905273, -0.6145269870758057, -0.023440837860107422, 0.9731767272949219, -1.8273507756533358, -5.141839684840392, -4.01729628548213, -0.20984523264557176
2063, -0.027608394622802734, 0.034320831298828125, 0.6483442783355713, 0.022368669509887695, -0.614490270614624, -0.023413658142089844, 0.9731690216064454, -1.8273504956607303, -5.141841088454565, -4.017297625650472, -0.20985108946631392
2064, -0.027615785598754883, 0.03433537483215332, 0.6483442783355713, 0.022395849227905273, -0.614490270614624, -0.023413658142089844, 0.9731690216064454, -1.827346544934259, -5.141836614532216, -4.017299575395464, -0.20984977287182804
2065, -0.027600765228271484, 0.03435015678405762, 0.6483361721038818, 0.022414207458496094, -0.614499568939209, -0.023440837860107422, 0.9731690216064454, -1.827345290113584, -5.141835472168527, -4.017296648647395, -0.20985206521408983
2066, -0.02762317657470703, 0.03434276580810547, 0.6483361721038818, 0.022395849227905273, -0.6144628524780273, -0.023422718048095703, 0.9731614685058594, -1.8273442739974337, -5.1418329836554335, -4.017299167490771, -0.20985518510997014
2067, -0.027600765228271484, 0.03431344032287598, 0.6483521461486816, 0.022386789321899414, -0.614499568939209, -0.023422718048095703, 0.9731767272949219, -1.8273430053589639, -5.141835697805825, -4.017296502306554, -0.20984837984595028
2068, -0.027600765228271484, 0.03425455093383789, 0.6483681201934814, 0.022395849227905273, -0.6145451068878174, -0.023431777954101562, 0.9731462097167969, -1.8273639429272757, -5.141838735293731, -4.01731955113622, -0.20984477557779524
2069, -0.027593612670898438, 0.03412890434265137, 0.6485438346862793, 0.022377729415893555, -0.614654541015625, -0.023422718048095703, 0.9731690216064454, -1.8273946473795621, -5.141835454807998, -4.017368732920605, -0.20984400963660121
2070, -0.027600765228271484, 0.03384876251220703, 0.6488795280456543, 0.022386789321899414, -0.6148281097412109, -0.023440837860107422, 0.9731614685058594, -1.8274202783429772, -5.141817527462337, -4.017390068352799, -0.20985009889913186
2071, -0.02758622169494629, 0.03336954116821289, 0.6495826244354248, 0.022386789321899414, -0.6161704063415527, -0.023422718048095703, 0.9731462097167969, -1.8274311515394035, -5.141802663089781, -4.017409441362701, -0.20984605786466037
2072, -0.027608394622802734, 0.03293442726135254, 0.6505331993103027, 0.022395849227905273, -0.6189460754394531, -0.023422718048095703, 0.9731690216064454, -1.827438426981173, -5.141807653492399, -4.017429442181045, -0.20984087806782625
2073, -0.027608394622802734, 0.03269076347351074, 0.6511883735656738, 0.022395849227905273, -0.620863676071167, -0.023413658142089844, 0.9731690216064454, -1.8274402591550198, -5.141808015857537, -4.0174286002111135, -0.2098468409599299
2074, -0.027571439743041992, 0.03247714042663574, 0.6517238616943359, 0.022386789321899414, -0.6223428249359131, -0.023431777954101562, 0.9731767272949219, -1.8274654522478566, -5.1418098822379585, -4.017440171987428, -0.2098696606487076
2075, -0.0275418758392334, 0.03246951103210449, 0.6518995761871338, 0.022405147552490234, -0.623100757598877, -0.023431777954101562, 0.9731843566894531, -1.8274839430623633, -5.141797520469595, -4.017455395717399, -0.2098673035416292
2076, -0.0275418758392334, 0.0324254035949707, 0.6520514488220215, 0.022395849227905273, -0.6237761974334717, -0.023431777954101562, 0.9731843566894531, -1.8275077624050469, -5.14178372124235, -4.017459429541399, -0.20987117922693077
2077, -0.02753448486328125, 0.03240323066711426, 0.6521711349487305, 0.022405147552490234, -0.6241414546966553, -0.023440837860107422, 0.9731843566894531, -1.8275342757405175, -5.1417685437591665, -4.0174649573507155, -0.20987407683155634
2078, -0.027519941329956055, 0.03243279457092285, 0.6521871089935303, 0.022414207458496094, -0.6240501403808594, -0.023413658142089844, 0.9731843566894531, -1.8275205724593095, -5.141764630301733, -4.017462645080104, -0.2098632078983309
2079, -0.027512550354003906, 0.03244757652282715, 0.6522750854492188, 0.022386789321899414, -0.6241233348846436, -0.023422718048095703, 0.9731919860839844, -1.8275114308495977, -5.1417647112872995, -4.0174586203255505, -0.2098693166478256
2080, -0.02749013900756836, 0.03247714042663574, 0.6524109840393066, 0.022414207458496094, -0.6240684986114502, -0.023440837860107422, 0.9731690216064454, -1.8274903742382547, -5.141760228627404, -4.0174497475012885, -0.20985456969596683
2081, -0.02745342254638672, 0.03258776664733887, 0.6525068283081055, 0.022423267364501953, -0.6241414546966553, -0.023431777954101562, 0.9731767272949219, -1.8274824582180134, -5.14177162235677, -4.017458436935552, -0.20985471555627555
2082, -0.027438879013061523, 0.03275012969970703, 0.6525626182556152, 0.022423267364501953, -0.624168872833252, -0.023459196090698242, 0.9731843566894531, -1.8274734719588042, -5.1417711896749765, -4.017457040553825, -0.20985845553375526
2083, -0.027394533157348633, 0.032948970794677734, 0.652794361114502, 0.022469043731689453, -0.6242237091064453, -0.023413658142089844, 0.9731843566894531, -1.8274666210006207, -5.141764256867566, -4.017459403010866, -0.20985084768736506
2084, -0.02736496925354004, 0.03305959701538086, 0.6530420780181885, 0.022478103637695312, -0.6243059635162354, -0.023440837860107422, 0.9731537628173829, -1.8274526373528657, -5.1417677695918895, -4.017451607868646, -0.20986485367259355
2085, -0.0273282527923584, 0.03319978713989258, 0.653289794921875, 0.022496461868286133, -0.6247351169586182, -0.023404359817504883, 0.9731690216064454, -1.827432395448351, -5.141772009112054, -4.017441044954041, -0.20987218776885896
2086, -0.02726888656616211, 0.033701419830322266, 0.6536011695861816, 0.022496461868286133, -0.6273558139801025, -0.023422718048095703, 0.9731308746337891, -1.8273978952598813, -5.1417713958521984, -4.017427299060798, -0.20986514539437096
2087, -0.02718806266784668, 0.03454947471618652, 0.6537370681762695, 0.02260589599609375, -0.6320669651031494, -0.023413658142089844, 0.9731843566894531, -1.8273882846434888, -5.141783085705653, -4.017429344878064, -0.20987462364013876
2088, -0.027114391326904297, 0.03543448448181152, 0.6536331176757812, 0.02271556854248047, -0.6356465816497803, -0.023422718048095703, 0.9731767272949219, -1.8273867101021875, -5.141777468645563, -4.017427509441071, -0.20988153497188122
2089, -0.0268707275390625, 0.037860870361328125, 0.6536891460418701, 0.023437023162841797, -0.6458272933959961, -0.023440837860107422, 0.9731614685058594, -1.8273924212836177, -5.141757483558491, -4.017412622624192, -0.2099002192200876
2090, -0.026708602905273438, 0.037329673767089844, 0.656597375869751, 0.023573875427246094, -0.652127742767334, -0.023459196090698242, 0.9731156158447266, -1.8274024135864175, -5.141753950316739, -4.017404050316561, -0.20991366206624473
2091, -0.026590585708618164, 0.03523516654968262, 0.6633484363555908, 0.023683547973632812, -0.6601080894470215, -0.023440837860107422, 0.9731843566894531, -1.8273625338865163, -5.14176906519504, -4.01741439761266, -0.20993465515843646
2092, -0.026531457901000977, 0.029195308685302734, 0.6779131889343262, 0.02367424964904785, -0.6715033054351807, -0.023486614227294922, 0.9731843566894531, -1.8272687596534323, -5.141798456450283, -4.017459972227919, -0.20993980700353543
2093, -0.0264432430267334, 0.02142953872680664, 0.6967284679412842, 0.023692607879638672, -0.6822774410247803, -0.023486614227294922, 0.9731843566894531, -1.827173822696808, -5.141832776891228, -4.017490069573142, -0.20991919155790661
2094, -0.026376724243164062, 0.01457071304321289, 0.7123000621795654, 0.02373814582824707, -0.6896188259124756, -0.0235140323638916, 0.9731767272949219, -1.8271255797217059, -5.141851938346588, -4.017506513111348, -0.20991274512017188
2095, -0.026243925094604492, 0.0045702457427978516, 0.7356052398681641, 0.02375650405883789, -0.700995922088623, -0.02354121208190918, 0.9730850219726562, -1.8270544078123978, -5.141892738206595, -4.017513241404962, -0.2098913816838479
2096, -0.026185035705566406, -0.010223627090454102, 0.7695927619934082, 0.02379298210144043, -0.7202985286712646, -0.02353215217590332, 0.9732072448730469, -1.8269211337256586, -5.141943766356386, -4.017530227043717, -0.20988168977332933
2097, -0.026133298873901367, -0.023609161376953125, 0.7983708381652832, 0.02378392219543457, -0.7334651947021484, -0.02357769012451172, 0.9731385040283204, -1.826793191271555, -5.141949977370324, -4.017538576732429, -0.20986176611713248
2098, -0.026052474975585938, -0.03031301498413086, 0.8132631778717041, 0.02376556396484375, -0.7403862476348877, -0.02356863021850586, 0.9731385040283204, -1.8267324091796657, -5.141962363638067, -4.017542080225144, -0.20984890199880812
2099, -0.026052474975585938, -0.05105113983154297, 0.8580281734466553, 0.02385687828063965, -0.7621817588806152, -0.0235140323638916, 0.9731614685058594, -1.8264934796876324, -5.141984113264881, -4.017558783131271, -0.20980613749853738
2100, -0.02603006362915039, -0.05810904502868652, 0.8730006217956543, 0.023838520050048828, -0.7693037986755371, -0.02355051040649414, 0.9731767272949219, -1.8264341613232569, -5.141991354110649, -4.0175771730789265, -0.2097874952682366
2101, -0.026044845581054688, -0.07586026191711426, 0.9101276397705078, 0.02385687828063965, -0.787254810333252, -0.02355051040649414, 0.9731919860839844, -1.8263013637871102, -5.142068001027518, -4.017625738021567, -0.20974726324329573
2102, -0.026015281677246094, -0.08999800682067871, 0.938969612121582, 0.02384781837463379, -0.8010425567626953, -0.02357769012451172, 0.9731462097167969, -1.8261763481226874, -5.142174691139981, -4.0176637508379835, -0.20973828567940966
2103, -0.025963783264160156, -0.0969228744506836, 0.9533028602600098, 0.02385687828063965, -0.8085570335388184, -0.0235595703125, 0.9731308746337891, -1.826122916886252, -5.142215481505736, -4.017689355082968, -0.20976013757331735
2104, -0.02586054801940918, -0.11137080192565918, 0.9823765754699707, 0.023874998092651367, -0.8239333629608154, -0.02353215217590332, 0.9731614685058594, -1.825995136897789, -5.142224660864707, -4.017731084724569, -0.20980455118386399
2105, -0.025838375091552734, -0.12652587890625, 1.0130720138549805, 0.023874998092651367, -0.8411359786987305, -0.02353215217590332, 0.9731614685058594, -1.8257998760133562, -5.142198973141867, -4.017763303170854, -0.20983614512805016
2106, -0.02586054801940918, -0.13822269439697266, 1.036728858947754, 0.023911714553833008, -0.8539280891418457, -0.0235140323638916, 0.9731995391845704, -1.825648503386169, -5.142192266428551, -4.017801081764493, -0.2098441821013477
2107, -0.02585315704345703, -0.15432953834533691, 1.068439245223999, 0.02378392219543457, -0.8705282211303711, -0.02352309226989746, 0.9731614685058594, -1.8254997730116553, -5.142224200213017, -4.017880106706033, -0.20981033721876852
2108, -0.025941848754882812, -0.16609978675842285, 1.0920562744140625, 0.023911714553833008, -0.8820967674255371, -0.02349567413330078, 0.9731614685058594, -1.8253863507213666, -5.142288134474463, -4.01793059201895, -0.2098063593511892
2109, -0.025941848754882812, -0.1853039264678955, 1.1303019523620605, 0.023647069931030273, -0.9019472599029541, -0.02349567413330078, 0.9731843566894531, -1.8251808752538725, -5.1424562704371, -4.018013405719646, -0.20980560281069582
2110, -0.025897502899169922, -0.1963515281677246, 1.152872085571289, 0.02382040023803711, -0.9138448238372803, -0.023459196090698242, 0.9732072448730469, -1.8250563937009066, -5.142513183274544, -4.018046968096665, -0.20981983906962043
2111, -0.02594900131225586, -0.20711898803710938, 1.1747074127197266, 0.02370166778564453, -0.925358772277832, -0.0235140323638916, 0.9731690216064454, -1.8248761831832105, -5.1425162813854115, -4.018045965864737, -0.2098255898889514
2112, -0.025919437408447266, -0.2176651805639267, 1.1963269710540771, 0.023555517196655273, -0.9371557235717773, -0.02349567413330078, 0.9731919860839844, -1.8247110050651814, -5.142514375083302, -4.018037306579558, -0.20983673738397712
2113, -0.025823593139648438, -0.2342219352722168, 1.23128080368042, 0.023582935333251953, -0.9558923244476318, -0.023459196090698242, 0.9731537628173829, -1.8244673614931652, -5.142485198537602, -4.018020009306008, -0.20981927745629747
2114, -0.025882720947265625, -0.24403023719787598, 1.2518937587738037, 0.023509979248046875, -0.9676892757415771, -0.023459196090698242, 0.9732225036621094, -1.8243332693805154, -5.142533399536809, -4.018027518879388, -0.2098011085288931
2115, -0.02586054801940918, -0.25352931022644043, 1.2725145816802979, 0.023591995239257812, -0.9791851043701172, -0.023422718048095703, 0.9731995391845704, -1.8242029407822256, -5.142624686521875, -4.0180487095922315, -0.20977030467379176
2116, -0.025838375091552734, -0.2660224437713623, 1.2997667789459229, 0.023500680923461914, -0.9946892261505127, -0.023404359817504883, 0.9731767272949219, -1.8240397099638548, -5.142779468502145, -4.018103962015847, -0.20974062711777197
2117, -0.025794029235839844, -0.2785155773162842, 1.326954960823059, 0.023555517196655273, -1.0094263553619385, -0.023395299911499023, 0.9732148742675781, -1.823808710579061, -5.142864667425603, -4.0181394104339105, -0.20974240079767092
2118, -0.025735139846801758, -0.2876162528991699, 1.3470804691314697, 0.023464202880859375, -1.0201916694641113, -0.023386240005493164, 0.9731767272949219, -1.8236131571312097, -5.142889528423847, -4.018170508403553, -0.2097368527811172
2119, -0.025712966918945312, -0.299762487411499, 1.3736693859100342, 0.023500680923461914, -1.0347371101379395, -0.023331165313720703, 0.9732072448730469, -1.8233383155931877, -5.142849086864236, -4.018218150783977, -0.2097497256123777
2120, -0.025668859481811523, -0.31173205375671387, 1.4000905752182007, 0.023437023162841797, -1.0490269660949707, -0.023367881774902344, 0.9731614685058594, -1.823077959239566, -5.142846763828554, -4.018313878559032, -0.20974369477898946
2121, -0.025676250457763672, -0.32069993019104004, 1.4196808338165283, 0.023464202880859375, -1.060002088546753, -0.023367881774902344, 0.9731919860839844, -1.8229052113690265, -5.14289791307534, -4.018429741933638, -0.20972410547046838
2122, -0.025794029235839844, -0.33551621437072754, 1.4518306255340576, 0.023363828659057617, -1.0772414207458496, -0.023322105407714844, 0.9731690216064454, -1.822643785114157, -5.143095533693638, -4.018704268888682, -0.2096856162367251
2123, -0.025720596313476562, -0.34738993644714355, 1.477357029914856, 0.023400545120239258, -1.091019630432129, -0.023294687271118164, 0.9731843566894531, -1.8223903996735196, -5.1432105138584765, -4.018932541992622, -0.20969435349561394
2124, -0.025735139846801758, -0.35629868507385254, 1.496212124824524, 0.023391246795654297, -1.1009628772735596, -0.023285627365112305, 0.9731767272949219, -1.8221892238181077, -5.143254849380858, -4.019125082929033, -0.2097357910753317
2125, -0.025602340698242188, -0.36829015612602234, 1.5212671756744385, 0.023354768753051758, -1.1141936779022217, -0.023267269134521484, 0.9731919860839844, -1.8218830974750744, -5.143244929788896, -4.019411372877188, -0.20978345161793222
2126, -0.025491714477539062, -0.3771624267101288, 1.5399225950241089, 0.023363828659057617, -1.1242926120758057, -0.023267269134521484, 0.9731995391845704, -1.8216489795212307, -5.143252419920963, -4.019670852715907, -0.20980311845840482
2127, -0.025646448135375977, -0.3921036720275879, 1.5705941915512085, 0.023336410522460938, -1.139979362487793, -0.023258209228515625, 0.9731767272949219, -1.8213034843056541, -5.14330984740602, -4.020202450309411, -0.20982414979955433
2128, -0.025528669357299805, -0.404346227645874, 1.5950580835342407, 0.023308992385864258, -1.1529085636138916, -0.023240089416503906, 0.9731767272949219, -1.8210199369478834, -5.143373121924126, -4.02069769688226, -0.209824212540612
2129, -0.025565624237060547, -0.4134986400604248, 1.6129944324493408, 0.023327350616455078, -1.1621947288513184, -0.023203611373901367, 0.9731843566894531, -1.8208053722564688, -5.14342598966642, -4.021126693553968, -0.2098228774474835
2130, -0.025602340698242188, -0.41945740580558777, 1.6248748302459717, 0.02326345443725586, -1.1680655479431152, -0.023194313049316406, 0.9731614685058594, -1.8206620846946213, -5.1434632432759875, -4.021433736428475, -0.20982789854824002
2131, -0.025521278381347656, -0.43180298805236816, 1.6485955715179443, 0.023308992385864258, -1.1805291175842285, -0.023130416870117188, 0.9731767272949219, -1.820375589962067, -5.143543962456941, -4.0221048499531, -0.20983398385517038
2132, -0.025476932525634766, -0.4408888816833496, 1.6660845279693604, 0.023308992385864258, -1.1899521350860596, -0.02313971519470215, 0.9731767272949219, -1.8201572986480885, -5.143603158266055, -4.022650892957838, -0.20985472095359903
2133, -0.025521278381347656, -0.45328614115715027, 1.689054250717163, 0.0232999324798584, -1.2012014389038086, -0.023121356964111328, 0.9731767272949219, -1.8198574813464956, -5.14367145582276, -4.023449344163248, -0.20987887653120296
2134, -0.025440216064453125, -0.462526798248291, 1.7062636613845825, 0.023308992385864258, -1.2100491523742676, -0.02304816246032715, 0.9731995391845704, -1.819628156992096, -5.143719486219461, -4.024091427806347, -0.2098650894888996
2135, -0.025388717651367188, -0.47182631492614746, 1.7233930826187134, 0.0232999324798584, -1.2190520763397217, -0.02297520637512207, 0.9732072448730469, -1.8193957856689238, -5.14376361060413, -4.024761712304614, -0.2098426369857851
2136, -0.02546215057373047, -0.4842531383037567, 1.745827555656433, 0.023290634155273438, -1.2302193641662598, -0.022801876068115234, 0.9731767272949219, -1.8190800508978893, -5.14382605344451, -4.02568677114535, -0.20982904557552295
2137, -0.02533698081970215, -0.4965031147003174, 1.7680623531341553, 0.023318052291870117, -1.2416234016418457, -0.022774219512939453, 0.9731690216064454, -1.8187689312983428, -5.143898684010714, -4.026629330171794, -0.20980315739801014
2138, -0.025248289108276367, -0.5055372714996338, 1.7846643924713135, 0.023327350616455078, -1.2504804134368896, -0.022746801376342773, 0.9731919860839844, -1.818529048416413, -5.143965435178151, -4.027339229318196, -0.2098210824207314
2139, -0.02524089813232422, -0.5176467895507812, 1.8064677715301514, 0.0232999324798584, -1.2610359191894531, -0.022591829299926758, 0.9731919860839844, -1.8182022288495054, -5.144054831327184, -4.028276963027442, -0.20982834845201292
2140, -0.025012493133544922, -0.5266811847686768, 1.822790265083313, 0.023290634155273438, -1.2692992687225342, -0.022162437438964844, 0.9731614685058594, -1.8179575962199237, -5.144123300436146, -4.028968421700637, -0.20982801202538948
2141, -0.02487945556640625, -0.538672924041748, 1.8443938493728638, 0.0232999324798584, -1.280977487564087, -0.02077460289001465, 0.9731843566894531, -1.8176238497101473, -5.144206241144695, -4.029853352641716, -0.20985673571175134
2142, -0.024776458740234375, -0.5475225448608398, 1.8604047298431396, 0.0232999324798584, -1.2891223430633545, -0.019870758056640625, 0.9731919860839844, -1.8173627950311675, -5.14425915407101, -4.030484258965495, -0.20986721300647204
2143, -0.024599313735961914, -0.556438684463501, 1.876184105873108, 0.023308992385864258, -1.2969474792480469, -0.01951456069946289, 0.9731843566894531, -1.8171152771029164, -5.144313033262634, -4.031098365272497, -0.20987833411967483
2144, -0.0244295597076416, -0.5792641639709473, 1.9176174402236938, 0.023318052291870117, -1.319098949432373, -0.01948714256286621, 0.9732072448730469, -1.8164528562222453, -5.144438831132107, -4.032592458620879, -0.20984995967700293
2145, -0.024363279342651367, -0.5930848121643066, 1.942696452140808, 0.0232999324798584, -1.3324296474456787, -0.019469022750854492, 0.9731843566894531, -1.816039571310005, -5.1445333858276445, -4.033432241685517, -0.20982444061516858
2146, -0.024385690689086914, -0.6035423278808594, 1.9625502824783325, 0.023327350616455078, -1.3435420989990234, -0.019432544708251953, 0.9731919860839844, -1.8157007582728846, -5.1446163932299545, -4.034058841030075, -0.20980353420048026
2147, -0.024378061294555664, -0.6137049198150635, 1.9822443723678589, 0.023308992385864258, -1.354325771331787, -0.019441604614257812, 0.9731919860839844, -1.8153263618228945, -5.144698289526809, -4.034642674282858, -0.20977679015692274
2148, -0.024341344833374023, -0.62117600440979, 1.9968252182006836, 0.0232999324798584, -1.3623332977294922, -0.019423484802246094, 0.9731843566894531, -1.8150463112873823, -5.1447584902886225, -4.035069442577321, -0.2097959461333554
2149, -0.024333953857421875, -0.6309473514556885, 2.016127824783325, 0.023318052291870117, -1.3733999729156494, -0.019423484802246094, 0.9731919860839844, -1.8146523333213307, -5.1448271501509915, -4.035592122363418, -0.20980121672594887
2150, -0.024201154708862305, -0.6404241919517517, 2.0353026390075684, 0.023327350616455078, -1.3843843936920166, -0.019414186477661133, 0.9731843566894531, -1.8142613033743837, -5.144897419373371, -4.036097786178962, -0.20980315071398348
2151, -0.024238109588623047, -0.6451442241668701, 2.0447940826416016, 0.023336410522460938, -1.389817237854004, -0.019368648529052734, 0.9731919860839844, -1.8140586500926017, -5.144933387709271, -4.036336413337834, -0.20982649475819048
2152, -0.023935556411743164, -0.656649112701416, 2.068387031555176, 0.023318052291870117, -1.4038422107696533, -0.019396066665649414, 0.9731843566894531, -1.8135518971394258, -5.145035923869919, -4.036895607819016, -0.20989625304526704
2153, -0.023684978485107422, -0.6654253005981445, 2.087090492248535, 0.023308992385864258, -1.4149088859558105, -0.019386768341064453, 0.9731919860839844, -1.8131416602309969, -5.145128219255169, -4.037295904421283, -0.20997211532916715
2154, -0.02361130714416504, -0.671907901763916, 2.100992202758789, 0.0233457088470459, -1.4231445789337158, -0.019322872161865234, 0.9731614685058594, -1.812827633269365, -5.145203105941083, -4.037574377491851, -0.210024980527316
2155, -0.023308753967285156, -0.6823947429656982, 2.123889923095703, 0.023336410522460938, -1.4375441074371338, -0.019304513931274414, 0.9731919860839844, -1.8123068986086257, -5.1453213223555565, -4.037980912033104, -0.21010996860750364
2156, -0.023176193237304688, -0.6885454654693604, 2.1374082565307617, 0.0233457088470459, -1.4458348751068115, -0.019286394119262695, 0.9731919860839844, -1.8119929328977233, -5.145383449981259, -4.03820076139662, -0.2101377036266605
2157, -0.02307271957397461, -0.6944308280944824, 2.1506948471069336, 0.023336410522460938, -1.4539520740509033, -0.019277095794677734, 0.9732072448730469, -1.811690326964229, -5.145442009432003, -4.038413679764877, -0.21014785805796077
2158, -0.023065567016601562, -0.7016286253929138, 2.167975902557373, 0.023327350616455078, -1.4648816585540771, -0.019213438034057617, 0.9731995391845704, -1.8112862455670902, -5.145515983846354, -4.038689655103788, -0.21011306442569477
2159, -0.02307271957397461, -0.7050285339355469, 2.1762771606445312, 0.023308992385864258, -1.4699037075042725, -0.0191495418548584, 0.9732072448730469, -1.8110896434440704, -5.145552924038348, -4.038829101288546, -0.21008591996687898
2160, -0.02307271957397461, -0.7114667892456055, 2.192000389099121, 0.023318052291870117, -1.4786968231201172, -0.01906728744506836, 0.9732225036621094, -1.8107170328106783, -5.145626619182266, -4.0390907456241605, -0.21004067228001855
2161, -0.02307271957397461, -0.7172338366508484, 2.2064690589904785, 0.023308992385864258, -1.4869053363800049, -0.01897597312927246, 0.9731995391845704, -1.8103809748186235, -5.145704839407602, -4.039330403938794, -0.20996224409477815
2162, -0.023138999938964844, -0.7209804058074951, 2.2164878845214844, 0.023327350616455078, -1.4935250282287598, -0.018848180770874023, 0.9732225036621094, -1.8101554882636348, -5.145762047534945, -4.039490822047692, -0.20988529497254493
2163, -0.023220300674438477, -0.7254865169525146, 2.2286720275878906, 0.023281574249267578, -1.5014781951904297, -0.018227100372314453, 0.9732225036621094, -1.8098886072815894, -5.145837087160094, -4.039680067443537, -0.20979773151878334
2164, -0.02324962615966797, -0.7294909954071045, 2.2396655082702637, 0.02327251434326172, -1.5081069469451904, -0.016957998275756836, 0.9732072448730469, -1.8096561619616054, -5.145902256101236, -4.039839239799977, -0.20975912666882746
2165, -0.02324962615966797, -0.732064962387085, 2.247023820877075, 0.02324509620666504, -1.5130560398101807, -0.015834808349609375, 0.9732072448730469, -1.809508083301484, -5.145936243144002, -4.039933825058075, -0.20972035766386643
2166, -0.02324962615966797, -0.7343510985374451, 2.2536392211914062, 0.02314472198486328, -1.5182974338531494, -0.014903545379638672, 0.9731995391845704, -1.809383831783022, -5.145962076164818, -4.040011664582074, -0.20969460137791085
2167, -0.02338266372680664, -0.7369987964630127, 2.2614848613739014, 0.02258777618408203, -1.5253279209136963, -0.013935565948486328, 0.9731995391845704, -1.809244253470795, -5.145980675017647, -4.040083366067172, -0.20968559969983414
2168, -0.023463726043701172, -0.7393217086791992, 2.268411636352539, 0.020989656448364258, -1.531965970993042, -0.013296365737915039, 0.9732072448730469, -1.8091279572314654, -5.145989887339423, -4.040119367691533, -0.20966596190633435
2169, -0.02351522445678711, -0.740804135799408, 2.2730135917663574, 0.01980280876159668, -1.536348819732666, -0.013123035430908203, 0.9732072448730469, -1.8090620079058606, -5.146001426498469, -4.040130714336732, -0.2096902124320037
2170, -0.023581504821777344, -0.7424118518829346, 2.278470516204834, 0.018588542938232422, -1.5422656536102295, -0.013095617294311523, 0.9731995391845704, -1.8089623051191837, -5.146022686220561, -4.040139679891135, -0.2097569452004855
2171, -0.0235595703125, -0.7433927059173584, 2.282193660736084, 0.017583847045898438, -1.546785593032837, -0.013123035430908203, 0.9731919860839844, -1.808871568993766, -5.146046679455986, -4.040144010776824, -0.20981358651246662
2172, -0.02356696128845215, -0.7444620132446289, 2.2867236137390137, 0.01587653160095215, -1.5530216693878174, -0.013095617294311523, 0.9731919860839844, -1.808763982748676, -5.146079713041339, -4.040151705631062, -0.2099057549422092
2173, -0.02361130714416504, -0.7451112270355225, 2.2897515296936035, 0.014589071273803711, -1.5574774742126465, -0.013086557388305664, 0.9732072448730469, -1.8086672081177753, -5.146103784523387, -4.040151191662407, -0.20996474007659227
2174, -0.023655176162719727, -0.7455832362174988, 2.2933948040008545, 0.01351165771484375, -1.5627095699310303, -0.013123035430908203, 0.9731843566894531, -1.8085393951296707, -5.146138606168677, -4.040140735641301, -0.21003685298061114
2175, -0.023751258850097656, -0.7457895278930664, 2.2958714962005615, 0.012908935546875, -1.5667088031768799, -0.013095617294311523, 0.9732072448730469, -1.8084355835933912, -5.146157055702, -4.040127596340427, -0.21005819774982992
2176, -0.023839950561523438, -0.745922327041626, 2.29818058013916, 0.012178421020507812, -1.5705528259277344, -0.013104915618896484, 0.9731995391845704, -1.8083442412386503, -5.14618045932786, -4.0401099158926455, -0.21009745331730567
2177, -0.024068355560302734, -0.7462026476860046, 2.301727771759033, 0.011110305786132812, -1.5760953426361084, -0.013113975524902344, 0.9731995391845704, -1.808182666564715, -5.146212839403647, -4.040054339735889, -0.21010710646124497
2178, -0.0242307186126709, -0.7465050220489502, 2.3037571907043457, 0.010936737060546875, -1.5788347721099854, -0.013095617294311523, 0.9731843566894531, -1.8080862842201602, -5.14623176455612, -4.0400098577297685, -0.210111773621378
2179, -0.024407625198364258, -0.7472424507141113, 2.3058505058288574, 0.010918617248535156, -1.5812997817993164, -0.013095617294311523, 0.9732148742675781, -1.808005735572511, -5.1462501945789185, -4.039963168106148, -0.21010069577139756
2180, -0.024473905563354492, -0.7488133311271667, 2.308758497238159, 0.010882139205932617, -1.583144187927246, -0.013059139251708984, 0.9732072448730469, -1.8078946142842538, -5.146270107408656, -4.039892339938088, -0.21008692085753378
2181, -0.024547576904296875, -0.7514240145683289, 2.3120102882385254, 0.010909318923950195, -1.5833632946014404, -0.013059139251708984, 0.9731995391845704, -1.807791371741815, -5.146294922045394, -4.03982192056729, -0.21010813118755767
2182, -0.024614334106445312, -0.7546985149383545, 2.315429925918579, 0.010900259017944336, -1.5831990242004395, -0.013059139251708984, 0.9731919860839844, -1.8076954406635442, -5.146320174060887, -4.039762348021148, -0.21014681054773998
2183, -0.024569988250732422, -0.7595438957214355, 2.3199517726898193, 0.010945796966552734, -1.5831809043884277, -0.013049840927124023, 0.9731690216064454, -1.8075801719572013, -5.146355144482964, -4.039689526641687, -0.21020229044447092
2184, -0.024510860443115234, -0.761601448059082, 2.321805477142334, 0.010891199111938477, -1.5832173824310303, -0.013059139251708984, 0.9731843566894531, -1.8075279567095965, -5.146371439482955, -4.039657598066221, -0.21023640023959
2185, -0.02440023422241211, -0.7658419609069824, 2.325624465942383, 0.010909318923950195, -1.5831899642944336, -0.013049840927124023, 0.9731843566894531, -1.8074436167902486, -5.146402999838376, -4.0395862603814505, -0.21030100478334468
2186, -0.024333953857421875, -0.7689468860626221, 2.3285086154937744, 0.010900259017944336, -1.5832264423370361, -0.013059139251708984, 0.9731995391845704, -1.8073657249457076, -5.146422323087572, -4.039530437726793, -0.2103298147366166
2187, -0.024341344833374023, -0.7718893885612488, 2.3313369750976562, 0.010900259017944336, -1.5832812786102295, -0.013059139251708984, 0.9731843566894531, -1.8073070029897613, -5.14643502984517, -4.039472010716324, -0.21032725938238617
2188, -0.024378061294555664, -0.775340735912323, 2.3348841667175293, 0.010927677154541016, -1.5838475227355957, -0.013022661209106445, 0.9731614685058594, -1.8072101354006822, -5.1464486976006025, -4.039380495273423, -0.21032213413112988
2189, -0.024341344833374023, -0.7774426937103271, 2.337337017059326, 0.010909318923950195, -1.5852899551391602, -0.013068199157714844, 0.9731767272949219, -1.8071625192155367, -5.146453484691335, -4.039302726631098, -0.2103108671540168
2190, -0.02435588836669922, -0.7790358066558838, 2.339590072631836, 0.010918617248535156, -1.587280511856079, -0.013059139251708984, 0.9731843566894531, -1.8071142785452405, -5.1464534701308216, -4.039208449045099, -0.21030804147581605
2191, -0.024393081665039062, -0.7811079025268555, 2.3429455757141113, 0.010918617248535156, -1.5910425186157227, -0.013031721115112305, 0.9731995391845704, -1.8070644712543762, -5.146448692739386, -4.039053991974499, -0.21029380638298623
2192, -0.024378061294555664, -0.7821626663208008, 2.3447511196136475, 0.010918617248535156, -1.5929691791534424, -0.013031721115112305, 0.9732072448730469, -1.8070456295596231, -5.146447162787555, -4.038962704539933, -0.21031253018004037
2193, -0.02426004409790039, -0.7833868861198425, 2.347116231918335, 0.010927677154541016, -1.5946309566497803, -0.013022661209106445, 0.9732148742675781, -1.8070342000581263, -5.1464459890057315, -4.038873998955462, -0.21033787501728973
2194, -0.024289608001708984, -0.7845151424407959, 2.349297285079956, 0.010909318923950195, -1.5958364009857178, -0.013040781021118164, 0.9731995391845704, -1.8070317579516284, -5.146447398280435, -4.038810033682432, -0.21036993238868718
2195, -0.024289608001708984, -0.7851569056510925, 2.350839138031006, 0.010909318923950195, -1.597050428390503, -0.013031721115112305, 0.9732225036621094, -1.8070214003940044, -5.146444151100858, -4.038773801600154, -0.21036827199918395
2196, -0.02422332763671875, -0.7860049605369568, 2.3527886867523193, 0.010927677154541016, -1.5979909896850586, -0.013059139251708984, 0.9732072448730469, -1.8070181652564317, -5.146432287293045, -4.03873584801619, -0.21037371961173168
2197, -0.024245262145996094, -0.7865877151489258, 2.3541388511657715, 0.010918617248535156, -1.5980823040008545, -0.013049840927124023, 0.9731995391845704, -1.807026791395077, -5.146418573712533, -4.038712771394449, -0.2103792875454138
2198, -0.024245262145996094, -0.787177562713623, 2.3557288646698, 0.010927677154541016, -1.598055124282837, -0.013049840927124023, 0.9731995391845704, -1.8070216600984663, -5.146399698865139, -4.0386729890424915, -0.21036788734026324
2199, -0.0242307186126709, -0.7874429225921631, 2.357142925262451, 0.010945796966552734, -1.598045825958252, -0.013031721115112305, 0.9731690216064454, -1.807023783614278, -5.146385340756926, -4.038634076240549, -0.2103588618015957
2200, -0.02422332763671875, -0.7875463366508484, 2.357789993286133, 0.010936737060546875, -1.5981099605560303, -0.013059139251708984, 0.9732072448730469, -1.8070319844438072, -5.146382731549512, -4.038610284734589, -0.21035218987769433
2201, -0.0242159366607666, -0.7875906825065613, 2.358924627304077, 0.010955095291137695, -1.5981099605560303, -0.013040781021118164, 0.9731843566894531, -1.807051610936977, -5.146388412083111, -4.0385521569232035, -0.21034072010184346
2202, -0.02422332763671875, -0.7875685691833496, 2.3596994876861572, 0.010918617248535156, -1.598201036453247, -0.013049840927124023, 0.9732072448730469, -1.8070700323991102, -5.1463971173346, -4.0385055287482166, -0.21034462932027775
2203, -0.024186372756958008, -0.7875611782073975, 2.3604824542999268, 0.010936737060546875, -1.598301649093628, -0.013049840927124023, 0.9731995391845704, -1.8070895872278645, -5.1464034532405405, -4.038458632424053, -0.21035264156642164
2204, -0.024075746536254883, -0.7876200675964355, 2.3615052700042725, 0.010945796966552734, -1.5988585948944092, -0.013040781021118164, 0.9731690216064454, -1.807115824036899, -5.1464011626703146, -4.038398915149674, -0.2103548381551157
2205, -0.02409052848815918, -0.7877085208892822, 2.3625118732452393, 0.010945796966552734, -1.601278305053711, -0.013022661209106445, 0.9731995391845704, -1.8071377421602672, -5.1463887802052595, -4.0383431594012205, -0.2103507875962496
2206, -0.023891448974609375, -0.7882912158966064, 2.3647568225860596, 0.010945796966552734, -1.6061360836029053, -0.013022661209106445, 0.9731995391845704, -1.8072020654223657, -5.146357326012086, -4.038229583722449, -0.21038702268484766
2207, -0.02386188507080078, -0.7884166240692139, 2.3652281761169434, 0.010973215103149414, -1.6070489883422852, -0.013059139251708984, 0.9732148742675781, -1.8072189263474678, -5.146362263944681, -4.038204090604789, -0.21040719874476288
2208, -0.02382493019104004, -0.7886452674865723, 2.3658673763275146, 0.010982275009155273, -1.6080989837646484, -0.013049840927124023, 0.9732148742675781, -1.8072379760590218, -5.1463762845286505, -4.038167129139203, -0.21042332092626292
2209, -0.023670196533203125, -0.7889549732208252, 2.367105722427368, 0.010973215103149414, -1.609696865081787, -0.013059139251708984, 0.9732072448730469, -1.8072895473174397, -5.146389538384673, -4.038083022434114, -0.21044096738761553
2210, -0.0235595703125, -0.7891910076141357, 2.368208408355713, 0.010991573333740234, -1.6103267669677734, -0.013040781021118164, 0.9731995391845704, -1.8073416900134052, -5.146394100684915, -4.037995332724373, -0.2104549803618676
2211, -0.0235595703125, -0.7892351150512695, 2.3686797618865967, 0.010982275009155273, -1.6102721691131592, -0.013040781021118164, 0.9731919860839844, -1.807379172346578, -5.146390531312637, -4.037951007007233, -0.2104391539620991
2212, -0.023463726043701172, -0.7892202734947205, 2.3694865703582764, 0.011037111282348633, -1.6103267669677734, -0.013013362884521484, 0.9731919860839844, -1.8074261597265648, -5.146389106446188, -4.037871593955495, -0.21045641041259966
2213, -0.02338266372680664, -0.7891466617584229, 2.3703415393829346, 0.011018991470336914, -1.6103360652923584, -0.013013362884521484, 0.9732072448730469, -1.8074768768548213, -5.146400368644823, -4.037793601327525, -0.21049338728779965
2214, -0.02338266372680664, -0.7891318202018738, 2.370709180831909, 0.011046171188354492, -1.6103177070617676, -0.013022661209106445, 0.9731919860839844, -1.807497167723976, -5.146404328968606, -4.037765181908906, -0.21048188312470018
2215, -0.02337503433227539, -0.789154052734375, 2.3716678619384766, 0.011055469512939453, -1.6103544235229492, -0.013022661209106445, 0.9731995391845704, -1.8075272067124022, -5.146399925258868, -4.037697045288036, -0.21049905714545858
2216, -0.023367643356323242, -0.7891835570335388, 2.3722751140594482, 0.011101245880126953, -1.610372543334961, -0.013040781021118164, 0.9732072448730469, -1.8075610248302745, -5.14639425594918, -4.03766386862148, -0.21050708499860882
2217, -0.0233457088470459, -0.7892202734947205, 2.3728342056274414, 0.011119365692138672, -1.6104001998901367, -0.013004302978515625, 0.9731919860839844, -1.8075879714539242, -5.1463857279479885, -4.037636415611598, -0.21050052453637935
2218, -0.023316144943237305, -0.7892351150512695, 2.373537302017212, 0.011119365692138672, -1.610445499420166, -0.013013362884521484, 0.9732148742675781, -1.8076282832450123, -5.1463776557889815, -4.0376024636026475, -0.21049547826597959
2219, -0.023264408111572266, -0.7892202734947205, 2.374032735824585, 0.011110305786132812, -1.610527515411377, -0.013031721115112305, 0.9731995391845704, -1.8076631301387025, -5.146376381277923, -4.037576045954529, -0.21052146496692536
2220, -0.023183345794677734, -0.7892202734947205, 2.3744959831237793, 0.011110305786132812, -1.610610008239746, -0.013040781021118164, 0.9731919860839844, -1.8076950977284936, -5.146382979837532, -4.037555112406652, -0.21053688176870544
2221, -0.023080110549926758, -0.7891983985900879, 2.3750712871551514, 0.011146783828735352, -1.610856533050537, -0.013013362884521484, 0.9731767272949219, -1.807756436080798, -5.1463867697931684, -4.037532556038968, -0.21057604086404513
2222, -0.02302837371826172, -0.7891614437103271, 2.3758063316345215, 0.011201620101928711, -1.6130845546722412, -0.013031721115112305, 0.9731767272949219, -1.8078206452134036, -5.146376791218924, -4.037507516211169, -0.21058837255957386
2223, -0.02297687530517578, -0.7891614437103271, 2.3762776851654053, 0.01121973991394043, -1.6153581142425537, -0.013031721115112305, 0.9732072448730469, -1.807859140081919, -5.146361708967627, -4.037499377016149, -0.21057676780140255
2224, -0.022954940795898438, -0.7892720103263855, 2.3768608570098877, 0.011292695999145508, -1.6174581050872803, -0.013031721115112305, 0.9732148742675781, -1.807891947335091, -5.146341902277212, -4.03750090262619, -0.21055139392003763
2225, -0.02294754981994629, -0.7894270420074463, 2.3772523403167725, 0.011292695999145508, -1.6180517673492432, -0.013040781021118164, 0.9732072448730469, -1.8079369061377004, -5.146329965896875, -4.037512046474087, -0.21053523109495575
2226, -0.022873640060424805, -0.7895891666412354, 2.3776679039001465, 0.011274576187133789, -1.6187727451324463, -0.013022661209106445, 0.9731995391845704, -1.8079949506532456, -5.146315433443346, -4.037517221590379, -0.21052937237321334
2227, -0.022785186767578125, -0.7897071242332458, 2.377995491027832, 0.011320114135742188, -1.6187455654144287, -0.013022661209106445, 0.9732148742675781, -1.8080588472509869, -5.146300182508983, -4.037511907057823, -0.2105057604067433
2228, -0.022770166397094727, -0.7897071242332458, 2.37817120552063, 0.011356830596923828, -1.6186907291412354, -0.013022661209106445, 0.9731919860839844, -1.8081066020784702, -5.146291242979294, -4.037508573272922, -0.21049583086838108
2229, -0.022777795791625977, -0.7896924018859863, 2.3784029483795166, 0.011484622955322266, -1.6186907291412354, -0.013040781021118164, 0.9731919860839844, -1.8081659607873584, -5.146268773338257, -4.0375062196445315, -0.21045509539796203
2230, -0.022785186767578125, -0.7897071242332458, 2.3785946369171143, 0.011493682861328125, -1.618717908859253, -0.013031721115112305, 0.9732148742675781, -1.8082141518759032, -5.14625233664724, -4.037500812803029, -0.21044193342170647
2231, -0.022785186767578125, -0.7897071242332458, 2.378826379776001, 0.011539459228515625, -1.6186997890472412, -0.013031721115112305, 0.9731995391845704, -1.8082889194696796, -5.146231112209682, -4.037499287392349, -0.21041334239545595
2232, -0.022785186767578125, -0.789677619934082, 2.379185914993286, 0.011566638946533203, -1.6186997890472412, -0.013013362884521484, 0.9731995391845704, -1.80839170888822, -5.146205477177804, -4.037505929847484, -0.210371474414619
2233, -0.022785186767578125, -0.7896850109100342, 2.3793697357177734, 0.011566638946533203, -1.618717908859253, -0.013004302978515625, 0.9731995391845704, -1.8084302075755279, -5.146198143961718, -4.037510854526613, -0.21037350749866057
2234, -0.022777795791625977, -0.7896924018859863, 2.379681348800659, 0.011594057083129883, -1.618708848953247, -0.013031721115112305, 0.9731995391845704, -1.8085099683322574, -5.146182455091162, -4.0375112073185395, -0.21036569918271653
2235, -0.022777795791625977, -0.7896924018859863, 2.3798489570617676, 0.011603355407714844, -1.618708848953247, -0.013004302978515625, 0.9731995391845704, -1.8085667014322544, -5.146170264024208, -4.037509319933311, -0.2103736165319674
2236, -0.022777795791625977, -0.7896924018859863, 2.3800647258758545, 0.011584997177124023, -1.6186997890472412, -0.013013362884521484, 0.9731995391845704, -1.8086187692659825, -5.146158797611984, -4.037501836676461, -0.2103644650673102
2237, -0.022777795791625977, -0.7896704077720642, 2.3804004192352295, 0.011667251586914062, -1.618717908859253, -0.013013362884521484, 0.9731995391845704, -1.8087153212142557, -5.146148604587106, -4.037489845972438, -0.21038857275704181
2238, -0.022777795791625977, -0.7896554470062256, 2.3805761337280273, 0.011648893356323242, -1.618717908859253, -0.013004302978515625, 0.9731995391845704, -1.8087632555333086, -5.146142096325187, -4.037476859353352, -0.21039396751261208
2239, -0.02276301383972168, -0.7896554470062256, 2.380831718444824, 0.011713027954101562, -1.618717908859253, -0.013013362884521484, 0.9732148742675781, -1.8088375522203768, -5.14613843575178, -4.0374602834001, -0.21041349874156268
2240, -0.022733688354492188, -0.7896482944488525, 2.3810553550720215, 0.011713027954101562, -1.6187546253204346, -0.013022661209106445, 0.9732072448730469, -1.8088765060588343, -5.1461330579284255, -4.037442938209182, -0.21042523719726347
2241, -0.022748231887817383, -0.7896409034729004, 2.3812711238861084, 0.01174020767211914, -1.6187727451324463, -0.013040781021118164, 0.9731919860839844, -1.8089287341641358, -5.146124001042495, -4.037428100389672, -0.21041689721457857
2242, -0.022703886032104492, -0.7896335124969482, 2.381582736968994, 0.011749505996704102, -1.6187455654144287, -0.013013362884521484, 0.9732072448730469, -1.808994645802727, -5.1461153475195625, -4.037411059714101, -0.21042101299828442
2243, -0.02268195152282715, -0.7896554470062256, 2.381814479827881, 0.011776924133300781, -1.6187546253204346, -0.013013362884521484, 0.9731995391845704, -1.809056463041217, -5.146110156190884, -4.037401919870992, -0.2104234286581077
2244, -0.022637605667114258, -0.7896482944488525, 2.3821420669555664, 0.011776924133300781, -1.618809461593628, -0.012995243072509766, 0.9732072448730469, -1.8091301129308293, -5.146104497890642, -4.037388949991982, -0.21043795786288033
2245, -0.022571325302124023, -0.7896482944488525, 2.3824775218963623, 0.0117950439453125, -1.6187818050384521, -0.013004302978515625, 0.9731919860839844, -1.8092047468703534, -5.146098936157734, -4.037380974787128, -0.21043711956166877
2246, -0.02253437042236328, -0.7896260619163513, 2.3827013969421387, 0.0117950439453125, -1.618809461593628, -0.013004302978515625, 0.9732072448730469, -1.8092634721493486, -5.146096588918524, -4.037379752101406, -0.21044594718207676
2247, -0.022475242614746094, -0.7896260619163513, 2.3829410076141357, 0.01180410385131836, -1.618800401687622, -0.013013362884521484, 0.9731843566894531, -1.8093142088045375, -5.146094581618202, -4.037377801930246, -0.21044938498156274
2248, -0.022416353225708008, -0.7896554470062256, 2.3832366466522217, 0.01181340217590332, -1.6188185214996338, -0.013004302978515625, 0.9731995391845704, -1.8094014391192994, -5.146087835446081, -4.037377997861065, -0.21044868809505068
2249, -0.02236461639404297, -0.789662778377533, 2.3834681510925293, 0.01182246208190918, -1.6188549995422363, -0.013013362884521484, 0.9732072448730469, -1.8094677952412606, -5.146083925683024, -4.037376387586303, -0.2104525948945941
2250, -0.02232050895690918, -0.7896409034729004, 2.3836281299591064, 0.01184988021850586, -1.6188275814056396, -0.013013362884521484, 0.9731995391845704, -1.8095494231802456, -5.146073850295401, -4.037376072809223, -0.21043273142855323
2251, -0.022246837615966797, -0.7896113395690918, 2.383795738220215, 0.011858940124511719, -1.6190376281738281, -0.012995243072509766, 0.9732072448730469, -1.8096383177209976, -5.146065304239141, -4.037370299941186, -0.21043696121960132
2252, -0.0222320556640625, -0.7895817160606384, 2.383915662765503, 0.011895418167114258, -1.6193482875823975, -0.013022661209106445, 0.9731995391845704, -1.8096959686982748, -5.146060173621513, -4.037358852568739, -0.21043289533864673
2253, -0.02222466468811035, -0.7895522117614746, 2.3840434551239014, 0.011913776397705078, -1.619950771331787, -0.013013362884521484, 0.9731919860839844, -1.809753433843492, -5.146055666759826, -4.037341781004158, -0.21042903482002107
2254, -0.02218770980834961, -0.789515495300293, 2.3842432498931885, 0.011959552764892578, -1.6210553646087646, -0.013004302978515625, 0.9732148742675781, -1.8098176593092488, -5.146055208417883, -4.037323300621147, -0.21044603604421308
2255, -0.022077083587646484, -0.7896335124969482, 2.3844668865203857, 0.012233495712280273, -1.6223158836364746, -0.013232707977294922, 0.9732301330566406, -1.8098855489324752, -5.14605015385525, -4.037298174130311, -0.2104615657404736
2256, -0.019304275512695312, -0.7957029342651367, 2.385881185531616, 0.018515348434448242, -1.616152286529541, -0.019286394119262695, 0.9743675231933594, -1.8099226464033378, -5.146043308149477, -4.037274327172075, -0.21048118073325472
2257, -0.008160829544067383, -0.8138747215270996, 2.388869047164917, 0.06334781646728516, -1.55214524269104, -0.058667659759521484, 0.9730010986328125, -1.8100117856488085, -5.146086922013442, -4.037218911560702, -0.21138989540586195
2258, 0.0019502639770507812, -0.8339712023735046, 2.3931915760040283, 0.09603619575500488, -1.504500389099121, -0.08533883094787598, 0.972833251953125, -1.8100772946436865, -5.146201039597749, -4.037172802312428, -0.2122747021949687
2259, 0.01571178436279297, -0.8604326248168945, 2.399231433868408, 0.13294315338134766, -1.4506468772888184, -0.12157917022705078, 0.9727568817138672, -1.8101333794713623, -5.146473228137683, -4.03718571448024, -0.21367614351333852
2260, 0.025099992752075195, -0.8831179141998291, 2.404927968978882, 0.15527701377868652, -1.4195470809936523, -0.14525532722473145, 0.9729705810546875, -1.8101271235212448, -5.146719553428955, -4.037181648114146, -0.21462654263392444
2261, 0.03684854507446289, -0.9161942005157471, 2.4135565757751465, 0.18123602867126465, -1.3846125602722168, -0.1746385097503662, 0.9729934692382812, -1.8099783583679978, -5.146994723040278, -4.037130452042078, -0.21545594968660708
2262, 0.045484304428100586, -0.9412984251976013, 2.420243978500366, 0.19894981384277344, -1.3592560291290283, -0.1956942081451416, 0.9730850219726562, -1.8098571225299145, -5.147190080945635, -4.0371056908571274, -0.21565464266529766
2263, 0.05988740921020508, -0.9925172328948975, 2.4326915740966797, 0.23745465278625488, -1.3094019889831543, -0.2362349033355713, 0.9731079864501954, -1.8095174711063762, -5.147458792494503, -4.037023670695237, -0.21465738258352207
2264, 0.0688481330871582, -1.0342738628387451, 2.442206859588623, 0.2690746784210205, -1.2671079635620117, -0.269179105758667, 0.9731690216064454, -1.8091960745329292, -5.147611748088396, -4.036837726735308, -0.21275249609106606
2265, 0.07341313362121582, -1.0591936111450195, 2.4475598335266113, 0.288468599319458, -1.2412950992584229, -0.2889108657836914, 0.9731767272949219, -1.8090518816141983, -5.147749877306563, -4.03670251513342, -0.21141502128260825
2266, 0.07884097099304199, -1.091252326965332, 2.4541592597961426, 0.3163175582885742, -1.2073006629943848, -0.31499767303466797, 0.9731462097167969, -1.8088938198730133, -5.147923944583563, -4.0364949926178975, -0.20960568635910093
2267, 0.08249902725219727, -1.1150364875793457, 2.4589688777923584, 0.33772945404052734, -1.1821179389953613, -0.33448314666748047, 0.9731690216064454, -1.8087888224317605, -5.148089513962843, -4.0363236795495085, -0.20828619295249062
2268, 0.08704185485839844, -1.145782470703125, 2.464945077896118, 0.3654782772064209, -1.149886131286621, -0.360396146774292, 0.9731995391845704, -1.8086311374475625, -5.148195966847635, -4.03601640893158, -0.20680631444939745
2269, 0.09029436111450195, -1.1679883003234863, 2.4690356254577637, 0.3858215808868408, -1.1256804466247559, -0.3796076774597168, 0.9731232452392579, -1.8085199163616408, -5.148227987073147, -4.035742515163404, -0.2059903780639143
2270, 0.09388589859008789, -1.1897811889648438, 2.4728946685791016, 0.40607380867004395, -1.1006708145141602, -0.3988006114959717, 0.9731156158447266, -1.8084007449775534, -5.148234562909398, -4.035451422972253, -0.20544870414978877
2271, 0.09853935241699219, -1.2191039323806763, 2.478015899658203, 0.4328911304473877, -1.0674254894256592, -0.42481446266174316, 0.9730927276611329, -1.808243543269487, -5.1482030798975895, -4.035074284852139, -0.20514952904804407
2272, 0.10294222831726074, -1.249038577079773, 2.483720302581787, 0.45833873748779297, -1.0342166423797607, -0.44996047019958496, 0.9730622100830079, -1.8080785856465047, -5.148135205728831, -4.0346940856582885, -0.2052571939853225
2273, 0.10659289360046387, -1.2722842693328857, 2.4885458946228027, 0.4772486686706543, -1.011444330215454, -0.46837759017944336, 0.9730850219726562, -1.8079326756916245, -5.1480744723681795, -4.0344240984896915, -0.2055495474607243
2274, 0.11100292205810547, -1.3033251762390137, 2.495736598968506, 0.502166748046875, -0.9826457500457764, -0.49300336837768555, 0.9731156158447266, -1.807713639610744, -5.147998757603962, -4.034107889091806, -0.20617378542155151
2275, 0.11408591270446777, -1.3271903991699219, 2.501864433288574, 0.5202367305755615, -0.9621286392211914, -0.5109546184539795, 0.9731232452392579, -1.8075226392051396, -5.147935469155517, -4.033888833573104, -0.20672759534611007
2276, 0.12133526802062988, -1.3845672607421875, 2.5192654132843018, 0.5613162517547607, -0.9203641414642334, -0.5523171424865723, 0.9731385040283204, -1.806902209174515, -5.147878839710702, -4.033436590639395, -0.208132508598303
2277, 0.12778830528259277, -1.4354467391967773, 2.5374975204467773, 0.5960226058959961, -0.888890266418457, -0.5868685245513916, 0.9731079864501954, -1.806185424163452, -5.147890660795729, -4.033117398750308, -0.20929375419056306
2278, 0.13109230995178223, -1.4610670804977417, 2.5476841926574707, 0.6129696369171143, -0.874335765838623, -0.6035685539245605, 0.9731232452392579, -1.8058013692808983, -5.147899640553344, -4.032953236016286, -0.20984905708850476
2279, 0.13792896270751953, -1.5138936042785645, 2.5695273876190186, 0.6466896533966064, -0.8441216945648193, -0.6364486217498779, 0.9731232452392579, -1.8049319323533828, -5.147914879787049, -4.032587131034896, -0.21079295041578838
2280, 0.1411886215209961, -1.541003704071045, 2.581120014190674, 0.6633260250091553, -0.8285717964172363, -0.6524369716644287, 0.9731308746337891, -1.804482082324295, -5.147933564905517, -4.0324008549428765, -0.2110903804751949
2281, 0.14516353607177734, -1.5780036449432373, 2.596651554107666, 0.6845369338989258, -0.808173656463623, -0.6735656261444092, 0.9731232452392579, -1.8038793394095334, -5.147979481526983, -4.03215825529219, -0.21123877840808092
2282, 0.14834213256835938, -1.6149004697799683, 2.61202335357666, 0.7049624919891357, -0.788825273513794, -0.694420337677002, 0.9731156158447266, -1.803272931551715, -5.148054413873021, -4.031913268227589, -0.21111591561223442
2283, 0.1500236988067627, -1.6496729850769043, 2.6269078254699707, 0.7238361835479736, -0.7725450992584229, -0.713778018951416, 0.9731537628173829, -1.8026833362896133, -5.148161618438481, -4.031673687074455, -0.2107262674119177
2284, 0.15010476112365723, -1.6742831468582153, 2.63739013671875, 0.7354412078857422, -0.7621908187866211, -0.7267618179321289, 0.9732148742675781, -1.8022855801097677, -5.148252121668738, -4.031477301296262, -0.21029455091508442
2285, 0.14830541610717773, -1.7061131000518799, 2.6502771377563477, 0.7501602172851562, -0.7481381893157959, -0.7430150508880615, 0.9732530212402344, -1.8018012430844366, -5.148383421767569, -4.031197137242811, -0.2095123041495457
2286, 0.14472103118896484, -1.7367191314697266, 2.661853790283203, 0.7661576271057129, -0.7307989597320557, -0.759514331817627, 0.9731614685058594, -1.8013517727129833, -5.148489049093179, -4.030896113563186, -0.2085309205936765
2287, 0.14039921760559082, -1.7669637203216553, 2.6726715564727783, 0.7835791110992432, -0.7156691551208496, -0.7756667137145996, 0.9731308746337891, -1.8009224607820506, -5.1485717901981785, -4.030598826375396, -0.2075402016188317
2288, 0.13532543182373047, -1.8044945001602173, 2.685167074203491, 0.8060774803161621, -0.6986675262451172, -0.7962019443511963, 0.9731079864501954, -1.8003944571896402, -5.148639900551301, -4.030240654906401, -0.20656253062479646
2289, 0.1328105926513672, -1.8268994092941284, 2.6923255920410156, 0.8190891742706299, -0.6887879371643066, -0.8087384700775146, 0.9731232452392579, -1.800084287213276, -5.148684212605163, -4.030023025101919, -0.20628402462978102
2290, 0.13048028945922852, -1.8569743633270264, 2.7013537883758545, 0.8360722064971924, -0.6749365329742432, -0.8250372409820557, 0.9731232452392579, -1.7996784049749661, -5.148752827511899, -4.029736582425938, -0.20632365445164869
2291, 0.12859225273132324, -1.8865330219268799, 2.70990252494812, 0.8519783020019531, -0.6597244739532471, -0.8416097164154053, 0.9731308746337891, -1.7992902894224114, -5.148842141979302, -4.029471347359441, -0.2067359676467806
2292, 0.12741971015930176, -1.9086871147155762, 2.7160465717315674, 0.8634740114212036, -0.6481466293334961, -0.8541829586029053, 0.9731767272949219, -1.7989919835948855, -5.14890640419788, -4.029274764076469, -0.20720111318071233
2293, 0.1252145767211914, -1.938437581062317, 2.723900079727173, 0.8786859512329102, -0.6315100193023682, -0.8710842132568359, 0.9731079864501954, -1.798600494951294, -5.148989058353282, -4.029022141382835, -0.20787684745020663
2294, 0.12320113182067871, -1.960392713546753, 2.7297165393829346, 0.8905833959579468, -0.6198043823242188, -0.8838765621185303, 0.9731232452392579, -1.7982761860257588, -5.1490312009049255, -4.028842711092947, -0.20830330469418
2295, 0.1199486255645752, -1.9897449016571045, 2.737250566482544, 0.9069368839263916, -0.6043732166290283, -0.9004123210906982, 0.9731308746337891, -1.797860268059411, -5.149085019085546, -4.028622333482362, -0.20878082573059942
2296, 0.11731600761413574, -2.011604070663452, 2.7430269718170166, 0.9196287393569946, -0.5939459800720215, -0.9128668308258057, 0.9731462097167969, -1.7975329114487268, -5.149121601706039, -4.028458365385731, -0.20906430993362513
2297, 0.11361360549926758, -2.0409412384033203, 2.750704765319824, 0.9365389347076416, -0.580249547958374, -0.9294483661651611, 0.9731385040283204, -1.7970944798755428, -5.14920141720658, -4.028241502234725, -0.2094085211421426
2298, 0.10959434509277344, -2.078066825866699, 2.760499954223633, 0.9577133655548096, -0.5631933212280273, -0.9502301216125488, 0.9731690216064454, -1.796568874340163, -5.149345437536848, -4.0279704845342446, -0.20986897542693406
2299, 0.10683608055114746, -2.107736110687256, 2.7684335708618164, 0.9746328592300415, -0.549159049987793, -0.9666929244995117, 0.9731079864501954, -1.7961417352726756, -5.149493788076964, -4.027761177529003, -0.21022006242662084
2300, 0.10489654541015625, -2.1300008296966553, 2.774465560913086, 0.9868316650390625, -0.537407636642456, -0.979238748550415, 0.9730850219726562, -1.7958054815390034, -5.149601020585342, -4.027600579451893, -0.21044697478345498
2301, 0.10269904136657715, -2.159943103790283, 2.782662868499756, 1.0031393766403198, -0.5221867561340332, -0.9957931041717529, 0.9731537628173829, -1.7953722530264793, -5.149740814383766, -4.0273778763841594, -0.2106699332060984
2302, 0.10088467597961426, -2.18233323097229, 2.788846731185913, 1.01531982421875, -0.5100698471069336, -1.008530616760254, 0.9731385040283204, -1.7950353546791353, -5.149829173372263, -4.027202952198762, -0.210705084199458
2303, 0.09861302375793457, -2.2120909690856934, 2.79729962348938, 1.0313169956207275, -0.4948854446411133, -1.025221586227417, 0.9731614685058594, -1.7945811684589643, -5.149933743829908, -4.026970055641262, -0.21059680104887413
2304, 0.09589910507202148, -2.241804361343384, 2.8057844638824463, 1.047579050064087, -0.47948169708251953, -1.0420680046081543, 0.9731308746337891, -1.794133743175943, -5.150044677697643, -4.02673563200173, -0.21035377375353725
2305, 0.09443163871765137, -2.256819725036621, 2.8101625442504883, 1.0558699369430542, -0.47188472747802734, -1.0504043102264404, 0.9730622100830079, -1.7939092175403104, -5.150101528295539, -4.026621888750065, -0.21018570964569694
2306, 0.0907590389251709, -2.294254779815674, 2.821132183074951, 1.0767704248428345, -0.45346808433532715, -1.071122646331787, 0.9731156158447266, -1.7933680247113757, -5.150278306346082, -4.026336209077604, -0.20968368970579299
2307, 0.0885465145111084, -2.3167998790740967, 2.82792329788208, 1.0894439220428467, -0.44210004806518555, -1.083695411682129, 0.9731079864501954, -1.7930481956170017, -5.150394417031937, -4.02616397088554, -0.20937187320568817
2308, 0.08581781387329102, -2.3470516204833984, 2.8370633125305176, 1.1058703660964966, -0.42793798446655273, -1.100149393081665, 0.9731079864501954, -1.7926182927747203, -5.150556684370725, -4.025927374057053, -0.20905703812944942
2309, 0.08357596397399902, -2.3695969581604004, 2.843846321105957, 1.1183156967163086, -0.4162871837615967, -1.1126952171325684, 0.9731232452392579, -1.7922982520542239, -5.150676322900139, -4.025753523513762, -0.20887943392920771
2310, 0.0808103084564209, -2.3996200561523438, 2.8530662059783936, 1.1345869302749634, -0.4013674259185791, -1.1292858123779297, 0.9731767272949219, -1.7918618288712573, -5.150803691171787, -4.025520674364278, -0.20867380725496787
2311, 0.0794529914855957, -2.414694309234619, 2.857692003250122, 1.1428136825561523, -0.39383459091186523, -1.1376495361328125, 0.9731385040283204, -1.7916587728495277, -5.150865107122213, -4.025408595258748, -0.2086230704587555
2312, 0.07598686218261719, -2.452232599258423, 2.869141101837158, 1.1633580923080444, -0.37456846237182617, -1.1585135459899902, 0.9731614685058594, -1.7911296060811963, -5.150968925824495, -4.025113863908578, -0.20854505667701773
2313, 0.07409906387329102, -2.474940061569214, 2.8760600090026855, 1.1757487058639526, -0.3633739948272705, -1.1712417602539062, 0.9731003570556641, -1.7908299136272232, -5.1510208987253225, -4.0249423159719795, -0.20855103818711296
2314, 0.07137036323547363, -2.5051991939544678, 2.8851358890533447, 1.1922663450241089, -0.34799766540527344, -1.1877779960632324, 0.9731156158447266, -1.7904407823215303, -5.1510905242300975, -4.024709477965821, -0.20864583155770866
2315, 0.06937909126281738, -2.5279877185821533, 2.8920629024505615, 1.2044469118118286, -0.3372323513031006, -1.2003235816955566, 0.9731537628173829, -1.7901749567808771, -5.151148580957246, -4.0245414207996, -0.20877078747734323
2316, 0.06669473648071289, -2.558128595352173, 2.901122808456421, 1.2209919691085815, -0.32196569442749023, -1.2167773246765137, 0.9731003570556641, -1.7898227365966928, -5.151232039054575, -4.0243240949588985, -0.20901282547286026
2317, 0.06394362449645996, -2.587930679321289, 2.910254955291748, 1.2371901273727417, -0.30777645111083984, -1.2334871292114258, 0.9731614685058594, -1.7894856303335676, -5.151313757534669, -4.024123037402938, -0.20929334872477767
2318, 0.061760902404785156, -2.610417127609253, 2.9169740676879883, 1.249680995941162, -0.2960340976715088, -1.245959758758545, 0.9731537628173829, -1.7892342542517783, -5.151368467882931, -4.023962963688019, -0.20951601884648152
2319, 0.05953359603881836, -2.633035659790039, 2.923725128173828, 1.2618342638015747, -0.28460216522216797, -1.2584595680236816, 0.9731308746337891, -1.7890006781070489, -5.151406368922784, -4.023807114627374, -0.2097104606965141
2320, 0.05679750442504883, -2.663022041320801, 2.9326493740081787, 1.2786167860031128, -0.2702758312225342, -1.275160312652588, 0.9731385040283204, -1.7886866956430094, -5.151447954788645, -4.023599984978418, -0.20995609172156193
2321, 0.054555416107177734, -2.6856186389923096, 2.9391608238220215, 1.2908703088760376, -0.25861573219299316, -1.2876052856445312, 0.9731232452392579, -1.7884528429334234, -5.1514722267292, -4.023452580972221, -0.21007924183702276
2322, 0.05108928680419922, -2.7228546142578125, 2.950186252593994, 1.3111772537231445, -0.24054598808288574, -1.3085241317749023, 0.9731232452392579, -1.7880847307937535, -5.151518114740177, -4.023227283353959, -0.2102473409621819
2323, 0.04966592788696289, -2.737884998321533, 2.9544687271118164, 1.3192853927612305, -0.23283028602600098, -1.3168883323669434, 0.9731614685058594, -1.7879456863357779, -5.151543667115982, -4.023141321693083, -0.21028120773813797
2324, 0.04613351821899414, -2.775364398956299, 2.965358257293701, 1.3398663997650146, -0.21436786651611328, -1.3378801345825195, 0.9731767272949219, -1.7876089752861435, -5.151626884042956, -4.0229401235181985, -0.21032289003973403
2325, 0.04400181770324707, -2.7977616786956787, 2.971845865249634, 1.3523390293121338, -0.20289945602416992, -1.3502883911132812, 0.9731537628173829, -1.787421828594544, -5.151684200555161, -4.022828508374401, -0.21028671416467049
2326, 0.041944265365600586, -2.82007098197937, 2.978245258331299, 1.3646292686462402, -0.19139456748962402, -1.3627066612243652, 0.9731537628173829, -1.7872382372714728, -5.151738259845805, -4.022720555866253, -0.2102445345464199
2327, 0.03935599327087402, -2.850175380706787, 2.986842155456543, 1.3812655210494995, -0.1770317554473877, -1.379251480102539, 0.9731767272949219, -1.7869981972763078, -5.151810935183617, -4.022579658965623, -0.21013319082077153
2328, 0.03605914115905762, -2.887455463409424, 2.9974679946899414, 1.4019834995269775, -0.1577749252319336, -1.3999695777893066, 0.9731995391845704, -1.7867134167712646, -5.151884263175081, -4.022415337457483, -0.2099437202320873
2329, 0.03472423553466797, -2.902418851852417, 3.0017664432525635, 1.4101555347442627, -0.15062546730041504, -1.408278465270996, 0.9731537628173829, -1.7865972378192252, -5.151910459242315, -4.022354581613957, -0.2098440428402233
2330, 0.03264474868774414, -2.9239466190338135, 3.0081660747528076, 1.4223999977111816, -0.13886475563049316, -1.4209794998168945, 0.9731537628173829, -1.7864362252763915, -5.151956719080288, -4.022270241515326, -0.20970104193023964
2331, 0.030041217803955078, -2.9511969089508057, 3.0167627334594727, 1.4386802911758423, -0.12444734573364258, -1.4374423027038574, 0.9732148742675781, -1.7862450754201045, -5.152018511439293, -4.022172660070882, -0.20950273993089397
2332, 0.027482271194458008, -2.9763526916503906, 3.0252315998077393, 1.455207109451294, -0.10972833633422852, -1.454179286956787, 0.9731995391845704, -1.786092733198303, -5.152090935820161, -4.022089480586371, -0.20932246690571255
2333, 0.025424718856811523, -2.993454933166504, 3.031231641769409, 1.4674150943756104, -0.09823274612426758, -1.4666614532470703, 0.9731995391845704, -1.786007583063735, -5.152143325751112, -4.02204598074143, -0.2092319165284593
2334, 0.021744728088378906, -3.0184781551361084, 3.0409867763519287, 1.4877220392227173, -0.07924056053161621, -1.4877991676330566, 0.9731843566894531, -1.78592268952106, -5.152232142850078, -4.022003410617538, -0.20913919943740655
2335, 0.019443511962890625, -3.0315685272216797, 3.0468831062316895, 1.5000578165054321, -0.0674436092376709, -1.5001349449157715, 0.9732148742675781, -1.7858835871126248, -5.152265843572053, -4.021980317430977, -0.20909743621668664
2336, 0.01647162437438965, -3.046967029571533, 3.0545289516448975, 1.5162467956542969, -0.05301666259765625, -1.516469955444336, 0.9731919860839844, -1.785870610094886, -5.152304709211856, -4.021960370205871, -0.2091061154294831
2337, 0.014266252517700195, -3.056997060775757, 3.060385227203369, 1.527103304862976, -0.04160308837890625, -1.5273537635803223, 0.9732148742675781, -1.7858698548605019, -5.152322322616806, -4.021948785772242, -0.2091417878812596
2338, 0.01221609115600586, -3.0657365322113037, 3.0662734508514404, 1.536325454711914, -0.03196096420288086, -1.5367493629455566, 0.9732072448730469, -1.785881045448754, -5.1523332218143025, -4.021942846548838, -0.2091904302718115
2339, 0.009266138076782227, -3.077772378921509, 3.0761404037475586, 1.549062967300415, -0.01831042766571045, -1.5499072074890137, 0.9732148742675781, -1.7859090747423942, -5.152349086345417, -4.021950071375029, -0.20932472234625177
2340, 0.007481575012207031, -3.0834362506866455, 3.0821805000305176, 1.5547605752944946, -0.011307120323181152, -1.5558419227600098, 0.9732148742675781, -1.7859229508325294, -5.1523391782554135, -4.021964179475756, -0.20935087082138093
2341, 0.005659818649291992, -3.0880751609802246, 3.0880048274993896, 1.5599743127822876, -0.006412863731384277, -1.5604896545410156, 0.9731843566894531, -1.7859613349833303, -5.152331459761403, -4.0219844435255325, -0.20936257813167103
2342, 0.003115415573120117, -3.0928096771240234, 3.0954670906066895, 1.5639097690582275, -0.00225830078125, -1.5647902488708496, 0.9731767272949219, -1.7859976746210728, -5.152319708116045, -4.022006348598618, -0.2093397596382376
2343, -0.0003063678741455078, -3.0967626571655273, 3.103720188140869, 1.566758632659912, -0.00021314620971679688, -1.5672283172607422, 0.9731690216064454, -1.7860381016055862, -5.1522937764314305, -4.022054045833923, -0.2092389380729358
2344, -0.0013463497161865234, -3.0977582931518555, 3.1064207553863525, 1.5669595003128052, -0.00024962425231933594, -1.5674200057983398, 0.9731385040283204, -1.786036098278681, -5.1522824700636365, -4.022078033896871, -0.2091912803522593
2345, -0.0016338825225830078, -3.1026554107666016, 3.114250421524048, 1.5672242641448975, -0.0008065700531005859, -1.5673103332519531, 0.9727416229248047, -1.7860645704600762, -5.152237332701705, -4.022111668144928, -0.20913583740610076
2346, -0.002386331558227539, -3.1058411598205566, 3.125028133392334, 1.5680643320083618, -0.0015462636947631836, -1.567319393157959, 0.9733140563964844, -1.7860089475830643, -5.152201542867145, -4.022040052051975, -0.2091697149375733
2347, -0.0012576580047607422, -3.1126186847686768, 3.1369965076446533, 1.5674982070922852, -0.001445770263671875, -1.5672554969787598, 0.9735964965820313, -1.7859516532925577, -5.152178083264561, -4.021855750601648, -0.2093291423938437
2348, 3.2901763916015625e-05, -3.1143147945404053, 3.1383466720581055, 1.5672881603240967, 0.0006177425384521484, -1.5682964324951172, 0.9664060211181641, -1.785935858049264, -5.1521567056043365, -4.021797947918285, -0.2095713550474434
2349, 0.0017659664154052734, -3.1127736568450928, 3.1381309032440186, 1.5674433708190918, -0.0010440349578857422, -1.5676941871643066, 0.9742910766601562, -1.786046754887578, -5.152120372022858, -4.022046078708197, -0.2096738113762413
2350, 0.0011835098266601562, -3.110435724258423, 3.133944511413574, 1.5686304569244385, 0.00052642822265625, -1.5677671432495117, 0.9742987823486328, -1.7860682460118598, -5.15212350248331, -4.022371684274501, -0.20982136011590757
2351, 0.0004017353057861328, -3.112272262573242, 3.1347594261169434, 1.5689955949783325, 0.001466989517211914, -1.5679130554199219, 0.9737262725830078, -1.7859735991472192, -5.152181391703917, -4.022513870910108, -0.20985934013182383
2352, -0.00024008750915527344, -3.115797281265259, 3.1376514434814453, 1.5678542852401733, -6.711483001708984e-05, -1.5680866241455078, 0.9750468444824218, -1.7858433087647383, -5.152237180773386, -4.022499080656455, -0.20991035958738458
2353, -0.000232696533203125, -3.1183340549468994, 3.1388180255889893, 1.5684477090835571, 0.0010470151901245117, -1.5685157775878906, 0.9722301483154296, -1.785737272007517, -5.152266279915343, -4.0223861777501435, -0.20989069120652903
2354, 0.0004754066467285156, -3.116741418838501, 3.1385223865509033, 1.5685025453567505, -0.0010349750518798828, -1.5680956840515137, 0.9741995239257812, -1.7857622557840356, -5.152254272823433, -4.022443118209673, -0.20993064299736464
2355, 0.0001361370086669922, -3.1159446239471436, 3.1372599601745605, 1.5690504312515259, 0.0005996227264404297, -1.5681228637695312, 0.9724514770507813, -1.785788072120825, -5.152258799560019, -4.022517929426596, -0.210002686154092
2356, -0.0003800392150878906, -3.1168372631073, 3.137899160385132, 1.56887686252594, 0.0011107921600341797, -1.5681228637695312, 0.9709325408935547, -1.785731579850484, -5.152316033872797, -4.022494158704761, -0.21009826966193312
2357, -0.0002694129943847656, -3.118098258972168, 3.1388099193573, 1.5684020519256592, 0.0004991292953491211, -1.5683879852294922, 0.9689554595947265, -1.7856984905804945, -5.152350573104572, -4.022413984529589, -0.2101529144108909
2358, 0.0004456043243408203, -3.118053913116455, 3.1384825706481934, 1.5686395168304443, 0.0005812644958496094, -1.5681324005126953, 0.9620626831054687, -1.785747040831506, -5.152380960481993, -4.022423887514396, -0.21020697242226127
2359, 0.00037932395935058594, -3.117729425430298, 3.1382029056549072, 1.5688221454620361, 0.0005903244018554688, -1.5681228637695312, 0.9606963348388672, -1.7857682822944272, -5.152395844497106, -4.02245465744778, -0.2102190611700543
2360, 0.00016546249389648438, -3.1178696155548096, 3.1382906436920166, 1.5687490701675415, 0.0006268024444580078, -1.5681324005126953, 0.9429031372070312, -1.7857945942509872, -5.152440703386775, -4.022487760648401, -0.210251469616626
2361, 7.724761962890625e-05, -3.118533134460449, 3.1387062072753906, 1.5686030387878418, 0.0004717111587524414, -1.5681962966918945, 0.9134082794189453, -1.7858245449409498, -5.152468533965027, -4.022465056428068, -0.21022135699899192
2362, 0.00010657310485839844, -3.1186366081237793, 3.13877010345459, 1.568584680557251, 0.00046265125274658203, -1.568159580230713, 0.8778524780273438, -1.7858683123995704, -5.152488377361107, -4.022477609125084, -0.21022490215657985
2363, 8.440017700195312e-05, -3.118408203125, 3.1385862827301025, 1.568666934967041, 0.00057220458984375, -1.5681872367858887, 0.8514948272705078, -1.7859175037066444, -5.15250749203318, -4.0225062987405895, -0.21021292199160868
2364, 0.00012135505676269531, -3.1182234287261963, 3.1385464668273926, 1.5687034130096436, 0.0006361007690429688, -1.568159580230713, 0.8246638488769531, -1.7859984815089693, -5.152535856308818, -4.022534392580252, -0.21019784306569278
2365, 0.00029850006103515625, -3.1184375286102295, 3.138634204864502, 1.5686120986938477, 0.00052642822265625, -1.5681414604187012, 0.7942606353759766, -1.78604368314157, -5.15254979359198, -4.022537689991551, -0.21017311397741434
2366, 0.0002541542053222656, -3.1185848712921143, 3.138690233230591, 1.5686030387878418, 0.0005172491073608398, -1.5681686401367188, 0.7668572998046875, -1.7860744667376223, -5.152549106969995, -4.022547719434024, -0.21015606231434525
2367, 9.179115295410156e-05, -3.1185407638549805, 3.138618230819702, 1.5686486959457397, 0.0005630254745483398, -1.568159580230713, 0.7356217956542969, -1.7861053770810367, -5.152544814666869, -4.022568805646404, -0.21012815476773916
2368, 6.985664367675781e-05, -3.118511438369751, 3.1385464668273926, 1.5686851739883423, 0.0005447864532470703, -1.5681414604187012, 0.6873033142089844, -1.7861747248474977, -5.152546445581916, -4.022586943789667, -0.21013399718448156
2369, 0.000209808349609375, -3.118614435195923, 3.138618230819702, 1.5686304569244385, 0.0005356073379516602, -1.5681414604187012, 0.6199245452880859, -1.7862268014122704, -5.152528124079001, -4.022583237343776, -0.21014715911396653
2370, 0.000209808349609375, -3.118629217147827, 3.1386423110961914, 1.5686120986938477, 0.0005538463592529297, -1.5681414604187012, 0.5891243362426758, -1.7862404463311605, -5.152518495889855, -4.022583529717622, -0.21014926855850202
2371, 0.00012874603271484375, -3.1185555458068848, 3.138634204864502, 1.568666934967041, 0.0005903244018554688, -1.5681962966918945, 0.5297145843505859, -1.7862738942051437, -5.152498515676389, -4.022599604252456, -0.21016585425528955
2372, 0.00012874603271484375, -3.118422746658325, 3.1386501789093018, 1.5686759948730469, 0.0006725788116455078, -1.5681324005126953, 0.47586952209472655, -1.786304898354246, -5.1524895331530995, -4.02262019145338, -0.2101779624139537
2373, 0.0001804828643798828, -3.118504047393799, 3.138618230819702, 1.5686577558517456, 0.0005996227264404297, -1.5681872367858887, 0.3997658920288086, -1.7863405566295638, -5.152464385725077, -4.02264812330225, -0.2101726642750048
2374, 0.0001506805419921875, -3.118511438369751, 3.138698101043701, 1.5686120986938477, 0.0004898309707641602, -1.5681324005126953, 0.3749730682373047, -1.7863491200608133, -5.15245855414802, -4.022659951956378, -0.21018016413169605
2375, 7.724761962890625e-05, -3.118511438369751, 3.1387062072753906, 1.5686395168304443, 0.0006086826324462891, -1.568159580230713, 0.32337982177734376, -1.7863792734959028, -5.152448650575174, -4.02268493800718, -0.21017813815753517
2376, 0.00015807151794433594, -3.118459463119507, 3.138698101043701, 1.5686395168304443, 0.0006361007690429688, -1.5681324005126953, 0.2778168296813965, -1.786416223543624, -5.152442755095798, -4.022707472459234, -0.21017075095849602
2377, 0.00021719932556152344, -3.118452310562134, 3.1386821269989014, 1.5686304569244385, 0.0005538463592529297, -1.5681872367858887, 0.24523044586181642, -1.7864364522110785, -5.152436445305305, -4.022719054738194, -0.21014320861884972
2378, 0.0001361370086669922, -3.118467092514038, 3.1387062072753906, 1.5686395168304443, 0.0006908178329467773, -1.568159580230713, 0.21490352630615234, -1.7864629291380143, -5.152427235070392, -4.022726627517066, -0.2101070606509685
2379, 0.00010657310485839844, -3.118504047393799, 3.1387062072753906, 1.5686577558517456, 0.0006361007690429688, -1.5681781768798828, 0.177156982421875, -1.7865026599725948, -5.152423531266015, -4.022738747615023, -0.21007002625011229
2380, 0.00018787384033203125, -3.1184818744659424, 3.138674259185791, 1.568666934967041, 0.0005538463592529297, -1.5681324005126953, 0.14366990089416504, -1.7865420629166433, -5.15241739844005, -4.022755542235982, -0.2100116920491777
2381, 0.0001804828643798828, -3.118459463119507, 3.138690233230591, 1.5686577558517456, 0.0006542205810546875, -1.568159580230713, 0.12120514869689941, -1.7865713972486938, -5.152410335297224, -4.022763615631432, -0.20997723120584855
2382, 0.00014352798461914062, -3.1184966564178467, 3.1387062072753906, 1.5686759948730469, 0.0006361007690429688, -1.568150520324707, 0.10007625579833984, -1.78661424008543, -5.152410077723639, -4.022767885160065, -0.20995592677040165
2383, 0.00012874603271484375, -3.1184890270233154, 3.138714075088501, 1.568666934967041, 0.0006086826324462891, -1.5681686401367188, 0.06906991958618164, -1.786675283470271, -5.152409937376358, -4.022777362323443, -0.20991635308749768
2384, 0.00014352798461914062, -3.118459463119507, 3.1387062072753906, 1.568666934967041, 0.0006086826324462891, -1.568150520324707, 0.054215612411499026, -1.7867099223067977, -5.152407542780646, -4.022789985362136, -0.20989192995249084
2385, 0.0001506805419921875, -3.118467092514038, 3.138714075088501, 1.5686577558517456, 0.0006177425384521484, -1.5681686401367188, 0.03682708740234375, -1.7867567048244761, -5.1524047849419645, -4.02280605094024, -0.20988308145756474
2386, 0.0001361370086669922, -3.1184818744659424, 3.1387062072753906, 1.5686395168304443, 0.0005996227264404297, -1.568159580230713, 0.02645343542098999, -1.7867907584389373, -5.152405422709947, -4.022818302446776, -0.20989923785555575
2387, 0.0001506805419921875, -3.118467092514038, 3.1387381553649902, 1.568621277809143, 0.0006177425384521484, -1.5681872367858887, 0.02386575937271118, -1.7868289475395116, -5.152404628204686, -4.022837392154098, -0.20992292788440903
2388, 0.00015807151794433594, -3.118459463119507, 3.138730049133301, 1.568621277809143, 0.0007365942001342773, -1.5681686401367188, 0.024041295051574707, -1.7868751763503479, -5.152401517030901, -4.022855516146163, -0.20994667496034758
2389, 0.00012135505676269531, -3.1184818744659424, 3.1387062072753906, 1.5686577558517456, 0.0006542205810546875, -1.568150520324707, 0.02375894784927368, -1.7869262896484845, -5.152398237885387, -4.022896608496682, -0.2099804865365016
2390, 0.00011372566223144531, -3.1184890270233154, 3.138674259185791, 1.5686759948730469, 0.0006268024444580078, -1.568159580230713, 0.022461235523223877, -1.7869478498785298, -5.152400437134115, -4.022926509009916, -0.21001055144695524
2391, 0.00012135505676269531, -3.118562936782837, 3.138714075088501, 1.5686577558517456, 0.0006908178329467773, -1.5681228637695312, 0.023048996925354004, -1.786982291871543, -5.152399957256149, -4.022953450358461, -0.21003465528310628
2392, 0.0001804828643798828, -3.1185407638549805, 3.138714075088501, 1.5686577558517456, 0.0005996227264404297, -1.568150520324707, 0.022720754146575928, -1.7870225694890562, -5.152399451379173, -4.022992896978971, -0.21006025501535586
2393, 0.0001361370086669922, -3.118533134460449, 3.1387221813201904, 1.568621277809143, 0.0006451606750488281, -1.5681228637695312, 0.022766590118408203, -1.7870500478504083, -5.152400561356243, -4.02301958096681, -0.21007473136384913
2394, 0.0001361370086669922, -3.118504047393799, 3.1387460231781006, 1.5686395168304443, 0.0006361007690429688, -1.568159580230713, 0.022758960723876953, -1.787090107150329, -5.152405971432004, -4.023060465318731, -0.21009687178430703
2395, 0.00014352798461914062, -3.118504047393799, 3.1387381553649902, 1.5686486959457397, 0.0006816387176513672, -1.5681324005126953, 0.022743701934814453, -1.787118224540673, -5.152407691976287, -4.023086153147035, -0.2100778240210337
2396, 0.00015807151794433594, -3.118525981903076, 3.138730049133301, 1.5686395168304443, 0.0006268024444580078, -1.5681781768798828, 0.022713184356689453, -1.7871317618953977, -5.152406317558767, -4.023097609446536, -0.2100660457987873
2397, 0.00010657310485839844, -3.118533134460449, 3.138714075088501, 1.568666934967041, 0.0006451606750488281, -1.5681414604187012, 0.022743701934814453, -1.787156986632463, -5.152403711257985, -4.023108881235165, -0.21005809146217658
2398, 0.0001361370086669922, -3.118525981903076, 3.138714075088501, 1.5686577558517456, 0.0006633996963500977, -1.568159580230713, 0.022713184356689453, -1.7871986390217733, -5.15239995992098, -4.02311807044607, -0.2100267013325121
2399, 0.00016546249389648438, -3.118525981903076, 3.1387221813201904, 1.5686486959457397, 0.0006361007690429688, -1.5681324005126953, 0.022705495357513428, -1.7872187330767466, -5.152393138574693, -4.023123589817595, -0.20999334444003814
2400, 0.0001361370086669922, -3.118518829345703, 3.1387381553649902, 1.568666934967041, 0.0006816387176513672, -1.568150520324707, 0.022667407989501953, -1.7872480598415068, -5.152387658682762, -4.023126470820225, -0.20997777984270005
2401, 0.00012135505676269531, -3.118518829345703, 3.138730049133301, 1.5686486959457397, 0.0006633996963500977, -1.568159580230713, 0.022690236568450928, -1.7872968187375018, -5.152379351749531, -4.023137655525503, -0.20995187141081217
2402, 0.00016546249389648438, -3.118518829345703, 3.138730049133301, 1.568621277809143, 0.0006361007690429688, -1.568159580230713, 0.022705495357513428, -1.7873347554040286, -5.152374527539164, -4.0231512023326115, -0.2099476329923844
2403, 0.00016546249389648438, -3.118518829345703, 3.1387221813201904, 1.5686486959457397, 0.0006633996963500977, -1.568150520324707, 0.022720754146575928, -1.7873556089143938, -5.152364814154731, -4.023161803644146, -0.20993216990184038
2404, 0.00014352798461914062, -3.118525981903076, 3.1387221813201904, 1.5686395168304443, 0.0006633996963500977, -1.5681414604187012, 0.022697925567626953, -1.7873932605728964, -5.1523568553092876, -4.023174057707006, -0.20993969342640906
2405, 0.00014352798461914062, -3.118525981903076, 3.138730049133301, 1.568666934967041, 0.0006361007690429688, -1.5681872367858887, 0.022690236568450928, -1.7874279084727078, -5.1523507023712245, -4.023190686536762, -0.2099530233275413
2406, 0.00014352798461914062, -3.118504047393799, 3.1387221813201904, 1.5686759948730469, 0.0006268024444580078, -1.5681686401367188, 0.022682666778564453, -1.787477086076764, -5.152339172764626, -4.023207144382808, -0.20996102774853753
2407, 0.0001361370086669922, -3.118518829345703, 3.138730049133301, 1.5686395168304443, 0.0006451606750488281, -1.5681414604187012, 0.022682666778564453, -1.7875048387601598, -5.152332473793845, -4.023221608857151, -0.20997669474563807
2408, 0.00010657310485839844, -3.118525981903076, 3.138730049133301, 1.5686486959457397, 0.0006725788116455078, -1.5681324005126953, 0.022674977779388428, -1.7875654461668744, -5.152322440035336, -4.023249983814033, -0.20999685790603984
2409, 0.00012874603271484375, -3.118525981903076, 3.138730049133301, 1.5686486959457397, 0.0006361007690429688, -1.568150520324707, 0.022697925567626953, -1.7875874080477616, -5.152321717722005, -4.023262894140913, -0.21001360009307568
2410, 0.0001361370086669922, -3.118525981903076, 3.138730049133301, 1.568666934967041, 0.0006908178329467773, -1.5681324005126953, 0.022690236568450928, -1.7876328194296702, -5.152317608054789, -4.023286148758413, -0.2100268660286364
2411, 0.00012874603271484375, -3.118533134460449, 3.1387381553649902, 1.568666934967041, 0.0006542205810546875, -1.5681414604187012, 0.022682666778564453, -1.787660923838585, -5.152320191949129, -4.023302314865204, -0.21004081907649663
2412, 0.00014352798461914062, -3.118533134460449, 3.138730049133301, 1.5686304569244385, 0.0006361007690429688, -1.568150520324707, 0.022682666778564453, -1.7877015709279815, -5.152318754692795, -4.02331889278572, -0.21004464618444185
2413, 0.00012874603271484375, -3.118518829345703, 3.13875412940979, 1.5686486959457397, 0.0006633996963500977, -1.5681414604187012, 0.022690236568450928, -1.7877569999773457, -5.15232312735758, -4.023341335662064, -0.210041011386358
2414, 0.0001506805419921875, -3.118518829345703, 3.1387381553649902, 1.5686577558517456, 0.0006633996963500977, -1.568159580230713, 0.022674977779388428, -1.787800803570803, -5.152327101654391, -4.02335859812041, -0.2100301779571554
2415, 0.00012874603271484375, -3.118504047393799, 3.1387460231781006, 1.5686395168304443, 0.0006633996963500977, -1.5681686401367188, 0.022682666778564453, -1.7878154999880618, -5.15233250618056, -4.023367985667965, -0.2100383784529969
2416, 0.00011372566223144531, -3.118518829345703, 3.1387381553649902, 1.5686577558517456, 0.0006816387176513672, -1.5681414604187012, 0.022690236568450928, -1.7878607000074227, -5.152342332950888, -4.023386759521131, -0.21004060239951539
2417, 0.0001506805419921875, -3.118525981903076, 3.138730049133301, 1.5686395168304443, 0.0006451606750488281, -1.568150520324707, 0.022690236568450928, -1.7879030386155428, -5.152348403636357, -4.023400681102633, -0.21003277600631964
2418, 0.00016546249389648438, -3.118533134460449, 3.1387460231781006, 1.5686486959457397, 0.0006725788116455078, -1.568159580230713, 0.022674977779388428, -1.7879363237201538, -5.152355471436362, -4.023413305249916, -0.2100336373719207
2419, 0.0001361370086669922, -3.118525981903076, 3.1387460231781006, 1.5686486959457397, 0.0006451606750488281, -1.5681686401367188, 0.022682666778564453, -1.7879924826819997, -5.152362717815496, -4.023428236228117, -0.21003861061812046
2420, 0.0001506805419921875, -3.118518829345703, 3.1387460231781006, 1.5686395168304443, 0.0006633996963500977, -1.5681414604187012, 0.022674977779388428, -1.7880317061633157, -5.152366632694686, -4.02343930026959, -0.21005567370489509
2421, 0.00014352798461914062, -3.118518829345703, 3.1387381553649902, 1.5686486959457397, 0.0006816387176513672, -1.5681414604187012, 0.022674977779388428, -1.7880735827454415, -5.152368994231987, -4.023449910790843, -0.21006350009412333
2422, 0.0001361370086669922, -3.1185407638549805, 3.1387381553649902, 1.568621277809143, 0.0006816387176513672, -1.568150520324707, 0.022682666778564453, -1.7881081701514705, -5.152365634735657, -4.023459649154456, -0.2100615144063509
2423, 0.00014352798461914062, -3.1185407638549805, 3.1387381553649902, 1.5686395168304443, 0.0006451606750488281, -1.5681414604187012, 0.022697925567626953, -1.7881496679856013, -5.1523660939512546, -4.023470869674752, -0.21008357575445302
2424, 0.0001361370086669922, -3.1185481548309326, 3.1387460231781006, 1.5686577558517456, 0.0006816387176513672, -1.5681686401367188, 0.022705495357513428, -1.7882146070148668, -5.1523608677373405, -4.0234887664283105, -0.21009707589363202
2425, 0.0001506805419921875, -3.118525981903076, 3.13875412940979, 1.5686577558517456, 0.0006361007690429688, -1.568159580230713, 0.022682666778564453, -1.7882519306317746, -5.152358763814808, -4.023500366623422, -0.21012430659050363
2426, 0.0001361370086669922, -3.118525981903076, 3.1387460231781006, 1.5686486959457397, 0.0006542205810546875, -1.5681324005126953, 0.022690236568450928, -1.7882923349845146, -5.152353673416731, -4.023510941683066, -0.21013294753464606
2427, 0.0001361370086669922, -3.118525981903076, 3.1387381553649902, 1.5686577558517456, 0.0006542205810546875, -1.568159580230713, 0.022690236568450928, -1.7883149796575912, -5.152353421359157, -4.0235198717072365, -0.2101482381843871
2428, 0.0001506805419921875, -3.118504047393799, 3.13875412940979, 1.568666934967041, 0.0006361007690429688, -1.568159580230713, 0.022674977779388428, -1.7883611669591457, -5.152343729759319, -4.023530690806353, -0.2101277415505507
2429, 0.00015807151794433594, -3.118518829345703, 3.13875412940979, 1.5686577558517456, 0.0006451606750488281, -1.568159580230713, 0.022674977779388428, -1.7883833367837774, -5.152342858220651, -4.023539854877767, -0.21013892730431305
2430, 0.0001361370086669922, -3.118525981903076, 3.1387460231781006, 1.5686486959457397, 0.0006542205810546875, -1.5681686401367188, 0.022682666778564453, -1.7884121294931021, -5.152340698601082, -4.023545357390865, -0.21014343740384778
2431, 0.0001361370086669922, -3.1185555458068848, 3.1387460231781006, 1.5686486959457397, 0.0006633996963500977, -1.568159580230713, 0.022682666778564453, -1.7884570519226088, -5.152335127858353, -4.023557041002793, -0.21013532591138517
2432, 0.00012874603271484375, -3.118533134460449, 3.13875412940979, 1.5686486959457397, 0.0006451606750488281, -1.568150520324707, 0.022690236568450928, -1.7885004752129798, -5.152323931057433, -4.023568998840812, -0.2100963262294666
2433, 0.0001506805419921875, -3.118525981903076, 3.13875412940979, 1.5686395168304443, 0.0006725788116455078, -1.568150520324707, 0.022667407989501953, -1.788520723019802, -5.152320794418327, -4.023574728105225, -0.2100874010913767
2434, 0.0001506805419921875, -3.118533134460449, 3.13875412940979, 1.568666934967041, 0.0006908178329467773, -1.5681686401367188, 0.022674977779388428, -1.788549830206045, -5.152315878524854, -4.023583378459038, -0.210088187393362
2435, 0.0001506805419921875, -3.118525981903076, 3.1387619972229004, 1.5686304569244385, 0.0006725788116455078, -1.568159580230713, 0.022674977779388428, -1.788597317776294, -5.152303996627891, -4.023596142822811, -0.21006736761781397
2436, 0.00014352798461914062, -3.118518829345703, 3.13875412940979, 1.5686577558517456, 0.0006451606750488281, -1.568150520324707, 0.022690236568450928, -1.788635805744121, -5.152292297587854, -4.0236036491692335, -0.21006183060851935
2437, 0.00014352798461914062, -3.1185407638549805, 3.1387460231781006, 1.5686395168304443, 0.0006725788116455078, -1.5681686401367188, 0.022674977779388428, -1.7886706487081079, -5.152285513217596, -4.023613490861339, -0.2100493986601819
2438, 0.0001506805419921875, -3.118533134460449, 3.1387460231781006, 1.5686486959457397, 0.0006725788116455078, -1.5681414604187012, 0.022682666778564453, -1.7886918320316507, -5.152280946767955, -4.023620235885386, -0.21005688006277357
2439, 0.00014352798461914062, -3.118533134460449, 3.13875412940979, 1.5686395168304443, 0.0006542205810546875, -1.568159580230713, 0.022690236568450928, -1.7887274562869195, -5.152273428264861, -4.0236273136477365, -0.21005037318110364
2440, 0.00012874603271484375, -3.1185407638549805, 3.13875412940979, 1.5686577558517456, 0.0006816387176513672, -1.568159580230713, 0.022697925567626953, -1.7887658941725957, -5.15226656264941, -4.023635372740052, -0.21006522803073668
2441, 0.0001361370086669922, -3.118533134460449, 3.13875412940979, 1.5686486959457397, 0.0006633996963500977, -1.568150520324707, 0.022690236568450928, -1.788803676581106, -5.152260054638517, -4.023643644942449, -0.21007353238160054
2442, 0.00014352798461914062, -3.1185407638549805, 3.13875412940979, 1.5686486959457397, 0.0006177425384521484, -1.5681686401367188, 0.022682666778564453, -1.7888270384659473, -5.152256872440243, -4.023648130125189, -0.21007633636559753
2443, 0.0001361370086669922, -3.118533134460449, 3.13875412940979, 1.5686759948730469, 0.0006633996963500977, -1.5681414604187012, 0.022674977779388428, -1.7888735295082276, -5.152251748172484, -4.0236585791099655, -0.2100818437016576
2444, 0.00014352798461914062, -3.118533134460449, 3.1387619972229004, 1.5686395168304443, 0.0006633996963500977, -1.568150520324707, 0.022674977779388428, -1.7888959497381958, -5.152247490733203, -4.023663046560919, -0.2100778927085445
2445, 0.00014352798461914062, -3.1185407638549805, 3.13875412940979, 1.5686395168304443, 0.0006542205810546875, -1.568159580230713, 0.022674977779388428, -1.7887869015807387, -5.152259622100134, -4.023647754256417, -0.21006719655810624
2446, 0.00014352798461914062, -3.118518829345703, 3.13875412940979, 1.5686577558517456, 0.0006542205810546875, -1.568159580230713, 0.022674977779388428, -1.7887941661835713, -5.152256071686765, -4.023649698429194, -0.21007319812602887
2447, 0.00014352798461914062, -3.1185407638549805, 3.1387619972229004, 1.5686486959457397, 0.0006633996963500977, -1.5681414604187012, 0.022667407989501953, -1.7888144229516607, -5.152250156890238, -4.023653784931052, -0.21006782663694246
2448, 0.0001361370086669922, -3.118525981903076, 3.1387619972229004, 1.5686395168304443, 0.0006633996963500977, -1.5681414604187012, 0.022697925567626953, -1.788859222038142, -5.152251318913524, -4.023660100920451, -0.21006560822350995
2449, 0.00012135505676269531, -3.118533134460449, 3.13875412940979, 1.5686486959457397, 0.0006633996963500977, -1.5681414604187012, 0.022697925567626953, -1.7888898994281657, -5.152247365689041, -4.023667342927969, -0.21006105038620682
2450, 0.0001361370086669922, -3.118511438369751, 3.1387619972229004, 1.568666934967041, 0.0006542205810546875, -1.568150520324707, 0.022690236568450928, -1.7888860686598351, -5.152250191285378, -4.0236697533489885, -0.2100542625146984
2451, 0.00012874603271484375, -3.118525981903076, 3.1387619972229004, 1.5686486959457397, 0.0006633996963500977, -1.568150520324707, 0.022644460201263428, -1.788831589307593, -5.152263936699485, -4.023659016665257, -0.210061376776018
2452, 0.0001361370086669922, -3.118518829345703, 3.1387619972229004, 1.5686486959457397, 0.0006633996963500977, -1.5681414604187012, 0.022652089595794678, -1.788832949050163, -5.152268092743795, -4.023665018540734, -0.21006441348732352
2453, 0.0001506805419921875, -3.118533134460449, 3.1387619972229004, 1.5686304569244385, 0.0006542205810546875, -1.5681686401367188, 0.022674977779388428, -1.7888523626317239, -5.1522608096374825, -4.023669239029473, -0.21006986290715446
2454, 0.00012874603271484375, -3.1185407638549805, 3.13875412940979, 1.5686395168304443, 0.0006542205810546875, -1.568159580230713, 0.022674977779388428, -1.788915974787124, -5.152257277206774, -4.02368290291647, -0.21007483060473486
2455, 0.0001361370086669922, -3.1185481548309326, 3.13877010345459, 1.5686486959457397, 0.0006451606750488281, -1.5681414604187012, 0.022682666778564453, -1.7889366705502723, -5.152257775157243, -4.023689219213986, -0.21007569340893806
2456, 0.0001506805419921875, -3.118518829345703, 3.1387619972229004, 1.5686486959457397, 0.0006542205810546875, -1.5681686401367188, 0.022682666778564453, -1.7889592577236688, -5.152263010535051, -4.023697491988253, -0.21009694713665095
2457, 0.00014352798461914062, -3.118533134460449, 3.1387779712677, 1.5686486959457397, 0.0006633996963500977, -1.5681414604187012, 0.022682666778564453, -1.788929429258821, -5.152269945623859, -4.023692765556395, -0.210110841357114
2458, 0.00014352798461914062, -3.1185481548309326, 3.13877010345459, 1.5686304569244385, 0.0006633996963500977, -1.568150520324707, 0.022674977779388428, -1.7889301896695078, -5.152270673937817, -4.023693870437367, -0.21012158572816375
2459, 0.0001361370086669922, -3.118533134460449, 3.1387619972229004, 1.5686304569244385, 0.0006633996963500977, -1.5681414604187012, 0.022659718990325928, -1.7889527369550668, -5.152268760916981, -4.023700249759566, -0.21013503161188307
2460, 0.00014352798461914062, -3.118533134460449, 3.13877010345459, 1.5686395168304443, 0.0006816387176513672, -1.5681414604187012, 0.022690236568450928, -1.7889975591235174, -5.152271796241477, -4.023713963602828, -0.21015402650792758
2461, 0.0001361370086669922, -3.118533134460449, 3.1387779712677, 1.5686577558517456, 0.0006542205810546875, -1.568150520324707, 0.022659718990325928, -1.789046312004237, -5.1522765183973, -4.023727397033668, -0.2101676272063564
2462, 0.00012874603271484375, -3.1185407638549805, 3.13877010345459, 1.5686486959457397, 0.0006542205810546875, -1.568159580230713, 0.022667407989501953, -1.7890519122587016, -5.152280799403724, -4.023737806870268, -0.21018393125777912
2463, 0.00012874603271484375, -3.118533134460449, 3.13877010345459, 1.5686486959457397, 0.0006361007690429688, -1.5681414604187012, 0.022674977779388428, -1.7890455599401465, -5.152288006709824, -4.02374403077766, -0.21017066622116065
2464, 0.0001361370086669922, -3.1185407638549805, 3.13877010345459, 1.5686577558517456, 0.0006633996963500977, -1.568159580230713, 0.022667407989501953, -1.7890229826631083, -5.152295777119647, -4.023746972566723, -0.21017499131211093
2465, 0.0001361370086669922, -3.118533134460449, 3.13877010345459, 1.5686486959457397, 0.0006542205810546875, -1.568159580230713, 0.022705495357513428, -1.789034522331796, -5.15230146700086, -4.023758348726405, -0.21017702287807438
2466, 0.0001361370086669922, -3.118525981903076, 3.13877010345459, 1.5686304569244385, 0.0006361007690429688, -1.5681686401367188, 0.022674977779388428, -1.789100165230054, -5.152309122963084, -4.023788062153013, -0.2101613261737505
2467, 0.00012874603271484375, -3.118533134460449, 3.1387619972229004, 1.5686486959457397, 0.0006725788116455078, -1.5681414604187012, 0.022690236568450928, -1.7891634395315081, -5.152334187930684, -4.023820399079016, -0.2101643211397688
2468, 0.0001361370086669922, -3.118533134460449, 3.13877010345459, 1.5686486959457397, 0.0006542205810546875, -1.5681414604187012, 0.022682666778564453, -1.78920089384704, -5.152362471225548, -4.023842469705156, -0.21015228564555333
2469, 0.0001506805419921875, -3.1185481548309326, 3.1387619972229004, 1.568666934967041, 0.0006725788116455078, -1.568150520324707, 0.022674977779388428, -1.7892224946602169, -5.152394428296536, -4.023865055274203, -0.21014060714854121
2470, 0.00010657310485839844, -3.1185555458068848, 3.13877010345459, 1.5686577558517456, 0.0006633996963500977, -1.5681686401367188, 0.022690236568450928, -1.789245343169168, -5.15241743970811, -4.0238749778252005, -0.210147797844507
2471, 9.918212890625e-05, -3.118525981903076, 3.13875412940979, 1.5686395168304443, 0.0006908178329467773, -1.568159580230713, 0.022682666778564453, -1.789264908116125, -5.152416839677559, -4.023884084087849, -0.21012678443909394
2472, 0.00012135505676269531, -3.1185407638549805, 3.13877010345459, 1.568666934967041, 0.0006725788116455078, -1.568150520324707, 0.022674977779388428, -1.7893288617120633, -5.152435593523777, -4.023926675892071, -0.21012130399825768
2473, 0.0001804828643798828, -3.118533134460449, 3.13877010345459, 1.5686577558517456, 0.0006451606750488281, -1.568159580230713, 0.022690236568450928, -1.7893911755844352, -5.152473922057359, -4.023969819853725, -0.21014257054814678
2474, 0.0001804828643798828, -3.118525981903076, 3.1387779712677, 1.568666934967041, 0.0006633996963500977, -1.5681414604187012, 0.022682666778564453, -1.789447232209024, -5.1525130668892585, -4.024008173160167, -0.2101587276005521
2475, 0.00010657310485839844, -3.118518829345703, 3.1387860774993896, 1.5686395168304443, 0.0006633996963500977, -1.568150520324707, 0.022659718990325928, -1.7895255806156338, -5.152594249283626, -4.024084672434987, -0.21023796659775407
2476, 0.0001506805419921875, -3.118518829345703, 3.1387939453125, 1.5686577558517456, 0.0006633996963500977, -1.5681686401367188, 0.022659718990325928, -1.7895646975320922, -5.152622839975324, -4.024108917294316, -0.21030145734663996
2477, 0.00015807151794433594, -3.1185555458068848, 3.1387860774993896, 1.568666934967041, 0.0006816387176513672, -1.5681686401367188, 0.022674977779388428, -1.7895968256683004, -5.152637134394902, -4.0241212303057905, -0.21033421924596762
2478, 0.00012874603271484375, -3.1185555458068848, 3.1387860774993896, 1.5686577558517456, 0.0006816387176513672, -1.5681414604187012, 0.022667407989501953, -1.789670371585118, -5.15264601747815, -4.024131364149051, -0.21039335613840127
2479, 0.00012874603271484375, -3.1185407638549805, 3.1387860774993896, 1.5686486959457397, 0.0006633996963500977, -1.568159580230713, 0.022659718990325928, -1.789736767527709, -5.152687541453675, -4.024152629581099, -0.210433331658197
2480, 0.00012874603271484375, -3.118533134460449, 3.1387779712677, 1.5686577558517456, 0.0006633996963500977, -1.5681686401367188, 0.022659718990325928, -1.7898400659758926, -5.152783943995647, -4.024185636231324, -0.21049806367950286
2481, 0.0001506805419921875, -3.1185407638549805, 3.13877010345459, 1.568666934967041, 0.0006725788116455078, -1.5681414604187012, 0.022674977779388428, -1.7898718876925983, -5.152830741401272, -4.02420310803642, -0.21052757551501777
2482, 0.00012874603271484375, -3.1185481548309326, 3.13877010345459, 1.568666934967041, 0.0006451606750488281, -1.568159580230713, 0.022682666778564453, -1.7899583770983654, -5.152959590340239, -4.0242554146649345, -0.21062304016372568
2483, 0.00015807151794433594, -3.1185555458068848, 3.1387779712677, 1.568666934967041, 0.0006633996963500977, -1.5681414604187012, 0.022674977779388428, -1.7899911609148496, -5.152994235165551, -4.024268737235178, -0.21067198493517658
2484, 0.0001804828643798828, -3.118570327758789, 3.1388020515441895, 1.5686486959457397, 0.0006725788116455078, -1.568150520324707, 0.022674977779388428, -1.7900338877325925, -5.153030316982555, -4.024283354368583, -0.21074737175866165
2485, 0.00016546249389648438, -3.1185481548309326, 3.1387939453125, 1.5686395168304443, 0.0006725788116455078, -1.568159580230713, 0.022674977779388428, -1.7900535618172, -5.153054567826046, -4.024293428266652, -0.21077327063436702
2486, 0.00012874603271484375, -3.1185555458068848, 3.1387939453125, 1.5686577558517456, 0.0006451606750488281, -1.568150520324707, 0.022659718990325928, -1.7900948999071995, -5.153154459491147, -4.024312877032145, -0.21085687634254224
2487, 0.0001361370086669922, -3.1185481548309326, 3.1387939453125, 1.5686486959457397, 0.0006542205810546875, -1.5681686401367188, 0.022636830806732178, -1.7901115672748686, -5.153225529851263, -4.024324836999402, -0.21091261463027422
2488, 0.00015807151794433594, -3.1185481548309326, 3.1387939453125, 1.5686577558517456, 0.0006361007690429688, -1.568150520324707, 0.022667407989501953, -1.790125839664142, -5.153285120163745, -4.024333267895751, -0.21096471711993114
2489, 0.00014352798461914062, -3.1185481548309326, 3.1387860774993896, 1.5686577558517456, 0.0006725788116455078, -1.568159580230713, 0.022667407989501953, -1.7901601240059848, -5.153342188173633, -4.024342496619997, -0.2110373593043411
2490, 0.0001506805419921875, -3.1185555458068848, 3.1387779712677, 1.5686395168304443, 0.0006361007690429688, -1.568159580230713, 0.022659718990325928, -1.7901976247547122, -5.153374065826065, -4.0243591132257786, -0.21107382542321584
2491, 0.00014352798461914062, -3.118570327758789, 3.1387779712677, 1.5686486959457397, 0.0006361007690429688, -1.568159580230713, 0.022667407989501953, -1.7902188245394943, -5.153412872899992, -4.024363491249583, -0.2111270849740592
2492, 0.00014352798461914062, -3.118562936782837, 3.1387779712677, 1.5686486959457397, 0.0006451606750488281, -1.5681414604187012, 0.022667407989501953, -1.7902434358199477, -5.1534613445805, -4.0243765064904355, -0.21116738139185376
2493, 0.0001506805419921875, -3.118562936782837, 3.1387779712677, 1.5686395168304443, 0.0006361007690429688, -1.568150520324707, 0.022659718990325928, -1.7902466444339418, -5.1535283205213975, -4.024393771538897, -0.2112112598892777
2494, 0.0001361370086669922, -3.1185481548309326, 3.1387779712677, 1.5686486959457397, 0.0006268024444580078, -1.568150520324707, 0.022667407989501953, -1.7902452465800809, -5.15357483409825, -4.024410895251705, -0.2112542609569683
2495, 0.00016546249389648438, -3.1185407638549805, 3.1387860774993896, 1.5686486959457397, 0.0006633996963500977, -1.5681414604187012, 0.022652089595794678, -1.7902464685221846, -5.153614803973975, -4.024427905469539, -0.21128830052017378
2496, 0.00015807151794433594, -3.1185555458068848, 3.1387939453125, 1.5686395168304443, 0.0006542205810546875, -1.568150520324707, 0.022659718990325928, -1.7902758804309604, -5.15363679852279, -4.024447990364941, -0.211313690998705
2497, 0.0001361370086669922, -3.118562936782837, 3.1387939453125, 1.5686395168304443, 0.0006542205810546875, -1.568150520324707, 0.022667407989501953, -1.7902952285190352, -5.1536657885167285, -4.02446261494286, -0.21135412091067973
2498, 0.0001361370086669922, -3.118570327758789, 3.1387939453125, 1.5686486959457397, 0.0006633996963500977, -1.568150520324707, 0.022682666778564453, -1.7903098955915007, -5.153694020642237, -4.024469169098324, -0.21137121784224533
2499, 0.00016546249389648438, -3.1185481548309326, 3.1388020515441895, 1.5686395168304443, 0.0006361007690429688, -1.568159580230713, 0.022674977779388428, -1.790326023648064, -5.153734698889438, -4.024477379759318, -0.21140541753573494
2500, 0.00015807151794433594, -3.1185555458068848, 3.1387860774993896, 1.5686577558517456, 0.0006725788116455078, -1.5681686401367188, 0.022674977779388428, -1.7903322945377937, -5.153752264778731, -4.024475785979783, -0.21143586710701623
2501, 0.00015807151794433594, -3.1185555458068848, 3.1387939453125, 1.5686486959457397, 0.0006451606750488281, -1.5681781768798828, 0.022667407989501953, -1.7903443627878457, -5.153758763900963, -4.024475804078146, -0.21144149395820033
2502, 0.0001506805419921875, -3.118570327758789, 3.1387779712677, 1.5686577558517456, 0.0006268024444580078, -1.5681686401367188, 0.022713184356689453, -1.7903716510160943, -5.153749572473343, -4.024480898669643, -0.21143436239821423
2503, 0.00014352798461914062, -3.118562936782837, 3.1387939453125, 1.5686304569244385, 0.0006361007690429688, -1.5681414604187012, 0.022674977779388428, -1.790389078345918, -5.153735886777792, -4.024482048271055, -0.2114177797340675
2504, 0.0001506805419921875, -3.118562936782837, 3.1387939453125, 1.5686304569244385, 0.0006361007690429688, -1.5681414604187012, 0.022674977779388428, -1.7903973153484758, -5.153742029532719, -4.024491666472585, -0.21140606563152797
2505, 0.00015807151794433594, -3.1185481548309326, 3.1387939453125, 1.5686395168304443, 0.0006451606750488281, -1.568159580230713, 0.022667407989501953, -1.7903990530808167, -5.153743310078473, -4.024497138506012, -0.21138418472645348
2506, 0.00016546249389648438, -3.118562936782837, 3.1387939453125, 1.5686486959457397, 0.0006633996963500977, -1.568159580230713, 0.022659718990325928, -1.79039808328635, -5.1537441246015785, -4.024505713490682, -0.21135515794432802
2507, 0.00015807151794433594, -3.118577718734741, 3.1387939453125, 1.5686486959457397, 0.0006633996963500977, -1.5681228637695312, 0.022674977779388428, -1.7903957390240701, -5.15373127446287, -4.024505268712037, -0.2113305393392455
2508, 0.0001361370086669922, -3.118570327758789, 3.1387939453125, 1.5686486959457397, 0.0006633996963500977, -1.568150520324707, 0.022667407989501953, -1.7904041987803923, -5.1537084406415135, -4.024509572269768, -0.21131739749166822
2509, 0.00014352798461914062, -3.1185555458068848, 3.1388020515441895, 1.5686395168304443, 0.0006633996963500977, -1.5681324005126953, 0.022667407989501953, -1.790420327975034, -5.153690112278621, -4.024508836447606, -0.21128975441910125
2510, 0.0001506805419921875, -3.1185555458068848, 3.1387939453125, 1.5686395168304443, 0.0006633996963500977, -1.568150520324707, 0.022674977779388428, -1.7904240760083576, -5.15368390719762, -4.024508173903097, -0.21126489623349443
2511, 0.00015807151794433594, -3.118562936782837, 3.1387939453125, 1.5686395168304443, 0.0006633996963500977, -1.568159580230713, 0.022682666778564453, -1.7904275280190243, -5.153675349051453, -4.024512967632589, -0.21124799986718124
2512, 0.0001506805419921875, -3.118562936782837, 3.1387939453125, 1.5686486959457397, 0.0006633996963500977, -1.5681324005126953, 0.022690236568450928, -1.7904270658569197, -5.153667560548887, -4.024518120878761, -0.21123456585681755
2513, 0.0001361370086669922, -3.1185555458068848, 3.1387939453125, 1.568666934967041, 0.0006725788116455078, -1.568150520324707, 0.022682666778564453, -1.790417756336069, -5.153640835941864, -4.024521752239912, -0.2112212779475957
2514, 0.0001361370086669922, -3.1185555458068848, 3.1388020515441895, 1.5686486959457397, 0.0006816387176513672, -1.568159580230713, 0.022674977779388428, -1.7904223212732155, -5.1536198861301585, -4.0245248669490605, -0.21121667331748117
2515, 0.0001361370086669922, -3.118562936782837, 3.1387939453125, 1.5686577558517456, 0.0006725788116455078, -1.568159580230713, 0.022667407989501953, -1.7904288109888722, -5.153606849912212, -4.024531211876332, -0.21120204932079556
2516, 0.00014352798461914062, -3.1185555458068848, 3.1387939453125, 1.5686577558517456, 0.0006816387176513672, -1.5681781768798828, 0.022674977779388428, -1.790426970895974, -5.1536034521638, -4.024537377386076, -0.2111916248936634
2517, 0.0001506805419921875, -3.118562936782837, 3.1388020515441895, 1.5686577558517456, 0.0006633996963500977, -1.5681414604187012, 0.022659718990325928, -1.7904162785521822, -5.153605189060024, -4.024537616028407, -0.21118056126120077
2518, 0.00014352798461914062, -3.1185555458068848, 3.1388020515441895, 1.5686486959457397, 0.0006361007690429688, -1.5681414604187012, 0.022682666778564453, -1.7904081031887298, -5.153597260010291, -4.024541389582809, -0.21116428701700762
2519, 0.00012874603271484375, -3.1185555458068848, 3.1387939453125, 1.5686395168304443, 0.0006542205810546875, -1.5681962966918945, 0.022652089595794678, -1.7904100482058776, -5.153589691598355, -4.024538295842674, -0.2111686597748923
2520, 0.0001361370086669922, -3.118562936782837, 3.1387860774993896, 1.5686577558517456, 0.0006816387176513672, -1.5681324005126953, 0.022667407989501953, -1.7904194064198942, -5.153574226346649, -4.024538325489327, -0.21113644444369584
2521, 0.00015807151794433594, -3.118562936782837, 3.1388020515441895, 1.5686577558517456, 0.0006725788116455078, -1.5681324005126953, 0.022667407989501953, -1.7904265597970233, -5.1535757575715415, -4.024536333563448, -0.21112646602163743
2522, 0.00015807151794433594, -3.118562936782837, 3.1387939453125, 1.5686486959457397, 0.0006451606750488281, -1.5681138038635254, 0.022659718990325928, -1.790431885254341, -5.153582026935459, -4.024537927934936, -0.21112910310814126
2523, 0.00012874603271484375, -3.118562936782837, 3.1387939453125, 1.5686486959457397, 0.0006725788116455078, -1.568159580230713, 0.022667407989501953, -1.7904304086288148, -5.153590368166757, -4.0245402367384004, -0.2111229875729359
2524, 0.00014352798461914062, -3.118562936782837, 3.1388020515441895, 1.5686486959457397, 0.0006451606750488281, -1.5681414604187012, 0.022659718990325928, -1.790431141990564, -5.153592440154161, -4.024542775925849, -0.21112788310681552
2525, 0.00012874603271484375, -3.118570327758789, 3.1387939453125, 1.5686486959457397, 0.0006542205810546875, -1.5681414604187012, 0.022674977779388428, -1.790434515139181, -5.153591779505218, -4.0245403096916625, -0.21115246263418452
2526, 0.0001361370086669922, -3.1185555458068848, 3.1387939453125, 1.5686759948730469, 0.0006361007690429688, -1.568150520324707, 0.022659718990325928, -1.7904459920447957, -5.153588994042589, -4.024543037840634, -0.2111735095025571
2527, 0.00014352798461914062, -3.118570327758789, 3.1388020515441895, 1.5686395168304443, 0.0006268024444580078, -1.568159580230713, 0.022674977779388428, -1.7904528224960232, -5.153590354463065, -4.024542395029762, -0.21118550901897848
2528, 0.00015807151794433594, -3.118562936782837, 3.1388020515441895, 1.5686577558517456, 0.0006542205810546875, -1.5681686401367188, 0.022682666778564453, -1.7904501238702306, -5.153605768034299, -4.024537309184701, -0.2112118996881609
2529, 0.00016546249389648438, -3.118562936782837, 3.1388020515441895, 1.5686395168304443, 0.0006816387176513672, -1.5681324005126953, 0.022682666778564453, -1.790448950179363, -5.1536212271669655, -4.024533034564512, -0.21123726448818303
2530, 0.00015807151794433594, -3.1185481548309326, 3.1387939453125, 1.5686486959457397, 0.0006361007690429688, -1.5681414604187012, 0.022652089595794678, -1.7904381331616468, -5.153638966328736, -4.024524881412044, -0.21127121547708771
2531, 0.0001506805419921875, -3.118570327758789, 3.1388020515441895, 1.5686486959457397, 0.0006542205810546875, -1.568150520324707, 0.022652089595794678, -1.7904407300703369, -5.153654026830306, -4.024527383728144, -0.21129779131052295
2532, 0.00015807151794433594, -3.1185555458068848, 3.1388020515441895, 1.5686577558517456, 0.0006542205810546875, -1.568159580230713, 0.022667407989501953, -1.7904459580203946, -5.1536605348250415, -4.0245259859574345, -0.211319057207624
2533, 0.00014352798461914062, -3.1185407638549805, 3.1387939453125, 1.5686486959457397, 0.0006633996963500977, -1.568159580230713, 0.022667407989501953, -1.7904480557173792, -5.153673612091681, -4.024519826340292, -0.21134447011590574
2534, 0.0001506805419921875, -3.118562936782837, 3.1388020515441895, 1.5686486959457397, 0.0006451606750488281, -1.5681414604187012, 0.022652089595794678, -1.7904436136651753, -5.15369083543108, -4.02452036076153, -0.21137085314866333
2535, 0.0001506805419921875, -3.118570327758789, 3.1388020515441895, 1.5686486959457397, 0.0006451606750488281, -1.568159580230713, 0.022667407989501953, -1.7904340534236436, -5.153703672101432, -4.024521244754149, -0.21139346006999027
2536, 0.00014352798461914062, -3.1185555458068848, 3.1387939453125, 1.5686395168304443, 0.0006542205810546875, -1.5681414604187012, 0.022674977779388428, -1.7904252137643821, -5.153717481462843, -4.024521042005594, -0.2113983650170388
2537, 0.00014352798461914062, -3.118562936782837, 3.1388020515441895, 1.5686577558517456, 0.0006542205810546875, -1.5681324005126953, 0.022674977779388428, -1.7904173999249555, -5.153719758301819, -4.024520433454262, -0.2114248133059231
2538, 0.00015807151794433594, -3.118562936782837, 3.1388020515441895, 1.5686577558517456, 0.0006633996963500977, -1.5681414604187012, 0.022652089595794678, -1.7904245843085127, -5.153713990219871, -4.024516787733896, -0.2114193037462666
2539, 0.00015807151794433594, -3.1185555458068848, 3.1388099193573, 1.5686486959457397, 0.0006542205810546875, -1.568150520324707, 0.022652089595794678, -1.7904261466114155, -5.153717559431923, -4.024511512657829, -0.21142298724960806
2540, 0.00016546249389648438, -3.118570327758789, 3.1388020515441895, 1.568666934967041, 0.0006542205810546875, -1.568150520324707, 0.022682666778564453, -1.7904265866070572, -5.15372238095247, -4.02451702374079, -0.21143430220350723
2541, 0.00014352798461914062, -3.118570327758789, 3.1388099193573, 1.5686395168304443, 0.0006542205810546875, -1.5681324005126953, 0.022690236568450928, -1.7904168459835974, -5.153719653724893, -4.024516809097767, -0.2114278715061726
2542, 0.0001506805419921875, -3.1185848712921143, 3.1388020515441895, 1.5686486959457397, 0.0006361007690429688, -1.568159580230713, 0.022667407989501953, -1.7904144733067238, -5.153713648092075, -4.024516519538883, -0.21142845592859327
2543, 0.00014352798461914062, -3.118570327758789, 3.1388020515441895, 1.5686486959457397, 0.0006816387176513672, -1.5681324005126953, 0.022682666778564453, -1.7904177883347434, -5.153696953458744, -4.024523815076772, -0.21143633819118524
2544, 0.00015807151794433594, -3.118570327758789, 3.1388099193573, 1.5686486959457397, 0.0006542205810546875, -1.5681686401367188, 0.022674977779388428, -1.7904220708044445, -5.153681215069593, -4.024528643152672, -0.21142835122709958
2545, 0.00014352798461914062, -3.118577718734741, 3.1388099193573, 1.5686577558517456, 0.0006542205810546875, -1.568150520324707, 0.022652089595794678, -1.790419589295818, -5.153681342124901, -4.024525661951402, -0.21140753840062487
2546, 0.00015807151794433594, -3.118562936782837, 3.1388099193573, 1.5686395168304443, 0.0006542205810546875, -1.5681414604187012, 0.022682666778564453, -1.7904231186694712, -5.153685319233504, -4.024529512454459, -0.2113952434842572
2547, 0.00015807151794433594, -3.1185555458068848, 3.1388020515441895, 1.568666934967041, 0.0006816387176513672, -1.568150520324707, 0.022659718990325928, -1.7904186935550377, -5.153680594520884, -4.024531277757421, -0.21138121015926714
2548, 0.0001361370086669922, -3.118570327758789, 3.1388020515441895, 1.5686486959457397, 0.0006451606750488281, -1.5681686401367188, 0.022674977779388428, -1.790420487854071, -5.153662484513686, -4.024533797468121, -0.21135441756133666
2549, 0.0001361370086669922, -3.118562936782837, 3.1388099193573, 1.5686577558517456, 0.0006361007690429688, -1.568159580230713, 0.022652089595794678, -1.7904293115088517, -5.153650959992103, -4.0245387032502595, -0.2113484660927316
2550, 0.00014352798461914062, -3.1185848712921143, 3.1387939453125, 1.5686395168304443, 0.0006361007690429688, -1.568150520324707, 0.022682666778564453, -1.7904362986234081, -5.153631338361685, -4.024540445940247, -0.21132853304316424
2551, 0.00014352798461914062, -3.118570327758789, 3.1388020515441895, 1.568666934967041, 0.0006633996963500977, -1.568159580230713, 0.022674977779388428, -1.790432049547288, -5.15362147220922, -4.024541842129887, -0.2113184566051931
2552, 0.00014352798461914062, -3.118562936782837, 3.1388020515441895, 1.5686395168304443, 0.0006633996963500977, -1.568150520324707, 0.022652089595794678, -1.7904288814026357, -5.153623979393342, -4.02454296364049, -0.21128436753458946
2553, 0.00014352798461914062, -3.118577718734741, 3.1388020515441895, 1.5686304569244385, 0.0006542205810546875, -1.5681686401367188, 0.022659718990325928, -1.7904250800387012, -5.1536250227915374, -4.024544677375417, -0.21127011082430425
2554, 0.00014352798461914062, -3.118570327758789, 3.1388099193573, 1.5686759948730469, 0.0006542205810546875, -1.568150520324707, 0.022659718990325928, -1.7904126975601908, -5.153611825845948, -4.0245460342265105, -0.21122814309372906
2555, 0.0001506805419921875, -3.118577718734741, 3.1388099193573, 1.5686395168304443, 0.0006908178329467773, -1.5681686401367188, 0.022659718990325928, -1.7904150778531198, -5.153595933310012, -4.024549938799785, -0.21120742512178836
2556, 0.00014352798461914062, -3.118562936782837, 3.1388099193573, 1.5686577558517456, 0.0006542205810546875, -1.568150520324707, 0.022682666778564453, -1.7904168436582135, -5.153592766992237, -4.024547043535666, -0.21120141923162805
2557, 0.00015807151794433594, -3.118577718734741, 3.1388099193573, 1.5686577558517456, 0.0006542205810546875, -1.568159580230713, 0.022667407989501953, -1.7904119801260983, -5.153605284121968, -4.02454387781975, -0.21121085103871806
2558, 0.00014352798461914062, -3.118577718734741, 3.1388020515441895, 1.5686577558517456, 0.0006451606750488281, -1.568159580230713, 0.022674977779388428, -1.7904100532643994, -5.153611273026609, -4.02454241703044, -0.21122609944150472
2559, 0.0001361370086669922, -3.118562936782837, 3.1388099193573, 1.5686486959457397, 0.0006361007690429688, -1.5681872367858887, 0.022659718990325928, -1.790409278339332, -5.153614032404121, -4.024546076682691, -0.2112413968561615
2560, 0.00015807151794433594, -3.118577718734741, 3.1388099193573, 1.5686486959457397, 0.0006542205810546875, -1.568159580230713, 0.022682666778564453, -1.7904098817656404, -5.153612485110522, -4.0245461625500685, -0.2112634980469439
2561, 0.00015807151794433594, -3.118562936782837, 3.1388258934020996, 1.5686486959457397, 0.0006633996963500977, -1.568159580230713, 0.022682666778564453, -1.790428285713924, -5.153615375119941, -4.024547673253988, -0.21127789145255527
2562, 0.00014352798461914062, -3.118562936782837, 3.1388180255889893, 1.5686577558517456, 0.0006361007690429688, -1.568150520324707, 0.022659718990325928, -1.7904319273792397, -5.153619049265239, -4.0245511701735985, -0.21128341718455435
2563, 0.00014352798461914062, -3.118570327758789, 3.1388099193573, 1.5686486959457397, 0.0006633996963500977, -1.5681414604187012, 0.022667407989501953, -1.7904330883796886, -5.153634250863349, -4.02455039085249, -0.2113122124825768
2564, 0.0001361370086669922, -3.118577718734741, 3.1388180255889893, 1.5686577558517456, 0.0006816387176513672, -1.5681414604187012, 0.022667407989501953, -1.790431110432234, -5.153648437752341, -4.024547953409217, -0.21133061621017646
2565, 0.0001361370086669922, -3.118577718734741, 3.1388099193573, 1.5686395168304443, 0.0006725788116455078, -1.568150520324707, 0.022674977779388428, -1.7904278676592622, -5.153653996152627, -4.024547434493612, -0.21134896419959937
2566, 0.0001506805419921875, -3.1185848712921143, 3.1388180255889893, 1.5686395168304443, 0.0006725788116455078, -1.568150520324707, 0.022682666778564453, -1.790424541208529, -5.153656213214362, -4.024546111238188, -0.21135476372237072
2567, 0.0001506805419921875, -3.118570327758789, 3.1388020515441895, 1.5686577558517456, 0.0006451606750488281, -1.568150520324707, 0.022636830806732178, -1.790423442557834, -5.153655323475969, -4.024541026279187, -0.21135907840646873
2568, 0.0001361370086669922, -3.118570327758789, 3.1388020515441895, 1.5686577558517456, 0.0006816387176513672, -1.568159580230713, 0.022682666778564453, -1.7904248514057834, -5.153657533790903, -4.024533906487684, -0.21137275881754647
2569, 0.0001506805419921875, -3.1185848712921143, 3.1388020515441895, 1.568666934967041, 0.0006542205810546875, -1.568159580230713, 0.022667407989501953, -1.7904285865893619, -5.153668382579272, -4.024535301175457, -0.21138551498275326
2570, 0.0001361370086669922, -3.118577718734741, 3.1388099193573, 1.5686577558517456, 0.0006542205810546875, -1.5681414604187012, 0.022659718990325928, -1.7904183988390834, -5.153686331350837, -4.024532610921534, -0.2114088421274012
2571, 0.0001506805419921875, -3.118570327758789, 3.1388099193573, 1.5686486959457397, 0.0006725788116455078, -1.5681414604187012, 0.022644460201263428, -1.7904137048663942, -5.153694412360689, -4.024533101038327, -0.21140789632073798
2572, 0.0001506805419921875, -3.118562936782837, 3.1388099193573, 1.5686577558517456, 0.0006816387176513672, -1.5681686401367188, 0.022667407989501953, -1.7904065348275, -5.1536996240710184, -4.02453153267331, -0.21143323740171205
2573, 0.00014352798461914062, -3.1185848712921143, 3.1388180255889893, 1.5686577558517456, 0.0006268024444580078, -1.568150520324707, 0.022682666778564453, -1.7904028240976202, -5.153702287406918, -4.024527746498739, -0.21145523340392547
2574, 0.0001506805419921875, -3.118570327758789, 3.1388099193573, 1.5686759948730469, 0.0006451606750488281, -1.5681324005126953, 0.022667407989501953, -1.7904102910869621, -5.153702976732556, -4.024529464260368, -0.21145750451411693
2575, 0.0001506805419921875, -3.118577718734741, 3.1388099193573, 1.5686577558517456, 0.0006361007690429688, -1.5681686401367188, 0.022674977779388428, -1.7904135011185058, -5.153709336149241, -4.02453303447178, -0.21146505679527472
2576, 0.00014352798461914062, -3.118577718734741, 3.1388180255889893, 1.5686304569244385, 0.0006725788116455078, -1.568159580230713, 0.022667407989501953, -1.7904087842375136, -5.153713510395032, -4.024528644681364, -0.21146335079971035
2577, 0.0001361370086669922, -3.118577718734741, 3.1388180255889893, 1.5686486959457397, 0.0006542205810546875, -1.568150520324707, 0.022667407989501953, -1.790403285045612, -5.153716309465354, -4.024530428252836, -0.21148334550980952
2578, 0.00015807151794433594, -3.1185848712921143, 3.1388258934020996, 1.5686395168304443, 0.0006451606750488281, -1.5681781768798828, 0.022674977779388428, -1.790404077111325, -5.153700592978019, -4.024530092299758, -0.21147348880350236
2579, 0.00016546249389648438, -3.118570327758789, 3.1388099193573, 1.5686486959457397, 0.0006633996963500977, -1.5681228637695312, 0.022667407989501953, -1.7904033639087322, -5.153693098232915, -4.024529130766345, -0.21147040093920566
2580, 0.00014352798461914062, -3.118577718734741, 3.1388180255889893, 1.5686395168304443, 0.0006725788116455078, -1.5681686401367188, 0.022682666778564453, -1.7904070204042708, -5.153684902053671, -4.024532348415658, -0.21144634375513416
2581, 0.00015807151794433594, -3.118577718734741, 3.1388099193573, 1.5686577558517456, 0.0006633996963500977, -1.5681324005126953, 0.022674977779388428, -1.7904111040661008, -5.153686322949857, -4.024536395738069, -0.21145119163028614
2582, 0.00015807151794433594, -3.1185848712921143, 3.1388180255889893, 1.5686577558517456, 0.0006542205810546875, -1.5681324005126953, 0.022705495357513428, -1.7904139508334629, -5.153681261066772, -4.024539734305002, -0.21144927794650137
2583, 0.00014352798461914062, -3.118570327758789, 3.1388180255889893, 1.5686577558517456, 0.0006451606750488281, -1.5681414604187012, 0.022652089595794678, -1.790401475799091, -5.153678102525862, -4.024536825637726, -0.21143077931320775
2584, 0.0001361370086669922, -3.1185925006866455, 3.1388180255889893, 1.5686486959457397, 0.0006361007690429688, -1.568150520324707, 0.022682666778564453, -1.7904005061323336, -5.153662755030182, -4.024542001692498, -0.2114185423440702
2585, 0.0001506805419921875, -3.118577718734741, 3.1388180255889893, 1.5686486959457397, 0.0006361007690429688, -1.568150520324707, 0.022659718990325928, -1.7904015777999724, -5.153646759582122, -4.024542487993297, -0.2113932835468253
2586, 0.0001361370086669922, -3.118577718734741, 3.1388180255889893, 1.5686486959457397, 0.0006816387176513672, -1.568150520324707, 0.022674977779388428, -1.790402617711647, -5.153639598833882, -4.024542711765839, -0.21139114372138756
2587, 0.00012874603271484375, -3.1185848712921143, 3.1388099193573, 1.5686486959457397, 0.0006542205810546875, -1.568150520324707, 0.022652089595794678, -1.7904066088744668, -5.153633951117749, -4.024545064686217, -0.211377713245124
2588, 0.00014352798461914062, -3.1185848712921143, 3.1388180255889893, 1.5686486959457397, 0.0006542205810546875, -1.568159580230713, 0.022659718990325928, -1.7904093782019226, -5.153626428274957, -4.024546601256994, -0.21137908029218977
2589, 0.00014352798461914062, -3.1185925006866455, 3.1388099193573, 1.5686577558517456, 0.0006542205810546875, -1.5681781768798828, 0.022682666778564453, -1.7904058926991593, -5.153625443316792, -4.024547864811354, -0.21135873767690683
2590, 0.0001361370086669922, -3.1185925006866455, 3.1388099193573, 1.5686395168304443, 0.0006725788116455078, -1.5681686401367188, 0.022659718990325928, -1.7904010633484257, -5.1536135273554375, -4.0245506163043405, -0.2113486086271159
2591, 0.00014352798461914062, -3.118577718734741, 3.1388258934020996, 1.5686395168304443, 0.0006451606750488281, -1.5681686401367188, 0.022682666778564453, -1.7904015056330373, -5.1535990201338295, -4.024552024261121, -0.2113413827099171
2592, 0.0001361370086669922, -3.1185848712921143, 3.1388099193573, 1.5686577558517456, 0.0006451606750488281, -1.568150520324707, 0.022667407989501953, -1.7903979826503793, -5.153601630029382, -4.024551689972534, -0.21133838382532577
2593, 0.0001361370086669922, -3.1185848712921143, 3.1388180255889893, 1.568666934967041, 0.0006451606750488281, -1.568150520324707, 0.022652089595794678, -1.790404674730381, -5.153605572377633, -4.024553836470257, -0.21134046295004794
2594, 0.00014352798461914062, -3.118577718734741, 3.1388180255889893, 1.5686395168304443, 0.0006633996963500977, -1.568150520324707, 0.022659718990325928, -1.7904033667335142, -5.1536013957123865, -4.024556356034121, -0.21134728383369872
2595, 0.00014352798461914062, -3.1185925006866455, 3.1388258934020996, 1.5686577558517456, 0.0006633996963500977, -1.568159580230713, 0.022667407989501953, -1.7903982053328127, -5.153600903883844, -4.024555599271109, -0.2113314478600241
2596, 0.0001361370086669922, -3.1185848712921143, 3.1388180255889893, 1.5686486959457397, 0.0006542205810546875, -1.5681686401367188, 0.022659718990325928, -1.7903972381189825, -5.153605441013073, -4.02455437452881, -0.21133932876070638
2597, 0.00014352798461914062, -3.1185848712921143, 3.1388180255889893, 1.568666934967041, 0.0006451606750488281, -1.5681781768798828, 0.022659718990325928, -1.7904026011762173, -5.1536066094511, -4.024553604347366, -0.21133803812938456
2598, 0.0001361370086669922, -3.1185848712921143, 3.1388099193573, 1.5686486959457397, 0.0006542205810546875, -1.5681686401367188, 0.022667407989501953, -1.7904076369227753, -5.153615997269994, -4.0245529332846885, -0.2113452240384479
2599, 0.00014352798461914062, -3.1185848712921143, 3.1388099193573, 1.5686486959457397, 0.0006361007690429688, -1.5681781768798828, 0.022667407989501953, -1.7904132578731105, -5.153627855860471, -4.024554246587165, -0.2113638183965616
2600, 0.00014352798461914062, -3.1185848712921143, 3.1388180255889893, 1.5686759948730469, 0.0006816387176513672, -1.568159580230713, 0.022674977779388428, -1.7904196690083576, -5.153632509286763, -4.024554619337039, -0.21137286899722696
2601, 0.0001361370086669922, -3.118577718734741, 3.1388258934020996, 1.5686577558517456, 0.0006451606750488281, -1.568159580230713, 0.022674977779388428, -1.790420458736278, -5.153639267556349, -4.0245548702544225, -0.21138297872320333
2602, 0.00014352798461914062, -3.1185925006866455, 3.1388099193573, 1.5686395168304443, 0.0006451606750488281, -1.5681414604187012, 0.022667407989501953, -1.7904163571499705, -5.153644588677836, -4.024551691383365, -0.21139076836322168
2603, 0.0001361370086669922, -3.118570327758789, 3.1388180255889893, 1.5686577558517456, 0.0006725788116455078, -1.5681686401367188, 0.022682666778564453, -1.7904145080617733, -5.153643264501926, -4.024546557714724, -0.2113770775932986
2604, 0.0001361370086669922, -3.1185925006866455, 3.1388099193573, 1.568666934967041, 0.0006542205810546875, -1.5681686401367188, 0.022652089595794678, -1.7904175212147648, -5.153652604466385, -4.024545801193251, -0.21140991833740674
2605, 0.0001506805419921875, -3.1185925006866455, 3.138833999633789, 1.5686486959457397, 0.0006633996963500977, -1.568150520324707, 0.022667407989501953, -1.7904213135569558, -5.1536721209823035, -4.024547213954747, -0.21141029282698742
2606, 0.00015807151794433594, -3.118570327758789, 3.1388180255889893, 1.5686304569244385, 0.0006451606750488281, -1.5681962966918945, 0.022659718990325928, -1.7904179526318127, -5.15368003333176, -4.0245434283847565, -0.21143276717229043
2607, 0.0001361370086669922, -3.1185848712921143, 3.1388180255889893, 1.5686577558517456, 0.0006361007690429688, -1.568150520324707, 0.022667407989501953, -1.79042361494772, -5.153676260179004, -4.024543321339925, -0.2114513511802416
2608, 0.00014352798461914062, -3.1185848712921143, 3.1388099193573, 1.5686577558517456, 0.0006542205810546875, -1.5681414604187012, 0.022674977779388428, -1.7904187738326247, -5.153684230926031, -4.02454088424318, -0.21146655958329408
2609, 0.0001506805419921875, -3.1185925006866455, 3.1388258934020996, 1.568666934967041, 0.0006633996963500977, -1.5681414604187012, 0.022690236568450928, -1.7904190074632766, -5.153683711065988, -4.024536022799258, -0.2114721595552691
2610, 0.00014352798461914062, -3.1185925006866455, 3.1388180255889893, 1.5686395168304443, 0.0006725788116455078, -1.5681686401367188, 0.022674977779388428, -1.7904186736539898, -5.153689635907186, -4.024537241939905, -0.211474316470472
2611, 0.0001361370086669922, -3.1185925006866455, 3.1388180255889893, 1.5686304569244385, 0.0006542205810546875, -1.5681414604187012, 0.022667407989501953, -1.7904191690607036, -5.153706128449524, -4.024538841662083, -0.2115011402141116
2612, 0.0001506805419921875, -3.118562936782837, 3.1388099193573, 1.5686577558517456, 0.0006451606750488281, -1.5681686401367188, 0.022674977779388428, -1.790418675917103, -5.153709580680764, -4.02453854733119, -0.21148940088992862
2613, 0.0001506805419921875, -3.1185848712921143, 3.1388258934020996, 1.5686486959457397, 0.0006633996963500977, -1.568159580230713, 0.022674977779388428, -1.7904176325720997, -5.153714935941373, -4.024536610482635, -0.21149841145312998
2614, 0.0001506805419921875, -3.1185996532440186, 3.1388258934020996, 1.5686395168304443, 0.0006725788116455078, -1.568150520324707, 0.022652089595794678, -1.790415109514849, -5.153711089917351, -4.024535026908968, -0.21148787374547862
2615, 0.00015807151794433594, -3.118577718734741, 3.1388258934020996, 1.5686486959457397, 0.0006451606750488281, -1.568150520324707, 0.022674977779388428, -1.790423033357647, -5.153704073615912, -4.024539758217252, -0.21148915177037075
2616, 0.00012874603271484375, -3.118577718734741, 3.1388180255889893, 1.5686486959457397, 0.0006633996963500977, -1.568150520324707, 0.022659718990325928, -1.7904269204327177, -5.153700295497983, -4.024539968905548, -0.21149484830382104
2617, 0.0001506805419921875, -3.1185848712921143, 3.1388180255889893, 1.5686577558517456, 0.0006633996963500977, -1.568159580230713, 0.022667407989501953, -1.790428888361755, -5.153695187197618, -4.0245388738847705, -0.2114737216809619
2618, 0.00016546249389648438, -3.118577718734741, 3.1388258934020996, 1.5686577558517456, 0.0006361007690429688, -1.568159580230713, 0.022674977779388428, -1.7904290570337376, -5.15369475828856, -4.02454036467472, -0.211457029802129
2619, 0.00016546249389648438, -3.118577718734741, 3.1388258934020996, 1.5686395168304443, 0.0006816387176513672, -1.568150520324707, 0.022667407989501953, -1.7904258916208602, -5.153678400377312, -4.024540873676304, -0.21145166186156317
2620, 0.0001361370086669922, -3.118577718734741, 3.1388258934020996, 1.5686759948730469, 0.0006633996963500977, -1.568159580230713, 0.022674977779388428, -1.7904154584761822, -5.1536668595548685, -4.024536933576713, -0.2114375408705822
2621, 0.00015807151794433594, -3.1185925006866455, 3.1388180255889893, 1.5686486959457397, 0.0006542205810546875, -1.5681686401367188, 0.022667407989501953, -1.7904182908453703, -5.153662237294196, -4.024541357113443, -0.21143933139485416
2622, 0.0001361370086669922, -3.118570327758789, 3.1388180255889893, 1.5686577558517456, 0.0006633996963500977, -1.5681138038635254, 0.022667407989501953, -1.7904207372479917, -5.15365916919937, -4.024547257677335, -0.2114436141594478
2623, 0.00014352798461914062, -3.1185848712921143, 3.138833999633789, 1.5686577558517456, 0.0006633996963500977, -1.568150520324707, 0.022667407989501953, -1.7904267809771832, -5.153652001977418, -4.024548935821565, -0.2114434896103976
2624, 0.0001506805419921875, -3.1185925006866455, 3.1388180255889893, 1.5686486959457397, 0.0006361007690429688, -1.5681324005126953, 0.022667407989501953, -1.7904258371871593, -5.153641333487726, -4.024547584495775, -0.2114320833880008
2625, 0.00014352798461914062, -3.1185848712921143, 3.1388180255889893, 1.568621277809143, 0.0006633996963500977, -1.5681686401367188, 0.022682666778564453, -1.7904258676726363, -5.153631391745259, -4.0245526950562995, -0.21142424476330302
2626, 0.0001361370086669922, -3.1185848712921143, 3.1388258934020996, 1.5686577558517456, 0.0006633996963500977, -1.5681414604187012, 0.022667407989501953, -1.7904147874363725, -5.153623740827001, -4.024549813067591, -0.21141455851611113
2627, 0.00015807151794433594, -3.1185925006866455, 3.1388180255889893, 1.5686486959457397, 0.0006542205810546875, -1.5681324005126953, 0.022659718990325928, -1.7904144546849343, -5.1536144694989625, -4.024552513399244, -0.21141444208055749
2628, 0.00012874603271484375, -3.1185925006866455, 3.138833999633789, 1.5686395168304443, 0.0006451606750488281, -1.568150520324707, 0.022697925567626953, -1.790411600207732, -5.153615704346404, -4.0245549482099925, -0.21140588913794023
2629, 0.00015807151794433594, -3.1185848712921143, 3.1388180255889893, 1.5686486959457397, 0.0006725788116455078, -1.568150520324707, 0.022659718990325928, -1.79041906247086, -5.15361702557323, -4.024555709329427, -0.21140850454695936
2630, 0.0001361370086669922, -3.1185925006866455, 3.1388258934020996, 1.5686395168304443, 0.0006542205810546875, -1.5681414604187012, 0.022659718990325928, -1.7904229912646745, -5.153618020147357, -4.024556573093354, -0.21139337928750201
2631, 0.00012874603271484375, -3.118577718734741, 3.1388180255889893, 1.5686395168304443, 0.0006542205810546875, -1.5681414604187012, 0.022652089595794678, -1.7904256737501167, -5.1536181309641185, -4.02455890217738, -0.21139925075039923
2632, 0.0001361370086669922, -3.1185925006866455, 3.1388258934020996, 1.5686486959457397, 0.0006633996963500977, -1.5681414604187012, 0.022659718990325928, -1.7904218125740852, -5.153616048443283, -4.024557884062387, -0.21138923140193988
2633, 0.00012874603271484375, -3.1185848712921143, 3.1388258934020996, 1.5686577558517456, 0.0006542205810546875, -1.568159580230713, 0.022659718990325928, -1.7904171913064935, -5.153619054287506, -4.024556695127236, -0.21138554202362325
2634, 0.00012135505676269531, -3.118577718734741, 3.1388258934020996, 1.568666934967041, 0.0006633996963500977, -1.568150520324707, 0.022682666778564453, -1.7904223622392266, -5.153627573224963, -4.024556356145881, -0.21139227926857984
2635, 0.0001506805419921875, -3.1185925006866455, 3.138833999633789, 1.5686577558517456, 0.0006542205810546875, -1.5681414604187012, 0.022667407989501953, -1.7904262632946144, -5.153631151108018, -4.024557497704019, -0.2114063328059883
2636, 0.00015807151794433594, -3.1185996532440186, 3.1388258934020996, 1.568666934967041, 0.0006633996963500977, -1.568150520324707, 0.022644460201263428, -1.7904301915422518, -5.153634640670591, -4.024554789240056, -0.21141553398999768
2637, 0.00012874603271484375, -3.1185925006866455, 3.138833999633789, 1.5686577558517456, 0.0006816387176513672, -1.568150520324707, 0.022667407989501953, -1.7904321457016448, -5.153637619869068, -4.024551258997206, -0.2114386565732307
2638, 0.00014352798461914062, -3.1185925006866455, 3.1388180255889893, 1.5686577558517456, 0.0006361007690429688, -1.568159580230713, 0.022674977779388428, -1.7904343821650537, -5.153643028956365, -4.024549588890178, -0.21145697942368713
