# Arm joint positions + body pose collected at 50.0 Hz
# Timestamp: 20251117_225501
# Format: timestep, arm0.sh0, arm0.sh1, arm0.el0, arm0.el1, arm0.wr0, arm0.wr1, gripper_open_percentage, body_x, body_y, body_z, body_theta
# Body pose is in odom frame (x, y, z in meters, theta in radians)

0, 0.0006966590881347656, -3.1181352138519287, 3.1389060020446777, 1.5657541751861572, -0.001902461051940918, -1.5695838928222656, 0.0, -1.7518840892550036, -5.382162826988129, -3.952637750170232, -0.1199588004606138
1, 0.0006892681121826172, -3.1181352138519287, 3.1388978958129883, 1.565772533416748, -0.0018750429153442383, -1.569565773010254, 0.0, -1.7518797820983072, -5.382163147835468, -3.952636868518586, -0.11996681682409971
2, 0.0006892681121826172, -3.1181204319000244, 3.1388819217681885, 1.565772533416748, -0.0018750429153442383, -1.5695838928222656, 0.0, -1.7518755950817728, -5.382158473125976, -3.9526356854715234, -0.11998287901066629
3, 0.0006818771362304688, -3.1181204319000244, 3.138889789581299, 1.5657541751861572, -0.001902461051940918, -1.5695748329162598, 0.0, -1.7518610544583801, -5.3821538370713125, -3.95263826763462, -0.1199970003258537
4, 0.0007038116455078125, -3.1181352138519287, 3.1388819217681885, 1.565781593322754, -0.0018934011459350586, -1.569565773010254, 0.0, -1.7518553446248837, -5.382153232885948, -3.9526372147515376, -0.12000105313240716
5, 0.0006966590881347656, -3.1181352138519287, 3.138889789581299, 1.565781593322754, -0.0019115209579467773, -1.5695929527282715, 0.0, -1.7518510597243924, -5.38214596850127, -3.95263684770914, -0.11999819774772824
6, 0.0007112026214599609, -3.1181352138519287, 3.1388978958129883, 1.5657633543014526, -0.0018842220306396484, -1.5695838928222656, 0.0, -1.7518409391691536, -5.382141829349587, -3.9526390173135932, -0.12001332997410508
7, 0.0007038116455078125, -3.1181352138519287, 3.1388819217681885, 1.5657633543014526, -0.0018842220306396484, -1.569565773010254, 0.0, -1.7518377050797107, -5.3821510370844665, -3.9526339159135757, -0.12002173308391839
8, 0.0007038116455078125, -3.1181352138519287, 3.138889789581299, 1.5657541751861572, -0.0018934011459350586, -1.5695748329162598, 0.0, -1.7518320593570476, -5.382157222897332, -3.952634292755158, -0.12001099491848777
9, 0.0006966590881347656, -3.1181352138519287, 3.138889789581299, 1.5657633543014526, -0.0018934011459350586, -1.5695929527282715, 0.0, -1.7518425703438192, -5.382159786320972, -3.952639510445883, -0.12001422246212456
10, 0.0006892681121826172, -3.1181278228759766, 3.138889789581299, 1.5657541751861572, -0.0019208192825317383, -1.5695929527282715, 0.0, -1.7518320733815977, -5.382150236109824, -3.952634560530756, -0.12000540285780659
11, 0.0007112026214599609, -3.1181204319000244, 3.138889789581299, 1.565781593322754, -0.0018658638000488281, -1.5695748329162598, 0.0, -1.7518320929077202, -5.382139509695804, -3.9526385536710165, -0.12001638645743551
12, 0.0007112026214599609, -3.1181204319000244, 3.138889789581299, 1.5657633543014526, -0.0018750429153442383, -1.5695748329162598, 0.0, -1.751821248228885, -5.3821360405085, -3.9526407159076595, -0.12002687890087138
13, 0.0006892681121826172, -3.1181352138519287, 3.138889789581299, 1.565781593322754, -0.0018750429153442383, -1.5695748329162598, 0.0, -1.7518114998137466, -5.382135572319194, -3.9526374616321736, -0.12002002991960214
14, 0.0006966590881347656, -3.1181130409240723, 3.138889789581299, 1.565772533416748, -0.0018658638000488281, -1.569565773010254, 0.0, -1.7518150293384251, -5.382131703119742, -3.9526378745687696, -0.1200165423548949
15, 0.0006966590881347656, -3.1181278228759766, 3.1389060020446777, 1.565772533416748, -0.0018658638000488281, -1.5695838928222656, 0.0, -1.751820554920618, -5.382127508892172, -3.9526420951883026, -0.12001779927541545
16, 0.0006966590881347656, -3.1181352138519287, 3.138889789581299, 1.5657633543014526, -0.0018750429153442383, -1.5695748329162598, 0.0, -1.7518139887146524, -5.382130210734202, -3.952638309929724, -0.12000497863726167
17, 0.0006818771362304688, -3.1181204319000244, 3.138889789581299, 1.5657633543014526, -0.0018934011459350586, -1.569565773010254, 0.0, -1.7518099716067603, -5.382128454405492, -3.952639835110364, -0.12001055582353981
18, 0.0007185935974121094, -3.1181204319000244, 3.138889789581299, 1.5657541751861572, -0.0018842220306396484, -1.5695748329162598, 0.0, -1.7518151327698623, -5.382127073890767, -3.9526380260022074, -0.12001019940487279
19, 0.0007112026214599609, -3.118149757385254, 3.1388978958129883, 1.5657633543014526, -0.0018750429153442383, -1.5695838928222656, 0.0, -1.7518115298974264, -5.382124860281757, -3.9526403140963033, -0.12002610541152237
20, 0.0006892681121826172, -3.1181278228759766, 3.1388978958129883, 1.5657633543014526, -0.0018934011459350586, -1.5695838928222656, 0.0, -1.7518096523566462, -5.382124550851465, -3.9526396357954474, -0.1200173750557747
21, 0.0006966590881347656, -3.1181352138519287, 3.1389060020446777, 1.5657633543014526, -0.0018750429153442383, -1.5695748329162598, 0.0, -1.7518179290212825, -5.3821300999479185, -3.952642341644206, -0.12001100264414699
22, 0.0007112026214599609, -3.1181204319000244, 3.138889789581299, 1.565781593322754, -0.0018750429153442383, -1.5695838928222656, 0.0, -1.7518102385474057, -5.3821243422562555, -3.9526408195476437, -0.12001838654212804
23, 0.0007038116455078125, -3.1181204319000244, 3.138889789581299, 1.5657633543014526, -0.0018750429153442383, -1.5695929527282715, 0.0, -1.7518028396263854, -5.382122628181584, -3.9526371950193147, -0.12001377621812104
24, 0.0006892681121826172, -3.1181278228759766, 3.138889789581299, 1.5657907724380493, -0.0018934011459350586, -1.5695748329162598, 0.0, -1.7518041367423458, -5.382131747730408, -3.95263812996416, -0.12002002991960214
25, 0.0006966590881347656, -3.1181278228759766, 3.138889789581299, 1.5657541751861572, -0.001902461051940918, -1.5695748329162598, 0.0, -1.7518067209074313, -5.382126964626094, -3.952640645313273, -0.12002179200787655
26, 0.0006742477416992188, -3.1181352138519287, 3.138889789581299, 1.5657541751861572, -0.0018568038940429688, -1.5695748329162598, 0.0, -1.7517888320266422, -5.382130885973363, -3.952639545910943, -0.12001708470928119
27, 0.0006892681121826172, -3.1181352138519287, 3.1388819217681885, 1.565781593322754, -0.0018934011459350586, -1.5695838928222656, 0.0, -1.7517827353894369, -5.382134677342082, -3.952639133025312, -0.1200246099196125
28, 0.0006966590881347656, -3.1181130409240723, 3.138889789581299, 1.565781593322754, -0.0018750429153442383, -1.569556713104248, 0.0, -1.751774260243113, -5.382135301677241, -3.9526381655122287, -0.12001782014835527
29, 0.0007038116455078125, -3.1181278228759766, 3.1388978958129883, 1.5657358169555664, -0.0018934011459350586, -1.569565773010254, 0.0, -1.751765136486687, -5.382140047344927, -3.952638886240909, -0.120021538273412
30, 0.0006818771362304688, -3.1181352138519287, 3.138889789581299, 1.5657998323440552, -0.0018750429153442383, -1.5695748329162598, 0.0, -1.7517597372721505, -5.382136164384261, -3.952642103644951, -0.12003810592749709
31, 0.0007038116455078125, -3.118142604827881, 3.1388978958129883, 1.565772533416748, -0.0018842220306396484, -1.5695838928222656, 0.0, -1.751743088417177, -5.382122258344781, -3.9526405365456596, -0.12002804456153715
32, 0.0007038116455078125, -3.1181130409240723, 3.1388978958129883, 1.5657633543014526, -0.0018658638000488281, -1.5695838928222656, 0.0, -1.7517362051231304, -5.382129703386455, -3.952640537435878, -0.1200424931324422
33, 0.0006966590881347656, -3.1181278228759766, 3.138889789581299, 1.565781593322754, -0.0018750429153442383, -1.5695748329162598, 0.0, -1.7517409475454055, -5.382131250873798, -3.9526434856780397, -0.12001815396792193
34, 0.0007112026214599609, -3.1181352138519287, 3.1389060020446777, 1.5657633543014526, -0.0018934011459350586, -1.5695748329162598, 0.0, -1.7517417462618763, -5.382121126625315, -3.9526442163115343, -0.11999172546967962
35, 0.0007038116455078125, -3.118142604827881, 3.1388819217681885, 1.5657633543014526, -0.0018934011459350586, -1.5695838928222656, 0.0, -1.7517370743983882, -5.382116368248285, -3.952642518080942, -0.11999913940816942
36, 0.0006742477416992188, -3.1181352138519287, 3.138889789581299, 1.5657633543014526, -0.001902461051940918, -1.569565773010254, 0.0, -1.7517447856343238, -5.382123521652165, -3.9526420610074084, -0.1199883497548333
37, 0.0006966590881347656, -3.118142604827881, 3.1388978958129883, 1.565772533416748, -0.0018750429153442383, -1.5695838928222656, 0.0, -1.7517423266255794, -5.38210713665023, -3.9526402147972135, -0.12000360928899667
38, 0.0006892681121826172, -3.118142604827881, 3.1388978958129883, 1.565781593322754, -0.0018842220306396484, -1.5695838928222656, 0.0, -1.7517431378450858, -5.3821175610998155, -3.9526398511389944, -0.11999654462039633
39, 0.0006966590881347656, -3.1181278228759766, 3.1388978958129883, 1.5657907724380493, -0.0018842220306396484, -1.5695838928222656, 0.0, -1.7517525896648645, -5.382122142610743, -3.9526410414077144, -0.12000360928899667
40, 0.0007038116455078125, -3.1181352138519287, 3.138889789581299, 1.5657541751861572, -0.0018934011459350586, -1.569565773010254, 0.0, -1.751746882194693, -5.382112704098185, -3.952640072563226, -0.11999708011365762
41, 0.0006892681121826172, -3.1181352138519287, 3.1388978958129883, 1.5657633543014526, -0.0018842220306396484, -1.569565773010254, 0.0, -1.7517465902559606, -5.382111355572047, -3.9526400574940523, -0.12000871077104946
42, 0.0006892681121826172, -3.118142604827881, 3.138889789581299, 1.565772533416748, -0.0018842220306396484, -1.5695748329162598, 0.0, -1.751747803614544, -5.382119482583041, -3.9526360342253506, -0.12002166442160078
43, 0.0006818771362304688, -3.1181352138519287, 3.1388978958129883, 1.565772533416748, -0.0018842220306396484, -1.569565773010254, 0.0, -1.751754938606149, -5.382121930168158, -3.9526396569404163, -0.12003044655446704
44, 0.0007185935974121094, -3.1181204319000244, 3.1388978958129883, 1.5657633543014526, -0.0018842220306396484, -1.5695838928222656, 0.0, -1.7517498792127468, -5.382122208784092, -3.952636166827453, -0.12003993581376804
45, 0.0006966590881347656, -3.1181278228759766, 3.1388978958129883, 1.5657633543014526, -0.0018934011459350586, -1.5695929527282715, 0.0, -1.7517575967404697, -5.382132541338042, -3.9526386124728847, -0.12004574327465711
46, 0.0007038116455078125, -3.1181278228759766, 3.1388978958129883, 1.5657541751861572, -0.0018750429153442383, -1.569565773010254, 0.0, -1.7517455105169089, -5.382131770535469, -3.952636179964295, -0.120052651470691
47, 0.0007038116455078125, -3.1181278228759766, 3.1388978958129883, 1.565772533416748, -0.0019115209579467773, -1.5695748329162598, 0.0, -1.7517347343550933, -5.382132836203972, -3.9526366715124532, -0.12002911497274837
48, 0.0006892681121826172, -3.1181204319000244, 3.138889789581299, 1.565772533416748, -0.0018842220306396484, -1.5696020126342773, 0.0, -1.7517339174246773, -5.382124655672866, -3.95263564362245, -0.12001269548980087
49, 0.0006966590881347656, -3.1181204319000244, 3.1389060020446777, 1.5657633543014526, -0.0018658638000488281, -1.5696020126342773, 0.0, -1.7517260132343486, -5.382128599458834, -3.9526372254914204, -0.12001821346714348
50, 0.0007038116455078125, -3.1181278228759766, 3.1388978958129883, 1.5657907724380493, -0.001902461051940918, -1.5695748329162598, 0.0, -1.7517230968253512, -5.3821324093191, -3.9526394944134253, -0.12002005736745414
51, 0.0006892681121826172, -3.1181352138519287, 3.1388978958129883, 1.565772533416748, -0.0018842220306396484, -1.569565773010254, 0.0, -1.7517248853903749, -5.382116360458467, -3.9526375449110684, -0.12001277758939999
52, 0.0006966590881347656, -3.11810564994812, 3.138889789581299, 1.5657633543014526, -0.001902461051940918, -1.569556713104248, 0.0, -1.7517246915023952, -5.3821100346019985, -3.9526384287608702, -0.12002976946397226
53, 0.0006892681121826172, -3.1181278228759766, 3.1388978958129883, 1.565772533416748, -0.0018934011459350586, -1.5695929527282715, 0.0, -1.7517164287692717, -5.382106497856932, -3.952640004891986, -0.12003417211738565
54, 0.0006966590881347656, -3.1181278228759766, 3.1388978958129883, 1.5657541751861572, -0.0019115209579467773, -1.5695929527282715, 0.0, -1.7517239193517797, -5.382105792547927, -3.95264173829034, -0.12003081069995591
55, 0.0006966590881347656, -3.1181278228759766, 3.1389060020446777, 1.5657541751861572, -0.0018750429153442383, -1.5695929527282715, 0.0, -1.751716347094531, -5.382103441590922, -3.952639743908439, -0.12002697357590275
56, 0.0006966590881347656, -3.1181352138519287, 3.1388978958129883, 1.5657541751861572, -0.0018658638000488281, -1.569565773010254, 0.0, -1.751720782644152, -5.382106217627876, -3.9526430006953133, -0.12001958194916895
57, 0.0007038116455078125, -3.118142604827881, 3.1389060020446777, 1.565772533416748, -0.0018842220306396484, -1.5695838928222656, 0.0, -1.7517033236570365, -5.382106419565883, -3.952640525871086, -0.12002804398705447
58, 0.0006892681121826172, -3.1181278228759766, 3.1388978958129883, 1.5657541751861572, -0.0018934011459350586, -1.569556713104248, 0.0, -1.7516994266035515, -5.382108419507149, -3.9526384988208063, -0.1200275084941822
59, 0.0006892681121826172, -3.1181204319000244, 3.1388978958129883, 1.5657541751861572, -0.001902461051940918, -1.5695748329162598, 0.0, -1.7517021351741322, -5.382121852588549, -3.9526383873665187, -0.12003578517246627
60, 0.0007185935974121094, -3.1181352138519287, 3.1388978958129883, 1.5657541751861572, -0.0018750429153442383, -1.5695929527282715, 0.0, -1.751702773160324, -5.38210551914322, -3.9526382098556607, -0.12005249442806676
61, 0.0006892681121826172, -3.1181204319000244, 3.138889789581299, 1.565772533416748, -0.0018842220306396484, -1.569565773010254, 0.0, -1.751697289611633, -5.382112678655626, -3.9526365470990985, -0.12005279907552602
62, 0.0007185935974121094, -3.1181352138519287, 3.1388978958129883, 1.5657541751861572, -0.0018658638000488281, -1.5695929527282715, 0.0, -1.751692169739632, -5.382115484121033, -3.9526373371952412, -0.12004592062745711
63, 0.0006818771362304688, -3.1181352138519287, 3.1388978958129883, 1.5657998323440552, -0.0018750429153442383, -1.5695838928222656, 0.0, -1.7516820822226986, -5.382103527942129, -3.952637105967154, -0.12006339593586546
64, 0.0007112026214599609, -3.1181278228759766, 3.138889789581299, 1.565772533416748, -0.0018934011459350586, -1.5695929527282715, 0.0, -1.7516831203022523, -5.382104297995031, -3.9526382475097157, -0.1200536915630277
65, 0.0006966590881347656, -3.1181278228759766, 3.1388978958129883, 1.565772533416748, -0.0018934011459350586, -1.5695748329162598, 0.0, -1.7516747823232435, -5.382109318101989, -3.9526375831470277, -0.12004359272192655
66, 0.0006892681121826172, -3.1181278228759766, 3.138889789581299, 1.565781593322754, -0.0018934011459350586, -1.5695838928222656, 0.0, -1.7516719903002154, -5.382101642264273, -3.9526383338033684, -0.1200294339194885
67, 0.0006892681121826172, -3.118142604827881, 3.1388978958129883, 1.5657633543014526, -0.0019115209579467773, -1.5695748329162598, 0.0, -1.7516634019550157, -5.382106402536862, -3.9526362833611954, -0.12003163481616408
68, 0.0006892681121826172, -3.1181278228759766, 3.1388978958129883, 1.565781593322754, -0.0018658638000488281, -1.5695748329162598, 0.0, -1.7516525410099333, -5.382107140053134, -3.9526379786534585, -0.12002005621658185
69, 0.0006966590881347656, -3.118142604827881, 3.1388978958129883, 1.5657541751861572, -0.0018750429153442383, -1.5695929527282715, 0.0, -1.751641021961522, -5.38209602017719, -3.9526401181125608, -0.1200171928156184
70, 0.0006966590881347656, -3.1181352138519287, 3.1389060020446777, 1.5657541751861572, -0.0018658638000488281, -1.5696020126342773, 0.0, -1.7516392751143282, -5.382094547812193, -3.9526358831571806, -0.12002496404052554
71, 0.0006892681121826172, -3.1181352138519287, 3.1388978958129883, 1.5657998323440552, -0.0018842220306396484, -1.5695748329162598, 0.0, -1.7516405357477631, -5.382098673120787, -3.9526362749387696, -0.12002628017356454
72, 0.0006892681121826172, -3.1181352138519287, 3.1389060020446777, 1.5657633543014526, -0.001902461051940918, -1.569565773010254, 0.0, -1.7516260643286596, -5.382084364212487, -3.952636236695406, -0.12003077150341035
73, 0.0006966590881347656, -3.1181278228759766, 3.1388978958129883, 1.565772533416748, -0.0018658638000488281, -1.569556713104248, 0.0, -1.7516223153625583, -5.382091793982375, -3.9526347516257783, -0.12003065250496547
74, 0.0006966590881347656, -3.1181352138519287, 3.1388978958129883, 1.565772533416748, -0.0018934011459350586, -1.569565773010254, 0.0, -1.751626113033847, -5.382098655561399, -3.952634203635473, -0.1200285480070411
75, 0.0006966590881347656, -3.1181352138519287, 3.138889789581299, 1.5657633543014526, -0.001902461051940918, -1.5695838928222656, 0.0, -1.7516189011024643, -5.3820926433151195, -3.952637294586591, -0.12004179201216036
76, 0.0007112026214599609, -3.118149757385254, 3.1389060020446777, 1.5657541751861572, -0.0018934011459350586, -1.5695748329162598, 0.0, -1.7516099961800111, -5.38209831232611, -3.9526355405010505, -0.120040757926974
77, 0.0006742477416992188, -3.1181278228759766, 3.1388978958129883, 1.565772533416748, -0.0018658638000488281, -1.5695748329162598, 0.0, -1.7516058032937192, -5.3820978358369596, -3.9526362654312193, -0.12003897295053534
78, 0.0007112026214599609, -3.1181204319000244, 3.138889789581299, 1.565781593322754, -0.0018750429153442383, -1.5695838928222656, 0.0, -1.751599099295834, -5.3820928307769975, -3.9526367318571554, -0.1200301164377171
79, 0.0006966590881347656, -3.118142604827881, 3.1388978958129883, 1.5657449960708618, -0.001902461051940918, -1.5695838928222656, 0.0, -1.7516034640730973, -5.382098206069038, -3.9526346977733353, -0.1200279081030935
80, 0.0006966590881347656, -3.1181278228759766, 3.1388978958129883, 1.5657633543014526, -0.0018750429153442383, -1.569565773010254, 0.0, -1.751606487130384, -5.382092494154893, -3.952636117015297, -0.12001948238541793
81, 0.0007112026214599609, -3.118142604827881, 3.1388978958129883, 1.5657449960708618, -0.0018568038940429688, -1.5695838928222656, 0.0, -1.751593433881423, -5.382088198598723, -3.952633193223741, -0.12002096957898623
82, 0.0006892681121826172, -3.1181278228759766, 3.1388978958129883, 1.5657633543014526, -0.0018842220306396484, -1.569565773010254, 0.0, -1.7516059577688634, -5.382104589607793, -3.9526379096240625, -0.12003309082515656
83, 0.0007112026214599609, -3.1181204319000244, 3.1388978958129883, 1.5657633543014526, -0.0018842220306396484, -1.5695748329162598, 0.0, -1.751601089480149, -5.382101884765071, -3.9526362610238004, -0.12002714176316243
84, 0.0007112026214599609, -3.1181352138519287, 3.1388978958129883, 1.5657541751861572, -0.0018750429153442383, -1.5695748329162598, 0.0, -1.7515958865453467, -5.3820947987167145, -3.9526382580827715, -0.12002671811840138
85, 0.0006966590881347656, -3.1181352138519287, 3.1388978958129883, 1.5657541751861572, -0.0018842220306396484, -1.5695838928222656, 0.0, -1.7516058341368739, -5.3820979184513185, -3.9526366181604384, -0.12001954188466968
86, 0.0006966590881347656, -3.1181204319000244, 3.1389060020446777, 1.5657633543014526, -0.0018842220306396484, -1.569556713104248, 0.0, -1.751607197796942, -5.382094045089994, -3.952635312319808, -0.12002076190696176
87, 0.0007038116455078125, -3.1181352138519287, 3.1388978958129883, 1.5657449960708618, -0.0018750429153442383, -1.569565773010254, 0.0, -1.751601978499143, -5.382098393651476, -3.9526365335263165, -0.12001689474357136
88, 0.0006818771362304688, -3.1181278228759766, 3.1388978958129883, 1.5657907724380493, -0.0018568038940429688, -1.5695838928222656, 0.0, -1.7516001352053843, -5.382093992986237, -3.9526406127074933, -0.12001552626067102
89, 0.0007038116455078125, -3.1181278228759766, 3.1389060020446777, 1.565772533416748, -0.0018842220306396484, -1.569556713104248, 0.0, -1.75159671283692, -5.382087424297115, -3.9526375381605545, -0.12001721426417156
90, 0.0007038116455078125, -3.1181278228759766, 3.1389060020446777, 1.5657449960708618, -0.0018934011459350586, -1.5695838928222656, 0.0, -1.751589539219001, -5.382087691099416, -3.9526381841273115, -0.12001694651751471
91, 0.0007038116455078125, -3.118142604827881, 3.1388978958129883, 1.565772533416748, -0.0018934011459350586, -1.5695929527282715, 0.0, -1.7515829814309178, -5.382084763878632, -3.952635799334837, -0.12003101607650901
92, 0.0006818771362304688, -3.118142604827881, 3.138889789581299, 1.5657541751861572, -0.0018658638000488281, -1.5695476531982422, 0.0, -1.7515832900188892, -5.382079170197711, -3.9526371928086848, -0.1200313135726665
93, 0.0007185935974121094, -3.1181278228759766, 3.138889789581299, 1.5657633543014526, -0.0018934011459350586, -1.569565773010254, 0.0, -1.751579676857426, -5.382085669102898, -3.9526373753787425, -0.12004891532436446
94, 0.0007038116455078125, -3.1181278228759766, 3.1388978958129883, 1.565772533416748, -0.0018842220306396484, -1.5695748329162598, 0.0, -1.751572186390943, -5.382094406008063, -3.9526345526823277, -0.1200657209899667
95, 0.0006818771362304688, -3.1181278228759766, 3.138889789581299, 1.5657633543014526, -0.0018750429153442383, -1.569565773010254, 0.0, -1.7515644288617782, -5.382086204634447, -3.952634916599421, -0.12006652365892911
96, 0.0006966590881347656, -3.1181278228759766, 3.1388978958129883, 1.5657633543014526, -0.0018842220306396484, -1.5695838928222656, 0.0, -1.7515600349233633, -5.382096593660124, -3.952636074248834, -0.1200611921851431
97, 0.0007038116455078125, -3.1181278228759766, 3.1389060020446777, 1.5657449960708618, -0.0018658638000488281, -1.5695838928222656, 0.0, -1.751559326000975, -5.38209594358139, -3.9526376515147157, -0.12006888102895452
98, 0.0006966590881347656, -3.1181352138519287, 3.1388978958129883, 1.5657633543014526, -0.001902461051940918, -1.5695838928222656, 0.0, -1.7515597816336101, -5.3820898133797055, -3.9526385371789776, -0.12007221269780644
99, 0.0007038116455078125, -3.1181278228759766, 3.138889789581299, 1.5657633543014526, -0.0018934011459350586, -1.5695748329162598, 0.0, -1.751562845172338, -5.3820930652334456, -3.9526366216150537, -0.12005305681265988
100, 0.0006966590881347656, -3.1181352138519287, 3.1388978958129883, 1.565781593322754, -0.0018750429153442383, -1.5695748329162598, 0.0, -1.75155611358544, -5.382094392956105, -3.9526351658050713, -0.12006665037962172
101, 0.0006818771362304688, -3.1181278228759766, 3.1388978958129883, 1.5657541751861572, -0.0018750429153442383, -1.5695838928222656, 0.0, -1.75155225016914, -5.382084066224517, -3.952638701060582, -0.12008142620839024
102, 0.0006892681121826172, -3.1181204319000244, 3.1388978958129883, 1.5657633543014526, -0.0018934011459350586, -1.5695748329162598, 0.0, -1.7515471192003447, -5.382080370381435, -3.952639394606668, -0.1200667319060571
103, 0.0006892681121826172, -3.118142604827881, 3.1389060020446777, 1.5657633543014526, -0.0018658638000488281, -1.5695838928222656, 0.0, -1.751532016141221, -5.3820764112837685, -3.95263275972893, -0.12006750539536526
104, 0.0007185935974121094, -3.1181352138519287, 3.1388978958129883, 1.5657449960708618, -0.0018658638000488281, -1.5695838928222656, 0.0, -1.7515346421871087, -5.38207598608627, -3.9526359848196533, -0.120066285662209
105, 0.0006966590881347656, -3.1181278228759766, 3.1388978958129883, 1.5657633543014526, -0.0018842220306396484, -1.569565773010254, 0.0, -1.7515345018073445, -5.382072650220776, -3.9526370593899935, -0.1200665903105671
106, 0.0006892681121826172, -3.1181278228759766, 3.138889789581299, 1.565772533416748, -0.0018934011459350586, -1.5695748329162598, 0.0, -1.7515400984034617, -5.3820830663811, -3.9526372107404355, -0.12007299277067673
107, 0.0007185935974121094, -3.118142604827881, 3.1388978958129883, 1.565772533416748, -0.0018750429153442383, -1.5695748329162598, 0.0, -1.7515273963488656, -5.38209147814944, -3.952637635520956, -0.12007248702768702
108, 0.0006966590881347656, -3.1181278228759766, 3.1388978958129883, 1.5657633543014526, -0.0018750429153442383, -1.5695748329162598, 0.0, -1.7515248960473306, -5.38209199978975, -3.952635756347692, -0.12006763097648232
109, 0.0007038116455078125, -3.1181204319000244, 3.1389060020446777, 1.565772533416748, -0.0018568038940429688, -1.5695748329162598, 0.0, -1.7515286226804017, -5.382087232760889, -3.952639508667278, -0.1200662029959485
110, 0.0006892681121826172, -3.1181278228759766, 3.1389060020446777, 1.5657907724380493, -0.0018842220306396484, -1.5695748329162598, 0.0, -1.7515231400540672, -5.3820916230980185, -3.9526337526575768, -0.12008234015581909
111, 0.0006892681121826172, -3.1181352138519287, 3.1389060020446777, 1.5657633543014526, -0.0018750429153442383, -1.5695748329162598, 0.0, -1.7515292122173796, -5.382093935350689, -3.9526357011840734, -0.12008210931256524
112, 0.0007112026214599609, -3.1181278228759766, 3.1388978958129883, 1.5657541751861572, -0.0018658638000488281, -1.5695748329162598, 0.0, -1.751526666545981, -5.382093750389252, -3.952634170148975, -0.12007825702555674
113, 0.0006892681121826172, -3.118142604827881, 3.1388978958129883, 1.5657633543014526, -0.0019115209579467773, -1.5695748329162598, 0.0, -1.7515137861289514, -5.382099607234205, -3.9526363144425427, -0.12008851177423274
114, 0.0006966590881347656, -3.1181278228759766, 3.1388978958129883, 1.5657633543014526, -0.0018934011459350586, -1.569556713104248, 0.0, -1.7515043449428194, -5.382097567823805, -3.9526361877502523, -0.1200811496044647
115, 0.0006892681121826172, -3.118142604827881, 3.1388978958129883, 1.5657633543014526, -0.001902461051940918, -1.5695838928222656, 0.0, -1.751506566734777, -5.382097543448538, -3.952634752202379, -0.12008005602304461
116, 0.0006892681121826172, -3.1181204319000244, 3.1388978958129883, 1.565781593322754, -0.0018842220306396484, -1.569565773010254, 0.0, -1.7514880265854027, -5.382098303441399, -3.9526337550694133, -0.12007926794310642
117, 0.0006892681121826172, -3.1181352138519287, 3.138889789581299, 1.565781593322754, -0.0018750429153442383, -1.5695748329162598, 0.0, -1.751487340135947, -5.382096824086274, -3.952635485932, -0.12006676766840041
118, 0.0007112026214599609, -3.1181352138519287, 3.1388978958129883, 1.5657541751861572, -0.001902461051940918, -1.569565773010254, 0.0, -1.7514879570305215, -5.38209527523896, -3.952635471872388, -0.12007302081293236
119, 0.0006818771362304688, -3.1181278228759766, 3.1388978958129883, 1.5657541751861572, -0.0018842220306396484, -1.5695838928222656, 0.0, -1.7514732290654706, -5.38210195844717, -3.9526363825141146, -0.1200680386091193
120, 0.0006892681121826172, -3.1181204319000244, 3.1388978958129883, 1.5657633543014526, -0.0018842220306396484, -1.569556713104248, 0.0, -1.7514699105161486, -5.3820959594313145, -3.9526341779864542, -0.12005201300434809
121, 0.0006892681121826172, -3.1181352138519287, 3.1389060020446777, 1.565781593322754, -0.001902461051940918, -1.5695748329162598, 0.0, -1.751461106985945, -5.382095117874406, -3.9526362699048865, -0.12006091414863018
122, 0.0007038116455078125, -3.1181278228759766, 3.1388978958129883, 1.5657541751861572, -0.0018750429153442383, -1.5695748329162598, 0.0, -1.7514497503688278, -5.382098558656481, -3.952636448362639, -0.12004906035454344
123, 0.0006966590881347656, -3.1181352138519287, 3.1388978958129883, 1.5657633543014526, -0.0018750429153442383, -1.5695748329162598, 0.0, -1.75144828240234, -5.382094494512322, -3.952636315823185, -0.12007358548623692
124, 0.0006966590881347656, -3.1181204319000244, 3.1388978958129883, 1.5657541751861572, -0.0018934011459350586, -1.5695838928222656, 0.0, -1.7514567236206842, -5.382091087258284, -3.9526378201674373, -0.12006734636108529
125, 0.0006966590881347656, -3.1181352138519287, 3.1388978958129883, 1.565772533416748, -0.0018934011459350586, -1.569556713104248, 0.0, -1.7514445532685592, -5.382098917279592, -3.9526367621866494, -0.12007614338292782
126, 0.0006966590881347656, -3.1181352138519287, 3.1389060020446777, 1.565772533416748, -0.0018658638000488281, -1.5695748329162598, 0.0, -1.75144295347641, -5.382101843467855, -3.9526365902050324, -0.12007104933261736
127, 0.0006966590881347656, -3.1181352138519287, 3.1388978958129883, 1.5657633543014526, -0.0018842220306396484, -1.5695748329162598, 0.0, -1.751452099371894, -5.382096283508339, -3.9526412721393203, -0.12007557814053271
128, 0.0007112026214599609, -3.1181352138519287, 3.138889789581299, 1.5657633543014526, -0.0018934011459350586, -1.5695929527282715, 0.0, -1.7514378932059105, -5.382101969368583, -3.9526372847126456, -0.12007966070435394
129, 0.0006892681121826172, -3.1181278228759766, 3.1389060020446777, 1.5657449960708618, -0.0018842220306396484, -1.5695929527282715, 0.0, -1.7514444051483904, -5.382106022464458, -3.952636950549171, -0.12007966070435394
130, 0.0007112026214599609, -3.1181352138519287, 3.1388978958129883, 1.565781593322754, -0.0018750429153442383, -1.5696020126342773, 0.0, -1.7514469512382433, -5.382109163168759, -3.952636179258596, -0.12007664140436969
131, 0.0006966590881347656, -3.1181130409240723, 3.1389060020446777, 1.565772533416748, -0.001902461051940918, -1.5695748329162598, 0.0, -1.7514448467790689, -5.3821161903915575, -3.9526339869049276, -0.1200894840878517
132, 0.0006892681121826172, -3.1181352138519287, 3.1388978958129883, 1.565772533416748, -0.0018842220306396484, -1.569565773010254, 0.0, -1.7514462570971088, -5.382118673181181, -3.952635169293846, -0.12007093033419736
133, 0.0007038116455078125, -3.1181204319000244, 3.1389060020446777, 1.5657633543014526, -0.0018568038940429688, -1.5695929527282715, 0.0, -1.7514485395347075, -5.382109700336312, -3.9526369142837683, -0.12005158821478634
134, 0.0007038116455078125, -3.1181352138519287, 3.1388978958129883, 1.5657358169555664, -0.001902461051940918, -1.5695929527282715, 0.0, -1.75143662327529, -5.382106432905478, -3.95263463000664, -0.12004948428666395
135, 0.0007038116455078125, -3.11810564994812, 3.1389060020446777, 1.5657633543014526, -0.0018658638000488281, -1.569565773010254, 0.0, -1.7514502774345075, -5.382103538397725, -3.95263635854749, -0.12005129129025427
136, 0.0006892681121826172, -3.1181352138519287, 3.1389060020446777, 1.5657633543014526, -0.0018750429153442383, -1.5695748329162598, 0.0, -1.7514467222833654, -5.38209997511225, -3.9526372567302097, -0.12004945453704163
137, 0.0006892681121826172, -3.1181204319000244, 3.1388978958129883, 1.565781593322754, -0.0018750429153442383, -1.569556713104248, 0.0, -1.751437685494142, -5.3821004813472575, -3.952636306512557, -0.12003636670536633
138, 0.0006892681121826172, -3.1181352138519287, 3.1389060020446777, 1.5657541751861572, -0.0018750429153442383, -1.569565773010254, 0.0, -1.751449993539811, -5.382099216760284, -3.9526386641323095, -0.12002420826321991
139, 0.0006966590881347656, -3.1181204319000244, 3.1388978958129883, 1.565781593322754, -0.0018842220306396484, -1.5695838928222656, 0.0, -1.7514369888585697, -5.382096658933701, -3.9526380996612382, -0.12001596103621903
140, 0.0006966590881347656, -3.118142604827881, 3.1389060020446777, 1.565772533416748, -0.0019208192825317383, -1.5695748329162598, 0.0, -1.7514306157898476, -5.382092570246212, -3.952638571328477, -0.12002966646059665
141, 0.0006966590881347656, -3.118142604827881, 3.1388978958129883, 1.565772533416748, -0.0018934011459350586, -1.5695929527282715, 0.0, -1.7514448229672905, -5.382101319085897, -3.9526379388415087, -0.12001622163363379
142, 0.0006966590881347656, -3.118149757385254, 3.1388978958129883, 1.5657633543014526, -0.0018934011459350586, -1.5695838928222656, 0.0, -1.7514363733134828, -5.382101312336222, -3.952635139117319, -0.12001803578658787
143, 0.0007038116455078125, -3.1181352138519287, 3.1388978958129883, 1.565772533416748, -0.0018750429153442383, -1.5695929527282715, 0.0, -1.7514355365691832, -5.3821138103310755, -3.9526409104352753, -0.12001491979831158
144, 0.0006966590881347656, -3.1181352138519287, 3.138889789581299, 1.565772533416748, -0.0018842220306396484, -1.569556713104248, 0.0, -1.7514354710086906, -5.382108826105005, -3.9526405595998404, -0.12000815290403999
145, 0.0006892681121826172, -3.1181352138519287, 3.1389060020446777, 1.5657633543014526, -0.0018842220306396484, -1.5695838928222656, 0.0, -1.7514274943764758, -5.3821152945974795, -3.952639524082282, -0.12000705216656726
146, 0.0006966590881347656, -3.1181130409240723, 3.1388978958129883, 1.565772533416748, -0.0018658638000488281, -1.5695838928222656, 0.0, -1.7514232877072906, -5.382127223654969, -3.952641837704199, -0.12000141489342031
147, 0.0007038116455078125, -3.1181204319000244, 3.1389060020446777, 1.5657633543014526, -0.0018842220306396484, -1.5695838928222656, 0.0, -1.7514250608099093, -5.382123781584651, -3.9526392573006666, -0.11999512399370893
148, 0.0006818771362304688, -3.1181352138519287, 3.1388978958129883, 1.5657541751861572, -0.0018658638000488281, -1.5695748329162598, 0.0, -1.751419798799368, -5.382127512564073, -3.9526445306164595, -0.12000323677192704
149, 0.0006966590881347656, -3.1181352138519287, 3.1389060020446777, 1.5657633543014526, -0.0018842220306396484, -1.569565773010254, 0.0, -1.7514096229893084, -5.382128545752042, -3.95264248888617, -0.1200160419838916
150, 0.0006966590881347656, -3.1181204319000244, 3.138889789581299, 1.5657633543014526, -0.0018842220306396484, -1.569556713104248, 0.0, -1.751411309952377, -5.382127762009338, -3.952640041836217, -0.12001279240965879
151, 0.0006892681121826172, -3.1181352138519287, 3.1389060020446777, 1.5657541751861572, -0.0018658638000488281, -1.5695838928222656, 0.0, -1.7514105123778665, -5.382129310782502, -3.952642959274851, -0.11999492289418257
152, 0.0007038116455078125, -3.1181204319000244, 3.1388978958129883, 1.5657449960708618, -0.0019115209579467773, -1.5695748329162598, 0.0, -1.7514096876696597, -5.382144096714259, -3.952646082126042, -0.11999367282911422
153, 0.0007112026214599609, -3.1181204319000244, 3.1388978958129883, 1.5657633543014526, -0.001938939094543457, -1.5695838928222656, 0.0, -1.7513889569097838, -5.382144715947759, -3.9526385339588344, -0.11997867357615721
154, 0.0006818771362304688, -3.118142604827881, 3.1388978958129883, 1.565772533416748, -0.0018934011459350586, -1.5695748329162598, 0.0, -1.7513894610133547, -5.382147260475538, -3.9526413647312992, -0.1199801084187726
155, 0.0006966590881347656, -3.1181352138519287, 3.1389060020446777, 1.5657633543014526, -0.0019115209579467773, -1.5695838928222656, 0.0, -1.751396274463585, -5.382160308502233, -3.9526444466712465, -0.11996632146448327
156, 0.0006892681121826172, -3.1181204319000244, 3.1389060020446777, 1.5657541751861572, -0.0018934011459350586, -1.569565773010254, 0.0, -1.751385500348238, -5.382160021575489, -3.952641413410108, -0.11995851332927199
157, 0.0006892681121826172, -3.1181352138519287, 3.1389060020446777, 1.5657633543014526, -0.0018477439880371094, -1.5696020126342773, 0.0, -1.751380657526055, -5.382158716769798, -3.9526446304113416, -0.1199549287795767
158, 0.0006966590881347656, -3.1181278228759766, 3.1389060020446777, 1.565772533416748, -0.0018658638000488281, -1.569565773010254, 0.0, -1.7513917161522543, -5.382159365751296, -3.9526475538818566, -0.1199472170386251
159, 0.0006892681121826172, -3.1181278228759766, 3.1389060020446777, 1.5657541751861572, -0.0018934011459350586, -1.5695838928222656, 0.0, -1.7513806119224806, -5.382156220482672, -3.9526465745803505, -0.11994158034100977
160, 0.0007112026214599609, -3.118142604827881, 3.138913869857788, 1.5657907724380493, -0.0018934011459350586, -1.5695748329162598, 0.0, -1.7513625206058823, -5.382154409619085, -3.952644811191955, -0.11993246321654549
161, 0.0007038116455078125, -3.1181352138519287, 3.1389060020446777, 1.565781593322754, -0.0018842220306396484, -1.569565773010254, 0.0, -1.7513648667840154, -5.382162310780712, -3.9526461672108297, -0.11990433834526293
162, 0.0006892681121826172, -3.1181352138519287, 3.1389060020446777, 1.565781593322754, -0.0018842220306396484, -1.5695476531982422, 0.0, -1.751356105468615, -5.382163930258652, -3.952641770791994, -0.11991393861146982
163, 0.0006892681121826172, -3.1181278228759766, 3.1389060020446777, 1.565772533416748, -0.0018934011459350586, -1.5695929527282715, 0.0, -1.7513508021230615, -5.38216170350918, -3.9526440277446135, -0.11991870542305261
164, 0.0006892681121826172, -3.118142604827881, 3.1389060020446777, 1.565772533416748, -0.0018750429153442383, -1.5695838928222656, 0.0, -1.7513397505467037, -5.382177263410097, -3.952643331779227, -0.11991003454296134
165, 0.0003941059112548828, -3.1156277656555176, 3.1379311084747314, 1.5657449960708618, -0.0019115209579467773, -1.5695290565490723, 0.0, -1.7513436684365697, -5.382176177584895, -3.9526527032481176, -0.11988994777279771
166, 0.0009472370147705078, -3.10992693901062, 3.132178783416748, 1.56564462184906, -0.0017288923263549805, -1.5697026252746582, 0.0, -1.751506759980248, -5.38215202177025, -3.9528214692000256, -0.11988366371948089
167, 0.0001506805419921875, -3.092736005783081, 3.1189162731170654, 1.5656538009643555, -0.0019572973251342773, -1.5696296691894531, 0.0, -1.7515440710358134, -5.382228135817824, -3.9531722012480426, -0.11983090146667408
168, 0.0003204345703125, -3.075087785720825, 3.104327440261841, 1.5656720399856567, -0.0017654895782470703, -1.5696477890014648, 0.0, -1.751713913983558, -5.382183876187564, -3.953431327218614, -0.11985739789942684
169, 0.00031304359436035156, -3.044408082962036, 3.0777463912963867, 1.5656810998916626, -0.001902461051940918, -1.5696845054626465, 0.0, -1.7518904654640988, -5.382118006911834, -3.953973508983708, -0.11985586220763622
170, 0.0002911090850830078, -3.0034701824188232, 3.0438790321350098, 1.5657175779342651, -0.0018934011459350586, -1.569638729095459, 0.0, -1.752190989477065, -5.38214655164354, -3.954714680974559, -0.11981603880510949
171, 0.0004162788391113281, -2.957871198654175, 3.009364366531372, 1.565772533416748, -0.001902461051940918, -1.5695838928222656, 0.0, -1.7526080782652442, -5.3821411674074255, -3.9553873724411575, -0.11984222181256232
172, 0.00032782554626464844, -2.8969249725341797, 2.9674994945526123, 1.5658363103866577, -0.0018658638000488281, -1.569565773010254, 0.0, -1.753158934888709, -5.381941105924358, -3.9560855435162647, -0.11988091082543573
173, 0.0009548664093017578, -2.820587158203125, 2.916039228439331, 1.5656172037124634, -0.003171682357788086, -1.567903995513916, 0.0, -1.754152354414272, -5.381901535052231, -3.956781329881326, -0.11985400700378701
174, 0.0009548664093017578, -2.7938311100006104, 2.8978071212768555, 1.5626039505004883, -0.00749969482421875, -1.5627450942993164, 0.0, -1.7544676581781338, -5.381891490009151, -3.9569204769202773, -0.11985104332060459
175, 0.0009324550628662109, -2.7585198879241943, 2.874390125274658, 1.5510443449020386, -0.017023205757141113, -1.550363540649414, 0.0, -1.754816843047931, -5.3817023737345275, -3.957009920404534, -0.1197507385129839
176, 0.0005047321319580078, -2.7172646522521973, 2.850165843963623, 1.5215426683425903, -0.031057238578796387, -1.5211081504821777, 0.0, -1.755262662065504, -5.3815378647516425, -3.9570331571491306, -0.11944959384276999
177, 0.000652313232421875, -2.694232940673828, 2.841097831726074, 1.4910273551940918, -0.04175865650177002, -1.490483283996582, 0.0, -1.7554963420649172, -5.381624284886098, -3.956990346243951, -0.11950644336311544
178, 0.0006153583526611328, -2.6776835918426514, 2.8426239490509033, 1.4354479312896729, -0.05540001392364502, -1.4351959228515625, 0.0, -1.7553109999843073, -5.381421463573095, -3.956786412538284, -0.11970264830434285
179, 0.0004825592041015625, -2.6770787239074707, 2.849750518798828, 1.3945965766906738, -0.06330740451812744, -1.3961071968078613, 0.0, -1.7551343366566174, -5.381365142387928, -3.956749121009546, -0.11964127398699542
180, 0.00040912628173828125, -2.679335355758667, 2.85785174369812, 1.3573518991470337, -0.0701371431350708, -1.3595199584960938, 0.0, -1.7549744199937596, -5.381496781089137, -3.9567678848504126, -0.11957992035508802
181, 0.0005047321319580078, -2.6828534603118896, 2.8699958324432373, 1.300147294998169, -0.08101189136505127, -1.3020777702331543, 0.0, -1.7546378539185292, -5.3814903823557065, -3.956740712273133, -0.1195642248356048
182, 0.0002834796905517578, -2.6853089332580566, 2.88320255279541, 1.226333498954773, -0.0908278226852417, -1.2288575172424316, 0.0, -1.754394743226033, -5.381332686735495, -3.9567039286589054, -0.11948267914346644
183, 0.0004017353057861328, -2.6861648559570312, 2.8934929370880127, 1.1556243896484375, -0.09982144832611084, -1.1572537422180176, 0.0, -1.7544209697363295, -5.381404155712456, -3.9567335502254464, -0.11946488924881038
184, 0.0004162788391113281, -2.686408042907715, 2.9031763076782227, 1.0652015209197998, -0.11128079891204834, -1.0679357051849365, 0.0, -1.7543626905487109, -5.3814169785602415, -3.956705628952843, -0.11954041344119659
185, 0.0002467632293701172, -2.6861720085144043, 2.909463882446289, 0.9802210330963135, -0.12080419063568115, -0.9821972846984863, 0.0, -1.7543234597892543, -5.381290425520482, -3.9566999978425494, -0.11956610652161093
186, 0.00032782554626464844, -2.685220718383789, 2.914353370666504, 0.8738832473754883, -0.13171565532684326, -0.87660813331604, 0.0, -1.7544441951253407, -5.381390333619707, -3.9567377468571046, -0.11963474357167225
187, 0.00029850006103515625, -2.683082103729248, 2.9178287982940674, 0.7446727752685547, -0.14538443088531494, -0.7481281757354736, 0.0, -1.7544082964895635, -5.381386617921224, -3.956700670230315, -0.1197112351985492
188, 0.000209808349609375, -2.6803016662597656, 2.918787717819214, 0.6349382400512695, -0.1560584306716919, -0.6360654830932617, 0.0, -1.7544343090516503, -5.381345391692968, -3.9566971871886274, -0.11972455385052072
189, 0.00032782554626464844, -2.6777279376983643, 2.918436050415039, 0.5600926876068115, -0.1642853021621704, -0.55953049659729, 0.0, -1.7544936415107948, -5.381439212918838, -3.9567081724980877, -0.11980525974185596
190, 0.0004017353057861328, -2.674379587173462, 2.9176530838012695, 0.47853612899780273, -0.17573535442352295, -0.477170467376709, 0.0, -1.7544271831033544, -5.381432922016849, -3.956669808233519, -0.11983908099904905
191, 0.00023937225341796875, -2.670153856277466, 2.9161670207977295, 0.39404845237731934, -0.1870211362838745, -0.3912217617034912, 0.0, -1.7544182441962177, -5.381375650181552, -3.95663157601332, -0.1197808926736963
192, 0.00037932395935058594, -2.666112184524536, 2.9149606227874756, 0.3262155055999756, -0.19711077213287354, -0.32303285598754883, 0.0, -1.7544885709064337, -5.381498158907998, -3.9566218691032997, -0.1197929850453523
193, 0.00042366981506347656, -2.661871910095215, 2.9140899181365967, 0.25760626792907715, -0.20941007137298584, -0.2530360221862793, 0.0, -1.7544260155530473, -5.381468108390149, -3.956563309685737, -0.11988559195809678
194, 0.00032782554626464844, -2.6577932834625244, 2.913602352142334, 0.1963200569152832, -0.21983730792999268, -0.19213318824768066, 0.0, -1.7544576466289066, -5.38140244520695, -3.9565632843716885, -0.1198779331981843
195, 4.00543212890625e-05, -2.64979887008667, 2.9143295288085938, 0.16711974143981934, -0.23325049877166748, -0.16081452369689941, 0.0, -1.753974189815065, -5.381612668550175, -3.9559765410502994, -0.11990520263716231
196, -0.002408266067504883, -2.626774549484253, 2.922119140625, 0.1482555866241455, -0.2602959871292114, -0.14194083213806152, 0.0, -1.7542639853137827, -5.381445396649445, -3.952394456708611, -0.11963522842463359
197, -0.0047607421875, -2.617047071456909, 2.926162004470825, 0.14101457595825195, -0.2687877416610718, -0.13417959213256836, 0.0, -1.7543341966908794, -5.381396441736197, -3.9504166414522404, -0.1194758040914099
198, -0.006899595260620117, -2.599170207977295, 2.936971664428711, 0.12710833549499512, -0.29439055919647217, -0.11871194839477539, 0.0, -1.754547289733944, -5.381261387388702, -3.945749071419586, -0.1193781482535119
199, -0.00684809684753418, -2.5833733081817627, 2.9467267990112305, 0.1153113842010498, -0.3180121183395386, -0.1071615219116211, 0.0, -1.7547387659599298, -5.381166624903387, -3.941081388658198, -0.11963870952939626
200, -0.0075337886810302734, -2.5627825260162354, 2.9573848247528076, 0.10280203819274902, -0.34702980518341064, -0.0941319465637207, 0.0, -1.7550518826562698, -5.381080021269615, -3.935450173867003, -0.11986170105057337
201, -0.009089946746826172, -2.5421621799468994, 2.965590000152588, 0.09295010566711426, -0.37449538707733154, -0.08469057083129883, 0.0, -1.7553806635936884, -5.380980017556429, -3.9304168031257216, -0.11994057260174706
202, -0.009864330291748047, -2.5160036087036133, 2.972980260848999, 0.08424830436706543, -0.4056955575942993, -0.07555985450744629, 0.0, -1.7558680460593459, -5.380862307250155, -3.9248123247169375, -0.1200459286930462
203, -0.010358333587646484, -2.488443374633789, 2.9786927700042725, 0.07666969299316406, -0.4377630949020386, -0.06660223007202148, 0.0, -1.756421149932681, -5.380791062019397, -3.919450297867438, -0.12011995418943044
204, -0.019908905029296875, -2.3325157165527344, 2.984389305114746, 0.04384422302246094, -0.5850616693496704, -0.0348362922668457, 0.0, -1.7587308966161428, -5.380783238209206, -3.8958710769921185, -0.12009698353042086
205, -0.019215822219848633, -2.208742618560791, 2.9796435832977295, 0.03792762756347656, -0.6826795339584351, -0.03318357467651367, 0.0, -1.7610186611722574, -5.380600022342541, -3.890101398342946, -0.11975364025157376
206, -0.01878809928894043, -2.1968839168548584, 2.978205442428589, 0.03790926933288574, -0.6884957551956177, -0.03321099281311035, 0.0, -1.76120793410808, -5.380542158910573, -3.8898714661000513, -0.11971333164196629
207, -0.018507719039916992, -2.183594226837158, 2.976223945617676, 0.03790020942687988, -0.6971243619918823, -0.03320169448852539, 0.0, -1.7613793161795643, -5.380524267735579, -3.8897102509025596, -0.11972789287672025
208, -0.01830124855041504, -2.175260543823242, 2.9747140407562256, 0.03790020942687988, -0.7024568319320679, -0.03321099281311035, 0.0, -1.7614626432563387, -5.380526584816294, -3.8896851498312555, -0.11971953892780451
209, -0.017969369888305664, -2.1633944511413574, 2.972013473510742, 0.0379185676574707, -0.7091954946517944, -0.03320169448852539, 0.0, -1.7615411261273166, -5.380511013924784, -3.889722541455842, -0.11971854917256408
210, -0.01745319366455078, -2.1506948471069336, 2.96838641166687, 0.03790926933288574, -0.7161165475845337, -0.03322005271911621, 0.0, -1.7616399083232501, -5.380478808891526, -3.8898382091325154, -0.11970942117966121
211, -0.01718759536743164, -2.1339683532714844, 2.962817668914795, 0.03789114952087402, -0.72254478931427, -0.03319263458251953, 0.0, -1.7618333282116239, -5.380460099526822, -3.8900096950704652, -0.11965885772943263
212, -0.017091751098632812, -2.1233930587768555, 2.9590227603912354, 0.03788185119628906, -0.7286897897720337, -0.03320169448852539, 0.0, -1.7619988883909883, -5.3804613798435215, -3.8900993191064153, -0.11966174431136256
213, -0.016627073287963867, -2.109564781188965, 2.9540133476257324, 0.03790020942687988, -0.737838864326477, -0.03322005271911621, 0.0, -1.7622167077449218, -5.380440426174298, -3.8902183987430754, -0.11965985279822178
214, -0.016162633895874023, -2.0937533378601074, 2.948556423187256, 0.03790020942687988, -0.7484396696090698, -0.03319263458251953, 0.0, -1.7624402994471637, -5.380424186568138, -3.8903397563384563, -0.11971006917077265
215, -0.01608133316040039, -2.0760459899902344, 2.942356586456299, 0.03789114952087402, -0.7576345205307007, -0.03318357467651367, 0.0, -1.7627173737192399, -5.380419643986144, -3.8905296330728603, -0.11971857031377553
216, -0.01586747169494629, -2.0648655891418457, 2.9382739067077637, 0.03790926933288574, -0.7640625238418579, -0.03315615653991699, 0.0, -1.7629113830834817, -5.380398900087464, -3.890686885404823, -0.1197394576740427
217, -0.015358686447143555, -2.049415111541748, 2.932753324508667, 0.03790020942687988, -0.7748552560806274, -0.03319263458251953, 0.0, -1.7631837939286572, -5.380361493281952, -3.890883646520933, -0.11977016525112649
218, -0.014783382415771484, -2.029207944869995, 2.925642490386963, 0.03790926933288574, -0.7867802381515503, -0.03317427635192871, 0.0, -1.763510419782013, -5.380331386233327, -3.891083165420122, -0.11979768368084365
219, -0.014776229858398438, -2.0129241943359375, 2.9199142456054688, 0.03789114952087402, -0.7974997758865356, -0.03318357467651367, 0.0, -1.7637490205089914, -5.380298231434377, -3.8912460953693295, -0.11973209525358097
220, -0.014650583267211914, -1.9987496137619019, 2.9146170616149902, 0.0379185676574707, -0.8070141077041626, -0.03316521644592285, 0.0, -1.7639594571537245, -5.380259892854015, -3.8914119657612387, -0.11968220546254038
221, -0.0142669677734375, -1.97927987575531, 2.9070510864257812, 0.03790926933288574, -0.8170853853225708, -0.03317427635192871, 0.0, -1.7642370458680374, -5.380211492542273, -3.8916073538597944, -0.11968701409935179
222, -0.013765573501586914, -1.956233263015747, 2.8973119258880615, 0.0379185676574707, -0.8308912515640259, -0.03319263458251953, 0.0, -1.7645580671836552, -5.380152274363988, -3.8918024288604247, -0.11970630622884393
223, -0.013758182525634766, -1.947191596031189, 2.893301248550415, 0.0379185676574707, -0.8366893529891968, -0.03319263458251953, 0.0, -1.7646762060658634, -5.380132788893979, -3.8918704456235638, -0.1196875938248878
224, -0.01386880874633789, -1.9288207292556763, 2.8846805095672607, 0.03790020942687988, -0.8453818559646606, -0.03317427635192871, 0.0, -1.7648990783418839, -5.380108453443699, -3.892005685957264, -0.11970916339082116
225, -0.013780593872070312, -1.9110618829727173, 2.8752288818359375, 0.0379185676574707, -0.8514539003372192, -0.03317427635192871, 0.0, -1.7651057274675763, -5.380073654649511, -3.8921560156447175, -0.11976333423995555
226, -0.013780593872070312, -1.8967914581298828, 2.86676025390625, 0.03790926933288574, -0.8581558465957642, -0.03317427635192871, 0.0, -1.7652745271234753, -5.380047995480144, -3.8922619050813543, -0.11980256280677981
227, -0.01392054557800293, -1.8810092210769653, 2.856621503829956, 0.03790020942687988, -0.864127516746521, -0.03319263458251953, 0.0, -1.765435729970012, -5.38005536736863, -3.8923653156407623, -0.11984954098924305
228, -0.01392054557800293, -1.867166519165039, 2.847449541091919, 0.03790926933288574, -0.8690582513809204, -0.03319263458251953, 0.0, -1.7655590712580609, -5.380063885790737, -3.892417765579813, -0.11990151044558583
229, -0.013927698135375977, -1.8530213832855225, 2.8380937576293945, 0.03790926933288574, -0.8737150430679321, -0.03315615653991699, 0.0, -1.7656912037939105, -5.3800648214488636, -3.8924700091307827, -0.11990976015617072
230, -0.014060735702514648, -1.8393703699111938, 2.828514575958252, 0.03792762756347656, -0.8767372369766235, -0.03315615653991699, 0.0, -1.7658203296143555, -5.380070673553699, -3.892529242115677, -0.11993736324168314
231, -0.014252424240112305, -1.821921467781067, 2.816378355026245, 0.03790926933288574, -0.8827544450759888, -0.03312873840332031, 0.0, -1.7659718050209001, -5.380069491797456, -3.892631062161421, -0.11993254511495177
232, -0.01431131362915039, -1.8121201992034912, 2.809779167175293, 0.0379185676574707, -0.8871554136276245, -0.03314709663391113, 0.0, -1.766059564038751, -5.380072759848092, -3.892699803370258, -0.11995195759986377
233, -0.014473676681518555, -1.799892544746399, 2.801861524581909, 0.0379185676574707, -0.8928714990615845, -0.03310132026672363, 0.0, -1.7661839384294868, -5.380073209441377, -3.8927646750213967, -0.11994275404608512
234, -0.014916181564331055, -1.7812634706497192, 2.789877414703369, 0.0379185676574707, -0.8992630243301392, -0.03309226036071777, 0.0, -1.7663951538234266, -5.380062669552573, -3.892830439508025, -0.11988282035727504
235, -0.01515960693359375, -1.7668232917785645, 2.7806174755096436, 0.03790926933288574, -0.9030066728591919, -0.032973527908325195, 0.0, -1.7665706976693765, -5.380053903039595, -3.8928705247352497, -0.11985602632629178
236, -0.015174388885498047, -1.75278902053833, 2.7716054916381836, 0.0379185676574707, -0.9068142175674438, -0.032891273498535156, 0.0, -1.766718934372918, -5.380046079845563, -3.892945690001843, -0.11984521904914214
237, -0.015240669250488281, -1.736276626586914, 2.761746406555176, 0.03792762756347656, -0.9150410890579224, -0.03161287307739258, 0.0, -1.7669006130084992, -5.380029036570578, -3.893059341378715, -0.11986386767087343
238, -0.01564621925354004, -1.7218809127807617, 2.7529499530792236, 0.0379185676574707, -0.9208482503890991, -0.030115604400634766, 0.0, -1.7670893308443054, -5.379997318242703, -3.8931644640323007, -0.1198342885192405
239, -0.01621389389038086, -1.7074552774429321, 2.7442493438720703, 0.0379185676574707, -0.9258338212966919, -0.029567718505859375, 0.0, -1.7672582787388298, -5.379956024321649, -3.8933175894566427, -0.11980694260869207
240, -0.01652383804321289, -1.6913707256317139, 2.734438419342041, 0.03789114952087402, -0.931531548500061, -0.029549360275268555, 0.0, -1.7674545314693717, -5.3799053720619225, -3.8935340323185432, -0.11983421444938092
241, -0.016605138778686523, -1.6767832040786743, 2.7258975505828857, 0.03790926933288574, -0.9361242055892944, -0.029549360275268555, 0.0, -1.7676732837990257, -5.37985406837666, -3.8937216616925214, -0.11988264986556807
242, -0.017055034637451172, -1.659533143043518, 2.7156949043273926, 0.03789114952087402, -0.939466118812561, -0.0294034481048584, 0.0, -1.7679591621388846, -5.3797725235029805, -3.893893866447707, -0.11984852070354801
243, -0.018101930618286133, -1.6412951946258545, 2.7054286003112793, 0.0378270149230957, -0.9452916383743286, -0.027896642684936523, 0.0, -1.7682690410487103, -5.3796834845597115, -3.8940864296664897, -0.1196635214697439
244, -0.018846988677978516, -1.6275629997253418, 2.697502851486206, 0.037754058837890625, -0.9490443468093872, -0.026170969009399414, 0.0, -1.7685038194175002, -5.3796211869390165, -3.894280270844364, -0.11958902191893639
245, -0.01918625831604004, -1.6038233041763306, 2.684112548828125, 0.03761720657348633, -0.9568878412246704, -0.0257875919342041, 0.0, -1.7689307008488877, -5.379507569034061, -3.8946345424843103, -0.11969763316721505
246, -0.019429445266723633, -1.588667869567871, 2.675675630569458, 0.036028385162353516, -0.95964515209198, -0.0257875919342041, 0.0, -1.769224415324303, -5.379449711759081, -3.8948172805262455, -0.11977693304539372
247, -0.020181894302368164, -1.5700018405914307, 2.6655049324035645, 0.03313398361206055, -0.9643384218215942, -0.025760173797607422, 0.0, -1.7695931322378593, -5.379380204127484, -3.8950147425317008, -0.11983320049374058
248, -0.02100062370300293, -1.547515869140625, 2.653409004211426, 0.030759811401367188, -0.9706388711929321, -0.0257418155670166, 0.0, -1.770023649554425, -5.379315401114632, -3.8953042780252196, -0.11985543944479993
249, -0.021310091018676758, -1.5242995023727417, 2.6409053802490234, 0.029801130294799805, -0.9790571928024292, -0.025577545166015625, 0.0, -1.7704698407664259, -5.379249041203263, -3.8956694141283377, -0.11986811569268241
250, -0.021531343460083008, -1.5022855997085571, 2.629512310028076, 0.029727935791015625, -0.9883617162704468, -0.02424454689025879, 0.0, -1.770895514534756, -5.379203847061229, -3.896035670564872, -0.11986978493887968
251, -0.022291183471679688, -1.4779778718948364, 2.6171607971191406, 0.02950882911682129, -0.9981316328048706, -0.020856857299804688, 0.0, -1.7713701206630248, -5.379146403216033, -3.8964732609162516, -0.11984565090856059
252, -0.023220300674438477, -1.4477112293243408, 2.6019725799560547, 0.029180288314819336, -1.0099927186965942, -0.018647193908691406, 0.0, -1.7719947573580093, -5.37902953258613, -3.8970563650136127, -0.1197640382617422
253, -0.023655176162719727, -1.4194506406784058, 2.5883586406707764, 0.027874469757080078, -1.0250128507614136, -0.018227100372314453, 0.0, -1.7725826542386507, -5.378928003154321, -3.8977139247876758, -0.11979504606195412
254, -0.02355217933654785, -1.3907326459884644, 2.574528694152832, 0.026231050491333008, -1.040937066078186, -0.018190622329711914, 0.0, -1.7731900616048166, -5.3788558467748855, -3.898518344860485, -0.1200041530087077
255, -0.023227691650390625, -1.3583272695541382, 2.559276819229126, 0.0243682861328125, -1.0618010759353638, -0.018190622329711914, 0.0, -1.7738585752714418, -5.378754177316926, -3.899682749638214, -0.1202280929645827
256, -0.023087501525878906, -1.327773094177246, 2.545255422592163, 0.02327251434326172, -1.0828016996383667, -0.018199682235717773, 0.0, -1.7744509671156212, -5.378636806248947, -3.9011369101352384, -0.1202871605285516
257, -0.02312445640563965, -1.3026394844055176, 2.5345654487609863, 0.02318120002746582, -1.102953553199768, -0.018172264099121094, 0.0, -1.7749180457662885, -5.37856333616127, -3.902637716210839, -0.12019718361635334
258, -0.023087501525878906, -1.275831699371338, 2.5241470336914062, 0.0231630802154541, -1.1270681619644165, -0.018163204193115234, 0.0, -1.7753794266739042, -5.378514159961953, -3.9045775276131685, -0.12009387314980646
259, -0.02276301383972168, -1.2543632984161377, 2.5166289806365967, 0.02318120002746582, -1.1461883783340454, -0.018172264099121094, 0.0, -1.7757053380018344, -5.378455626289231, -3.906494134558653, -0.12001681058395786
260, -0.022387027740478516, -1.2332267761230469, 2.510061740875244, 0.02317214012145996, -1.1666687726974487, -0.018126726150512695, 0.0, -1.776010756289879, -5.378390321209215, -3.908914784202084, -0.11996125568439808
261, -0.022128820419311523, -1.2137054204940796, 2.5052359104156494, 0.02317214012145996, -1.1887654066085815, -0.018117666244506836, 0.0, -1.776264676786131, -5.378348433016999, -3.911928533930798, -0.11994317072735328
262, -0.02206254005432129, -1.2030339241027832, 2.503126859664917, 0.02317214012145996, -1.2012380361557007, -0.018126726150512695, 0.0, -1.776395163273221, -5.3783165166129585, -3.9140499595791987, -0.11994339020964162
263, -0.021907567977905273, -1.1920748949050903, 2.501544952392578, 0.02315378189086914, -1.2159935235977173, -0.018108367919921875, 0.0, -1.7765499978326456, -5.378258219083577, -3.916591937655177, -0.11995530339070104
264, -0.021605253219604492, -1.1815433502197266, 2.5003304481506348, 0.023135662078857422, -1.2304657697677612, -0.018081188201904297, 0.0, -1.7767640728201748, -5.378200803491554, -3.919561592074316, -0.12000909510445545
265, -0.021243810653686523, -1.1744709014892578, 2.499843120574951, 0.023135662078857422, -1.2417243719100952, -0.018108367919921875, 0.0, -1.776949144978536, -5.378180619975149, -3.921832547180199, -0.12007669125991338
266, -0.020801305770874023, -1.1636667251586914, 2.4986605644226074, 0.02314472198486328, -1.25513756275177, -0.018081188201904297, 0.0, -1.7772603098877167, -5.37812950250056, -3.9256811287519704, -0.12015207092802527
267, -0.020793914794921875, -1.1581871509552002, 2.4971585273742676, 0.02315378189086914, -1.2595475912094116, -0.018062829971313477, 0.0, -1.7774042853834389, -5.378078907084966, -3.9276013321219034, -0.12009504543285843
268, -0.021015167236328125, -1.1486883163452148, 2.4932198524475098, 0.023135662078857422, -1.2675007581710815, -0.018090248107910156, 0.0, -1.7776553220985398, -5.378011347064625, -3.930657494426264, -0.11993776176753723
269, -0.021088838577270508, -1.141150951385498, 2.488985300064087, 0.023126602172851562, -1.273088812828064, -0.018090248107910156, 0.0, -1.777878130096601, -5.3779875838205555, -3.932932577690438, -0.1198341361364017
270, -0.02108144760131836, -1.1320726871490479, 2.482849359512329, 0.0231630802154541, -1.2782567739486694, -0.018081188201904297, 0.0, -1.778167984519348, -5.377970820787781, -3.935576674131186, -0.11977373805555747
271, -0.021029949188232422, -1.121297836303711, 2.4746203422546387, 0.02315378189086914, -1.284164309501648, -0.018117666244506836, 0.0, -1.7784850671924155, -5.377928498760322, -3.938575642941289, -0.11976621563207512
272, -0.021088838577270508, -1.106201410293579, 2.462667942047119, 0.0231630802154541, -1.293514370918274, -0.018007993698120117, 0.0, -1.778908065609165, -5.377829545837284, -3.9426462650560268, -0.11975201070265395
273, -0.021052122116088867, -1.098797082901001, 2.4570674896240234, 0.02315378189086914, -1.3006454706192017, -0.01795339584350586, 0.0, -1.7791171626950772, -5.377796151062854, -3.944883478569209, -0.11981669718408217
274, -0.021015167236328125, -1.0934500694274902, 2.453312397003174, 0.02315378189086914, -1.305676817893982, -0.01795339584350586, 0.0, -1.7792559896418838, -5.377782387699548, -3.946766041071092, -0.11988367536957956
275, -0.021029949188232422, -1.086244821548462, 2.4490060806274414, 0.02315378189086914, -1.3128076791763306, -0.01793503761291504, 0.0, -1.7793946376573118, -5.3777636994826725, -3.949813147313244, -0.11998275255527702
276, -0.021066904067993164, -1.0794084072113037, 2.4460577964782715, 0.02315378189086914, -1.3197838068008423, -0.01790761947631836, 0.0, -1.779443896486116, -5.377729095720382, -3.952854510636631, -0.12004475703233908
277, -0.02103710174560547, -1.0750277042388916, 2.4446518421173096, 0.02315378189086914, -1.3244770765304565, -0.01788020133972168, 0.0, -1.7794460175482698, -5.3777061311068435, -3.954735704852512, -0.1200796286099477
278, -0.021007776260375977, -1.0690171718597412, 2.4430699348449707, 0.02315378189086914, -1.3317266702651978, -0.01788020133972168, 0.0, -1.7794504766458457, -5.377693315692712, -3.957349781227116, -0.1200737788220545
279, -0.02103710174560547, -1.0615241527557373, 2.4412641525268555, 0.0231630802154541, -1.3401910066604614, -0.01786184310913086, 0.0, -1.779457893441836, -5.377702374723297, -3.9606773181582087, -0.12000410066699896
280, -0.021103620529174805, -1.0564944744110107, 2.4400179386138916, 0.02314472198486328, -1.345441460609436, -0.01783442497253418, 0.0, -1.779452084470753, -5.3777113312830584, -3.9628908313874076, -0.11993596344911861
281, -0.021074295043945312, -1.0502479076385498, 2.438244104385376, 0.02317214012145996, -1.3514496088027954, -0.017752408981323242, 0.0, -1.779446329683769, -5.377714746947894, -3.9654608435017256, -0.11989550412829253
282, -0.021044492721557617, -1.0413095951080322, 2.4352879524230957, 0.02315378189086914, -1.3606535196304321, -0.01380777359008789, 0.0, -1.7794461501859835, -5.37768819396098, -3.9687143821751767, -0.11987395559083058
283, -0.021029949188232422, -1.0343329906463623, 2.432499647140503, 0.0231630802154541, -1.3677023649215698, -0.012063980102539062, 0.0, -1.779469833598469, -5.377662687864692, -3.971193844281711, -0.11988637210998654
284, -0.02103710174560547, -1.0273194313049316, 2.4294557571411133, 0.0231630802154541, -1.3741120100021362, -0.010557413101196289, 0.0, -1.7795057477644198, -5.37765305971459, -3.973622424303192, -0.1199659280618457
285, -0.021029949188232422, -1.0177688598632812, 2.4252452850341797, 0.0231630802154541, -1.3824669122695923, -0.010018587112426758, 0.0, -1.7795452217499415, -5.377626945839957, -3.9766971974278995, -0.12011951892658423
286, -0.020963668823242188, -1.0115740299224854, 2.422377109527588, 0.02315378189086914, -1.3876806497573853, -0.010009527206420898, 0.0, -1.7795654159105077, -5.377597191852179, -3.9787172893402403, -0.12023423754746076
287, -0.020919322967529297, -1.0061163902282715, 2.4196605682373047, 0.02318120002746582, -1.3919540643692017, -0.010027647018432617, 0.0, -1.7795771678148051, -5.377570129787407, -3.9806886837416235, -0.12029968555314241
288, -0.020845651626586914, -0.9977681040763855, 2.415090560913086, 0.02315378189086914, -1.4001260995864868, -0.009991168975830078, 0.0, -1.7795956892948421, -5.377553693317718, -3.9841879869880716, -0.12041263632761279
289, -0.020838260650634766, -0.9950025081634521, 2.4134767055511475, 0.0231630802154541, -1.4028011560440063, -0.010000467300415039, 0.0, -1.7796104502094867, -5.377547629630294, -3.9854217742898803, -0.12043634246535273
290, -0.02077937126159668, -0.9895229339599609, 2.4105446338653564, 0.02317214012145996, -1.4087454080581665, -0.010000467300415039, 0.0, -1.7796550737058903, -5.377538206256809, -3.9875290138144948, -0.12044433227355711
291, -0.020705223083496094, -0.9823839664459229, 2.406829595565796, 0.02318120002746582, -1.4152010679244995, -0.009954690933227539, 0.0, -1.7797122592616228, -5.377525336270828, -3.989831591972152, -0.12045262880281449
292, -0.020646333694458008, -0.9754812121391296, 2.4033141136169434, 0.02317214012145996, -1.421866536140442, -0.009917974472045898, 0.0, -1.779788274638441, -5.37751753319815, -3.991753650721479, -0.12044736227100028
293, -0.020646333694458008, -0.9668452739715576, 2.3990957736968994, 0.0231630802154541, -1.4293264150619507, -0.0098724365234375, 0.0, -1.7798670658858122, -5.377517859225616, -3.993855497127909, -0.12044293736527933
294, -0.020668745040893555, -0.9569920897483826, 2.39458966255188, 0.0231630802154541, -1.4363754987716675, -0.009826898574829102, 0.0, -1.7799230999715348, -5.377500611769101, -3.9958399858102838, -0.12044715196413502
295, -0.020601987838745117, -0.9479210376739502, 2.390554904937744, 0.02317214012145996, -1.442282795906067, -0.009835958480834961, 0.0, -1.7799716641805914, -5.377460210664963, -3.9974768515078782, -0.12045430270653057
296, -0.020528316497802734, -0.9386065006256104, 2.385993003845215, 0.0231630802154541, -1.446839451789856, -0.009835958480834961, 0.0, -1.78004125179574, -5.377436594843068, -3.9993049420110314, -0.12051871477986253
297, -0.020565271377563477, -0.9313719272613525, 2.382197856903076, 0.0231630802154541, -1.4520987272262573, -0.009808540344238281, 0.0, -1.7800941589307206, -5.377435561865105, -4.000878052538732, -0.12053620055069647
298, -0.020661354064941406, -0.9244541525840759, 2.378355026245117, 0.02317214012145996, -1.4572852849960327, -0.009826898574829102, 0.0, -1.7801191268134822, -5.377436176793628, -4.002420090624767, -0.1205400864512507
299, -0.020521163940429688, -0.915346086025238, 2.3729701042175293, 0.02318120002746582, -1.4636763334274292, -0.009808540344238281, 0.0, -1.7801205655573251, -5.37740825739397, -4.004365978813162, -0.1205690229702876
300, -0.02050638198852539, -0.9102280139923096, 2.3697023391723633, 0.02317214012145996, -1.4662333726882935, -0.00981760025024414, 0.0, -1.780123722101232, -5.377387908703137, -4.005423448845995, -0.12058336746712595
301, -0.02041769027709961, -0.9026095271110535, 2.3644533157348633, 0.0231630802154541, -1.4695202112197876, -0.009808540344238281, 0.0, -1.780143332409893, -5.377382595351921, -4.007112040335964, -0.12059225337300017
302, -0.020476818084716797, -0.8953676223754883, 2.3589725494384766, 0.02318120002746582, -1.4721134901046753, -0.009799480438232422, 0.0, -1.7801720017105784, -5.377406229800765, -4.008755989220443, -0.12058940042177735
303, -0.020498991012573242, -0.8876165747642517, 2.353300094604492, 0.02315378189086914, -1.4761675596237183, -0.009799480438232422, 0.0, -1.7802007223449428, -5.377399420182552, -4.010319535353576, -0.12060147803337884
304, -0.02046942710876465, -0.8805806040763855, 2.3479390144348145, 0.0231630802154541, -1.479418158531189, -0.009772062301635742, 0.0, -1.7802266320532163, -5.377365418570228, -4.011603014118006, -0.12060654597212128
305, -0.020601987838745117, -0.8728740215301514, 2.342146635055542, 0.02318120002746582, -1.4829429388046265, -0.009772062301635742, 0.0, -1.7802635221185965, -5.3773650102447474, -4.012810053353802, -0.12058697859538636
306, -0.0206758975982666, -0.8617009520530701, 2.334181070327759, 0.0231630802154541, -1.4875720739364624, -0.009735584259033203, 0.0, -1.7803155358175173, -5.377375290835191, -4.014247085006052, -0.12058676548797376
307, -0.020720243453979492, -0.855144739151001, 2.329451322555542, 0.02317214012145996, -1.4899460077285767, -0.009726524353027344, 0.0, -1.780347018452312, -5.377368276974146, -4.01499788754695, -0.12055846491926392
308, -0.020653724670410156, -0.8429391384124756, 2.3206868171691895, 0.02317214012145996, -1.4943379163742065, -0.009708166122436523, 0.0, -1.7804087264993491, -5.377342461331532, -4.016260704192898, -0.12055141173194173
309, -0.020661354064941406, -0.8339049816131592, 2.313408374786377, 0.0231630802154541, -1.495543360710144, -0.009607553482055664, 0.0, -1.7804906372999698, -5.377328152137469, -4.017331565752915, -0.12054659235296139
310, -0.02077937126159668, -0.8287203311920166, 2.30867862701416, 0.02317214012145996, -1.495296597480774, -0.009589433670043945, 0.0, -1.7805408257184732, -5.377315519752852, -4.018140103850781, -0.12053603492536791
311, -0.020749568939208984, -0.8240447044372559, 2.3038132190704346, 0.02317214012145996, -1.4951874017715454, -0.009543657302856445, 0.0, -1.7805394143506827, -5.377303432731331, -4.019143570877928, -0.12055532678707337
312, -0.02077937126159668, -0.8186538219451904, 2.2974774837493896, 0.02318120002746582, -1.4952694177627563, -0.009516477584838867, 0.0, -1.7805018641322774, -5.377285710337174, -4.0206219329809425, -0.12058013198722062
313, -0.02076435089111328, -0.8168468475341797, 2.2942497730255127, 0.0231630802154541, -1.494465708732605, -0.009470701217651367, 0.0, -1.7804737413483886, -5.377278629789632, -4.021505952154368, -0.12059091998932026
314, -0.020801305770874023, -0.8186168670654297, 2.2922203540802, 0.02317214012145996, -1.4912883043289185, -0.009470701217651367, 0.0, -1.7804252730848495, -5.377272687913015, -4.022586611097561, -0.12058189962164345
315, -0.020838260650634766, -0.8234989047050476, 2.291269540786743, 0.0231630802154541, -1.4873892068862915, -0.009443283081054688, 0.0, -1.7803613266720026, -5.377275037672427, -4.023719396001562, -0.12051697126449223
316, -0.02095627784729004, -0.8291704654693604, 2.2905426025390625, 0.02318120002746582, -1.484467625617981, -0.009461641311645508, 0.0, -1.780274600860071, -5.377291245865909, -4.024821302615425, -0.12042722178037124
317, -0.021015167236328125, -0.8343326449394226, 2.2894480228424072, 0.02315378189086914, -1.4823764562606812, -0.009434223175048828, 0.0, -1.7801479674229483, -5.377318135216771, -4.025992125131957, -0.1203440426443887
318, -0.02094888687133789, -0.8377621173858643, 2.287977933883667, 0.02318120002746582, -1.4797285795211792, -0.009388446807861328, 0.0, -1.780014789898428, -5.3773330837201, -4.026978758396893, -0.12031678693891035
319, -0.020963668823242188, -0.8391854763031006, 2.2860684394836426, 0.0231630802154541, -1.4766606092453003, -0.00941610336303711, 0.0, -1.779905039177216, -5.377323851827398, -4.027749447660629, -0.12027649811121766
320, -0.02098560333251953, -0.8394067287445068, 2.284294843673706, 0.02317214012145996, -1.4750078916549683, -0.009434223175048828, 0.0, -1.7798255087476667, -5.377323423257349, -4.028239663794122, -0.1203086564755429
321, -0.021088838577270508, -0.839458167552948, 2.2823853492736816, 0.0231630802154541, -1.4715017080307007, -0.009406805038452148, 0.0, -1.779765527043204, -5.37731051895465, -4.02861708780278, -0.12039155076221064
322, -0.021096229553222656, -0.8396131992340088, 2.2807154655456543, 0.02315378189086914, -1.4676302671432495, -0.00941610336303711, 0.0, -1.7797361745225162, -5.377284041211104, -4.028819747641944, -0.12045812618153295
323, -0.021059513092041016, -0.8396279811859131, 2.278550386428833, 0.02317214012145996, -1.4645897150039673, -0.009434223175048828, 0.0, -1.7796950772692832, -5.377281991786587, -4.028970860549662, -0.12053228450662345
324, -0.021029949188232422, -0.8397090435028076, 2.276257276535034, 0.02315378189086914, -1.4605718851089478, -0.009425163269042969, 0.0, -1.7796063258323302, -5.377308438199524, -4.02911764073444, -0.12055622411096145
325, -0.021052122116088867, -0.8397753238677979, 2.2736928462982178, 0.02315378189086914, -1.4578145742416382, -0.009425163269042969, 0.0, -1.7794757220544055, -5.377316587383738, -4.029264223739338, -0.12052334566067824
326, -0.021074295043945312, -0.83976811170578, 2.27131986618042, 0.0231630802154541, -1.4575225114822388, -0.009434223175048828, 0.0, -1.7793643396060315, -5.3773127944241, -4.029365957980147, -0.12046197267020009
327, -0.021044492721557617, -0.83976811170578, 2.2682759761810303, 0.0231630802154541, -1.4548836946487427, -0.009443283081054688, 0.0, -1.7792236030905249, -5.377332384330449, -4.02947849169896, -0.12041881021676382
328, -0.021044492721557617, -0.839672327041626, 2.265911102294922, 0.0231630802154541, -1.4526373147964478, -0.00941610336303711, 0.0, -1.7791343990860344, -5.377352043573268, -4.029531020011032, -0.12036789651756319
329, -0.021074295043945312, -0.8397090435028076, 2.263242483139038, 0.02317214012145996, -1.4502726793289185, -0.009425163269042969, 0.0, -1.7790338878565066, -5.377357881573779, -4.029599600518576, -0.12035441253871504
330, -0.021059513092041016, -0.8396205902099609, 2.260174512863159, 0.02318120002746582, -1.449222445487976, -0.009425163269042969, 0.0, -1.778921391731368, -5.377351782482954, -4.029698838996213, -0.12034776092405064
331, -0.021074295043945312, -0.8396205902099609, 2.257554054260254, 0.02318120002746582, -1.4486745595932007, -0.009443283081054688, 0.0, -1.7788249584128684, -5.377350626042453, -4.02977085658519, -0.12039014668377579
332, -0.021059513092041016, -0.8397016525268555, 2.2548775672912598, 0.0231630802154541, -1.4458624124526978, -0.009425163269042969, 0.0, -1.7787293510128188, -5.377349095187407, -4.029847745959577, -0.12044760237778895
333, -0.021066904067993164, -0.8394804000854492, 2.251617908477783, 0.02317214012145996, -1.4420546293258667, -0.009434223175048828, 0.0, -1.7786390571248845, -5.37733612395982, -4.029904291771611, -0.12049569078974631
334, -0.02108144760131836, -0.8393771052360535, 2.2500598430633545, 0.02315378189086914, -1.440055012702942, -0.00941610336303711, 0.0, -1.7785981525409431, -5.37732742311477, -4.029921658343189, -0.12052789232723171
335, -0.02103710174560547, -0.8390748500823975, 2.246943950653076, 0.02319025993347168, -1.436987042427063, -0.00941610336303711, 0.0, -1.7785062386766257, -5.377310767832069, -4.029973976543013, -0.12056530293387713
336, -0.021066904067993164, -0.8390085697174072, 2.2437241077423096, 0.02317214012145996, -1.4320017099380493, -0.009397745132446289, 0.0, -1.7784273861491293, -5.377300566123015, -4.030058309756489, -0.12058280858716408
337, -0.02108144760131836, -0.8386618494987488, 2.2410717010498047, 0.02317214012145996, -1.4289885759353638, -0.00941610336303711, 0.0, -1.778396419230779, -5.377288923360443, -4.030105873260059, -0.12055756846780152
338, -0.021059513092041016, -0.8378138542175293, 2.2366855144500732, 0.02317214012145996, -1.425153374671936, -0.009425163269042969, 0.0, -1.7783823214090748, -5.377276876175074, -4.030152194756238, -0.12052802792509443
339, -0.021052122116088867, -0.8360952734947205, 2.230301856994629, 0.02317214012145996, -1.4215835332870483, -0.009388446807861328, 0.0, -1.7783716250670505, -5.3772702747779295, -4.030196958134077, -0.12048366489181017
340, -0.021074295043945312, -0.8353871703147888, 2.2275853157043457, 0.0231630802154541, -1.420697808265686, -0.009379386901855469, 0.0, -1.7783642197939709, -5.377273085503109, -4.030213266661694, -0.12048064634395583
341, -0.021059513092041016, -0.8340747356414795, 2.2227439880371094, 0.02315378189086914, -1.4177027940750122, -0.009388446807861328, 0.0, -1.7783385678653372, -5.377274453353365, -4.030236051990207, -0.12046032891416747
342, -0.02108144760131836, -0.8325111865997314, 2.2169594764709473, 0.02315378189086914, -1.4137035608291626, -0.009397745132446289, 0.0, -1.7782896279131157, -5.377274117486776, -4.030247613826246, -0.12044438983367645
343, -0.021074295043945312, -0.8309845924377441, 2.2119500637054443, 0.02315378189086914, -1.4112657308578491, -0.009425163269042969, 0.0, -1.778240304856816, -5.3772783190528735, -4.030258103146962, -0.12046890992730663
344, -0.021096229553222656, -0.8293695449829102, 2.206237554550171, 0.02315378189086914, -1.4064627885818481, -0.00941610336303711, 0.0, -1.7781915480021682, -5.377290353761347, -4.030280760770058, -0.12048602644232087
345, -0.0211184024810791, -0.8271937370300293, 2.1991748809814453, 0.0231630802154541, -1.4004913568496704, -0.00941610336303711, 0.0, -1.7781425085900948, -5.3772994226096325, -4.030309887123311, -0.12051351735784621
346, -0.0211331844329834, -0.8261318206787109, 2.195723533630371, 0.02315378189086914, -1.3975328207015991, -0.00941610336303711, 0.0, -1.7781203170344282, -5.377297992517767, -4.030324978195934, -0.12051488233205898
347, -0.0211331844329834, -0.824568510055542, 2.1909537315368652, 0.0231630802154541, -1.3944193124771118, -0.009379386901855469, 0.0, -1.7781004819456387, -5.3772999562771595, -4.030349093283682, -0.12055761537156418
348, -0.02112579345703125, -0.8228425979614258, 2.1855926513671875, 0.02317214012145996, -1.3913148641586304, -0.009397745132446289, 0.0, -1.7781391645499625, -5.37727051760597, -4.030330983941587, -0.12053933871083178
349, -0.021140575408935547, -0.8210947513580322, 2.180000066757202, 0.02315378189086914, -1.3877171277999878, -0.00941610336303711, 0.0, -1.7781462419401786, -5.377267565306485, -4.030354106160881, -0.12052189263789437
350, -0.021155118942260742, -0.8194060325622559, 2.1749107837677, 0.02317214012145996, -1.3852516412734985, -0.009406805038452148, 0.0, -1.778155489541336, -5.37727464259411, -4.030372417251406, -0.12049279622200881
351, -0.02117753028869629, -0.8174295425415039, 2.1686151027679443, 0.02317214012145996, -1.3809055089950562, -0.009406805038452148, 0.0, -1.7782091037200767, -5.377260725773579, -4.03035059909981, -0.12046147463459977
352, -0.021251201629638672, -0.8152022361755371, 2.1619200706481934, 0.02315378189086914, -1.3758834600448608, -0.00941610336303711, 0.0, -1.7782263134980478, -5.377251112611888, -4.030359301148773, -0.12044244512930025
353, -0.021265745162963867, -0.8132404685020447, 2.155975818634033, 0.02317214012145996, -1.370989441871643, -0.009388446807861328, 0.0, -1.7782810074728266, -5.377249033683657, -4.030366574056851, -0.12042242885022336
354, -0.021273374557495117, -0.8109025955200195, 2.1491527557373047, 0.0231630802154541, -1.3659948110580444, -0.009425163269042969, 0.0, -1.7783530727942811, -5.377235526628382, -4.030353551452686, -0.12039968815773427
355, -0.02130270004272461, -0.8091475963592529, 2.1440954208374023, 0.0231630802154541, -1.3625799417495728, -0.009406805038452148, 0.0, -1.7783813600860965, -5.377231955799241, -4.0303664244364805, -0.12038958521898202
356, -0.021310091018676758, -0.8067286014556885, 2.137392044067383, 0.02317214012145996, -1.358909249305725, -0.009397745132446289, 0.0, -1.7784520004513655, -5.377228742748383, -4.030364158843072, -0.12039338017129442
357, -0.02133965492248535, -0.8036088943481445, 2.128835439682007, 0.0231630802154541, -1.3542708158493042, -0.009397745132446289, 0.0, -1.7785562091279663, -5.377212029734362, -4.03035092766486, -0.12042989761736234
358, -0.02133965492248535, -0.8020749092102051, 2.124505043029785, 0.0231630802154541, -1.3516045808792114, -0.009425163269042969, 0.0, -1.7785974348477038, -5.377209138223874, -4.030361219688841, -0.12045229591867379
359, -0.02135443687438965, -0.7996413707733154, 2.117570400238037, 0.02318120002746582, -1.3479341268539429, -0.009406805038452148, 0.0, -1.7786887502529027, -5.377191231664518, -4.030360781993131, -0.12048461190739523
360, -0.021361827850341797, -0.7975466251373291, 2.1114423274993896, 0.02315378189086914, -1.3429580926895142, -0.009406805038452148, 0.0, -1.7787773759974612, -5.377184047624775, -4.030363713630189, -0.12053446361542619
361, -0.021368980407714844, -0.795297384262085, 2.1053781509399414, 0.0231630802154541, -1.3384929895401, -0.009388446807861328, 0.0, -1.778840876246044, -5.37717428279808, -4.030375352957321, -0.12056393405086929
362, -0.02139139175415039, -0.7925982475280762, 2.098419666290283, 0.02315378189086914, -1.3331421613693237, -0.009388446807861328, 0.0, -1.778942238842412, -5.377154616081724, -4.030371376629533, -0.12058516330547242
363, -0.02139878273010254, -0.7902235984802246, 2.0925230979919434, 0.02315378189086914, -1.3298460245132446, -0.009397745132446289, 0.0, -1.7790275810775151, -5.3771422888905835, -4.030373220622684, -0.12059756676796951
364, -0.02142810821533203, -0.7880403995513916, 2.086531162261963, 0.0231630802154541, -1.3261207342147827, -0.009425163269042969, 0.0, -1.7790885752018721, -5.377141031802581, -4.0303905750039934, -0.12056688560275397
365, -0.021538734436035156, -0.785142183303833, 2.078789234161377, 0.02318120002746582, -1.3225594758987427, -0.00941610336303711, 0.0, -1.779208011858721, -5.377136611069774, -4.030390113781023, -0.12050033726272247
366, -0.021671533584594727, -0.7831876277923584, 2.0735721588134766, 0.02317214012145996, -1.3192814588546753, -0.009397745132446289, 0.0, -1.7792815637910007, -5.377122654723937, -4.030386401449748, -0.12043191083624905
367, -0.021900177001953125, -0.7805697917938232, 2.0664377212524414, 0.02315378189086914, -1.3146156072616577, -0.009406805038452148, 0.0, -1.779368000430803, -5.3771070181613405, -4.030372379070283, -0.12035002371247305
368, -0.0220034122467041, -0.7784898281097412, 2.061100482940674, 0.0231630802154541, -1.3109177350997925, -0.009406805038452148, 0.0, -1.779466370925054, -5.377081847443807, -4.030347703768567, -0.12030050223096023
369, -0.021996259689331055, -0.7754442691802979, 2.0539259910583496, 0.02315378189086914, -1.3057769536972046, -0.009406805038452148, 0.0, -1.7795967774682955, -5.377061703010832, -4.030307364469528, -0.12035276531790995
370, -0.021944522857666016, -0.7729586958885193, 2.048485279083252, 0.02315378189086914, -1.302453637123108, -0.009397745132446289, 0.0, -1.7796883268700203, -5.3770494859361255, -4.030292136185598, -0.1204047574211744
371, -0.021959304809570312, -0.7695440649986267, 2.0405116081237793, 0.02314472198486328, -1.2976049184799194, -0.009406805038452148, 0.0, -1.779832352628062, -5.377019651625664, -4.030289742117278, -0.12047514777587942
372, -0.02201080322265625, -0.7670294642448425, 2.0343997478485107, 0.0231630802154541, -1.2949570417404175, -0.00941610336303711, 0.0, -1.7799263384258974, -5.376996737670849, -4.030308051512978, -0.12049455256773989
373, -0.021996259689331055, -0.764721155166626, 2.0281758308410645, 0.02314472198486328, -1.2912317514419556, -0.00941610336303711, 0.0, -1.7800107375504055, -5.376987475019695, -4.030329390910221, -0.12051236551504019
374, -0.02196645736694336, -0.7618005275726318, 2.0208816528320312, 0.0231630802154541, -1.2874330282211304, -0.009397745132446289, 0.0, -1.780132015405738, -5.376963594971305, -4.030319957133105, -0.12052569313847616
375, -0.02196645736694336, -0.7591602206230164, 2.0142741203308105, 0.02315378189086914, -1.2834705114364624, -0.009434223175048828, 0.0, -1.7802521823281725, -5.376942121238445, -4.030317170509347, -0.12050355677910396
376, -0.02196645736694336, -0.7558932304382324, 2.0052621364593506, 0.02315378189086914, -1.279361605644226, -0.009397745132446289, 0.0, -1.7804045306534306, -5.376919205789957, -4.0303318631755065, -0.1204244220900037
377, -0.021973848342895508, -0.7556867599487305, 2.0042154788970947, 0.02315378189086914, -1.2790144681930542, -0.009388446807861328, 0.0, -1.7804166322414936, -5.376921097382723, -4.0303385533537694, -0.12042530260319584
378, -0.021988630294799805, -0.7556867599487305, 2.003632068634033, 0.0231630802154541, -1.278694748878479, -0.009406805038452148, 0.0, -1.7803905124881139, -5.376933710792282, -4.030333783087529, -0.12043275424812361
379, -0.021973848342895508, -0.7557237148284912, 2.004063606262207, 0.02314472198486328, -1.2783387899398804, -0.00941610336303711, 0.0, -1.78040504331743, -5.376928684434739, -4.0303070642376335, -0.12043927634716489
380, -0.021988630294799805, -0.75571608543396, 2.004518985748291, 0.023126602172851562, -1.2779005765914917, -0.00941610336303711, 0.0, -1.7804477251307742, -5.376873252196358, -4.030256814475461, -0.12043306139866239
381, -0.021988630294799805, -0.7556941509246826, 2.0045111179351807, 0.023126602172851562, -1.2775627374649048, -0.009397745132446289, 0.0, -1.7804606421267868, -5.376849292319344, -4.030260646333352, -0.12043920927261809
382, -0.021981239318847656, -0.7557015419006348, 2.004423141479492, 0.02314472198486328, -1.2774168252944946, -0.00941610336303711, 0.0, -1.7804748508914028, -5.3768465191637995, -4.030279778568392, -0.12045570697282848
383, -0.02196645736694336, -0.7556793689727783, 2.0042715072631836, 0.02315378189086914, -1.2771881818771362, -0.009397745132446289, 0.0, -1.7805279292968381, -5.376837117559497, -4.030288076954003, -0.12048779206963722
384, -0.02196645736694336, -0.7556498050689697, 2.004279375076294, 0.02314472198486328, -1.277051329612732, -0.009406805038452148, 0.0, -1.780555195924363, -5.376802996913698, -4.030278885451855, -0.12052364825257378
385, -0.021973848342895508, -0.7556426525115967, 2.0043511390686035, 0.023135662078857422, -1.2770239114761353, -0.009388446807861328, 0.0, -1.7806008538672382, -5.3767880679432345, -4.030278313328066, -0.12052617703078994
386, -0.021951913833618164, -0.7556571960449219, 2.0043113231658936, 0.023135662078857422, -1.277042269706726, -0.009397745132446289, 0.0, -1.7806350512333564, -5.376780507632054, -4.030283066941736, -0.12056234289412782
387, -0.021936893463134766, -0.7556350231170654, 2.004279375076294, 0.023135662078857422, -1.2769967317581177, -0.009388446807861328, 0.0, -1.780633269340177, -5.376761161682723, -4.030278899912226, -0.12054898404805314
388, -0.021929502487182617, -0.7556426525115967, 2.004279375076294, 0.02314472198486328, -1.2769781351089478, -0.00941610336303711, 0.0, -1.7806532686106822, -5.376762909336778, -4.03028184433671, -0.12051875404694723
389, -0.021929502487182617, -0.7556204199790955, 2.004319190979004, 0.02314472198486328, -1.276960015296936, -0.00941610336303711, 0.0, -1.7806816700807417, -5.376767790447135, -4.030278434889267, -0.12048434157747501
390, -0.02192211151123047, -0.7556130886077881, 2.004319190979004, 0.02315378189086914, -1.2769418954849243, -0.009397745132446289, 0.0, -1.780675766976159, -5.376758933490588, -4.030273652123777, -0.12043970992961572
391, -0.021936893463134766, -0.7556054592132568, 2.0042953491210938, 0.02314472198486328, -1.2769509553909302, -0.009406805038452148, 0.0, -1.7806901603027336, -5.376759956622742, -4.03027215086957, -0.12044117070566962
392, -0.021936893463134766, -0.7556426525115967, 2.004303455352783, 0.023135662078857422, -1.2769509553909302, -0.009406805038452148, 0.0, -1.7807140696291586, -5.3767681547649016, -4.030276139454342, -0.12043526928493797
393, -0.021944522857666016, -0.7556130886077881, 2.0043113231658936, 0.023126602172851562, -1.276887059211731, -0.00941610336303711, 0.0, -1.7807125123590328, -5.376765638929616, -4.030271100978824, -0.1204449081551946
394, -0.021959304809570312, -0.7556204199790955, 2.0043113231658936, 0.02314472198486328, -1.276887059211731, -0.009406805038452148, 0.0, -1.780723787323191, -5.376780134155342, -4.030267998271024, -0.12051488603795235
395, -0.021951913833618164, -0.7555760741233826, 2.004303455352783, 0.023126602172851562, -1.2769142389297485, -0.009406805038452148, 0.0, -1.780739354981067, -5.376782833172291, -4.030269078262296, -0.12053184802469996
396, -0.021959304809570312, -0.7555760741233826, 2.004303455352783, 0.023135662078857422, -1.2768961191177368, -0.009425163269042969, 0.0, -1.780743633648557, -5.376789141965662, -4.03026865615815, -0.12055955176774535
397, -0.02196645736694336, -0.755561351776123, 2.0043113231658936, 0.0231173038482666, -1.276877999305725, -0.009425163269042969, 0.0, -1.780755060166151, -5.376798056009342, -4.0302651159642, -0.12059122235548347
398, -0.021959304809570312, -0.755561351776123, 2.0043113231658936, 0.023135662078857422, -1.276887059211731, -0.009406805038452148, 0.0, -1.7807701208970483, -5.37679917480417, -4.030259817142837, -0.12058130990045957
399, -0.021951913833618164, -0.7555539608001709, 2.0043113231658936, 0.02314472198486328, -1.2768961191177368, -0.009406805038452148, 0.0, -1.7807668070600187, -5.376794672355306, -4.030262723353817, -0.12057919670986106
400, -0.021944522857666016, -0.7555539608001709, 2.004303455352783, 0.023135662078857422, -1.276887059211731, -0.009379386901855469, 0.0, -1.780775938669849, -5.376799688022406, -4.030259435732003, -0.12057884171289235
401, -0.021959304809570312, -0.7555465698242188, 2.004303455352783, 0.023135662078857422, -1.276887059211731, -0.009388446807861328, 0.0, -1.780792972920861, -5.376803641295648, -4.030263808013148, -0.12057473392178508
402, -0.021951913833618164, -0.7555465698242188, 2.0043113231658936, 0.02314472198486328, -1.2768689393997192, -0.009406805038452148, 0.0, -1.7807876750024567, -5.376797801114323, -4.030262931855088, -0.12055628429963772
403, -0.021951913833618164, -0.7555243372917175, 2.0042953491210938, 0.02315378189086914, -1.2768412828445435, -0.009397745132446289, 0.0, -1.7807951063673293, -5.376792142331353, -4.030260136580912, -0.12054670810372148
404, -0.021951913833618164, -0.755502462387085, 2.004303455352783, 0.023135662078857422, -1.2768412828445435, -0.00941610336303711, 0.0, -1.7808172785153746, -5.376787670424372, -4.030267552851855, -0.12055937718747511
405, -0.021951913833618164, -0.755502462387085, 2.004303455352783, 0.023135662078857422, -1.2768503427505493, -0.009379386901855469, 0.0, -1.7808196603856106, -5.376777636220142, -4.030271494863917, -0.12057778416771736
406, -0.021944522857666016, -0.7555170059204102, 2.0043113231658936, 0.02314472198486328, -1.2768503427505493, -0.009397745132446289, 0.0, -1.7808216764858196, -5.376774953895699, -4.030264660289853, -0.12057150467056932
407, -0.021951913833618164, -0.7554876208305359, 2.004319190979004, 0.023135662078857422, -1.2768503427505493, -0.009397745132446289, 0.0, -1.7808325994561196, -5.376767846293903, -4.03026792946362, -0.12055398628827341
408, -0.021951913833618164, -0.7554802894592285, 2.0043113231658936, 0.02314472198486328, -1.2768598794937134, -0.00941610336303711, 0.0, -1.7808409436657802, -5.3767649813796705, -4.030269615407194, -0.12056387123217682
409, -0.021951913833618164, -0.7554802894592285, 2.004303455352783, 0.02315378189086914, -1.2768412828445435, -0.009406805038452148, 0.0, -1.7808496560498583, -5.376765845412075, -4.030267465511134, -0.12054336135314703
410, -0.021944522857666016, -0.7554728984832764, 2.004303455352783, 0.02314472198486328, -1.2768689393997192, -0.009406805038452148, 0.0, -1.7808596544647974, -5.376770840578758, -4.030267652330991, -0.12055575551266617
411, -0.021944522857666016, -0.7554507255554199, 2.0043113231658936, 0.0231173038482666, -1.2768322229385376, -0.009379386901855469, 0.0, -1.7808611745420124, -5.376770219124943, -4.030263528660406, -0.12054748863131337
412, -0.021959304809570312, -0.7554358839988708, 2.0042953491210938, 0.023135662078857422, -1.2768598794937134, -0.009397745132446289, 0.0, -1.7808752923888012, -5.376770058433569, -4.030264589005192, -0.12055307277186333
413, -0.02196645736694336, -0.755443274974823, 2.004303455352783, 0.02314472198486328, -1.2768322229385376, -0.009397745132446289, 0.0, -1.7808865835103713, -5.376778735673468, -4.030265199340249, -0.12057277460033244
414, -0.021951913833618164, -0.7554358839988708, 2.004319190979004, 0.023126602172851562, -1.2768412828445435, -0.009379386901855469, 0.0, -1.7808904642730083, -5.376773354688203, -4.030265798275217, -0.12056729081068518
415, -0.021959304809570312, -0.755443274974823, 2.004303455352783, 0.023126602172851562, -1.2768412828445435, -0.009388446807861328, 0.0, -1.780906446048873, -5.376777935011946, -4.030269387695734, -0.12058475933074586
416, -0.021944522857666016, -0.7554358839988708, 2.004303455352783, 0.02314472198486328, -1.2768412828445435, -0.009406805038452148, 0.0, -1.7809044097757183, -5.3767814500492, -4.030265290913153, -0.12056776872342478
417, -0.021944522857666016, -0.7554285526275635, 2.0043113231658936, 0.02314472198486328, -1.2768598794937134, -0.009397745132446289, 0.0, -1.780908193517124, -5.376781023876348, -4.0302677350841645, -0.12056419765171977
418, -0.021944522857666016, -0.755406379699707, 2.004303455352783, 0.02314472198486328, -1.2768412828445435, -0.00941610336303711, 0.0, -1.7809145223480258, -5.376778123910078, -4.030267344690864, -0.12055796105808714
419, -0.021959304809570312, -0.7553991675376892, 2.004303455352783, 0.02315378189086914, -1.2768503427505493, -0.009388446807861328, 0.0, -1.7809172657078265, -5.37679139745727, -4.030267662014478, -0.12055363127042185
420, -0.021951913833618164, -0.7553770542144775, 2.0043113231658936, 0.02314472198486328, -1.2768231630325317, -0.009397745132446289, 0.0, -1.7809166808842354, -5.376781904265624, -4.030264131452479, -0.12053653596055103
421, -0.021959304809570312, -0.7553991675376892, 2.004319190979004, 0.023126602172851562, -1.2768231630325317, -0.009406805038452148, 0.0, -1.7809288053402739, -5.376778672914784, -4.030268390335129, -0.12054661260437527
422, -0.021959304809570312, -0.7553842067718506, 2.0043113231658936, 0.02314472198486328, -1.2768231630325317, -0.009406805038452148, 0.0, -1.780923527728096, -5.376782796963656, -4.030262333981024, -0.12053996790814292
423, -0.02196645736694336, -0.7553842067718506, 2.004303455352783, 0.023126602172851562, -1.2768231630325317, -0.009425163269042969, 0.0, -1.7809317945668066, -5.3767830708934365, -4.030264638294234, -0.12054743369250165
424, -0.021959304809570312, -0.7553842067718506, 2.004303455352783, 0.023126602172851562, -1.2767959833145142, -0.00941610336303711, 0.0, -1.7809462004931078, -5.376775473096594, -4.030266319365965, -0.12052683458398938
425, -0.02196645736694336, -0.7553696632385254, 2.004303455352783, 0.02314472198486328, -1.2768141031265259, -0.009397745132446289, 0.0, -1.7809477072282651, -5.37678159270258, -4.030261677900975, -0.12052502762898154
426, -0.021959304809570312, -0.755347490310669, 2.0042953491210938, 0.023135662078857422, -1.27680504322052, -0.009406805038452148, 0.0, -1.7809536960632972, -5.376775385930667, -4.030269046008904, -0.12052664388863032
427, -0.021944522857666016, -0.7553400993347168, 2.0042872428894043, 0.023126602172851562, -1.2768231630325317, -0.00941610336303711, 0.0, -1.7809627456293704, -5.376770042758007, -4.030268132170459, -0.12051625515496678
428, -0.021951913833618164, -0.755347490310669, 2.004303455352783, 0.023135662078857422, -1.2768322229385376, -0.00941610336303711, 0.0, -1.7809646143630713, -5.37677032604856, -4.030266216501095, -0.12051425390050152
429, -0.021951913833618164, -0.7553622722625732, 2.004303455352783, 0.023126602172851562, -1.2768231630325317, -0.009425163269042969, 0.0, -1.7809748475743505, -5.376769791078959, -4.03026563202801, -0.12050546706905862
430, -0.021959304809570312, -0.7553548216819763, 2.004279375076294, 0.0231630802154541, -1.2768322229385376, -0.009406805038452148, 0.0, -1.7809884871394315, -5.376765647427901, -4.030262995255135, -0.12050555794403461
431, -0.02196645736694336, -0.7553253173828125, 2.004303455352783, 0.02314472198486328, -1.2768322229385376, -0.00941610336303711, 0.0, -1.7809951089395113, -5.376774391171708, -4.030264354936196, -0.1205224232309563
432, -0.021959304809570312, -0.7553179264068604, 2.004303455352783, 0.0231173038482666, -1.2768141031265259, -0.009397745132446289, 0.0, -1.7809913288054777, -5.376770816338728, -4.030263033569296, -0.12051627701586654
433, -0.021981239318847656, -0.7552957534790039, 2.0042953491210938, 0.023135662078857422, -1.2767959833145142, -0.00941610336303711, 0.0, -1.7810104341719666, -5.376775552278375, -4.03026315047582, -0.12051902622551847
434, -0.021959304809570312, -0.7552886009216309, 2.0042872428894043, 0.02314472198486328, -1.2767866849899292, -0.009425163269042969, 0.0, -1.781021541733816, -5.376785007079939, -4.030264176434393, -0.12051843178360233
435, -0.021959304809570312, -0.7552812099456787, 2.0042953491210938, 0.023126602172851562, -1.2768231630325317, -0.009397745132446289, 0.0, -1.78101872385833, -5.376786382055678, -4.030262290896919, -0.12050170179389852
436, -0.021959304809570312, -0.7552886009216309, 2.0042953491210938, 0.023135662078857422, -1.27680504322052, -0.00941610336303711, 0.0, -1.7810253177587079, -5.3767869089112015, -4.030260486963291, -0.12049972980253543
437, -0.021959304809570312, -0.7552735805511475, 2.0042872428894043, 0.023135662078857422, -1.27680504322052, -0.00941610336303711, 0.0, -1.7810197090493978, -5.3767866768675665, -4.030263354084192, -0.12050312989669809
438, -0.021959304809570312, -0.7552663683891296, 2.0042872428894043, 0.023135662078857422, -1.2767959833145142, -0.00941610336303711, 0.0, -1.7810111227779224, -5.376782069232061, -4.030259889442449, -0.12050494687151225
439, -0.021959304809570312, -0.755244255065918, 2.004303455352783, 0.023126602172851562, -1.2767866849899292, -0.009388446807861328, 0.0, -1.781025503288543, -5.376783925424044, -4.030262694126336, -0.12050277313004898
440, -0.021951913833618164, -0.755244255065918, 2.0042872428894043, 0.02314472198486328, -1.27680504322052, -0.009397745132446289, 0.0, -1.7810270049081838, -5.376778072641417, -4.0302638876577825, -0.12050402362685908
441, -0.021959304809570312, -0.755244255065918, 2.0042872428894043, 0.02314472198486328, -1.2768141031265259, -0.009443283081054688, 0.0, -1.781024448668519, -5.376778959562357, -4.030261066423054, -0.12050829615691594
442, -0.021959304809570312, -0.7552516460418701, 2.0042953491210938, 0.02314472198486328, -1.27680504322052, -0.009434223175048828, 0.0, -1.781031621890726, -5.376782027896796, -4.030262432839839, -0.12053390589696811
443, -0.021944522857666016, -0.7552220225334167, 2.004303455352783, 0.023135662078857422, -1.2768231630325317, -0.00937032699584961, 0.0, -1.7810283768317379, -5.376770590832141, -4.030261659700384, -0.12054105825643724
444, -0.021951913833618164, -0.7552220225334167, 2.0042953491210938, 0.02314472198486328, -1.27680504322052, -0.009406805038452148, 0.0, -1.781033789061544, -5.376771015305323, -4.030263711872848, -0.12054262163194718
445, -0.021944522857666016, -0.7552220225334167, 2.0042872428894043, 0.02314472198486328, -1.2768141031265259, -0.009397745132446289, 0.0, -1.781041961546319, -5.376778909615824, -4.030268091541287, -0.12054620037850405
446, -0.021944522857666016, -0.7552220225334167, 2.0042953491210938, 0.02314472198486328, -1.27680504322052, -0.009397745132446289, 0.0, -1.7810301816070044, -5.376776865894257, -4.030261182846788, -0.12052847219580354
447, -0.021944522857666016, -0.7552294731140137, 2.0042953491210938, 0.023135662078857422, -1.2767959833145142, -0.00941610336303711, 0.0, -1.7810228483839672, -5.376789486626512, -4.030258410231525, -0.12052894702992578
448, -0.021951913833618164, -0.7552073001861572, 2.0042953491210938, 0.02315378189086914, -1.2767866849899292, -0.009406805038452148, 0.0, -1.781028697881984, -5.3767942740325685, -4.030259422942804, -0.12050915804258544
449, -0.021959304809570312, -0.7552001476287842, 2.0042953491210938, 0.023126602172851562, -1.2767773866653442, -0.009406805038452148, 0.0, -1.7810306805146625, -5.3767939591425655, -4.0302588220221365, -0.12050948607105827
450, -0.021951913833618164, -0.7552001476287842, 2.0042953491210938, 0.023135662078857422, -1.2767959833145142, -0.009406805038452148, 0.0, -1.78102869882624, -5.376800595842237, -4.030259231000017, -0.12055158813500455
451, -0.021944522857666016, -0.755177915096283, 2.0042953491210938, 0.023135662078857422, -1.2767866849899292, -0.00941610336303711, 0.0, -1.7810416187014295, -5.376800654285787, -4.030261804129706, -0.12055780390356485
452, -0.021951913833618164, -0.7551851272583008, 2.0042872428894043, 0.023135662078857422, -1.2767959833145142, -0.009406805038452148, 0.0, -1.7810471517910316, -5.376795639054768, -4.030260445307632, -0.12054891055331485
453, -0.021944522857666016, -0.7551705837249756, 2.004279375076294, 0.023135662078857422, -1.2767866849899292, -0.009406805038452148, 0.0, -1.781046291014198, -5.3767983222531965, -4.030262725350242, -0.12053668280842444
454, -0.021929502487182617, -0.7551629543304443, 2.0042953491210938, 0.0231173038482666, -1.2767592668533325, -0.009406805038452148, 0.0, -1.7810429340127647, -5.376801639748662, -4.030259406457172, -0.12053020010074089
455, -0.021936893463134766, -0.7551705837249756, 2.004279375076294, 0.02314472198486328, -1.2767773866653442, -0.009406805038452148, 0.0, -1.7810392202132999, -5.376801882761602, -4.030258571235887, -0.12053357941530862
456, -0.021929502487182617, -0.7551851272583008, 2.0042872428894043, 0.02314472198486328, -1.2767773866653442, -0.00941610336303711, 0.0, -1.7810383718401495, -5.376799020125693, -4.030257972268354, -0.1205282042324125
457, -0.021936893463134766, -0.7551629543304443, 2.0042953491210938, 0.023126602172851562, -1.2767502069473267, -0.00941610336303711, 0.0, -1.7810366636593686, -5.376798470102596, -4.03025786586554, -0.12052485417409109
458, -0.021951913833618164, -0.7551705837249756, 2.0042872428894043, 0.023126602172851562, -1.2767592668533325, -0.00941610336303711, 0.0, -1.78102957402844, -5.376799207183543, -4.030255248890226, -0.12054163011610974
459, -0.021944522857666016, -0.7551705837249756, 2.0042953491210938, 0.023135662078857422, -1.2767502069473267, -0.009434223175048828, 0.0, -1.7810329619172487, -5.376800887788633, -4.030259619759775, -0.12054685386091357
460, -0.021944522857666016, -0.7551558017730713, 2.0042872428894043, 0.023135662078857422, -1.2767409086227417, -0.009379386901855469, 0.0, -1.7810339845940164, -5.376797715250685, -4.0302616390187085, -0.12053580114182871
461, -0.021944522857666016, -0.7551558017730713, 2.0042872428894043, 0.023135662078857422, -1.2767502069473267, -0.00941610336303711, 0.0, -1.781029908540361, -5.376804841878313, -4.030260294891001, -0.12054505126897919
462, -0.021936893463134766, -0.7551484107971191, 2.0042953491210938, 0.02314472198486328, -1.2767409086227417, -0.009397745132446289, 0.0, -1.7810342726814643, -5.376806598679521, -4.030261589734336, -0.12055027604241975
463, -0.021929502487182617, -0.7551484107971191, 2.0042872428894043, 0.023135662078857422, -1.2767683267593384, -0.009397745132446289, 0.0, -1.781039153473953, -5.376801079016387, -4.0302616042957435, -0.1205429309185373
464, -0.02192211151123047, -0.7551484107971191, 2.004303455352783, 0.02314472198486328, -1.2767318487167358, -0.009397745132446289, 0.0, -1.7810385240809794, -5.37680556168641, -4.0302563521765, -0.1205381997247148
465, -0.02192211151123047, -0.7551558017730713, 2.0042872428894043, 0.02314472198486328, -1.2767683267593384, -0.00941610336303711, 0.0, -1.7810440413971493, -5.376807121139246, -4.030258894727723, -0.12052914929016367
466, -0.021944522857666016, -0.755141019821167, 2.0042953491210938, 0.02314472198486328, -1.2767409086227417, -0.00941610336303711, 0.0, -1.7810444622361974, -5.376801722380825, -4.030260647362734, -0.12052106649983241
467, -0.021936893463134766, -0.7551484107971191, 2.0042872428894043, 0.023135662078857422, -1.2767409086227417, -0.009406805038452148, 0.0, -1.7810525902496073, -5.3768033998975415, -4.030261002513183, -0.12053057894308594
468, -0.021944522857666016, -0.7551114559173584, 2.0042872428894043, 0.0231173038482666, -1.2767502069473267, -0.00941610336303711, 0.0, -1.781065378911837, -5.376801228811404, -4.030262697395893, -0.12054139449444712
469, -0.021944522857666016, -0.7551188468933105, 2.0042872428894043, 0.023135662078857422, -1.2767502069473267, -0.009434223175048828, 0.0, -1.781067723099237, -5.376800654330385, -4.030262615700249, -0.12054444732313208
470, -0.021929502487182617, -0.7551262378692627, 2.0042872428894043, 0.023135662078857422, -1.2767318487167358, -0.009397745132446289, 0.0, -1.7810681779299502, -5.376802914079209, -4.030263521690226, -0.12055811087431412
471, -0.02192211151123047, -0.7551040649414062, 2.0043511390686035, 0.023126602172851562, -1.2767318487167358, -0.00941610336303711, 0.0, -1.7810661731867397, -5.376807089691083, -4.030263167535942, -0.1205682757703066
472, -0.021914958953857422, -0.7550821304321289, 2.004423141479492, 0.02314472198486328, -1.2766040563583374, -0.009397745132446289, 0.041467962265014646, -1.7810545303184102, -5.376807806942932, -4.03026076960498, -0.12055013846138252
473, -0.021914958953857422, -0.7550523281097412, 2.0044631958007812, 0.02317214012145996, -1.2765401601791382, -0.009397745132446289, 0.08635913848876953, -1.7810564916615719, -5.376821631857469, -4.030263187295186, -0.1205487082991743
474, -0.02192211151123047, -0.755037784576416, 2.004383087158203, 0.023135662078857422, -1.2765949964523315, -0.009379386901855469, 0.12288433074951172, -1.7810708431119318, -5.376819365471274, -4.0302640925718185, -0.12053751595771534
475, -0.021914958953857422, -0.7550523281097412, 2.0042872428894043, 0.02314472198486328, -1.2764853239059448, -0.009388446807861328, 0.1511884880065918, -1.781069633071232, -5.3768201091776096, -4.030262212212657, -0.12053650725130982
476, -0.021914958953857422, -0.7550523281097412, 2.0042154788970947, 0.023135662078857422, -1.2765127420425415, -0.009425163269042969, 0.19607967376708985, -1.7810864329714649, -5.376813574204659, -4.030261143836119, -0.12054098716084738
477, -0.021914958953857422, -0.7550966739654541, 2.0040955543518066, 0.023126602172851562, -1.2765401601791382, -0.00941610336303711, 0.23502456665039062, -1.7810884135608567, -5.376813544409133, -4.030260043914853, -0.12053029431353579
478, -0.02192211151123047, -0.7550745010375977, 2.0040478706359863, 0.02315378189086914, -1.2765401601791382, -0.009397745132446289, 0.24354331970214843, -1.7810899420534725, -5.376813862711388, -4.030259237219819, -0.1205182172587902
479, -0.021914958953857422, -0.7550523281097412, 2.0041275024414062, 0.023135662078857422, -1.2764579057693481, -0.009388446807861328, 0.2517949295043945, -1.7811088777330504, -5.376813528784514, -4.030268204571458, -0.12049846527492658
480, -0.021914958953857422, -0.7550082206726074, 2.0042552947998047, 0.023126602172851562, -1.2762480974197388, -0.009388446807861328, 0.2673897171020508, -1.7811097802262976, -5.376812669406082, -4.030271668819117, -0.12050983519464431
481, -0.021929502487182617, -0.7550082206726074, 2.004495143890381, 0.023126602172851562, -1.276220440864563, -0.00941610336303711, 0.2953884506225586, -1.7810858193521304, -5.376815356224109, -4.030270801387023, -0.12050737731266281
482, -0.021929502487182617, -0.7549788951873779, 2.0045828819274902, 0.023126602172851562, -1.2763482332229614, -0.009406805038452148, 0.32750926971435546, -1.7810866600689805, -5.37681274473498, -4.030271325490004, -0.12051024096159413
483, -0.021914958953857422, -0.7549638748168945, 2.0044469833374023, 0.02315378189086914, -1.276293396949768, -0.009434223175048828, 0.35650039672851563, -1.7810909287616008, -5.376816275512439, -4.030269596030616, -0.12049555818849367
484, -0.021929502487182617, -0.754986047744751, 2.0041356086730957, 0.023135662078857422, -1.2762113809585571, -0.009425163269042969, 0.38962875366210936, -1.7811004505723094, -5.376821834115496, -4.03025506189856, -0.12050034742298799
485, -0.02192211151123047, -0.7550007700920105, 2.004023551940918, 0.023135662078857422, -1.2760833501815796, -0.009425163269042969, 0.42736000061035156, -1.7811153306974798, -5.37681581528057, -4.030260095511086, -0.12048742209678664
486, -0.021936893463134766, -0.7550156116485596, 2.004087448120117, 0.02314472198486328, -1.276631236076355, -0.00941610336303711, 0.46296913146972657, -1.7811141004966446, -5.376817966504828, -4.030270906744454, -0.1204944519732809
487, -0.02192211151123047, -0.7550007700920105, 2.0040955543518066, 0.02314472198486328, -1.2765311002731323, -0.009443283081054688, 0.4888840866088867, -1.7811038797364798, -5.376826748231167, -4.030262754239949, -0.12049291040544396
488, -0.02192211151123047, -0.7549715042114258, 2.004183530807495, 0.02314472198486328, -1.2763572931289673, -0.009406805038452148, 0.5042116546630859, -1.7811149557805348, -5.376823769728802, -4.030263573603387, -0.12046930558674518
489, -0.02192211151123047, -0.754934549331665, 2.0042552947998047, 0.02315378189086914, -1.276293396949768, -0.009425163269042969, 0.5223788452148438, -1.781125523770133, -5.376824650369737, -4.030266389617774, -0.12048387132499716
490, -0.021944522857666016, -0.7549271583557129, 2.0042953491210938, 0.02314472198486328, -1.2762023210525513, -0.009388446807861328, 0.5515684509277343, -1.781118171339852, -5.376833610621279, -4.030266621142045, -0.12047849717365988
491, -0.021907567977905273, -0.7549417018890381, 2.004239559173584, 0.02314472198486328, -1.2762571573257446, -0.009434223175048828, 0.595352897644043, -1.7811248823516805, -5.376837843387251, -4.030265926370387, -0.12049987363682302
492, -0.021929502487182617, -0.7549493312835693, 2.0041756629943848, 0.02314472198486328, -1.2760742902755737, -0.009379386901855469, 0.6026884460449219, -1.7811328976505147, -5.376832484111613, -4.030259511655632, -0.1204873944032796
493, -0.02192211151123047, -0.7549493312835693, 2.0041515827178955, 0.023126602172851562, -1.2760380506515503, -0.009379386901855469, 0.618626708984375, -1.7811413082763452, -5.376835176201661, -4.030257061681203, -0.12048382390527212
494, -0.021929502487182617, -0.7549566626548767, 2.0041515827178955, 0.023135662078857422, -1.275983214378357, -0.00941610336303711, 0.6485185241699218, -1.7811350272563191, -5.376834479465315, -4.030272756405509, -0.12048709432627902
495, -0.021907567977905273, -0.754934549331665, 2.0041913986206055, 0.0231173038482666, -1.2760380506515503, -0.00941610336303711, 0.6862115478515625, -1.7811257833690406, -5.376835058136149, -4.030271157023971, -0.12048700240478727
496, -0.021914958953857422, -0.7549049854278564, 2.004263401031494, 0.023135662078857422, -1.276056170463562, -0.009434223175048828, 0.7037604522705078, -1.7811350426647579, -5.376842731608605, -4.030266593913729, -0.12048377482075256
497, -0.021929502487182617, -0.7548975944519043, 2.004239559173584, 0.02315378189086914, -1.2759650945663452, -0.00941610336303711, 0.7201719665527344, -1.7811393901050396, -5.376842254191906, -4.030263827578409, -0.1204668087752978
498, -0.021929502487182617, -0.754934549331665, 2.004199504852295, 0.02314472198486328, -1.2758280038833618, -0.009406805038452148, 0.7534682464599609, -1.7811339693389896, -5.376829417729313, -4.030262694453837, -0.12046160399263961
499, -0.021907567977905273, -0.7549271583557129, 2.0041675567626953, 0.023135662078857422, -1.2760471105575562, -0.009443283081054688, 0.8000083923339844, -1.7811400806493158, -5.376836679062816, -4.030275654139418, -0.12047213996638373
500, -0.021907567977905273, -0.7549123167991638, 2.0041675567626953, 0.023126602172851562, -1.2759922742843628, -0.00941610336303711, 0.8213279724121094, -1.7811338040392803, -5.37684460983015, -4.030266976154348, -0.1204748886771867
501, -0.021929502487182617, -0.7549123167991638, 2.0041675567626953, 0.02314472198486328, -1.275800347328186, -0.009425163269042969, 0.8457315826416015, -1.7811379859959737, -5.376832633524606, -4.030260232639743, -0.120465915564818
502, -0.021929502487182617, -0.7549049854278564, 2.004159450531006, 0.02314472198486328, -1.2757455110549927, -0.009425163269042969, 0.8711427307128906, -1.7811521390510503, -5.376834600995521, -4.030271122713082, -0.12047214335851475
503, -0.021900177001953125, -0.7549049854278564, 2.0041515827178955, 0.02314472198486328, -1.275891900062561, -0.009443283081054688, 0.9058282470703125, -1.7811369927279193, -5.376838945317166, -4.030274034800492, -0.1204952130193524
504, -0.021907567977905273, -0.7549049854278564, 2.0041675567626953, 0.023135662078857422, -1.2758461236953735, -0.009425163269042969, 0.9319950103759765, -1.7811339680283707, -5.3768237831004075, -4.030260542166222, -0.12049231138387206
505, -0.021907567977905273, -0.7548828125, 2.0042076110839844, 0.02315378189086914, -1.2757822275161743, -0.00941610336303711, 0.9397886657714843, -1.7811533053013682, -5.376822870283037, -4.030267247413813, -0.1204867989299796
506, -0.021914958953857422, -0.7549123167991638, 2.0041913986206055, 0.023126602172851562, -1.2757641077041626, -0.00941610336303711, 0.9474372100830079, -1.7811576909908005, -5.376829052877858, -4.030269305543752, -0.12047584430314107
507, -0.021907567977905273, -0.7548975944519043, 2.0041275024414062, 0.02314472198486328, -1.2758551836013794, -0.00934290885925293, 0.9555055236816407, -1.7811460717959786, -5.376823315254051, -4.030270851906132, -0.12045357201004947
508, -0.02192211151123047, -0.7549197673797607, 2.004159450531006, 0.023135662078857422, -1.2758280038833618, -0.00934290885925293, 0.9555436706542969, -1.7811398902792321, -5.376823671857264, -4.03027313402379, -0.12048933271637896
509, -0.02192211151123047, -0.7549123167991638, 2.004159450531006, 0.02314472198486328, -1.2757550477981567, -0.00931549072265625, 0.9555055236816407, -1.7811360439991764, -5.37681395414434, -4.030266432095848, -0.12048616103767529
510, -0.021936893463134766, -0.7548828125, 2.0041756629943848, 0.023126602172851562, -1.275800347328186, -0.00934290885925293, 0.9555131530761719, -1.7811269129106702, -5.3768185490433655, -4.0302664641457815, -0.1204755030917708
511, -0.021936893463134766, -0.7549123167991638, 2.0041515827178955, 0.023135662078857422, -1.2757455110549927, -0.00932455062866211, 0.9554750061035157, -1.7811219220174088, -5.376826564940418, -4.030267833539235, -0.12048475933199843
512, -0.021914958953857422, -0.7549123167991638, 2.004159450531006, 0.023135662078857422, -1.2756911516189575, -0.00934290885925293, 0.9554597473144532, -1.781115998608593, -5.376832721140613, -4.030262845678872, -0.12049579430203128
513, -0.02192211151123047, -0.7548975944519043, 2.004159450531006, 0.02314472198486328, -1.2757092714309692, -0.00931549072265625, 0.9554750061035157, -1.7811163206394607, -5.376834208389495, -4.030264948182663, -0.1204923336254895
514, -0.02192211151123047, -0.7549049854278564, 2.004159450531006, 0.023126602172851562, -1.2756725549697876, -0.00932455062866211, 0.9554521179199219, -1.781123240924332, -5.376835791936164, -4.030265656765787, -0.12049397299787845
515, -0.02192211151123047, -0.7549049854278564, 2.004159450531006, 0.023126602172851562, -1.2756725549697876, -0.00934290885925293, 0.9554368591308594, -1.7811311679093933, -5.376838748303542, -4.030267607267849, -0.12048728983804402
516, -0.021914958953857422, -0.7549049854278564, 2.0041515827178955, 0.02314472198486328, -1.2756634950637817, -0.00934290885925293, 0.9554444885253907, -1.7811305210683077, -5.376842188224572, -4.030270162620625, -0.12049089990096107
517, -0.021914958953857422, -0.7548975944519043, 2.004159450531006, 0.023135662078857422, -1.2756086587905884, -0.009333610534667969, 0.9554292297363282, -1.7811394707505337, -5.376836817993544, -4.030269471867318, -0.12046130128556065
518, -0.02192211151123047, -0.7548902034759521, 2.0041675567626953, 0.02314472198486328, -1.2755995988845825, -0.00932455062866211, 0.9554521179199219, -1.7811346152802652, -5.3768382801028265, -4.030267761193892, -0.12045926922781724
519, -0.02192211151123047, -0.7549123167991638, 2.004159450531006, 0.023126602172851562, -1.2756086587905884, -0.00932455062866211, 0.9554444885253907, -1.7811274498350669, -5.3768434565140355, -4.030265465750863, -0.12046245423332991
520, -0.02192211151123047, -0.7548975944519043, 2.0041515827178955, 0.02315378189086914, -1.2756086587905884, -0.009333610534667969, 0.9554521179199219, -1.78112595983191, -5.376838131984042, -4.030267177774842, -0.12046738021946979
521, -0.02192211151123047, -0.7549049854278564, 2.004159450531006, 0.023135662078857422, -1.2756086587905884, -0.00934290885925293, 0.9554521179199219, -1.781130415541943, -5.376832463521862, -4.030262395838504, -0.12045391765891544
522, -0.021929502487182617, -0.7549049854278564, 2.004159450531006, 0.02314472198486328, -1.27556312084198, -0.00932455062866211, 0.9554673767089844, -1.7811333807285006, -5.3768194669894145, -4.030266908776865, -0.12044118482331001
523, -0.021936893463134766, -0.7548902034759521, 2.004159450531006, 0.02314472198486328, -1.2755540609359741, -0.009333610534667969, 0.9554444885253907, -1.7811426025881671, -5.376814262785417, -4.030271817332197, -0.12045583114602554
524, -0.021929502487182617, -0.7548975944519043, 2.004159450531006, 0.02314472198486328, -1.27556312084198, -0.009333610534667969, 0.9554292297363282, -1.7811330428291967, -5.37681384104737, -4.030263727120677, -0.12046500119481429
525, -0.021944522857666016, -0.7548902034759521, 2.004159450531006, 0.02315378189086914, -1.2755354642868042, -0.00932455062866211, 0.9554444885253907, -1.7811381348457673, -5.376811019376211, -4.030271843176916, -0.12049463572257135
526, -0.021936893463134766, -0.7549123167991638, 2.004159450531006, 0.023126602172851562, -1.2755264043807983, -0.009351968765258789, 0.9554521179199219, -1.781134113805233, -5.37680700444937, -4.030272517121508, -0.12047025312438375
527, -0.02192211151123047, -0.7548975944519043, 2.004159450531006, 0.02314472198486328, -1.275481104850769, -0.009351968765258789, 0.9554597473144532, -1.7811147668397511, -5.376817025701038, -4.030264101396313, -0.12048566404883054
528, -0.021929502487182617, -0.7549123167991638, 2.004159450531006, 0.023135662078857422, -1.2754443883895874, -0.00932455062866211, 0.9554444885253907, -1.7811133507850543, -5.376823521741564, -4.030267730750134, -0.12049157205744443
529, -0.021936893463134766, -0.7549049854278564, 2.004159450531006, 0.02315378189086914, -1.2754353284835815, -0.00934290885925293, 0.9554521179199219, -1.7811127070464474, -5.376824680644394, -4.030265957836382, -0.12049435564284838
530, -0.02192211151123047, -0.7549049854278564, 2.0041515827178955, 0.023135662078857422, -1.2754172086715698, -0.00932455062866211, 0.9554521179199219, -1.78110540843466, -5.37683485867172, -4.030260569843797, -0.1204937211332977
531, -0.021914958953857422, -0.7548975944519043, 2.004159450531006, 0.023126602172851562, -1.2753440141677856, -0.00934290885925293, 0.9554597473144532, -1.7811108640792352, -5.376838240431077, -4.030266710539272, -0.120487337261598
532, -0.021929502487182617, -0.7549049854278564, 2.004159450531006, 0.02315378189086914, -1.275307297706604, -0.009333610534667969, 0.9554597473144532, -1.781124762075436, -5.376836876417226, -4.030269764352533, -0.12048040741984511
533, -0.021929502487182617, -0.7549049854278564, 2.0041515827178955, 0.023126602172851562, -1.2752524614334106, -0.009306192398071289, 0.9554597473144532, -1.7811150326526302, -5.376839671494595, -4.030261149029927, -0.1205111536584429
534, -0.021914958953857422, -0.7548975944519043, 2.004159450531006, 0.02314472198486328, -1.2752524614334106, -0.009351968765258789, 0.9554521179199219, -1.7811241769219188, -5.376833940700397, -4.030270115208311, -0.12050835466928866
535, -0.021914958953857422, -0.7549123167991638, 2.0041675567626953, 0.023135662078857422, -1.2752162218093872, -0.00932455062866211, 0.9554597473144532, -1.781121747740915, -5.376821787182034, -4.030267757867543, -0.12051990480856833
536, -0.021929502487182617, -0.7548975944519043, 2.0041515827178955, 0.02315378189086914, -1.2752071619033813, -0.00932455062866211, 0.9554521179199219, -1.7811187676845475, -5.376830225278071, -4.030268068044543, -0.12050402259074655
537, -0.021914958953857422, -0.7548975944519043, 2.004159450531006, 0.02315378189086914, -1.2751976251602173, -0.00932455062866211, 0.9554521179199219, -1.7811176265661992, -5.376832050317744, -4.030269562248268, -0.12049192674488118
538, -0.021914958953857422, -0.7549123167991638, 2.0041515827178955, 0.023135662078857422, -1.2751704454421997, -0.00931549072265625, 0.9554597473144532, -1.7811184579050194, -5.376821732178042, -4.030269066675514, -0.12049139185626956
539, -0.021914958953857422, -0.7549271583557129, 2.004159450531006, 0.023126602172851562, -1.2751156091690063, -0.00932455062866211, 0.9554444885253907, -1.7811102503840957, -5.376827757130281, -4.030268221729031, -0.12049291594339717
540, -0.02192211151123047, -0.7549049854278564, 2.004159450531006, 0.023135662078857422, -1.2750884294509888, -0.00931549072265625, 0.9554597473144532, -1.781107845038509, -5.376826407392346, -4.0302687425409065, -0.12049418851225635
541, -0.02192211151123047, -0.7548975944519043, 2.0041515827178955, 0.02314472198486328, -1.2751065492630005, -0.009333610534667969, 0.9554597473144532, -1.7811084919446445, -5.376812650245945, -4.030270807112587, -0.12047398856456937
542, -0.021914958953857422, -0.7548902034759521, 2.0041515827178955, 0.023126602172851562, -1.2750884294509888, -0.00931549072265625, 0.9554521179199219, -1.7811136500373133, -5.376818894538415, -4.030269908713466, -0.12046921966373603
543, -0.021929502487182617, -0.7549197673797607, 2.0041515827178955, 0.02315378189086914, -1.2750517129898071, -0.009333610534667969, 0.9554521179199219, -1.78111821825124, -5.376823147008428, -4.030273806503188, -0.12045459433368944
544, -0.021929502487182617, -0.7548902034759521, 2.004159450531006, 0.02314472198486328, -1.274987816810608, -0.009333610534667969, 0.9554521179199219, -1.781122962858296, -5.376824069644694, -4.030272621957153, -0.12046442020869819
545, -0.021914958953857422, -0.7548902034759521, 2.004159450531006, 0.0231173038482666, -1.274987816810608, -0.009351968765258789, 0.9554521179199219, -1.781119820395054, -5.376827980925566, -4.030268361899716, -0.12044489919026091
546, -0.02192211151123047, -0.7548975944519043, 2.004143714904785, 0.023135662078857422, -1.2749332189559937, -0.009351968765258789, 0.9554597473144532, -1.7811248028107518, -5.376830495983222, -4.030271393752904, -0.12043899811166003
547, -0.02192211151123047, -0.7548828125, 2.004159450531006, 0.02315378189086914, -1.2748602628707886, -0.009333610534667969, 0.9554673767089844, -1.781124029694745, -5.3768251279224355, -4.030270194511879, -0.12044418461914397
548, -0.021929502487182617, -0.7548754215240479, 2.0041515827178955, 0.023135662078857422, -1.2746773958206177, -0.00932455062866211, 0.9554521179199219, -1.7811282196223346, -5.376832496168096, -4.030272067466375, -0.12045701502606931
549, -0.02192211151123047, -0.75486820936203, 2.004159450531006, 0.023135662078857422, -1.2745953798294067, -0.00931549072265625, 0.9554521179199219, -1.7811203147827874, -5.376831515718915, -4.030271521216853, -0.1204557568215483
550, -0.021936893463134766, -0.7548238635063171, 2.0041117668151855, 0.023126602172851562, -1.2742937803268433, -0.009333610534667969, 0.9554521179199219, -1.7811241710385595, -5.376833255372854, -4.030277570504142, -0.12045199892837832
551, -0.021936893463134766, -0.7550599575042725, 2.00380802154541, 0.023126602172851562, -1.2736181020736694, -0.00932455062866211, 0.9554597473144532, -1.7812287158373352, -5.376824949603891, -4.030479159288364, -0.12044506041259329
552, -0.021951913833618164, -0.7547576427459717, 2.0023698806762695, 0.023135662078857422, -1.2724586725234985, -0.009306192398071289, 0.9554673767089844, -1.781260269421292, -5.3768233504650835, -4.03056007394469, -0.12043405937682827
553, -0.021951913833618164, -0.7537398338317871, 2.0006442070007324, 0.0231630802154541, -1.2720383405685425, -0.00932455062866211, 0.9554597473144532, -1.7813055168285332, -5.37681072493024, -4.030559856179972, -0.12042393030302811
554, -0.021951913833618164, -0.751903235912323, 1.9977519512176514, 0.023135662078857422, -1.271828293800354, -0.009351968765258789, 0.9554597473144532, -1.7814693899898941, -5.376771694771723, -4.030579568303916, -0.12040238454113439
555, -0.021959304809570312, -0.7514536380767822, 1.9967772960662842, 0.023126602172851562, -1.271509051322937, -0.00932455062866211, 0.9554673767089844, -1.7814818385115394, -5.376778510517197, -4.030564274922235, -0.12041957734973163
556, -0.021951913833618164, -0.7507824897766113, 1.9948598146438599, 0.023135662078857422, -1.2697104215621948, -0.009333610534667969, 0.9554597473144532, -1.7814743558207464, -5.3767834894940725, -4.030539130214125, -0.12042226232689401
557, -0.021944522857666016, -0.7496318817138672, 1.9914323091506958, 0.023126602172851562, -1.2664963006973267, -0.009351968765258789, 0.9554444885253907, -1.7815191183128258, -5.3767955297719165, -4.03056420582834, -0.12042586739496297
558, -0.021951913833618164, -0.7485403418540955, 1.9884202480316162, 0.023135662078857422, -1.2645515203475952, -0.00932455062866211, 0.9554521179199219, -1.7815242201087103, -5.376789453080957, -4.030548539483665, -0.12044056079467502
559, -0.02196645736694336, -0.7466451525688171, 1.9834908246994019, 0.023108243942260742, -1.262816309928894, -0.009333610534667969, 0.9554673767089844, -1.7815178183735751, -5.376792617317722, -4.03052333642093, -0.12050107439836655
560, -0.021951913833618164, -0.7448382377624512, 1.9790006875991821, 0.02314472198486328, -1.2617205381393433, -0.00932455062866211, 0.9554597473144532, -1.781562098813693, -5.376792543148642, -4.030532401310512, -0.12053170313735251
561, -0.021944522857666016, -0.7424635887145996, 1.9730485677719116, 0.0231173038482666, -1.2581597566604614, -0.009333610534667969, 0.9554597473144532, -1.7816040348444577, -5.376779288041696, -4.030497262940693, -0.12056071967851789
562, -0.021944522857666016, -0.7401995658874512, 1.9674878120422363, 0.023126602172851562, -1.2542976140975952, -0.00931549072265625, 0.9554597473144532, -1.78165128859303, -5.376758602973705, -4.0304673081533275, -0.12056164416476811
563, -0.02196645736694336, -0.7378172874450684, 1.9619990587234497, 0.023126602172851562, -1.2515124082565308, -0.00932455062866211, 0.9554597473144532, -1.7817416765702794, -5.376740223865061, -4.03046240537929, -0.12057031287762676
564, -0.021973848342895508, -0.7349927425384521, 1.955487608909607, 0.023135662078857422, -1.246198296546936, -0.009351968765258789, 0.9554750061035157, -1.7818116669337232, -5.3767228029740854, -4.030436505957482, -0.12058490166837466
565, -0.021973848342895508, -0.7326180934906006, 1.9501985311508179, 0.023135662078857422, -1.2420073747634888, -0.009333610534667969, 0.9554673767089844, -1.7818827464545928, -5.376716118535605, -4.030426368489169, -0.1205629872654237
566, -0.02201080322265625, -0.728679895401001, 1.9413303136825562, 0.023126602172851562, -1.2359625101089478, -0.009306192398071289, 0.9554597473144532, -1.7820519205662215, -5.376693234262193, -4.0304283948131605, -0.12050627659143043
567, -0.0220181941986084, -0.7254568934440613, 1.9338440895080566, 0.023126602172851562, -1.2325292825698853, -0.009333610534667969, 0.9554368591308594, -1.7821750750413183, -5.376663628839475, -4.0304108546057344, -0.12046511481158095
568, -0.02201080322265625, -0.720869779586792, 1.922531008720398, 0.02314472198486328, -1.2267767190933228, -0.00934290885925293, 0.9554521179199219, -1.7823691256537164, -5.376611012656293, -4.030414402851578, -0.12041796471413235
569, -0.02201080322265625, -0.7186276912689209, 1.916770577430725, 0.023135662078857422, -1.2243026494979858, -0.00932455062866211, 0.9554597473144532, -1.7824887813096832, -5.376598880432192, -4.030425313366483, -0.12041296751853992
570, -0.02201080322265625, -0.7156188488006592, 1.9086772203445435, 0.023135662078857422, -1.2190250158309937, -0.00932455062866211, 0.9554597473144532, -1.782625690804632, -5.376575822184935, -4.03040947116237, -0.12043501297130543
571, -0.02204751968383789, -0.7125139236450195, 1.90068781375885, 0.023126602172851562, -1.2137655019760132, -0.00934290885925293, 0.9554597473144532, -1.782759130048244, -5.376547424389929, -4.030403069007485, -0.12043680815924773
572, -0.02205514907836914, -0.7093279361724854, 1.8929299116134644, 0.023126602172851562, -1.20832359790802, -0.009333610534667969, 0.9554368591308594, -1.7828933438731709, -5.376527044329798, -4.030408878035726, -0.12044900525184055
573, -0.02206254005432129, -0.7056701183319092, 1.8843252658843994, 0.0231173038482666, -1.2037032842636108, -0.009361028671264648, 0.9554597473144532, -1.7830095480193888, -5.376504555288449, -4.030396857916283, -0.12045100507514661
574, -0.02206254005432129, -0.7020490169525146, 1.8757685422897339, 0.023126602172851562, -1.199311375617981, -0.009333610534667969, 0.9554597473144532, -1.7831480433686826, -5.376471959412207, -4.030393522595437, -0.12047065232483511
575, -0.022077083587646484, -0.6981773376464844, 1.8669641017913818, 0.0231173038482666, -1.1953212022781372, -0.00932455062866211, 0.9554597473144532, -1.783304442991537, -5.376469348035188, -4.030398980647877, -0.12048790617904803
576, -0.02209925651550293, -0.6947627067565918, 1.859094500541687, 0.0231173038482666, -1.190637230873108, -0.00932455062866211, 0.9554292297363282, -1.7834081954179384, -5.376444125087232, -4.030376432888751, -0.12048821759855599
577, -0.02210688591003418, -0.6912891268730164, 1.851104974746704, 0.023126602172851562, -1.1852682828903198, -0.00934290885925293, 0.9554597473144532, -1.7835423881225427, -5.376407144389497, -4.030373932943853, -0.12049563590295698
578, -0.02209186553955078, -0.6868271827697754, 1.8409903049468994, 0.02314472198486328, -1.1785844564437866, -0.009351968765258789, 0.9554597473144532, -1.783728161173339, -5.3763924643325325, -4.0303674946265655, -0.12048277433402443
579, -0.022121429443359375, -0.6834935545921326, 1.8333203792572021, 0.023126602172851562, -1.173671841621399, -0.009306192398071289, 0.9554521179199219, -1.7838395325695051, -5.376383027419585, -4.030358389964281, -0.12048227588729166
580, -0.022121429443359375, -0.6801676750183105, 1.8257464170455933, 0.02314472198486328, -1.1700471639633179, -0.00931549072265625, 0.9554750061035157, -1.7839634483935474, -5.376361076410036, -4.030376846661698, -0.12048353434042003
581, -0.02214336395263672, -0.67637699842453, 1.8167741298675537, 0.023126602172851562, -1.1654361486434937, -0.00934290885925293, 0.9554521179199219, -1.7841207238489933, -5.37634182543299, -4.030391870082818, -0.12047304790899549
582, -0.022136211395263672, -0.6728148460388184, 1.8087607622146606, 0.023135662078857422, -1.1619752645492554, -0.00932455062866211, 0.9554597473144532, -1.784242051871324, -5.376327177186447, -4.030389587675485, -0.12048744263824851
583, -0.02214336395263672, -0.6698722839355469, 1.8017538785934448, 0.0231173038482666, -1.1575742959976196, -0.00934290885925293, 0.9554826354980469, -1.78436197572422, -5.376292039738739, -4.030388180924782, -0.12048562135007934
584, -0.02218770980834961, -0.6658751964569092, 1.7923504114151, 0.023126602172851562, -1.1512011289596558, -0.009333610534667969, 0.9554597473144532, -1.7845354721761415, -5.376265162206408, -4.030398645133029, -0.12047673629631461
585, -0.0222320556640625, -0.6623055934906006, 1.7840412855148315, 0.02314472198486328, -1.1453756093978882, -0.009351968765258789, 0.9554521179199219, -1.784681842613063, -5.376256229091261, -4.030398057387887, -0.12047192917601457
586, -0.022253990173339844, -0.6585516333580017, 1.775860071182251, 0.0231173038482666, -1.1413944959640503, -0.00934290885925293, 0.9554597473144532, -1.7848155781345665, -5.376210210859104, -4.030393682155367, -0.12045161984638497
587, -0.02223944664001465, -0.6525266170501709, 1.7657214403152466, 0.023135662078857422, -1.139029622077942, -0.009361028671264648, 0.9554750061035157, -1.7849796937803721, -5.376158279702965, -4.030365944168158, -0.12045914984737305
588, -0.02223944664001465, -0.6443772315979004, 1.7542245388031006, 0.023108243942260742, -1.1381622552871704, -0.00934290885925293, 0.9554826354980469, -1.7851902393281098, -5.376115612363107, -4.030236961836124, -0.12044839388392159
589, -0.022291183471679688, -0.6360952258110046, 1.7434227466583252, 0.0231173038482666, -1.1364272832870483, -0.009333610534667969, 0.9554750061035157, -1.7853968020831446, -5.376092869165208, -4.030107135017334, -0.1204353562993754
590, -0.022298336029052734, -0.6274592876434326, 1.7324292659759521, 0.0231173038482666, -1.1330307722091675, -0.00934290885925293, 0.9554521179199219, -1.7856097269396967, -5.376082551183264, -4.029974556674902, -0.12042345616231387
591, -0.02231311798095703, -0.6185946464538574, 1.721891164779663, 0.0231173038482666, -1.1301544904708862, -0.00932455062866211, 0.9554444885253907, -1.785739596456887, -5.376018544968183, -4.029849637223069, -0.12044240432206266
592, -0.022357463836669922, -0.6091399192810059, 1.7116566896438599, 0.0231173038482666, -1.1299809217453003, -0.009333610534667969, 0.9554597473144532, -1.7858541729383302, -5.375930619469534, -4.029764416484957, -0.12045159326758981
593, -0.022350072860717773, -0.5979523658752441, 1.700071930885315, 0.023126602172851562, -1.1299899816513062, -0.009333610534667969, 0.9554826354980469, -1.7860068737707433, -5.375982473567675, -4.029698418485656, -0.12046216949489708
594, -0.022305727005004883, -0.5874135494232178, 1.6897814273834229, 0.023099184036254883, -1.1298257112503052, -0.00932455062866211, 0.9554750061035157, -1.7861340558914869, -5.375971434209648, -4.029609963084907, -0.12050769495396363
595, -0.022379398345947266, -0.5753037929534912, 1.6781805753707886, 0.023099184036254883, -1.1295517683029175, -0.00934290885925293, 0.9554597473144532, -1.7862335303782255, -5.3758672804540355, -4.02953246544264, -0.12047342942329653
596, -0.022401809692382812, -0.561593770980835, 1.6650618314743042, 0.023108243942260742, -1.1285291910171509, -0.009351968765258789, 0.9554826354980469, -1.7863951448824258, -5.375913886507328, -4.029480307340536, -0.12042915025049705
597, -0.022387027740478516, -0.5528473854064941, 1.656225562095642, 0.0231173038482666, -1.1261643171310425, -0.009361028671264648, 0.9554902648925782, -1.786501658784125, -5.375930500206837, -4.029459920812416, -0.12043209460698101
598, -0.022394418716430664, -0.5414309501647949, 1.6443132162094116, 0.0231173038482666, -1.1222196817398071, -0.00932455062866211, 0.9554597473144532, -1.7866121978875795, -5.3758322624814125, -4.029461045825171, -0.12042304098007861
599, -0.022416353225708008, -0.5313050746917725, 1.6335035562515259, 0.0231173038482666, -1.1201835870742798, -0.00934290885925293, 0.9554597473144532, -1.7867566394547678, -5.375822973820951, -4.029465029123947, -0.12039399356301672
600, -0.022512435913085938, -0.5209949016571045, 1.622413992881775, 0.023108243942260742, -1.119425892829895, -0.009333610534667969, 0.9554673767089844, -1.786939981397932, -5.375857010798285, -4.029459686725607, -0.12036743151062446
601, -0.02249002456665039, -0.5107734203338623, 1.611124873161316, 0.0231173038482666, -1.1178733110427856, -0.00932455062866211, 0.9554521179199219, -1.7871496602592687, -5.375821817208399, -4.029489631646019, -0.1203904116943475
602, -0.02250504493713379, -0.49906229972839355, 1.5981420278549194, 0.023126602172851562, -1.1157277822494507, -0.00934290885925293, 0.9554673767089844, -1.7873756263363156, -5.37577331830438, -4.029467349424236, -0.1204493179628745
603, -0.022600650787353516, -0.4885528087615967, 1.5864932537078857, 0.023108243942260742, -1.1144496202468872, -0.009351968765258789, 0.9554750061035157, -1.7876437187859413, -5.375762155615, -4.029425538377803, -0.12043481284874602
604, -0.02263021469116211, -0.47608184814453125, 1.5728312730789185, 0.023108243942260742, -1.1120387315750122, -0.009361028671264648, 0.9554750061035157, -1.787979163048054, -5.375740792157553, -4.0293765774589225, -0.1204798073472233
605, -0.02263021469116211, -0.4665975570678711, 1.5617339611053467, 0.023108243942260742, -1.1093450784683228, -0.009351968765258789, 0.9554597473144532, -1.7882672644218722, -5.375647811511815, -4.029313327467725, -0.12052086862281097
606, -0.022660017013549805, -0.45922303199768066, 1.5523144006729126, 0.0231173038482666, -1.1046520471572876, -0.00931549072265625, 0.9554444885253907, -1.7885438443648134, -5.3755825337092915, -4.029360389388112, -0.12054039469408995
607, -0.022644996643066406, -0.45360302925109863, 1.5442289113998413, 0.023089885711669922, -1.1015657186508179, -0.009351968765258789, 0.9554521179199219, -1.7888120383762436, -5.375595548797499, -4.029547929732969, -0.12058721400512251
608, -0.022644996643066406, -0.44783616065979004, 1.5350970029830933, 0.023099184036254883, -1.0978771448135376, -0.00929713249206543, 0.9554444885253907, -1.7890565079305651, -5.375553334727275, -4.029787685281884, -0.12062737861449158
609, -0.022674560546875, -0.44265127182006836, 1.5263245105743408, 0.023089885711669922, -1.093119740486145, -0.00934290885925293, 0.9554826354980469, -1.789325951195566, -5.375479666450246, -4.030037378338361, -0.1206155562886817
610, -0.022660017013549805, -0.4386320114135742, 1.5187665224075317, 0.023089885711669922, -1.088645577430725, -0.009351968765258789, 0.9554597473144532, -1.7896064735496973, -5.375456753734393, -4.030283839909864, -0.12061091446732064
611, -0.02266716957092285, -0.43430304527282715, 1.5102417469024658, 0.023089885711669922, -1.0832585096359253, -0.009351968765258789, 0.9554444885253907, -1.7899364641892277, -5.375429928895427, -4.030553772996672, -0.12061050921180616
612, -0.022703886032104492, -0.42890453338623047, 1.5008221864700317, 0.023099184036254883, -1.0792502164840698, -0.00937032699584961, 0.9554750061035157, -1.7902919585206447, -5.375359946347115, -4.030820239336241, -0.12057423168085002
613, -0.02271127700805664, -0.42294570803642273, 1.491122841835022, 0.023089885711669922, -1.0751501321792603, -0.00937032699584961, 0.9554597473144532, -1.7906350506091815, -5.375289084960257, -4.031018962097354, -0.12052981788704464
614, -0.022689342498779297, -0.41714879870414734, 1.4826780557632446, 0.023089885711669922, -1.0729955434799194, -0.009361028671264648, 0.9554902648925782, -1.790912700317048, -5.375254898532737, -4.031122087906346, -0.12051604738950239
615, -0.022696495056152344, -0.4105043113231659, 1.4731066226959229, 0.023108243942260742, -1.068968653678894, -0.00937032699584961, 0.9554673767089844, -1.7911711256734786, -5.375248070904969, -4.031201904672509, -0.12054770702595707
616, -0.02275562286376953, -0.4038374423980713, 1.4637987613677979, 0.023080825805664062, -1.0641659498214722, -0.009388446807861328, 0.9554826354980469, -1.7913556538927606, -5.375191810657048, -4.031199940106209, -0.12056849713972007
617, -0.022925138473510742, -0.3967280089855194, 1.4533884525299072, 0.023080825805664062, -1.0575004816055298, -0.00934290885925293, 0.9554444885253907, -1.7915152079623102, -5.375130997436485, -4.0311691753503744, -0.12056433580350312
618, -0.02293252944946289, -0.39191198348999023, 1.44642174243927, 0.023089885711669922, -1.0533641576766968, -0.009361028671264648, 0.9554673767089844, -1.791605711401072, -5.3751437785368745, -4.0311458434652785, -0.12062467367515417
619, -0.02294015884399414, -0.38625550270080566, 1.4381765127182007, 0.023089885711669922, -1.048972249031067, -0.009351968765258789, 0.9554368591308594, -1.7916762103546255, -5.375151112030658, -4.03110148142361, -0.12066684789111992
620, -0.02293252944946289, -0.3814837634563446, 1.4310978651046753, 0.023089885711669922, -1.0460776090621948, -0.00934290885925293, 0.9554521179199219, -1.7917145098534912, -5.37512646467501, -4.031053272228748, -0.12067913565463506
621, -0.02294015884399414, -0.37556931376457214, 1.4215424060821533, 0.023080825805664062, -1.0418411493301392, -0.009361028671264648, 0.9554750061035157, -1.7917500039274388, -5.375107086185021, -4.031032865761603, -0.1207079900905299
622, -0.02293252944946289, -0.3697357177734375, 1.4119950532913208, 0.023099184036254883, -1.0381795167922974, -0.009397745132446289, 0.9554826354980469, -1.7917666062852444, -5.3751211498576374, -4.031048635753645, -0.12070731354864606
623, -0.022954940795898438, -0.3636586666107178, 1.4017764329910278, 0.023080825805664062, -1.0317515134811401, -0.00937032699584961, 0.9554673767089844, -1.7917654232214815, -5.3751381809879595, -4.031051542381278, -0.12064567279333005
624, -0.022991418838500977, -0.3576040267944336, 1.3916457891464233, 0.023108243942260742, -1.0256520509719849, -0.009406805038452148, 0.9554826354980469, -1.7917813951357355, -5.375165031678619, -4.031041889201049, -0.12058754414929851
625, -0.023087501525878906, -0.35129114985466003, 1.3808280229568481, 0.023099184036254883, -1.0191234350204468, -0.00934290885925293, 0.9554597473144532, -1.791816266031921, -5.3751857396916956, -4.03102153000148, -0.120500342156177
626, -0.02310967445373535, -0.3424188792705536, 1.3663190603256226, 0.023126602172851562, -1.0124579668045044, -0.009388446807861328, 0.9554521179199219, -1.7918554319692777, -5.375186920040168, -4.030925384996342, -0.12042397123708604
627, -0.02310967445373535, -0.3352801501750946, 1.354910135269165, 0.023071765899658203, -1.0084861516952515, -0.00941610336303711, 0.9554750061035157, -1.7918798904223965, -5.375198228603363, -4.030783482370253, -0.12040647418620498
628, -0.02310967445373535, -0.32921814918518066, 1.3449952602386475, 0.023099184036254883, -1.0042675733566284, -0.009425163269042969, 0.9554673767089844, -1.791910632267915, -5.375210697732307, -4.0306492761981065, -0.12041786548254763
629, -0.023183345794677734, -0.32094335556030273, 1.3315808773040771, 0.023080825805664062, -0.9974194765090942, -0.009406805038452148, 0.9554826354980469, -1.7919526631871465, -5.375184320448949, -4.030415462436722, -0.12043470440868465
630, -0.023242473602294922, -0.31477808952331543, 1.321346402168274, 0.023080825805664062, -0.9915300607681274, -0.009397745132446289, 0.9554521179199219, -1.7919855136512224, -5.375164819475229, -4.030230554621351, -0.1204448902566293
631, -0.02319812774658203, -0.30619335174560547, 1.3079320192337036, 0.023071765899658203, -0.9851659536361694, -0.009379386901855469, 0.9554673767089844, -1.7920147077425377, -5.3751760323610105, -4.029943974012314, -0.12051553078193766
632, -0.023308753967285156, -0.2973363399505615, 1.2944457530975342, 0.023071765899658203, -0.979751467704773, -0.009388446807861328, 0.9554750061035157, -1.7920445061598702, -5.375190047951321, -4.029621703516759, -0.12049573474673281
633, -0.0233457088470459, -0.2884495258331299, 1.2806957960128784, 0.023080825805664062, -0.9749394655227661, -0.00941610336303711, 0.9554978942871094, -1.7920700618137724, -5.375204597912933, -4.029274785268118, -0.1204732189791935
634, -0.023316144943237305, -0.2808828353881836, 1.2685519456863403, 0.023080825805664062, -0.968575119972229, -0.00941610336303711, 0.9554521179199219, -1.792064951364054, -5.375232066841279, -4.028968458204459, -0.12047323823616551
635, -0.02332329750061035, -0.2743189334869385, 1.2580057382583618, 0.023071765899658203, -0.9629870653152466, -0.00941610336303711, 0.9554750061035157, -1.7920371787204246, -5.375250561905866, -4.028710859617297, -0.12042838762842933
636, -0.02333831787109375, -0.26551342010498047, 1.2438164949417114, 0.023071765899658203, -0.9556275606155396, -0.009434223175048828, 0.9554444885253907, -1.7919987210295643, -5.375264599691194, -4.028390735382079, -0.12036685385999579
637, -0.02337503433227539, -0.2592005729675293, 1.2341971397399902, 0.023071765899658203, -0.9520117044448853, -0.009425163269042969, 0.9554673767089844, -1.7919791108331315, -5.375270579776487, -4.028152163581439, -0.12033020329101785
638, -0.023360252380371094, -0.252932071685791, 1.2249531745910645, 0.023080825805664062, -0.9500304460525513, -0.009434223175048828, 0.9554826354980469, -1.7919548028876666, -5.375297112557859, -4.027882994042882, -0.12030988808085041
639, -0.023360252380371094, -0.24645686149597168, 1.2155416011810303, 0.023080825805664062, -0.946414589881897, -0.009443283081054688, 0.9554750061035157, -1.7919451512011033, -5.37531678512943, -4.027575800019432, -0.12029900434976959
640, -0.023433923721313477, -0.24026179313659668, 1.2064495086669922, 0.023080825805664062, -0.9415935277938843, -0.009461641311645508, 0.9554750061035157, -1.791947609516847, -5.375309528953562, -4.027301470887604, -0.12024818477337185
641, -0.023448944091796875, -0.23568199574947357, 1.19989013671875, 0.023062467575073242, -0.9395118951797485, -0.009425163269042969, 0.9554444885253907, -1.7919585417543091, -5.375303197890166, -4.027089543708481, -0.12025853294269773
642, -0.023463726043701172, -0.23304913938045502, 1.1975972652435303, 0.023089885711669922, -0.9393473863601685, -0.009452581405639648, 0.9554673767089844, -1.7919161781225892, -5.3753168504031485, -4.026903536369504, -0.12025661535329935
643, -0.023463726043701172, -0.23209786415100098, 1.1975972652435303, 0.023080825805664062, -0.9390734434127808, -0.009434223175048828, 0.9554750061035157, -1.7918869616761608, -5.375338147446019, -4.02678165177155, -0.12028018325235745
644, -0.02341938018798828, -0.2304089069366455, 1.1967504024505615, 0.023071765899658203, -0.9387174844741821, -0.009470701217651367, 0.9554750061035157, -1.79189942740323, -5.375346613242042, -4.0266270290774555, -0.12029765519695346
645, -0.02347087860107422, -0.22861695289611816, 1.1951844692230225, 0.023071765899658203, -0.9386078119277954, -0.009434223175048828, 0.9554597473144532, -1.7919508310395529, -5.375316504267434, -4.026505891127175, -0.1202371646357987
646, -0.023441553115844727, -0.22636747360229492, 1.1928913593292236, 0.023062467575073242, -0.9384981393814087, -0.009452581405639648, 0.9554597473144532, -1.7920464072039217, -5.375310416667323, -4.026387896957143, -0.12027525968792308
647, -0.02342677116394043, -0.2245163768529892, 1.1908540725708008, 0.023080825805664062, -0.9383796453475952, -0.009452581405639648, 0.9554750061035157, -1.79213074682338, -5.37531425467501, -4.026343434631484, -0.12028473741058932
648, -0.023522615432739258, -0.22231125831604004, 1.1887130737304688, 0.023080825805664062, -0.9381877183914185, -0.009434223175048828, 0.9554673767089844, -1.7922165561047074, -5.375303500040111, -4.026304482169024, -0.12024295898659343
649, -0.023522615432739258, -0.2202463001012802, 1.1868114471435547, 0.023062467575073242, -0.9378043413162231, -0.009452581405639648, 0.9554597473144532, -1.7922724011265585, -5.37531210976373, -4.026289070634661, -0.120217674159532
650, -0.023448944091796875, -0.2183065414428711, 1.1849899291992188, 0.023071765899658203, -0.9361697435379028, -0.009443283081054688, 0.9554597473144532, -1.7923153000610097, -5.375334923420387, -4.026287406732244, -0.12024574487311668
651, -0.02347087860107422, -0.21672844886779785, 1.18339204788208, 0.023080825805664062, -0.9348639249801636, -0.009452581405639648, 0.9554826354980469, -1.7923387204477812, -5.375338607970619, -4.026298298558936, -0.12028429334625024
652, -0.023448944091796875, -0.2156515121459961, 1.1823453903198242, 0.023062467575073242, -0.9347728490829468, -0.009434223175048828, 0.9554750061035157, -1.7923497576415712, -5.375322694864314, -4.026336650018119, -0.12030159697067155
653, -0.023493289947509766, -0.21444225311279297, 1.1814744472503662, 0.023071765899658203, -0.9346450567245483, -0.009443283081054688, 0.9554826354980469, -1.7923558089813858, -5.375320618618876, -4.026397993637365, -0.12024359986976307
654, -0.023463726043701172, -0.21374154090881348, 1.1810269355773926, 0.023071765899658203, -0.9345992803573608, -0.009452581405639648, 0.9554750061035157, -1.792365016084801, -5.375352686019225, -4.026456096792273, -0.12024537934532109
655, -0.02341938018798828, -0.21312212944030762, 1.1807713508605957, 0.023062467575073242, -0.9345718622207642, -0.009452581405639648, 0.9554673767089844, -1.792368840341743, -5.375388051027781, -4.026531535717712, -0.12024012396423078
656, -0.02347087860107422, -0.2122962474822998, 1.1801800727844238, 0.023071765899658203, -0.9345079660415649, -0.009434223175048828, 0.9554521179199219, -1.7923521315250368, -5.37541089514624, -4.026645983710774, -0.12012222234020964
657, -0.023448944091796875, -0.21181653439998627, 1.179804801940918, 0.023071765899658203, -0.9344989061355591, -0.00941610336303711, 0.9554673767089844, -1.7923471851029606, -5.375443266862666, -4.0266927959581995, -0.12011228675460917
658, -0.023411989212036133, -0.2110426425933838, 1.1792213916778564, 0.023080825805664062, -0.9344350099563599, -0.009470701217651367, 0.9554750061035157, -1.7923357806288687, -5.375481975903608, -4.0267525805652, -0.1201157118815237
659, -0.023411989212036133, -0.21064400672912598, 1.1789019107818604, 0.023062467575073242, -0.9344440698623657, -0.009434223175048828, 0.9554750061035157, -1.7923338722197601, -5.375490918320442, -4.0267932886784665, -0.12012275287603114
660, -0.02339005470275879, -0.21015000343322754, 1.1785502433776855, 0.023080825805664062, -0.934416651725769, -0.009461641311645508, 0.9554597473144532, -1.7923311960590365, -5.375501878219709, -4.0268465428746945, -0.12016291863728856
661, -0.023411989212036133, -0.2097151279449463, 1.1781747341156006, 0.023062467575073242, -0.9343711137771606, -0.009443283081054688, 0.9554597473144532, -1.792335227814544, -5.375529262994954, -4.02690731504731, -0.12017796835396055
662, -0.023367643356323242, -0.20932412147521973, 1.177943229675293, 0.023062467575073242, -0.9343711137771606, -0.009452581405639648, 0.9554673767089844, -1.7923427358255517, -5.375562269567271, -4.0269806853257135, -0.12023682649643064
663, -0.023367643356323242, -0.20900700986385345, 1.1777033805847168, 0.023071765899658203, -0.9343253374099731, -0.009452581405639648, 0.9554750061035157, -1.7923500248851254, -5.375584245030385, -4.027021568830633, -0.12026210649226332
664, -0.023360252380371094, -0.20865321159362793, 1.1774556636810303, 0.023071765899658203, -0.9342430830001831, -0.009434223175048828, 0.9554597473144532, -1.7923514584620195, -5.375610159787196, -4.027048876966605, -0.12027814993442831
665, -0.023257017135620117, -0.2081734985113144, 1.1772480010986328, 0.023071765899658203, -0.9342066049575806, -0.009470701217651367, 0.9554826354980469, -1.792334089982441, -5.375660340089209, -4.027085839870805, -0.12031358090488631
666, -0.023242473602294922, -0.20804095268249512, 1.1771361827850342, 0.023089885711669922, -0.9342249631881714, -0.009461641311645508, 0.9554826354980469, -1.7923257318212549, -5.375672157471469, -4.027098744354696, -0.12031138050020829
667, -0.02320551872253418, -0.20787882804870605, 1.1770403385162354, 0.023071765899658203, -0.9342066049575806, -0.009470701217651367, 0.9554673767089844, -1.7923068897715078, -5.37570249453158, -4.027117041324867, -0.12033873219937341
668, -0.023183345794677734, -0.20776057243347168, 1.176992416381836, 0.023062467575073242, -0.9341975450515747, -0.009443283081054688, 0.9554750061035157, -1.79229426751898, -5.375732519436887, -4.027126306690383, -0.12031969556870958
669, -0.02315378189086914, -0.207672119140625, 1.1769204139709473, 0.023080825805664062, -0.9341520071029663, -0.009434223175048828, 0.9554750061035157, -1.7922844568354235, -5.3757641357663815, -4.027125015550162, -0.12030057077796741
670, -0.02310967445373535, -0.20758342742919922, 1.176856517791748, 0.023071765899658203, -0.9341610670089722, -0.009443283081054688, 0.9554750061035157, -1.7922827011692815, -5.375784282923482, -4.02712539411546, -0.12026594798584433
671, -0.023065567016601562, -0.20739197731018066, 1.176776647567749, 0.023089885711669922, -0.9341336488723755, -0.009479999542236328, 0.9554902648925782, -1.7922840349729856, -5.375818157230975, -4.027118090183095, -0.12024414738952327
672, -0.023035764694213867, -0.20726656913757324, 1.1767606735229492, 0.023062467575073242, -0.9341336488723755, -0.009452581405639648, 0.9554750061035157, -1.7922860786454564, -5.375838713065571, -4.027115186511896, -0.1202116377123863
673, -0.02297687530517578, -0.20711898803710938, 1.176736831665039, 0.023071765899658203, -0.9341062307357788, -0.009470701217651367, 0.9554673767089844, -1.792288094498713, -5.375860257107893, -4.027105114605283, -0.12022108438452594
674, -0.022954940795898438, -0.2070157378911972, 1.1767206192016602, 0.023080825805664062, -0.9341062307357788, -0.009443283081054688, 0.9554597473144532, -1.7922918349813226, -5.375875001779198, -4.027102079964262, -0.12022293741244816
675, -0.02293252944946289, -0.20685338973999023, 1.1766648292541504, 0.023080825805664062, -0.9341155290603638, -0.009461641311645508, 0.9554750061035157, -1.7922920332915884, -5.375887488246786, -4.027097506225792, -0.12023682257554658
676, -0.02289581298828125, -0.20675015449523926, 1.1766247749328613, 0.023062467575073242, -0.9340881109237671, -0.009479999542236328, 0.9554750061035157, -1.7922934518056182, -5.375903726726155, -4.027101400888669, -0.12025551122059941
677, -0.02289581298828125, -0.20668385922908783, 1.176616907119751, 0.023071765899658203, -0.9340788125991821, -0.009434223175048828, 0.9554750061035157, -1.7922959806829226, -5.37592382439753, -4.027108740418827, -0.12027720349117921
678, -0.0228884220123291, -0.20658063888549805, 1.176576852798462, 0.023062467575073242, -0.9340606927871704, -0.009470701217651367, 0.9554673767089844, -1.7923044989352999, -5.37594975855515, -4.027116918379273, -0.12028939951917561
679, -0.022844314575195312, -0.20651410520076752, 1.1765289306640625, 0.023053407669067383, -0.9340423345565796, -0.009461641311645508, 0.9554673767089844, -1.7922917755155918, -5.375891126023085, -4.027092938692723, -0.12029248632382394
680, -0.02280712127685547, -0.20645523071289062, 1.1764569282531738, 0.023080825805664062, -0.9340330362319946, -0.009479999542236328, 0.9554597473144532, -1.7922955583240947, -5.375909649642894, -4.027105452726096, -0.12026773754636455
681, -0.022785186767578125, -0.20641088485717773, 1.1764171123504639, 0.023053407669067383, -0.9340330362319946, -0.009443283081054688, 0.9554750061035157, -1.7923056814955267, -5.375938884358635, -4.027109237144956, -0.12024821755858994
682, -0.022770166397094727, -0.20638155937194824, 1.176377296447754, 0.023071765899658203, -0.9340423345565796, -0.009443283081054688, 0.9554750061035157, -1.7922949824325785, -5.375909902057758, -4.027092425087078, -0.12023808886393006
683, -0.022770166397094727, -0.20633721351623535, 1.1763372421264648, 0.023080825805664062, -0.9340239763259888, -0.009443283081054688, 0.9554750061035157, -1.7923083656944714, -5.375930803399795, -4.027101431320084, -0.12021753507646249
684, -0.022748231887817383, -0.2063150256872177, 1.1763052940368652, 0.023071765899658203, -0.9340149164199829, -0.009452581405639648, 0.9554750061035157, -1.7923160376789187, -5.375944588199878, -4.0271030738519045, -0.12023201467433164
685, -0.022740840911865234, -0.20626354217529297, 1.1762573719024658, 0.023080825805664062, -0.9339874982833862, -0.009479999542236328, 0.9554750061035157, -1.7923215183580894, -5.375929798337835, -4.027096502265843, -0.12027164328977769
686, -0.022733688354492188, -0.20623397827148438, 1.1762492656707764, 0.023062467575073242, -0.9339600801467896, -0.009452581405639648, 0.9554826354980469, -1.7923323453893616, -5.375966637454605, -4.027106037299761, -0.12028617412065934
687, -0.022748231887817383, -0.20621943473815918, 1.1762254238128662, 0.023071765899658203, -0.9339874982833862, -0.009452581405639648, 0.9554902648925782, -1.7923304853262807, -5.375975481408117, -4.027101780400891, -0.12031261064124532
688, -0.022740840911865234, -0.20616768300533295, 1.1762173175811768, 0.023071765899658203, -0.9339600801467896, -0.009452581405639648, 0.9554750061035157, -1.79233255686372, -5.375959592060096, -4.027093793824305, -0.12032532727962852
689, -0.02272629737854004, -0.20612335205078125, 1.176121473312378, 0.023071765899658203, -0.9339691400527954, -0.009470701217651367, 0.9554597473144532, -1.7923492737655435, -5.37598459273666, -4.027099966504742, -0.12033219174593235
690, -0.022696495056152344, -0.20604228973388672, 1.1760735511779785, 0.023071765899658203, -0.9339510202407837, -0.009461641311645508, 0.9554902648925782, -1.792353542757457, -5.375995574666843, -4.027097112352003, -0.12033967270956314
691, -0.022674560546875, -0.2059907764196396, 1.176041603088379, 0.023062467575073242, -0.9339419603347778, -0.009470701217651367, 0.9554750061035157, -1.7923629312495564, -5.375984399618065, -4.027097912120376, -0.12032500827917847
692, -0.022637605667114258, -0.20589470863342285, 1.1759617328643799, 0.023071765899658203, -0.9339419603347778, -0.009479999542236328, 0.9554673767089844, -1.792367055175875, -5.376008771618077, -4.027102233082295, -0.12029625183190529
693, -0.02263021469116211, -0.20586514472961426, 1.1759297847747803, 0.023071765899658203, -0.933923602104187, -0.009470701217651367, 0.9554750061035157, -1.792367449947562, -5.3760112701681635, -4.0270950140941295, -0.1202810227039377
694, -0.022615671157836914, -0.20580625534057617, 1.1758897304534912, 0.023099184036254883, -0.9339054822921753, -0.009470701217651367, 0.9554750061035157, -1.7923778111322577, -5.376000820185333, -4.027094340397082, -0.12027870222705239
695, -0.022637605667114258, -0.2056734561920166, 1.1757299900054932, 0.023062467575073242, -0.9338961839675903, -0.009470701217651367, 0.9554826354980469, -1.7923839710432605, -5.376022993492371, -4.027103157735342, -0.12027491766656606
696, -0.02263021469116211, -0.20559978485107422, 1.1756820678710938, 0.023071765899658203, -0.9338871240615845, -0.009461641311645508, 0.9554826354980469, -1.7923732991785966, -5.376015489803751, -4.027095202551143, -0.120301822460811
697, -0.02263021469116211, -0.20556282997131348, 1.1756582260131836, 0.023080825805664062, -0.9338961839675903, -0.009479999542236328, 0.9554750061035157, -1.792386045389826, -5.376008201074047, -4.027096563652948, -0.12030241745444226
698, -0.022615671157836914, -0.20545220375061035, 1.1755623817443848, 0.023071765899658203, -0.9338506460189819, -0.009479999542236328, 0.9554673767089844, -1.7923898479105764, -5.376034365575353, -4.027102519309875, -0.12030540702643666
699, -0.022615671157836914, -0.205430269241333, 1.1755461692810059, 0.023080825805664062, -0.9338871240615845, -0.009489059448242188, 0.9554673767089844, -1.792378626391018, -5.3760396116626605, -4.027093694714545, -0.12033948811743667
700, -0.022600650787353516, -0.2054152488708496, 1.175530195236206, 0.023071765899658203, -0.9338597059249878, -0.009489059448242188, 0.9554826354980469, -1.792387348970219, -5.3760429095617654, -4.027095681527043, -0.12032432511501678
701, -0.022563934326171875, -0.20537090301513672, 1.1754982471466064, 0.023071765899658203, -0.9338141679763794, -0.009498119354248047, 0.9554902648925782, -1.7924062240446383, -5.376065458651307, -4.027102352934774, -0.12034085660112304
702, -0.022526979446411133, -0.20534896850585938, 1.1754584312438965, 0.023071765899658203, -0.9337958097457886, -0.009470701217651367, 0.9554750061035157, -1.7923943368533837, -5.376068265963077, -4.027088524465143, -0.12033608975766175
703, -0.02249765396118164, -0.20534157752990723, 1.1754264831542969, 0.023089885711669922, -0.9338141679763794, -0.009470701217651367, 0.9554597473144532, -1.7923957423065455, -5.376079859364553, -4.027091487127681, -0.12034627793640151
704, -0.022475242614746094, -0.20534157752990723, 1.175410270690918, 0.023053407669067383, -0.9337867498397827, -0.009443283081054688, 0.9554826354980469, -1.7924039221160748, -5.376097609998645, -4.0270956691893005, -0.12035390764565257
705, -0.022468090057373047, -0.20531964302062988, 1.1753864288330078, 0.023071765899658203, -0.9337774515151978, -0.009479999542236328, 0.9554826354980469, -1.7923964566585937, -5.376096282820982, -4.027086130346111, -0.1203731827292831
706, -0.022468090057373047, -0.20529721677303314, 1.175370454788208, 0.023071765899658203, -0.933759331703186, -0.009452581405639648, 0.9554902648925782, -1.7924025756561308, -5.376107906494591, -4.027090202941861, -0.1203765590437671
707, -0.02245330810546875, -0.20525312423706055, 1.1753625869750977, 0.023071765899658203, -0.9337774515151978, -0.009443283081054688, 0.9554597473144532, -1.7924049360505137, -5.376121875812895, -4.027095198899706, -0.12039655555490203
708, -0.022438764572143555, -0.2052457183599472, 1.1753463745117188, 0.023080825805664062, -0.9337409734725952, -0.009461641311645508, 0.9554673767089844, -1.7924004077422786, -5.376117908013473, -4.027091323688949, -0.12040408857828311
709, -0.022431135177612305, -0.2052309513092041, 1.1753463745117188, 0.023071765899658203, -0.9337226152420044, -0.009461641311645508, 0.9554673767089844, -1.7923999923587242, -5.376136734704957, -4.027091318586653, -0.1203983400000821
710, -0.02240896224975586, -0.2052163928747177, 1.175330638885498, 0.023080825805664062, -0.9337135553359985, -0.009489059448242188, 0.9554750061035157, -1.7924096458323264, -5.376145959257011, -4.027095190940792, -0.1203705135015305
711, -0.022416353225708008, -0.20517945289611816, 1.1753065586090088, 0.023071765899658203, -0.9337226152420044, -0.009461641311645508, 0.9554978942871094, -1.7924155769157917, -5.376139531744065, -4.027089535772644, -0.12033586000446128
712, -0.022394418716430664, -0.20516467094421387, 1.1752586364746094, 0.023071765899658203, -0.933677077293396, -0.009479999542236328, 0.9554826354980469, -1.7924291535076553, -5.376147606415813, -4.027093740368405, -0.12032176880156342
713, -0.022387027740478516, -0.20514249801635742, 1.1752426624298096, 0.023062467575073242, -0.933677077293396, -0.009470701217651367, 0.9554673767089844, -1.7924393909594316, -5.376153533529029, -4.02710019858509, -0.1202956595506679
714, -0.02236461639404297, -0.20512771606445312, 1.17521071434021, 0.023071765899658203, -0.9336496591567993, -0.009470701217651367, 0.9554826354980469, -1.792440089472314, -5.376154203563379, -4.027095780109249, -0.12028475792254234
715, -0.02236461639404297, -0.20511317253112793, 1.1752185821533203, 0.023080825805664062, -0.9336405992507935, -0.009489059448242188, 0.9554826354980469, -1.7924406815379585, -5.376155557743455, -4.027099980153138, -0.12027536609192868
716, -0.022379398345947266, -0.20506882667541504, 1.1751947402954102, 0.023053407669067383, -0.9336405992507935, -0.009461641311645508, 0.9554750061035157, -1.7924502540196605, -5.3761635262433485, -4.027103914181006, -0.12028663215254287
717, -0.022372007369995117, -0.2050466537475586, 1.1751708984375, 0.023071765899658203, -0.9336222410202026, -0.009470701217651367, 0.9554826354980469, -1.792448296004742, -5.376156196486763, -4.0271031530970065, -0.12029249973315981
718, -0.022379398345947266, -0.20503902435302734, 1.175154685974121, 0.023080825805664062, -0.9336131811141968, -0.009479999542236328, 0.9554902648925782, -1.792447274225451, -5.3761633401972375, -4.027098455525229, -0.12028043841336711
719, -0.022372007369995117, -0.20498013496398926, 1.1750988960266113, 0.023080825805664062, -0.9335950613021851, -0.009489059448242188, 0.9554826354980469, -1.7924568254530016, -5.376173107294748, -4.027101568899826, -0.12027898095117617
720, -0.02236461639404297, -0.20493602752685547, 1.1750669479370117, 0.023080825805664062, -0.9335676431655884, -0.009489059448242188, 0.9554826354980469, -1.7924664916520494, -5.376176435631185, -4.027099739785051, -0.12029685860219619
721, -0.022372007369995117, -0.20486211776733398, 1.1750030517578125, 0.023071765899658203, -0.9334853887557983, -0.009489059448242188, 0.9554826354980469, -1.7924678519789412, -5.376187226905049, -4.027099202095529, -0.12028050616664832
722, -0.022372007369995117, -0.20486950874328613, 1.174994945526123, 0.023071765899658203, -0.9334760904312134, -0.009479999542236328, 0.9554826354980469, -1.7924697294165877, -5.376189701280282, -4.027100425415857, -0.12026807987235788
723, -0.022357463836669922, -0.20482540130615234, 1.174954891204834, 0.023080825805664062, -0.9334396123886108, -0.009498119354248047, 0.9554750061035157, -1.7924530698244916, -5.376192986899604, -4.0270961647609305, -0.12026891231786863
724, -0.02236461639404297, -0.20478129386901855, 1.1749391555786133, 0.023089885711669922, -0.9333666563034058, -0.009461641311645508, 0.9554750061035157, -1.792450011248316, -5.376191489375641, -4.027096008651733, -0.12027790279748451
725, -0.022357463836669922, -0.20475149154663086, 1.174915075302124, 0.023071765899658203, -0.9333301782608032, -0.009489059448242188, 0.9554750061035157, -1.792449739117459, -5.376197397466786, -4.027095285265135, -0.12027311337055124
726, -0.022357463836669922, -0.20475149154663086, 1.1748909950256348, 0.023053407669067383, -0.9333118200302124, -0.009470701217651367, 0.9554978942871094, -1.7924322822789573, -5.376201916823473, -4.027091243216246, -0.12026855477582998
727, -0.02236461639404297, -0.20473694801330566, 1.1748671531677246, 0.023089885711669922, -0.933266282081604, -0.009498119354248047, 0.9554826354980469, -1.7924322171820866, -5.376214350270019, -4.027091149852396, -0.12025621001643572
728, -0.02236461639404297, -0.20471477508544922, 1.1748590469360352, 0.023071765899658203, -0.9332572221755981, -0.009498119354248047, 0.9554673767089844, -1.7924427537658263, -5.3762105226845645, -4.027092527182105, -0.12024760628212938
729, -0.022387027740478516, -0.20471477508544922, 1.1748433113098145, 0.023071765899658203, -0.9332114458084106, -0.009489059448242188, 0.9554826354980469, -1.7924423191201593, -5.376215688013549, -4.027093966536067, -0.12023645949684347
730, -0.022379398345947266, -0.20470762252807617, 1.1748192310333252, 0.023071765899658203, -0.9331656694412231, -0.009507179260253906, 0.9554444885253907, -1.7924447352117614, -5.376213256477626, -4.027096285921622, -0.12023327655137894
731, -0.022372007369995117, -0.20469999313354492, 1.1748113632202148, 0.023080825805664062, -0.9332023859024048, -0.009507179260253906, 0.9513759613037109, -1.7924398605617031, -5.376209012411963, -4.027087484488915, -0.12023482298721344
732, -0.022372007369995117, -0.20469999313354492, 1.1747872829437256, 0.023071765899658203, -0.9330013990402222, -0.009507179260253906, 0.938834457397461, -1.7924409736388005, -5.376199539707023, -4.0270870471726905, -0.12019423581524169
733, -0.022379398345947266, -0.20468521118164062, 1.1746594905853271, 0.023080825805664062, -0.9322618246078491, -0.009489059448242188, 0.9100189208984375, -1.7924484728479393, -5.3762047800350405, -4.02708984024773, -0.12018774404022192
734, -0.022379398345947266, -0.20467066764831543, 1.1746594905853271, 0.023062467575073242, -0.932353138923645, -0.009516477584838867, 0.9078816223144531, -1.7924511673333798, -5.37620371767125, -4.027086667680693, -0.12017448530649677
735, -0.022379398345947266, -0.20465588569641113, 1.174675464630127, 0.023080825805664062, -0.9319604635238647, -0.009489059448242188, 0.9047443389892578, -1.7924422852414839, -5.376214407368616, -4.027087223083371, -0.12019397578219504
736, -0.022387027740478516, -0.2046189159154892, 1.1746673583984375, 0.023071765899658203, -0.9317229986190796, -0.009507179260253906, 0.8900273895263672, -1.7924590503104503, -5.376226918446029, -4.02709065852809, -0.12022087339300658
737, -0.02236461639404297, -0.2045893669128418, 1.1746673583984375, 0.023071765899658203, -0.9314674139022827, -0.009534597396850586, 0.8613950347900391, -1.792463708340534, -5.37622573016911, -4.027091609995855, -0.12021441136711442
738, -0.022372007369995117, -0.2045893669128418, 1.1745874881744385, 0.023089885711669922, -0.9307278394699097, -0.009507179260253906, 0.8288544464111328, -1.7924632488940895, -5.376230290891803, -4.027089020081269, -0.12024606094229728
739, -0.02236461639404297, -0.2045745849609375, 1.1745874881744385, 0.023071765899658203, -0.9302622079849243, -0.009479999542236328, 0.8136565399169922, -1.7924697407779173, -5.376230917312799, -4.027090936467586, -0.12023780649581362
740, -0.022357463836669922, -0.20456719398498535, 1.1745953559875488, 0.023062467575073242, -0.9301434755325317, -0.009507179260253906, 0.7929780578613281, -1.792462115548963, -5.37623912194808, -4.027088230626881, -0.12026867486609572
741, -0.022350072860717773, -0.20452283322811127, 1.1745953559875488, 0.023062467575073242, -0.9300521612167358, -0.009534597396850586, 0.7664295959472657, -1.7924553661473477, -5.376246204656118, -4.027086980045511, -0.12027277950442894
742, -0.022342681884765625, -0.2045302391052246, 1.1745874881744385, 0.023080825805664062, -0.9301434755325317, -0.009552955627441406, 0.7291563415527343, -1.7924621604611606, -5.376241946691092, -4.027086566858965, -0.12027260871638035
743, -0.022350072860717773, -0.2045893669128418, 1.1745874881744385, 0.023071765899658203, -0.9314948320388794, -0.009689807891845703, 0.715828628540039, -1.7924759992079302, -5.376238667349012, -4.027081452011658, -0.12028300649931722
744, -0.022379398345947266, -0.20474408566951752, 1.174515724182129, 0.023062467575073242, -0.9358502626419067, -0.009753704071044922, 0.6883260345458985, -1.7925368101466532, -5.376226866728919, -4.027080224972987, -0.12029868510621533
745, -0.02240896224975586, -0.20496533811092377, 1.1745076179504395, 0.023053407669067383, -0.9381603002548218, -0.009790420532226562, 0.6675254058837891, -1.7925906691308404, -5.376213609979153, -4.027082447654376, -0.12030268061872817
746, -0.022475242614746094, -0.2055482715368271, 1.1746273040771484, 0.023053407669067383, -0.9425431489944458, -0.009991168975830078, 0.6350458145141602, -1.7927044402966978, -5.376197586102968, -4.027073102688708, -0.12028836378137431
747, -0.022600650787353516, -0.2063741683959961, 1.17441987991333, 0.023071765899658203, -0.9458941221237183, -0.010219335556030273, 0.6070011901855469, -1.793033450793601, -5.376209688137123, -4.027089465756569, -0.12034822065081752
748, -0.022475242614746094, -0.20746564865112305, 1.1742520332336426, 0.023071765899658203, -0.9457389116287231, -0.010374784469604492, 0.5960856628417969, -1.7933739144682863, -5.3761734725046795, -4.027193892603783, -0.12048150915489586
749, -0.02240896224975586, -0.20821785926818848, 1.1740283966064453, 0.023062467575073242, -0.9455927610397339, -0.010575532913208008, 0.5828572463989258, -1.7936754298349642, -5.376088104846905, -4.027292864716854, -0.12051899453518278
750, -0.022416353225708008, -0.20833587646484375, 1.1739802360534668, 0.023062467575073242, -0.946496844291687, -0.011050224304199219, 0.5552247619628906, -1.7940039410491124, -5.376099200081539, -4.027361573060306, -0.12047081400386972
751, -0.022482633590698242, -0.20845387876033783, 1.1738924980163574, 0.023062467575073242, -0.9492908716201782, -0.011497735977172852, 0.5247833633422851, -1.794421838833686, -5.3760625420351325, -4.027411190844172, -0.12043248324826461
752, -0.022482633590698242, -0.20857906341552734, 1.1727180480957031, 0.023071765899658203, -0.9506148099899292, -0.01164388656616211, 0.5042421722412109, -1.794845876499384, -5.375906487070674, -4.027234356585175, -0.12039545792285278
753, -0.022468090057373047, -0.2081294059753418, 1.1718151569366455, 0.023062467575073242, -0.9505599737167358, -0.011771678924560547, 0.49683795928955077, -1.795087631691695, -5.3759488841046, -4.027156946960259, -0.12036594310631976
754, -0.022416353225708008, -0.20663213729858398, 1.1697778701782227, 0.023071765899658203, -0.9511352777481079, -0.01217341423034668, 0.47639610290527346, -1.7955170178625262, -5.376025886581616, -4.0269959477950685, -0.12041447812863737
755, -0.02231311798095703, -0.20441220700740814, 1.1665899753570557, 0.023071765899658203, -0.9540845155715942, -0.012228250503540039, 0.450328483581543, -1.7958410794609008, -5.375821106707822, -4.026671856832974, -0.12047024417153906
756, -0.022394418716430664, -0.20239901542663574, 1.1633062362670898, 0.023071765899658203, -0.9546233415603638, -0.012337923049926758, 0.4353596496582031, -1.7962601411809322, -5.375839344901302, -4.026381177437172, -0.12039417228690308
757, -0.022379398345947266, -0.19931626319885254, 1.1591517925262451, 0.023062467575073242, -0.9504595994949341, -0.012492895126342773, 0.43350475311279296, -1.7967105008782105, -5.375953090122313, -4.026075022956363, -0.12043551149620768
758, -0.02227640151977539, -0.19542980194091797, 1.1550052165985107, 0.023062467575073242, -0.95063316822052, -0.012584447860717773, 0.4268943786621094, -1.7970240091513836, -5.375918936837148, -4.025744181298521, -0.12045017133451008
759, -0.02209186553955078, -0.19165395200252533, 1.1501636505126953, 0.023044347763061523, -0.9566229581832886, -0.012766838073730469, 0.41168128967285156, -1.7973429963273808, -5.375841211856571, -4.025428680623636, -0.12044329163174705
760, -0.02206254005432129, -0.19048093259334564, 1.1469039916992188, 0.023089885711669922, -0.9593347311019897, -0.012849092483520508, 0.39749099731445314, -1.7976363844813563, -5.3758458967681735, -4.025278141000639, -0.12047787501354801
761, -0.022158145904541016, -0.19095323979854584, 1.1456894874572754, 0.023080825805664062, -0.9571982622146606, -0.012876510620117188, 0.39233856201171874, -1.7978753886480292, -5.375843219203183, -4.025206940836978, -0.1204302946214062
762, -0.022180557250976562, -0.19006085395812988, 1.1438040733337402, 0.023071765899658203, -0.9539657831192017, -0.012903928756713867, 0.3903004455566406, -1.7981240750371437, -5.375793344432388, -4.0250834988465956, -0.12040104440697608
763, -0.02206254005432129, -0.1876051425933838, 1.1405842304229736, 0.023080825805664062, -0.9579375982284546, -0.012976884841918945, 0.3789727020263672, -1.798342609391625, -5.375757506854376, -4.0249649523756466, -0.12043788546859346
764, -0.022077083587646484, -0.18677163124084473, 1.1375641822814941, 0.023099184036254883, -0.963032603263855, -0.012912988662719727, 0.36453819274902344, -1.7985325512271466, -5.375734495547294, -4.024936989698443, -0.12041603973638537
765, -0.022291183471679688, -0.18791460990905762, 1.1372127532958984, 0.023099184036254883, -0.9627496004104614, -0.012903928756713867, 0.35931705474853515, -1.7987000103254847, -5.37572707467387, -4.024929118703127, -0.12036891847668318
766, -0.022298336029052734, -0.1878039836883545, 1.136965036392212, 0.023089885711669922, -0.9618092775344849, -0.012922286987304688, 0.35802703857421875, -1.7988444316360939, -5.37573032571756, -4.024832645500608, -0.1204175669824723
767, -0.022209882736206055, -0.18638084828853607, 1.1354150772094727, 0.023089885711669922, -0.9647036790847778, -0.012931346893310547, 0.35123348236083984, -1.7989450049240006, -5.375727952851467, -4.024752709681212, -0.12042707106613815
768, -0.02209925651550293, -0.18589401245117188, 1.1342246532440186, 0.023099184036254883, -0.9720722436904907, -0.012858390808105469, 0.3368142318725586, -1.7990480071298747, -5.375742060934465, -4.02472217644935, -0.12044427174874173
769, -0.022173166275024414, -0.18775248527526855, 1.134272575378418, 0.023099184036254883, -0.9779983758926392, -0.012867450714111328, 0.3206546401977539, -1.7992322959556106, -5.375777609567384, -4.024688683416602, -0.12046504196313901
770, -0.02222466468811035, -0.190171480178833, 1.1352152824401855, 0.023108243942260742, -0.9781533479690552, -0.012821674346923828, 0.31347936630249024, -1.79945372861654, -5.375799705093459, -4.024640158199208, -0.12049188721936677
771, -0.022128820419311523, -0.19008278846740723, 1.1347918510437012, 0.0231173038482666, -0.979577898979187, -0.012830972671508789, 0.30630409240722656, -1.7996484801404522, -5.375838796145747, -4.024593014111353, -0.12055948987830689
772, -0.02196645736694336, -0.1895887851715088, 1.1339609622955322, 0.023108243942260742, -0.9845906496047974, -0.012858390808105469, 0.2969685745239258, -1.7997484928558758, -5.375882805688829, -4.02456256421287, -0.12059645464688451
773, -0.02178215980529785, -0.19019341468811035, 1.133225917816162, 0.0231173038482666, -0.9920231103897095, -0.012830972671508789, 0.28044260025024415, -1.799881529522886, -5.37596276363079, -4.024549005693984, -0.12064171890426145
774, -0.021892786026000977, -0.19220708310604095, 1.1343684196472168, 0.023108243942260742, -0.9913841485977173, -0.012876510620117188, 0.2757785987854004, -1.8000004499943567, -5.375999967334515, -4.024524240090358, -0.12061076302242846
775, -0.021914958953857422, -0.19262003898620605, 1.1343843936920166, 0.023108243942260742, -0.9898134469985962, -0.012903928756713867, 0.2753205871582031, -1.8001108029771449, -5.376018953113679, -4.024474318773558, -0.12060272483863077
776, -0.0215609073638916, -0.1919264793395996, 1.1337614059448242, 0.023089885711669922, -0.9909547567367554, -0.012940406799316406, 0.2721375846862793, -1.800172226990467, -5.376062343020571, -4.024448665806863, -0.12071156674010464
777, -0.0213470458984375, -0.191941499710083, 1.1333937644958496, 0.023071765899658203, -0.9934476613998413, -0.013068199157714844, 0.26350433349609376, -1.8001932467933919, -5.376110632700133, -4.0244621075978015, -0.12080555912713731
778, -0.021361827850341797, -0.19301079213619232, 1.1335854530334473, 0.022998571395874023, -0.9957486391067505, -0.015058755874633789, 0.2529093551635742, -1.8002666088647445, -5.376142313079063, -4.024446829462474, -0.12088522232861543
779, -0.02139139175415039, -0.19377779960632324, 1.133817195892334, 0.022971153259277344, -0.9951642751693726, -0.016510486602783203, 0.2507491111755371, -1.800395623145611, -5.376140180044866, -4.024403345565213, -0.12089576702573002
780, -0.021280765533447266, -0.19344592094421387, 1.1334176063537598, 0.022962093353271484, -0.995702862739563, -0.01671147346496582, 0.24823015213012695, -1.8005064817605558, -5.376137424685547, -4.024396869501299, -0.12092517698504501
781, -0.021288156509399414, -0.19339442253112793, 1.133026123046875, 0.022971153259277344, -0.9972277879714966, -0.016921520233154297, 0.24287158966064454, -1.8005357372168467, -5.376134398629618, -4.024432281639938, -0.12092327335357211
782, -0.021368980407714844, -0.19413159787654877, 1.1331219673156738, 0.022861719131469727, -0.998515248298645, -0.020409345626831055, 0.23608566284179688, -1.800575810222337, -5.37611648578095, -4.024439739211591, -0.1209075762419376
783, -0.02144312858581543, -0.19452260434627533, 1.1334176063537598, 0.022852659225463867, -0.998432993888855, -0.022692203521728516, 0.23500930786132812, -1.800650461809089, -5.376085219657629, -4.02436805537261, -0.12087756459916754
784, -0.021376371383666992, -0.19440460205078125, 1.1333458423614502, 0.022879838943481445, -0.9987798929214478, -0.023477554321289062, 0.23497879028320312, -1.8006705278796007, -5.3760728036517715, -4.024375244730758, -0.12091120525144028
785, -0.021361827850341797, -0.1944563388824463, 1.1333458423614502, 0.022870779037475586, -0.9992364645004272, -0.023797035217285156, 0.2348948097229004, -1.8006451988527052, -5.376078594685303, -4.024438542141074, -0.12094675697579493
786, -0.02139139175415039, -0.19443416595458984, 1.1333537101745605, 0.022870779037475586, -0.9993644952774048, -0.023869991302490234, 0.2347422218322754, -1.80066214484445, -5.376088329728686, -4.0244130541242935, -0.1209572642487684
787, -0.02139139175415039, -0.1944119781255722, 1.1333537101745605, 0.022861719131469727, -0.9992913007736206, -0.023906469345092773, 0.2344292449951172, -1.8007082823274199, -5.376108064129809, -4.024357400897938, -0.1209702629035565
788, -0.021420717239379883, -0.19447088241577148, 1.1333537101745605, 0.022861719131469727, -0.9992638826370239, -0.024007081985473633, 0.23427654266357423, -1.8007476025495257, -5.376148231129346, -4.024375235845512, -0.12095789662247647
789, -0.02135443687438965, -0.19443416595458984, 1.1333057880401611, 0.022870779037475586, -0.9994009733200073, -0.02402520179748535, 0.2343682098388672, -1.8007734626988385, -5.376199604111983, -4.024409359070771, -0.12095818643239475
790, -0.021288156509399414, -0.19444893300533295, 1.1332898139953613, 0.022870779037475586, -0.9994739294052124, -0.02405261993408203, 0.23423845291137696, -1.800810467850133, -5.376271757246906, -4.024393999057197, -0.12099242250735287
791, -0.021243810653686523, -0.1944563388824463, 1.1333057880401611, 0.022870779037475586, -0.9994009733200073, -0.02411651611328125, 0.23402469635009765, -1.8008533435432095, -5.3763470994319205, -4.024352186758072, -0.1210257656876692
792, -0.02117753028869629, -0.1944563388824463, 1.1333057880401611, 0.022834300994873047, -0.9994374513626099, -0.02413487434387207, 0.23404752731323242, -1.8008659186602172, -5.376387412415685, -4.0243503814481745, -0.12104808124129995
793, -0.021103620529174805, -0.19446347653865814, 1.1333138942718506, 0.022879838943481445, -0.9995194673538208, -0.02413487434387207, 0.23406278610229492, -1.800876453340185, -5.376435553471979, -4.024366960727419, -0.1210588634532126
794, -0.021066904067993164, -0.19447827339172363, 1.1333057880401611, 0.022861719131469727, -0.9995287656784058, -0.024189472198486328, 0.23403226852416992, -1.8009001608158355, -5.376483263619801, -4.024370886269222, -0.12108252509542439
795, -0.021022558212280273, -0.1944563388824463, 1.1332979202270508, 0.022861719131469727, -0.9994739294052124, -0.02421712875366211, 0.23392545700073242, -1.8009259367589843, -5.376507219085683, -4.024356526752603, -0.12108451819440003
796, -0.021022558212280273, -0.19447827339172363, 1.1332898139953613, 0.022861719131469727, -0.9995013475418091, -0.02425360679626465, 0.23384910583496094, -1.8009535734363105, -5.376529443096798, -4.0243543498566385, -0.12108836985508553
797, -0.021029949188232422, -0.19448590278625488, 1.1332898139953613, 0.022870779037475586, -0.9995743036270142, -0.024290084838867188, 0.23386436462402344, -1.8009840818149683, -5.376534284854967, -4.024364931678724, -0.12108923253959514
798, -0.021052122116088867, -0.19447827339172363, 1.1332979202270508, 0.022852659225463867, -0.9995468854904175, -0.024290084838867188, 0.23383384704589844, -1.8010016276419063, -5.37653001310103, -4.0243632452973035, -0.12109199885557764
799, -0.021059513092041016, -0.19447827339172363, 1.1332979202270508, 0.022861719131469727, -0.9995104074478149, -0.024344921112060547, 0.2337498664855957, -1.8010292435361526, -5.37652450894391, -4.02435696893605, -0.12109581355557086
800, -0.021066904067993164, -0.19448590278625488, 1.1332898139953613, 0.022834300994873047, -0.9995559453964233, -0.024372339248657227, 0.23372697830200195, -1.8010507352557785, -5.376528129835108, -4.024361426209649, -0.12111267851023655
801, -0.02108144760131836, -0.19448590278625488, 1.1332898139953613, 0.022852659225463867, -0.9995743036270142, -0.024381399154663086, 0.23369646072387695, -1.8010738131231439, -5.376542647679536, -4.024377722782844, -0.12111920003034626
802, -0.021074295043945312, -0.19450783729553223, 1.1332898139953613, 0.022843360900878906, -0.9995559453964233, -0.024399518966674805, 0.23368877410888672, -1.8010952524240809, -5.376560841086718, -4.024382184991068, -0.12112429388197565
803, -0.021074295043945312, -0.19451522827148438, 1.1332898139953613, 0.022843360900878906, -0.9995287656784058, -0.024399518966674805, 0.23362773895263672, -1.8011209569666962, -5.376586087065212, -4.024375902480032, -0.12112837631133999
804, -0.021066904067993164, -0.19450068473815918, 1.1332979202270508, 0.022870779037475586, -0.9995559453964233, -0.024408817291259766, 0.23362010955810547, -1.8010998547961277, -5.376550535329214, -4.024367838319298, -0.1211278187634317
805, -0.021022558212280273, -0.19450783729553223, 1.1332979202270508, 0.022852659225463867, -0.99958336353302, -0.024399518966674805, 0.23359722137451172, -1.8011118402331991, -5.376576055410797, -4.024372139239504, -0.12114503325301573
806, -0.02100062370300293, -0.19451522827148438, 1.133281946182251, 0.022852659225463867, -0.9995559453964233, -0.024399518966674805, 0.2335590171813965, -1.801124501850609, -5.3766233787477296, -4.024365566997084, -0.12117595988401764
807, -0.02094888687133789, -0.19451522827148438, 1.1332898139953613, 0.022861719131469727, -0.9995743036270142, -0.024408817291259766, 0.23352087020874024, -1.801102243407981, -5.376600361847593, -4.024357265510865, -0.12118457817568551
808, -0.02091193199157715, -0.19450783729553223, 1.1332898139953613, 0.022861719131469727, -0.9995924234390259, -0.024417877197265625, 0.23349035263061524, -1.8011101415833712, -5.376616526449457, -4.02435955189901, -0.1212302432434944
809, -0.020853042602539062, -0.19450783729553223, 1.1332898139953613, 0.022870779037475586, -0.9995924234390259, -0.024408817291259766, 0.2334979820251465, -1.8011279773243232, -5.376658038999173, -4.024359140727815, -0.12123909951823819
810, -0.02077937126159668, -0.19451522827148438, 1.1332898139953613, 0.022843360900878906, -0.9996200799942017, -0.024417877197265625, 0.23345983505249024, -1.8011113432545716, -5.376643194730155, -4.024351758264858, -0.1212572731569681
811, -0.02076435089111328, -0.19452260434627533, 1.1332898139953613, 0.022843360900878906, -0.9996200799942017, -0.024445295333862305, 0.233421630859375, -1.8011176287331667, -5.376651505823093, -4.024353882117359, -0.12127944019637038
812, -0.020705223083496094, -0.19452260434627533, 1.133281946182251, 0.022861719131469727, -0.9996200799942017, -0.024426937103271484, 0.23342926025390626, -1.8011261563152927, -5.376684876697174, -4.024350662571464, -0.12131257537716156
813, -0.02063894271850586, -0.19452260434627533, 1.1332898139953613, 0.022861719131469727, -0.9996474981307983, -0.024463415145874023, 0.23342926025390626, -1.8011170579375826, -5.37666317474734, -4.024352023096283, -0.12135049949055787
814, -0.020624399185180664, -0.19453716278076172, 1.133281946182251, 0.022870779037475586, -0.9996107816696167, -0.024417877197265625, 0.23339111328125, -1.8011261512451644, -5.376688348587018, -4.024357581177686, -0.12136290274310291
815, -0.020601987838745117, -0.19453001022338867, 1.1332898139953613, 0.022843360900878906, -0.9996291399002075, -0.024426937103271484, 0.23339111328125, -1.8011296625835578, -5.376713856638022, -4.024353891969003, -0.12138242989888326
816, -0.020565271377563477, -0.19455218315124512, 1.133281946182251, 0.022870779037475586, -0.9996381998062134, -0.024445295333862305, 0.233360595703125, -1.8011092771439325, -5.37669828080763, -4.024351672925177, -0.12140117638918557
817, -0.020521163940429688, -0.19455218315124512, 1.133281946182251, 0.022834300994873047, -0.9996474981307983, -0.024435997009277344, 0.233330078125, -1.8011195034727556, -5.376707777758688, -4.024352277430728, -0.12142054737048369
818, -0.020491361618041992, -0.19455218315124512, 1.1332898139953613, 0.022834300994873047, -0.9996200799942017, -0.024463415145874023, 0.233330078125, -1.8011337705090167, -5.376732284769143, -4.02435139101265, -0.12141479185252457
819, -0.020432472229003906, -0.19456696510314941, 1.133281946182251, 0.022843360900878906, -0.9996107816696167, -0.024481773376464844, 0.2333453369140625, -1.8011236797419623, -5.376726335201512, -4.024352589762531, -0.12144527951432327
820, -0.020395755767822266, -0.19456696510314941, 1.133281946182251, 0.022852659225463867, -0.9996565580368042, -0.024463415145874023, 0.23329185485839843, -1.801118366866502, -5.376738673204205, -4.024350197354806, -0.1214636019016977
821, -0.020351409912109375, -0.19455218315124512, 1.133281946182251, 0.022834300994873047, -0.9996565580368042, -0.024490833282470703, 0.23325370788574218, -1.8011220616265102, -5.37676296422379, -4.024344599647368, -0.12147570045064171
822, -0.020314455032348633, -0.19456696510314941, 1.133281946182251, 0.022861719131469727, -0.999674916267395, -0.024500131607055664, 0.23326896667480468, -1.8011132628901434, -5.3767499439969555, -4.024350672522856, -0.12148442287104455
823, -0.02029252052307129, -0.1945815086364746, 1.133281946182251, 0.022843360900878906, -0.9996565580368042, -0.024536609649658203, 0.23327659606933593, -1.8011153030455511, -5.376775440020145, -4.024352607379533, -0.12149777804730189
824, -0.02024078369140625, -0.19456696510314941, 1.133281946182251, 0.022843360900878906, -0.9996658563613892, -0.024554967880249023, 0.23323844909667968, -1.8011186769486396, -5.3767929553495195, -4.02435021414364, -0.12151216674621423
825, -0.020218849182128906, -0.19457410275936127, 1.133281946182251, 0.022861719131469727, -0.9996474981307983, -0.024554967880249023, 0.2332078742980957, -1.801119099947265, -5.376780987568134, -4.024353644189581, -0.12151242723424804
826, -0.020189285278320312, -0.19458889961242676, 1.1332738399505615, 0.022870779037475586, -0.999674916267395, -0.024582386016845703, 0.23322319030761718, -1.8011293897543719, -5.3768063564760125, -4.02435679661738, -0.12151878513740044
827, -0.020181894302368164, -0.19457410275936127, 1.133281946182251, 0.022870779037475586, -0.9996839761734009, -0.0246279239654541, 0.23320024490356445, -1.8011290961835946, -5.376813527732699, -4.024350904830561, -0.12153215518733607
828, -0.020174503326416016, -0.19458889961242676, 1.133281946182251, 0.022852659225463867, -0.9996565580368042, -0.02466440200805664, 0.2331620979309082, -1.8011283076485072, -5.376803948546235, -4.02435246946187, -0.12153119583540661
829, -0.020144939422607422, -0.194596529006958, 1.1332898139953613, 0.022843360900878906, -0.9996474981307983, -0.0246734619140625, 0.2331773567199707, -1.8011379476363787, -5.376824917707276, -4.0243554147087925, -0.12154272918471243
830, -0.02015209197998047, -0.19458889961242676, 1.1332898139953613, 0.022852659225463867, -0.9997023344039917, -0.02468276023864746, 0.2331620979309082, -1.8011336453967082, -5.376836251400668, -4.0243539856761545, -0.1215278050327715
831, -0.020130157470703125, -0.19460390508174896, 1.133281946182251, 0.022852659225463867, -0.9996658563613892, -0.02471923828125, 0.23315446853637695, -1.8011227376452545, -5.376821478108084, -4.02435153885768, -0.12153767272782279
832, -0.020122766494750977, -0.19460390508174896, 1.133281946182251, 0.022861719131469727, -0.9996565580368042, -0.02477407455444336, 0.23313920974731445, -1.801124744776228, -5.3768260140166015, -4.0243522279106285, -0.1215398663971392
833, -0.02010822296142578, -0.194596529006958, 1.133281946182251, 0.022861719131469727, -0.9996658563613892, -0.024792194366455078, 0.2331315803527832, -1.8011389758480183, -5.376855411856945, -4.02435109550711, -0.12155292410058216
834, -0.020085811614990234, -0.194596529006958, 1.133281946182251, 0.022852659225463867, -0.999674916267395, -0.02481985092163086, 0.23310869216918945, -1.8011326165469381, -5.376851182005571, -4.02434983946527, -0.12157502420691824
835, -0.02007126808166504, -0.19460390508174896, 1.133281946182251, 0.022852659225463867, -0.9996930360794067, -0.02481985092163086, 0.23309337615966796, -1.8011384276916012, -5.376862864133138, -4.024350098749451, -0.12158466136029311
836, -0.020049095153808594, -0.1946113109588623, 1.133281946182251, 0.022852659225463867, -0.9996565580368042, -0.024874448776245117, 0.23307811737060546, -1.801133790620617, -5.376876568887706, -4.024345969118842, -0.12159016402780498
837, -0.02002692222595215, -0.19460390508174896, 1.133281946182251, 0.022861719131469727, -0.9996839761734009, -0.024919986724853516, 0.23306285858154296, -1.8011367365539024, -5.376867817903313, -4.02435067606421, -0.12159758520200281
838, -0.02002692222595215, -0.194596529006958, 1.133281946182251, 0.022861719131469727, -0.9996839761734009, -0.024901866912841797, 0.23307048797607421, -1.8011437798856087, -5.376875934193192, -4.0243503966320695, -0.12159844787332386
839, -0.02001214027404785, -0.19460390508174896, 1.133281946182251, 0.022852659225463867, -0.9996839761734009, -0.024965763092041016, 0.23304759979248046, -1.8011404866944318, -5.376873833954321, -4.024347286128219, -0.12160000197559828
840, -0.020004987716674805, -0.194596529006958, 1.1332898139953613, 0.022861719131469727, -0.9996658563613892, -0.025002241134643555, 0.23303997039794921, -1.8011459338943219, -5.376867648871009, -4.024349812752516, -0.12160333347803931
841, -0.019989967346191406, -0.19460390508174896, 1.133281946182251, 0.022852659225463867, -0.9996839761734009, -0.025029659271240234, 0.23301708221435546, -1.8011481794757773, -5.37688365705275, -4.024348741474163, -0.1216107249048175
842, -0.019997596740722656, -0.1946113109588623, 1.1332738399505615, 0.022861719131469727, -0.999674916267395, -0.025057077407836914, 0.23302471160888671, -1.8011541896208618, -5.376885351641989, -4.024353062385701, -0.12163965867590054
843, -0.01997518539428711, -0.1946113109588623, 1.133281946182251, 0.022843360900878906, -0.9996839761734009, -0.025093555450439453, 0.23299413681030273, -1.801156598486235, -5.376868889362128, -4.024351098923305, -0.12164070726638787
844, -0.019982576370239258, -0.19461846351623535, 1.133281946182251, 0.022852659225463867, -0.999674916267395, -0.025111913681030273, 0.23297887802124023, -1.8011606926266657, -5.376883837434, -4.024356465785718, -0.121652761002359
845, -0.01997518539428711, -0.19461846351623535, 1.1332898139953613, 0.022843360900878906, -0.9996930360794067, -0.025148391723632812, 0.23298656463623046, -1.801155179981778, -5.3768884059316555, -4.024353615399186, -0.12165494723409864
846, -0.019982576370239258, -0.19463323056697845, 1.1332738399505615, 0.022870779037475586, -0.9997113943099976, -0.025166749954223633, 0.23296361923217773, -1.8011637349349303, -5.376885911169332, -4.0243557399828385, -0.12165148949818416
847, -0.01997518539428711, -0.1946113109588623, 1.133281946182251, 0.022861719131469727, -0.9996839761734009, -0.025175809860229492, 0.23296361923217773, -1.8011606655228434, -5.37689160037541, -4.024350662934683, -0.12165882143136297
848, -0.019968032836914062, -0.1946113109588623, 1.1332738399505615, 0.022852659225463867, -0.9996930360794067, -0.025203227996826172, 0.23294073104858398, -1.8011649137693355, -5.376892199375985, -4.024355614756832, -0.1216558099039009
849, -0.019945859909057617, -0.1946258544921875, 1.1332738399505615, 0.022861719131469727, -0.9996839761734009, -0.02525782585144043, 0.23292547225952148, -1.8011712464448217, -5.3768891544893345, -4.024355907349591, -0.12165801825608202
850, -0.019945859909057617, -0.19461846351623535, 1.133281946182251, 0.022852659225463867, -0.9996839761734009, -0.02525782585144043, 0.23291784286499023, -1.8011670857917228, -5.376895525181105, -4.024353839364874, -0.12166326082596779
851, -0.019945859909057617, -0.19461846351623535, 1.1332659721374512, 0.022861719131469727, -0.9996839761734009, -0.02527618408203125, 0.23293310165405273, -1.8011565742888274, -5.376890158836741, -4.024353251996736, -0.12167147755004937
852, -0.01993846893310547, -0.1946258544921875, 1.1332738399505615, 0.022861719131469727, -0.9997023344039917, -0.02529430389404297, 0.23293310165405273, -1.8011508571543318, -5.376897816456584, -4.024351568122387, -0.12167613242311326
853, -0.019916296005249023, -0.1946258544921875, 1.1332738399505615, 0.022852659225463867, -0.9996565580368042, -0.02529430389404297, 0.23289495468139648, -1.8011460128894243, -5.37691153473505, -4.024349709149292, -0.12168554666201636
854, -0.019916296005249023, -0.1946258544921875, 1.1332738399505615, 0.022861719131469727, -0.999674916267395, -0.025349140167236328, 0.23289495468139648, -1.8011451227575552, -5.376907951682194, -4.024350366318789, -0.1216608068692473
855, -0.019923686981201172, -0.1946258544921875, 1.1332738399505615, 0.022852659225463867, -0.9996658563613892, -0.02535843849182129, 0.23290258407592773, -1.8011506077474768, -5.376907331604338, -4.024350717383272, -0.12166201144237032
856, -0.019916296005249023, -0.1946258544921875, 1.1332738399505615, 0.022861719131469727, -0.9996839761734009, -0.02538585662841797, 0.23288732528686523, -1.8011533418123211, -5.376913485879731, -4.024350248926546, -0.12167192375836411
857, -0.019908905029296875, -0.19463323056697845, 1.1332659721374512, 0.022852659225463867, -0.999674916267395, -0.025394916534423828, 0.2328643798828125, -1.8011464275822409, -5.376912658745106, -4.024351383127414, -0.12167260794442303
858, -0.019908905029296875, -0.1946258544921875, 1.1332659721374512, 0.022861719131469727, -0.9996839761734009, -0.02541327476501465, 0.23284912109375, -1.8011557000775165, -5.3769119301165444, -4.024353282452618, -0.12167062250654936
859, -0.019908905029296875, -0.19461846351623535, 1.1332659721374512, 0.022870779037475586, -0.9996658563613892, -0.025449752807617188, 0.23284154891967773, -1.801158905581328, -5.376913940447975, -4.024352670677744, -0.12165633772730278
860, -0.019908905029296875, -0.19463323056697845, 1.1332659721374512, 0.022852659225463867, -0.9997023344039917, -0.025467872619628906, 0.23284154891967773, -1.8011527350439438, -5.376921539184502, -4.024352782211831, -0.12164510928636307
861, -0.01989436149597168, -0.1946258544921875, 1.1332659721374512, 0.022861719131469727, -0.9996658563613892, -0.025458812713623047, 0.232818603515625, -1.8011607568302266, -5.376920493671743, -4.0243562682410365, -0.12165655320477597
862, -0.019908905029296875, -0.1946258544921875, 1.1332659721374512, 0.022852659225463867, -0.9996565580368042, -0.025495290756225586, 0.23284912109375, -1.801165094808236, -5.376922360474713, -4.02435860445643, -0.12166221967297641
863, -0.019901514053344727, -0.1946258544921875, 1.1332659721374512, 0.022852659225463867, -0.9996839761734009, -0.025522708892822266, 0.23281097412109375, -1.8011543993377326, -5.376927607937792, -4.024353936921394, -0.1216687039999238
864, -0.019901514053344727, -0.19463323056697845, 1.1332738399505615, 0.022861719131469727, -0.9996839761734009, -0.025522708892822266, 0.23279571533203125, -1.8011571524465744, -5.376933995222727, -4.024353139623057, -0.12165810749778228
865, -0.01988697052001953, -0.19463323056697845, 1.1332659721374512, 0.022861719131469727, -0.9996658563613892, -0.025577545166015625, 0.2328033447265625, -1.8011712001063862, -5.376947281011474, -4.024357574939828, -0.12164949643311385
866, -0.01988697052001953, -0.19463323056697845, 1.1332659721374512, 0.022843360900878906, -0.9996839761734009, -0.025550127029418945, 0.2327880859375, -1.8011607819724518, -5.376958033767395, -4.02434942195181, -0.1216319173354643
867, -0.01987934112548828, -0.19463323056697845, 1.1332659721374512, 0.022843360900878906, -0.999674916267395, -0.025550127029418945, 0.23278045654296875, -1.8011663447903095, -5.376966044135913, -4.024354903595287, -0.12165038122318439
868, -0.019871950149536133, -0.1946258544921875, 1.1332659721374512, 0.022861719131469727, -0.9996658563613892, -0.025568246841430664, 0.2327728271484375, -1.8011643427588404, -5.376961182105568, -4.0243559342090105, -0.12164612031143829
869, -0.019857406616210938, -0.19463323056697845, 1.1332578659057617, 0.022879838943481445, -0.9996930360794067, -0.025577545166015625, 0.2327728271484375, -1.8011549688820736, -5.3769681505292315, -4.024351310677406, -0.1216535414870128
870, -0.01985001564025879, -0.1946406364440918, 1.1332659721374512, 0.022852659225463867, -0.9996565580368042, -0.025604724884033203, 0.23276514053344727, -1.8011531007583446, -5.376979491953525, -4.024346394565298, -0.12167782763705581
871, -0.019835233688354492, -0.1946406364440918, 1.1332578659057617, 0.022861719131469727, -0.999674916267395, -0.025604724884033203, 0.2327423095703125, -1.8011601108612765, -5.376982706538726, -4.024349313016494, -0.12167439239966349
872, -0.019835233688354492, -0.19463323056697845, 1.1332659721374512, 0.022870779037475586, -0.9996658563613892, -0.025595664978027344, 0.232757568359375, -1.8011553888621918, -5.37698566067097, -4.024351433845909, -0.12167773114730629
873, -0.019835233688354492, -0.1946258544921875, 1.1332578659057617, 0.022852659225463867, -0.999674916267395, -0.025623083114624023, 0.23273462295532227, -1.8011484503259774, -5.37699992438411, -4.024345506999751, -0.12168449788458258
874, -0.019820213317871094, -0.19461846351623535, 1.1332659721374512, 0.022843360900878906, -0.9996839761734009, -0.025641441345214844, 0.232757568359375, -1.8011584800898512, -5.376996361383646, -4.0243517062733885, -0.12167284554416913
875, -0.019813060760498047, -0.19463323056697845, 1.1332659721374512, 0.022852659225463867, -0.9996565580368042, -0.025623083114624023, 0.23272705078125, -1.801159806350337, -5.377005424099475, -4.024350870992871, -0.12167672698992504
876, -0.019813060760498047, -0.19463323056697845, 1.1332578659057617, 0.022852659225463867, -0.9996658563613892, -0.025659799575805664, 0.23271936416625977, -1.8011551415950875, -5.377021157708629, -4.024346692311383, -0.12166966278025182
877, -0.019813060760498047, -0.1946406364440918, 1.1332499980926514, 0.022861719131469727, -0.999674916267395, -0.025687217712402344, 0.23271936416625977, -1.8011592171381177, -5.377017080173023, -4.024351355640869, -0.1216407290040582
878, -0.019827842712402344, -0.1946406364440918, 1.1332499980926514, 0.022843360900878906, -0.9996839761734009, -0.025668859481811523, 0.23271173477172852, -1.8011573307386206, -5.377017277748642, -4.024349736772671, -0.12163893673201454
879, -0.0198056697845459, -0.1946406364440918, 1.1332499980926514, 0.022843360900878906, -0.9996930360794067, -0.025687217712402344, 0.23268884658813477, -1.8011586179393935, -5.377038601108865, -4.024348893832326, -0.12163518152308939
880, -0.019813060760498047, -0.19464778900146484, 1.1332499980926514, 0.022843360900878906, -0.999674916267395, -0.025723695755004883, 0.23270410537719727, -1.8011569625436894, -5.377038826205176, -4.024349237279273, -0.1216562481056096
881, -0.01979827880859375, -0.19463323056697845, 1.133241891860962, 0.022870779037475586, -0.9996381998062134, -0.025732755661010742, 0.23269647598266602, -1.8011569666419447, -5.377040820759885, -4.024348777325864, -0.12165508796327451
882, -0.01979827880859375, -0.1946406364440918, 1.1332499980926514, 0.022852659225463867, -0.9996658563613892, -0.025751113891601562, 0.23268121719360352, -1.8011604531859182, -5.3770446412056, -4.0243506677587275, -0.12165583164426774
883, -0.019783735275268555, -0.1946406364440918, 1.1332499980926514, 0.022852659225463867, -0.9996565580368042, -0.0257418155670166, 0.23265064239501954, -1.8011615145323179, -5.377041531600727, -4.024352634673068, -0.12166039727558875
884, -0.019768714904785156, -0.19464778900146484, 1.133241891860962, 0.022834300994873047, -0.9996658563613892, -0.025760173797607422, 0.23267358779907227, -1.8011551543191562, -5.37705281998458, -4.024348353932061, -0.12166998237375815
885, -0.019768714904785156, -0.19464778900146484, 1.1332578659057617, 0.022843360900878906, -0.999674916267395, -0.02576923370361328, 0.23265832901000977, -1.8011568285171882, -5.377055775328663, -4.024347740954469, -0.12166453919869724
886, -0.019761323928833008, -0.19463323056697845, 1.133241891860962, 0.022852659225463867, -0.9996930360794067, -0.02579665184020996, 0.23265832901000977, -1.8011609350489763, -5.377057809484587, -4.024349326610424, -0.12168723425156891
887, -0.01975393295288086, -0.19464778900146484, 1.133241891860962, 0.022852659225463867, -0.9996658563613892, -0.02577829360961914, 0.23265832901000977, -1.801157522048123, -5.377059497299391, -4.024344926182554, -0.12169219403464115
888, -0.019731998443603516, -0.19464778900146484, 1.133241891860962, 0.022852659225463867, -0.9996930360794067, -0.02580571174621582, 0.23263538360595704, -1.801159391037631, -5.37706860933744, -4.024348537607281, -0.12170574257253275
889, -0.019724607467651367, -0.19463323056697845, 1.133241891860962, 0.022861719131469727, -0.9996930360794067, -0.0258331298828125, 0.23262012481689454, -1.8011644065410417, -5.377068372468521, -4.024350464505634, -0.12171598935938377
890, -0.01971721649169922, -0.1946406364440918, 1.133241891860962, 0.022843360900878906, -0.999674916267395, -0.02584218978881836, 0.23262012481689454, -1.8011575053306799, -5.377070682201498, -4.0243472132939475, -0.12171640581999554
891, -0.019702434539794922, -0.1946406364440918, 1.133241891860962, 0.022843360900878906, -0.9996839761734009, -0.02586054801940918, 0.23262781143188477, -1.8011567532124086, -5.3770776351835625, -4.024349731299737, -0.12170511788143035
892, -0.019702434539794922, -0.19464778900146484, 1.133241891860962, 0.022852659225463867, -0.9996565580368042, -0.02586054801940918, 0.23261255264282227, -1.8011568503749498, -5.377078429421588, -4.024347964070764, -0.12170923005709255
893, -0.019695043563842773, -0.1946406364440918, 1.133241891860962, 0.022852659225463867, -0.999674916267395, -0.0258786678314209, 0.23260486602783204, -1.801158865219274, -5.3770739089492, -4.024349721611609, -0.12170345222554868
894, -0.019687652587890625, -0.1946406364440918, 1.1332340240478516, 0.022843360900878906, -0.999674916267395, -0.0258786678314209, 0.23261255264282227, -1.8011582674640318, -5.3770807471550315, -4.024346627556099, -0.12169934004986516
895, -0.019680261611938477, -0.1946554183959961, 1.133241891860962, 0.022852659225463867, -0.9996930360794067, -0.0258786678314209, 0.23258960723876954, -1.801170847665721, -5.377084109606103, -4.0243553058555745, -0.12169156190648245
896, -0.019680261611938477, -0.19464778900146484, 1.1332340240478516, 0.022861719131469727, -0.9996658563613892, -0.025906085968017578, 0.23258197784423829, -1.8011662241305713, -5.377087439164056, -4.024349114217688, -0.12170169714082135
897, -0.019680261611938477, -0.1946554183959961, 1.1332340240478516, 0.022843360900878906, -0.9996474981307983, -0.02593374252319336, 0.23258197784423829, -1.8011671727473662, -5.3770949757915005, -4.024352957298966, -0.1217040990399374
898, -0.01967310905456543, -0.19464778900146484, 1.1332499980926514, 0.022843360900878906, -0.9996565580368042, -0.025906085968017578, 0.23258197784423829, -1.8011700480558346, -5.3770977563617866, -4.024350741651887, -0.12171412290983863
899, -0.01966571807861328, -0.1946554183959961, 1.133241891860962, 0.022861719131469727, -0.999674916267395, -0.025906085968017578, 0.23256671905517579, -1.801167478183356, -5.377093304685734, -4.024347570246854, -0.12171476972467588
900, -0.01965808868408203, -0.19464778900146484, 1.133225917816162, 0.022852659225463867, -0.9996658563613892, -0.0259244441986084, 0.23256671905517579, -1.80116590364303, -5.377101937619094, -4.024349817600796, -0.12171700076370762
901, -0.019650697708129883, -0.1946406364440918, 1.133225917816162, 0.022834300994873047, -0.9996839761734009, -0.02591538429260254, 0.23255908966064454, -1.8011660281342785, -5.377102270988145, -4.024351446859247, -0.12172785755407212
902, -0.019650697708129883, -0.19464778900146484, 1.1332340240478516, 0.022852659225463867, -0.9996474981307983, -0.02591538429260254, 0.23255908966064454, -1.8011609784843037, -5.377096289264025, -4.024350528397708, -0.12173282477515812
903, -0.019650697708129883, -0.19464778900146484, 1.1332340240478516, 0.022852659225463867, -0.9996658563613892, -0.02593374252319336, 0.23257434844970704, -1.8011539016097065, -5.377100214399931, -4.02434830212196, -0.12173607428276778
904, -0.019643306732177734, -0.19464778900146484, 1.133241891860962, 0.022852659225463867, -0.999674916267395, -0.02593374252319336, 0.23255908966064454, -1.8011658430632587, -5.37710799558863, -4.024348827313924, -0.12172585705648142
905, -0.019643306732177734, -0.1946554183959961, 1.133225917816162, 0.022861719131469727, -0.999674916267395, -0.025951862335205078, 0.2325361442565918, -1.8011668497681428, -5.377106770002827, -4.024352340302368, -0.12174063991759443
906, -0.019613981246948242, -0.1946554183959961, 1.133241891860962, 0.022852659225463867, -0.999674916267395, -0.02593374252319336, 0.2325514030456543, -1.8011605654886353, -5.377117555579075, -4.024346339431296, -0.12174531728932081
907, -0.019606590270996094, -0.1946554183959961, 1.133241891860962, 0.022870779037475586, -0.9996474981307983, -0.0259702205657959, 0.23254383087158204, -1.8011782358208932, -5.377130225016137, -4.024350794828166, -0.12175639699873564
908, -0.019591808319091797, -0.19464778900146484, 1.1332340240478516, 0.022852659225463867, -0.9996658563613892, -0.02596116065979004, 0.2325208854675293, -1.8011827429040745, -5.377130639384642, -4.024349729784313, -0.12175913355254409
909, -0.019591808319091797, -0.19464778900146484, 1.133225917816162, 0.022861719131469727, -0.9996658563613892, -0.025951862335205078, 0.2325361442565918, -1.801181463480063, -5.377134743787384, -4.024349869307984, -0.12175827088523672
910, -0.019562482833862305, -0.1946554183959961, 1.133225917816162, 0.022870779037475586, -0.999674916267395, -0.025979280471801758, 0.2325208854675293, -1.801177964729663, -5.3771421772589125, -4.024350223287302, -0.12177979092487146
911, -0.019562482833862305, -0.19464778900146484, 1.133225917816162, 0.022861719131469727, -0.9996381998062134, -0.025979280471801758, 0.23251331329345704, -1.8011811428682838, -5.377140027678257, -4.024348175494258, -0.12177954569367966
912, -0.019555091857910156, -0.1946406364440918, 1.133225917816162, 0.022843360900878906, -0.9996565580368042, -0.02596116065979004, 0.23251331329345704, -1.8011873522164088, -5.377127092637241, -4.024352844650576, -0.12178318191490778
913, -0.019555091857910156, -0.1946554183959961, 1.133225917816162, 0.022843360900878906, -0.999674916267395, -0.02598857879638672, 0.2325208854675293, -1.8011857575978387, -5.377132120691784, -4.024351498898463, -0.12178461703132015
914, -0.019547462463378906, -0.1946554183959961, 1.1332178115844727, 0.022825241088867188, -0.9996381998062134, -0.026025056838989258, 0.2324903678894043, -1.8011997765362633, -5.377124826351064, -4.024353829308484, -0.12175534859570813
915, -0.019525527954101562, -0.19466280937194824, 1.1332178115844727, 0.022861719131469727, -0.999674916267395, -0.026034116744995117, 0.23246753692626954, -1.8011962148466616, -5.377144882458673, -4.024353385466097, -0.1217852935961039
916, -0.01953268051147461, -0.1946554183959961, 1.133225917816162, 0.022852659225463867, -0.9996200799942017, -0.026043176651000977, 0.2324598503112793, -1.8012049286245713, -5.3771436603712655, -4.024356446486538, -0.12178169474107037
917, -0.019518136978149414, -0.1946554183959961, 1.1332178115844727, 0.022861719131469727, -0.9996658563613892, -0.026052236557006836, 0.2324598503112793, -1.8011945970649448, -5.377152353128003, -4.024353369970772, -0.12178282494939818
918, -0.01948833465576172, -0.19466280937194824, 1.1332178115844727, 0.022843360900878906, -0.9996565580368042, -0.026107072830200195, 0.2324293327331543, -1.8012083719194365, -5.377156478606767, -4.0243525350189175, -0.1217488642688842
919, -0.01949596405029297, -0.19464778900146484, 1.1332099437713623, 0.022852659225463867, -0.9996474981307983, -0.026125192642211914, 0.23242164611816407, -1.8012084165264008, -5.377168403788524, -4.024351865300554, -0.12174721348612305
920, -0.01948833465576172, -0.19466280937194824, 1.1332178115844727, 0.022852659225463867, -0.9996565580368042, -0.026134490966796875, 0.2324140739440918, -1.8012182074554992, -5.377159405716894, -4.0243558263801775, -0.1217411158722328
921, -0.01949596405029297, -0.1946554183959961, 1.1331939697265625, 0.022843360900878906, -0.9996658563613892, -0.026143550872802734, 0.23239112854003907, -1.8012112063076557, -5.377166338299118, -4.024351713250243, -0.12176888226098459
922, -0.01948833465576172, -0.1946554183959961, 1.1332099437713623, 0.022852659225463867, -0.9996565580368042, -0.026170969009399414, 0.2324140739440918, -1.8012118878212233, -5.377171734747384, -4.024353501895085, -0.12175913355254409
923, -0.019481182098388672, -0.1946554183959961, 1.1332099437713623, 0.022852659225463867, -0.9996381998062134, -0.026180028915405273, 0.2323682975769043, -1.8011992649288826, -5.377176768436146, -4.024355166998633, -0.12176819807677397
924, -0.019473791122436523, -0.1946554183959961, 1.1332099437713623, 0.022852659225463867, -0.9996381998062134, -0.026180028915405273, 0.2323835563659668, -1.8011992726330188, -5.377172537530778, -4.024354444789894, -0.12177236974653738
