# Arm joint positions + body pose collected at 50.0 Hz
# Timestamp: 20251117_231834
# Format: timestep, timestamp_utc, arm0.sh0, arm0.sh1, arm0.el0, arm0.el1, arm0.wr0, arm0.wr1, gripper_open_percentage, body_x, body_y, body_z, body_theta
# Body pose is in odom frame (x, y, z in meters, theta in radians)

0, 1763439514.731879, 6.222724914550781e-05, -3.1185407638549805, 3.1390256881713867, 1.5690686702728271, 0.0006086826324462891, -1.5695385932922363, 0.022453665733337402, -1.8118419666268837, -5.150746825368056, -3.9470428825553525, -0.2066675445358488
1, 1763439514.739956, 6.985664367675781e-05, -3.1185407638549805, 3.1390256881713867, 1.5690869092941284, 0.0006268024444580078, -1.5695199966430664, 0.022484183311462402, -1.8118468549321323, -5.150746600896371, -3.9470461443534837, -0.20668811791540698
2, 1763439514.760637, 7.724761962890625e-05, -3.1185555458068848, 3.139009714126587, 1.5690960884094238, 0.0005996227264404297, -1.5695018768310547, 0.022491812705993652, -1.8118355894627833, -5.150758144801501, -3.94704096292882, -0.2067140420842266
3, 1763439514.787714, 4.744529724121094e-05, -3.118525981903076, 3.139009714126587, 1.5690960884094238, 0.0006451606750488281, -1.5695290565490723, 0.022499442100524902, -1.8118402249080763, -5.150750283196679, -3.947041794229384, -0.2067129057588062
4, 1763439514.811002, 6.222724914550781e-05, -3.118533134460449, 3.1390178203582764, 1.5690960884094238, 0.0005996227264404297, -1.5695290565490723, 0.022484183311462402, -1.811849492214682, -5.150747690055502, -3.947044304461485, -0.20673591010862058
5, 1763439514.825929, 5.4836273193359375e-05, -3.1185407638549805, 3.1390178203582764, 1.5691051483154297, 0.0006268024444580078, -1.5695290565490723, 0.022484183311462402, -1.8118453440673714, -5.1507498429726555, -3.9470409639891386, -0.2067292227287938
6, 1763439514.846164, 3.2901763916015625e-05, -3.1185481548309326, 3.1390178203582764, 1.5690960884094238, 0.0006361007690429688, -1.5695385932922363, 0.022514700889587402, -1.811843725995252, -5.150756109061589, -3.947042326014615, -0.2067166632320001
7, 1763439514.869777, 6.985664367675781e-05, -3.118525981903076, 3.1390178203582764, 1.5690960884094238, 0.0006086826324462891, -1.5695199966430664, 0.022476494312286377, -1.8118412832646364, -5.150751233672722, -3.9470407947821275, -0.20671392854561432
8, 1763439514.899629, 4.00543212890625e-05, -3.1185481548309326, 3.1390178203582764, 1.5690869092941284, 0.0006361007690429688, -1.5695290565490723, 0.022491812705993652, -1.8118368953097752, -5.150745740852072, -3.9470454663153554, -0.20671593438265745
9, 1763439514.917165, 7.724761962890625e-05, -3.1185407638549805, 3.1390178203582764, 1.5690960884094238, 0.0005812644958496094, -1.569565773010254, 0.022484183311462402, -1.811831829828982, -5.150747401644628, -3.9470446686705865, -0.2067154007547547
10, 1763439514.935454, 4.744529724121094e-05, -3.1185481548309326, 3.1390178203582764, 1.5690960884094238, 0.0006086826324462891, -1.5695290565490723, 0.022491812705993652, -1.811830547110132, -5.150738737307688, -3.9470413451999233, -0.20671508473926625
11, 1763439514.959523, 6.222724914550781e-05, -3.1185407638549805, 3.139009714126587, 1.5691051483154297, 0.0005996227264404297, -1.5695290565490723, 0.022476494312286377, -1.8118361970008787, -5.150736796033945, -3.947042993181559, -0.206721376943225
12, 1763439514.975869, 6.222724914550781e-05, -3.1185481548309326, 3.139009714126587, 1.5690960884094238, 0.0005903244018554688, -1.5695385932922363, 0.022484183311462402, -1.8118358561242807, -5.150742087132188, -3.9470420996287467, -0.20671259699860833
13, 1763439514.999285, 4.744529724121094e-05, -3.1185555458068848, 3.1390256881713867, 1.5690869092941284, 0.0006177425384521484, -1.5695476531982422, 0.022484183311462402, -1.811844907124552, -5.150749329978616, -3.9470437524573, -0.20672660410403676
14, 1763439515.021216, 6.985664367675781e-05, -3.1185407638549805, 3.1390178203582764, 1.5690869092941284, 0.0006086826324462891, -1.5695476531982422, 0.022461235523223877, -1.8118435949897282, -5.150757659441877, -3.94704082266249, -0.20673519860562095
15, 1763439515.043419, 6.222724914550781e-05, -3.1185407638549805, 3.139009714126587, 1.5691051483154297, 0.0006086826324462891, -1.5695385932922363, 0.022484183311462402, -1.8118413862106775, -5.150749823048206, -3.9470416008283875, -0.2067177207094968
16, 1763439515.0691378, 9.179115295410156e-05, -3.1185555458068848, 3.1390178203582764, 1.5690960884094238, 0.0005996227264404297, -1.5695290565490723, 0.022468924522399902, -1.8118534606824999, -5.150748518649565, -3.9470424261572803, -0.20672671795261355
17, 1763439515.087405, 5.4836273193359375e-05, -3.1185407638549805, 3.1390256881713867, 1.5691051483154297, 0.0006268024444580078, -1.5695290565490723, 0.022491812705993652, -1.8118630962172833, -5.150746249934188, -3.947042898518082, -0.20673019630957068
18, 1763439515.10636, 7.724761962890625e-05, -3.1185407638549805, 3.1390178203582764, 1.5690960884094238, 0.0005996227264404297, -1.5695199966430664, 0.022484183311462402, -1.8118605779521126, -5.1507518147062905, -3.947043015143936, -0.20672793343714257
19, 1763439515.1401541, 5.4836273193359375e-05, -3.1185481548309326, 3.1390178203582764, 1.5690960884094238, 0.0006361007690429688, -1.569556713104248, 0.022484183311462402, -1.811852497906762, -5.150756376323657, -3.947039589425693, -0.2067173823031645
20, 1763439515.1552289, 6.222724914550781e-05, -3.1185481548309326, 3.1390178203582764, 1.5690869092941284, 0.0006086826324462891, -1.5695290565490723, 0.022507071495056152, -1.8118571099823844, -5.150750750825008, -3.947039607454718, -0.20671334571662214
21, 1763439515.180162, 5.4836273193359375e-05, -3.118533134460449, 3.1390178203582764, 1.5691051483154297, 0.0005996227264404297, -1.5695385932922363, 0.022507071495056152, -1.811850491226616, -5.150760313367622, -3.947040687142905, -0.20671952659194037
22, 1763439515.2001228, 6.222724914550781e-05, -3.1185481548309326, 3.1390178203582764, 1.5690869092941284, 0.0005903244018554688, -1.5695385932922363, 0.022476494312286377, -1.811853269378557, -5.150766048067563, -3.947040928006718, -0.20671138655840693
23, 1763439515.224579, 6.222724914550781e-05, -3.118533134460449, 3.139009714126587, 1.5690960884094238, 0.0006177425384521484, -1.5695018768310547, 0.022514700889587402, -1.8118585023351272, -5.150767514716281, -3.9470433046500246, -0.20671919796379434
24, 1763439515.2473211, 6.985664367675781e-05, -3.118533134460449, 3.1390178203582764, 1.5690869092941284, 0.0006086826324462891, -1.5695199966430664, 0.022499442100524902, -1.8118491095920393, -5.150762467808733, -3.9470420373384663, -0.2067357915247916
25, 1763439515.2685492, 6.222724914550781e-05, -3.1185481548309326, 3.1390178203582764, 1.5691051483154297, 0.0006361007690429688, -1.5695385932922363, 0.022484183311462402, -1.8118448689326452, -5.1507679445527215, -3.947040266835168, -0.20672717967861143
26, 1763439515.292726, 8.440017700195312e-05, -3.118533134460449, 3.139009714126587, 1.5690960884094238, 0.0006177425384521484, -1.5695109367370605, 0.022468924522399902, -1.8118517329237502, -5.150776602277037, -3.9470386365516807, -0.20672132238529617
27, 1763439515.328255, 5.4836273193359375e-05, -3.118533134460449, 3.1390178203582764, 1.5690869092941284, 0.0006268024444580078, -1.5695109367370605, 0.022484183311462402, -1.8118431555707888, -5.150759277572394, -3.947041596316611, -0.20671647305559837
28, 1763439515.341443, 6.222724914550781e-05, -3.1185481548309326, 3.139009714126587, 1.5690960884094238, 0.0006086826324462891, -1.5695290565490723, 0.022491812705993652, -1.8118450463370175, -5.150763309453123, -3.947038867732199, -0.20671247841462748
29, 1763439515.3569942, 4.00543212890625e-05, -3.1185407638549805, 3.1390178203582764, 1.5690960884094238, 0.0006451606750488281, -1.5695199966430664, 0.022484183311462402, -1.8118505748619818, -5.150769555447788, -3.947041007891676, -0.20670605784724394
30, 1763439515.392587, 5.4836273193359375e-05, -3.1185481548309326, 3.1390256881713867, 1.5690960884094238, 0.0006268024444580078, -1.5695199966430664, 0.022499442100524902, -1.8118387770119808, -5.150752751824177, -3.947042096176906, -0.20669364657859113
31, 1763439515.403533, 4.00543212890625e-05, -3.1185407638549805, 3.139009714126587, 1.5690960884094238, 0.0006268024444580078, -1.5695385932922363, 0.022514700889587402, -1.811831555293817, -5.150758891618895, -3.94703889254461, -0.20669645537952075
32, 1763439515.424989, 6.222724914550781e-05, -3.1185407638549805, 3.1390178203582764, 1.5690960884094238, 0.00057220458984375, -1.5695385932922363, 0.022476494312286377, -1.8118299080593672, -5.150758930111078, -3.947040586595093, -0.20668768299939178
33, 1763439515.455898, 4.744529724121094e-05, -3.1185481548309326, 3.139009714126587, 1.5690960884094238, 0.0006268024444580078, -1.5695385932922363, 0.022499442100524902, -1.8118226655603524, -5.1507603305230445, -3.947040000347052, -0.20667777177040847
34, 1763439515.4690392, 7.724761962890625e-05, -3.1185555458068848, 3.1390178203582764, 1.5690960884094238, 0.0006086826324462891, -1.5695290565490723, 0.022484183311462402, -1.8118133528426204, -5.150754391857388, -3.9470377621269748, -0.20668084486087057
35, 1763439515.503276, 4.00543212890625e-05, -3.1185407638549805, 3.1390178203582764, 1.5691051483154297, 0.0006361007690429688, -1.5695385932922363, 0.022499442100524902, -1.8118093401986934, -5.150762836754491, -3.947038244222595, -0.2066659187229245
36, 1763439515.5104241, 4.744529724121094e-05, -3.1185481548309326, 3.1390256881713867, 1.5690960884094238, 0.0006086826324462891, -1.5695290565490723, 0.022499442100524902, -1.8118095724612706, -5.15076750327155, -3.9470398976925027, -0.20666687464382516
37, 1763439515.533531, 6.222724914550781e-05, -3.1185407638549805, 3.139009714126587, 1.5690960884094238, 0.0006086826324462891, -1.5695476531982422, 0.022491812705993652, -1.8118072672087346, -5.150772282473374, -3.9470368472882913, -0.20668109432765025
38, 1763439515.552917, 6.222724914550781e-05, -3.1185407638549805, 3.1390256881713867, 1.5690960884094238, 0.0006451606750488281, -1.5695385932922363, 0.022491812705993652, -1.811817275037364, -5.150766742459071, -3.947037218689532, -0.20668304844240648
39, 1763439515.5761669, 6.985664367675781e-05, -3.118525981903076, 3.1390178203582764, 1.5691051483154297, 0.00057220458984375, -1.5695385932922363, 0.022476494312286377, -1.8118198595352073, -5.1507608962243845, -3.9470389760547784, -0.20669323878543455
40, 1763439515.600148, 6.222724914550781e-05, -3.118533134460449, 3.1390256881713867, 1.5690778493881226, 0.0006268024444580078, -1.5695385932922363, 0.022499442100524902, -1.8118035040539437, -5.1507703282914195, -3.9470392204893927, -0.20669272723097354
41, 1763439515.6323981, 6.985664367675781e-05, -3.1185407638549805, 3.139009714126587, 1.5690960884094238, 0.0006177425384521484, -1.5695476531982422, 0.022507071495056152, -1.8117854723570146, -5.150779656526799, -3.947038481370468, -0.20669469112092465
42, 1763439515.6455739, 5.4836273193359375e-05, -3.1185481548309326, 3.139009714126587, 1.5690869092941284, 0.0006268024444580078, -1.5695476531982422, 0.022507071495056152, -1.8117879133006436, -5.150767667997549, -3.947037997502735, -0.20669878700214817
43, 1763439515.669814, 9.918212890625e-05, -3.1185555458068848, 3.139009714126587, 1.5690960884094238, 0.0006177425384521484, -1.5695290565490723, 0.022461235523223877, -1.8117802309987907, -5.150775942233217, -3.947039364531215, -0.20670702323430046
44, 1763439515.687831, 6.222724914550781e-05, -3.118533134460449, 3.1390178203582764, 1.5690960884094238, 0.0006086826324462891, -1.5695199966430664, 0.022491812705993652, -1.8117801450133248, -5.150775782794999, -3.9470393861167525, -0.2067118009745652
45, 1763439515.7086039, 6.985664367675781e-05, -3.1185481548309326, 3.1390178203582764, 1.5690960884094238, 0.0006086826324462891, -1.5695476531982422, 0.022484183311462402, -1.811793322275937, -5.150767016233303, -3.947039737198964, -0.20670504956666136
46, 1763439515.7320588, 6.985664367675781e-05, -3.1185407638549805, 3.1390178203582764, 1.5691051483154297, 0.0006268024444580078, -1.5695290565490723, 0.022484183311462402, -1.8117833699445378, -5.150772862014675, -3.947040742707125, -0.20671087721651826
47, 1763439515.7517598, 5.4836273193359375e-05, -3.118533134460449, 3.1390178203582764, 1.5690869092941284, 0.0006451606750488281, -1.5695290565490723, 0.022499442100524902, -1.811772730496835, -5.150771194737047, -3.9470400736534796, -0.2067153682735583
48, 1763439515.771297, 7.724761962890625e-05, -3.118533134460449, 3.1390178203582764, 1.5690869092941284, 0.0006177425384521484, -1.5695476531982422, 0.022484183311462402, -1.811779996790878, -5.15075670870339, -3.947042797234102, -0.206707220979629
49, 1763439515.796084, 6.222724914550781e-05, -3.1185407638549805, 3.139009714126587, 1.5691051483154297, 0.0006086826324462891, -1.5695199966430664, 0.022499442100524902, -1.811781618803212, -5.150757647564741, -3.947044095559034, -0.20671837229805856
50, 1763439515.8128068, 5.4836273193359375e-05, -3.1185407638549805, 3.139009714126587, 1.5690960884094238, 0.0006268024444580078, -1.5695109367370605, 0.022499442100524902, -1.811766839458215, -5.150768604691077, -3.947041166583953, -0.2067184117222256
51, 1763439515.837213, 6.222724914550781e-05, -3.1185407638549805, 3.139009714126587, 1.5690960884094238, 0.0006086826324462891, -1.5695476531982422, 0.022491812705993652, -1.8117606094184557, -5.150772409761922, -3.9470400560405685, -0.20670802110686015
52, 1763439515.8587499, 6.985664367675781e-05, -3.1185407638549805, 3.1390256881713867, 1.5690960884094238, 0.0006633996963500977, -1.5695199966430664, 0.022514700889587402, -1.8117585560882976, -5.150777317417479, -3.9470410782308716, -0.2067191131368329
53, 1763439515.881577, 4.00543212890625e-05, -3.1185407638549805, 3.1390178203582764, 1.5690869092941284, 0.0006361007690429688, -1.5695385932922363, 0.022468924522399902, -1.8117488560307078, -5.150785868727883, -3.947038407654007, -0.20672380194000262
54, 1763439515.903441, 5.4836273193359375e-05, -3.1185407638549805, 3.1390178203582764, 1.5690960884094238, 0.0006451606750488281, -1.5695199966430664, 0.022514700889587402, -1.8117542724055935, -5.150785546753761, -3.947043539521576, -0.2067277174253519
55, 1763439515.929197, 6.985664367675781e-05, -3.1185407638549805, 3.1390178203582764, 1.5690869092941284, 0.0006086826324462891, -1.5695476531982422, 0.022491812705993652, -1.8117454095784111, -5.150793486776482, -3.9470402792959405, -0.20674367109480052
56, 1763439515.948278, 4.00543212890625e-05, -3.118562936782837, 3.1390178203582764, 1.5690869092941284, 0.0006361007690429688, -1.5695199966430664, 0.022484183311462402, -1.8117377855862669, -5.150793888199031, -3.947040676336033, -0.2067392317603467
57, 1763439515.968908, 7.724761962890625e-05, -3.1185407638549805, 3.1390178203582764, 1.5690869092941284, 0.00057220458984375, -1.5695385932922363, 0.022476494312286377, -1.8117501462926842, -5.150791207965866, -3.9470418682326875, -0.2067320280892071
58, 1763439515.995771, 5.4836273193359375e-05, -3.1185407638549805, 3.1390178203582764, 1.5690960884094238, 0.0005996227264404297, -1.5695199966430664, 0.022507071495056152, -1.811737019809141, -5.150796071743706, -3.947041267746455, -0.20674751246802003
59, 1763439516.017008, 7.724761962890625e-05, -3.118533134460449, 3.1390178203582764, 1.5690960884094238, 0.0005903244018554688, -1.5695476531982422, 0.022491812705993652, -1.8117246738313688, -5.150800524897834, -3.9470420287144767, -0.20674422428492
60, 1763439516.039988, 6.222724914550781e-05, -3.1185555458068848, 3.139009714126587, 1.5690960884094238, 0.0006177425384521484, -1.5695109367370605, 0.022484183311462402, -1.8117268190730507, -5.15080118561807, -3.9470416138808835, -0.2067192657892205
61, 1763439516.058978, 9.179115295410156e-05, -3.1185407638549805, 3.139009714126587, 1.5690869092941284, 0.0005996227264404297, -1.5695109367370605, 0.022476494312286377, -1.8117160848485052, -5.150811434301527, -3.947040827302996, -0.20671687928367266
62, 1763439516.0835829, 6.222724914550781e-05, -3.1185407638549805, 3.1390256881713867, 1.5690960884094238, 0.0006451606750488281, -1.5695385932922363, 0.022499442100524902, -1.8117060561192657, -5.150809125097599, -3.947041035292567, -0.2067098534853269
63, 1763439516.101723, 5.4836273193359375e-05, -3.1185481548309326, 3.1390178203582764, 1.5690960884094238, 0.0006268024444580078, -1.5695385932922363, 0.022499442100524902, -1.8117117233868205, -5.1508045030735, -3.9470407381221597, -0.20671337884146368
64, 1763439516.127088, 5.4836273193359375e-05, -3.1185481548309326, 3.1390178203582764, 1.5690960884094238, 0.0006268024444580078, -1.5695199966430664, 0.022491812705993652, -1.8117200646245517, -5.150806746578665, -3.947040794081145, -0.2067164891523321
65, 1763439516.1473448, 8.440017700195312e-05, -3.118533134460449, 3.1390178203582764, 1.5691051483154297, 0.0005812644958496094, -1.5695385932922363, 0.022484183311462402, -1.8117150151875638, -5.150809806408375, -3.9470415490348283, -0.20672235875428058
66, 1763439516.1716921, 6.985664367675781e-05, -3.118525981903076, 3.1390256881713867, 1.5690960884094238, 0.0006268024444580078, -1.5695385932922363, 0.022484183311462402, -1.8117146920770484, -5.15081287120491, -3.9470438718281478, -0.2067212000370997
67, 1763439516.198261, 7.724761962890625e-05, -3.118533134460449, 3.1390256881713867, 1.5691051483154297, 0.0005996227264404297, -1.569556713104248, 0.022476494312286377, -1.8117144782211667, -5.150817578031418, -3.947041896139708, -0.20672968826926041
68, 1763439516.21528, 6.222724914550781e-05, -3.118533134460449, 3.1390178203582764, 1.5690960884094238, 0.0006451606750488281, -1.5695290565490723, 0.022476494312286377, -1.811701416528845, -5.150826397380901, -3.9470434164737975, -0.20673160517356237
69, 1763439516.237856, 4.744529724121094e-05, -3.1185407638549805, 3.1390178203582764, 1.5690960884094238, 0.0006268024444580078, -1.5695476531982422, 0.022507071495056152, -1.8116974351027362, -5.150830635009149, -3.947043199328866, -0.20674482920475246
70, 1763439516.259024, 6.985664367675781e-05, -3.118533134460449, 3.139009714126587, 1.5691051483154297, 0.0005903244018554688, -1.5695199966430664, 0.022484183311462402, -1.8116984954643396, -5.150828561947227, -3.9470389591085397, -0.20672965105800856
71, 1763439516.2810261, 5.4836273193359375e-05, -3.1185407638549805, 3.1390256881713867, 1.5690960884094238, 0.0005903244018554688, -1.5695109367370605, 0.022514700889587402, -1.811704336672054, -5.150830999493925, -3.947042310187149, -0.20670448029620303
72, 1763439516.30268, 6.222724914550781e-05, -3.1185407638549805, 3.1390178203582764, 1.5690960884094238, 0.0006268024444580078, -1.5695385932922363, 0.022491812705993652, -1.8117018883493161, -5.150849027806328, -3.947041262219105, -0.20669781024988332
73, 1763439516.32722, 7.724761962890625e-05, -3.118533134460449, 3.139009714126587, 1.5690869092941284, 0.0005903244018554688, -1.5695385932922363, 0.022499442100524902, -1.811706786201205, -5.150840025212999, -3.947038124272121, -0.20671470282247384
74, 1763439516.3482618, 8.440017700195312e-05, -3.118533134460449, 3.1390178203582764, 1.5691051483154297, 0.0005903244018554688, -1.569556713104248, 0.022484183311462402, -1.8116991472202544, -5.150843932451003, -3.947037164040899, -0.20672554034819424
75, 1763439516.369605, 6.985664367675781e-05, -3.1185481548309326, 3.1390178203582764, 1.569114327430725, 0.0006361007690429688, -1.569556713104248, 0.022499442100524902, -1.811703783534889, -5.150847472071906, -3.9470384859685166, -0.20672685707436766
76, 1763439516.395516, 6.985664367675781e-05, -3.1185481548309326, 3.1390178203582764, 1.5690960884094238, 0.0006268024444580078, -1.5695385932922363, 0.022484183311462402, -1.8117021204285804, -5.150845103727371, -3.947039127075367, -0.20673518477667407
77, 1763439516.4164119, 7.724761962890625e-05, -3.118533134460449, 3.1390178203582764, 1.5691051483154297, 0.0005903244018554688, -1.5695385932922363, 0.022484183311462402, -1.8116978065036209, -5.150838917892625, -3.9470397905410923, -0.20672904583634288
78, 1763439516.4355159, 5.4836273193359375e-05, -3.1185407638549805, 3.139009714126587, 1.5690778493881226, 0.0005903244018554688, -1.5695476531982422, 0.022468924522399902, -1.8117017872191252, -5.150847383831646, -3.947040044031088, -0.2067299352169325
79, 1763439516.459347, 5.4836273193359375e-05, -3.1185407638549805, 3.139009714126587, 1.5690960884094238, 0.0006361007690429688, -1.5695109367370605, 0.022507071495056152, -1.8116948891127997, -5.150843850585828, -3.947039028046774, -0.20673176570503315
80, 1763439516.480553, 6.222724914550781e-05, -3.1185407638549805, 3.1390256881713867, 1.569114327430725, 0.0006451606750488281, -1.5695290565490723, 0.022476494312286377, -1.8116970519641225, -5.15084475603748, -3.9470385838976565, -0.20673351481993496
81, 1763439516.5051908, 6.222724914550781e-05, -3.118533134460449, 3.1390178203582764, 1.5690869092941284, 0.0006451606750488281, -1.5695476531982422, 0.022476494312286377, -1.8117001017394427, -5.15083943986802, -3.9470409568116724, -0.2067319363229574
82, 1763439516.526164, 8.440017700195312e-05, -3.1185407638549805, 3.1390178203582764, 1.5690869092941284, 0.0005447864532470703, -1.5695199966430664, 0.022476494312286377, -1.8116986130468555, -5.150824943052251, -3.9470405508383783, -0.20673775893676893
83, 1763439516.545938, 5.4836273193359375e-05, -3.118525981903076, 3.1390178203582764, 1.5690869092941284, 0.0006086826324462891, -1.5695199966430664, 0.022476494312286377, -1.811687042475879, -5.150833315076298, -3.9470389330879603, -0.2067399328757551
84, 1763439516.568856, 7.724761962890625e-05, -3.1185555458068848, 3.1390256881713867, 1.5691051483154297, 0.0005812644958496094, -1.5695476531982422, 0.022499442100524902, -1.8116798048179148, -5.150842778360456, -3.9470390781630336, -0.20675009106741182
85, 1763439516.596978, 6.222724914550781e-05, -3.1185407638549805, 3.139009714126587, 1.5690960884094238, 0.0006268024444580078, -1.5695290565490723, 0.022484183311462402, -1.8116736900600299, -5.15083075791927, -3.9470394068631363, -0.20673085645809586
86, 1763439516.614431, 6.985664367675781e-05, -3.118533134460449, 3.1390178203582764, 1.5690960884094238, 0.0005996227264404297, -1.5695109367370605, 0.022499442100524902, -1.811670097341505, -5.150843325564338, -3.947040639356947, -0.20673394185969673
87, 1763439516.636311, 6.222724914550781e-05, -3.1185407638549805, 3.1390178203582764, 1.5690869092941284, 0.0006268024444580078, -1.5695109367370605, 0.022491812705993652, -1.8116691345797638, -5.1508584367914105, -3.9470356081445654, -0.20674406062743333
88, 1763439516.663072, 8.440017700195312e-05, -3.1185407638549805, 3.1390256881713867, 1.5690869092941284, 0.0005538463592529297, -1.5695199966430664, 0.022484183311462402, -1.8116599089396788, -5.150856896454235, -3.947037741737821, -0.20674631594295967
89, 1763439516.6845162, 4.744529724121094e-05, -3.1185407638549805, 3.1390178203582764, 1.5691051483154297, 0.0006361007690429688, -1.5695290565490723, 0.022507071495056152, -1.8116530844828391, -5.150866314281125, -3.947038625381777, -0.20676756366789828
90, 1763439516.705811, 8.440017700195312e-05, -3.1185407638549805, 3.1390178203582764, 1.569114327430725, 0.0005447864532470703, -1.5695476531982422, 0.022499442100524902, -1.8116516206587576, -5.150873120880916, -3.947036749534905, -0.20675262520081805
91, 1763439516.730207, 8.440017700195312e-05, -3.1185481548309326, 3.1390178203582764, 1.5690778493881226, 0.0006542205810546875, -1.5695199966430664, 0.022484183311462402, -1.8116452257010731, -5.150862892887976, -3.9470397887164657, -0.2067424941280489
92, 1763439516.752293, 8.440017700195312e-05, -3.1185481548309326, 3.1390178203582764, 1.5690778493881226, 0.00057220458984375, -1.5695476531982422, 0.022484183311462402, -1.811632466501654, -5.150856385515492, -3.9470374211973707, -0.20674259032620235
93, 1763439516.7722728, 7.724761962890625e-05, -3.1185481548309326, 3.1390178203582764, 1.5690960884094238, 0.0006268024444580078, -1.5695385932922363, 0.022484183311462402, -1.8116379936821878, -5.150863885625322, -3.9470368010111803, -0.20674238058593897
94, 1763439516.79584, 4.744529724121094e-05, -3.1185407638549805, 3.1390178203582764, 1.5690960884094238, 0.0005903244018554688, -1.5695385932922363, 0.022476494312286377, -1.8116355495553569, -5.150854678686255, -3.9470391380116183, -0.2067249370303692
95, 1763439516.815514, 8.440017700195312e-05, -3.1185481548309326, 3.1390178203582764, 1.5690960884094238, 0.0005812644958496094, -1.5695385932922363, 0.022468924522399902, -1.8116288811986725, -5.150855366575469, -3.9470372439817387, -0.20674298076639808
96, 1763439516.840106, 6.222724914550781e-05, -3.118525981903076, 3.1390018463134766, 1.5690960884094238, 0.0006177425384521484, -1.5695199966430664, 0.022491812705993652, -1.8116358811356683, -5.1508517512704, -3.947037258044716, -0.20674675559164157
97, 1763439516.862595, 7.724761962890625e-05, -3.1185555458068848, 3.1390178203582764, 1.569114327430725, 0.0006086826324462891, -1.569556713104248, 0.022484183311462402, -1.8116368477919202, -5.1508508197107385, -3.947040164573556, -0.20675173330024865
98, 1763439516.88297, 5.4836273193359375e-05, -3.1185407638549805, 3.139009714126587, 1.5691051483154297, 0.0006361007690429688, -1.5695109367370605, 0.022491812705993652, -1.8116257219965868, -5.150859282782772, -3.9470383910252504, -0.20674083142978095
99, 1763439516.9027588, 7.724761962890625e-05, -3.118533134460449, 3.1390256881713867, 1.5690778493881226, 0.0005356073379516602, -1.5695385932922363, 0.022476494312286377, -1.8116195332341032, -5.150865488301602, -3.947040170923689, -0.20674660706021708
100, 1763439516.9280388, 4.744529724121094e-05, -3.1185481548309326, 3.1390178203582764, 1.5690960884094238, 0.0006361007690429688, -1.569556713104248, 0.022484183311462402, -1.811606370149823, -5.150870344015, -3.9470375848364405, -0.20675487295796469
101, 1763439516.949685, 6.985664367675781e-05, -3.1185555458068848, 3.1390178203582764, 1.5691051483154297, 0.00057220458984375, -1.569556713104248, 0.022476494312286377, -1.8115944001904885, -5.150873572171435, -3.9470352964804443, -0.20676033478926925
102, 1763439516.972212, 5.4836273193359375e-05, -3.1185481548309326, 3.1390178203582764, 1.5690869092941284, 0.0006361007690429688, -1.5695290565490723, 0.022484183311462402, -1.811597979517444, -5.150883908991456, -3.9470376394575712, -0.20672902756847922
103, 1763439516.998066, 7.724761962890625e-05, -3.1185481548309326, 3.139009714126587, 1.569114327430725, 0.0005630254745483398, -1.5695385932922363, 0.022491812705993652, -1.8115867737045417, -5.150880681472115, -3.9470378485409716, -0.20671946449982848
104, 1763439517.014257, 8.440017700195312e-05, -3.118533134460449, 3.139009714126587, 1.5690778493881226, 0.0005630254745483398, -1.5695199966430664, 0.022468924522399902, -1.8115778797916975, -5.150888207166851, -3.9470383418587187, -0.20671925697729865
105, 1763439517.034673, 6.222724914550781e-05, -3.1185407638549805, 3.1390178203582764, 1.5690778493881226, 0.0006361007690429688, -1.5695476531982422, 0.022507071495056152, -1.811579352546831, -5.150889681682803, -3.9470364078620364, -0.20670599098111975
106, 1763439517.060025, 6.222724914550781e-05, -3.1185481548309326, 3.139009714126587, 1.5690869092941284, 0.0005630254745483398, -1.5695385932922363, 0.022484183311462402, -1.8115878796449598, -5.150890950786542, -3.9470377682592463, -0.20670207044289057
107, 1763439517.081254, 5.4836273193359375e-05, -3.1185407638549805, 3.1390178203582764, 1.5690869092941284, 0.0006086826324462891, -1.5695290565490723, 0.022499442100524902, -1.811583247744573, -5.150888912131292, -3.9470368423127735, -0.20670587239673743
108, 1763439517.105334, 7.724761962890625e-05, -3.1185407638549805, 3.139009714126587, 1.5690869092941284, 0.00057220458984375, -1.569565773010254, 0.022468924522399902, -1.8115777847736183, -5.15088750315708, -3.9470399802353593, -0.20669931587856638
109, 1763439517.127512, 9.179115295410156e-05, -3.1185481548309326, 3.1390178203582764, 1.5691051483154297, 0.00057220458984375, -1.5695199966430664, 0.022507071495056152, -1.8115678174505163, -5.150888208545733, -3.947041452813079, -0.2066864005868494
110, 1763439517.150304, 7.724761962890625e-05, -3.1185481548309326, 3.139009714126587, 1.5690869092941284, 0.0006086826324462891, -1.5695385932922363, 0.022484183311462402, -1.8115485955581265, -5.150893210962644, -3.947035510697981, -0.2067034042004927
111, 1763439517.177879, 6.985664367675781e-05, -3.1185481548309326, 3.1390178203582764, 1.569114327430725, 0.0005996227264404297, -1.5695290565490723, 0.022476494312286377, -1.8115412438155811, -5.150901832706364, -3.947036587012711, -0.2067316184627792
112, 1763439517.1955929, 6.222724914550781e-05, -3.1185481548309326, 3.1390178203582764, 1.5690869092941284, 0.0005903244018554688, -1.5695199966430664, 0.022484183311462402, -1.8115363047237345, -5.150899642896431, -3.947039436260577, -0.20672336233849276
113, 1763439517.215924, 5.4836273193359375e-05, -3.1185407638549805, 3.1390178203582764, 1.5691051483154297, 0.0006268024444580078, -1.5695476531982422, 0.022491812705993652, -1.8115231322320864, -5.150905891982009, -3.9470334653351946, -0.20673074138199166
114, 1763439517.239125, 8.440017700195312e-05, -3.1185407638549805, 3.1390178203582764, 1.5690960884094238, 0.0005903244018554688, -1.5695109367370605, 0.022461235523223877, -1.8115169555068396, -5.15091029401391, -3.947034352944102, -0.2067323791742215
115, 1763439517.2641358, 5.4836273193359375e-05, -3.1185407638549805, 3.1390178203582764, 1.5691051483154297, 0.0005996227264404297, -1.5695290565490723, 0.022476494312286377, -1.8115102567163957, -5.150910762758373, -3.94703550879193, -0.20674210499684786
116, 1763439517.286925, 8.440017700195312e-05, -3.1185555458068848, 3.139009714126587, 1.5690960884094238, 0.0006086826324462891, -1.5695385932922363, 0.022476494312286377, -1.8115073622127809, -5.150903778641468, -3.947037369010548, -0.20674478292361353
117, 1763439517.305428, 5.4836273193359375e-05, -3.1185481548309326, 3.1390178203582764, 1.5691051483154297, 0.0006451606750488281, -1.5695290565490723, 0.022514700889587402, -1.811501284070645, -5.150911132307047, -3.9470374629981957, -0.2067547162718224
118, 1763439517.328695, 7.724761962890625e-05, -3.1185407638549805, 3.1390256881713867, 1.5690778493881226, 0.00057220458984375, -1.5695385932922363, 0.022461235523223877, -1.811495770908485, -5.150918689160619, -3.947039720889085, -0.2067657490458048
119, 1763439517.347117, 7.724761962890625e-05, -3.1185481548309326, 3.1390178203582764, 1.5690869092941284, 0.0005903244018554688, -1.569556713104248, 0.022468924522399902, -1.81148519905756, -5.150911655116755, -3.947037297205023, -0.20677329366634734
120, 1763439517.3699179, 4.744529724121094e-05, -3.118533134460449, 3.1390178203582764, 1.5690960884094238, 0.0006177425384521484, -1.5695109367370605, 0.022507071495056152, -1.8114839568842012, -5.150907078569697, -3.9470367912117688, -0.20676080571675204
121, 1763439517.393235, 5.4836273193359375e-05, -3.1185407638549805, 3.139009714126587, 1.5690869092941284, 0.0006177425384521484, -1.5695476531982422, 0.022476494312286377, -1.8114732789775287, -5.150935084496917, -3.947039586517454, -0.2067793954174144
122, 1763439517.417325, 5.4836273193359375e-05, -3.1185555458068848, 3.1390178203582764, 1.5690960884094238, 0.0006086826324462891, -1.5695476531982422, 0.022468924522399902, -1.811463315682504, -5.150923604230327, -3.9470370972204423, -0.20678802434932386
123, 1763439517.43654, 5.4836273193359375e-05, -3.1185481548309326, 3.1390256881713867, 1.5690960884094238, 0.0006177425384521484, -1.5695290565490723, 0.022476494312286377, -1.8114740874705522, -5.150928366579205, -3.9470391408998693, -0.20678403472979578
124, 1763439517.4613068, 6.222724914550781e-05, -3.118533134460449, 3.1390178203582764, 1.5690960884094238, 0.0006361007690429688, -1.5695290565490723, 0.022507071495056152, -1.811465044366242, -5.150937464646827, -3.947033881436061, -0.20677933612538357
125, 1763439517.482049, 7.724761962890625e-05, -3.1185481548309326, 3.139009714126587, 1.5690869092941284, 0.00057220458984375, -1.5695385932922363, 0.022461235523223877, -1.8114681650030695, -5.150919646720928, -3.9470380231661313, -0.20679032695091593
126, 1763439517.5056572, 4.00543212890625e-05, -3.1185555458068848, 3.1390178203582764, 1.5690960884094238, 0.0006542205810546875, -1.5695476531982422, 0.022476494312286377, -1.8114680576221742, -5.150917530485464, -3.947039106100241, -0.20678558610850217
127, 1763439517.5285802, 7.724761962890625e-05, -3.1185407638549805, 3.1390178203582764, 1.569114327430725, 0.0005996227264404297, -1.5695199966430664, 0.022484183311462402, -1.8114523400068645, -5.150926879499872, -3.947038287433253, -0.20678416058141202
128, 1763439517.54933, 5.4836273193359375e-05, -3.1185555458068848, 3.1390178203582764, 1.5690960884094238, 0.0006361007690429688, -1.5695199966430664, 0.022507071495056152, -1.8114466575061243, -5.150910999195194, -3.947038563742551, -0.20677233239772086
129, 1763439517.571218, 8.440017700195312e-05, -3.1185481548309326, 3.1390178203582764, 1.5691051483154297, 0.0005630254745483398, -1.5695290565490723, 0.022468924522399902, -1.8114520179678881, -5.150908704338391, -3.9470400281109086, -0.20677136890163972
130, 1763439517.594468, 5.4836273193359375e-05, -3.1185555458068848, 3.139009714126587, 1.5690869092941284, 0.0006361007690429688, -1.5695290565490723, 0.022476494312286377, -1.811433602788879, -5.150915624310777, -3.9470372349194403, -0.20676942960553202
131, 1763439517.614503, 8.440017700195312e-05, -3.1185555458068848, 3.139009714126587, 1.5690869092941284, 0.0005447864532470703, -1.5695385932922363, 0.022476494312286377, -1.811424243874768, -5.150909613351858, -3.947036430509928, -0.20677643808160528
132, 1763439517.636468, 6.222724914550781e-05, -3.1185407638549805, 3.1390178203582764, 1.5691051483154297, 0.0006361007690429688, -1.5695476531982422, 0.022491812705993652, -1.8114277230710716, -5.150918682516073, -3.9470395249341816, -0.20677803392938898
133, 1763439517.661995, 8.440017700195312e-05, -3.118533134460449, 3.139009714126587, 1.5691051483154297, 0.00057220458984375, -1.5695290565490723, 0.022499442100524902, -1.8114091214444414, -5.150916874281009, -3.9470372726244403, -0.20677309059879878
134, 1763439517.6833842, 6.985664367675781e-05, -3.1185555458068848, 3.1390178203582764, 1.5690869092941284, 0.0005903244018554688, -1.5695109367370605, 0.022476494312286377, -1.8114114469838518, -5.150908234242953, -3.947037328332703, -0.20676341649720165
135, 1763439517.706072, 7.724761962890625e-05, -3.118533134460449, 3.1390178203582764, 1.5690869092941284, 0.0005812644958496094, -1.5695109367370605, 0.022499442100524902, -1.8114108254907522, -5.150915887446973, -3.9470392075523018, -0.20678306116018597
136, 1763439517.728414, 6.222724914550781e-05, -3.1185481548309326, 3.1390178203582764, 1.5690960884094238, 0.0006451606750488281, -1.5695290565490723, 0.022491812705993652, -1.8114005817102172, -5.150917784704724, -3.9470363209108674, -0.20678502506515795
137, 1763439517.747942, 6.222724914550781e-05, -3.1185407638549805, 3.1390178203582764, 1.5690778493881226, 0.0006451606750488281, -1.5695199966430664, 0.022491812705993652, -1.8113955766991234, -5.150906450354943, -3.947035958142424, -0.2067850966617879
138, 1763439517.769582, 6.985664367675781e-05, -3.1185481548309326, 3.1390178203582764, 1.5691051483154297, 0.0005812644958496094, -1.5695290565490723, 0.022461235523223877, -1.8113877795672688, -5.150920758441444, -3.9470378067618603, -0.20678898000384915
139, 1763439517.796306, 5.4836273193359375e-05, -3.1185481548309326, 3.139009714126587, 1.5690960884094238, 0.0006177425384521484, -1.5695476531982422, 0.022499442100524902, -1.811376040792652, -5.150919929485242, -3.947037334308829, -0.20677004432140844
140, 1763439517.815532, 6.222724914550781e-05, -3.118533134460449, 3.139009714126587, 1.5691051483154297, 0.00057220458984375, -1.5695385932922363, 0.022468924522399902, -1.811371433480659, -5.150915528867303, -3.947038122853261, -0.2067679542744436
141, 1763439517.835655, 5.4836273193359375e-05, -3.1185481548309326, 3.1390178203582764, 1.5690869092941284, 0.0006268024444580078, -1.5695199966430664, 0.022476494312286377, -1.811364129754235, -5.150918991315339, -3.9470370467899616, -0.20674893468953748
142, 1763439517.8562438, 6.985664367675781e-05, -3.1185407638549805, 3.1390178203582764, 1.5690869092941284, 0.0006086826324462891, -1.5695476531982422, 0.022484183311462402, -1.8113473266479725, -5.150926456601781, -3.9470346758706025, -0.20673820310418733
143, 1763439517.877253, 6.985664367675781e-05, -3.1185481548309326, 3.1390178203582764, 1.5690960884094238, 0.00057220458984375, -1.5695476531982422, 0.022484183311462402, -1.811340857073846, -5.150916546740892, -3.9470378592030846, -0.20673687407178232
144, 1763439517.8980858, 4.744529724121094e-05, -3.118533134460449, 3.139009714126587, 1.5690869092941284, 0.0006451606750488281, -1.5695290565490723, 0.022499442100524902, -1.8113354642142614, -5.15092482366611, -3.9470383929731425, -0.20672967510771478
145, 1763439517.92451, 7.724761962890625e-05, -3.1185407638549805, 3.1390178203582764, 1.569114327430725, 0.00057220458984375, -1.5695476531982422, 0.022476494312286377, -1.8113233034704492, -5.150927413973123, -3.94703896616909, -0.20673121166298802
146, 1763439517.940174, 7.724761962890625e-05, -3.1185407638549805, 3.139009714126587, 1.5690686702728271, 0.0006086826324462891, -1.5695385932922363, 0.022476494312286377, -1.8113200167505976, -5.150919341690543, -3.9470372111950804, -0.20672747151460769
147, 1763439517.963077, 6.985664367675781e-05, -3.1185555458068848, 3.139009714126587, 1.5690960884094238, 0.0006086826324462891, -1.5695290565490723, 0.022491812705993652, -1.8113210433943128, -5.150933409988183, -3.947039369616737, -0.20673036170487613
148, 1763439517.991006, 4.744529724121094e-05, -3.1185481548309326, 3.1390178203582764, 1.5690869092941284, 0.0006633996963500977, -1.5695290565490723, 0.022491812705993652, -1.8113213630014402, -5.150941697506182, -3.947035914045716, -0.20672578168491018
149, 1763439518.0095701, 8.440017700195312e-05, -3.1185407638549805, 3.139009714126587, 1.569114327430725, 0.0005903244018554688, -1.5695199966430664, 0.022491812705993652, -1.8113260443523902, -5.150942705226608, -3.9470351237279546, -0.20673640447166086
150, 1763439518.0302238, 7.724761962890625e-05, -3.1185407638549805, 3.1390178203582764, 1.5690960884094238, 0.0006086826324462891, -1.5695476531982422, 0.022476494312286377, -1.8113244233933679, -5.150941673648718, -3.947034665480357, -0.20673919846597233
151, 1763439518.052325, 7.724761962890625e-05, -3.1185407638549805, 3.1390256881713867, 1.5690960884094238, 0.0006086826324462891, -1.5695199966430664, 0.022507071495056152, -1.8113153704699507, -5.150952251729313, -3.9470351469885765, -0.20672395844727287
152, 1763439518.073639, 7.724761962890625e-05, -3.1185407638549805, 3.1390178203582764, 1.5690960884094238, 0.0005812644958496094, -1.5695290565490723, 0.022468924522399902, -1.8113109888212127, -5.150939099816625, -3.9470375775656, -0.20671845687519586
153, 1763439518.093921, 4.00543212890625e-05, -3.1185407638549805, 3.139009714126587, 1.5690778493881226, 0.0006451606750488281, -1.5695385932922363, 0.022499442100524902, -1.8112999460187291, -5.15094231544614, -3.947036359752565, -0.20672199927940405
154, 1763439518.120907, 8.440017700195312e-05, -3.118533134460449, 3.139009714126587, 1.5690960884094238, 0.00057220458984375, -1.5695290565490723, 0.022468924522399902, -1.811284403057093, -5.15095144395676, -3.9470368847558905, -0.20673469951400492
155, 1763439518.139689, 6.222724914550781e-05, -3.1185481548309326, 3.1390178203582764, 1.5691051483154297, 0.0006361007690429688, -1.5695290565490723, 0.022507071495056152, -1.8112832017371927, -5.150947286645172, -3.947036282944144, -0.20673015387464844
156, 1763439518.159199, 6.222724914550781e-05, -3.1185481548309326, 3.1390178203582764, 1.5690778493881226, 0.0006177425384521484, -1.5695476531982422, 0.022499442100524902, -1.8112732437326677, -5.150959532656481, -3.947036023865522, -0.20671484225391445
157, 1763439518.191006, 7.724761962890625e-05, -3.118533134460449, 3.1390178203582764, 1.5690960884094238, 0.0005903244018554688, -1.5695290565490723, 0.022484183311462402, -1.8112666662592967, -5.150959072297608, -3.9470355336169396, -0.20671552411582983
158, 1763439518.206613, 7.724761962890625e-05, -3.1185481548309326, 3.1390178203582764, 1.569114327430725, 0.0005903244018554688, -1.5695385932922363, 0.022476494312286377, -1.8112665690701935, -5.150961836202038, -3.9470393380710345, -0.2066955113662834
159, 1763439518.2259672, 6.985664367675781e-05, -3.118533134460449, 3.139009714126587, 1.5691051483154297, 0.0005630254745483398, -1.5695385932922363, 0.022491812705993652, -1.811274084337458, -5.1509714267594235, -3.947038206058415, -0.20669601535167903
160, 1763439518.253834, 5.4836273193359375e-05, -3.1185481548309326, 3.1390178203582764, 1.5690960884094238, 0.0005903244018554688, -1.5695199966430664, 0.022499442100524902, -1.811260530859483, -5.1509806899056345, -3.9470373890664807, -0.20668688716524475
161, 1763439518.272223, 9.918212890625e-05, -3.1185481548309326, 3.1390178203582764, 1.569114327430725, 0.0005630254745483398, -1.569556713104248, 0.022476494312286377, -1.8112621111534275, -5.1509677884087095, -3.947038325835658, -0.20666905088765297
162, 1763439518.292644, 6.222724914550781e-05, -3.1185407638549805, 3.139009714126587, 1.5690869092941284, 0.0006542205810546875, -1.5695290565490723, 0.022507071495056152, -1.8112619433755643, -5.150978180182337, -3.9470393249139573, -0.2066766027747784
163, 1763439518.314283, 9.179115295410156e-05, -3.118533134460449, 3.139009714126587, 1.5690960884094238, 0.0005356073379516602, -1.5695476531982422, 0.022476494312286377, -1.811254121748301, -5.150977409636633, -3.9470399760696435, -0.20668320125991446
164, 1763439518.338902, 4.744529724121094e-05, -3.118533134460449, 3.1390256881713867, 1.5690869092941284, 0.0006451606750488281, -1.5695290565490723, 0.022507071495056152, -1.8112549887435807, -5.150979694276355, -3.947038317938713, -0.20670142294040428
165, 1763439518.358664, 4.744529724121094e-05, -3.118525981903076, 3.1390178203582764, 1.5690960884094238, 0.0006086826324462891, -1.5695199966430664, 0.022499442100524902, -1.8112518313500037, -5.150986775705564, -3.9470367490756977, -0.20669810508966968
166, 1763439518.380987, 7.724761962890625e-05, -3.1185481548309326, 3.139009714126587, 1.5690869092941284, 0.0006268024444580078, -1.5695109367370605, 0.022499442100524902, -1.8112445711632104, -5.15097891993803, -3.9470389318822625, -0.20668591861445407
167, 1763439518.4010282, 6.222724914550781e-05, -3.1185407638549805, 3.1390256881713867, 1.5690960884094238, 0.0006542205810546875, -1.5695109367370605, 0.022499442100524902, -1.8112351001924258, -5.150967934282823, -3.947035285591564, -0.20669066673537895
168, 1763439518.423542, 6.222724914550781e-05, -3.1185407638549805, 3.1390178203582764, 1.5690960884094238, 0.0006086826324462891, -1.5695385932922363, 0.022484183311462402, -1.8112360046674487, -5.150972082020688, -3.947035838861227, -0.2066934755534744
169, 1763439518.443837, 4.744529724121094e-05, -3.1185407638549805, 3.139009714126587, 1.5690869092941284, 0.0006451606750488281, -1.5695290565490723, 0.022491812705993652, -1.811225856221144, -5.150976292802687, -3.947038892449906, -0.20669635848727896
170, 1763439518.46996, 7.724761962890625e-05, -3.1185407638549805, 3.1390178203582764, 1.5691051483154297, 0.0005630254745483398, -1.5695290565490723, 0.022476494312286377, -1.8112162889979873, -5.150967148418411, -3.9470359203600944, -0.20668647179523703
171, 1763439518.489482, 5.4836273193359375e-05, -3.1185481548309326, 3.1390178203582764, 1.5690869092941284, 0.0006361007690429688, -1.5695385932922363, 0.022507071495056152, -1.8112016932560067, -5.150976747442757, -3.947033975119868, -0.20667452973596934
172, 1763439518.510865, 6.222724914550781e-05, -3.118533134460449, 3.1390178203582764, 1.5690778493881226, 0.0006086826324462891, -1.5695385932922363, 0.022491812705993652, -1.811191818482756, -5.1509804596084345, -3.9470399133727727, -0.20668208415271128
173, 1763439518.5340958, 4.744529724121094e-05, -3.1185407638549805, 3.139009714126587, 1.5690869092941284, 0.0006361007690429688, -1.5695385932922363, 0.022491812705993652, -1.8111870833341885, -5.150977992283882, -3.947036100447462, -0.20668178769030643
174, 1763439518.5547361, 6.222724914550781e-05, -3.1185407638549805, 3.1390178203582764, 1.5690869092941284, 0.0006177425384521484, -1.5695385932922363, 0.022484183311462402, -1.8111813611195071, -5.150983575608142, -3.9470336410966937, -0.20669467338101555
175, 1763439518.574616, 7.724761962890625e-05, -3.1185481548309326, 3.139009714126587, 1.5690960884094238, 0.0006177425384521484, -1.5695385932922363, 0.022476494312286377, -1.8111818629945784, -5.150988433207917, -3.947036147601635, -0.2067081863709781
176, 1763439518.5996969, 4.00543212890625e-05, -3.118533134460449, 3.1390178203582764, 1.5691051483154297, 0.0006361007690429688, -1.5695385932922363, 0.022499442100524902, -1.8112114157781862, -5.150973478025716, -3.947057487461313, -0.2067004837202493
177, 1763439518.6225421, -7.05718994140625e-05, -3.118518829345703, 3.1389617919921875, 1.569114327430725, 0.0006451606750488281, -1.5695385932922363, 0.022529959678649902, -1.811301229127499, -5.150825298451854, -3.947217279036687, -0.20671899997289067
178, 1763439518.642847, 3.2901763916015625e-05, -3.1186366081237793, 3.1390416622161865, 1.5691051483154297, 0.0006177425384521484, -1.569556713104248, 0.022400200366973877, -1.811328254605467, -5.150767151155071, -3.9472800264903167, -0.20666722193281206
179, 1763439518.667893, 0.00012135505676269531, -3.1185407638549805, 3.1390256881713867, 1.5690869092941284, 0.0005996227264404297, -1.5695385932922363, 0.022438347339630127, -1.8114448064628954, -5.150755083705853, -3.947301733998008, -0.20655468890503137
180, 1763439518.6886442, 1.0728836059570312e-05, -3.118622064590454, 3.1389777660369873, 1.569123387336731, 0.0006177425384521484, -1.5695385932922363, 0.022545218467712402, -1.811633819615452, -5.150630094765701, -3.9473401072987424, -0.2065046333324343
181, 1763439518.707864, 0.00012135505676269531, -3.1186513900756836, 3.1390178203582764, 1.5690869092941284, 0.0006086826324462891, -1.5695199966430664, 0.022507071495056152, -1.811727998246683, -5.15046336096654, -3.9473275460393498, -0.20647508367064837
182, 1763439518.733027, 0.00010657310485839844, -3.118570327758789, 3.1390178203582764, 1.5690869092941284, 0.0005996227264404297, -1.5695290565490723, 0.022499442100524902, -1.811821098022976, -5.15043323182591, -3.9473411286678908, -0.20650941126030808
183, 1763439518.7542331, 5.4836273193359375e-05, -3.118622064590454, 3.1390256881713867, 1.5690778493881226, 0.0006086826324462891, -1.5695290565490723, 0.022484183311462402, -1.811907083360758, -5.150268553380035, -3.9474124335490726, -0.20662866926580037
184, 1763439518.7755468, 6.222724914550781e-05, -3.1185925006866455, 3.1390256881713867, 1.569123387336731, 0.0006268024444580078, -1.5695199966430664, 0.022468924522399902, -1.8119373918847277, -5.150044131856359, -3.94738919655935, -0.2067630132877376
185, 1763439518.800859, 3.0994415283203125e-06, -3.118614435195923, 3.1390178203582764, 1.5690960884094238, 0.0005903244018554688, -1.5695109367370605, 0.022507071495056152, -1.8120104156531391, -5.150005258875957, -3.947372741993211, -0.20691419229618901
186, 1763439518.822603, 0.00010657310485839844, -3.118622064590454, 3.1390178203582764, 1.5691051483154297, 0.0006177425384521484, -1.5695476531982422, 0.022476494312286377, -1.8121206011534587, -5.149937828431799, -3.9473936388041215, -0.20706318929048972
187, 1763439518.84246, 2.5510787963867188e-05, -3.118577718734741, 3.1390178203582764, 1.5690960884094238, 0.0006086826324462891, -1.5695385932922363, 0.022484183311462402, -1.8120986226052804, -5.1496575444508155, -3.9473639524958664, -0.2072276995561655
188, 1763439518.865589, 0.00010657310485839844, -3.118622064590454, 3.1390178203582764, 1.5690960884094238, 0.0005903244018554688, -1.5695290565490723, 0.022491812705993652, -1.8121464016337923, -5.149574291446101, -3.947435390741555, -0.20725510675530856
189, 1763439518.8889349, 2.5510787963867188e-05, -3.11860728263855, 3.139033794403076, 1.5690960884094238, 0.0006268024444580078, -1.5695385932922363, 0.022499442100524902, -1.812294368505183, -5.149555314090672, -3.947575457895534, -0.20725122935970752
190, 1763439518.9092228, 4.00543212890625e-05, -3.1185996532440186, 3.1390178203582764, 1.5690960884094238, 0.0005996227264404297, -1.5695290565490723, 0.022484183311462402, -1.8122874981324424, -5.149321839073206, -3.947629885091831, -0.20726120569466033
191, 1763439518.929987, 7.724761962890625e-05, -3.118622064590454, 3.1390256881713867, 1.5690960884094238, 0.0005996227264404297, -1.5695290565490723, 0.022499442100524902, -1.8123350875803796, -5.149219210973479, -3.947717028951517, -0.20726178955438268
192, 1763439518.950298, 9.179115295410156e-05, -3.1185848712921143, 3.1390256881713867, 1.5690960884094238, 0.00057220458984375, -1.5695476531982422, 0.022468924522399902, -1.8125131318538896, -5.149270265109304, -3.9478832606210976, -0.20727463382216715
193, 1763439518.973446, 3.2901763916015625e-05, -3.118614435195923, 3.1390178203582764, 1.569114327430725, 0.0006086826324462891, -1.5695199966430664, 0.022468924522399902, -1.8125191942795231, -5.149109379417135, -3.9479398716015366, -0.20739308643370968
194, 1763439518.995913, 4.744529724121094e-05, -3.1186437606811523, 3.1390018463134766, 1.5691325664520264, 0.0006086826324462891, -1.5695290565490723, 0.022484183311462402, -1.8125376208631927, -5.148997302644951, -3.9479772745884034, -0.20745422444980477
195, 1763439519.0152462, 6.985664367675781e-05, -3.1185925006866455, 3.1390256881713867, 1.5691051483154297, 0.0005812644958496094, -1.5695109367370605, 0.022491812705993652, -1.8127321748943541, -5.149116843516114, -3.948056744291471, -0.20751850180677245
196, 1763439519.035309, 4.00543212890625e-05, -3.118614435195923, 3.1390178203582764, 1.569114327430725, 0.0005996227264404297, -1.5695385932922363, 0.022499442100524902, -1.8127489341113732, -5.1490862191869, -3.948030478063678, -0.207659604679594
197, 1763439519.057892, 9.918212890625e-05, -3.118622064590454, 3.1390256881713867, 1.5691051483154297, 0.0006086826324462891, -1.5695109367370605, 0.022491812705993652, -1.8126641826892156, -5.148931316775885, -3.9479536382524554, -0.2077662266867204
198, 1763439519.0798059, 4.00543212890625e-05, -3.118629217147827, 3.1390256881713867, 1.5691051483154297, 0.0006086826324462891, -1.5695290565490723, 0.022491812705993652, -1.812773235708503, -5.149067306290486, -3.9480000659011893, -0.20785104817881983
199, 1763439519.09887, 7.724761962890625e-05, -3.118622064590454, 3.1390178203582764, 1.5690960884094238, 0.0005996227264404297, -1.5695476531982422, 0.022491812705993652, -1.8127850491730992, -5.149138063269747, -3.9479893066573117, -0.20795968777727492
200, 1763439519.124269, 3.0994415283203125e-06, -3.1186437606811523, 3.1390256881713867, 1.569114327430725, 0.0006451606750488281, -1.5695385932922363, 0.022491812705993652, -1.8126502201596975, -5.149017779945342, -3.94790073813934, -0.20805199872774782
201, 1763439519.142348, 0.00011372566223144531, -3.118622064590454, 3.1390256881713867, 1.5691051483154297, 0.0006177425384521484, -1.5695290565490723, 0.022491812705993652, -1.8127141422881636, -5.149181948642725, -3.9479138003419547, -0.2080817972399549
202, 1763439519.163775, 4.744529724121094e-05, -3.118629217147827, 3.1390256881713867, 1.5690869092941284, 0.0006177425384521484, -1.5695199966430664, 0.022499442100524902, -1.8127732119088642, -5.149365880467685, -3.9479164978195276, -0.20818678055427497
203, 1763439519.19056, 6.222724914550781e-05, -3.118614435195923, 3.1390256881713867, 1.5690960884094238, 0.0006177425384521484, -1.5695199966430664, 0.022484183311462402, -1.8125641277534692, -5.149169509345485, -3.9478390287097507, -0.2083726816951943
204, 1763439519.212589, 9.179115295410156e-05, -3.1186437606811523, 3.139033794403076, 1.569123387336731, 0.0005996227264404297, -1.5695385932922363, 0.022499442100524902, -1.8125912226918508, -5.149250618683454, -3.9478553367971685, -0.20847451073859435
205, 1763439519.2334049, 3.2901763916015625e-05, -3.118629217147827, 3.1390256881713867, 1.5691051483154297, 0.0005996227264404297, -1.5695476531982422, 0.022484183311462402, -1.8126903746850562, -5.149521895615929, -3.947888504245731, -0.20862051750330934
206, 1763439519.25691, 4.00543212890625e-05, -3.1186437606811523, 3.1390178203582764, 1.5691051483154297, 0.0006177425384521484, -1.5695290565490723, 0.022491812705993652, -1.8125438820460973, -5.149374640264373, -3.9478218999160077, -0.20878701755237383
207, 1763439519.276343, 7.724761962890625e-05, -3.118622064590454, 3.1390256881713867, 1.5690960884094238, 0.0006086826324462891, -1.5695385932922363, 0.022507071495056152, -1.8125415844416337, -5.149370775717316, -3.9478267332014556, -0.20881844422582496
208, 1763439519.297921, 4.00543212890625e-05, -3.1185996532440186, 3.1390256881713867, 1.5690778493881226, 0.0005903244018554688, -1.5695385932922363, 0.022491812705993652, -1.812611367724914, -5.149578001864564, -3.947862846617205, -0.20880115489114814
209, 1763439519.3242712, 9.918212890625e-05, -3.1186437606811523, 3.139033794403076, 1.5690869092941284, 0.0006268024444580078, -1.5695476531982422, 0.022476494312286377, -1.8124918255915206, -5.149440707046079, -3.9478176019582345, -0.20874838762674486
210, 1763439519.34375, 4.744529724121094e-05, -3.118622064590454, 3.1390256881713867, 1.5691051483154297, 0.0006086826324462891, -1.5695476531982422, 0.022522330284118652, -1.812524812487867, -5.1494485687167755, -3.9478316102900353, -0.20864782084682787
211, 1763439519.3654358, 6.985664367675781e-05, -3.118629217147827, 3.1390256881713867, 1.569114327430725, 0.0006086826324462891, -1.569556713104248, 0.022514700889587402, -1.8125653775582573, -5.149588392989478, -3.9478600605655365, -0.2085551859685717
212, 1763439519.3913972, 7.724761962890625e-05, -3.118629217147827, 3.1390256881713867, 1.5690960884094238, 0.0006177425384521484, -1.5695290565490723, 0.022484183311462402, -1.8124865000067216, -5.149469894091772, -3.947831759214748, -0.2085362415328369
213, 1763439519.410764, 4.00543212890625e-05, -3.11860728263855, 3.139033794403076, 1.5691051483154297, 0.0006177425384521484, -1.5695109367370605, 0.022499442100524902, -1.8124973212554312, -5.149466440183942, -3.947843511810955, -0.208533623075577
214, 1763439519.4333398, 4.00543212890625e-05, -3.118614435195923, 3.1390178203582764, 1.5690869092941284, 0.0005996227264404297, -1.5695385932922363, 0.022484183311462402, -1.8125296426466317, -5.149584332214743, -3.9478632484142997, -0.2085714402556702
215, 1763439519.4626648, 4.00543212890625e-05, -3.1186366081237793, 3.1390256881713867, 1.5690960884094238, 0.0006177425384521484, -1.5695476531982422, 0.022491812705993652, -1.8124499217879073, -5.149446520147543, -3.947838689671821, -0.2086047046873496
216, 1763439519.478602, 4.744529724121094e-05, -3.118614435195923, 3.1390256881713867, 1.5691051483154297, 0.0006086826324462891, -1.5695290565490723, 0.022484183311462402, -1.8124745183661233, -5.149465042140679, -3.9478520919157676, -0.2085969258324738
217, 1763439519.503903, 6.222724914550781e-05, -3.118622064590454, 3.1390256881713867, 1.5690960884094238, 0.0006268024444580078, -1.5695476531982422, 0.022476494312286377, -1.812489056069138, -5.14953428691355, -3.9478599205719056, -0.20860618917179696
218, 1763439519.527427, 4.744529724121094e-05, -3.118614435195923, 3.139033794403076, 1.5690869092941284, 0.0006268024444580078, -1.5695290565490723, 0.022491812705993652, -1.812436359801167, -5.149436508376834, -3.9478385139466514, -0.20861282923669489
219, 1763439519.5471559, 6.222724914550781e-05, -3.118629217147827, 3.139033794403076, 1.5690686702728271, 0.0006177425384521484, -1.5695385932922363, 0.022491812705993652, -1.8124732378695598, -5.149504008038717, -3.947858646106964, -0.20861034416795654
220, 1763439519.568768, 5.4836273193359375e-05, -3.118614435195923, 3.1390256881713867, 1.5690960884094238, 0.0006177425384521484, -1.5695290565490723, 0.022491812705993652, -1.8124602381870933, -5.14954128535003, -3.9478565320123367, -0.2086283276623222
221, 1763439519.593631, 6.222724914550781e-05, -3.118629217147827, 3.1390178203582764, 1.5691051483154297, 0.0006086826324462891, -1.5695385932922363, 0.022476494312286377, -1.812417317568184, -5.149485949671784, -3.9478365437846907, -0.20862891808423267
222, 1763439519.614601, 6.985664367675781e-05, -3.118629217147827, 3.1390178203582764, 1.5691051483154297, 0.0006361007690429688, -1.5695018768310547, 0.022476494312286377, -1.8124454639212584, -5.149562618069272, -3.9478563228510417, -0.2086415609243737
223, 1763439519.637859, 6.222724914550781e-05, -3.11860728263855, 3.1390256881713867, 1.5690960884094238, 0.0005903244018554688, -1.5695385932922363, 0.022499442100524902, -1.8124143010065747, -5.149559017811563, -3.947844196989763, -0.20864848017789583
224, 1763439519.6638458, 5.4836273193359375e-05, -3.1186366081237793, 3.1390256881713867, 1.5690686702728271, 0.0005996227264404297, -1.5695476531982422, 0.022507071495056152, -1.8123973491978371, -5.149523225606066, -3.947834653597363, -0.208671092936763
225, 1763439519.683676, 6.985664367675781e-05, -3.118622064590454, 3.1390178203582764, 1.5691051483154297, 0.0006177425384521484, -1.5695290565490723, 0.022491812705993652, -1.8124351714433375, -5.1495829757107145, -3.9478500780139245, -0.20865465319951326
226, 1763439519.707582, 6.222724914550781e-05, -3.118629217147827, 3.1390256881713867, 1.5690869092941284, 0.0006268024444580078, -1.5695199966430664, 0.022484183311462402, -1.812397001178997, -5.149544389974068, -3.9478370688442634, -0.2086527733744603
227, 1763439519.748276, 4.744529724121094e-05, -3.118622064590454, 3.139033794403076, 1.5690960884094238, 0.0006177425384521484, -1.5695476531982422, 0.022476494312286377, -1.8124189143145877, -5.149580450339934, -3.947853916453804, -0.208642924431234
228, 1763439519.755032, 6.222724914550781e-05, -3.118622064590454, 3.1390256881713867, 1.5691051483154297, 0.0006451606750488281, -1.5695290565490723, 0.022484183311462402, -1.8124160061927703, -5.149581290726041, -3.9478542740509335, -0.20863682031904673
229, 1763439519.77997, 6.985664367675781e-05, -3.118622064590454, 3.1390178203582764, 1.5690960884094238, 0.0006086826324462891, -1.5695385932922363, 0.022491812705993652, -1.8123828441194123, -5.149522902311827, -3.947837001038999, -0.20863084718724245
230, 1763439519.804747, 8.440017700195312e-05, -3.118629217147827, 3.139033794403076, 1.5690960884094238, 0.0006086826324462891, -1.5695385932922363, 0.022476494312286377, -1.8123952695023906, -5.149534903673091, -3.9478489367310963, -0.20861942965574531
231, 1763439519.822426, 5.4836273193359375e-05, -3.118629217147827, 3.1390256881713867, 1.5691051483154297, 0.0006086826324462891, -1.5695290565490723, 0.022514700889587402, -1.81240347509322, -5.149567617778774, -3.94785236728991, -0.2086161466754488
232, 1763439519.843334, 6.222724914550781e-05, -3.11860728263855, 3.139033794403076, 1.5690960884094238, 0.0006177425384521484, -1.5695109367370605, 0.022484183311462402, -1.8123659221352568, -5.149515272619369, -3.9478430658412726, -0.20859910689363126
233, 1763439519.86863, 6.985664367675781e-05, -3.11860728263855, 3.1390256881713867, 1.5690960884094238, 0.0006361007690429688, -1.5695476531982422, 0.022491812705993652, -1.812372043529865, -5.14953804609952, -3.9478526265027307, -0.20858804506009676
234, 1763439519.8973382, 4.00543212890625e-05, -3.118622064590454, 3.1390256881713867, 1.5690960884094238, 0.0005996227264404297, -1.5695109367370605, 0.022484183311462402, -1.8123760616850295, -5.149558900089995, -3.9478538901234668, -0.20860045558252693
235, 1763439519.910086, 6.222724914550781e-05, -3.1186366081237793, 3.1390256881713867, 1.569114327430725, 0.0006177425384521484, -1.5695199966430664, 0.022484183311462402, -1.8123465453404701, -5.149519114733355, -3.9478456857481277, -0.20862603007340041
236, 1763439519.934182, 4.744529724121094e-05, -3.118622064590454, 3.1390256881713867, 1.5690960884094238, 0.0005996227264404297, -1.5695199966430664, 0.022484183311462402, -1.8123515972365127, -5.149549827675641, -3.947851541499653, -0.20863152412615982
237, 1763439519.9561229, 6.222724914550781e-05, -3.118614435195923, 3.1390256881713867, 1.5690869092941284, 0.0006177425384521484, -1.5695385932922363, 0.022491812705993652, -1.812344095845983, -5.149572364417096, -3.947851689745912, -0.2086269245075485
238, 1763439519.976587, 5.4836273193359375e-05, -3.118614435195923, 3.1390256881713867, 1.5690960884094238, 0.0006086826324462891, -1.5695199966430664, 0.022499442100524902, -1.8123227286999182, -5.1495442444274575, -3.9478406234870196, -0.2086339647324129
239, 1763439520.003943, 6.985664367675781e-05, -3.11860728263855, 3.139033794403076, 1.569114327430725, 0.0005996227264404297, -1.5695109367370605, 0.022491812705993652, -1.8123234274985958, -5.149580104621171, -3.9478463352998543, -0.2086486059627619
240, 1763439520.0215528, 7.724761962890625e-05, -3.118614435195923, 3.1390256881713867, 1.5691051483154297, 0.0006361007690429688, -1.5695290565490723, 0.022476494312286377, -1.8123248925009532, -5.149599793462172, -3.9478449787485155, -0.20867641116402602
241, 1763439520.0438662, 4.744529724121094e-05, -3.118614435195923, 3.139033794403076, 1.5691051483154297, 0.0006177425384521484, -1.5695385932922363, 0.022491812705993652, -1.8123109341262822, -5.14956741892025, -3.947835394321638, -0.20867565530836796
242, 1763439520.071029, 6.985664367675781e-05, -3.118622064590454, 3.1390256881713867, 1.5691051483154297, 0.0006177425384521484, -1.5695385932922363, 0.022484183311462402, -1.812326090767177, -5.1496031144567604, -3.9478451391515854, -0.20868010672008364
243, 1763439520.095493, 6.222724914550781e-05, -3.118622064590454, 3.1390416622161865, 1.569114327430725, 0.0005996227264404297, -1.5695199966430664, 0.022491812705993652, -1.8123089060502906, -5.14959585732636, -3.947843373549307, -0.2086758579887169
244, 1763439520.112236, -0.000232696533203125, -3.1143887042999268, 3.1365809440612793, 1.569004774093628, 0.0005903244018554688, -1.5696115493774414, 0.022133052349090576, -1.8122478742801271, -5.149585794915512, -3.9478791994992113, -0.2086709919874492
245, 1763439520.136569, -0.0003287792205810547, -3.104520797729492, 3.1295101642608643, 1.5690138339996338, 0.0005447864532470703, -1.5695385932922363, 0.023827552795410156, -1.8122332344674543, -5.149630156321748, -3.9479629537077683, -0.20863891915781796
246, 1763439520.155992, -0.00025463104248046875, -3.094358444213867, 3.121704578399658, 1.5689773559570312, 0.0005172491073608398, -1.5695929527282715, 0.025010764598846436, -1.81223560587421, -5.1495996802671655, -3.9480620468189285, -0.2086384437570894
247, 1763439520.178834, -9.989738464355469e-05, -3.0705227851867676, 3.1023778915405273, 1.5689681768417358, 0.0008461475372314453, -1.5696568489074707, 0.021400272846221924, -1.8123173329189086, -5.149508043764585, -3.948196374365131, -0.2086437258928111
248, 1763439520.213027, -0.0001957416534423828, -3.0423507690429688, 3.0786092281341553, 1.5689773559570312, 0.0005812644958496094, -1.5696477890014648, 0.022468924522399902, -1.8124437882792188, -5.149527767389557, -3.9484183299857354, -0.20860388619354264
249, 1763439520.258935, -0.00022530555725097656, -2.9146761894226074, 2.9825515747070312, 1.5690960884094238, 0.0005996227264404297, -1.569565773010254, 0.022514700889587402, -1.8131800054392428, -5.149269886768563, -3.9491826520988265, -0.2086721709378736
250, 1763439520.266528, -0.0001957416534423828, -2.890752077102661, 2.9663729667663574, 1.5691051483154297, 0.0005903244018554688, -1.5695385932922363, 0.022736072540283203, -1.8133879411351495, -5.14924951187341, -3.949296680385841, -0.20868727438390877
251, 1763439520.289522, 0.00031304359436035156, -2.8440098762512207, 2.933784008026123, 1.5690138339996338, 0.0004898309707641602, -1.5694198608398438, 0.022392570972442627, -1.8138972379931475, -5.149207568449019, -3.9495269305834344, -0.20867857516387645
252, 1763439520.310087, 0.00037932395935058594, -2.7887349128723145, 2.8940682411193848, 1.5622388124465942, -0.0056915283203125, -1.5626354217529297, 0.022819995880126953, -1.814447895090383, -5.149064852577139, -3.9497710335482195, -0.2086652683791641
253, 1763439520.334412, 0.000431060791015625, -2.7440574169158936, 2.8623738288879395, 1.5439680814743042, -0.01887667179107666, -1.5449857711791992, 0.022774219512939453, -1.8147556967515586, -5.148878070680073, -3.9498545661851376, -0.20839014942164535
254, 1763439520.3547919, 1.811981201171875e-05, -2.713289737701416, 2.8436944484710693, 1.5196526050567627, -0.030536651611328125, -1.5210990905761719, 0.023110151290893555, -1.8149998516036057, -5.148846439981914, -3.9498937198309787, -0.20815480292149768
255, 1763439520.37391, -1.1444091796875e-05, -2.6937313079833984, 2.834954023361206, 1.4938215017318726, -0.03950309753417969, -1.4952316284179688, 0.024499356746673584, -1.8151540255549459, -5.1488626996777285, -3.949895627346399, -0.2082240773198798
256, 1763439520.3995929, 0.0002319812774658203, -2.67834734916687, 2.8334598541259766, 1.4515821933746338, -0.05037808418273926, -1.4530744552612305, 0.024087190628051758, -1.8149753823672836, -5.148754858061476, -3.9497605650300387, -0.208478457639381
257, 1763439520.418099, 1.0728836059570312e-05, -2.675323724746704, 2.8403708934783936, 1.407188057899475, -0.05939006805419922, -1.409438133239746, 0.022674977779388428, -1.8147501314527732, -5.148782803945552, -3.9497413643612234, -0.2085180905686741
258, 1763439520.4414852, -0.0001811981201171875, -2.6781187057495117, 2.8518357276916504, 1.3566854000091553, -0.06955265998840332, -1.3592004776000977, 0.022575736045837402, -1.8145001282121282, -5.148921281207281, -3.9497868923042034, -0.2085041247261934
259, 1763439520.4618251, -0.00017380714416503906, -2.6821823120117188, 2.866640329360962, 1.2912993431091309, -0.08160543441772461, -1.2931385040283203, 0.022491812705993652, -1.814132275172582, -5.1489018414496535, -3.949737783223675, -0.20858839837182064
260, 1763439520.481964, -0.00024008750915527344, -2.6842916011810303, 2.8773140907287598, 1.235957384109497, -0.08861780166625977, -1.2382807731628418, 0.022430717945098877, -1.8139692416938287, -5.148815306326727, -3.94970615033142, -0.2085980004016168
261, 1763439520.5054479, -0.0001590251922607422, -2.6855156421661377, 2.888547420501709, 1.166170358657837, -0.09729218482971191, -1.1677265167236328, 0.022423088550567627, -1.8140060115863597, -5.148899342029898, -3.9497637909614243, -0.20863834449171037
262, 1763439520.526301, -0.00018835067749023438, -2.6860690116882324, 2.8993091583251953, 1.0772818326950073, -0.10881543159484863, -1.0793492794036865, 0.022384941577911377, -1.8139901339551439, -5.148893822819494, -3.9497662758262297, -0.20875792046719077
263, 1763439520.547447, -0.0003211498260498047, -2.686046838760376, 2.90641188621521, 0.9936249256134033, -0.1184849739074707, -0.994459867477417, 0.022476494312286377, -1.8139376614667566, -5.1487664988389525, -3.9497648933469347, -0.20873859096711733
264, 1763439520.568907, -0.0003211498260498047, -2.685478925704956, 2.9115092754364014, 0.9016408920288086, -0.12784409523010254, -0.9034254550933838, 0.022476494312286377, -1.814054065206061, -5.1488137461664705, -3.94980443039515, -0.20869619200189415
265, 1763439520.594165, -0.0003063678741455078, -2.684026002883911, 2.9154319763183594, 0.7896146774291992, -0.1396958827972412, -0.7909519672393799, 0.022415459156036377, -1.8140888882616304, -5.1488390111595566, -3.9497796599166968, -0.20875146752099472
266, 1763439520.62915, -0.0003800392150878906, -2.681260108947754, 2.917269706726074, 0.6615545749664307, -0.15236949920654297, -0.662590503692627, 0.022445976734161377, -1.8140709810763092, -5.1487241658189795, -3.949782167101959, -0.20871138097666542
267, 1763439520.63652, -0.00035071372985839844, -2.678767681121826, 2.9172377586364746, 0.5843076705932617, -0.16050505638122559, -0.5838460922241211, 0.022499442100524902, -1.8141436571114509, -5.148820129102618, -3.9498169002649663, -0.20877081705414824
268, 1763439520.6601841, -0.00025463104248046875, -2.675478458404541, 2.9166862964630127, 0.5000758171081543, -0.17163538932800293, -0.499330997467041, 0.022484183311462402, -1.814095401671091, -5.148868146762395, -3.9497771726568516, -0.20889398712313323
269, 1763439520.678713, -0.0003211498260498047, -2.6719014644622803, 2.915543794631958, 0.4231393337249756, -0.1820082664489746, -0.42240381240844727, 0.022484183311462402, -1.8140546274968075, -5.14876973407136, -3.949752081927357, -0.20885329775282457
270, 1763439520.703267, -0.00035071372985839844, -2.667506217956543, 2.913954019546509, 0.34304356575012207, -0.19336676597595215, -0.34176015853881836, 0.022522330284118652, -1.8141244374716468, -5.148878832378799, -3.9497846436545547, -0.20878619429712142
271, 1763439520.72689, -0.00022530555725097656, -2.6630518436431885, 2.912987232208252, 0.2718961238861084, -0.2059493064880371, -0.269270658493042, 0.022545218467712402, -1.8140664795819357, -5.148893181924811, -3.949752221860777, -0.2088363175114516
272, 1763439520.748978, -0.0002694129943847656, -2.659437894821167, 2.912491798400879, 0.21596980094909668, -0.21508002281188965, -0.21344447135925293, 0.022514700889587402, -1.8140431771084917, -5.148809423899264, -3.949747109121012, -0.20875322437102017
273, 1763439520.772279, -0.0006012916564941406, -2.6528375148773193, 2.9126436710357666, 0.16747593879699707, -0.22698664665222168, -0.1647038459777832, 0.022507071495056152, -1.81395029360946, -5.148969492840298, -3.949614600520258, -0.20869714291549535
274, 1763439520.7955031, -0.0003800392150878906, -2.635159969329834, 2.9170618057250977, 0.15741372108459473, -0.25600433349609375, -0.1517930030822754, 0.024568021297454834, -1.8137204999071224, -5.149070330341545, -3.9479430136635134, -0.20861867206502893
275, 1763439520.816339, -0.0020689964294433594, -2.601102590560913, 2.921104669570923, 0.1428227424621582, -0.2851591110229492, -0.13770437240600586, 0.021644532680511475, -1.814230100158059, -5.148804155092304, -3.9448566126753786, -0.20815622889339824
276, 1763439520.835819, -0.0042002201080322266, -2.5736677646636963, 2.9242923259735107, 0.1316831111907959, -0.3059957027435303, -0.1251676082611084, 0.022713184356689453, -1.8146875639825044, -5.14867007539817, -3.941761856684926, -0.20789208284885774
277, 1763439520.861828, -0.005173921585083008, -2.5373759269714355, 2.9297091960906982, 0.1156308650970459, -0.3411860466003418, -0.10914278030395508, 0.022468924522399902, -1.8153175275139846, -5.148519851735886, -3.9362170590158714, -0.20795231735126407
278, 1763439520.885144, -0.0053064823150634766, -2.518555164337158, 2.932817220687866, 0.10753202438354492, -0.36302709579467773, -0.10042309761047363, 0.022392570972442627, -1.8156406877229772, -5.148423255837918, -3.932860224269328, -0.20811632181074557
279, 1763439520.9040608, -0.006250619888305664, -2.487809181213379, 2.9372992515563965, 0.09495878219604492, -0.3994588851928711, -0.08822417259216309, 0.022476494312286377, -1.816174735708571, -5.148226734006225, -3.9272976437869054, -0.20824699343004305
280, 1763439520.9245272, -0.007843732833862305, -2.458545684814453, 2.940103530883789, 0.08622956275939941, -0.43257665634155273, -0.07966852188110352, 0.022529959678649902, -1.81670563374098, -5.148063262162177, -3.922427729033255, -0.2083220369433043
281, 1763439520.942013, -0.00923013687133789, -2.4270620346069336, 2.941669464111328, 0.07903456687927246, -0.46558451652526855, -0.07124090194702148, 0.022499442100524902, -1.8172995966849337, -5.147943679301589, -3.9176847122484366, -0.20844269446358155
282, 1763439520.965333, -0.010269880294799805, -2.393491506576538, 2.9423487186431885, 0.07172060012817383, -0.49896693229675293, -0.06362581253051758, 0.022529959678649902, -1.817912812211485, -5.147794884670319, -3.9131150956891485, -0.2085100512417446
283, 1763439520.99454, -0.011626958847045898, -2.3448538780212402, 2.9416375160217285, 0.06291866302490234, -0.544858455657959, -0.05540800094604492, 0.022407829761505127, -1.8187567564089453, -5.147602627620317, -3.9070079857863544, -0.20851126783946938
284, 1763439521.0131881, -0.012556314468383789, -2.3212616443634033, 2.940614938735962, 0.059366703033447266, -0.5654301643371582, -0.0519566535949707, 0.022583425045013428, -1.8191538762225126, -5.147530600379436, -3.9042070035764356, -0.2084794951025728
285, 1763439521.033688, -0.014097452163696289, -2.285367965698242, 2.9381861686706543, 0.05506610870361328, -0.5956442356109619, -0.047792673110961914, 0.022568166255950928, -1.8197252492116247, -5.147444446996641, -3.9001183711250635, -0.20838429169749162
286, 1763439521.0604439, -0.015085697174072266, -2.2475643157958984, 2.9345669746398926, 0.05209851264953613, -0.6264333724975586, -0.04338264465332031, 0.022568166255950928, -1.8202917415250774, -5.147345894352239, -3.8961775211709537, -0.20830805049683754
287, 1763439521.075965, -0.015174388885498047, -2.2275633811950684, 2.932058095932007, 0.05016303062438965, -0.6411705017089844, -0.041574716567993164, 0.022392570972442627, -1.8205813203600516, -5.147304328030842, -3.894316190968127, -0.20833379979448363
288, 1763439521.0967848, -0.015078306198120117, -2.20102858543396, 2.928318977355957, 0.04870200157165527, -0.6618976593017578, -0.03969383239746094, 0.022468924522399902, -1.8209601468424474, -5.147256885320326, -3.892087164798143, -0.20840646826200615
289, 1763439521.123014, -0.015203714370727539, -2.167222023010254, 2.923046112060547, 0.04731416702270508, -0.6877379417419434, -0.03899979591369629, 0.022606253623962402, -1.8213789019572482, -5.147194044882198, -3.889810726067496, -0.20847445326655123
290, 1763439521.1396182, -0.015225887298583984, -2.1484086513519287, 2.9194908142089844, 0.0472867488861084, -0.6997265815734863, -0.03894495964050293, 0.022438347339630127, -1.8216004702099184, -5.147150317630328, -3.8888077238540473, -0.2084532306701039
291, 1763439521.1602392, -0.015144586563110352, -2.122529983520508, 2.9141616821289062, 0.04725909233093262, -0.7173764705657959, -0.03889942169189453, 0.022507071495056152, -1.821975989447603, -5.1470892977347775, -3.8876373851406787, -0.2084804482654441
292, 1763439521.184407, -0.015078306198120117, -2.0977134704589844, 2.908449172973633, 0.0472409725189209, -0.7339308261871338, -0.03886294364929199, 0.022491812705993652, -1.8224209930810589, -5.147026024694206, -3.886684494280403, -0.20853236098189054
293, 1763439521.205462, -0.014916181564331055, -2.073737621307373, 2.902585029602051, 0.04726839065551758, -0.7504391670227051, -0.038716793060302734, 0.022499442100524902, -1.822878219121161, -5.146931758243416, -3.885928627334229, -0.20849806439638652
294, 1763439521.221987, -0.01458430290222168, -2.046494722366333, 2.895562171936035, 0.04720449447631836, -0.7698698043823242, -0.037502288818359375, 0.022507071495056152, -1.8234105096154956, -5.146810409486602, -3.8853096330405164, -0.20845958906657902
295, 1763439521.242281, -0.014355659484863281, -2.029252052307129, 2.890984296798706, 0.04721355438232422, -0.7816851139068604, -0.03609609603881836, 0.022445976734161377, -1.8237680000322514, -5.146754063504067, -3.885021144884925, -0.20849860780715979
296, 1763439521.2665899, -0.013758182525634766, -1.9990003108978271, 2.882107973098755, 0.04720449447631836, -0.8011794090270996, -0.03573107719421387, 0.022514700889587402, -1.8244418979420516, -5.146630124962427, -3.884582973937492, -0.20862101807903954
297, 1763439521.287209, -0.013669967651367188, -1.9773106575012207, 2.8748855590820312, 0.04721355438232422, -0.8121638298034668, -0.03567624092102051, 0.022491812705993652, -1.8249373957336528, -5.146515670640201, -3.8842669657529196, -0.2086749534201875
298, 1763439521.310842, -0.013765573501586914, -1.9548836946487427, 2.866224765777588, 0.04716801643371582, -0.8222715854644775, -0.03564882278442383, 0.022430717945098877, -1.8254386058481895, -5.146403879814253, -3.883982137439182, -0.20873709536694918
299, 1763439521.3330402, -0.013750791549682617, -1.9358341693878174, 2.85860276222229, 0.04714059829711914, -0.8338494300842285, -0.03564882278442383, 0.022461235523223877, -1.8258468731862503, -5.146319277494382, -3.883753392252547, -0.2088128534932565
300, 1763439521.355275, -0.013802528381347656, -1.9154647588729858, 2.849766492843628, 0.04708576202392578, -0.8432543277740479, -0.03561234474182129, 0.022476494312286377, -1.8262455056770426, -5.146216934691339, -3.883546294675554, -0.2088666964006265
301, 1763439521.381118, -0.013994455337524414, -1.8908988237380981, 2.838541269302368, 0.04699444770812988, -0.8537001609802246, -0.03554821014404297, 0.022461235523223877, -1.826704117248908, -5.146089739279955, -3.883329102941398, -0.20885063103888957
302, 1763439521.401275, -0.014127016067504883, -1.8658685684204102, 2.82646107673645, 0.046857595443725586, -0.8655152320861816, -0.034799814224243164, 0.022514700889587402, -1.8271563531563677, -5.145967374909679, -3.8831690497218485, -0.2088164917633364
303, 1763439521.422177, -0.014259576797485352, -1.8447319269180298, 2.815203905105591, 0.04661083221435547, -0.8731212615966797, -0.03222489356994629, 0.022461235523223877, -1.8275361936512535, -5.145882872148073, -3.8830952448450455, -0.20880981765055573
304, 1763439521.44705, -0.014665603637695312, -1.8216853141784668, 2.8022289276123047, 0.04477572441101074, -0.8812384605407715, -0.03143048286437988, 0.022514700889587402, -1.8279266370704939, -5.14579783581036, -3.883112799146276, -0.20880218043364085
305, 1763439521.4684448, -0.014967679977416992, -1.8027540445327759, 2.790884017944336, 0.04266643524169922, -0.8881597518920898, -0.0314030647277832, 0.022468924522399902, -1.8282329927142429, -5.145712150279932, -3.8831909348585243, -0.20880047843285077
306, 1763439521.49163, -0.014960289001464844, -1.7850542068481445, 2.7794189453125, 0.0413973331451416, -0.8940308094024658, -0.03137564659118652, 0.022461235523223877, -1.8285104145235893, -5.145649691288774, -3.883349698640346, -0.20876659423487087
307, 1763439521.511332, -0.014997482299804688, -1.7686080932617188, 2.7680740356445312, 0.04075813293457031, -0.8986876010894775, -0.0313572883605957, 0.022461235523223877, -1.828769367659497, -5.145618008306863, -3.8835600185442405, -0.20877570730717654
308, 1763439521.5354922, -0.015188932418823242, -1.752678394317627, 2.755730152130127, 0.04071235656738281, -0.9000570774078369, -0.031366586685180664, 0.022499442100524902, -1.8290593874498677, -5.145575908773814, -3.8838340676310774, -0.20869693938711453
309, 1763439521.556895, -0.015601873397827148, -1.7408415079116821, 2.7462387084960938, 0.04070329666137695, -0.900385856628418, -0.031339168548583984, 0.022491812705993652, -1.8292889848421674, -5.145539288449511, -3.8840295935584153, -0.20857599448737574
310, 1763439521.580498, -0.015852689743041992, -1.728378176689148, 2.7370827198028564, 0.04068493843078613, -0.9052801132202148, -0.03132987022399902, 0.022507071495056152, -1.8295525603204672, -5.145520038974056, -3.884201410794603, -0.20855060967225825
311, 1763439521.605933, -0.01600027084350586, -1.7160768508911133, 2.727942943572998, 0.04067587852478027, -0.9089140892028809, -0.031265974044799805, 0.022514700889587402, -1.8298293964066172, -5.145476481158456, -3.8843728625585454, -0.20858200359970258
312, 1763439521.62483, -0.01604437828063965, -1.7083994150161743, 2.722182512283325, 0.04063010215759277, -0.9100189208984375, -0.031256914138793945, 0.022499442100524902, -1.8300040806870523, -5.145452682187456, -3.884498351360627, -0.20862537155764294
313, 1763439521.647382, -0.016147613525390625, -1.6988047361373901, 2.714911937713623, 0.04063010215759277, -0.9101195335388184, -0.031165599822998047, 0.022499442100524902, -1.830214836897592, -5.14544075839603, -3.884675048324599, -0.20871134031302319
314, 1763439521.67028, -0.01617717742919922, -1.6907587051391602, 2.7089757919311523, 0.040621042251586914, -0.9101560115814209, -0.031165599822998047, 0.022491812705993652, -1.8303690258432326, -5.145417385445713, -3.884808232990286, -0.20873936448437735
315, 1763439521.699323, -0.01630997657775879, -1.6817244291305542, 2.702456474304199, 0.040584564208984375, -0.9113612174987793, -0.031156539916992188, 0.022423088550567627, -1.8305470911483634, -5.145416663330532, -3.8849775261956903, -0.20873244665823876
316, 1763439521.7112472, -0.016427993774414062, -1.674784541130066, 2.69797420501709, 0.040575504302978516, -0.9158718585968018, -0.031110763549804688, 0.022491812705993652, -1.8306766799320255, -5.1454177963278465, -3.8851069095390782, -0.20869862415170992
317, 1763439521.736392, -0.0164945125579834, -1.6646589040756226, 2.6917505264282227, 0.04053902626037598, -0.9218709468841553, -0.031110763549804688, 0.022507071495056152, -1.8308496607987186, -5.145402557820398, -3.8852521048494046, -0.20865311367997652
318, 1763439521.759341, -0.016605138778686523, -1.6539579629898071, 2.6850392818450928, 0.04042935371398926, -0.9256601333618164, -0.03108358383178711, 0.022507071495056152, -1.831031479510786, -5.145381549960436, -3.8853868844569255, -0.20864861125757717
319, 1763439521.785147, -0.01674509048461914, -1.6433675289154053, 2.677992582321167, 0.04033803939819336, -0.9258427619934082, -0.031055927276611328, 0.022499442100524902, -1.8312071422728375, -5.1453580711251785, -3.885550897465996, -0.20865839827167765
320, 1763439521.806885, -0.01687765121459961, -1.6338316202163696, 2.671888589859009, 0.04021024703979492, -0.92594313621521, -0.03101038932800293, 0.022476494312286377, -1.831336187892198, -5.145323269292517, -3.8856307264206613, -0.20864692195911072
321, 1763439521.827067, -0.017121315002441406, -1.6214123964309692, 2.6657845973968506, 0.03902316093444824, -0.9340147972106934, -0.03092813491821289, 0.022590994834899902, -1.831447319045162, -5.145319313315907, -3.8857019180001147, -0.20870714045557737
322, 1763439521.853939, -0.017268657684326172, -1.6081302165985107, 2.6593852043151855, 0.03852105140686035, -0.9425885677337646, -0.030846118927001953, 0.022468924522399902, -1.8315371882975264, -5.145310632973402, -3.8858523387898742, -0.20871763827576828
323, 1763439521.872523, -0.017313003540039062, -1.5980560779571533, 2.654183864593506, 0.03850293159484863, -0.9468894004821777, -0.030818700790405273, 0.022484183311462402, -1.8316139276199195, -5.145304951934085, -3.885994459308534, -0.20873265316498557
324, 1763439521.897025, -0.017438411712646484, -1.5843535661697388, 2.6472890377044678, 0.03849363327026367, -0.9539382457733154, -0.030681610107421875, 0.022476494312286377, -1.8317442363826013, -5.145303712501065, -3.8861009933285655, -0.20871539446245713
325, 1763439521.916747, -0.017526865005493164, -1.5722955465316772, 2.6411290168762207, 0.03846621513366699, -0.9594442844390869, -0.028581619262695312, 0.022484183311462402, -1.831845543064861, -5.1453050354911, -3.8861669795511764, -0.20864388744558138
326, 1763439521.938644, -0.017534255981445312, -1.5584824085235596, 2.634122371673584, 0.03845715522766113, -0.966794490814209, -0.026718854904174805, 0.022491812705993652, -1.831946275238539, -5.145335780710636, -3.886258100115239, -0.208642638404668
327, 1763439521.9587488, -0.0175783634185791, -1.5480173826217651, 2.6288414001464844, 0.03842973709106445, -0.9710676670074463, -0.026700496673583984, 0.022461235523223877, -1.8320123058969016, -5.1453634088436395, -3.8863438993403987, -0.2086594772569299
328, 1763439521.982275, -0.017696380615234375, -1.5322866439819336, 2.620931625366211, 0.03841137886047363, -0.9786462783813477, -0.026700496673583984, 0.022468924522399902, -1.8321144686814055, -5.145376854526795, -3.886472215683928, -0.20866059314777985
329, 1763439522.002203, -0.017733335494995117, -1.52199125289917, 2.61574649810791, 0.038374900817871094, -0.9843258857727051, -0.026700496673583984, 0.022461235523223877, -1.832196050058942, -5.145381622759526, -3.886565341241417, -0.20868985368245774
330, 1763439522.026932, -0.017821788787841797, -1.5084878206253052, 2.6085798740386963, 0.038320064544677734, -0.9904799461364746, -0.026691436767578125, 0.022484183311462402, -1.832310772638838, -5.145418250606557, -3.886717161378277, -0.20882120508769209
331, 1763439522.047977, -0.01790308952331543, -1.4968942403793335, 2.602452039718628, 0.03826546669006348, -0.9957940578460693, -0.026691436767578125, 0.022514700889587402, -1.8324182743157573, -5.145417107023302, -3.8868690179407652, -0.2088260306309495
332, 1763439522.068685, -0.018065214157104492, -1.4855149984359741, 2.596132278442383, 0.0380096435546875, -0.9990720748901367, -0.026627540588378906, 0.022461235523223877, -1.832544076942395, -5.145430338148322, -3.8870274987042768, -0.20885246572442373
333, 1763439522.094771, -0.018352746963500977, -1.4711339473724365, 2.5879671573638916, 0.03758049011230469, -1.0053725242614746, -0.026664018630981445, 0.022507071495056152, -1.8327337918135358, -5.145447886940449, -3.8872488129521967, -0.20882871603064768
334, 1763439522.11602, -0.018448829650878906, -1.461398959159851, 2.582334518432617, 0.03748917579650879, -1.0095086097717285, -0.026609420776367188, 0.022423088550567627, -1.8328843766656489, -5.145442952515071, -3.887387136475007, -0.2087920182496461
335, 1763439522.138515, -0.01852250099182129, -1.4485150575637817, 2.5748164653778076, 0.03728842735290527, -1.0162379741668701, -0.026618480682373047, 0.022514700889587402, -1.833110520721755, -5.145425833809823, -3.887595508137362, -0.20878244759417797
336, 1763439522.160249, -0.018581390380859375, -1.4360809326171875, 2.56721830368042, 0.037160634994506836, -1.0216617584228516, -0.026618480682373047, 0.022522330284118652, -1.8333240528814005, -5.145414528281279, -3.8878633999276584, -0.20878913116416964
337, 1763439522.1872919, -0.018655061721801758, -1.4257780313491821, 2.5606110095977783, 0.0370328426361084, -1.0245380401611328, -0.026636600494384766, 0.022514700889587402, -1.833492501569852, -5.145394638209176, -3.8881240781363156, -0.20878278839933273
338, 1763439522.207253, -0.018802642822265625, -1.4140596389770508, 2.5530929565429688, 0.036895751953125, -1.0282907485961914, -0.026582002639770508, 0.022476494312286377, -1.833690268276261, -5.145370473291395, -3.8884759933395006, -0.20879931860002987
339, 1763439522.2288709, -0.01886892318725586, -1.4029455184936523, 2.545614719390869, 0.03681373596191406, -1.0318150520324707, -0.026591062545776367, 0.022468924522399902, -1.8339085107305269, -5.145353006816824, -3.8888631792977186, -0.20886612907662627
340, 1763439522.24618, -0.018891334533691406, -1.3947150707244873, 2.539886474609375, 0.03677701950073242, -1.0338971614837646, -0.026609420776367188, 0.022484183311462402, -1.83406705164096, -5.1453229618588585, -3.889175838008476, -0.20885288665930446
341, 1763439522.2695858, -0.01895761489868164, -1.3851720094680786, 2.533271074295044, 0.03670382499694824, -1.0377411842346191, -0.026591062545776367, 0.022507071495056152, -1.8342503768866152, -5.14529490012427, -3.8895543874992233, -0.20881925891768205
342, 1763439522.296694, -0.01909017562866211, -1.3719782829284668, 2.5235719680786133, 0.036603450775146484, -1.0423429012298584, -0.026563644409179688, 0.022499442100524902, -1.8345538890243278, -5.145281720535302, -3.8901358320731028, -0.20883546452970236
343, 1763439522.314324, -0.019171476364135742, -1.3653849363327026, 2.51859450340271, 0.03651237487792969, -1.0446348190307617, -0.02654552459716797, 0.022468924522399902, -1.8346944884911347, -5.145258485435408, -3.8904421249622425, -0.20881595506956785
344, 1763439522.338457, -0.019304275512695312, -1.3545808792114258, 2.510277271270752, 0.03627490997314453, -1.0478034019470215, -0.02639007568359375, 0.022484183311462402, -1.834930224449053, -5.145207970630624, -3.8909362367722684, -0.2087864215785995
345, 1763439522.359354, -0.019503355026245117, -1.3434594869613647, 2.501249313354492, 0.03464031219482422, -1.0495474338531494, -0.025522708892822266, 0.022468924522399902, -1.8351953279216096, -5.145178180144999, -3.891432657031676, -0.20883908742054302
346, 1763439522.387168, -0.019591808319091797, -1.333518147468567, 2.4929800033569336, 0.03305172920227051, -1.050497055053711, -0.02349567413330078, 0.022507071495056152, -1.835430076281786, -5.145138329095697, -3.891873594649352, -0.20888926797092466
347, 1763439522.4084458, -0.0195770263671875, -1.3218215703964233, 2.483201026916504, 0.032074689865112305, -1.0505061149597168, -0.02304816246032715, 0.022461235523223877, -1.8356904378820122, -5.1451034217573515, -3.8923738838850657, -0.2089485427537845
348, 1763439522.4290922, -0.019598960876464844, -1.3116958141326904, 2.474668264389038, 0.032028913497924805, -1.0505242347717285, -0.023029804229736328, 0.022476494312286377, -1.8359037478236566, -5.145083204876033, -3.892819676672322, -0.20895377545101823
349, 1763439522.455292, -0.0198056697845459, -1.2990847826004028, 2.464154005050659, 0.032028913497924805, -1.0531082153320312, -0.02304816246032715, 0.022438347339630127, -1.8361250969510805, -5.145033753967246, -3.893416185046061, -0.2088920538190715
350, 1763439522.473908, -0.01989436149597168, -1.2894678115844727, 2.4561405181884766, 0.03200173377990723, -1.0573723316192627, -0.02302074432373047, 0.022461235523223877, -1.8362808790689726, -5.145019548988917, -3.8939084317484256, -0.20885802081655847
351, 1763439522.49757, -0.019923686981201172, -1.282918930053711, 2.4503002166748047, 0.03200173377990723, -1.058422565460205, -0.02303910255432129, 0.022499442100524902, -1.8363869489918794, -5.145023967609582, -3.8942880428760307, -0.20884935350199285
352, 1763439522.525079, -0.01997518539428711, -1.26969575881958, 2.4381961822509766, 0.031983375549316406, -1.0592260360717773, -0.02302074432373047, 0.022491812705993652, -1.8365704019801805, -5.144996091739656, -3.895034777765963, -0.20884904890574596
353, 1763439522.540769, -0.02002692222595215, -1.2611703872680664, 2.4305503368377686, 0.031992435455322266, -1.059253454208374, -0.02302074432373047, 0.022461235523223877, -1.8368223546909719, -5.1448946126600426, -3.8954381688278534, -0.2088662688106524
354, 1763439522.563127, -0.02015972137451172, -1.2490017414093018, 2.4197564125061035, 0.03196525573730469, -1.0592076778411865, -0.02300262451171875, 0.022453665733337402, -1.8371574363912668, -5.14488686508704, -3.896000710625549, -0.2088485225987613
355, 1763439522.589469, -0.02037334442138672, -1.235129475593567, 2.407125234603882, 0.03196525573730469, -1.059417724609375, -0.02300262451171875, 0.022438347339630127, -1.837334712920626, -5.144832075790222, -3.896605207382112, -0.20879890276622337
356, 1763439522.609796, -0.02050638198852539, -1.2257708311080933, 2.3985204696655273, 0.031983375549316406, -1.05934476852417, -0.02301168441772461, 0.022445976734161377, -1.837628837242181, -5.144713659523457, -3.8969745158591826, -0.2087549198199552
357, 1763439522.6307352, -0.020646333694458008, -1.2138971090316772, 2.38714337348938, 0.03195595741271973, -1.0603766441345215, -0.02298426628112793, 0.022468924522399902, -1.837863794615203, -5.144747680888403, -3.8975138471337556, -0.20872561059510542
358, 1763439522.655651, -0.020793914794921875, -1.2036314010620117, 2.3772683143615723, 0.03194689750671387, -1.0623579025268555, -0.02297520637512207, 0.022445976734161377, -1.837899901686337, -5.144689053553398, -3.897960482341438, -0.2086753043863343
359, 1763439522.672296, -0.020874977111816406, -1.1950469017028809, 2.368823528289795, 0.03193783760070801, -1.06412935256958, -0.02300262451171875, 0.022499442100524902, -1.8381035018104444, -5.144635411131754, -3.89832529649813, -0.2086925033245235
360, 1763439522.6962821, -0.02095627784729004, -1.1823842525482178, 2.3557846546173096, 0.03191947937011719, -1.064394235610962, -0.02300262451171875, 0.022499442100524902, -1.8382416638431027, -5.144718479137434, -3.8989253214941737, -0.20873503772868762
361, 1763439522.716188, -0.02098560333251953, -1.1740357875823975, 2.3471879959106445, 0.03191041946411133, -1.0644123554229736, -0.02299332618713379, 0.022468924522399902, -1.8382298468641625, -5.1447157066258375, -3.8993064689957215, -0.20876922106816043
362, 1763439522.739425, -0.02099323272705078, -1.1623539924621582, 2.335787057876587, 0.03190112113952637, -1.064384937286377, -0.02298426628112793, 0.022461235523223877, -1.8383529749268976, -5.144640055350749, -3.899805078376847, -0.2088375281827739
363, 1763439522.760549, -0.02103710174560547, -1.1524198055267334, 2.3259758949279785, 0.03188300132751465, -1.064375877380371, -0.02297520637512207, 0.022476494312286377, -1.838406031968355, -5.144738676443656, -3.900267925429046, -0.20882766617807658
364, 1763439522.786299, -0.0211331844329834, -1.1425080299377441, 2.3161728382110596, 0.03183722496032715, -1.064375877380371, -0.02297520637512207, 0.022453665733337402, -1.838390933894909, -5.144790377544061, -3.900730710424596, -0.20881210368836367
365, 1763439522.808578, -0.021162748336791992, -1.1298823356628418, 2.3034136295318604, 0.03182816505432129, -1.0643301010131836, -0.02299332618713379, 0.022476494312286377, -1.838546831643407, -5.1446994667414, -3.901294013003394, -0.20877861979152268
366, 1763439522.826833, -0.021199464797973633, -1.1217772960662842, 2.2948808670043945, 0.03179144859313965, -1.0643391609191895, -0.02298426628112793, 0.022484183311462402, -1.8385840388305605, -5.144767280404423, -3.901708517080082, -0.20875649769239146
367, 1763439522.849899, -0.021251201629638672, -1.112440586090088, 2.285045862197876, 0.03178238868713379, -1.064302682876587, -0.02298426628112793, 0.022468924522399902, -1.8386473532558618, -5.144883177544317, -3.9022035594275577, -0.2087427638629995
368, 1763439522.8706748, -0.02133965492248535, -1.102919578552246, 2.2751388549804688, 0.03170943260192871, -1.0641658306121826, -0.02298426628112793, 0.022461235523223877, -1.838744804408221, -5.144766980914715, -3.9026554125112933, -0.20877083498469418
369, 1763439522.895327, -0.021457672119140625, -1.0924692153930664, 2.2638657093048096, 0.03170037269592285, -1.0640928745269775, -0.02296614646911621, 0.022491812705993652, -1.8388318974677271, -5.144735529524159, -3.903210427967159, -0.20875383642126355
370, 1763439522.9134982, -0.0215756893157959, -1.083176851272583, 2.2538788318634033, 0.03169131278991699, -1.0638189315795898, -0.02296614646911621, 0.022468924522399902, -1.8389476630951047, -5.144880725465359, -3.9037316958113815, -0.20873379326164088
371, 1763439522.9361348, -0.021738052368164062, -1.0739803314208984, 2.2437961101531982, 0.03160905838012695, -1.0634534358978271, -0.02296614646911621, 0.022468924522399902, -1.8391096543273546, -5.144822019610097, -3.904193055916491, -0.2087429763392743
372, 1763439522.957925, -0.021973848342895508, -1.0633533000946045, 2.2320516109466553, 0.031554222106933594, -1.0630791187286377, -0.02298426628112793, 0.022468924522399902, -1.8391382979186925, -5.144637306148654, -3.9047337335552625, -0.20873229544323735
373, 1763439522.9831638, -0.022077083587646484, -1.0531461238861084, 2.220219135284424, 0.031517744064331055, -1.0627050399780273, -0.02297520637512207, 0.022491812705993652, -1.839392443352969, -5.144827425646334, -3.905335312299921, -0.20870333530086427
374, 1763439523.008785, -0.02206254005432129, -1.0429320335388184, 2.208378791809082, 0.03139901161193848, -1.0613718032836914, -0.02297520637512207, 0.022491812705993652, -1.839578027301624, -5.14476137694946, -3.905849073437477, -0.20883963997971478
375, 1763439523.027833, -0.02209186553955078, -1.0342075824737549, 2.1979126930236816, 0.03136253356933594, -1.0583767890930176, -0.02296614646911621, 0.022445976734161377, -1.8395777189014568, -5.144511759849254, -3.9062634889411485, -0.20887202226553914
376, 1763439523.049353, -0.022136211395263672, -1.0253207683563232, 2.1874942779541016, 0.03129839897155762, -1.0567607879638672, -0.02297520637512207, 0.022499442100524902, -1.839834762976806, -5.144664394897415, -3.906755285826885, -0.20880664627793344
377, 1763439523.071216, -0.022209882736206055, -1.0151803493499756, 2.1754698753356934, 0.031006336212158203, -1.054706335067749, -0.02297520637512207, 0.022476494312286377, -1.8401285625173847, -5.144772402082212, -3.9072528053065403, -0.20884250753784084
378, 1763439523.0979688, -0.0222320556640625, -1.0037124156951904, 2.1620078086853027, 0.030960559844970703, -1.0538935661315918, -0.02296614646911621, 0.022476494312286377, -1.840106868518634, -5.144351602822596, -3.9077277667948827, -0.2088054253406586
379, 1763439523.122535, -0.02226877212524414, -0.9949066638946533, 2.1515815258026123, 0.030924081802368164, -1.0534279346466064, -0.02297520637512207, 0.022491812705993652, -1.840451792880438, -5.144554082941002, -3.908218892839135, -0.2086971240505031
380, 1763439523.140784, -0.02236461639404297, -0.9861895442008972, 2.1411712169647217, 0.03054976463317871, -1.0514554977416992, -0.02298426628112793, 0.022499442100524902, -1.84070738075612, -5.144718950046602, -3.908659943278902, -0.20869287337680564
381, 1763439523.1645582, -0.022394418716430664, -0.9774648547172546, 2.130704879760742, 0.030467748641967773, -1.0484700202941895, -0.02296614646911621, 0.022438347339630127, -1.8406195343035459, -5.1442733347848035, -3.9090103303673533, -0.20871778240637973
382, 1763439523.187176, -0.022475242614746094, -0.9674717783927917, 2.118800640106201, 0.030476808547973633, -1.0469725131988525, -0.02298426628112793, 0.022468924522399902, -1.8409359084428947, -5.1442971967613325, -3.909555986020587, -0.20859428646974543
383, 1763439523.206851, -0.022571325302124023, -0.9588654041290283, 2.1083104610443115, 0.030358076095581055, -1.0455663204193115, -0.02298426628112793, 0.022476494312286377, -1.8413411991291706, -5.144667174522163, -3.910087490736744, -0.20862454974106814
384, 1763439523.229583, -0.022600650787353516, -0.9504432082176208, 2.0978682041168213, 0.030266761779785156, -1.0443427562713623, -0.02298426628112793, 0.022468924522399902, -1.8412106090635652, -5.144200776047297, -3.9104405204101456, -0.20871442106753424
385, 1763439523.254891, -0.022703886032104492, -0.9411656260490417, 2.0855884552001953, 0.030275821685791016, -1.0423247814178467, -0.02295684814453125, 0.022491812705993652, -1.8414338196483193, -5.143955821723727, -3.9110123641969397, -0.20859728350072082
386, 1763439523.275393, -0.022814512252807617, -0.9331417083740234, 2.074514865875244, 0.030202865600585938, -1.0395491123199463, -0.02296614646911621, 0.022507071495056152, -1.8419378022481023, -5.1445263346026255, -3.9116635353925937, -0.20860824105329723
387, 1763439523.302269, -0.022777795791625977, -0.9227800369262695, 2.0602457523345947, 0.03009319305419922, -1.0358145236968994, -0.02298426628112793, 0.022453665733337402, -1.8418062387466665, -5.14396428991901, -3.9121951073035683, -0.20880506820248357
388, 1763439523.325098, -0.022821903228759766, -0.9156854152679443, 2.050626277923584, 0.030102252960205078, -1.03444504737854, -0.02295684814453125, 0.022537589073181152, -1.8419105622635916, -5.143604410681207, -3.9126328474680556, -0.20874218381214327
389, 1763439523.339372, -0.022954940795898438, -0.9076836109161377, 2.039041519165039, 0.03004765510559082, -1.0308656692504883, -0.02296614646911621, 0.022484183311462402, -1.842528711937132, -5.144301098072822, -3.9133581952633736, -0.20867000624255017
390, 1763439523.3623629, -0.022917747497558594, -0.8987894058227539, 2.0262584686279297, 0.02999281883239746, -1.0262362957000732, -0.02295684814453125, 0.022476494312286377, -1.8425484498743798, -5.144186421233886, -3.9139017380645154, -0.20885946394138877
391, 1763439523.39043, -0.022962093353271484, -0.8897035121917725, 2.013650894165039, 0.029901504516601562, -1.022036075592041, -0.02294778823852539, 0.022438347339630127, -1.8424275861741162, -5.143358148885095, -3.9144489862062484, -0.2087718907865872
392, 1763439523.41251, -0.023094892501831055, -0.881812572479248, 2.002553701400757, 0.029919862747192383, -1.0194246768951416, -0.022929668426513672, 0.022491812705993652, -1.8430662762275882, -5.144124619514306, -3.915270389248122, -0.20861108394827
393, 1763439523.428124, -0.023035764694213867, -0.8756396174430847, 1.9931660890579224, 0.029865026473999023, -1.0169684886932373, -0.02295684814453125, 0.022468924522399902, -1.843258103552067, -5.14440521017355, -3.915819979827357, -0.2087408769096113
394, 1763439523.453341, -0.023094892501831055, -0.8674757480621338, 1.9805266857147217, 0.029755353927612305, -1.0130696296691895, -0.02294778823852539, 0.022415459156036377, -1.8428744331231943, -5.143286996126042, -3.9163483636635497, -0.20878343017596102
395, 1763439523.47366, -0.023463726043701172, -0.8591198921203613, 1.967519760131836, 0.029755353927612305, -1.0106499195098877, -0.02296614646911621, 0.022491812705993652, -1.8434949610032083, -5.1437918148406805, -3.917336508038958, -0.20846907934466508
396, 1763439523.495632, -0.023397445678710938, -0.8519220352172852, 1.95602285861969, 0.029718875885009766, -1.0080933570861816, -0.02296614646911621, 0.022468924522399902, -1.8439157375187603, -5.1444450099589565, -3.918154360638365, -0.20863206182441552
397, 1763439523.522955, -0.023286819458007812, -0.8436102271080017, 1.9416977167129517, 0.029600143432617188, -1.0029890537261963, -0.022929668426513672, 0.022476494312286377, -1.843461285750751, -5.143071897909213, -3.9187985677275456, -0.20875969982897136
398, 1763439523.5417511, -0.023500680923461914, -0.8380939364433289, 1.932541847229004, 0.029645919799804688, -1.000697374343872, -0.02294778823852539, 0.022476494312286377, -1.843966230731394, -5.1434416119508874, -3.9196123172995248, -0.20845824292129045
399, 1763439523.564885, -0.02347087860107422, -0.8312720656394958, 1.9212127923965454, 0.029591083526611328, -0.9967343807220459, -0.02295684814453125, 0.022499442100524902, -1.8445812064706488, -5.144523718589181, -3.9206758081185136, -0.20854134371775324
400, 1763439523.5956202, -0.02337503433227539, -0.824310302734375, 1.9094282388687134, 0.02940845489501953, -0.9908542633056641, -0.02294778823852539, 0.022438347339630127, -1.8439146532984094, -5.142969766056705, -3.921289070332337, -0.20874160822853938
401, 1763439523.611081, -0.023714303970336914, -0.8194131851196289, 1.9014227390289307, 0.02943587303161621, -0.9889185428619385, -0.02295684814453125, 0.022514700889587402, -1.8443874912544682, -5.143270206486082, -3.9221125489479935, -0.20841864060278148
402, 1763439523.6266, -0.023876428604125977, -0.8152759075164795, 1.8946077823638916, 0.02943587303161621, -0.9861061573028564, -0.02298426628112793, 0.022438347339630127, -1.8450021526259275, -5.144350256776606, -3.922872802574514, -0.2083414433320181
403, 1763439523.650836, -0.02364063262939453, -0.8079747557640076, 1.8827115297317505, 0.029280424118041992, -0.9824264049530029, -0.02296614646911621, 0.022438347339630127, -1.84460039767177, -5.143438286206507, -3.923515201933858, -0.20869909327289005
404, 1763439523.674546, -0.02383255958557129, -0.8008432388305664, 1.8718297481536865, 0.029262304306030273, -0.980518102645874, -0.02293872833251953, 0.022491812705993652, -1.844765165554933, -5.143002933346286, -3.9243264124988895, -0.2084289740216283
405, 1763439523.698555, -0.02409052848815918, -0.7943017482757568, 1.861531376838684, 0.029298782348632812, -0.9773039817810059, -0.02298426628112793, 0.022468924522399902, -1.8455813100371965, -5.144354607093706, -3.9252956104206094, -0.20833051475927888
406, 1763439523.720261, -0.023670196533203125, -0.7883796095848083, 1.851943850517273, 0.029161930084228516, -0.9746105670928955, -0.02297520637512207, 0.022461235523223877, -1.8452353203911445, -5.143615787496985, -3.9256834406602974, -0.2086592235289757
407, 1763439523.7385, -0.023802757263183594, -0.7827157974243164, 1.8429237604141235, 0.029107093811035156, -0.9737157821655273, -0.02294778823852539, 0.022484183311462402, -1.8449752881638464, -5.142578048569934, -3.926154785452766, -0.20855853708590644
408, 1763439523.760544, -0.024097681045532227, -0.7771255970001221, 1.8339755535125732, 0.029152870178222656, -0.9718255996704102, -0.02296614646911621, 0.022529959678649902, -1.845831011752909, -5.143885442362671, -3.927161044756164, -0.20830528400926784
409, 1763439523.787415, -0.02378082275390625, -0.7707905173301697, 1.8233416080474854, 0.029079914093017578, -0.9654066562652588, -0.02296614646911621, 0.022461235523223877, -1.8455935994940686, -5.143572392384291, -3.927853136894723, -0.2087236806257522
410, 1763439523.80804, -0.02376580238342285, -0.766277015209198, 1.8154798746109009, 0.028988361358642578, -0.9621834754943848, -0.022902250289916992, 0.022468924522399902, -1.845222098871114, -5.142431104636273, -3.928347618183539, -0.20867861255656805
411, 1763439523.8266392, -0.024068355560302734, -0.7625012397766113, 1.8088966608047485, 0.029043197631835938, -0.9614896774291992, -0.02297520637512207, 0.022575736045837402, -1.846017902954862, -5.143664196104369, -3.9294540855124485, -0.20843415524431474
412, 1763439523.846791, -0.023935556411743164, -0.7614023685455322, 1.8063160181045532, 0.028997421264648438, -0.9612157344818115, -0.02295684814453125, 0.022491812705993652, -1.846185141294359, -5.144289240350475, -3.9302036102668816, -0.20868110807923657
413, 1763439523.870772, -0.023721933364868164, -0.7618815898895264, 1.80658757686615, 0.028805971145629883, -0.9612338542938232, -0.02292037010192871, 0.022484183311462402, -1.8460088168615991, -5.1443000533739, -3.9311237656185156, -0.208936994875363
414, 1763439523.896207, -0.02404618263244629, -0.7626338005065918, 1.806947112083435, 0.028842449188232422, -0.9611883163452148, -0.02291131019592285, 0.022468924522399902, -1.8458212232730469, -5.14403719686444, -3.9320704017048236, -0.20863452960626017
415, 1763439523.9168289, -0.023625850677490234, -0.7626781463623047, 1.8068592548370361, 0.02885150909423828, -0.9612247943878174, -0.022929668426513672, 0.022468924522399902, -1.845843116974127, -5.144115449977631, -3.932952364216003, -0.20887941155244594
416, 1763439523.938774, -0.023021221160888672, -0.7627151012420654, 1.8069790601730347, 0.028815031051635742, -0.9612429141998291, -0.022929668426513672, 0.022453665733337402, -1.8459074014775743, -5.144311031745039, -3.933809379354527, -0.20930270369925097
417, 1763439523.960652, -0.02315378189086914, -0.7627298831939697, 1.8070509433746338, 0.02883315086364746, -0.9612612724304199, -0.02295684814453125, 0.022476494312286377, -1.8458478823640572, -5.144182007577537, -3.934720355572495, -0.20915111402495778
418, 1763439523.9877481, -0.02341938018798828, -0.7625970840454102, 1.8070909976959229, 0.02885150909423828, -0.9613068103790283, -0.02293872833251953, 0.022453665733337402, -1.845796733255538, -5.144024171198332, -3.9355871573065273, -0.20889318180896765
419, 1763439524.009005, -0.023441553115844727, -0.762486457824707, 1.8071788549423218, 0.028815031051635742, -0.9615626335144043, -0.02292037010192871, 0.022461235523223877, -1.8458291925345236, -5.144051534023187, -3.9363457655133893, -0.20880865318352893
420, 1763439524.032286, -0.023367643356323242, -0.7624642848968506, 1.8070670366287231, 0.028805971145629883, -0.9623112678527832, -0.022893190383911133, 0.022430717945098877, -1.8458336669937156, -5.143943380128947, -3.9372478464910627, -0.20858306246100167
421, 1763439524.051577, -0.023272037506103516, -0.7621989250183105, 1.8070350885391235, 0.0288240909576416, -0.9654889106750488, -0.022801876068115234, 0.022453665733337402, -1.845822078836808, -5.1438583555536415, -3.9378327566781315, -0.2084848930904828
422, 1763439524.073688, -0.02320551872253418, -0.762161910533905, 1.806907296180725, 0.028842449188232422, -0.9680547714233398, -0.022655725479125977, 0.022476494312286377, -1.8458581426763505, -5.143856817610579, -3.9384873699645873, -0.20840825433891297
423, 1763439524.098738, -0.023235082626342773, -0.7620587348937988, 1.8063877820968628, 0.028842449188232422, -0.9681549072265625, -0.022573471069335938, 0.022491812705993652, -1.8458844099350353, -5.1438337460296415, -3.9391133702290695, -0.2083129713070484
424, 1763439524.115791, -0.023227691650390625, -0.7617635130882263, 1.8059884309768677, 0.028842449188232422, -0.9681549072265625, -0.022317886352539062, 0.022491812705993652, -1.8458844766330138, -5.14378892940814, -3.9397369652921013, -0.20833332121161607
425, 1763439524.138943, -0.023146390914916992, -0.7614834308624268, 1.8058445453643799, 0.02883315086364746, -0.9681823253631592, -0.019423484802246094, 0.022476494312286377, -1.8458973449973621, -5.143787900962745, -3.940537300430778, -0.20847840946285334
426, 1763439524.1628191, -0.023065567016601562, -0.7611958384513855, 1.8058445453643799, 0.02883315086364746, -0.9683103561401367, -0.018738508224487305, 0.022499442100524902, -1.8459107155457688, -5.14381897799135, -3.9411606242388943, -0.20861850516107694
427, 1763439524.1854131, -0.023021221160888672, -0.7605025768280029, 1.8058685064315796, 0.02883315086364746, -0.9725103378295898, -0.018756628036499023, 0.022468924522399902, -1.8459175905496092, -5.143864640497301, -3.941883037945015, -0.20876957987437095
428, 1763439524.2062101, -0.023006439208984375, -0.759986400604248, 1.8056608438491821, 0.028815031051635742, -0.975487232208252, -0.018738508224487305, 0.022499442100524902, -1.845926126411808, -5.1439254939705545, -3.9424334447811993, -0.20889102703362283
429, 1763439524.2302039, -0.02289581298828125, -0.7591972351074219, 1.8050296306610107, 0.028805971145629883, -0.9780073165893555, -0.018674612045288086, 0.022468924522399902, -1.8459324703668858, -5.144023868120335, -3.9431837061259363, -0.20903156764289488
430, 1763439524.254715, -0.022785186767578125, -0.7585186958312988, 1.8043345212936401, 0.0288240909576416, -0.980107307434082, -0.018665552139282227, 0.022476494312286377, -1.845944658364353, -5.144146492703544, -3.9440449819546837, -0.20911610552608995
431, 1763439524.274858, -0.02271127700805664, -0.7581793665885925, 1.8039430379867554, 0.02883315086364746, -0.9808652400970459, -0.018674612045288086, 0.022476494312286377, -1.8459571409886624, -5.144267821673698, -3.9446439515518836, -0.20917120768430753
432, 1763439524.2947671, -0.022644996643066406, -0.7578401565551758, 1.8036714792251587, 0.0288240909576416, -0.982508659362793, -0.018674612045288086, 0.022468924522399902, -1.8459746164452788, -5.144440454498098, -3.9454559383145473, -0.2091503978469058
433, 1763439524.3199732, -0.02266716957092285, -0.7576189041137695, 1.8035756349563599, 0.0288240909576416, -0.984654426574707, -0.018674612045288086, 0.022491812705993652, -1.8459829164378194, -5.144573535380537, -3.946176219227469, -0.20910458057417092
434, 1763439524.34022, -0.02263021469116211, -0.7573387622833252, 1.8032559156417847, 0.02883315086364746, -0.9846363067626953, -0.018674612045288086, 0.022461235523223877, -1.8459930760319674, -5.144701729795261, -3.9468980945298004, -0.20904780865856942
435, 1763439524.3635972, -0.022644996643066406, -0.7569403052330017, 1.80282461643219, 0.028842449188232422, -0.9846999645233154, -0.018647193908691406, 0.022491812705993652, -1.8460225926354235, -5.144838435226892, -3.9477215068537475, -0.2090115568778339
436, 1763439524.388973, -0.022660017013549805, -0.7562029361724854, 1.802321195602417, 0.028805971145629883, -0.9848918914794922, -0.018656253814697266, 0.022499442100524902, -1.8460599556942268, -5.144965234145142, -3.9485249745097413, -0.20901933629513003
437, 1763439524.40925, -0.022696495056152344, -0.7554507255554199, 1.802025556564331, 0.0288240909576416, -0.9870374202728271, -0.018674612045288086, 0.022484183311462402, -1.8460999236175102, -5.145052301284798, -3.9491992118502726, -0.20902144973763637
438, 1763439524.431372, -0.02272629737854004, -0.7544994354248047, 1.8015621900558472, 0.028815031051635742, -0.9881606101989746, -0.018647193908691406, 0.022453665733337402, -1.8461428471178394, -5.1451491489716545, -3.949951461285322, -0.20903928331799282
439, 1763439524.4546938, -0.022785186767578125, -0.7537546157836914, 1.801122784614563, 0.028805971145629883, -0.9881970882415771, -0.018656253814697266, 0.022468924522399902, -1.846185237134926, -5.145232636056206, -3.950596851681351, -0.20903766981468763
440, 1763439524.478109, -0.022814512252807617, -0.7529802322387695, 1.8006833791732788, 0.028815031051635742, -0.9882428646087646, -0.018638134002685547, 0.022468924522399902, -1.8462247169540076, -5.145315853317783, -3.9512314830298023, -0.20899895724695217
441, 1763439524.501239, -0.022829532623291016, -0.751954972743988, 1.8000842332839966, 0.028815031051635742, -0.9882338047027588, -0.018656253814697266, 0.022468924522399902, -1.8462895518528766, -5.145451263626404, -3.952020740181497, -0.20894452982460443
442, 1763439524.522955, -0.02285146713256836, -0.7512027621269226, 1.7995887994766235, 0.028815031051635742, -0.9883251190185547, -0.018647193908691406, 0.022476494312286377, -1.8463401646023834, -5.145559632497721, -3.9526371820027766, -0.20891498698836575
443, 1763439524.5430589, -0.02289581298828125, -0.7505908012390137, 1.7992613315582275, 0.028815031051635742, -0.98995041847229, -0.018656253814697266, 0.022423088550567627, -1.8463746336072746, -5.14565372366498, -3.953253696949806, -0.20885882366586905
444, 1763439524.563193, -0.022858858108520508, -0.7499933242797852, 1.799253225326538, 0.0288240909576416, -0.9950361251831055, -0.018647193908691406, 0.022499442100524902, -1.8464033011972267, -5.1457492267884035, -3.953884013546873, -0.2088780326878661
445, 1763439524.5928252, -0.022866249084472656, -0.7494180202484131, 1.7986301183700562, 0.028815031051635742, -0.9970908164978027, -0.018629074096679688, 0.022507071495056152, -1.8464382678942104, -5.1458633185145874, -3.954732611695161, -0.20890177282133315
446, 1763439524.613118, -0.02289581298828125, -0.7491156458854675, 1.798054814338684, 0.028815031051635742, -0.9970724582672119, -0.018629074096679688, 0.022491812705993652, -1.8464668240129138, -5.145937068433249, -3.95529182168216, -0.2089437425786409
447, 1763439524.631468, -0.02289581298828125, -0.7485920786857605, 1.7974716424942017, 0.0288240909576416, -0.9971272945404053, -0.018665552139282227, 0.022484183311462402, -1.8464974909958687, -5.146023432843723, -3.9559445334547965, -0.20900975005101685
448, 1763439524.6549592, -0.02288079261779785, -0.7478692531585693, 1.7969523668289185, 0.028815031051635742, -0.9971182346343994, -0.018638134002685547, 0.022476494312286377, -1.846531488355476, -5.146109016576801, -3.95669976892157, -0.20904680034630552
449, 1763439524.676512, -0.022866249084472656, -0.7471613883972168, 1.7966806888580322, 0.028815031051635742, -0.9985790252685547, -0.018656253814697266, 0.022491812705993652, -1.8465634370243, -5.146198705054579, -3.957456835185579, -0.20910208622816917
450, 1763439524.698459, -0.022836923599243164, -0.7466304302215576, 1.7965528964996338, 0.028815031051635742, -1.0013182163238525, -0.018619775772094727, 0.022476494312286377, -1.846595686277466, -5.146275596828471, -3.9580375446994602, -0.20913036524875483
451, 1763439524.722518, -0.02285146713256836, -0.7460036277770996, 1.7961374521255493, 0.028805971145629883, -1.0039021968841553, -0.018638134002685547, 0.022476494312286377, -1.8466388987087834, -5.146371827041856, -3.958815013134612, -0.2091384744043303
452, 1763439524.742414, -0.02285146713256836, -0.7454354763031006, 1.7954981327056885, 0.028805971145629883, -1.005253553390503, -0.018619775772094727, 0.022476494312286377, -1.8466851035614198, -5.146457893854763, -3.9595847860123587, -0.20914651244438875
453, 1763439524.76386, -0.022858858108520508, -0.7448604106903076, 1.7948111295700073, 0.0288240909576416, -1.0057923793792725, -0.018647193908691406, 0.022461235523223877, -1.8467253190745705, -5.146533305308927, -3.9602729465682907, -0.20916717541096919
454, 1763439524.790428, -0.02288079261779785, -0.7441377639770508, 1.7939881086349487, 0.0288240909576416, -1.0058197975158691, -0.018647193908691406, 0.022476494312286377, -1.8467769404519627, -5.146625107443467, -3.9611392260739215, -0.20912928381218965
455, 1763439524.8103628, -0.0228884220123291, -0.7434885501861572, 1.793508768081665, 0.028815031051635742, -1.0058104991912842, -0.018638134002685547, 0.022476494312286377, -1.8468071526892151, -5.146694191092456, -3.961694148662049, -0.20910237972696866
456, 1763439524.8297029, -0.022917747497558594, -0.7427585124969482, 1.7930214405059814, 0.0288240909576416, -1.0058653354644775, -0.018638134002685547, 0.022445976734161377, -1.8468314760487128, -5.146762229905733, -3.962233490951947, -0.20910496757191765
457, 1763439524.869382, -0.02293252944946289, -0.740494430065155, 1.7916473150253296, 0.028815031051635742, -1.007317066192627, -0.018638134002685547, 0.022461235523223877, -1.8468996010882126, -5.146890817568638, -3.9634277294732168, -0.2090337674018805
458, 1763439524.8782709, -0.02294015884399414, -0.7399632334709167, 1.791495442390442, 0.0288240909576416, -1.00938081741333, -0.018610715866088867, 0.022438347339630127, -1.8469088689229531, -5.146925039436961, -3.963681586460616, -0.20903307769355717
459, 1763439524.8988008, -0.022962093353271484, -0.738886833190918, 1.791191816329956, 0.028805971145629883, -1.0136539936065674, -0.018638134002685547, 0.022491812705993652, -1.8469308059044574, -5.146986840371608, -3.964186331518615, -0.20901032613889203
460, 1763439524.921783, -0.023013830184936523, -0.7379131317138672, 1.7904489040374756, 0.028815031051635742, -1.0159823894500732, -0.018638134002685547, 0.022484183311462402, -1.846950295004892, -5.1470671222580915, -3.964850524300138, -0.2089946196204462
461, 1763439524.9413319, -0.023050785064697266, -0.7371242046356201, 1.7897617816925049, 0.028815031051635742, -1.0160737037658691, -0.018656253814697266, 0.022468924522399902, -1.8469590833349692, -5.147141571743161, -3.9654521094452533, -0.20900257721664062
462, 1763439524.964833, -0.023043155670166016, -0.7363717555999756, 1.7892744541168213, 0.0288240909576416, -1.0160918235778809, -0.018656253814697266, 0.022476494312286377, -1.8469536930158217, -5.147203932696043, -3.9660653692211896, -0.2090329357199492
463, 1763439524.990593, -0.023035764694213867, -0.7356342673301697, 1.7888109683990479, 0.028815031051635742, -1.016165018081665, -0.018619775772094727, 0.022484183311462402, -1.8471508105439254, -5.147144166892863, -3.96673124978472, -0.20906611015870968
464, 1763439525.0090728, -0.023050785064697266, -0.7347345352172852, 1.788307785987854, 0.028815031051635742, -1.017406702041626, -0.018638134002685547, 0.022438347339630127, -1.8471691828922125, -5.147321795262706, -3.9674843002361775, -0.209115443610842
465, 1763439525.032392, -0.023080110549926758, -0.7339897155761719, 1.7880200147628784, 0.028787612915039062, -1.0215246677398682, -0.018610715866088867, 0.022514700889587402, -1.8471725573912408, -5.147265327057957, -3.9680897588023063, -0.20915231220454888
466, 1763439525.05774, -0.02320551872253418, -0.7332891821861267, 1.787308931350708, 0.028815031051635742, -1.022364854812622, -0.018647193908691406, 0.022484183311462402, -1.8472083940429096, -5.147212735242238, -3.9688129063046036, -0.20905692820406863
467, 1763439525.0789618, -0.0233309268951416, -0.7325589656829834, 1.7866538763046265, 0.028815031051635742, -1.0232503414154053, -0.018647193908691406, 0.022507071495056152, -1.847209304992852, -5.147498649235565, -3.9695309301515125, -0.20899321135017424
468, 1763439525.0982568, -0.023301362991333008, -0.7319321632385254, 1.7861825227737427, 0.0288240909576416, -1.0239627361297607, -0.018619775772094727, 0.022484183311462402, -1.847197160876048, -5.147473992987489, -3.9701713918051826, -0.20902392438465878
469, 1763439525.123041, -0.023301362991333008, -0.7312535643577576, 1.7855912446975708, 0.028815031051635742, -1.0238714218139648, -0.018629074096679688, 0.022445976734161377, -1.847123659054415, -5.147326418282357, -3.9708819365076042, -0.208973593209147
470, 1763439525.14269, -0.02329397201538086, -0.7306341528892517, 1.7850559949874878, 0.02883315086364746, -1.024017572402954, -0.018647193908691406, 0.022507071495056152, -1.847165248443563, -5.147652917256132, -3.9716345591976254, -0.2089708492944986
471, 1763439525.166356, -0.023264408111572266, -0.7301105856895447, 1.7845605611801147, 0.028815031051635742, -1.024017572402954, -0.018638134002685547, 0.022461235523223877, -1.8471637568631791, -5.147713842427192, -3.9723771664903667, -0.2090803687063456
472, 1763439525.1897988, -0.02333831787109375, -0.7296237349510193, 1.7842251062393188, 0.028787612915039062, -1.024099588394165, -0.018647193908691406, 0.022468924522399902, -1.8470112697131382, -5.147473153740679, -3.972981425463441, -0.2090574856132177
473, 1763439525.210589, -0.023397445678710938, -0.7291150093078613, 1.783721685409546, 0.028796672821044922, -1.0243825912475586, -0.018619775772094727, 0.022461235523223877, -1.8470309235393105, -5.14772368238692, -3.9737378739176323, -0.2090191804127386
474, 1763439525.2276638, -0.02338266372680664, -0.7285323143005371, 1.7833062410354614, 0.028796672821044922, -1.0275602340698242, -0.018647193908691406, 0.022468924522399902, -1.847111096953354, -5.147966168597499, -3.9743389376871856, -0.2090984786183281
475, 1763439525.252161, -0.023242473602294922, -0.7277431488037109, 1.7826272249221802, 0.028787612915039062, -1.0311760902404785, -0.018610715866088867, 0.022468924522399902, -1.8468728232566822, -5.1476196649695325, -3.9749563838713122, -0.20925541226023991
476, 1763439525.273846, -0.0233457088470459, -0.7269761562347412, 1.7817962169647217, 0.028769254684448242, -1.0327284336090088, -0.018647193908691406, 0.022499442100524902, -1.8468313180204436, -5.147672928828905, -3.975625495782501, -0.2091549290266057
477, 1763439525.295625, -0.023456335067749023, -0.7262608408927917, 1.7810052633285522, 0.028796672821044922, -1.0333857536315918, -0.018656253814697266, 0.022514700889587402, -1.8470648769519185, -5.148153468060121, -3.9763412642640192, -0.20912913733705452
478, 1763439525.316589, -0.02337503433227539, -0.7254865169525146, 1.7805978059768677, 0.028751134872436523, -1.033376693725586, -0.018656253814697266, 0.022476494312286377, -1.846912900997007, -5.147921170433569, -3.9768328508574418, -0.20925676574734187
479, 1763439525.3388858, -0.023404598236083984, -0.7241148948669434, 1.7798229455947876, 0.028732776641845703, -1.0334677696228027, -0.018629074096679688, 0.022476494312286377, -1.8467623218574252, -5.147612436410885, -3.9774712688958305, -0.20916706961126952
480, 1763439525.361504, -0.023463726043701172, -0.7225954532623291, 1.778792142868042, 0.028751134872436523, -1.0340521335601807, -0.018647193908691406, 0.022423088550567627, -1.8471206979420227, -5.148172671253758, -3.978220709987269, -0.209067893767644
481, 1763439525.387829, -0.02316880226135254, -0.7204346656799316, 1.7781450748443604, 0.028677940368652344, -1.0404531955718994, -0.018647193908691406, 0.022461235523223877, -1.8469523809029829, -5.148005119142925, -3.9788982721045487, -0.20930844690838768
482, 1763439525.407302, -0.023227691650390625, -0.7189376354217529, 1.7773860692977905, 0.028668880462646484, -1.0430188179016113, -0.018647193908691406, 0.022461235523223877, -1.8467773419843914, -5.147540714903326, -3.97951502060042, -0.2092395627532646
483, 1763439525.430909, -0.023478269577026367, -0.7175731658935547, 1.7765390872955322, 0.028687000274658203, -1.0465705394744873, -0.018638134002685547, 0.022507071495056152, -1.847265520767711, -5.148271255229412, -3.9805715913295563, -0.2090703642998042
484, 1763439525.45856, -0.02329397201538086, -0.7167768478393555, 1.7762515544891357, 0.028595924377441406, -1.0473012924194336, -0.018665552139282227, 0.022438347339630127, -1.8470124085539124, -5.148114084135863, -3.981454649969111, -0.20930569736034776
485, 1763439525.4793339, -0.023367643356323242, -0.7162089347839355, 1.7759720087051392, 0.028541088104248047, -1.0473012924194336, -0.018638134002685547, 0.022445976734161377, -1.8467622028861945, -5.147500047874797, -3.9821564545970327, -0.20922695604715003
486, 1763439525.499222, -0.02351522445678711, -0.7153239250183105, 1.77519690990448, 0.028568506240844727, -1.0487620830535889, -0.018647193908691406, 0.022476494312286377, -1.8467567785674184, -5.14741878110064, -3.983010418829747, -0.2090464820389366
487, 1763439525.526459, -0.02324962615966797, -0.7145273685455322, 1.7743741273880005, 0.028559446334838867, -1.0505425930023193, -0.018638134002685547, 0.022491812705993652, -1.8468582136593428, -5.147589005999355, -3.9838917722516327, -0.20922785537226662
488, 1763439525.5466628, -0.023212671279907227, -0.713516891002655, 1.7733113765716553, 0.028522729873657227, -1.0504331588745117, -0.018638134002685547, 0.022507071495056152, -1.8468980576424197, -5.147665715890958, -3.9848802704963644, -0.20927160622105934
489, 1763439525.567987, -0.02381753921508789, -0.712727963924408, 1.772424578666687, 0.028532028198242188, -1.0504696369171143, -0.018619775772094727, 0.022484183311462402, -1.8468583164611514, -5.147523336404571, -3.985837200685508, -0.20883196433324347
490, 1763439525.5980742, -0.0239870548248291, -0.7118501663208008, 1.7716656923294067, 0.02849555015563965, -1.0505790710449219, -0.018638134002685547, 0.022461235523223877, -1.8469134412523736, -5.147571960670584, -3.9868425423327594, -0.20872286967715858
491, 1763439525.6135669, -0.023891448974609375, -0.7111940383911133, 1.7711063623428345, 0.02849555015563965, -1.050661325454712, -0.018647193908691406, 0.022484183311462402, -1.846991866737231, -5.147692897919489, -3.9875781655807727, -0.2088208031814931
492, 1763439525.633155, -0.023979902267456055, -0.7102351188659668, 1.770315408706665, 0.028522729873657227, -1.051227331161499, -0.018647193908691406, 0.022423088550567627, -1.847033983280074, -5.147692737822582, -3.9884134127850372, -0.2088525333644018
493, 1763439525.657948, -0.024024009704589844, -0.7091143131256104, 1.7695883512496948, 0.02849555015563965, -1.0564138889312744, -0.018656253814697266, 0.022514700889587402, -1.847077973245975, -5.147646289429821, -3.9893230503218056, -0.20887764168090506
494, 1763439525.6772149, -0.02403879165649414, -0.7079710960388184, 1.7686455249786377, 0.028477191925048828, -1.0585229396820068, -0.018647193908691406, 0.022484183311462402, -1.8471600152806724, -5.1477179041007375, -3.99012288538455, -0.2090083243125962
495, 1763439525.699938, -0.024171829223632812, -0.7065920829772949, 1.7674790620803833, 0.028477191925048828, -1.059499979019165, -0.018647193908691406, 0.022499442100524902, -1.8472209481920432, -5.147758964066194, -3.991008010468688, -0.2090521109935084
496, 1763439525.7258098, -0.024333953857421875, -0.7053086757659912, 1.7663525342941284, 0.028486251831054688, -1.0594542026519775, -0.018638134002685547, 0.022453665733337402, -1.847264254303391, -5.147725697010064, -3.991741988351479, -0.20906385831836793
497, 1763439525.744555, -0.024282455444335938, -0.7039222121238708, 1.7654577493667603, 0.028467893600463867, -1.059509038925171, -0.018629074096679688, 0.022484183311462402, -1.8473222458896585, -5.147726141092268, -3.9924496230061886, -0.2091503001726851
498, 1763439525.76864, -0.024289608001708984, -0.7021818161010742, 1.7643312215805054, 0.028477191925048828, -1.059582233428955, -0.018647193908691406, 0.022499442100524902, -1.847382363296619, -5.147724850942369, -3.9932352136562086, -0.20920853011629603
499, 1763439525.800289, -0.02430438995361328, -0.6999766826629639, 1.7631248235702515, 0.028458833694458008, -1.0616273880004883, -0.018629074096679688, 0.022423088550567627, -1.8474114890867206, -5.147673522482818, -3.994113749743395, -0.2092205106083087
500, 1763439525.8143208, -0.024341344833374023, -0.6983246803283691, 1.7623099088668823, 0.028486251831054688, -1.0665671825408936, -0.018638134002685547, 0.022507071495056152, -1.8474310866825732, -5.147634135692752, -3.99480056874537, -0.20919034661678815
501, 1763439525.836916, -0.024333953857421875, -0.6965398192405701, 1.761191487312317, 0.02849555015563965, -1.0689775943756104, -0.018674612045288086, 0.022491812705993652, -1.8474339665795112, -5.147611955882401, -3.995603483985221, -0.20916366835671596
502, 1763439525.859884, -0.024333953857421875, -0.6953303813934326, 1.7603684663772583, 0.028458833694458008, -1.0700278282165527, -0.018619775772094727, 0.022468924522399902, -1.8474308506878772, -5.147576631330347, -3.9962073745642996, -0.20912679638089404
503, 1763439525.880049, -0.024393081665039062, -0.6936120986938477, 1.7593377828598022, 0.028458833694458008, -1.0729587078094482, -0.018656253814697266, 0.022484183311462402, -1.8474186543585938, -5.147498504254916, -3.9969864177521255, -0.20904875366352016
504, 1763439525.900343, -0.024393081665039062, -0.6922922134399414, 1.7585469484329224, 0.028477191925048828, -1.0748579502105713, -0.018629074096679688, 0.022491812705993652, -1.8474061782597349, -5.147437025725676, -3.9975776051206053, -0.20902547196522026
505, 1763439525.9257338, -0.024407625198364258, -0.6902639269828796, 1.75725257396698, 0.028467893600463867, -1.0769307613372803, -0.018656253814697266, 0.022491812705993652, -1.8474023531068178, -5.147344838096999, -3.9984408046592734, -0.20899842208228492
506, 1763439525.9437702, -0.02440023422241211, -0.6887814998626709, 1.7563416957855225, 0.02844977378845215, -1.0774877071380615, -0.018665552139282227, 0.022507071495056152, -1.847395284710311, -5.14728079003335, -3.999011597835255, -0.2089996402856773
507, 1763439525.964179, -0.0244295597076416, -0.6870629787445068, 1.7551991939544678, 0.028458833694458008, -1.0774786472320557, -0.018629074096679688, 0.022468924522399902, -1.8473948176415589, -5.147185738124096, -3.999656378700909, -0.20899223634426534
508, 1763439525.989164, -0.024444580078125, -0.6849465370178223, 1.7539769411087036, 0.02844977378845215, -1.0775787830352783, -0.018656253814697266, 0.022499442100524902, -1.8474019861995685, -5.147090734445775, -4.000389684919304, -0.20901261989626096
509, 1763439526.008076, -0.024459362030029297, -0.6832358241081238, 1.753193974494934, 0.028431415557861328, -1.0793688297271729, -0.018647193908691406, 0.022445976734161377, -1.8474063967762993, -5.1470308406946215, -4.000935206770516, -0.20904308750677103
510, 1763439526.030064, -0.0244295597076416, -0.6812148094177246, 1.7522910833358765, 0.028440475463867188, -1.083322286605835, -0.018638134002685547, 0.022476494312286377, -1.847421103227423, -5.146965847627072, -4.001554416920339, -0.20903725568616238
511, 1763439526.0696268, -0.024510860443115234, -0.6770260334014893, 1.7498782873153687, 0.02844977378845215, -1.0860249996185303, -0.018638134002685547, 0.022491812705993652, -1.8474337658065672, -5.14682424146006, -4.002768686448701, -0.20899087106569514
512, 1763439526.076312, -0.02448868751525879, -0.6764504909515381, 1.7494868040084839, 0.02844977378845215, -1.0859885215759277, -0.018656253814697266, 0.022445976734161377, -1.8474406954128253, -5.146803244353695, -4.002933005448815, -0.20897912327075474
513, 1763439526.1023989, -0.024510860443115234, -0.6731540560722351, 1.747497320175171, 0.028431415557861328, -1.086043357849121, -0.018656253814697266, 0.022491812705993652, -1.84747126010683, -5.14672547648565, -4.003630426052817, -0.20897083490136392
514, 1763439526.125996, -0.02445197105407715, -0.6705508232116699, 1.7459313869476318, 0.02839493751525879, -1.0860979557037354, -0.018674612045288086, 0.022476494312286377, -1.8474981218025257, -5.146661038958587, -4.004144955260546, -0.20894274211796926
515, 1763439526.1487942, -0.02448868751525879, -0.6673429012298584, 1.7441737651824951, 0.02839493751525879, -1.0878055095672607, -0.018619775772094727, 0.022423088550567627, -1.8475335912608954, -5.146586257508742, -4.004691172325346, -0.20889188854711893
516, 1763439526.168465, -0.02448129653930664, -0.6645846366882324, 1.7429593801498413, 0.02839493751525879, -1.0923984050750732, -0.018656253814697266, 0.022507071495056152, -1.8475452114591757, -5.146537032308681, -4.005076228790565, -0.20889376988441466
517, 1763439526.190335, -0.024518251419067383, -0.6611847877502441, 1.7411696910858154, 0.02840399742126465, -1.0956671237945557, -0.018647193908691406, 0.022499442100524902, -1.8475550977989932, -5.146452754088752, -4.005597150249589, -0.20887320394472741
518, 1763439526.2143009, -0.024518251419067383, -0.6579692363739014, 1.7392442226409912, 0.02839493751525879, -1.0975391864776611, -0.018647193908691406, 0.022445976734161377, -1.8475669904968606, -5.146359582012331, -4.006119733778714, -0.2088390442471182
519, 1763439526.2340841, -0.02452564239501953, -0.6553289294242859, 1.7379100322723389, 0.028385639190673828, -1.1003968715667725, -0.018656253814697266, 0.022514700889587402, -1.8475839648682852, -5.14631130318762, -4.006494262907204, -0.2088470185830653
520, 1763439526.255019, -0.024518251419067383, -0.6522905826568604, 1.7362802028656006, 0.02837657928466797, -1.102433204650879, -0.018629074096679688, 0.022476494312286377, -1.8475943662110177, -5.14626285982274, -4.006924348411607, -0.2088390318771145
521, 1763439526.285057, -0.024584531784057617, -0.6484408378601074, 1.734378695487976, 0.028385639190673828, -1.1047978401184082, -0.018638134002685547, 0.022476494312286377, -1.8475810721044472, -5.146185545772646, -4.007423429069183, -0.20877993996806765
522, 1763439526.296572, -0.024599313735961914, -0.6456236839294434, 1.732972502708435, 0.02836751937866211, -1.1065785884857178, -0.018638134002685547, 0.022468924522399902, -1.8475666093920124, -5.146139987353053, -4.007802094879614, -0.20876360900324187
523, 1763439526.319674, -0.024503707885742188, -0.6428947448730469, 1.7315824031829834, 0.02837657928466797, -1.108705997467041, -0.018610715866088867, 0.022529959678649902, -1.847548911528793, -5.146106672617676, -4.008314249053316, -0.2088215321557101
524, 1763439526.3411121, -0.02452564239501953, -0.6429540514945984, 1.7321975231170654, 0.02837657928466797, -1.107729196548462, -0.018647193908691406, 0.022468924522399902, -1.8474981580157976, -5.14606488555508, -4.008814266700723, -0.20880033268948495
525, 1763439526.367429, -0.024547576904296875, -0.6444361209869385, 1.7333799600601196, 0.02834916114807129, -1.107473373413086, -0.018656253814697266, 0.022430717945098877, -1.8473922745191382, -5.146032964289312, -4.009464184748389, -0.20881621399104766
526, 1763439526.3894882, -0.024540185928344727, -0.6462874412536621, 1.7336995601654053, 0.02834010124206543, -1.107473373413086, -0.018638134002685547, 0.022461235523223877, -1.8472995556013962, -5.1460051391517005, -4.010119420401757, -0.20885841371293612
527, 1763439526.409603, -0.024562597274780273, -0.647740364074707, 1.7336276769638062, 0.02834010124206543, -1.1074368953704834, -0.018656253814697266, 0.022476494312286377, -1.8472195090714014, -5.145964746495698, -4.010655196981131, -0.2088266019268774
528, 1763439526.429018, -0.024569988250732422, -0.6490527987480164, 1.7337554693222046, 0.02833104133605957, -1.1074552536010742, -0.018647193908691406, 0.022507071495056152, -1.8471295389878444, -5.145945916164764, -4.011082818996517, -0.20883940922719635
529, 1763439526.4550972, -0.024591922760009766, -0.650557279586792, 1.7339791059494019, 0.02834010124206543, -1.1074275970458984, -0.018647193908691406, 0.022514700889587402, -1.8469926947586952, -5.145935087764092, -4.0116525291458185, -0.2088207059833227
530, 1763439526.476065, -0.024606943130493164, -0.6514055728912354, 1.7341469526290894, 0.02833104133605957, -1.1074004173278809, -0.018638134002685547, 0.022499442100524902, -1.8469062729204726, -5.145914442723066, -4.01196253029067, -0.20880533492000453
531, 1763439526.496553, -0.024584531784057617, -0.6520617008209229, 1.7343307733535767, 0.02832198143005371, -1.1074368953704834, -0.018638134002685547, 0.022491812705993652, -1.8468242791479677, -5.145882765989193, -4.012225924378564, -0.20881677800728138
532, 1763439526.520417, -0.024584531784057617, -0.653109073638916, 1.7347381114959717, 0.02832198143005371, -1.1074461936950684, -0.018656253814697266, 0.022476494312286377, -1.8467038776567186, -5.145829380257934, -4.012543391193443, -0.20883845651414923
533, 1763439526.5438058, -0.024643659591674805, -0.6536180973052979, 1.7351535558700562, 0.02830362319946289, -1.1074094772338867, -0.018629074096679688, 0.022476494312286377, -1.8467722038909808, -5.1458433815374836, -4.0126891355250285, -0.2088755028205096
534, 1763439526.563921, -0.024732112884521484, -0.6539278030395508, 1.7356330156326294, 0.02829456329345703, -1.1074004173278809, -0.018647193908691406, 0.022484183311462402, -1.8467133283603079, -5.145773181920887, -4.012793270551936, -0.20892759507781644
535, 1763439526.589725, -0.024813175201416016, -0.6542302966117859, 1.7360645532608032, 0.028285503387451172, -1.1073546409606934, -0.018629074096679688, 0.022484183311462402, -1.846546268442465, -5.145634591984099, -4.0128408149190875, -0.20892818258299872
536, 1763439526.609838, -0.025012493133544922, -0.6548128128051758, 1.7364718914031982, 0.02826714515686035, -1.1073637008666992, -0.018638134002685547, 0.022484183311462402, -1.8466217475753992, -5.145756513917511, -4.012950638513917, -0.20888743331937398
537, 1763439526.630089, -0.025137662887573242, -0.6553585529327393, 1.7369673252105713, 0.028230667114257812, -1.1073362827301025, -0.018638134002685547, 0.022484183311462402, -1.846521716832733, -5.1457953492871376, -4.013042889846579, -0.20890880019553393
538, 1763439526.655138, -0.025263071060180664, -0.6559336185455322, 1.737207055091858, 0.028184890747070312, -1.1072542667388916, -0.018619775772094727, 0.022468924522399902, -1.8462205354341559, -5.14556048915523, -4.013073090946224, -0.20889670724056764
539, 1763439526.679143, -0.025300025939941406, -0.656545877456665, 1.7371670007705688, 0.028203248977661133, -1.1072723865509033, -0.018629074096679688, 0.022476494312286377, -1.8462248192252853, -5.145601855186612, -4.013227488214857, -0.20887637766735168
540, 1763439526.7007868, -0.025203943252563477, -0.6571874022483826, 1.737230896949768, 0.028184890747070312, -1.10721755027771, -0.018656253814697266, 0.022468924522399902, -1.8461027960162892, -5.145735759074003, -4.013342327797103, -0.20895615860113725
541, 1763439526.723826, -0.025174617767333984, -0.6577036380767822, 1.7373746633529663, 0.028166532516479492, -1.1071536540985107, -0.018656253814697266, 0.022484183311462402, -1.845857065386483, -5.14558006642058, -4.013357298752689, -0.20896100762026482
542, 1763439526.741886, -0.025270462036132812, -0.6579618453979492, 1.737318754196167, 0.028139114379882812, -1.107135534286499, -0.018629074096679688, 0.022491812705993652, -1.8457751706526837, -5.145505197181416, -4.013406998381666, -0.20886551454186453
543, 1763439526.7637498, -0.02528524398803711, -0.6582715511322021, 1.737358808517456, 0.028130054473876953, -1.1071445941925049, -0.018629074096679688, 0.022499442100524902, -1.8457200431482228, -5.145686406284013, -4.013477056334583, -0.20882364244839113
544, 1763439526.790717, -0.02518939971923828, -0.6585078239440918, 1.7374866008758545, 0.028130054473876953, -1.1071264743804932, -0.018665552139282227, 0.022491812705993652, -1.8455322137144816, -5.145608623399869, -4.013470511016489, -0.20886688786867502
545, 1763439526.813107, -0.02519679069519043, -0.6586920619010925, 1.7374945878982544, 0.028111696243286133, -1.1070806980133057, -0.018647193908691406, 0.022476494312286377, -1.845418228970289, -5.145475615996094, -4.013473708809413, -0.208827048082191
546, 1763439526.830862, -0.025218963623046875, -0.658772885799408, 1.7373746633529663, 0.028130054473876953, -1.1070623397827148, -0.018647193908691406, 0.022491812705993652, -1.845364136374754, -5.145620038294172, -4.013532738333425, -0.2087666500954075
547, 1763439526.856313, -0.02519679069519043, -0.658839225769043, 1.7373907566070557, 0.028111696243286133, -1.1070351600646973, -0.018629074096679688, 0.022476494312286377, -1.8452432980084659, -5.145639242479716, -4.013526219053951, -0.208788835675481
548, 1763439526.8773088, -0.02518939971923828, -0.6588542461395264, 1.7374385595321655, 0.028066158294677734, -1.1070165634155273, -0.018656253814697266, 0.022491812705993652, -1.845131702690181, -5.145491665748789, -4.013489244375621, -0.20878361544561486
549, 1763439526.8986838, -0.025211334228515625, -0.6588761806488037, 1.7374227046966553, 0.028084516525268555, -1.1069893836975098, -0.018647193908691406, 0.022468924522399902, -1.845083658300802, -5.145569328758141, -4.01350517671906, -0.20879647603401175
550, 1763439526.924972, -0.02518939971923828, -0.6589059829711914, 1.7373987436294556, 0.028066158294677734, -1.1069164276123047, -0.018638134002685547, 0.022484183311462402, -1.8449772455898314, -5.14556277397804, -4.013491828944564, -0.20886769320222687
551, 1763439526.941728, -0.025174617767333984, -0.6589279174804688, 1.7373907566070557, 0.028075218200683594, -1.1068615913391113, -0.018619775772094727, 0.022468924522399902, -1.844931690721729, -5.14549207774766, -4.013477593604472, -0.2088877346752227
552, 1763439526.96618, -0.02518939971923828, -0.6589722633361816, 1.737366795539856, 0.028084516525268555, -1.1067426204681396, -0.018638134002685547, 0.022468924522399902, -1.8448725612132306, -5.145559444268708, -4.013494715980621, -0.20891963361303034
553, 1763439526.993977, -0.025174617767333984, -0.6589796543121338, 1.73711097240448, 0.028057098388671875, -1.1063776016235352, -0.018629074096679688, 0.022468924522399902, -1.8448089460120847, -5.145518100025254, -4.013487360869834, -0.20893610604300594
554, 1763439527.011499, -0.025182008743286133, -0.6589722633361816, 1.7368074655532837, 0.028075218200683594, -1.1052179336547852, -0.018619775772094727, 0.022491812705993652, -1.8447638589128277, -5.145461048079824, -4.013486508856513, -0.2089255685787288
555, 1763439527.031025, -0.02518939971923828, -0.6589796543121338, 1.736415982246399, 0.028066158294677734, -1.1038029193878174, -0.018629074096679688, 0.022461235523223877, -1.8447391253507042, -5.145524263511108, -4.01349845706466, -0.2089137895654325
556, 1763439527.056844, -0.025167465209960938, -0.6589497923851013, 1.7360323667526245, 0.028066158294677734, -1.1032731533050537, -0.018610715866088867, 0.022491812705993652, -1.8447358505329094, -5.1454979999670725, -4.013505570797871, -0.20886894126635713
557, 1763439527.077145, -0.025167465209960938, -0.6588985919952393, 1.7356969118118286, 0.028038740158081055, -1.1032001972198486, -0.018601655960083008, 0.022468924522399902, -1.8446960132773214, -5.145441654065642, -4.013502720156677, -0.20884491382586567
558, 1763439527.101076, -0.025174617767333984, -0.6588172316551208, 1.7351776361465454, 0.028048038482666016, -1.103090524673462, -0.018619775772094727, 0.022491812705993652, -1.8446627223397098, -5.145496035460909, -4.013505078945392, -0.2087958011967359
559, 1763439527.125869, -0.025167465209960938, -0.6587879061698914, 1.7348579168319702, 0.028038740158081055, -1.1029720306396484, -0.018619775772094727, 0.022484183311462402, -1.8446704919929613, -5.145475141898474, -4.0135066351728765, -0.20878863713343687
560, 1763439527.1426198, -0.02515244483947754, -0.6587584018707275, 1.734458565711975, 0.028038740158081055, -1.1027982234954834, -0.018601655960083008, 0.022476494312286377, -1.8446465219527934, -5.145418073012108, -4.0134929545606175, -0.2087755917203804
561, 1763439527.165183, -0.02516007423400879, -0.6587140560150146, 1.734019160270691, 0.028057098388671875, -1.1025242805480957, -0.018619775772094727, 0.022476494312286377, -1.8446258469626833, -5.145468869200323, -4.013494141234208, -0.20877964356002643
562, 1763439527.193341, -0.02515244483947754, -0.6586623191833496, 1.7334917783737183, 0.028048038482666016, -1.1022779941558838, -0.018610715866088867, 0.022491812705993652, -1.8446418995920708, -5.1454401981323725, -4.0134997628354885, -0.20880283897271212
563, 1763439527.211454, -0.025167465209960938, -0.6586033701896667, 1.7330844402313232, 0.028020620346069336, -1.101428747177124, -0.018610715866088867, 0.022499442100524902, -1.8446159491542007, -5.145433482083426, -4.013491886657883, -0.20880353365523074
564, 1763439527.233184, -0.025167465209960938, -0.6584928035736084, 1.7325650453567505, 0.028029680252075195, -1.1002235412597656, -0.018638134002685547, 0.022484183311462402, -1.8445951113313916, -5.145490002895167, -4.013488127365946, -0.20883323050262437
565, 1763439527.2600791, -0.02516007423400879, -0.6583895683288574, 1.7321016788482666, 0.028029680252075195, -1.099109411239624, -0.018629074096679688, 0.022468924522399902, -1.8445960233480452, -5.145470134800758, -4.013482782555519, -0.20885254770299344
566, 1763439527.28159, -0.02516007423400879, -0.6583085060119629, 1.7317579984664917, 0.028011560440063477, -1.0989089012145996, -0.018610715866088867, 0.022476494312286377, -1.8445659581714895, -5.1454767712263605, -4.013479538434296, -0.20886597635812887
567, 1763439527.307574, -0.02516007423400879, -0.6581978797912598, 1.7312308549880981, 0.028020620346069336, -1.0988447666168213, -0.018638134002685547, 0.022468924522399902, -1.8445431189323167, -5.145525610180508, -4.0134738613366405, -0.2088810886249437
568, 1763439527.3270872, -0.025174617767333984, -0.6581759452819824, 1.7310550212860107, 0.028029680252075195, -1.0988173484802246, -0.018638134002685547, 0.022453665733337402, -1.8445379241929, -5.145498950294989, -4.0134650930243145, -0.20888485581727867
569, 1763439527.345825, -0.025182008743286133, -0.6581683158874512, 1.7309991121292114, 0.028020620346069336, -1.0988447666168213, -0.018610715866088867, 0.022468924522399902, -1.8445196870080918, -5.145506000882847, -4.013460851638502, -0.20888501323969244
570, 1763439527.367776, -0.025182008743286133, -0.6581315994262695, 1.7309991121292114, 0.028002262115478516, -1.0988080501556396, -0.018647193908691406, 0.022507071495056152, -1.8444919161807127, -5.145547339740878, -4.013449374081417, -0.20889622486829396
571, 1763439527.39453, -0.02518939971923828, -0.6580724120140076, 1.7310072183609009, 0.028011560440063477, -1.0988080501556396, -0.018629074096679688, 0.022453665733337402, -1.8444762438166595, -5.1454964978768, -4.013418006898128, -0.20888690312922353
572, 1763439527.419122, -0.025182008743286133, -0.6579766273498535, 1.7309430837631226, 0.028011560440063477, -1.0987989902496338, -0.018629074096679688, 0.022468924522399902, -1.844440677720241, -5.145516059861197, -4.013396710679851, -0.2088667224373113
573, 1763439527.4344409, -0.025174617767333984, -0.6579103469848633, 1.730911135673523, 0.028020620346069336, -1.098789930343628, -0.018629074096679688, 0.022476494312286377, -1.8444419624875583, -5.14555590310542, -4.013391347963946, -0.20888660415859484
574, 1763439527.460191, -0.02516007423400879, -0.657740592956543, 1.7308074235916138, 0.028020620346069336, -1.0987718105316162, -0.018638134002685547, 0.022461235523223877, -1.8444283106406774, -5.145518041734628, -4.013360907326188, -0.20889802674052493
575, 1763439527.4787982, -0.025174617767333984, -0.6576521396636963, 1.7306796312332153, 0.028011560440063477, -1.0987989902496338, -0.018638134002685547, 0.022476494312286377, -1.844399374072132, -5.14548354587876, -4.013339729047336, -0.20887898195249477
576, 1763439527.501612, -0.025182008743286133, -0.6575710773468018, 1.7305117845535278, 0.027993202209472656, -1.098789930343628, -0.018619775772094727, 0.022491812705993652, -1.8443896050199708, -5.145515132949446, -4.013334427899637, -0.20884262098978823
577, 1763439527.5263, -0.025167465209960938, -0.6574752330780029, 1.7303200960159302, 0.027993202209472656, -1.098789930343628, -0.018629074096679688, 0.022491812705993652, -1.8443780712873676, -5.145492266893915, -4.0133204844736925, -0.20884878705974153
578, 1763439527.545223, -0.02518939971923828, -0.6573717594146729, 1.7302480936050415, 0.027984142303466797, -1.0987989902496338, -0.018619775772094727, 0.022476494312286377, -1.8443371869555305, -5.145458892884866, -4.013290660090878, -0.20882407211028742
579, 1763439527.5673878, -0.025218963623046875, -0.6572539806365967, 1.7302640676498413, 0.027993202209472656, -1.098789930343628, -0.018610715866088867, 0.022476494312286377, -1.8443201445642, -5.14548650378379, -4.01327014485296, -0.2087931056250243
580, 1763439527.5951371, -0.025203943252563477, -0.6570768356323242, 1.730208158493042, 0.027993202209472656, -1.0987989902496338, -0.018610715866088867, 0.022476494312286377, -1.844300472134284, -5.145466446044501, -4.013244662918556, -0.2087863739833704
581, 1763439527.612075, -0.025218963623046875, -0.656959056854248, 1.7301123142242432, 0.027993202209472656, -1.0987989902496338, -0.018601655960083008, 0.022491812705993652, -1.844269018745148, -5.145436970939055, -4.013224991380438, -0.20878596941002758
582, 1763439527.62917, -0.025233745574951172, -0.656804084777832, 1.7299364805221558, 0.027984142303466797, -1.0987622737884521, -0.018610715866088867, 0.022468924522399902, -1.8442626679158343, -5.14545431596108, -4.013219903612634, -0.20881240346722318
583, 1763439527.6543438, -0.025248289108276367, -0.6565530300140381, 1.7296569347381592, 0.027984142303466797, -1.098789930343628, -0.018619775772094727, 0.022468924522399902, -1.8442657372369262, -5.14544469071963, -4.013218747486426, -0.20882231132840356
584, 1763439527.679122, -0.025270462036132812, -0.6563908457756042, 1.7294732332229614, 0.027975082397460938, -1.0987718105316162, -0.018601655960083008, 0.022476494312286377, -1.8442303188620817, -5.145405995225549, -4.013193763541894, -0.20885777785106985
585, 1763439527.698744, -0.025278091430664062, -0.6562654972076416, 1.7293771505355835, 0.027984142303466797, -1.098780870437622, -0.018619775772094727, 0.022484183311462402, -1.8442248108077202, -5.1454085951659225, -4.013192667449703, -0.2088798733391819
586, 1763439527.721028, -0.02528524398803711, -0.656169593334198, 1.7293132543563843, 0.027984142303466797, -1.0987989902496338, -0.018592357635498047, 0.022484183311462402, -1.844227210019111, -5.145415332312313, -4.013191879267284, -0.20892074389899307
587, 1763439527.7473001, -0.025292634963989258, -0.6560297012329102, 1.729209542274475, 0.027965784072875977, -1.0987718105316162, -0.018619775772094727, 0.022476494312286377, -1.8441991632526218, -5.1453783717036226, -4.013175303189247, -0.208903589657627
588, 1763439527.764225, -0.025300025939941406, -0.6558821201324463, 1.7290656566619873, 0.027965784072875977, -1.0987989902496338, -0.018610715866088867, 0.022468924522399902, -1.8441903693487125, -5.145382996553194, -4.013177216346118, -0.2088985700888646
589, 1763439527.802838, -0.025292634963989258, -0.6557347178459167, 1.7289059162139893, 0.027956724166870117, -1.098789930343628, -0.018610715866088867, 0.022484183311462402, -1.8441987455002198, -5.145398012461586, -4.013185061390391, -0.20888892325362818
590, 1763439527.819736, -0.0253145694732666, -0.6556534767150879, 1.7288578748703003, 0.027965784072875977, -1.0987718105316162, -0.018601655960083008, 0.022476494312286377, -1.8441786485623881, -5.145374430893097, -4.013171498739107, -0.20885179269936938
591, 1763439527.8302422, -0.02533698081970215, -0.6556241512298584, 1.72884202003479, 0.027956724166870117, -1.0988080501556396, -0.018592357635498047, 0.022484183311462402, -1.8441811837711564, -5.145374206187711, -4.0131732262978375, -0.20883999541800158
592, 1763439527.866356, -0.02536630630493164, -0.6555798053741455, 1.72884202003479, 0.027956724166870117, -1.098789930343628, -0.018629074096679688, 0.022484183311462402, -1.8441801287429804, -5.145370886319507, -4.013173159611818, -0.20881561770107204
593, 1763439527.8773491, -0.02537369728088379, -0.6555650234222412, 1.728793978691101, 0.027965784072875977, -1.098780870437622, -0.018610715866088867, 0.022476494312286377, -1.8441634513390557, -5.145353822861253, -4.013165831133709, -0.20880529397495184
594, 1763439527.898441, -0.025403261184692383, -0.6555209159851074, 1.7287222146987915, 0.027947664260864258, -1.098789930343628, -0.018574237823486328, 0.022491812705993652, -1.844161942644793, -5.145355535658788, -4.0131639447238445, -0.20880337705644703
595, 1763439527.926316, -0.025447607040405273, -0.6554028987884521, 1.7286580801010132, 0.027965784072875977, -1.0987718105316162, -0.018601655960083008, 0.022476494312286377, -1.8441560463246125, -5.145326562877962, -4.013149744924802, -0.20880834564593975
596, 1763439527.941767, -0.025476932525634766, -0.6553215980529785, 1.7286022901535034, 0.027965784072875977, -1.0987989902496338, -0.018610715866088867, 0.022461235523223877, -1.8441383412726806, -5.1452966715610735, -4.013133807486901, -0.20878409392336827
597, 1763439527.966321, -0.025528669357299805, -0.6552404761314392, 1.7285382747650146, 0.027938365936279297, -1.098789930343628, -0.018601655960083008, 0.022484183311462402, -1.844141407804062, -5.1452915534909245, -4.0131325793668235, -0.20878487103887533
598, 1763439527.992383, -0.025521278381347656, -0.6551742553710938, 1.7284743785858154, 0.027947664260864258, -1.0987989902496338, -0.018592357635498047, 0.022461235523223877, -1.8441357107456635, -5.1452674930488564, -4.013136091013311, -0.2088214722992081
599, 1763439528.017946, -0.025521278381347656, -0.6551446914672852, 1.7284184694290161, 0.027929306030273438, -1.0987989902496338, -0.018610715866088867, 0.022484183311462402, -1.8441262793895372, -5.145234356425723, -4.013137484875659, -0.2088438478013277
600, 1763439528.037709, -0.025528669357299805, -0.6550929546356201, 1.7284024953842163, 0.027910947799682617, -1.098789930343628, -0.01856517791748047, 0.022476494312286377, -1.844120482350014, -5.145228887148805, -4.013140902565147, -0.20884878843046284
601, 1763439528.049236, -0.025528669357299805, -0.6549971103668213, 1.7283626794815063, 0.027947664260864258, -1.098780870437622, -0.018583297729492188, 0.022484183311462402, -1.8441175408222152, -5.145223354418618, -4.013145476043246, -0.20887229388595596
602, 1763439528.0808902, -0.025543212890625, -0.6549453735351562, 1.728346586227417, 0.027920246124267578, -1.0987989902496338, -0.018574237823486328, 0.022468924522399902, -1.8441070616062467, -5.145197536491697, -4.013144257585158, -0.2088971135337081
603, 1763439528.093278, -0.025543212890625, -0.6548643112182617, 1.7283066511154175, 0.027910947799682617, -1.098780870437622, -0.018574237823486328, 0.022484183311462402, -1.8440960464048457, -5.145200827074923, -4.013148022742295, -0.2088892441354231
604, 1763439528.1216698, -0.02555084228515625, -0.6548202037811279, 1.728258728981018, 0.027901887893676758, -1.098789930343628, -0.018574237823486328, 0.022476494312286377, -1.8440882048757645, -5.145203473730445, -4.013149800670658, -0.2088931934478726
605, 1763439528.136798, -0.02555084228515625, -0.6548053622245789, 1.7282187938690186, 0.027910947799682617, -1.098789930343628, -0.01856517791748047, 0.022476494312286377, -1.8440696370980487, -5.1451985021910565, -4.0131540217123325, -0.20890329130194107
606, 1763439528.157953, -0.02555084228515625, -0.6547906398773193, 1.7281948328018188, 0.027901887893676758, -1.098780870437622, -0.018574237823486328, 0.022484183311462402, -1.844063181222158, -5.145202692061779, -4.013158596044059, -0.20888537141918917
607, 1763439528.176693, -0.02555084228515625, -0.6547536253929138, 1.7281628847122192, 0.027920246124267578, -1.0987718105316162, -0.018574237823486328, 0.022476494312286377, -1.8440553883197421, -5.145211561349752, -4.013159367076326, -0.2088930561649356
608, 1763439528.202755, -0.0255582332611084, -0.6547167301177979, 1.7281628847122192, 0.027901887893676758, -1.0987989902496338, -0.01856517791748047, 0.022476494312286377, -1.844047598020977, -5.145206249211236, -4.0131568137523965, -0.20888546331936286
609, 1763439528.223975, -0.025565624237060547, -0.6546874046325684, 1.7281467914581299, 0.027883529663085938, -1.0987989902496338, -0.01856517791748047, 0.022476494312286377, -1.844047031518899, -5.145211021799521, -4.01316389475867, -0.20888085480135832
610, 1763439528.244878, -0.025572776794433594, -0.6546651721000671, 1.7281229496002197, 0.027883529663085938, -1.098789930343628, -0.018574237823486328, 0.022476494312286377, -1.8440424984841866, -5.145213780828817, -4.013165198795304, -0.2088883864377511
611, 1763439528.269183, -0.025572776794433594, -0.6546430587768555, 1.72813880443573, 0.027874469757080078, -1.0987989902496338, -0.01854681968688965, 0.022468924522399902, -1.844022325097327, -5.145201972294254, -4.013164408201421, -0.20888430750948306
612, 1763439528.293014, -0.025565624237060547, -0.6546134948730469, 1.7281148433685303, 0.027883529663085938, -1.098780870437622, -0.01854681968688965, 0.022491812705993652, -1.844026838051095, -5.145216027283092, -4.013168541478261, -0.2089006117641823
613, 1763439528.31142, -0.025572776794433594, -0.6545989513397217, 1.72809898853302, 0.027883529663085938, -1.0988173484802246, -0.018555879592895508, 0.022476494312286377, -1.8440264543037972, -5.145220295816113, -4.013167594595277, -0.20890388170488627
614, 1763439528.334072, -0.025580167770385742, -0.6545693874359131, 1.7281068563461304, 0.027874469757080078, -1.0988080501556396, -0.01854681968688965, 0.022491812705993652, -1.8440229157281087, -5.145207110831653, -4.013166590610267, -0.20890576473258804
615, 1763439528.354687, -0.025572776794433594, -0.6545398235321045, 1.7280828952789307, 0.027856111526489258, -1.098789930343628, -0.01853775978088379, 0.022476494312286377, -1.844028477052974, -5.145213636384615, -4.013170946490834, -0.2088959233612977
616, 1763439528.3780081, -0.025565624237060547, -0.6545323729515076, 1.7280670404434204, 0.027865171432495117, -1.098789930343628, -0.01851034164428711, 0.022484183311462402, -1.844031209325964, -5.145219093539953, -4.013172393258472, -0.20887207081024162
617, 1763439528.40134, -0.025572776794433594, -0.6545178890228271, 1.7280590534210205, 0.0278470516204834, -1.098780870437622, -0.018528461456298828, 0.022484183311462402, -1.844016242966567, -5.14521234708468, -4.013171207587536, -0.20886821914505482
618, 1763439528.424277, -0.02559494972229004, -0.6545028686523438, 1.7280590534210205, 0.027856111526489258, -1.098780870437622, -0.018528461456298828, 0.022491812705993652, -1.8440123790596168, -5.145219617523691, -4.013167946242746, -0.2088536860365071
619, 1763439528.447577, -0.025602340698242188, -0.6544954776763916, 1.7280429601669312, 0.02783799171447754, -1.098789930343628, -0.01851034164428711, 0.022476494312286377, -1.8440176817713247, -5.1452179338029085, -4.013171762030361, -0.20883203372772385
620, 1763439528.4751842, -0.02559494972229004, -0.6544809341430664, 1.7280429601669312, 0.0278470516204834, -1.0988080501556396, -0.018528461456298828, 0.022484183311462402, -1.8440171160330077, -5.145211792099548, -4.013174222492351, -0.20883618109447522
621, 1763439528.494678, -0.025602340698242188, -0.6544365882873535, 1.7280350923538208, 0.027856111526489258, -1.0987718105316162, -0.018528461456298828, 0.022476494312286377, -1.8440133945140156, -5.145218429668624, -4.0131758942672535, -0.2088389195374889
622, 1763439528.514349, -0.025602340698242188, -0.6544439196586609, 1.7280269861221313, 0.0278470516204834, -1.0987989902496338, -0.018555879592895508, 0.022476494312286377, -1.8440124008180359, -5.145219976082279, -4.013175504303925, -0.2088500081307787
623, 1763439528.538752, -0.025602340698242188, -0.6544291973114014, 1.7280189990997314, 0.02783799171447754, -1.0988080501556396, -0.01851940155029297, 0.022468924522399902, -1.844007681139426, -5.145218922400547, -4.013173336297915, -0.20885655372556844
624, 1763439528.5586188, -0.025609970092773438, -0.6544291973114014, 1.7280189990997314, 0.02781963348388672, -1.0987989902496338, -0.01851034164428711, 0.022491812705993652, -1.844006580356695, -5.145231543707496, -4.013176987116714, -0.20885288768612664
625, 1763439528.583414, -0.025602340698242188, -0.6544072031974792, 1.7280110120773315, 0.027828693389892578, -1.0987989902496338, -0.01853775978088379, 0.022484183311462402, -1.843998314091945, -5.145238155078652, -4.013173340379701, -0.20885881518015026
626, 1763439528.6060429, -0.02559494972229004, -0.6543776988983154, 1.7280110120773315, 0.02783799171447754, -1.0988357067108154, -0.01853775978088379, 0.022491812705993652, -1.8439989001908947, -5.145239546803484, -4.013170879732086, -0.20886676443692043
627, 1763439528.625389, -0.02559494972229004, -0.6543848514556885, 1.7280031442642212, 0.02783799171447754, -1.098789930343628, -0.01853775978088379, 0.022491812705993652, -1.8439994167186913, -5.1452551061224305, -4.013172652900532, -0.20884268518605786
628, 1763439528.648989, -0.02559494972229004, -0.6543776988983154, 1.7280110120773315, 0.02783799171447754, -1.0987622737884521, -0.01851034164428711, 0.022468924522399902, -1.8439982666655679, -5.145261689150018, -4.013174761462471, -0.20883792647087684
629, 1763439528.671582, -0.02559494972229004, -0.6543554663658142, 1.7280110120773315, 0.027828693389892578, -1.0987989902496338, -0.01851940155029297, 0.022468924522399902, -1.8439925383045388, -5.1452648330216935, -4.013172332359317, -0.20882535196581653
630, 1763439528.6972458, -0.02558755874633789, -0.6543409824371338, 1.7280110120773315, 0.02781963348388672, -1.098789930343628, -0.01851034164428711, 0.022453665733337402, -1.8439783540735863, -5.145271421734203, -4.013169760842347, -0.2088407174936151
631, 1763439528.7201998, -0.025602340698242188, -0.6543185710906982, 1.7280031442642212, 0.027828693389892578, -1.098789930343628, -0.01851034164428711, 0.022484183311462402, -1.8439783770361484, -5.145265722859134, -4.013170546185388, -0.2088590367236991
632, 1763439528.741629, -0.025602340698242188, -0.6543111205101013, 1.7279950380325317, 0.02781963348388672, -1.0987989902496338, -0.018528461456298828, 0.022499442100524902, -1.8439833160268626, -5.145263007947411, -4.01317449999713, -0.20886184451560652
633, 1763439528.7623029, -0.02558755874633789, -0.6542892456054688, 1.7279870510101318, 0.02781057357788086, -1.0987622737884521, -0.01853775978088379, 0.022461235523223877, -1.8439849386785028, -5.145265311830542, -4.013172474303939, -0.20887789417034686
634, 1763439528.790517, -0.02559494972229004, -0.6542596817016602, 1.727979063987732, 0.02781963348388672, -1.0988080501556396, -0.018528461456298828, 0.022484183311462402, -1.8439961015234236, -5.1452632372193365, -4.013176920274081, -0.20887003059155074
635, 1763439528.8118029, -0.02559494972229004, -0.6542079448699951, 1.727979063987732, 0.02781057357788086, -1.098789930343628, -0.01851034164428711, 0.022468924522399902, -1.8439957179638884, -5.145265807860098, -4.013176364864021, -0.20888083496454968
636, 1763439528.829298, -0.025602340698242188, -0.6542079448699951, 1.727979063987732, 0.02781057357788086, -1.098789930343628, -0.018482685089111328, 0.022476494312286377, -1.843987608012843, -5.145262889698346, -4.01317264476381, -0.2088765881414556
637, 1763439528.849938, -0.02559494972229004, -0.6541934013366699, 1.7279711961746216, 0.02781963348388672, -1.0987532138824463, -0.01849198341369629, 0.022468924522399902, -1.8439883540766633, -5.145266216197075, -4.01317613004517, -0.20886636695321847
638, 1763439528.873, -0.02558755874633789, -0.6541709899902344, 1.7279711961746216, 0.02781963348388672, -1.0987989902496338, -0.01850104331970215, 0.022468924522399902, -1.8439886384367443, -5.14527486745338, -4.013177047787561, -0.2088532456759813
639, 1763439528.8994749, -0.02558755874633789, -0.654149055480957, 1.7279630899429321, 0.0278012752532959, -1.0987989902496338, -0.01851940155029297, 0.022468924522399902, -1.8439767673849718, -5.145275129846844, -4.013173188270421, -0.20886448345740405
640, 1763439528.913471, -0.025602340698242188, -0.654149055480957, 1.7279551029205322, 0.0278012752532959, -1.098789930343628, -0.01850104331970215, 0.022468924522399902, -1.843979150160556, -5.145269617220061, -4.013173798359472, -0.2088621201294476
641, 1763439528.937988, -0.02558755874633789, -0.6541416049003601, 1.727939248085022, 0.0278012752532959, -1.098780870437622, -0.01849198341369629, 0.022476494312286377, -1.8439733466979131, -5.145273150484115, -4.013172546781979, -0.20887995516738656
642, 1763439528.95957, -0.02558755874633789, -0.654097318649292, 1.7279311418533325, 0.0278012752532959, -1.098780870437622, -0.01849198341369629, 0.022491812705993652, -1.8439803858979316, -5.14527758306031, -4.013172909621935, -0.20889343909464664
643, 1763439528.9838998, -0.02559494972229004, -0.6540753841400146, 1.7279231548309326, 0.0278012752532959, -1.098780870437622, -0.018482685089111328, 0.022476494312286377, -1.8439844671507266, -5.145271653530356, -4.0131765344636365, -0.20890201646395568
644, 1763439529.005644, -0.02558755874633789, -0.6540529727935791, 1.7279231548309326, 0.0278012752532959, -1.098789930343628, -0.018482685089111328, 0.022468924522399902, -1.843982962788993, -5.145280059273949, -4.013170186312103, -0.20891434597751868
645, 1763439529.0276322, -0.025580167770385742, -0.6540384292602539, 1.7279151678085327, 0.02779221534729004, -1.098780870437622, -0.01849198341369629, 0.022476494312286377, -1.843984486145342, -5.145274577236894, -4.013170231470147, -0.20893589581787975
646, 1763439529.050497, -0.025580167770385742, -0.653994083404541, 1.7279070615768433, 0.02779221534729004, -1.0988080501556396, -0.018482685089111328, 0.022476494312286377, -1.8439923449037714, -5.145273231884208, -4.013173990159862, -0.2089322594447962
647, 1763439529.072769, -0.02558755874633789, -0.6539866924285889, 1.7279070615768433, 0.02779221534729004, -1.098789930343628, -0.01846456527709961, 0.022484183311462402, -1.843983044318262, -5.145272277958334, -4.013172489339996, -0.20893011618088853
648, 1763439529.0961668, -0.025580167770385742, -0.6539646983146667, 1.727899193763733, 0.02779221534729004, -1.0987622737884521, -0.018482685089111328, 0.022499442100524902, -1.843988043870398, -5.145270253213986, -4.013172638392917, -0.2089241805836286
649, 1763439529.117573, -0.025580167770385742, -0.6539573669433594, 1.727891206741333, 0.0278012752532959, -1.0987989902496338, -0.018482685089111328, 0.022468924522399902, -1.844004240701611, -5.145273440559663, -4.013179625750177, -0.20892332471012232
650, 1763439529.13912, -0.025580167770385742, -0.6539203524589539, 1.7278751134872437, 0.02779221534729004, -1.0987622737884521, -0.01846456527709961, 0.022484183311462402, -1.8440033849137145, -5.145277780089335, -4.013175842214164, -0.20892824320013492
651, 1763439529.164562, -0.02558755874633789, -0.6538984775543213, 1.7278751134872437, 0.02777409553527832, -1.098780870437622, -0.018482685089111328, 0.022491812705993652, -1.8439993237748433, -5.145270416276961, -4.013171312464179, -0.20891745322593103
652, 1763439529.192929, -0.02558755874633789, -0.65389084815979, 1.7278592586517334, 0.02777409553527832, -1.0987989902496338, -0.01850104331970215, 0.022476494312286377, -1.8440066332078966, -5.145285412408522, -4.013177343313067, -0.20890570883229564
653, 1763439529.20783, -0.02558755874633789, -0.6538760662078857, 1.7278592586517334, 0.02778315544128418, -1.098780870437622, -0.01849198341369629, 0.022468924522399902, -1.8440079146001311, -5.14528790143041, -4.013176907229194, -0.20890529310035966
654, 1763439529.231331, -0.025580167770385742, -0.653839111328125, 1.7278352975845337, 0.02776479721069336, -1.0987989902496338, -0.018482685089111328, 0.022476494312286377, -1.8440028155988202, -5.1452755288481535, -4.013174196259897, -0.20890784156964592
655, 1763439529.2538319, -0.02558755874633789, -0.653824508190155, 1.7278512716293335, 0.02776479721069336, -1.098789930343628, -0.01849198341369629, 0.022484183311462402, -1.844007601848093, -5.145274610279255, -4.013181320783959, -0.20892060639666
656, 1763439529.279944, -0.02558755874633789, -0.6538097858428955, 1.7278193235397339, 0.02777409553527832, -1.098780870437622, -0.01850104331970215, 0.022491812705993652, -1.843995358296624, -5.145273006833752, -4.013175600968903, -0.2089338682854791
657, 1763439529.2973409, -0.025572776794433594, -0.6537950038909912, 1.7278193235397339, 0.02776479721069336, -1.0987989902496338, -0.01850104331970215, 0.022445976734161377, -1.8440036302483702, -5.145269017829974, -4.013178498874648, -0.20892379018737106
658, 1763439529.31758, -0.025572776794433594, -0.6537950038909912, 1.7278112173080444, 0.02776479721069336, -1.0988080501556396, -0.01846456527709961, 0.022484183311462402, -1.8440003318919613, -5.145284443328324, -4.01317855715807, -0.20892596789021844
659, 1763439529.3383622, -0.025565624237060547, -0.6537950038909912, 1.7278112173080444, 0.02774667739868164, -1.0987989902496338, -0.01851034164428711, 0.022484183311462402, -1.8440053846862203, -5.1452829486785125, -4.013179142013122, -0.2089200595764611
660, 1763439529.358576, -0.025572776794433594, -0.6537801623344421, 1.7277953624725342, 0.0277557373046875, -1.098780870437622, -0.01851034164428711, 0.022468924522399902, -1.8440093881113042, -5.145275889785214, -4.013175428452328, -0.2089173867222005
661, 1763439529.3830662, -0.02558755874633789, -0.6537360548973083, 1.7277714014053345, 0.02773761749267578, -1.098780870437622, -0.01849198341369629, 0.022468924522399902, -1.844033845669709, -5.145281433540377, -4.013183389804626, -0.20891556160459412
662, 1763439529.42243, -0.025572776794433594, -0.653677225112915, 1.727731466293335, 0.02773761749267578, -1.0987718105316162, -0.018482685089111328, 0.022484183311462402, -1.844039374900969, -5.145273073863543, -4.0131772744476235, -0.20894384012463263
663, 1763439529.432121, -0.025565624237060547, -0.6536473631858826, 1.727731466293335, 0.0277557373046875, -1.098789930343628, -0.01849198341369629, 0.022484183311462402, -1.8440428300617264, -5.145275153544913, -4.013178840793892, -0.20893898717413784
664, 1763439529.4541109, -0.025565624237060547, -0.6536328792572021, 1.7277153730392456, 0.02774667739868164, -1.098789930343628, -0.018482685089111328, 0.022476494312286377, -1.8440534233549237, -5.145271085730271, -4.013184809668889, -0.20895287430431697
665, 1763439529.4774442, -0.02555084228515625, -0.6535959243774414, 1.7276995182037354, 0.02773761749267578, -1.0987718105316162, -0.01847362518310547, 0.022484183311462402, -1.8440490175451123, -5.145270504826147, -4.0131802060721045, -0.2089504439975549
666, 1763439529.494473, -0.0255582332611084, -0.6535515785217285, 1.727683424949646, 0.0277557373046875, -1.0988080501556396, -0.01849198341369629, 0.022491812705993652, -1.8440537689804053, -5.145264809766425, -4.013181394846358, -0.20897215495606591
667, 1763439529.520133, -0.025565624237060547, -0.6535148620605469, 1.727643609046936, 0.02772831916809082, -1.0987718105316162, -0.018482685089111328, 0.022453665733337402, -1.8440626738956616, -5.145276001326874, -4.01318112363023, -0.2089764955144835
668, 1763439529.541031, -0.025572776794433594, -0.6534926891326904, 1.727603554725647, 0.02773761749267578, -1.098789930343628, -0.01849198341369629, 0.022499442100524902, -1.844058290518893, -5.145265352074205, -4.013178134585012, -0.2090020006851523
669, 1763439529.561663, -0.0255582332611084, -0.6534409523010254, 1.7275716066360474, 0.02773761749267578, -1.098780870437622, -0.018482685089111328, 0.022491812705993652, -1.8440633065502587, -5.145260950644364, -4.013179480050957, -0.20899033524785082
670, 1763439529.586667, -0.0255582332611084, -0.6534042358398438, 1.7275556325912476, 0.0277101993560791, -1.098789930343628, -0.01849198341369629, 0.022499442100524902, -1.844073116238497, -5.1452693383855985, -4.013181288050269, -0.2090180501431762
671, 1763439529.605411, -0.025543212890625, -0.6533968448638916, 1.7275556325912476, 0.02771925926208496, -1.0987989902496338, -0.01845526695251465, 0.022461235523223877, -1.8440766531366717, -5.145263010988611, -4.013177484230461, -0.20904503303975908
672, 1763439529.6269171, -0.02555084228515625, -0.6533524990081787, 1.7275396585464478, 0.0277101993560791, -1.0988080501556396, -0.01849198341369629, 0.022468924522399902, -1.8440785056998288, -5.145259623575422, -4.013177926809183, -0.20904023990371368
673, 1763439529.650506, -0.02555084228515625, -0.6532862186431885, 1.7274836301803589, 0.027701139450073242, -1.0987989902496338, -0.01847362518310547, 0.022468924522399902, -1.8440884179294317, -5.145256890845175, -4.013180378382454, -0.20903983657413505
674, 1763439529.671639, -0.025543212890625, -0.6532714366912842, 1.7274597883224487, 0.027701139450073242, -1.0987718105316162, -0.01849198341369629, 0.022476494312286377, -1.844095001882215, -5.145249575019315, -4.013183316356976, -0.2090345214685403
675, 1763439529.693851, -0.02553582191467285, -0.653264045715332, 1.7274516820907593, 0.02771925926208496, -1.098780870437622, -0.01849198341369629, 0.022476494312286377, -1.844107159547162, -5.14525515752827, -4.0131830683992735, -0.20903870603106345
676, 1763439529.718227, -0.02555084228515625, -0.6532196998596191, 1.7274197340011597, 0.02769184112548828, -1.0987989902496338, -0.01847362518310547, 0.022445976734161377, -1.844108196637953, -5.145248262382379, -4.013181266904616, -0.2090415950528124
677, 1763439529.73759, -0.02555084228515625, -0.6531679630279541, 1.7274038791656494, 0.027701139450073242, -1.0988080501556396, -0.01847362518310547, 0.022476494312286377, -1.8441133252825548, -5.145239152907845, -4.013184907721952, -0.2090415950528124
678, 1763439529.7615, -0.025543212890625, -0.6531534194946289, 1.7273638248443604, 0.0277101993560791, -1.0987989902496338, -0.01846456527709961, 0.022453665733337402, -1.844121515391472, -5.145236654649998, -4.013186276184412, -0.20904657806769045
679, 1763439529.7855759, -0.025543212890625, -0.6531240344047546, 1.7273399829864502, 0.02769184112548828, -1.098789930343628, -0.018482685089111328, 0.022476494312286377, -1.8441215445107457, -5.145230336621132, -4.013183241373722, -0.20905454675501378
680, 1763439529.807013, -0.0255582332611084, -0.6530723571777344, 1.7273160219192505, 0.027701139450073242, -1.098789930343628, -0.01847362518310547, 0.022476494312286377, -1.8441261961130029, -5.145219097036511, -4.013186614998869, -0.20904081514663986
681, 1763439529.8288882, -0.02553582191467285, -0.6530353426933289, 1.7272840738296509, 0.0277101993560791, -1.098789930343628, -0.018482685089111328, 0.022476494312286377, -1.8441364771897464, -5.1452246003255215, -4.013187122976985, -0.20904440171691974
682, 1763439529.848644, -0.025543212890625, -0.653005838394165, 1.7272521257400513, 0.027701139450073242, -1.0987718105316162, -0.01850104331970215, 0.022468924522399902, -1.8441373698181174, -5.1452211465930295, -4.013188259021823, -0.20904241101130605
683, 1763439529.872459, -0.025543212890625, -0.65293949842453, 1.727188229560852, 0.02769184112548828, -1.098789930343628, -0.01847362518310547, 0.022491812705993652, -1.8441437096806905, -5.145206080163595, -4.013186565224328, -0.20905303247076823
684, 1763439529.897206, -0.025543212890625, -0.6528878211975098, 1.7271562814712524, 0.027682781219482422, -1.0987718105316162, -0.01846456527709961, 0.022484183311462402, -1.8441567012187847, -5.145206669327197, -4.013192247326429, -0.20907309716408928
685, 1763439529.919008, -0.02553582191467285, -0.6528584361076355, 1.7271240949630737, 0.027682781219482422, -1.098789930343628, -0.01849198341369629, 0.022499442100524902, -1.8441604674169523, -5.145207732436095, -4.013187741408792, -0.20907982722301988
686, 1763439529.941661, -0.02553582191467285, -0.6527478694915771, 1.7270601987838745, 0.027701139450073242, -1.098780870437622, -0.018482685089111328, 0.022507071495056152, -1.8441725197044117, -5.145206010418519, -4.013187961396292, -0.20910177957414966
687, 1763439529.96475, -0.025543212890625, -0.6526371836662292, 1.7269165515899658, 0.027682781219482422, -1.0987989902496338, -0.018482685089111328, 0.022476494312286377, -1.8441966912279906, -5.1452076391705015, -4.013196827179412, -0.20910388731277862
688, 1763439529.989471, -0.025543212890625, -0.6525042057037354, 1.7267647981643677, 0.027673721313476562, -1.098780870437622, -0.01847362518310547, 0.022461235523223877, -1.844198302558179, -5.145203548149337, -4.0131981920592095, -0.20909856982929398
689, 1763439530.011104, -0.025543212890625, -0.6523497104644775, 1.7266608476638794, 0.0276644229888916, -1.0987718105316162, -0.01847362518310547, 0.022476494312286377, -1.8442069550796603, -5.145190091897936, -4.013199826625708, -0.20909480953070503
690, 1763439530.030973, -0.02553582191467285, -0.6522536277770996, 1.7265889644622803, 0.027655363082885742, -1.0987718105316162, -0.018482685089111328, 0.022484183311462402, -1.8442085547191467, -5.1451892949089615, -4.013196866745099, -0.2091096486107933
691, 1763439530.057214, -0.02553582191467285, -0.652172327041626, 1.7265489101409912, 0.027655363082885742, -1.098789930343628, -0.01847362518310547, 0.022484183311462402, -1.8442039892050615, -5.145187547851687, -4.013199132268516, -0.2091029964017066
692, 1763439530.080897, -0.02553582191467285, -0.6521503329277039, 1.726525068283081, 0.027673721313476562, -1.0987718105316162, -0.01849198341369629, 0.022484183311462402, -1.8442055190025444, -5.1451810894799, -4.013199802513188, -0.20910405996855363
693, 1763439530.0990841, -0.025528669357299805, -0.6521284580230713, 1.726477026939392, 0.027655363082885742, -1.0987718105316162, -0.01846456527709961, 0.022476494312286377, -1.844202643149398, -5.145184153633756, -4.013195429142779, -0.2091163548327417
694, 1763439530.129687, -0.02553582191467285, -0.6521060466766357, 1.7264450788497925, 0.027655363082885742, -1.0987718105316162, -0.018482685089111328, 0.022476494312286377, -1.8441922747151556, -5.14518670917981, -4.013196332927323, -0.20911193595513744
695, 1763439530.150039, -0.025528669357299805, -0.6521284580230713, 1.7264052629470825, 0.027627944946289062, -1.0987622737884521, -0.018482685089111328, 0.022499442100524902, -1.844198857080846, -5.145184534895302, -4.013196591429422, -0.20913895364634882
696, 1763439530.16672, -0.025521278381347656, -0.6520767211914062, 1.7263652086257935, 0.027646303176879883, -1.0987718105316162, -0.018482685089111328, 0.022491812705993652, -1.8441997157797971, -5.145181458752508, -4.013196659574733, -0.20913579955422712
697, 1763439530.1880782, -0.025521278381347656, -0.6520841121673584, 1.7263652086257935, 0.027627944946289062, -1.0987622737884521, -0.01845526695251465, 0.022461235523223877, -1.8442072260266285, -5.145184247943949, -4.01320434198951, -0.20914972392542808
698, 1763439530.211478, -0.025528669357299805, -0.6520617008209229, 1.7263652086257935, 0.027627944946289062, -1.098780870437622, -0.01847362518310547, 0.022468924522399902, -1.8442132258530641, -5.145187863481093, -4.013200894082054, -0.20914632960915736
699, 1763439530.2320619, -0.025521278381347656, -0.6520323753356934, 1.7263572216033936, 0.027609586715698242, -1.0987718105316162, -0.01846456527709961, 0.022484183311462402, -1.8442125405983054, -5.145182743105665, -4.013199043371824, -0.20915909665142252
700, 1763439530.2550342, -0.025528669357299805, -0.6519734263420105, 1.7263411283493042, 0.027627944946289062, -1.0987622737884521, -0.01846456527709961, 0.022491812705993652, -1.8442149520773052, -5.145183213391441, -4.013199275378928, -0.20915355964480753
701, 1763439530.275954, -0.025521278381347656, -0.6519439220428467, 1.7263013124465942, 0.027609586715698242, -1.098780870437622, -0.01845526695251465, 0.022476494312286377, -1.8442122622579995, -5.145188092142067, -4.013196362233548, -0.2091555201817039
702, 1763439530.297247, -0.02550649642944336, -0.651907205581665, 1.7262613773345947, 0.027582168579101562, -1.098789930343628, -0.01847362518310547, 0.022484183311462402, -1.8442016050556085, -5.14518604143253, -4.01319740425634, -0.2091535856791209
703, 1763439530.3247418, -0.025513887405395508, -0.6518998146057129, 1.7262452840805054, 0.027573108673095703, -1.0987622737884521, -0.01847362518310547, 0.022453665733337402, -1.8441942515163243, -5.145192339423366, -4.013194860117545, -0.20915249831376137
704, 1763439530.340276, -0.025499343872070312, -0.651907205581665, 1.7262294292449951, 0.027573108673095703, -1.0988080501556396, -0.01846456527709961, 0.022491812705993652, -1.844194624627755, -5.145196186524734, -4.013194790311332, -0.20916874866924662
705, 1763439530.3607948, -0.02550649642944336, -0.6518847942352295, 1.7262133359909058, 0.027582168579101562, -1.098780870437622, -0.01845526695251465, 0.022484183311462402, -1.8442025067092476, -5.145192008590644, -4.01319638111351, -0.209177324079989
706, 1763439530.384319, -0.02550649642944336, -0.6518773436546326, 1.7261974811553955, 0.027554750442504883, -1.098789930343628, -0.01846456527709961, 0.022476494312286377, -1.8441868832595585, -5.145187985342928, -4.0131952682939405, -0.20917711940554895
707, 1763439530.406452, -0.025499343872070312, -0.6518847942352295, 1.7261735200881958, 0.027554750442504883, -1.098780870437622, -0.01846456527709961, 0.022484183311462402, -1.8441823526411598, -5.145190517046059, -4.013195380165479, -0.20917411123774166
708, 1763439530.427753, -0.02550649642944336, -0.65185546875, 1.726165533065796, 0.027545690536499023, -1.098789930343628, -0.01847362518310547, 0.022476494312286377, -1.8441838245967386, -5.145187588457438, -4.013196463460791, -0.20917676642828642
709, 1763439530.4481401, -0.025499343872070312, -0.6518628597259521, 1.7261735200881958, 0.027564048767089844, -1.098789930343628, -0.01846456527709961, 0.022476494312286377, -1.8441763911504108, -5.145193848828836, -4.013192609717037, -0.2091843156081259
710, 1763439530.47736, -0.02550649642944336, -0.6518332362174988, 1.726165533065796, 0.027536630630493164, -1.098780870437622, -0.01844620704650879, 0.022468924522399902, -1.844172703137852, -5.145194309920936, -4.013193180953907, -0.20916438970760964
711, 1763439530.492775, -0.025499343872070312, -0.6518480777740479, 1.7261574268341064, 0.027518272399902344, -1.0987718105316162, -0.01844620704650879, 0.022491812705993652, -1.8441858833327702, -5.145195541042254, -4.013192357334555, -0.2091663965490378
712, 1763439530.516577, -0.02550649642944336, -0.6518185138702393, 1.7261415719985962, 0.027518272399902344, -1.0987989902496338, -0.01847362518310547, 0.022461235523223877, -1.8441946565654446, -5.145192422138271, -4.013195945373565, -0.20915523059196062
713, 1763439530.537112, -0.025491714477539062, -0.6517891883850098, 1.726117491722107, 0.027536630630493164, -1.098789930343628, -0.01844620704650879, 0.022468924522399902, -1.844192562769072, -5.145193424165257, -4.013194625295542, -0.20917025717327142
714, 1763439530.55727, -0.02550649642944336, -0.6517667770385742, 1.7261096239089966, 0.027509212493896484, -1.098780870437622, -0.01845526695251465, 0.022484183311462402, -1.8441944273120943, -5.145195028908577, -4.013196058304885, -0.2091633136601505
715, 1763439530.581635, -0.025484323501586914, -0.6517521739006042, 1.7260935306549072, 0.027518272399902344, -1.098789930343628, -0.01845526695251465, 0.022484183311462402, -1.844200547353548, -5.145192174792661, -4.013196504847049, -0.20918104942487226
716, 1763439530.60427, -0.025491714477539062, -0.6517448425292969, 1.7260855436325073, 0.027490854263305664, -1.0987622737884521, -0.01846456527709961, 0.022484183311462402, -1.8442030206254734, -5.14518270126509, -4.013203116228494, -0.20918949611952709
717, 1763439530.627043, -0.025491714477539062, -0.6517302989959717, 1.7260855436325073, 0.027481794357299805, -1.0987622737884521, -0.01847362518310547, 0.022461235523223877, -1.8441931648581367, -5.145175677138095, -4.013197924102117, -0.20918269615842267
718, 1763439530.64906, -0.025491714477539062, -0.6517374515533447, 1.726077675819397, 0.027463674545288086, -1.0987622737884521, -0.01847362518310547, 0.022499442100524902, -1.8441875102784298, -5.14518458656175, -4.013197956016852, -0.2091748212864113
719, 1763439530.67237, -0.025484323501586914, -0.6517302989959717, 1.7260615825653076, 0.027454376220703125, -1.0987989902496338, -0.01846456527709961, 0.022468924522399902, -1.8441828633388186, -5.1451844864578336, -4.0131973445865015, -0.20918756163638186
720, 1763439530.695426, -0.025491714477539062, -0.6517004370689392, 1.726037621498108, 0.027463674545288086, -1.0987718105316162, -0.01847362518310547, 0.022484183311462402, -1.8441859125499307, -5.145191244433544, -4.013199423726243, -0.209186056076323
721, 1763439530.7218418, -0.025491714477539062, -0.6517152786254883, 1.726037621498108, 0.027454376220703125, -1.0987718105316162, -0.01843714714050293, 0.022484183311462402, -1.8441888127280737, -5.145184257261305, -4.013201305706074, -0.20918963312225003
722, 1763439530.74338, -0.025484323501586914, -0.6517004370689392, 1.726029634475708, 0.027436256408691406, -1.0987989902496338, -0.01846456527709961, 0.022468924522399902, -1.844190821204834, -5.145184827755012, -4.013197810711725, -0.20918596947042012
723, 1763439530.765685, -0.025484323501586914, -0.6516931056976318, 1.726021647453308, 0.027427196502685547, -1.098780870437622, -0.01846456527709961, 0.022476494312286377, -1.844190858395474, -5.145184336019435, -4.013199818059653, -0.20919216197095025
724, 1763439530.791817, -0.025491714477539062, -0.6516709327697754, 1.726021647453308, 0.027417898178100586, -1.0987622737884521, -0.01845526695251465, 0.022461235523223877, -1.8441897515803378, -5.145184563773657, -4.013196770092153, -0.20917888240439542
725, 1763439530.8153012, -0.025484323501586914, -0.6516560912132263, 1.7260137796401978, 0.027417898178100586, -1.0987989902496338, -0.01845526695251465, 0.022468924522399902, -1.8441969915392304, -5.1451836372783255, -4.013195703078911, -0.20917238379695302
726, 1763439530.8320901, -0.025491714477539062, -0.6516416072845459, 1.7259896993637085, 0.027399778366088867, -1.098689317703247, -0.01842808723449707, 0.023827552795410156, -1.8442009379232043, -5.145186062052172, -4.013200810841321, -0.20916255550677665
727, 1763439530.858565, -0.025476932525634766, -0.6516046524047852, 1.7261415719985962, 0.027354001998901367, -1.0986711978912354, -0.01842808723449707, 0.04880368709564209, -1.8441981163245846, -5.145181950816949, -4.013199255339597, -0.20917051755888139
728, 1763439530.878058, -0.025491714477539062, -0.6516046524047852, 1.72586989402771, 0.027299165725708008, -1.0984792709350586, -0.01843714714050293, 0.04828464984893799, -1.8442075572458183, -5.1451880808967765, -4.0132018325881065, -0.20916502921796898
729, 1763439530.899251, -0.025499343872070312, -0.6515898704528809, 1.725733995437622, 0.02714395523071289, -1.0984792709350586, -0.01844620704650879, 0.04855174064636231, -1.8442212060350807, -5.145185159229179, -4.0132003974950425, -0.20915970933602068
730, 1763439530.92191, -0.025476932525634766, -0.6515383720397949, 1.7257579565048218, 0.026997804641723633, -1.0984883308410645, -0.01841878890991211, 0.05549800395965576, -1.8442184277958653, -5.14518760370578, -4.013195597399337, -0.20916611125885964
731, 1763439530.94308, -0.025491714477539062, -0.6515529155731201, 1.72586190700531, 0.026961326599121094, -1.0984153747558594, -0.01845526695251465, 0.07046687602996826, -1.8442137145968935, -5.14519633146002, -4.013196435645553, -0.2091746048172327
732, 1763439530.963285, -0.025491714477539062, -0.6515161991119385, 1.7259496450424194, 0.026915788650512695, -1.0984339714050293, -0.01842808723449707, 0.10393869400024414, -1.844212370556983, -5.145201009849236, -4.013205225256991, -0.2091765415979907
733, 1763439530.991934, -0.025499343872070312, -0.651442289352417, 1.7259577512741089, 0.026879310607910156, -1.098452091217041, -0.01844620704650879, 0.1538373851776123, -1.8441903999931257, -5.145192484185092, -4.013202512902996, -0.20917136877952291
734, 1763439531.0117178, -0.025469541549682617, -0.6514348387718201, 1.7258778810501099, 0.026833534240722656, -1.0983972549438477, -0.01842808723449707, 0.18846183776855469, -1.8441886632261855, -5.145199507972273, -4.013193778214077, -0.2091698674033724
735, 1763439531.032736, -0.025476932525634766, -0.6514348387718201, 1.725829839706421, 0.026806354522705078, -1.09837007522583, -0.01843714714050293, 0.2424290084838867, -1.844211994148877, -5.145194483403274, -4.013192743927725, -0.20917324575764695
736, 1763439531.0513659, -0.025484323501586914, -0.6514348387718201, 1.7258139848709106, 0.0267789363861084, -1.0984792709350586, -0.01842808723449707, 0.2794656753540039, -1.8442161998172981, -5.145192531608817, -4.013197175390985, -0.2091780038957607
737, 1763439531.076021, -0.025469541549682617, -0.6514573097229004, 1.725582242012024, 0.026723861694335938, -1.0984153747558594, -0.01841878890991211, 0.32594459533691406, -1.844217842238578, -5.145199662313394, -4.013206051034686, -0.2091705069112173
738, 1763439531.099017, -0.025476932525634766, -0.6514348387718201, 1.7253506183624268, 0.02661442756652832, -1.0984611511230469, -0.01844620704650879, 0.3587676239013672, -1.8442234472260068, -5.145192931033583, -4.013197690464819, -0.20916158564930498
739, 1763439531.123442, -0.025476932525634766, -0.6513833999633789, 1.725486397743225, 0.02655959129333496, -1.0984153747558594, -0.01841878890991211, 0.3939111328125, -1.8442311708545898, -5.1451973611265664, -4.013197496315712, -0.20916544570496143
740, 1763439531.142692, -0.025484323501586914, -0.6513686180114746, 1.7256780862808228, 0.026477575302124023, -1.0984611511230469, -0.01843714714050293, 0.4348483657836914, -1.8442264191407374, -5.145201092389227, -4.013201659622951, -0.20918452978345847
741, 1763439531.16565, -0.025484323501586914, -0.6513760089874268, 1.7257020473480225, 0.026349544525146484, -1.0984153747558594, -0.01845526695251465, 0.46764087677001953, -1.8442221628120568, -5.145210878017138, -4.013206406802195, -0.2091896794109891
742, 1763439531.1906781, -0.025454998016357422, -0.6513540148735046, 1.7256301641464233, 0.02622199058532715, -1.0984792709350586, -0.01841878890991211, 0.4907162094116211, -1.8442134651169397, -5.145200222301256, -4.0132021865975975, -0.20919907820106953
743, 1763439531.2070138, -0.025440216064453125, -0.6513466835021973, 1.7255662679672241, 0.02612137794494629, -1.0983424186706543, -0.01840972900390625, 0.5031813430786133, -1.8442148496090844, -5.1452095541758265, -4.013197046789538, -0.20920365066759317
744, 1763439531.2303832, -0.025454998016357422, -0.6513612270355225, 1.7255903482437134, 0.02599358558654785, -1.098379135131836, -0.01845526695251465, 0.5388287353515625, -1.8442200239702808, -5.145195784207309, -4.01319726104429, -0.20919273919392012
745, 1763439531.259713, -0.025454998016357422, -0.6513540148735046, 1.725582242012024, 0.025892972946166992, -1.0984249114990234, -0.01841878890991211, 0.5828878784179687, -1.8442117995599054, -5.145191305536852, -4.013204526357809, -0.209207072288649
746, 1763439531.2771661, -0.025454998016357422, -0.6513612270355225, 1.7255343198776245, 0.025847434997558594, -1.0984339714050293, -0.01844620704650879, 0.6037801361083984, -1.8442190377399195, -5.145197462051949, -4.013203743111585, -0.20922900026329305
747, 1763439531.2972522, -0.025447607040405273, -0.6513686180114746, 1.7255423069000244, 0.025820016860961914, -1.0984702110290527, -0.01841878890991211, 0.6153140258789063, -1.8442214201174894, -5.145192074478822, -4.013196168670148, -0.20922896526500168
748, 1763439531.322782, -0.025454998016357422, -0.651339054107666, 1.725574254989624, 0.025747060775756836, -1.09837007522583, -0.018318653106689453, 0.6350765228271484, -1.8442365380335268, -5.145193818184369, -4.013199743821245, -0.20923509489061498
749, 1763439531.3447628, -0.025447607040405273, -0.6513316631317139, 1.7255581617355347, 0.025728702545166016, -1.0983514785766602, -0.018291234970092773, 0.6592280578613281, -1.8442290852623842, -5.145197158304461, -4.013205412813696, -0.20923554039096626
750, 1763439531.365466, -0.025440216064453125, -0.6513096690177917, 1.7255662679672241, 0.025719642639160156, -1.0984611511230469, -0.018318653106689453, 0.7027835083007813, -1.8442202629711488, -5.145199515669744, -4.013205705238302, -0.20923160148365127
751, 1763439531.388936, -0.025425195693969727, -0.6513023376464844, 1.7256062030792236, 0.025692224502563477, -1.098452091217041, -0.018245458602905273, 0.7363775634765625, -1.844214940474695, -5.145203230555158, -4.013202385900803, -0.20922934669642768
752, 1763439531.409491, -0.025440216064453125, -0.6513242721557617, 1.7255423069000244, 0.025674104690551758, -1.0983152389526367, -0.018272876739501953, 0.7542774963378907, -1.8442245134540252, -5.1451876957484135, -4.013197059249466, -0.20922336834313704
753, 1763439531.431463, -0.025432586669921875, -0.6513316631317139, 1.7254544496536255, 0.025655746459960938, -1.0983333587646484, -0.018281936645507812, 0.7914286041259766, -1.8442293762953499, -5.14518357676733, -4.013200862254506, -0.20921837530417697
754, 1763439531.456446, -0.025432586669921875, -0.6513242721557617, 1.7253825664520264, 0.0256192684173584, -1.0983881950378418, -0.018281936645507812, 0.8512276458740234, -1.844236124292706, -5.1451898398088955, -4.0132075844059605, -0.2092171615991365
755, 1763439531.477719, -0.025440216064453125, -0.6512949466705322, 1.7253984212875366, 0.0256192684173584, -1.098379135131836, -0.018245458602905273, 0.8846308898925781, -1.8442368124532298, -5.1451918138533275, -4.013206813322018, -0.2092180170049227
756, 1763439531.498622, -0.025447607040405273, -0.6512801647186279, 1.725502371788025, 0.025609970092773438, -1.098452091217041, -0.018281936645507812, 0.9279648590087891, -1.8442472199600943, -5.145186696758201, -4.013202707933117, -0.2092109608055308
757, 1763439531.525601, -0.025425195693969727, -0.6512727737426758, 1.725502371788025, 0.0255734920501709, -1.0984153747558594, -0.018254756927490234, 0.9608948516845703, -1.8442573531285007, -5.145181267747581, -4.01320717080283, -0.20918836728909618
758, 1763439531.5449631, -0.02541804313659668, -0.6512949466705322, 1.7255103588104248, 0.02553701400756836, -1.098452091217041, -0.018218040466308594, 0.9667952728271484, -1.8442565542537128, -5.145177140823815, -4.013210229106192, -0.2091924882979166
759, 1763439531.5675032, -0.025425195693969727, -0.6512653231620789, 1.7253905534744263, 0.02550959587097168, -1.0984792709350586, -0.018263816833496094, 0.9670319366455078, -1.8442643847705273, -5.14517849994553, -4.013207961912352, -0.20921929360199698
760, 1763439531.593055, -0.025432586669921875, -0.6512801647186279, 1.7254464626312256, 0.02550053596496582, -1.0984249114990234, -0.018199682235717773, 0.9670013427734375, -1.8442520633189332, -5.145180758635412, -4.013212723716206, -0.20922465323563877
761, 1763439531.610452, -0.025440216064453125, -0.6512653231620789, 1.7254623174667358, 0.02550959587097168, -1.0984430313110352, -0.018218040466308594, 0.9670089721679688, -1.8442370466032658, -5.145182294814745, -4.013206915392153, -0.20922761571460669
762, 1763439531.633346, -0.025432586669921875, -0.6512506008148193, 1.7254704236984253, 0.02549123764038086, -1.0984430313110352, -0.018218040466308594, 0.9670242309570313, -1.8442346597898536, -5.145185311205974, -4.013203419984854, -0.20922729656923877
763, 1763439531.66007, -0.025432586669921875, -0.6512653231620789, 1.7254464626312256, 0.02550053596496582, -1.098452091217041, -0.018245458602905273, 0.9670013427734375, -1.8442277317129503, -5.145191481941312, -4.013208138140279, -0.2092370240070327
764, 1763439531.6792572, -0.025425195693969727, -0.6512579321861267, 1.7254303693771362, 0.02549123764038086, -1.0984611511230469, -0.018218040466308594, 0.9670166015625, -1.8442277273843035, -5.145187935118849, -4.013203190518334, -0.20924108274154918
765, 1763439531.702338, -0.025432586669921875, -0.6512653231620789, 1.7254464626312256, 0.025482177734375, -1.098452091217041, -0.018208980560302734, 0.9670166015625, -1.8442481920099265, -5.145188061795246, -4.0132066987658686, -0.20925556236447296
766, 1763439531.727655, -0.025425195693969727, -0.6512506008148193, 1.7254544496536255, 0.02550053596496582, -1.0984339714050293, -0.018199682235717773, 0.9670089721679688, -1.8442603804018662, -5.145184104959468, -4.0132110109925865, -0.2092607481892479
767, 1763439531.747164, -0.025432586669921875, -0.6512506008148193, 1.7254383563995361, 0.02549123764038086, -1.098452091217041, -0.018190622329711914, 0.9670089721679688, -1.8442555441436674, -5.145191673704495, -4.013207370447557, -0.20925530787962732
768, 1763439531.770891, -0.02541804313659668, -0.6512506008148193, 1.7254464626312256, 0.02547311782836914, -1.098452091217041, -0.018208980560302734, 0.966986083984375, -1.844265497641997, -5.145197385430053, -4.013213262480587, -0.20924812709100937
769, 1763439531.79404, -0.025425195693969727, -0.6512284278869629, 1.7254464626312256, 0.025482177734375, -1.0984339714050293, -0.018218040466308594, 0.9670166015625, -1.844264790820405, -5.145189738539073, -4.01321323232294, -0.2092415270518213
770, 1763439531.8126159, -0.02541065216064453, -0.6512506008148193, 1.7254464626312256, 0.02547311782836914, -1.098452091217041, -0.018208980560302734, 0.9670166015625, -1.8442537722607555, -5.145194102320242, -4.013207981799001, -0.2092627929879436
771, 1763439531.8343868, -0.025403261184692383, -0.6512434482574463, 1.7254303693771362, 0.02547311782836914, -1.0984430313110352, -0.018199682235717773, 0.9670089721679688, -1.8442462621932965, -5.145189194915115, -4.013207986046746, -0.2092601710175792
772, 1763439531.8598201, -0.02541804313659668, -0.6512434482574463, 1.7254303693771362, 0.025482177734375, -1.0984430313110352, -0.018208980560302734, 0.9669937133789063, -1.8442441705309414, -5.145190301067124, -4.013208501407475, -0.20925029349916802
773, 1763439531.880977, -0.02541065216064453, -0.6512434482574463, 1.7254464626312256, 0.02545475959777832, -1.098452091217041, -0.018218040466308594, 0.9669937133789063, -1.8442426160656478, -5.145189133339128, -4.013206915223358, -0.2092272603802261
774, 1763439531.903908, -0.02541065216064453, -0.6512434482574463, 1.7254383563995361, 0.02549123764038086, -1.0984430313110352, -0.018218040466308594, 0.9670089721679688, -1.8442396161295447, -5.145189951752233, -4.013207907510279, -0.20922151574302106
775, 1763439531.929823, -0.02541804313659668, -0.6512434482574463, 1.7254464626312256, 0.02547311782836914, -1.0984430313110352, -0.018199682235717773, 0.9670013427734375, -1.8442488529218695, -5.145191859358305, -4.013211283765595, -0.2092116281330494
776, 1763439531.9479492, -0.025403261184692383, -0.6512434482574463, 1.7254464626312256, 0.02547311782836914, -1.0984611511230469, -0.018208980560302734, 0.9669937133789063, -1.84425102466113, -5.145195479297655, -4.013211358843051, -0.20922485017229242
777, 1763439531.969666, -0.02541804313659668, -0.6512506008148193, 1.7254464626312256, 0.02547311782836914, -1.098452091217041, -0.018190622329711914, 0.9670242309570313, -1.8442551788020594, -5.145190556470757, -4.013212895267823, -0.2092273618186491
778, 1763439531.995539, -0.02541065216064453, -0.6512506008148193, 1.7254383563995361, 0.02546405792236328, -1.098452091217041, -0.018199682235717773, 0.9670013427734375, -1.8442438212536225, -5.14518393720571, -4.013208305068757, -0.20920994698196438
779, 1763439532.014723, -0.02541804313659668, -0.6512506008148193, 1.7254225015640259, 0.02547311782836914, -1.0984153747558594, -0.018199682235717773, 0.9670013427734375, -1.844241983792466, -5.1451918941185255, -4.01321011543565, -0.20920476647637098
780, 1763439532.0381482, -0.025403261184692383, -0.6512434482574463, 1.7254464626312256, 0.02546405792236328, -1.0984611511230469, -0.018190622329711914, 0.9670166015625, -1.8442466309275418, -5.1451903747124295, -4.013212235980451, -0.20920769574300913
781, 1763439532.0612931, -0.02541804313659668, -0.6512506008148193, 1.7254464626312256, 0.0254366397857666, -1.098452091217041, -0.018181562423706055, 0.9670166015625, -1.8442366215618038, -5.145185676986617, -4.013210854951849, -0.20921559135513323
782, 1763439532.08163, -0.02541065216064453, -0.6512434482574463, 1.7254383563995361, 0.02544569969177246, -1.0984702110290527, -0.018218040466308594, 0.9670013427734375, -1.8442293473943459, -5.145196646347465, -4.013208755917935, -0.20921004188156633
783, 1763439532.102868, -0.02541065216064453, -0.6512434482574463, 1.7254383563995361, 0.02545475959777832, -1.0984339714050293, -0.018190622329711914, 0.9670089721679688, -1.844236309488859, -5.145196729647762, -4.013206636648213, -0.2092199965262891
784, 1763439532.1285372, -0.025403261184692383, -0.6512284278869629, 1.7254383563995361, 0.0254366397857666, -1.0984611511230469, -0.018208980560302734, 0.9670013427734375, -1.8442491982130704, -5.145185841122253, -4.013208369535822, -0.2092139493591869
785, 1763439532.14739, -0.02541804313659668, -0.6512434482574463, 1.7254303693771362, 0.02545475959777832, -1.0984430313110352, -0.018199682235717773, 0.9670089721679688, -1.8442404391751044, -5.145180674997119, -4.013207163908428, -0.20921043221654934
786, 1763439532.178761, -0.02541804313659668, -0.6512579321861267, 1.7254383563995361, 0.0254366397857666, -1.0984430313110352, -0.018199682235717773, 0.9670242309570313, -1.8442571992763477, -5.145181208768087, -4.01321143865656, -0.20919234705998502
787, 1763439532.201369, -0.02541065216064453, -0.6512579321861267, 1.7254464626312256, 0.02544569969177246, -1.0984430313110352, -0.018181562423706055, 0.9670166015625, -1.8442549073475805, -5.145179142287942, -4.013211264546089, -0.20920316422648355
788, 1763439532.215018, -0.025432586669921875, -0.6512434482574463, 1.7254383563995361, 0.0254366397857666, -1.0984339714050293, -0.018208980560302734, 0.9670013427734375, -1.8442529728705428, -5.1451718343113315, -4.0132108928118235, -0.2092218621745907
789, 1763439532.237247, -0.025425195693969727, -0.6512360572814941, 1.7254383563995361, 0.0254366397857666, -1.0984611511230469, -0.018218040466308594, 0.9670089721679688, -1.8442538746068124, -5.145164226134092, -4.013211595203478, -0.20921002409224698
790, 1763439532.260651, -0.025425195693969727, -0.6512434482574463, 1.7254303693771362, 0.02542734146118164, -1.0984430313110352, -0.018199682235717773, 0.9670013427734375, -1.8442562455672653, -5.145167757924872, -4.013211754541362, -0.20922525829882233
791, 1763439532.281527, -0.02541065216064453, -0.6512135863304138, 1.7254303693771362, 0.02542734146118164, -1.0984611511230469, -0.018199682235717773, 0.9670013427734375, -1.8442577856956914, -5.145164744680697, -4.013209965311493, -0.20924055893921434
792, 1763439532.304756, -0.02541804313659668, -0.6512360572814941, 1.7254303693771362, 0.02544569969177246, -1.0984702110290527, -0.018208980560302734, 0.9670089721679688, -1.8442627649495245, -5.145155226984994, -4.013209214106989, -0.20923735264444776
793, 1763439532.326856, -0.025425195693969727, -0.6512360572814941, 1.7254383563995361, 0.02542734146118164, -1.098452091217041, -0.018208980560302734, 0.9670242309570313, -1.8442738072116533, -5.1451557603736795, -4.0132140304564246, -0.20924495342684502
794, 1763439532.35131, -0.02541804313659668, -0.6512284278869629, 1.7254383563995361, 0.0254366397857666, -1.0984430313110352, -0.018190622329711914, 0.9670166015625, -1.844274263353665, -5.1451577564448465, -4.013214376565619, -0.20925667285928196
795, 1763439532.369316, -0.02541804313659668, -0.6512434482574463, 1.7254383563995361, 0.02541828155517578, -1.098452091217041, -0.018190622329711914, 0.9670089721679688, -1.844283328853309, -5.145155681897407, -4.013215371909221, -0.20924915274690647
796, 1763439532.394725, -0.02541804313659668, -0.6512360572814941, 1.7254383563995361, 0.02541828155517578, -1.098452091217041, -0.018208980560302734, 0.9670089721679688, -1.844289220865177, -5.145153613651447, -4.013214977120617, -0.20923830058834803
797, 1763439532.411561, -0.02541065216064453, -0.6512360572814941, 1.7254383563995361, 0.02542734146118164, -1.0984792709350586, -0.018208980560302734, 0.9670013427734375, -1.8442887852288123, -5.1451550884530715, -4.013216034735832, -0.20924948612691896
798, 1763439532.4338748, -0.025425195693969727, -0.6512284278869629, 1.7254303693771362, 0.02542734146118164, -1.0984430313110352, -0.018190622329711914, 0.9670089721679688, -1.8442895882455943, -5.145146489085663, -4.01321579398024, -0.20926154901945182
799, 1763439532.459326, -0.02541804313659668, -0.6512284278869629, 1.7254303693771362, 0.02541828155517578, -1.0984702110290527, -0.018190622329711914, 0.9670319366455078, -1.8442852212748597, -5.145141243414713, -4.013214520082589, -0.20926223892499252
800, 1763439532.4815109, -0.025425195693969727, -0.6512284278869629, 1.7254383563995361, 0.02542734146118164, -1.0984339714050293, -0.018218040466308594, 0.9670089721679688, -1.8442855124641866, -5.145143570420297, -4.013212829917965, -0.20926721475511734
801, 1763439532.501516, -0.02541065216064453, -0.6512360572814941, 1.7254383563995361, 0.02541828155517578, -1.0984430313110352, -0.018172264099121094, 0.9670089721679688, -1.8442914219647575, -5.145139742991007, -4.013218851667985, -0.20926830981800304
802, 1763439532.524656, -0.02541065216064453, -0.6512210369110107, 1.7254303693771362, 0.02541828155517578, -1.098452091217041, -0.018199682235717773, 0.9670242309570313, -1.8443008212488659, -5.145141058052316, -4.013212408755899, -0.209269579866179
803, 1763439532.548288, -0.025403261184692383, -0.6512284278869629, 1.7254303693771362, 0.025409221649169922, -1.0984339714050293, -0.018199682235717773, 0.9670166015625, -1.8443098934803404, -5.145145451933599, -4.013218038378709, -0.2092734873135802
804, 1763439532.566205, -0.025432586669921875, -0.6512284278869629, 1.7254383563995361, 0.02541828155517578, -1.098452091217041, -0.018199682235717773, 0.9670013427734375, -1.8443129308086452, -5.145137693009158, -4.01321700812198, -0.20927825788677978
805, 1763439532.590863, -0.02541804313659668, -0.6511991024017334, 1.7254303693771362, 0.025400161743164062, -1.0984339714050293, -0.018218040466308594, 0.9670166015625, -1.844324830965645, -5.145132783804462, -4.013213614380162, -0.2092721318126891
806, 1763439532.613795, -0.025425195693969727, -0.6512210369110107, 1.7254303693771362, 0.0254366397857666, -1.0984702110290527, -0.018218040466308594, 0.9670089721679688, -1.844329022175989, -5.145133371292828, -4.0132139675274265, -0.20927247053595366
807, 1763439532.632698, -0.02541804313659668, -0.6512210369110107, 1.7254303693771362, 0.025400161743164062, -1.0984611511230469, -0.018218040466308594, 0.9670013427734375, -1.8443281663855629, -5.145130013081245, -4.013216239486924, -0.20928283505564593
808, 1763439532.658398, -0.02541065216064453, -0.6511991024017334, 1.7254225015640259, 0.025409221649169922, -1.098452091217041, -0.018208980560302734, 0.9670166015625, -1.844338734508974, -5.1451328061525095, -4.0132142296956435, -0.20929055919304673
809, 1763439532.678514, -0.025395870208740234, -0.6512064933776855, 1.7254303693771362, 0.025409221649169922, -1.0984430313110352, -0.018181562423706055, 0.9670089721679688, -1.8443461649374424, -5.145134286912551, -4.013213816422889, -0.20928711798685296
810, 1763439532.7071428, -0.02541804313659668, -0.65116947889328, 1.7254225015640259, 0.02541828155517578, -1.0984339714050293, -0.018208980560302734, 0.9670089721679688, -1.844347029361879, -5.145127755689183, -4.013216489966357, -0.20927155696344535
811, 1763439532.7275, -0.02541804313659668, -0.6511771082878113, 1.7254225015640259, 0.025409221649169922, -1.0984339714050293, -0.018208980560302734, 0.9670089721679688, -1.8443519757962736, -5.145128141202799, -4.0132116868963585, -0.20926909218123502
812, 1763439532.747044, -0.02541065216064453, -0.6511843204498291, 1.725414514541626, 0.025409221649169922, -1.0984249114990234, -0.018208980560302734, 0.9670166015625, -1.8443652000286108, -5.1451309047248195, -4.013215125626956, -0.20926180699637342
813, 1763439532.770046, -0.02541065216064453, -0.6511621475219727, 1.7254303693771362, 0.025400161743164062, -1.0984702110290527, -0.018199682235717773, 0.9670166015625, -1.8443770175386311, -5.145125012048801, -4.013220474496331, -0.2092583035040505
814, 1763439532.794888, -0.02541804313659668, -0.6511473655700684, 1.725414514541626, 0.0253908634185791, -1.0984339714050293, -0.018190622329711914, 0.9670166015625, -1.8443873337193222, -5.145126200108237, -4.013217392499856, -0.2092529165866246
815, 1763439532.8127759, -0.02541804313659668, -0.6511547565460205, 1.7254064083099365, 0.025400161743164062, -1.0984339714050293, -0.018199682235717773, 0.9670242309570313, -1.8444020138186525, -5.145131574418584, -4.013224070244196, -0.2092508795132515
816, 1763439532.837379, -0.02541804313659668, -0.6511399745941162, 1.7254064083099365, 0.0253908634185791, -1.0984611511230469, -0.018199682235717773, 0.9670319366455078, -1.844404290927522, -5.145119052329635, -4.013220444238781, -0.2092561412408429
817, 1763439532.8607948, -0.02541804313659668, -0.6511399745941162, 1.7254064083099365, 0.025372743606567383, -1.0984339714050293, -0.018172264099121094, 0.9670089721679688, -1.844408296368249, -5.145119698074496, -4.013220001375218, -0.20925553083385573
818, 1763439532.881825, -0.02541065216064453, -0.6511104106903076, 1.7253825664520264, 0.0253908634185791, -1.098452091217041, -0.018190622329711914, 0.9670013427734375, -1.8444122285760036, -5.145135050485206, -4.013223812415368, -0.2092652113749338
819, 1763439532.903754, -0.02541804313659668, -0.6510958671569824, 1.7253825664520264, 0.025381803512573242, -1.0984339714050293, -0.018190622329711914, 0.9670166015625, -1.8444132012700907, -5.145126723894, -4.013222888895963, -0.20924541607854774
820, 1763439532.929239, -0.02541804313659668, -0.6510589122772217, 1.7253586053848267, 0.0253908634185791, -1.0984339714050293, -0.018190622329711914, 0.966986083984375, -1.8444120264181527, -5.145120815557071, -4.013217336115594, -0.20922227866595478
821, 1763439532.9496052, -0.02541804313659668, -0.6510440707206726, 1.7253185510635376, 0.025409221649169922, -1.0984430313110352, -0.018199682235717773, 0.9670013427734375, -1.844424157787897, -5.145117318670023, -4.01321934897543, -0.20921350515675474
822, 1763439532.972812, -0.02541065216064453, -0.65102219581604, 1.7253025770187378, 0.025381803512573242, -1.0984339714050293, -0.018199682235717773, 0.9670013427734375, -1.8444291856815005, -5.145114617057283, -4.013224730879819, -0.20922585985379172
823, 1763439533.0094578, -0.025432586669921875, -0.65091872215271, 1.7252147197723389, 0.0253908634185791, -1.0984430313110352, -0.018190622329711914, 0.9670319366455078, -1.8444522721481658, -5.145120636992679, -4.013241539055892, -0.20922943629288238
824, 1763439533.0180511, -0.02541065216064453, -0.6509997844696045, 1.7251986265182495, 0.025381803512573242, -1.0984339714050293, -0.018208980560302734, 0.9670166015625, -1.844489709057794, -5.145119311214163, -4.01330794671022, -0.20921560863892985
825, 1763439533.039466, -0.02541065216064453, -0.6512877941131592, 1.7247194051742554, 0.025400161743164062, -1.09837007522583, -0.018199682235717773, 0.9670166015625, -1.8444859366115165, -5.145151961594058, -4.013435599945775, -0.20922779485975251
826, 1763439533.062207, -0.025381088256835938, -0.6508671641349792, 1.7235928773880005, 0.025363683700561523, -1.0982146263122559, -0.018190622329711914, 0.9670089721679688, -1.8444545474592249, -5.145167684583616, -4.013477442007338, -0.2092622253887182
827, 1763439533.084755, -0.025425195693969727, -0.6498860716819763, 1.7222346067428589, 0.025381803512573242, -1.097045660018921, -0.018181562423706055, 0.9670166015625, -1.8444563762963195, -5.145156659517507, -4.0134642920557635, -0.20925079598025942
828, 1763439533.102734, -0.025425195693969727, -0.6491560935974121, 1.7212120294570923, 0.025354385375976562, -1.0942976474761963, -0.018181562423706055, 0.9670089721679688, -1.844497457148518, -5.14515712250606, -4.013455257755837, -0.20926444332337368
829, 1763439533.125188, -0.025403261184692383, -0.6481603980064392, 1.7198617458343506, 0.025345325469970703, -1.0922245979309082, -0.018181562423706055, 0.9670166015625, -1.8445244268611347, -5.145171295616543, -4.01343543554534, -0.20928031988948703
830, 1763439533.1475232, -0.025403261184692383, -0.6470026969909668, 1.7175928354263306, 0.025372743606567383, -1.0896680355072021, -0.018190622329711914, 0.9669937133789063, -1.8444890704207964, -5.145202043050553, -4.0134224273251045, -0.20929458720582517
831, 1763439533.168086, -0.025403261184692383, -0.645645797252655, 1.714996099472046, 0.025363683700561523, -1.0889923572540283, -0.018172264099121094, 0.9670089721679688, -1.8444985693299234, -5.14520961003439, -4.013433651636978, -0.20932847311801162
832, 1763439533.192765, -0.025425195693969727, -0.6440234184265137, 1.7119921445846558, 0.025363683700561523, -1.0867555141448975, -0.018172264099121094, 0.9670166015625, -1.8444878623441752, -5.145217710660506, -4.013415975455687, -0.2093295770225465
833, 1763439533.209806, -0.025432586669921875, -0.6422826647758484, 1.7088841199874878, 0.025345325469970703, -1.0845732688903809, -0.018190622329711914, 0.9670013427734375, -1.8444808074996808, -5.145223472984424, -4.013374464062828, -0.20933635849841714
834, 1763439533.23404, -0.02541065216064453, -0.6400039196014404, 1.7051292657852173, 0.025354385375976562, -1.0831944942474365, -0.018181562423706055, 0.9670013427734375, -1.844520350692414, -5.145236163273169, -4.013327480558847, -0.2093611856297919
835, 1763439533.2600782, -0.02541804313659668, -0.6375996470451355, 1.7011983394622803, 0.025336027145385742, -1.0815327167510986, -0.018199682235717773, 0.9669937133789063, -1.844490789453717, -5.145192463423382, -4.013229720936378, -0.20936680990817624
836, 1763439533.280422, -0.025454998016357422, -0.63565993309021, 1.6978107690811157, 0.025326967239379883, -1.0805375576019287, -0.018199682235717773, 0.9670089721679688, -1.8444808826314296, -5.145153496110865, -4.013189726038598, -0.20930779186442994
837, 1763439533.303987, -0.025440216064453125, -0.6334109306335449, 1.6934006214141846, 0.025336027145385742, -1.0799529552459717, -0.018190622329711914, 0.9670166015625, -1.8445030027653209, -5.145224019050818, -4.013207329138759, -0.20931254930655552
838, 1763439533.327054, -0.025395870208740234, -0.6318914890289307, 1.690092921257019, 0.025326967239379883, -1.0771863460540771, -0.018199682235717773, 0.9670166015625, -1.8444846495050413, -5.145201935597303, -4.013174673920068, -0.20933793412660862
839, 1763439533.345949, -0.025432586669921875, -0.6296203136444092, 1.6855390071868896, 0.025326967239379883, -1.0741913318634033, -0.018218040466308594, 0.9670089721679688, -1.844471776591492, -5.145145702054511, -4.0131336207418595, -0.20929346816302186
840, 1763439533.365348, -0.02546215057373047, -0.6269280910491943, 1.6806414127349854, 0.025326967239379883, -1.0726938247680664, -0.018199682235717773, 0.9670089721679688, -1.8444704570474886, -5.145123595745012, -4.013080884270122, -0.20924929364580702
841, 1763439533.3911748, -0.025476932525634766, -0.6241109371185303, 1.675743818283081, 0.025317907333374023, -1.0718448162078857, -0.018190622329711914, 0.9670166015625, -1.8444593133534302, -5.145100398453719, -4.013002725034873, -0.2091984977007888
842, 1763439533.411683, -0.025440216064453125, -0.621124267578125, 1.6702390909194946, 0.025308609008789062, -1.0701100826263428, -0.018199682235717773, 0.9670089721679688, -1.8444635500228121, -5.145124736389457, -4.012919699700409, -0.20918385555272945
843, 1763439533.435275, -0.025358915328979492, -0.6178791522979736, 1.6646144390106201, 0.025299549102783203, -1.0657269954681396, -0.018190622329711914, 0.9669937133789063, -1.8444581227092445, -5.145106792974667, -4.012787202519812, -0.20920507426356316
844, 1763439533.459214, -0.02546215057373047, -0.6139483451843262, 1.6586943864822388, 0.025290250778198242, -1.0625221729278564, -0.018181562423706055, 0.9670242309570313, -1.844400021925229, -5.145065354578567, -4.012564410115547, -0.20911785181720077
845, 1763439533.479983, -0.025499343872070312, -0.6098921298980713, 1.65337336063385, 0.025317907333374023, -1.0605225563049316, -0.018199682235717773, 0.9670166015625, -1.8444027905154163, -5.14510838835937, -4.012363933570981, -0.2091122213275547
846, 1763439533.501909, -0.025425195693969727, -0.6060056686401367, 1.6482360363006592, 0.025290250778198242, -1.0575733184814453, -0.018208980560302734, 0.9670013427734375, -1.844402426543472, -5.145109392645524, -4.012132622902525, -0.20912805096644327
847, 1763439533.527054, -0.025425195693969727, -0.6012117862701416, 1.64218008518219, 0.025299549102783203, -1.0544962882995605, -0.018208980560302734, 0.9670089721679688, -1.8443435726398076, -5.145079002065087, -4.01182383085217, -0.20909274343160256
848, 1763439533.5464478, -0.025447607040405273, -0.5967354774475098, 1.636387586593628, 0.025299549102783203, -1.052797794342041, -0.018199682235717773, 0.9670242309570313, -1.844345319894157, -5.145124220622872, -4.011594092656081, -0.2091230467839429
849, 1763439533.570677, -0.025454998016357422, -0.5917942523956299, 1.6295565366744995, 0.025290250778198242, -1.0494558811187744, -0.018208980560302734, 0.9670013427734375, -1.8443265876833785, -5.14511387422413, -4.011336152990898, -0.2091839639491253
850, 1763439533.5924711, -0.025491714477539062, -0.587324857711792, 1.6235005855560303, 0.025290250778198242, -1.0472097396850586, -0.018208980560302734, 0.9670166015625, -1.8442760408640666, -5.145076295377515, -4.011109820373147, -0.20922782881622126
851, 1763439533.613528, -0.025469541549682617, -0.582737922668457, 1.6174046993255615, 0.025263071060180664, -1.045447587966919, -0.018199682235717773, 0.966986083984375, -1.8442927299582883, -5.145155902047282, -4.010938887562712, -0.2093103661193032
852, 1763439533.631592, -0.025513887405395508, -0.5786521434783936, 1.6119638681411743, 0.025263071060180664, -1.0451462268829346, -0.018172264099121094, 0.9670242309570313, -1.8442900451599074, -5.145166631843416, -4.010770801790493, -0.20937206039230372
853, 1763439533.65252, -0.025543212890625, -0.573622465133667, 1.6053165197372437, 0.025272130966186523, -1.0438861846923828, -0.018190622329711914, 0.9670242309570313, -1.8442437324905894, -5.145095878495395, -4.01054837450478, -0.20941482517944277
854, 1763439533.6763468, -0.02555084228515625, -0.566645622253418, 1.5962564945220947, 0.025253772735595703, -1.0403432846069336, -0.018218040466308594, 0.9670089721679688, -1.8442996797873779, -5.145174246304501, -4.010329019379875, -0.2094104002096504
855, 1763439533.6992698, -0.02550649642944336, -0.5612916946411133, 1.5893056392669678, 0.025235652923583984, -1.0379054546356201, -0.018190622329711914, 0.9670089721679688, -1.8443134006574309, -5.145133409148131, -4.010092695037824, -0.2093663159485537
856, 1763439533.7195861, -0.025513887405395508, -0.5552217960357666, 1.5821470022201538, 0.025263071060180664, -1.0369467735290527, -0.018190622329711914, 0.9670166015625, -1.844302367882436, -5.145079234723344, -4.009865337259441, -0.20928666603800483
857, 1763439533.743835, -0.025528669357299805, -0.5480315685272217, 1.574269413948059, 0.025253772735595703, -1.0367915630340576, -0.018199682235717773, 0.966986083984375, -1.8443553457220667, -5.145162357472579, -4.009654820997529, -0.20922225728541832
858, 1763439533.7621639, -0.025513887405395508, -0.5404942035675049, 1.5661121606826782, 0.025253772735595703, -1.0365815162658691, -0.018208980560302734, 0.9670166015625, -1.844404675475609, -5.145125525739789, -4.009372315020899, -0.20920248382251572
859, 1763439533.790154, -0.025528669357299805, -0.5316517353057861, 1.5565087795257568, 0.025253772735595703, -1.0353124141693115, -0.018199682235717773, 0.9670166015625, -1.8444833618659362, -5.145048366349785, -4.009065238261779, -0.2091439358022562
860, 1763439533.8072908, -0.025543212890625, -0.5236499309539795, 1.5480878353118896, 0.025263071060180664, -1.0319795608520508, -0.018190622329711914, 0.9670166015625, -1.8445954411915828, -5.145132603365449, -4.008872007386772, -0.20915251077009334
861, 1763439533.82935, -0.02559494972229004, -0.5147485733032227, 1.5389158725738525, 0.025272130966186523, -1.029066801071167, -0.018199682235717773, 0.9670013427734375, -1.8446573306892815, -5.145041070841432, -4.008619657939422, -0.20915797675284775
862, 1763439533.853046, -0.025602340698242188, -0.506746768951416, 1.530814528465271, 0.025244712829589844, -1.0274505615234375, -0.018245458602905273, 0.9670089721679688, -1.8447377527691218, -5.144992024121946, -4.008432167592871, -0.20917543728188637
863, 1763439533.873488, -0.025602340698242188, -0.4987597167491913, 1.522513508796692, 0.025253772735595703, -1.0265376567840576, -0.018199682235717773, 0.9670242309570313, -1.8448753973072267, -5.145089411229464, -4.008329114790791, -0.20916778588821483
864, 1763439533.901175, -0.025720596313476562, -0.48868560791015625, 1.5118156671524048, 0.025244712829589844, -1.0231044292449951, -0.018218040466308594, 0.9670013427734375, -1.8449647510500213, -5.145044595787802, -4.008174403824452, -0.2091063220481688
865, 1763439533.921348, -0.025735139846801758, -0.48181936144828796, 1.5045372247695923, 0.025226593017578125, -1.0217256546020508, -0.018227100372314453, 0.9670242309570313, -1.8449964064427782, -5.144969734479971, -4.0080761377469, -0.20907233806929781
866, 1763439533.940301, -0.025735139846801758, -0.473795622587204, 1.4960044622421265, 0.025244712829589844, -1.0199451446533203, -0.018199682235717773, 0.9670089721679688, -1.8450943024798692, -5.1449583773861995, -4.00802288566652, -0.2090700311952265
867, 1763439533.962444, -0.025712966918945312, -0.4645843505859375, 1.4862653017044067, 0.025217294692993164, -1.0188312530517578, -0.018199682235717773, 0.9670166015625, -1.8452197370749703, -5.144899434591164, -4.007998560051891, -0.20908239515621574
868, 1763439533.988249, -0.025705575942993164, -0.45546889305114746, 1.4763742685317993, 0.025208234786987305, -1.017909049987793, -0.018199682235717773, 0.9670089721679688, -1.8454125091397287, -5.144956309985812, -4.0080343693857605, -0.2091664785504319
869, 1763439534.0154822, -0.02572774887084961, -0.44423696398735046, 1.4636070728302002, 0.025208234786987305, -1.0150692462921143, -0.018199682235717773, 0.9670013427734375, -1.8456456620037045, -5.144835273742865, -4.008049625687642, -0.2092631623522072
870, 1763439534.026001, -0.02577948570251465, -0.4408518970012665, 1.4597002267837524, 0.025199174880981445, -1.0138640403747559, -0.018208980560302734, 0.9670089721679688, -1.8457040855409947, -5.144746423361239, -4.0080593074081055, -0.20924420788234777
871, 1763439534.0508559, -0.025956392288208008, -0.43181753158569336, 1.4496654272079468, 0.025180816650390625, -1.0128779411315918, -0.018172264099121094, 0.9670013427734375, -1.8459539102241322, -5.144729406855365, -4.008171332717029, -0.20916989725956636
872, 1763439534.0742452, -0.026096343994140625, -0.4229898154735565, 1.4397345781326294, 0.025199174880981445, -1.0107412338256836, -0.018199682235717773, 0.9669937133789063, -1.8462852995265777, -5.144842634633911, -4.008354672777202, -0.20915166971538213
873, 1763439534.0968692, -0.02599334716796875, -0.4141843318939209, 1.4299794435501099, 0.025171756744384766, -1.0099835395812988, -0.018208980560302734, 0.9670166015625, -1.8464202732719985, -5.144513191084139, -4.0084500227971045, -0.2092185694961204
874, 1763439534.122669, -0.026008129119873047, -0.40635204315185547, 1.4214146137237549, 0.025180816650390625, -1.0091159343719482, -0.018218040466308594, 0.9670089721679688, -1.8466362510167058, -5.144455123743952, -4.0086386867971475, -0.20917734693420975
875, 1763439534.143776, -0.026103734970092773, -0.3975832164287567, 1.4117072820663452, 0.025180816650390625, -1.006002426147461, -0.018190622329711914, 0.9670242309570313, -1.8469974777172926, -5.14468700546069, -4.008955069987265, -0.2091435593881119
876, 1763439534.1664069, -0.026008129119873047, -0.38904309272766113, 1.4022797346115112, 0.025171756744384766, -1.001783847808838, -0.018199682235717773, 0.9670319366455078, -1.8470590934730697, -5.144411970114189, -4.009150670568022, -0.20921470597269654
877, 1763439534.191749, -0.026059627532958984, -0.3804881274700165, 1.3927403688430786, 0.025162696838378906, -0.9991908073425293, -0.018199682235717773, 0.9670013427734375, -1.8471720116690786, -5.144189627251522, -4.009452508519165, -0.2091961487598386
878, 1763439534.2108731, -0.026177644729614258, -0.37481689453125, 1.385589838027954, 0.025171756744384766, -0.9957211017608643, -0.018199682235717773, 0.9670166015625, -1.8474091281212532, -5.14444120250214, -4.009782638293118, -0.20916743443808894
879, 1763439534.2336051, -0.026163101196289062, -0.3689687252044678, 1.3774725198745728, 0.025135278701782227, -0.9885900020599365, -0.018199682235717773, 0.9669937133789063, -1.8475138378928202, -5.144453037589646, -4.010100509973016, -0.20923448271949674
880, 1763439534.258723, -0.02617025375366211, -0.36353322863578796, 1.3697465658187866, 0.025135278701782227, -0.9838783740997314, -0.018199682235717773, 0.9669937133789063, -1.8474957836464716, -5.144129713901057, -4.010346316529373, -0.20919631993513832
881, 1763439534.27924, -0.02629566192626953, -0.3599565029144287, 1.3643935918807983, 0.025144338607788086, -0.9822804927825928, -0.018199682235717773, 0.9669937133789063, -1.8476877898598862, -5.144327606683619, -4.010556733045422, -0.20916204425447926
882, 1763439534.301815, -0.026192426681518555, -0.35611435770988464, 1.3573548793792725, 0.025126218795776367, -0.9791851043701172, -0.018181562423706055, 0.9670166015625, -1.8478018294301413, -5.144368987652148, -4.0107456090293985, -0.20920871696126042
883, 1763439534.326325, -0.026185035705566406, -0.35321593284606934, 1.3509074449539185, 0.025126218795776367, -0.9760806560516357, -0.018199682235717773, 0.9670242309570313, -1.8477395295715007, -5.144076892588963, -4.010882939024547, -0.20918050408525968
884, 1763439534.344683, -0.026266098022460938, -0.3496687412261963, 1.343117594718933, 0.025144338607788086, -0.9724829196929932, -0.018199682235717773, 0.9670166015625, -1.8478713103497242, -5.144194829440328, -4.011154485953253, -0.20913353312008542
885, 1763439534.3662999, -0.02622199058532715, -0.34546494483947754, 1.3343132734298706, 0.025126218795776367, -0.96712327003479, -0.018208980560302734, 0.9670242309570313, -1.8479871207540404, -5.144380177031535, -4.011427578349704, -0.20918168418530225
886, 1763439534.396179, -0.02617025375366211, -0.33983778953552246, 1.322616696357727, 0.025107860565185547, -0.9598276615142822, -0.018199682235717773, 0.9670089721679688, -1.8478752375184344, -5.144053462995463, -4.0116525551703335, -0.2092310901797747
887, 1763439534.409898, -0.026266098022460938, -0.3357076644897461, 1.3147070407867432, 0.025107860565185547, -0.9558649063110352, -0.018190622329711914, 0.9670013427734375, -1.8479437843537836, -5.144102585066919, -4.011872043630618, -0.20920467393360997
888, 1763439534.431691, -0.026361942291259766, -0.3295867443084717, 1.3035776615142822, 0.025107860565185547, -0.950340747833252, -0.018208980560302734, 0.9670013427734375, -1.8480792717460823, -5.144347680889381, -4.012159217899372, -0.20922109082808138
889, 1763439534.454581, -0.026229381561279297, -0.3244905471801758, 1.2947572469711304, 0.025089740753173828, -0.9467523097991943, -0.018208980560302734, 0.9670089721679688, -1.8479896504549747, -5.144132323670778, -4.01222044918203, -0.20931560363048884
890, 1763439534.47704, -0.026236534118652344, -0.31907010078430176, 1.2854894399642944, 0.025080442428588867, -0.9427530765533447, -0.018181562423706055, 0.9670166015625, -1.8479553366840835, -5.143937013571588, -4.012265102748621, -0.20933384324960524
891, 1763439534.497204, -0.026384353637695312, -0.3134946823120117, 1.2756783962249756, 0.025107860565185547, -0.9374845027923584, -0.018199682235717773, 0.9670089721679688, -1.8481323716570741, -5.144187031883359, -4.01237161583328, -0.20926844590089733
892, 1763439534.5191412, -0.02625870704650879, -0.30365657806396484, 1.2589884996414185, 0.025089740753173828, -0.9273402690887451, -0.018236398696899414, 0.9670013427734375, -1.8481351706132252, -5.144193634837372, -4.012259273005007, -0.2093793007996867
893, 1763439534.5424, -0.026280879974365234, -0.2947256565093994, 1.2441200017929077, 0.025053024291992188, -0.9197432994842529, -0.018208980560302734, 0.9670242309570313, -1.8480430319736019, -5.143800660495827, -4.012037188293291, -0.20928982530160134
894, 1763439534.562955, -0.02639150619506836, -0.2864508628845215, 1.230290174484253, 0.025080442428588867, -0.9147579669952393, -0.018208980560302734, 0.9670089721679688, -1.848269583218603, -5.144165881601495, -4.01197609873822, -0.20919966635250908
895, 1763439534.585361, -0.026103734970092773, -0.2771437168121338, 1.2143032550811768, 0.025080442428588867, -0.9075901508331299, -0.018218040466308594, 0.9670166015625, -1.8482758657647866, -5.144266770471481, -4.0117633042930985, -0.20940723983791276
896, 1763439534.6081548, -0.026118755340576172, -0.268876314163208, 1.200010061264038, 0.025043964385986328, -0.8994090557098389, -0.018218040466308594, 0.9670166015625, -1.848086820178745, -5.143820923126101, -4.011492310911348, -0.20940207338762473
897, 1763439534.6321511, -0.026487350463867188, -0.25873589515686035, 1.1824491024017334, 0.02506232261657715, -0.889794111251831, -0.018218040466308594, 0.9670242309570313, -1.8482264749623165, -5.144089766416455, -4.01136162955105, -0.20921032265152117
898, 1763439534.656756, -0.026369333267211914, -0.2477107048034668, 1.1632423400878906, 0.02506232261657715, -0.8816220760345459, -0.018218040466308594, 0.967047119140625, -1.8482413738811956, -5.144239534863145, -4.011092962507407, -0.20932046240290791
899, 1763439534.6766028, -0.026384353637695312, -0.23762893676757812, 1.1455297470092773, 0.025053024291992188, -0.8737969398498535, -0.018227100372314453, 0.9670013427734375, -1.8480811717986438, -5.1438027761466145, -4.010775185583631, -0.20931550056118198
900, 1763439534.7016, -0.02656841278076172, -0.22616839408874512, 1.1247410774230957, 0.02506232261657715, -0.8623285293579102, -0.018236398696899414, 0.9670013427734375, -1.8482651447115166, -5.144141404129038, -4.010624209034406, -0.2092528898538486
901, 1763439534.726899, -0.026317596435546875, -0.21491406857967377, 1.1041760444641113, 0.025034666061401367, -0.8529148101806641, -0.018227100372314453, 0.9670013427734375, -1.8482733034814327, -5.144233593500456, -4.0103809616694885, -0.20943731523683162
902, 1763439534.7466161, -0.026450634002685547, -0.20469999313354492, 1.0857524871826172, 0.025025606155395508, -0.8450164794921875, -0.018218040466308594, 0.9670166015625, -1.8481300803246679, -5.143811812752482, -4.010123124843454, -0.20936470678943842
903, 1763439534.770127, -0.026597976684570312, -0.19281911849975586, 1.0637733936309814, 0.02506232261657715, -0.8332743644714355, -0.018254756927490234, 0.9670242309570313, -1.8483372376099148, -5.144210470086632, -4.010023997134259, -0.20933963176999004
904, 1763439534.7954292, -0.02647995948791504, -0.18105602264404297, 1.0418663024902344, 0.025034666061401367, -0.8220889568328857, -0.018281936645507812, 0.9669708251953125, -1.8483329777106372, -5.14420537888026, -4.0097879221622845, -0.209471752758156
905, 1763439534.820543, -0.026620149612426758, -0.17017076909542084, 1.0222280025482178, 0.025043964385986328, -0.8139078617095947, -0.018263816833496094, 0.9670242309570313, -1.848214398102657, -5.143799769059077, -4.009548315895684, -0.2093777580227627
906, 1763439534.838607, -0.02669382095336914, -0.15892384946346283, 1.0018310546875, 0.025053024291992188, -0.803708553314209, -0.018236398696899414, 0.9670013427734375, -1.8484595286406083, -5.144203879066545, -4.009478874416675, -0.20936908236534624
907, 1763439534.86374, -0.026502132415771484, -0.14482331275939941, 0.9758410453796387, 0.025053024291992188, -0.790149450302124, -0.018281936645507812, 0.9669708251953125, -1.8484669612951756, -5.144141551039201, -4.009210532719177, -0.20950775005282551
908, 1763439534.8869681, -0.02669382095336914, -0.13162946701049805, 0.9518086910247803, 0.025043964385986328, -0.7797126770019531, -0.018309354782104492, 0.967047119140625, -1.8484515651094742, -5.143819951351619, -4.008989770452259, -0.20937370952970547
909, 1763439534.9062889, -0.0266568660736084, -0.12182831019163132, 0.9335126876831055, 0.025034666061401367, -0.7699062824249268, -0.018318653106689453, 0.9670013427734375, -1.848756763808658, -5.144281989768492, -4.008987613245866, -0.20938513393013114
910, 1763439534.929088, -0.026509523391723633, -0.11054467409849167, 0.9125244617462158, 0.025043964385986328, -0.7588305473327637, -0.018318653106689453, 0.9669708251953125, -1.8487687376103363, -5.144222001194582, -4.008801879339625, -0.20954403218243733
911, 1763439534.949143, -0.026531457901000977, -0.09873723983764648, 0.8909368515014648, 0.025034666061401367, -0.7493071556091309, -0.018355131149291992, 0.9670089721679688, -1.8486480609488236, -5.1436395785658995, -4.008586539097371, -0.20953954762853133
912, 1763439534.971627, -0.026634931564331055, -0.08572793006896973, 0.8658099174499512, 0.025025606155395508, -0.736058235168457, -0.01834583282470703, 0.9670319366455078, -1.8490455083372659, -5.144174474109345, -4.008627966705832, -0.20957089083263636
913, 1763439534.997437, -0.026413679122924805, -0.07250475883483887, 0.8411543369293213, 0.025025606155395508, -0.7235488891601562, -0.01838231086730957, 0.9670013427734375, -1.8491240243976272, -5.144099229575825, -4.008472644724694, -0.20977977375817325
914, 1763439535.0164402, -0.026494979858398438, -0.06064605712890625, 0.8184802532196045, 0.025034666061401367, -0.7125372886657715, -0.01841878890991211, 0.9670242309570313, -1.8490206659828758, -5.1435220311641405, -4.008270056362754, -0.2097317695785037
915, 1763439535.039792, -0.02678966522216797, -0.04892730712890625, 0.7958540916442871, 0.025043964385986328, -0.7006762027740479, -0.01844620704650879, 0.9669784545898438, -1.8493903038995199, -5.143984837249531, -4.008348003050695, -0.20963981105122187
916, 1763439535.062044, -0.026634931564331055, -0.03579235076904297, 0.7706871032714844, 0.025025606155395508, -0.6887149810791016, -0.018482685089111328, 0.9670089721679688, -1.8495220295057502, -5.144047840321009, -4.008257140615037, -0.20975966103287824
917, 1763439535.083169, -0.026634931564331055, -0.02443528175354004, 0.7484445571899414, 0.025025606155395508, -0.676844596862793, -0.01851940155029297, 0.9670242309570313, -1.8494228480494783, -5.1434873011770295, -4.0081107538721, -0.20969744108762178
918, 1763439535.1073658, -0.026752710342407227, -0.010666131973266602, 0.7214398384094238, 0.025034666061401367, -0.6630663871765137, -0.01853775978088379, 0.9670242309570313, -1.8497967788232423, -5.14399424870018, -4.00822573919055, -0.20958856504293166
919, 1763439535.147271, -0.026553869247436523, 0.0014581680297851562, 0.6973438262939453, 0.025053024291992188, -0.6511049270629883, -0.01856517791748047, 0.966986083984375, -1.8497768064130833, -5.143737584012057, -4.0080944259916516, -0.20966759286201153
920, 1763439535.154884, -0.02666449546813965, 0.006067514419555664, 0.6876683235168457, 0.025025606155395508, -0.6455991268157959, -0.018583297729492188, 0.9670166015625, -1.8497150339136148, -5.143476466467784, -4.008082033086094, -0.20957480634937653
921, 1763439535.176956, -0.026775121688842773, 0.008611917495727539, 0.6813888549804688, 0.025025606155395508, -0.6398923397064209, -0.01854681968688965, 0.9669937133789063, -1.8499727628916411, -5.143900532122711, -4.008226934815537, -0.20948077497611717
922, 1763439535.208368, -0.026730775833129883, 0.009806632995605469, 0.6776337623596191, 0.02501654624938965, -0.6363859176635742, -0.01854681968688965, 0.9670013427734375, -1.8498680732872823, -5.143611775640923, -4.008136224164521, -0.20947550010551197
923, 1763439535.222819, -0.02674555778503418, 0.009740114212036133, 0.6768107414245605, 0.025025606155395508, -0.6357376575469971, -0.01856517791748047, 0.9670013427734375, -1.84987564755429, -5.143505302595417, -4.008136077736979, -0.20945305307230822
924, 1763439535.245406, -0.026760101318359375, 0.009511470794677734, 0.6752529144287109, 0.025034666061401367, -0.6343498229980469, -0.01854681968688965, 0.9670013427734375, -1.8501047804336648, -5.143860140370505, -4.008244276285438, -0.20943912275082788
925, 1763439535.26657, -0.026819229125976562, 0.008752107620239258, 0.6741104125976562, 0.025025606155395508, -0.6314644813537598, -0.01856517791748047, 0.9670013427734375, -1.8500230402321032, -5.143612781861738, -4.0081843240177815, -0.2094094251332006
926, 1763439535.287871, -0.026856184005737305, 0.008191347122192383, 0.6735429763793945, 0.025025606155395508, -0.6304967403411865, -0.01856517791748047, 0.9670242309570313, -1.8500186322538075, -5.143453746399873, -4.008187836295939, -0.20941357942058403
927, 1763439535.308934, -0.02692246437072754, 0.00736546516418457, 0.6728479862213135, 0.025034666061401367, -0.6282505989074707, -0.018574237823486328, 0.9670166015625, -1.8502479760317052, -5.143778666007709, -4.0083273259649985, -0.20941393443985046
928, 1763439535.33508, -0.02692246437072754, 0.006443500518798828, 0.6726961135864258, 0.025025606155395508, -0.6269447803497314, -0.01856517791748047, 0.9670166015625, -1.8501634936943727, -5.143520261814191, -4.008288504570612, -0.20945998775097596
929, 1763439535.3540301, -0.02696681022644043, 0.005979061126708984, 0.67238450050354, 0.025025606155395508, -0.6259222030639648, -0.018555879592895508, 0.9670242309570313, -1.8501990688819498, -5.143416763247914, -4.008316445010859, -0.20947590490765755
930, 1763439535.3757372, -0.027040481567382812, 0.005794525146484375, 0.6708025932312012, 0.025007247924804688, -0.621274471282959, -0.018555879592895508, 0.9670089721679688, -1.8504603524464909, -5.14375577474336, -4.008457322588844, -0.20948926293780534
931, 1763439535.407871, -0.02704763412475586, 0.006532192230224609, 0.6670475006103516, 0.02501654624938965, -0.6164898872375488, -0.01854681968688965, 0.9670242309570313, -1.8503596169209868, -5.143414178872674, -4.008371656895585, -0.20954494258872547
932, 1763439535.4259799, -0.02714371681213379, 0.007395029067993164, 0.6637959480285645, 0.025025606155395508, -0.6124997138977051, -0.01854681968688965, 0.9670013427734375, -1.8504255305997699, -5.1433657772644885, -4.0084136063935025, -0.20951128040580613
933, 1763439535.443449, -0.027225017547607422, 0.008486509323120117, 0.659945011138916, 0.025007247924804688, -0.6090025901794434, -0.01854681968688965, 0.9670013427734375, -1.8506372294279687, -5.143635551897557, -4.008551616657882, -0.20947409349456514
934, 1763439535.465151, -0.027217626571655273, 0.009961366653442383, 0.6551113128662109, 0.025025606155395508, -0.605642557144165, -0.01854681968688965, 0.9670166015625, -1.8505749193427572, -5.143425708597623, -4.008510381036105, -0.2095129934015718
935, 1763439535.486824, -0.02726888656616211, 0.010278463363647461, 0.6529459953308105, 0.02501654624938965, -0.6044096946716309, -0.01856517791748047, 0.9670089721679688, -1.8505984303486083, -5.143362198995522, -4.008533572273456, -0.20950214396513012
936, 1763439535.509275, -0.027313232421875, 0.010042667388916016, 0.6521711349487305, 0.025043964385986328, -0.6038801670074463, -0.018528461456298828, 0.9670166015625, -1.8507409707050106, -5.14359643025935, -4.008627871902659, -0.20947258287606907
937, 1763439535.532377, -0.027342796325683594, 0.009880304336547852, 0.65142822265625, 0.025007247924804688, -0.6028485298156738, -0.01853775978088379, 0.9670089721679688, -1.8506452403881737, -5.143406685110772, -4.008555582742048, -0.2094600604962782
938, 1763439535.553673, -0.027372360229492188, 0.009747505187988281, 0.6507890224456787, 0.025034666061401367, -0.6024374961853027, -0.01853775978088379, 0.9670166015625, -1.8506663046764147, -5.143393860438097, -4.008567556365825, -0.20942408415087144
939, 1763439535.5777411, -0.02735757827758789, 0.009688377380371094, 0.6503415107727051, 0.02501654624938965, -0.6023097038269043, -0.01856517791748047, 0.9670013427734375, -1.8507759340460281, -5.143565132599724, -4.008640720473815, -0.20941760723741965
940, 1763439535.603127, -0.027372360229492188, 0.009673833847045898, 0.6500380039215088, 0.025025606155395508, -0.6018531322479248, -0.01854681968688965, 0.9670013427734375, -1.850671090809454, -5.143385452332743, -4.008576767011666, -0.2094042431783354
941, 1763439535.622189, -0.02740192413330078, 0.009680986404418945, 0.6499660015106201, 0.02501654624938965, -0.6013784408569336, -0.01853775978088379, 0.9670166015625, -1.8507004182473872, -5.143398009068529, -4.008585780077061, -0.20936780271085365
942, 1763439535.642098, -0.027416467666625977, 0.00971078872680664, 0.6499500274658203, 0.025007247924804688, -0.6012961864471436, -0.018555879592895508, 0.9670013427734375, -1.8507924130668432, -5.14354401778108, -4.008642816604609, -0.20937142884529347
943, 1763439535.667537, -0.027423858642578125, 0.009718179702758789, 0.6499021053314209, 0.025007247924804688, -0.6012961864471436, -0.018528461456298828, 0.9670013427734375, -1.850700023311486, -5.143385565474933, -4.008589996912766, -0.20938840893630672
944, 1763439535.691068, -0.027460813522338867, 0.009740114212036133, 0.6499021053314209, 0.025025606155395508, -0.601250410079956, -0.01854681968688965, 0.9670089721679688, -1.8507429776235793, -5.143438874449587, -4.008608864418188, -0.20938797679953858
945, 1763439535.710132, -0.02749776840209961, 0.009747505187988281, 0.6498861312866211, 0.025025606155395508, -0.6012687683105469, -0.01854681968688965, 0.9670166015625, -1.850798130542866, -5.143532437544853, -4.008638549708864, -0.20939627418745665
946, 1763439535.733448, -0.027519941329956055, 0.009725332260131836, 0.6498141288757324, 0.02501654624938965, -0.6012413501739502, -0.01853775978088379, 0.9670089721679688, -1.8507263077968967, -5.143399822537686, -4.008592820636197, -0.20938414791282955
947, 1763439535.75554, -0.027564048767089844, 0.00971078872680664, 0.6496706008911133, 0.025025606155395508, -0.6012322902679443, -0.01854681968688965, 0.9670013427734375, -1.8507739448948566, -5.143462273329369, -4.008615851483408, -0.20939523916164227
948, 1763439535.77718, -0.027564048767089844, 0.009688377380371094, 0.6496145725250244, 0.025007247924804688, -0.6011867523193359, -0.018528461456298828, 0.9670166015625, -1.850811034253626, -5.143522390443095, -4.008631584529239, -0.20939192896844627
949, 1763439535.8028631, -0.027564048767089844, 0.009703397750854492, 0.6495745182037354, 0.025025606155395508, -0.601177453994751, -0.01854681968688965, 0.9670089721679688, -1.8507651324230956, -5.143416172043807, -4.008595759881335, -0.20940556686321976
950, 1763439535.825823, -0.027564048767089844, 0.009725332260131836, 0.6495585441589355, 0.02501654624938965, -0.601177453994751, -0.01853775978088379, 0.9670089721679688, -1.8508164659618092, -5.143518081468955, -4.008630003200817, -0.2094050138085377
951, 1763439535.845267, -0.02758622169494629, 0.009725332260131836, 0.6495425701141357, 0.02501654624938965, -0.6011867523193359, -0.018555879592895508, 0.9670242309570313, -1.850814419517047, -5.143515717650083, -4.008632146660017, -0.2093845160463772
952, 1763439535.867164, -0.027571439743041992, 0.009732723236083984, 0.6495425701141357, 0.025007247924804688, -0.6011593341827393, -0.01851940155029297, 0.9670166015625, -1.85076419572566, -5.1434110610880035, -4.008597090945316, -0.20937805395480602
953, 1763439535.893002, -0.02757883071899414, 0.009725332260131836, 0.6495265960693359, 0.02501654624938965, -0.6011683940887451, -0.018528461456298828, 0.9670013427734375, -1.850814961172345, -5.14348463930259, -4.008624763907528, -0.20936695024956187
954, 1763439535.912787, -0.02758622169494629, 0.009718179702758789, 0.6494708061218262, 0.025007247924804688, -0.6011502742767334, -0.01854681968688965, 0.9670166015625, -1.8508154042737561, -5.143490869586875, -4.008630481309123, -0.20935569598369508
955, 1763439535.9336598, -0.027600765228271484, 0.009718179702758789, 0.6494147777557373, 0.024998188018798828, -0.6011409759521484, -0.01854681968688965, 0.9670166015625, -1.8507824355559097, -5.143412721679428, -4.008609630197763, -0.20935248716827903
956, 1763439535.955465, -0.027608394622802734, 0.00971078872680664, 0.6493988037109375, 0.025025606155395508, -0.6011319160461426, -0.01854681968688965, 0.9670013427734375, -1.850826370702138, -5.143466476450569, -4.0086319770639705, -0.2093443083393023
957, 1763439535.9763231, -0.027608394622802734, 0.009725332260131836, 0.6493749618530273, 0.025007247924804688, -0.6011137962341309, -0.01851940155029297, 0.9670089721679688, -1.8508255179404536, -5.143466419584265, -4.0086327715417305, -0.20934567176601782
958, 1763439536.0018508, -0.02762317657470703, 0.009732723236083984, 0.6493587493896484, 0.024998188018798828, -0.6011228561401367, -0.01854681968688965, 0.9670013427734375, -1.8508030502249642, -5.143400830751168, -4.008619398448797, -0.20934009413833188
959, 1763439536.0206609, -0.02763056755065918, 0.009718179702758789, 0.6493508815765381, 0.025007247924804688, -0.60109543800354, -0.01853775978088379, 0.9669937133789063, -1.8508373221038354, -5.143456103121937, -4.008635981244779, -0.2093356303648921
960, 1763439536.0420501, -0.02763056755065918, 0.009725332260131836, 0.6493349075317383, 0.025034666061401367, -0.6011228561401367, -0.018528461456298828, 0.9670089721679688, -1.8508405325613713, -5.143455195384771, -4.008630129056325, -0.2093208412483465
961, 1763439536.0653949, -0.027637720108032227, 0.009725332260131836, 0.6492948532104492, 0.02501654624938965, -0.6010770797729492, -0.01853775978088379, 0.9669937133789063, -1.8508284512779312, -5.143410743091146, -4.008618363788757, -0.20932388704457772
962, 1763439536.085956, -0.027652502059936523, 0.009718179702758789, 0.6492791175842285, 0.02501654624938965, -0.6010587215423584, -0.01853775978088379, 0.9670013427734375, -1.8508538024122847, -5.143463424723913, -4.008635105420014, -0.20934944609974337
963, 1763439536.1112242, -0.027645111083984375, 0.009732723236083984, 0.6492230892181396, 0.025007247924804688, -0.6010770797729492, -0.01851940155029297, 0.9670166015625, -1.8508441430597542, -5.143450075682228, -4.008625441585879, -0.2093475070634705
964, 1763439536.129208, -0.027660131454467773, 0.009725332260131836, 0.6492149829864502, 0.025007247924804688, -0.6010587215423584, -0.01854681968688965, 0.9669937133789063, -1.8508303027307282, -5.143418858751957, -4.00861234848307, -0.20937062320602262
965, 1763439536.1504908, -0.027660131454467773, 0.009725332260131836, 0.64919114112854, 0.02501654624938965, -0.6010587215423584, -0.01853775978088379, 0.9670089721679688, -1.8508621185737069, -5.143470852473826, -4.008633949507138, -0.2093961899913701
966, 1763439536.1726239, -0.027660131454467773, 0.009725332260131836, 0.6491591930389404, 0.025025606155395508, -0.6010770797729492, -0.018528461456298828, 0.9669937133789063, -1.850853550845561, -5.143463387473315, -4.008630508856652, -0.20940503807185973
967, 1763439536.2003882, -0.027660131454467773, 0.009725332260131836, 0.6491272449493408, 0.024998188018798828, -0.6010587215423584, -0.018555879592895508, 0.9670319366455078, -1.8508554972609417, -5.143434923810201, -4.008621062413835, -0.20940483059455417
968, 1763439536.2171142, -0.027660131454467773, 0.009725332260131836, 0.6490871906280518, 0.025034666061401367, -0.6010313034057617, -0.01854681968688965, 0.9670242309570313, -1.8508811662656597, -5.143474211164307, -4.008639574526216, -0.20940295083979077
969, 1763439536.2385678, -0.027652502059936523, 0.009725332260131836, 0.6490392684936523, 0.025007247924804688, -0.6010587215423584, -0.018528461456298828, 0.9670242309570313, -1.8508690236480017, -5.143457744150364, -4.008628448995807, -0.2093827666601049
970, 1763439536.2647738, -0.027660131454467773, 0.009725332260131836, 0.6490154266357422, 0.02501654624938965, -0.601003885269165, -0.01854681968688965, 0.9670089721679688, -1.8508707005289826, -5.143425178132531, -4.00862334740129, -0.20939524624604022
971, 1763439536.298985, -0.027667522430419922, 0.009732723236083984, 0.6489434242248535, 0.02501654624938965, -0.601003885269165, -0.01856517791748047, 0.9670089721679688, -1.8508942888366129, -5.143461268481586, -4.008641193441386, -0.20939692088504813
972, 1763439536.306496, -0.027652502059936523, 0.009725332260131836, 0.6489353179931641, 0.024998188018798828, -0.6010222434997559, -0.01853775978088379, 0.9670013427734375, -1.8508799541703136, -5.143445131033053, -4.008635348865172, -0.20939521660640903
973, 1763439536.329864, -0.027667522430419922, 0.00971078872680664, 0.6489195823669434, 0.025025606155395508, -0.6009948253631592, -0.018555879592895508, 0.9670166015625, -1.8508777396317686, -5.143417854369523, -4.008636421082924, -0.2093811684812552
974, 1763439536.3482492, -0.027660131454467773, 0.009732723236083984, 0.6489033699035645, 0.025025606155395508, -0.6010222434997559, -0.01854681968688965, 0.9670166015625, -1.8509015298260327, -5.143446296602265, -4.0086468618011795, -0.20939037997251297
975, 1763439536.3781838, -0.027667522430419922, 0.009725332260131836, 0.6488795280456543, 0.025025606155395508, -0.6010222434997559, -0.01851940155029297, 0.9669937133789063, -1.8508893779200393, -5.143419688827087, -4.008635371495955, -0.20940629539460343
976, 1763439536.396826, -0.027667522430419922, 0.009732723236083984, 0.6488635540008545, 0.025007247924804688, -0.6009674072265625, -0.01854681968688965, 0.9670089721679688, -1.850899593673328, -5.143419526103485, -4.008637801312313, -0.20940593971924493
977, 1763439536.41614, -0.027667522430419922, 0.009732723236083984, 0.6488394737243652, 0.02501654624938965, -0.6009583473205566, -0.01854681968688965, 0.9670013427734375, -1.8509175863298162, -5.143452827644029, -4.008646297375862, -0.20940886695861316
978, 1763439536.435224, -0.027660131454467773, 0.009725332260131836, 0.6488234996795654, 0.02501654624938965, -0.6009583473205566, -0.01854681968688965, 0.9670242309570313, -1.8509093300509831, -5.143436931798062, -4.008642120285493, -0.20941108992910085
979, 1763439536.4633942, -0.02767467498779297, 0.009718179702758789, 0.6487915515899658, 0.02501654624938965, -0.6009583473205566, -0.01853775978088379, 0.9670013427734375, -1.850905945051295, -5.1434136458874224, -4.008640565783422, -0.20942376217351732
980, 1763439536.481664, -0.027667522430419922, 0.009732723236083984, 0.6487915515899658, 0.024998188018798828, -0.6009583473205566, -0.018555879592895508, 0.9670242309570313, -1.8509154206201837, -5.143437788825818, -4.008646558365151, -0.20942877664402637
981, 1763439536.501497, -0.027660131454467773, 0.009740114212036133, 0.648775577545166, 0.024998188018798828, -0.6009492874145508, -0.01853775978088379, 0.9670166015625, -1.8509110706985692, -5.143435412962852, -4.0086405291416245, -0.20942887802309773
982, 1763439536.52829, -0.027660131454467773, 0.009740114212036133, 0.6487596035003662, 0.025025606155395508, -0.6009674072265625, -0.018528461456298828, 0.9670166015625, -1.8509180428255347, -5.143423738433433, -4.008645199024408, -0.20943017744569836
983, 1763439536.548023, -0.027667522430419922, 0.009740114212036133, 0.6487517356872559, 0.02501654624938965, -0.60093092918396, -0.01854681968688965, 0.9670089721679688, -1.850923694849568, -5.143438669865684, -4.00864791072853, -0.2094206695562706
984, 1763439536.5698109, -0.02767467498779297, 0.009740114212036133, 0.6487517356872559, 0.02501654624938965, -0.6009399890899658, -0.018528461456298828, 0.9670242309570313, -1.8509080822947879, -5.143423425596673, -4.008640691013797, -0.20943029600400642
985, 1763439536.597437, -0.027660131454467773, 0.009732723236083984, 0.6487276554107666, 0.02501654624938965, -0.6009399890899658, -0.01854681968688965, 0.9670166015625, -1.8509192284263984, -5.143410529381583, -4.0086507079805145, -0.20941953079195663
986, 1763439536.620645, -0.02767467498779297, 0.009732723236083984, 0.648695707321167, 0.02501654624938965, -0.6009218692779541, -0.01854681968688965, 0.9670013427734375, -1.8509286315789224, -5.143427443514165, -4.008647824010554, -0.209410657794308
987, 1763439536.633504, -0.027682065963745117, 0.009740114212036133, 0.648695707321167, 0.02501654624938965, -0.6009492874145508, -0.01853775978088379, 0.9670166015625, -1.8509160079554197, -5.143414744962977, -4.008642396645174, -0.20940861266126287
988, 1763439536.660952, -0.027682065963745117, 0.009740114212036133, 0.6486797332763672, 0.025007247924804688, -0.6009583473205566, -0.01853775978088379, 0.9670013427734375, -1.8509269043853074, -5.143403256417238, -4.008655841156704, -0.2093898464589934
989, 1763439536.679871, -0.02767467498779297, 0.009732723236083984, 0.6486797332763672, 0.024998188018798828, -0.60093092918396, -0.01853775978088379, 0.9670166015625, -1.8509228570524114, -5.143427150328856, -4.0086549427164835, -0.20936968483041163
990, 1763439536.700972, -0.027689456939697266, 0.009718179702758789, 0.648655891418457, 0.024998188018798828, -0.6009218692779541, -0.018555879592895508, 0.9670089721679688, -1.8509080096143542, -5.1434181466840805, -4.008646505868139, -0.2093600880231712
991, 1763439536.72614, -0.027682065963745117, 0.009732723236083984, 0.6486318111419678, 0.02501654624938965, -0.6009399890899658, -0.01854681968688965, 0.9670089721679688, -1.850916004006225, -5.143401506749483, -4.008654941020974, -0.2093577215751905
992, 1763439536.7470238, -0.027682065963745117, 0.009732723236083984, 0.6486239433288574, 0.02501654624938965, -0.6009218692779541, -0.01854681968688965, 0.9670166015625, -1.8509242980672889, -5.143412388654041, -4.008658995291221, -0.20935289976006466
993, 1763439536.77115, -0.027682065963745117, 0.009740114212036133, 0.6485998630523682, 0.025025606155395508, -0.6009128093719482, -0.01851940155029297, 0.9670013427734375, -1.8509186938957625, -5.143396734107357, -4.008650537149134, -0.209358344008721
994, 1763439536.798343, -0.027704238891601562, 0.009747505187988281, 0.6485919952392578, 0.025025606155395508, -0.6009492874145508, -0.018528461456298828, 0.9670166015625, -1.8509369611042263, -5.143395242735614, -4.008660607149164, -0.20934680580162457
995, 1763439536.8146229, -0.027689456939697266, 0.009732723236083984, 0.6485838890075684, 0.02501654624938965, -0.6009035110473633, -0.01853775978088379, 0.9670089721679688, -1.8509354892548617, -5.14340923914084, -4.008660466543824, -0.20935010117210684
996, 1763439536.8337831, -0.027689456939697266, 0.009740114212036133, 0.6485838890075684, 0.02501654624938965, -0.6009128093719482, -0.01854681968688965, 0.9670013427734375, -1.8509248752782097, -5.1434129590406625, -4.008651510624559, -0.2093550984620105
997, 1763439536.859636, -0.027689456939697266, 0.009740114212036133, 0.6485600471496582, 0.02501654624938965, -0.6009218692779541, -0.01854681968688965, 0.9670242309570313, -1.8509358172729768, -5.143413933473649, -4.008656735761549, -0.20935984617847225
998, 1763439536.884248, -0.027689456939697266, 0.009725332260131836, 0.6485600471496582, 0.02501654624938965, -0.6009128093719482, -0.018555879592895508, 0.9670166015625, -1.8509344636084357, -5.143432253675485, -4.008653270873598, -0.20937395358604416
999, 1763439536.902028, -0.027689456939697266, 0.009725332260131836, 0.6485600471496582, 0.025025606155395508, -0.6008944511413574, -0.018555879592895508, 0.9670013427734375, -1.8509294241391037, -5.143424641742851, -4.008650816468573, -0.20938760394200173
1000, 1763439536.926997, -0.027689456939697266, 0.009732723236083984, 0.6485438346862793, 0.024998188018798828, -0.6009218692779541, -0.01851940155029297, 0.9670089721679688, -1.8509301517282497, -5.1434277411978515, -4.008651450479647, -0.20939367835748257
1001, 1763439536.946499, -0.027689456939697266, 0.009725332260131836, 0.6485438346862793, 0.02501654624938965, -0.6008853912353516, -0.018528461456298828, 0.9670013427734375, -1.850948360780016, -5.1434404298100365, -4.008655062532145, -0.2093956517551021
1002, 1763439536.966124, -0.027689456939697266, 0.009732723236083984, 0.6485280990600586, 0.02501654624938965, -0.6008763313293457, -0.01853775978088379, 0.9670013427734375, -1.8509354099946485, -5.143430893720736, -4.00865195647536, -0.2094042852768485
1003, 1763439536.989738, -0.027696847915649414, 0.009740114212036133, 0.6485199928283691, 0.02501654624938965, -0.6009128093719482, -0.018555879592895508, 0.9670013427734375, -1.8509440458066382, -5.143431222938804, -4.008656532716856, -0.2094104806131698
1004, 1763439537.011134, -0.027689456939697266, 0.009755134582519531, 0.6485199928283691, 0.02501654624938965, -0.6009128093719482, -0.018555879592895508, 0.9670242309570313, -1.8509476702181162, -5.14344008610136, -4.0086559974606635, -0.2093886662456672
1005, 1763439537.0347252, -0.027682065963745117, 0.009740114212036133, 0.6485199928283691, 0.02501654624938965, -0.6008944511413574, -0.018528461456298828, 0.9670166015625, -1.8509497056745463, -5.143435554554243, -4.008654128268221, -0.2093895257955234
1006, 1763439537.0599098, -0.027696847915649414, 0.009740114212036133, 0.6485040187835693, 0.02501654624938965, -0.6008853912353516, -0.01851940155029297, 0.9670089721679688, -1.8509615001543884, -5.143427685396033, -4.0086564105088245, -0.20938435066616012
1007, 1763439537.0833259, -0.027696847915649414, 0.009740114212036133, 0.648496150970459, 0.025007247924804688, -0.6008853912353516, -0.01853775978088379, 0.9670013427734375, -1.850968576315231, -5.143426166194785, -4.008654655106178, -0.20939161302885712
1008, 1763439537.102871, -0.027682065963745117, 0.009740114212036133, 0.6484880447387695, 0.025007247924804688, -0.6008763313293457, -0.018574237823486328, 0.9670394897460938, -1.8509707539267164, -5.143416666124348, -4.008658205716225, -0.2093710263467754
1009, 1763439537.129338, -0.027696847915649414, 0.009732723236083984, 0.6484799385070801, 0.025007247924804688, -0.6008853912353516, -0.018555879592895508, 0.9670242309570313, -1.850978614381797, -5.143414677491804, -4.008662232948153, -0.2093672863795666
1010, 1763439537.148109, -0.027696847915649414, 0.009740114212036133, 0.6484799385070801, 0.024998188018798828, -0.6008853912353516, -0.01854681968688965, 0.9670166015625, -1.8509680792539567, -5.143414181431819, -4.008655138362283, -0.20938398253259383
1011, 1763439537.171702, -0.027689456939697266, 0.009747505187988281, 0.6484799385070801, 0.025007247924804688, -0.6008670330047607, -0.01853775978088379, 0.9670013427734375, -1.850970037391086, -5.143399585951361, -4.00865888099911, -0.20936602905626867
1012, 1763439537.199554, -0.027704238891601562, 0.009755134582519531, 0.6484642028808594, 0.024998188018798828, -0.6008763313293457, -0.01851034164428711, 0.9670242309570313, -1.8509876496210529, -5.143409585501101, -4.008657861405953, -0.2093719178998903
1013, 1763439537.216286, -0.027704238891601562, 0.009740114212036133, 0.6484479904174805, 0.025007247924804688, -0.6008853912353516, -0.01853775978088379, 0.9670319366455078, -1.8509919183652033, -5.143410471911047, -4.008658497214877, -0.20936156764402014
1014, 1763439537.238372, -0.027689456939697266, 0.009732723236083984, 0.6484479904174805, 0.02501654624938965, -0.6008670330047607, -0.01851940155029297, 0.9670242309570313, -1.851008452541231, -5.143402935293396, -4.008661371980958, -0.20936056225818422
1015, 1763439537.264127, -0.027704238891601562, 0.009740114212036133, 0.6484401226043701, 0.02501654624938965, -0.6008763313293457, -0.01851940155029297, 0.9670166015625, -1.851014398017786, -5.143412720569147, -4.008661808519527, -0.20937683099641546
1016, 1763439537.2852511, -0.027689456939697266, 0.009747505187988281, 0.6484320163726807, 0.024998188018798828, -0.6008579730987549, -0.01853775978088379, 0.9670089721679688, -1.851017912142212, -5.143412401991501, -4.008659267515932, -0.20936287179012414
1017, 1763439537.308747, -0.027689456939697266, 0.009747505187988281, 0.6484320163726807, 0.025007247924804688, -0.6008853912353516, -0.01856517791748047, 0.9670013427734375, -1.8510342065243837, -5.143410838834554, -4.008663186335586, -0.2093482136877869
1018, 1763439537.331563, -0.027696847915649414, 0.009747505187988281, 0.6484160423278809, 0.025007247924804688, -0.600848913192749, -0.01853775978088379, 0.9670089721679688, -1.8510355315880698, -5.143421813218369, -4.0086617343721915, -0.20934181324189804
1019, 1763439537.351849, -0.027704238891601562, 0.009747505187988281, 0.6484160423278809, 0.025007247924804688, -0.6008763313293457, -0.018528461456298828, 0.9670013427734375, -1.8510399994876567, -5.14340975782255, -4.008663104787957, -0.20933053170318416
1020, 1763439537.3731241, -0.027696847915649414, 0.009747505187988281, 0.6484160423278809, 0.025007247924804688, -0.6008579730987549, -0.01854681968688965, 0.9670166015625, -1.8510495632793345, -5.143407344343639, -4.008664764609567, -0.20933372569796127
1021, 1763439537.3987598, -0.027696847915649414, 0.009755134582519531, 0.6484081745147705, 0.025007247924804688, -0.600848913192749, -0.01854681968688965, 0.9670013427734375, -1.851064412567681, -5.143402885439296, -4.008670639462239, -0.20932728079456364
1022, 1763439537.418265, -0.027689456939697266, 0.009732723236083984, 0.648400068283081, 0.025007247924804688, -0.6008670330047607, -0.01854681968688965, 0.9670089721679688, -1.8510583246119454, -5.143400857133432, -4.008665841085476, -0.20932266409263178
1023, 1763439537.438805, -0.02771139144897461, 0.009755134582519531, 0.648400068283081, 0.025007247924804688, -0.6008763313293457, -0.018528461456298828, 0.9670166015625, -1.8510758361424102, -5.143396875261661, -4.008672990435854, -0.20932884696935528
1024, 1763439537.465787, -0.02771139144897461, 0.009740114212036133, 0.648400068283081, 0.02501654624938965, -0.6008398532867432, -0.01851940155029297, 0.9670089721679688, -1.8510795802377178, -5.143396151464465, -4.0086702820173015, -0.20932044820962226
1025, 1763439537.4896388, -0.02771139144897461, 0.009762287139892578, 0.6483922004699707, 0.02498912811279297, -0.600848913192749, -0.01853775978088379, 0.9670089721679688, -1.8510792159335265, -5.143393565649525, -4.008669926997073, -0.2093354596217134
1026, 1763439537.5079691, -0.027704238891601562, 0.009755134582519531, 0.6483840942382812, 0.025007247924804688, -0.6008305549621582, -0.01851940155029297, 0.9670089721679688, -1.8510905699550597, -5.1434000869481125, -4.008677862994216, -0.20933785570887142
1027, 1763439537.531195, -0.027704238891601562, 0.009755134582519531, 0.6483840942382812, 0.02498912811279297, -0.6008305549621582, -0.01854681968688965, 0.9670089721679688, -1.8510874855684036, -5.143397178987911, -4.008671594279, -0.20934158321824814
1028, 1763439537.5483892, -0.02771139144897461, 0.009740114212036133, 0.6483840942382812, 0.02501654624938965, -0.6008670330047607, -0.01853775978088379, 0.9670242309570313, -1.8510838750386194, -5.143392570907392, -4.0086713865174595, -0.20934125718143903
1029, 1763439537.572842, -0.027704238891601562, 0.009755134582519531, 0.6483762264251709, 0.024998188018798828, -0.600848913192749, -0.018555879592895508, 0.9670166015625, -1.8510977519735041, -5.143400472628989, -4.008677071038246, -0.2093369665173599
1030, 1763439537.598645, -0.02771139144897461, 0.009747505187988281, 0.6483762264251709, 0.025007247924804688, -0.6008305549621582, -0.01853775978088379, 0.9670089721679688, -1.8510947890578535, -5.143403242444521, -4.008674289194253, -0.20933419993354896
1031, 1763439537.6153579, -0.027704238891601562, 0.009747505187988281, 0.6483681201934814, 0.025007247924804688, -0.6008124351501465, -0.018555879592895508, 0.9670242309570313, -1.8510904652857594, -5.143396752734915, -4.008670317640972, -0.20935032047087887
1032, 1763439537.633846, -0.027704238891601562, 0.009740114212036133, 0.6483681201934814, 0.025025606155395508, -0.6008031368255615, -0.01851034164428711, 0.9670242309570313, -1.8510932590282767, -5.143407375569903, -4.008673142228417, -0.20935840801545869
1033, 1763439537.659332, -0.02771902084350586, 0.009747505187988281, 0.6483681201934814, 0.025007247924804688, -0.6008305549621582, -0.01851940155029297, 0.9670166015625, -1.8510911183167509, -5.143411754356954, -4.008671314012413, -0.20934856936425827
1034, 1763439537.6776772, -0.02771139144897461, 0.009747505187988281, 0.6483521461486816, 0.024998188018798828, -0.6008305549621582, -0.018528461456298828, 0.9670013427734375, -1.8510886249977663, -5.143410887285189, -4.008669176610467, -0.20934978459210107
1035, 1763439537.700723, -0.02771139144897461, 0.009755134582519531, 0.6483602523803711, 0.025007247924804688, -0.6008124351501465, -0.01854681968688965, 0.9670166015625, -1.8510907228828684, -5.143408937289519, -4.008675003474818, -0.2093470601035241
1036, 1763439537.7266262, -0.02771902084350586, 0.009747505187988281, 0.6483521461486816, 0.02501654624938965, -0.6008214950561523, -0.01854681968688965, 0.9670166015625, -1.8510833901120465, -5.14341550286912, -4.008667198750108, -0.2093437896443051
1037, 1763439537.746654, -0.027726411819458008, 0.009747505187988281, 0.6483442783355713, 0.025025606155395508, -0.6008124351501465, -0.01853775978088379, 0.9670166015625, -1.8510885469242573, -5.143421935812716, -4.008667777867914, -0.20934824332749358
1038, 1763439537.7668722, -0.02771139144897461, 0.009740114212036133, 0.6483361721038818, 0.024998188018798828, -0.6008214950561523, -0.018528461456298828, 0.9670242309570313, -1.8510985042186112, -5.143423115117621, -4.008676379994094, -0.2093606808169337
1039, 1763439537.792953, -0.027726411819458008, 0.009747505187988281, 0.6483283042907715, 0.025007247924804688, -0.6008214950561523, -0.018555879592895508, 0.9670242309570313, -1.85108829516013, -5.143421122053739, -4.008668821886774, -0.20935519210885634
1040, 1763439537.813319, -0.02771139144897461, 0.009755134582519531, 0.6483283042907715, 0.02498912811279297, -0.6008305549621582, -0.018528461456298828, 0.9670089721679688, -1.8510976512865507, -5.1434205996138, -4.008673101290804, -0.2093636376951018
1041, 1763439537.832452, -0.02771139144897461, 0.009747505187988281, 0.648320198059082, 0.024998188018798828, -0.6008305549621582, -0.01854681968688965, 0.9670013427734375, -1.8510954098270724, -5.143415343598679, -4.008673212336716, -0.20936767169540982
1042, 1763439537.858891, -0.027726411819458008, 0.009755134582519531, 0.6483120918273926, 0.02501654624938965, -0.6008124351501465, -0.018555879592895508, 0.9670089721679688, -1.8510973467250529, -5.143403887781358, -4.008672342167269, -0.20937867638771568
1043, 1763439537.878287, -0.02771139144897461, 0.009740114212036133, 0.6483042240142822, 0.02501654624938965, -0.6008031368255615, -0.01854681968688965, 0.9670242309570313, -1.8510933308665551, -5.143403173167778, -4.008668602458774, -0.2093529590394665
1044, 1763439537.9037728, -0.02771139144897461, 0.009762287139892578, 0.6483042240142822, 0.024998188018798828, -0.6008124351501465, -0.01854681968688965, 0.9670089721679688, -1.8511004659578314, -5.14340559029554, -4.008673931384621, -0.20935128676034154
1045, 1763439537.926281, -0.02771139144897461, 0.009755134582519531, 0.6482963562011719, 0.025007247924804688, -0.6008398532867432, -0.01853775978088379, 0.9670089721679688, -1.8510915436610924, -5.143396979872921, -4.008669894553526, -0.20934997015760626
1046, 1763439537.9438531, -0.02771139144897461, 0.009740114212036133, 0.6482963562011719, 0.025007247924804688, -0.6008214950561523, -0.018528461456298828, 0.9670013427734375, -1.851087226212, -5.143395115688844, -4.00866713371061, -0.20935245516454337
1047, 1763439537.966922, -0.027704238891601562, 0.009755134582519531, 0.6482882499694824, 0.02501654624938965, -0.6008124351501465, -0.01853775978088379, 0.9670166015625, -1.8510956450015332, -5.143391614075755, -4.008673589444238, -0.20933048014752487
1048, 1763439537.9981482, -0.02771902084350586, 0.009740114212036133, 0.6482882499694824, 0.024998188018798828, -0.6008031368255615, -0.01854681968688965, 0.9670089721679688, -1.8510963550133472, -5.143387402865709, -4.008671826189338, -0.2093220813859329
1049, 1763439538.010784, -0.02771902084350586, 0.009740114212036133, 0.6482882499694824, 0.025007247924804688, -0.6008398532867432, -0.018555879592895508, 0.9670089721679688, -1.8511002704069424, -5.143382923887388, -4.008670189455145, -0.20931815885083704
1050, 1763439538.0309188, -0.02771139144897461, 0.009747505187988281, 0.648280143737793, 0.025025606155395508, -0.6008031368255615, -0.01854681968688965, 0.9670013427734375, -1.8511073129781974, -5.14338406110051, -4.008674241221537, -0.20933343939021487
1051, 1763439538.0558028, -0.02771902084350586, 0.009740114212036133, 0.6482882499694824, 0.025007247924804688, -0.6008124351501465, -0.01853775978088379, 0.9670166015625, -1.8511010232183782, -5.143384863963516, -4.008671356270121, -0.20933345184490282
1052, 1763439538.0734231, -0.02771139144897461, 0.009740114212036133, 0.6482722759246826, 0.02498912811279297, -0.6007847785949707, -0.01854681968688965, 0.9670089721679688, -1.85110235508053, -5.143385810320865, -4.008670219496482, -0.20935289976006466
1053, 1763439538.1091049, -0.02771902084350586, 0.009740114212036133, 0.6482882499694824, 0.025007247924804688, -0.6008305549621582, -0.01856517791748047, 0.9670166015625, -1.8511072517996805, -5.143387440745317, -4.0086730652306235, -0.2093553527633274
1054, 1763439538.119435, -0.02771902084350586, 0.009762287139892578, 0.6482882499694824, 0.024998188018798828, -0.600848913192749, -0.018528461456298828, 0.9670166015625, -1.8511068795554675, -5.143387237423934, -4.00867267812676, -0.2093604982517041
1055, 1763439538.140322, -0.02771902084350586, 0.009725332260131836, 0.6482963562011719, 0.025007247924804688, -0.6008214950561523, -0.01854681968688965, 0.9670089721679688, -1.8511029904905447, -5.143388729297837, -4.008674820122306, -0.20935533557961605
1056, 1763439538.164002, -0.02771902084350586, 0.009725332260131836, 0.6482882499694824, 0.024998188018798828, -0.6008031368255615, -0.018528461456298828, 0.9670166015625, -1.8510954650240659, -5.1433880861563, -4.008671557133199, -0.20935286539234177
1057, 1763439538.185357, -0.02771902084350586, 0.009725332260131836, 0.648280143737793, 0.025025606155395508, -0.6008214950561523, -0.018528461456298828, 0.9670242309570313, -1.8510963399630138, -5.143377256219765, -4.008671503747262, -0.20935061750283168
1058, 1763439538.208813, -0.027704238891601562, 0.009725332260131836, 0.648280143737793, 0.025007247924804688, -0.6008305549621582, -0.01851940155029297, 0.9670089721679688, -1.8511033201750173, -5.143375838243349, -4.0086736629738855, -0.2093477074484431
1059, 1763439538.227989, -0.027733802795410156, 0.009718179702758789, 0.6482882499694824, 0.025007247924804688, -0.6008124351501465, -0.01854681968688965, 0.9670013427734375, -1.8511033102761403, -5.1433765800472475, -4.008669162263226, -0.20933822447093942
1060, 1763439538.247395, -0.027726411819458008, 0.009725332260131836, 0.648280143737793, 0.02501654624938965, -0.6008398532867432, -0.01851940155029297, 0.9670013427734375, -1.8511108452945324, -5.1433783600144185, -4.008672935955633, -0.2093426929747899
1061, 1763439538.269661, -0.02771139144897461, 0.009718179702758789, 0.648280143737793, 0.025007247924804688, -0.6008398532867432, -0.01854681968688965, 0.9670242309570313, -1.8511086091601219, -5.143370139516711, -4.00867588592277, -0.2093449853237166
1062, 1763439538.290277, -0.02771902084350586, 0.009703397750854492, 0.648280143737793, 0.024998188018798828, -0.6008670330047607, -0.018555879592895508, 0.9670166015625, -1.8511143616746273, -5.14336869870568, -4.008674553885099, -0.20934637366140674
1063, 1763439538.308827, -0.027726411819458008, 0.009718179702758789, 0.6482882499694824, 0.024998188018798828, -0.6009035110473633, -0.01851940155029297, 0.9669937133789063, -1.8511150276067085, -5.143371260132337, -4.008671867259551, -0.20934142319621252
1064, 1763439538.332761, -0.02771139144897461, 0.009673833847045898, 0.6482882499694824, 0.02501654624938965, -0.6009218692779541, -0.018528461456298828, 0.9670166015625, -1.8511184654297557, -5.143368926598741, -4.008678270151995, -0.2093392150369091
1065, 1763439538.352395, -0.027704238891601562, 0.00966644287109375, 0.6482963562011719, 0.025025606155395508, -0.60093092918396, -0.018528461456298828, 0.9670089721679688, -1.8511245956944609, -5.143368934784277, -4.008673808791781, -0.20934903887105172
1066, 1763439538.374953, -0.02771139144897461, 0.00966644287109375, 0.6482963562011719, 0.02498912811279297, -0.6009583473205566, -0.01854681968688965, 0.9670166015625, -1.8511341735127846, -5.143376934163377, -4.008673503954404, -0.2093481052202204
1067, 1763439538.4012768, -0.02771139144897461, 0.009659051895141602, 0.6483042240142822, 0.025025606155395508, -0.6010770797729492, -0.01853775978088379, 0.9670166015625, -1.8511420783474328, -5.143368726111412, -4.008682750833494, -0.2093306408007205
1068, 1763439538.420723, -0.02771902084350586, 0.009356498718261719, 0.6485438346862793, 0.025007247924804688, -0.6012232303619385, -0.018555879592895508, 0.9670166015625, -1.8511930235314225, -5.1433662624637595, -4.008782707045862, -0.20934630728876336
1069, 1763439538.4439402, -0.027696847915649414, 0.008936405181884766, 0.6486477851867676, 0.024998188018798828, -0.6015152931213379, -0.01853775978088379, 0.9670242309570313, -1.851195098325624, -5.143380745239994, -4.008887005019707, -0.20934871173858483
1070, 1763439538.4664278, -0.027704238891601562, 0.008833169937133789, 0.6493110656738281, 0.02498912811279297, -0.6033139228820801, -0.01854681968688965, 0.9670166015625, -1.8512035960993143, -5.1433667483507675, -4.008895373000845, -0.20935066323237805
1071, 1763439538.48859, -0.027726411819458008, 0.00878143310546875, 0.6502776145935059, 0.02501654624938965, -0.6048755645751953, -0.01854681968688965, 0.9670242309570313, -1.8512351271825782, -5.1433544694380045, -4.0088715311156005, -0.20930781457049275
1072, 1763439538.507452, -0.027696847915649414, 0.008486509323120117, 0.6512124538421631, 0.02498912811279297, -0.606309175491333, -0.018528461456298828, 0.9670166015625, -1.851259366205307, -5.143349499134258, -4.008890034041098, -0.20930571961269795
1073, 1763439538.530622, -0.027704238891601562, 0.007638454437255859, 0.6527783870697021, 0.02498912811279297, -0.6073133945465088, -0.01854681968688965, 0.9670013427734375, -1.8512384753669635, -5.14335946463649, -4.008888436846788, -0.20932837162211548
1074, 1763439538.549309, -0.027696847915649414, 0.007269620895385742, 0.6535215377807617, 0.02498912811279297, -0.6084821224212646, -0.01854681968688965, 0.9670089721679688, -1.8512311642266503, -5.1433558353885855, -4.008867316968296, -0.20933589838177458
1075, 1763439538.5717561, -0.027704238891601562, 0.007306575775146484, 0.6539368629455566, 0.025007247924804688, -0.6106827259063721, -0.01853775978088379, 0.9670242309570313, -1.8512339223856138, -5.143357226529355, -4.008868935098277, -0.20934743659620825
1076, 1763439538.5960782, -0.027696847915649414, 0.007313966751098633, 0.6542084217071533, 0.024998188018798828, -0.6108653545379639, -0.01853775978088379, 0.9670166015625, -1.8512242193683033, -5.143370397191011, -4.00884969706269, -0.2093703452762652
1077, 1763439538.618701, -0.02767467498779297, 0.007395029067993164, 0.6543841361999512, 0.024998188018798828, -0.610856294631958, -0.018528461456298828, 0.9670089721679688, -1.8512147390852836, -5.14337098909039, -4.008831940722152, -0.20940931286491438
1078, 1763439538.639617, -0.02767467498779297, 0.007512807846069336, 0.6547279357910156, 0.024998188018798828, -0.6110663414001465, -0.018528461456298828, 0.9670242309570313, -1.8512333926814877, -5.143371590087102, -4.008847565283863, -0.20941882548080581
1079, 1763439538.6648068, -0.027689456939697266, 0.0076751708984375, 0.655311107635498, 0.025007247924804688, -0.6126093864440918, -0.01853775978088379, 0.9670242309570313, -1.8512414463903277, -5.1433732210459056, -4.008826536656588, -0.20941008821641116
1080, 1763439538.6897972, -0.027667522430419922, 0.007977724075317383, 0.6559102535247803, 0.024979829788208008, -0.6150107383728027, -0.01854681968688965, 0.9670166015625, -1.8512682700761585, -5.143381619264094, -4.008834056817284, -0.20943591167445152
1081, 1763439538.7080371, -0.027660131454467773, 0.00816202163696289, 0.6561338901519775, 0.025007247924804688, -0.614901065826416, -0.018528461456298828, 0.9670013427734375, -1.8512732261352756, -5.143392681526211, -4.008840309706032, -0.20946086312152357
1082, 1763439538.7326238, -0.027660131454467773, 0.008567571640014648, 0.6565334796905518, 0.024998188018798828, -0.6148920059204102, -0.01854681968688965, 0.9670013427734375, -1.8512742536073241, -5.14338114553316, -4.008815544409778, -0.20950419310985602
1083, 1763439538.7530408, -0.027645111083984375, 0.009341955184936523, 0.6568131446838379, 0.02498912811279297, -0.6151750087738037, -0.018528461456298828, 0.9670013427734375, -1.851278028260933, -5.143384628934455, -4.008807902903815, -0.20950487952755292
1084, 1763439538.775201, -0.027600765228271484, 0.01010894775390625, 0.6572844982147217, 0.024998188018798828, -0.6176953315734863, -0.018528461456298828, 0.9670242309570313, -1.851272927998164, -5.143402069551557, -4.008799378772088, -0.20953438367287713
1085, 1763439538.801672, -0.02754950523376465, 0.011355161666870117, 0.6574122905731201, 0.024998188018798828, -0.6215758323669434, -0.01854681968688965, 0.9670166015625, -1.851247415899227, -5.143424893198576, -4.008772314194587, -0.2095551114979619
1086, 1763439538.820197, -0.0275270938873291, 0.01236581802368164, 0.6575002670288086, 0.024998188018798828, -0.6232924461364746, -0.018555879592895508, 0.9670242309570313, -1.8512264383475077, -5.143428048787111, -4.008767213060547, -0.2095854704899054
1087, 1763439538.8417768, -0.027468204498291016, 0.013980865478515625, 0.6574840545654297, 0.025007247924804688, -0.6247899532318115, -0.018555879592895508, 0.9670166015625, -1.8512168897670032, -5.143426002978986, -4.008757073014589, -0.20957534016203372
1088, 1763439538.8655841, -0.027372360229492188, 0.015308380126953125, 0.6578037738800049, 0.02498912811279297, -0.6270177364349365, -0.018555879592895508, 0.966986083984375, -1.85120226260089, -5.143439186945534, -4.008722093844813, -0.20956359919044676
1089, 1763439538.88896, -0.027217626571655273, 0.01443791389465332, 0.6630687713623047, 0.02498912811279297, -0.6351077556610107, -0.01856517791748047, 0.9670319366455078, -1.8511566933834431, -5.143439410865431, -4.008731361108802, -0.20958798585510152
1090, 1763439538.9063208, -0.027062654495239258, 0.010838985443115234, 0.6728720664978027, 0.024979829788208008, -0.6431336402893066, -0.018555879592895508, 0.967047119140625, -1.851116294571375, -5.143452226456021, -4.00873960368502, -0.2095701711557325
1091, 1763439538.9386828, -0.02692246437072754, 0.0033829212188720703, 0.692190408706665, 0.024998188018798828, -0.6533968448638916, -0.01856517791748047, 0.9670242309570313, -1.8510870993056785, -5.143464979561055, -4.008679834320812, -0.2095062349057697
1092, 1763439538.949609, -0.026907682418823242, 0.0006544589996337891, 0.6983344554901123, 0.024998188018798828, -0.6563825607299805, -0.01856517791748047, 0.9670319366455078, -1.8510768076206414, -5.1434644445984805, -4.0086643856600235, -0.2094841264801781
1093, 1763439538.9689941, -0.02692246437072754, -0.006160259246826172, 0.7135543823242188, 0.02498912811279297, -0.6641347408294678, -0.018583297729492188, 0.9669708251953125, -1.851025036258621, -5.14346155103814, -4.00865752910837, -0.20940337785415064
1094, 1763439538.9970272, -0.026929855346679688, -0.014892101287841797, 0.7322735786437988, 0.024979829788208008, -0.6755847930908203, -0.018574237823486328, 0.967047119140625, -1.8509904654307654, -5.143458551511794, -4.008661162960066, -0.2093621552647411
1095, 1763439539.016052, -0.0268707275390625, -0.024125337600708008, 0.7510011196136475, 0.024998188018798828, -0.6850807666778564, -0.018574237823486328, 0.9669937133789063, -1.8509893743430097, -5.143453098669617, -4.008663499053963, -0.20937830310176686
1096, 1763439539.038697, -0.026841402053833008, -0.0321345329284668, 0.7674994468688965, 0.02498912811279297, -0.6935815811157227, -0.018583297729492188, 0.9670013427734375, -1.8509616182313562, -5.143459070433816, -4.008664709707113, -0.20939452503961498
1097, 1763439539.0659862, -0.0268857479095459, -0.04698038101196289, 0.7973401546478271, 0.024998188018798828, -0.7094783782958984, -0.018574237823486328, 0.9670394897460938, -1.8509229952271546, -5.1434587265103415, -4.008632426976029, -0.20941601811482702
1098, 1763439539.082381, -0.0268857479095459, -0.0542445182800293, 0.8117690086364746, 0.02501654624938965, -0.7163722515106201, -0.018574237823486328, 0.9670089721679688, -1.8509193184325603, -5.143452961111845, -4.008625902631831, -0.2094232484849181
1099, 1763439539.100964, -0.026856184005737305, -0.06487178802490234, 0.8327813148498535, 0.024979829788208008, -0.7267630100250244, -0.018583297729492188, 0.9670166015625, -1.8508821178087351, -5.143466368623939, -4.008631621558227, -0.20945384696547542
1100, 1763439539.141979, -0.0268707275390625, -0.07710671424865723, 0.8569896221160889, 0.02498912811279297, -0.7399845123291016, -0.018574237823486328, 0.967047119140625, -1.850817826833584, -5.143479856636534, -4.00861271253366, -0.20946298673209007
1101, 1763439539.148741, -0.02683401107788086, -0.08857464045286179, 0.8797755241394043, 0.02498912811279297, -0.7507040500640869, -0.018583297729492188, 0.9670394897460938, -1.8507877015528331, -5.143494717580691, -4.008608239192646, -0.20943375167357026
1102, 1763439539.171891, -0.02683401107788086, -0.09861922264099121, 0.9000449180603027, 0.02498912811279297, -0.7609944343566895, -0.01854681968688965, 0.966986083984375, -1.850732258692227, -5.143520922613687, -4.0086101278394715, -0.20942541453712504
1103, 1763439539.1956632, -0.026848793029785156, -0.11008715629577637, 0.9229745864868164, 0.02498912811279297, -0.7733578681945801, -0.01856517791748047, 0.9670319366455078, -1.8506483645656506, -5.143549074944424, -4.00858812562293, -0.20940402520462786
1104, 1763439539.215109, -0.026826858520507812, -0.118118517100811, 0.939305305480957, 0.02498912811279297, -0.7810094356536865, -0.018592357635498047, 0.9670394897460938, -1.8505931585422823, -5.143566826988133, -4.008588335289619, -0.20939868232914005
1105, 1763439539.2375832, -0.026826858520507812, -0.12884902954101562, 0.9613800048828125, 0.02498912811279297, -0.7920575141906738, -0.01856517791748047, 0.9670089721679688, -1.8505024689601084, -5.143607821703122, -4.0085901977278775, -0.20937207339472597
1106, 1763439539.263503, -0.026856184005737305, -0.14066386222839355, 0.9856281280517578, 0.024998188018798828, -0.8054616451263428, -0.018574237823486328, 0.9670319366455078, -1.8503711591633714, -5.14365030959517, -4.008567361222823, -0.20935732871637125
1107, 1763439539.28613, -0.026811838150024414, -0.14941024780273438, 1.0037643909454346, 0.024998188018798828, -0.813962459564209, -0.01856517791748047, 0.9670319366455078, -1.8502735063016291, -5.14366421317539, -4.008566590470816, -0.2093667305150504
1108, 1763439539.310981, -0.02683401107788086, -0.1594846099615097, 1.0247926712036133, 0.02497076988220215, -0.8246912956237793, -0.018574237823486328, 0.9670013427734375, -1.8501358245006778, -5.143696383425998, -4.008557375419232, -0.20938750988197885
1109, 1763439539.33376, -0.026826858520507812, -0.169389009475708, 1.045325756072998, 0.02498912811279297, -0.8361048698425293, -0.018555879592895508, 0.9670242309570313, -1.8499849179454022, -5.143714043816121, -4.008545512848909, -0.2093935671237146
1110, 1763439539.353871, -0.026826858520507812, -0.17770028114318848, 1.0624949932098389, 0.02498912811279297, -0.8443591594696045, -0.018583297729492188, 0.9670089721679688, -1.8498635844212041, -5.143735129207477, -4.008549361794086, -0.20940444081412224
1111, 1763439539.373761, -0.026819229125976562, -0.18595288693904877, 1.0798163414001465, 0.024979829788208008, -0.8529055118560791, -0.01856517791748047, 0.9670089721679688, -1.8497294283079069, -5.143769407334622, -4.008542762996141, -0.2094118342040856
1112, 1763439539.398924, -0.026826858520507812, -0.19419072568416595, 1.0971693992614746, 0.02497076988220215, -0.862922191619873, -0.01853775978088379, 0.9670242309570313, -1.8495719573262641, -5.143794394267191, -4.008529372133455, -0.2094263293082621
1113, 1763439539.4160798, -0.026797056198120117, -0.2019784301519394, 1.1133160591125488, 0.024998188018798828, -0.8710942268371582, -0.01853775978088379, 0.9670089721679688, -1.8494443041406723, -5.1438114941755195, -4.008529476430651, -0.20945006320192316
1114, 1763439539.4386759, -0.026775121688842773, -0.2097444385290146, 1.129502773284912, 0.024979829788208008, -0.8792843818664551, -0.018528461456298828, 0.9670166015625, -1.8493097130521123, -5.143846697114152, -4.008519770058514, -0.2094550830687938
1115, 1763439539.463372, -0.026782512664794922, -0.2184615135192871, 1.1481504440307617, 0.02497076988220215, -0.8889813423156738, -0.01851940155029297, 0.9670089721679688, -1.849145157289803, -5.143891642328759, -4.00851077611194, -0.20943621073328433
1116, 1763439539.4818392, -0.026782512664794922, -0.2249293327331543, 1.1616606712341309, 0.02498912811279297, -0.8970532417297363, -0.01854681968688965, 0.967047119140625, -1.8490247281475456, -5.143916359822744, -4.008506975312911, -0.20940607938783007
1117, 1763439539.5027058, -0.026760101318359375, -0.2322969287633896, 1.1767926216125488, 0.02497076988220215, -0.9041295051574707, -0.01853775978088379, 0.967047119140625, -1.8489109810812758, -5.143955977252325, -4.0085148266793365, -0.20940531413261176
1118, 1763439539.5318642, -0.026723384857177734, -0.24059367179870605, 1.1940898895263672, 0.02497076988220215, -0.913196325302124, -0.01853775978088379, 0.9670166015625, -1.8487590866491905, -5.1439793874126485, -4.008529959090355, -0.20940045794534967
1119, 1763439539.5449731, -0.026723384857177734, -0.24691390991210938, 1.2073523998260498, 0.02498912811279297, -0.921058177947998, -0.01853775978088379, 0.9670089721679688, -1.8486578443149644, -5.144007452589622, -4.0085770815291335, -0.2093879961582763
1120, 1763439539.5672362, -0.02673816680908203, -0.2555351257324219, 1.2247934341430664, 0.024979829788208008, -0.9302985668182373, -0.018555879592895508, 0.9670013427734375, -1.848531624620118, -5.144127219024022, -4.008652696943512, -0.20937522679829534
1121, 1763439539.596319, -0.026730775833129883, -0.2645106315612793, 1.2435847520828247, 0.02496170997619629, -0.9393563270568848, -0.01853775978088379, 0.9670013427734375, -1.8483370599547195, -5.144160697597731, -4.008670508634168, -0.20938872663936525
1122, 1763439539.619754, -0.02673816680908203, -0.2713174819946289, 1.2581974267959595, 0.024979829788208008, -0.9469988346099854, -0.01851034164428711, 0.9670319366455078, -1.8482054558710406, -5.144143044425364, -4.008693675724318, -0.20937139854140785
1123, 1763439539.6325178, -0.02673816680908203, -0.27732062339782715, 1.270924687385559, 0.02497076988220215, -0.954970121383667, -0.01851940155029297, 0.9670319366455078, -1.848134004274502, -5.1442536753938475, -4.008751261542843, -0.20937263460387356
1124, 1763439539.6564128, -0.026679039001464844, -0.2852783203125, 1.287438988685608, 0.02497076988220215, -0.9631147384643555, -0.01850104331970215, 0.9670242309570313, -1.847975045884485, -5.144345273446613, -4.008800359414531, -0.20944785872298244
1125, 1763439539.679755, -0.02670121192932129, -0.2911412715911865, 1.299543023109436, 0.02498912811279297, -0.9689128398895264, -0.01853775978088379, 0.9670319366455078, -1.8478260153343689, -5.144292471570166, -4.008827897076719, -0.20944137772893523
1126, 1763439539.701944, -0.026767492294311523, -0.300382137298584, 1.3181105852127075, 0.02498912811279297, -0.9787101745605469, -0.01851940155029297, 0.9670166015625, -1.8476943796156327, -5.144422694900609, -4.008989599703496, -0.20943289803945664
1127, 1763439539.7237172, -0.0266568660736084, -0.30782341957092285, 1.3327633142471313, 0.02495265007019043, -0.9872384071350098, -0.01850104331970215, 0.9670242309570313, -1.8475450543855134, -5.1445129143299, -4.009132539636003, -0.20950787655358916
1128, 1763439539.746064, -0.0266420841217041, -0.31540465354919434, 1.34705650806427, 0.02496170997619629, -0.9937670230865479, -0.018482685089111328, 0.9670242309570313, -1.847293476654125, -5.144424996311025, -4.0092998642648086, -0.2095318956921508
1129, 1763439539.764029, -0.026767492294311523, -0.3220937252044678, 1.3593043088912964, 0.02495265007019043, -0.9995923042297363, -0.01851034164428711, 0.9670319366455078, -1.8471783074825086, -5.144472758473697, -4.009554786421091, -0.20944979635789718
1130, 1763439539.787544, -0.026716232299804688, -0.3311500549316406, 1.375299334526062, 0.02495265007019043, -1.0068423748016357, -0.01847362518310547, 0.9670242309570313, -1.8470089066570243, -5.144723768916616, -4.0099096740277025, -0.2094645418885852
1131, 1763439539.8115368, -0.02647256851196289, -0.340073823928833, 1.3914940357208252, 0.02494335174560547, -1.0156536102294922, -0.01849198341369629, 0.9670089721679688, -1.8466996933602746, -5.1446251992700125, -4.010229495238791, -0.20954825422545476
1132, 1763439539.83467, -0.026546239852905273, -0.34677764773368835, 1.4034302234649658, 0.02493429183959961, -1.021880865097046, -0.01851940155029297, 0.9670394897460938, -1.8465431654530402, -5.144623067996385, -4.010564222609215, -0.20950230044655793
1133, 1763439539.8482208, -0.026546239852905273, -0.3549933433532715, 1.4170124530792236, 0.02493429183959961, -1.0274505615234375, -0.01850104331970215, 0.9670013427734375, -1.8464135739820389, -5.1448438367249105, -4.011000808892559, -0.20946886808242304
1134, 1763439539.87243, -0.026457786560058594, -0.36306142807006836, 1.4304028749465942, 0.02494335174560547, -1.033540964126587, -0.01851034164428711, 0.9670242309570313, -1.8461901816220043, -5.144849414439227, -4.011427465234496, -0.2095198485436649
1135, 1763439539.902792, -0.026457786560058594, -0.3738362789154053, 1.447875738143921, 0.02490687370300293, -1.042142391204834, -0.018482685089111328, 0.9670089721679688, -1.8459227007889312, -5.144718156794415, -4.012052172492936, -0.20946939665816888
1136, 1763439539.9129012, -0.02647995948791504, -0.3798394203186035, 1.4577826261520386, 0.02492523193359375, -1.0474927425384521, -0.018482685089111328, 0.9670013427734375, -1.8458855194609551, -5.1449286409389465, -4.012487930376223, -0.2094371096093841
1137, 1763439539.938703, -0.02625870704650879, -0.3911082446575165, 1.4755114316940308, 0.02491617202758789, -1.0550987720489502, -0.01847362518310547, 0.9670089721679688, -1.8456543730840917, -5.144993648611304, -4.013215120566854, -0.20957528490831923
1138, 1763439539.9565618, -0.026177644729614258, -0.3984830379486084, 1.4870641231536865, 0.02489781379699707, -1.0600202083587646, -0.01849198341369629, 0.9670394897460938, -1.8454406942751542, -5.144739248604862, -4.013687726787649, -0.20956987935356697
1139, 1763439539.9757051, -0.026354551315307617, -0.40731069445610046, 1.5004785060882568, 0.02491617202758789, -1.0651426315307617, -0.018482685089111328, 0.9670319366455078, -1.845395426111529, -5.144939233100186, -4.014389733803438, -0.20944599014531828
1140, 1763439540.0046852, -0.02625131607055664, -0.41744399070739746, 1.5160340070724487, 0.02488875389099121, -1.0715889930725098, -0.01844620704650879, 0.9670166015625, -1.845253417395444, -5.145262327706118, -4.015138082405179, -0.2095486257241861
1141, 1763439540.022793, -0.025956392288208008, -0.42632314562797546, 1.5300236940383911, 0.02483391761779785, -1.0787203311920166, -0.018482685089111328, 0.9670242309570313, -1.8449131663979403, -5.14485949997539, -4.0156786382055145, -0.2096188427379353
1142, 1763439540.046303, -0.026163101196289062, -0.4370538890361786, 1.5469294786453247, 0.02484297752380371, -1.087294340133667, -0.01847362518310547, 0.9670394897460938, -1.8447301174408044, -5.14498306219167, -4.016479387289753, -0.20940822143263382
1143, 1763439540.071798, -0.026067018508911133, -0.44853663444519043, 1.5649217367172241, 0.02484297752380371, -1.093832015991211, -0.01847362518310547, 0.9670166015625, -1.8446340447180383, -5.145549702326741, -4.017310502172124, -0.20947110742237562
1144, 1763439540.093338, -0.025749921798706055, -0.45698070526123047, 1.5783919095993042, 0.024779081344604492, -1.098945140838623, -0.01843714714050293, 0.966986083984375, -1.8442189185929956, -5.145156299323865, -4.017731105759011, -0.20961376424571565
1145, 1763439540.1144261, -0.02597832679748535, -0.46808743476867676, 1.5960646867752075, 0.024751663208007812, -1.1074275970458984, -0.01841878890991211, 0.9670166015625, -1.8438486521443136, -5.144906825215395, -4.018394323627688, -0.20939870309357644
1146, 1763439540.134778, -0.026266098022460938, -0.47757887840270996, 1.6110531091690063, 0.024760961532592773, -1.1150610446929932, -0.01846456527709961, 0.9670394897460938, -1.8439113614552511, -5.145692798321458, -4.019178269476851, -0.2092903270817139
1147, 1763439540.1553578, -0.025882720947265625, -0.48732849955558777, 1.6260732412338257, 0.024715185165405273, -1.121023416519165, -0.01845526695251465, 0.967047119140625, -1.8437479328324011, -5.145954327580401, -4.019767084768963, -0.20950383035371534
1148, 1763439540.177253, -0.025845766067504883, -0.4982879161834717, 1.643034815788269, 0.024669408798217773, -1.1270315647125244, -0.01841878890991211, 0.9670319366455078, -1.8434178989794656, -5.145912160024215, -4.020362081879439, -0.20952844285209693
1149, 1763439540.202875, -0.026052474975585938, -0.5091581344604492, 1.659661054611206, 0.024678707122802734, -1.1344184875488281, -0.01840972900390625, 0.9670013427734375, -1.8430842754371066, -5.145847446650494, -4.020992704663985, -0.2093913081275085
1150, 1763439540.232505, -0.025476932525634766, -0.5231485366821289, 1.6802259683609009, 0.024651288986206055, -1.1445627212524414, -0.01838231086730957, 0.9670394897460938, -1.8427787810086254, -5.146074307311272, -4.0218447913016835, -0.2097042046676938
1151, 1763439540.243875, -0.0253145694732666, -0.5274922847747803, 1.6863539218902588, 0.024651288986206055, -1.1472563743591309, -0.01839160919189453, 0.9670394897460938, -1.8426786307185699, -5.146124907893628, -4.022100675410969, -0.20977522846985153
1152, 1763439540.2691252, -0.02528524398803711, -0.5393290519714355, 1.7027003765106201, 0.024660348892211914, -1.1531825065612793, -0.01838231086730957, 0.9670242309570313, -1.8423432832336863, -5.146100583360722, -4.022780082502123, -0.20976892232394206
1153, 1763439540.29215, -0.025358915328979492, -0.5512912273406982, 1.7190629243850708, 0.024669408798217773, -1.1596105098724365, -0.018355131149291992, 0.9670242309570313, -1.8420111700670172, -5.146067276840455, -4.023469702020527, -0.2096766245237287
1154, 1763439540.309341, -0.025226354598999023, -0.5619111061096191, 1.7333080768585205, 0.024642229080200195, -1.1655364036560059, -0.01834583282470703, 0.9670319366455078, -1.8417820002702576, -5.1461515484594145, -4.0240793633348115, -0.20967653851448897
1155, 1763439540.3326972, -0.025174617767333984, -0.5724499225616455, 1.7474175691604614, 0.024642229080200195, -1.1718275547027588, -0.018272876739501953, 0.9670166015625, -1.8415563391552787, -5.146190873908, -4.024678429416456, -0.20960822566641824
1156, 1763439540.354721, -0.025056838989257812, -0.5841169357299805, 1.7630130052566528, 0.024651288986206055, -1.1783013343811035, -0.018236398696899414, 0.9670013427734375, -1.8413050577861254, -5.146203565644423, -4.025354307011457, -0.20951971777335654
1157, 1763439540.376595, -0.024776458740234375, -0.5939698219299316, 1.7764033079147339, 0.024651288986206055, -1.183807134628296, -0.018172264099121094, 0.9670166015625, -1.8411176132668952, -5.146278921464166, -4.02591859319536, -0.2095130437634376
1158, 1763439540.4012392, -0.024555206298828125, -0.6051130294799805, 1.7918630838394165, 0.024632930755615234, -1.1892950534820557, -0.018135786056518555, 0.9670166015625, -1.8409075880174082, -5.14636248315354, -4.026491089610455, -0.20949567718028472
1159, 1763439540.420314, -0.024510860443115234, -0.6146197319030762, 1.8051174879074097, 0.024651288986206055, -1.1947917938232422, -0.018099308013916016, 0.9670242309570313, -1.8407395544715341, -5.146407376492135, -4.026926738699673, -0.2094160676891752
1160, 1763439540.441317, -0.024466514587402344, -0.6224737167358398, 1.816510558128357, 0.024632930755615234, -1.200105905532837, -0.018099308013916016, 0.9670242309570313, -1.8406115076625142, -5.146461166950239, -4.0272811595226266, -0.20938177339905195
1161, 1763439540.469066, -0.02453303337097168, -0.6341853141784668, 1.8336321115493774, 0.024614810943603516, -1.2082593441009521, -0.018044710159301758, 0.9670242309570313, -1.840414233123996, -5.146547125648072, -4.0278040917798945, -0.20934166101955487
1162, 1763439540.4885771, -0.024569988250732422, -0.6430792212486267, 1.846854567527771, 0.024660348892211914, -1.2136468887329102, -0.018071889877319336, 0.9670242309570313, -1.8402559956849418, -5.146620313264752, -4.0281953327583535, -0.2093722165841605
1163, 1763439540.511899, -0.024415016174316406, -0.6518847942352295, 1.8599413633346558, 0.024605751037597656, -1.2189700603485107, -0.018053770065307617, 0.9670166015625, -1.84011139938797, -5.146713115582551, -4.028535743282511, -0.20946335972001506
1164, 1763439540.5348248, -0.024341344833374023, -0.6629397869110107, 1.8763917684555054, 0.024578332901000977, -1.226064682006836, -0.018035411834716797, 0.9670242309570313, -1.8399196239506492, -5.14680718876563, -4.0288740739609015, -0.20953647974469014
1165, 1763439540.5564952, -0.02440023422241211, -0.671177864074707, 1.8887754678726196, 0.024587392807006836, -1.2324104309082031, -0.0179898738861084, 0.9670013427734375, -1.8397796827358603, -5.146865056141522, -4.029042628999688, -0.20959023598801796
1166, 1763439540.582319, -0.02426004409790039, -0.6800939440727234, 1.9026211500167847, 0.024587392807006836, -1.2400805950164795, -0.01788926124572754, 0.9670242309570313, -1.8396392543592823, -5.146957471430731, -4.02915198284828, -0.2097026548119132
1167, 1763439540.6029062, -0.024120092391967773, -0.6873359084129333, 1.9144935607910156, 0.024587392807006836, -1.2459242343902588, -0.017551422119140625, 0.9670394897460938, -1.8395014808857575, -5.147044091387664, -4.029201323694697, -0.20974420475544608
1168, 1763439540.623627, -0.023972511291503906, -0.6940767765045166, 1.926277995109558, 0.024559974670410156, -1.2514302730560303, -0.01444697380065918, 0.9670319366455078, -1.8393583943152674, -5.1471293685497175, -4.0291901604686755, -0.2097896938946615
1169, 1763439540.645677, -0.023847103118896484, -0.7015550136566162, 1.9395326375961304, 0.024569034576416016, -1.2583329677581787, -0.011826515197753906, 0.9670089721679688, -1.8391961651982345, -5.147212444854399, -4.029085086846166, -0.2097826479303908
1170, 1763439540.6710668, -0.023743867874145508, -0.7084283828735352, 1.9525395631790161, 0.024587392807006836, -1.2664778232574463, -0.01042032241821289, 0.9670319366455078, -1.8389909565061757, -5.147324995348084, -4.028972620451757, -0.20980858176658668
1171, 1763439540.6912582, -0.0235595703125, -0.7143208384513855, 1.964004397392273, 0.024569034576416016, -1.2735724449157715, -0.010383844375610352, 0.9670394897460938, -1.8387808664130758, -5.147447333955026, -4.028879763042339, -0.20981971333330574
1172, 1763439540.71252, -0.023537397384643555, -0.7200586795806885, 1.975493311882019, 0.024578332901000977, -1.2795805931091309, -0.01042938232421875, 0.9670013427734375, -1.8386021460090443, -5.147543299717545, -4.028731909167173, -0.2097818050005218
1173, 1763439540.7359118, -0.02355217933654785, -0.7271163463592529, 1.990050196647644, 0.024559974670410156, -1.2875609397888184, -0.010411262512207031, 0.9670319366455078, -1.838371184112286, -5.147639921780879, -4.0285045141956655, -0.20975402966375256
1174, 1763439540.7575831, -0.0235595703125, -0.7316591739654541, 1.9995975494384766, 0.024578332901000977, -1.2936327457427979, -0.01040196418762207, 0.9670166015625, -1.8382214761377846, -5.147713608416133, -4.028356748349829, -0.20976067987122526
1175, 1763439540.781472, -0.02347087860107422, -0.7375516891479492, 2.012220859527588, 0.024578332901000977, -1.3017594814300537, -0.010392904281616211, 0.9670319366455078, -1.8380215801854314, -5.147845889512868, -4.028172378076635, -0.20983564671472976
1176, 1763439540.804349, -0.023441553115844727, -0.7431273460388184, 2.024636745452881, 0.024559974670410156, -1.3093194961547852, -0.010392904281616211, 0.9670394897460938, -1.837821471807652, -5.147964242009837, -4.0280131193334565, -0.20991868910384337
1177, 1763439540.8282812, -0.023485660552978516, -0.7485477328300476, 2.0369882583618164, 0.024550914764404297, -1.3163046836853027, -0.010365486145019531, 0.9670242309570313, -1.8376460568512176, -5.148037337718613, -4.027864227102863, -0.20991879815722303
1178, 1763439540.84682, -0.023456335067749023, -0.7524049282073975, 2.0462160110473633, 0.024550914764404297, -1.321901798248291, -0.010383844375610352, 0.9670394897460938, -1.837550302855985, -5.148092048470232, -4.027735629221773, -0.20994129138339446
1179, 1763439540.869168, -0.023360252380371094, -0.7567266821861267, 2.056946039199829, 0.024541854858398438, -1.3290512561798096, -0.010374784469604492, 0.9670166015625, -1.8374667981450337, -5.148168337837439, -4.027598820172397, -0.21000158139366487
1180, 1763439540.891339, -0.023279428482055664, -0.7609376907348633, 2.067516326904297, 0.024541854858398438, -1.3364017009735107, -0.010365486145019531, 0.9670700073242188, -1.8373898376299473, -5.148240595503495, -4.027493930649949, -0.20998172126165393
1181, 1763439540.913463, -0.02324962615966797, -0.7656207084655762, 2.0793566703796387, 0.024541854858398438, -1.3432681560516357, -0.010356426239013672, 0.9670319366455078, -1.8373171701372604, -5.148318246210608, -4.027408773482284, -0.2099679183294798
1182, 1763439540.9351208, -0.023257017135620117, -0.7691607475280762, 2.08750581741333, 0.024523496627807617, -1.3445465564727783, -0.010310888290405273, 0.967047119140625, -1.8373145953982601, -5.148377424590331, -4.027317379436427, -0.2099396065844319
1183, 1763439540.9576662, -0.023227691650390625, -0.7708272337913513, 2.091460704803467, 0.0245053768157959, -1.3438341617584229, -0.010301589965820312, 0.9670624542236328, -1.8374149038550152, -5.148426740070299, -4.027244658349647, -0.20996010395586584
1184, 1763439540.980337, -0.023264408111572266, -0.770820140838623, 2.0913407802581787, 0.024487018585205078, -1.343733787536621, -0.010301589965820312, 0.9670319366455078, -1.8375197748696481, -5.148443041115971, -4.0272439499481525, -0.20997358628412854
1185, 1763439541.0038168, -0.02329397201538086, -0.7707095146179199, 2.0901904106140137, 0.024468660354614258, -1.343660831451416, -0.010319948196411133, 0.9670242309570313, -1.8376297498945082, -5.148481168912727, -4.02729697171793, -0.20999767083028154
1186, 1763439541.025971, -0.023190736770629883, -0.7705692648887634, 2.0890798568725586, 0.0244596004486084, -1.3436241149902344, -0.010329008102416992, 0.9670242309570313, -1.8377299562174456, -5.148543957257712, -4.027328027870203, -0.2100299382160058
1187, 1763439541.046873, -0.02316880226135254, -0.7704143524169922, 2.0885045528411865, 0.024450302124023438, -1.343578815460205, -0.010310888290405273, 0.9670394897460938, -1.8377989392989016, -5.148574523819859, -4.027313784382801, -0.21001953488112157
1188, 1763439541.06941, -0.02307271957397461, -0.7703111171722412, 2.088001251220703, 0.0244596004486084, -1.343578815460205, -0.010310888290405273, 0.9670166015625, -1.8378983687796926, -5.148616195775414, -4.027296393675543, -0.2100544838731606
1189, 1763439541.098145, -0.02285146713256836, -0.7703480124473572, 2.087705612182617, 0.0244596004486084, -1.3435420989990234, -0.010329008102416992, 0.9670319366455078, -1.8380207138253644, -5.148657774838006, -4.027316235612016, -0.2101043689415425
1190, 1763439541.1141078, -0.022733688354492188, -0.7703185081481934, 2.08750581741333, 0.024450302124023438, -1.343569278717041, -0.010329008102416992, 0.9670242309570313, -1.8381099043422626, -5.148674128792226, -4.027338675882264, -0.2101150114119168
1191, 1763439541.137761, -0.022512435913085938, -0.7702521681785583, 2.087322235107422, 0.024468660354614258, -1.3435420989990234, -0.010338068008422852, 0.9670319366455078, -1.8382189617125708, -5.148695549762078, -4.027355947889993, -0.21015961476636758
1192, 1763439541.160108, -0.022387027740478516, -0.7701857089996338, 2.0872981548309326, 0.024441242218017578, -1.3434598445892334, -0.010329008102416992, 0.967047119140625, -1.838346921007675, -5.148708154380109, -4.027370576090961, -0.21015561258142057
1193, 1763439541.180022, -0.022298336029052734, -0.7701711058616638, 2.0872981548309326, 0.024441242218017578, -1.3434417247772217, -0.010319948196411133, 0.9670319366455078, -1.8384539535418827, -5.148714059001709, -4.027381943638255, -0.21012699337377683
1194, 1763439541.2022889, -0.022217512130737305, -0.770193338394165, 2.0872020721435547, 0.0244596004486084, -1.3434417247772217, -0.010347366333007812, 0.9670394897460938, -1.8385625428247176, -5.148710600977421, -4.027395637486777, -0.21008621141058992
1195, 1763439541.223619, -0.022217512130737305, -0.770193338394165, 2.0869784355163574, 0.024468660354614258, -1.3433778285980225, -0.010329008102416992, 0.9670394897460938, -1.8386840225299173, -5.148694500467128, -4.027417853212837, -0.21003337512473585
1196, 1763439541.244023, -0.022195100784301758, -0.7701857089996338, 2.086690902709961, 0.0244596004486084, -1.3433501720428467, -0.010329008102416992, 0.9670319366455078, -1.8387756470947543, -5.148678174869663, -4.027436925955413, -0.21001816632711634
1197, 1763439541.268689, -0.022195100784301758, -0.7701489925384521, 2.086355209350586, 0.024441242218017578, -1.3433501720428467, -0.010338068008422852, 0.9670242309570313, -1.838904161169934, -5.148648805745822, -4.027461742305917, -0.2100064202707097
1198, 1763439541.2949178, -0.022202491760253906, -0.7700972557067871, 2.0861635208129883, 0.024441242218017578, -1.3432953357696533, -0.010338068008422852, 0.9670242309570313, -1.8390346797934016, -5.1486238370763875, -4.027479394336469, -0.20999087878413647
1199, 1763439541.314094, -0.022165775299072266, -0.7700972557067871, 2.086099624633789, 0.024477720260620117, -1.3432223796844482, -0.010338068008422852, 0.9670319366455078, -1.8391561657190945, -5.148616167446942, -4.0274912284505575, -0.21000624287515812
1200, 1763439541.3333042, -0.022173166275024414, -0.770089864730835, 2.0860838890075684, 0.024468660354614258, -1.3431859016418457, -0.010319948196411133, 0.967047119140625, -1.8392820134952987, -5.14861964218838, -4.027507912580816, -0.21001912687722424
1201, 1763439541.354511, -0.022128820419311523, -0.7700750231742859, 2.085923910140991, 0.0244596004486084, -1.3430943489074707, -0.010319948196411133, 0.9670242309570313, -1.8394028655136883, -5.148626453573746, -4.027532151762453, -0.21003129838542023
1202, 1763439541.3780951, -0.02205514907836914, -0.7700529098510742, 2.0855884552001953, 0.024450302124023438, -1.3430123329162598, -0.010356426239013672, 0.9670319366455078, -1.8395241278035122, -5.14864637207601, -4.027556671022639, -0.210082088764306
1203, 1763439541.4047449, -0.021914958953857422, -0.7700309753417969, 2.0851807594299316, 0.024450302124023438, -1.3429484367370605, -0.010338068008422852, 0.9670319366455078, -1.839681474992571, -5.148678440135742, -4.027585455257204, -0.2101339859710798
1204, 1763439541.4214451, -0.021775007247924805, -0.7700161933898926, 2.0849571228027344, 0.024450302124023438, -1.3429484367370605, -0.010301589965820312, 0.9670394897460938, -1.8397866611342673, -5.148701400412931, -4.027600771967318, -0.21017897540495145
1205, 1763439541.444297, -0.02152395248413086, -0.7699939608573914, 2.0847175121307373, 0.0244596004486084, -1.3429028987884521, -0.010329008102416992, 0.9670319366455078, -1.8399324805759214, -5.14872852593907, -4.027624237090046, -0.21021631643034766
1206, 1763439541.472538, -0.02117753028869629, -0.7699939608573914, 2.084453821182251, 0.0244596004486084, -1.3427751064300537, -0.010329008102416992, 0.9670319366455078, -1.8400842431352347, -5.148755821769967, -4.0276447256934995, -0.21028773231076325
1207, 1763439541.509436, -0.02081584930419922, -0.7699422240257263, 2.083862781524658, 0.0244596004486084, -1.3426289558410645, -0.010319948196411133, 0.967047119140625, -1.8403463373650475, -5.148778778764763, -4.027687179067113, -0.2103285814539433
1208, 1763439541.516055, -0.020808696746826172, -0.7699422240257263, 2.083838701248169, 0.024468660354614258, -1.342592477798462, -0.010338068008422852, 0.967047119140625, -1.8403645762022296, -5.148776681211377, -4.027689615309672, -0.21031205966477629
1209, 1763439541.539953, -0.02086019515991211, -0.7698981165885925, 2.0834951400756836, 0.024441242218017578, -1.3422091007232666, -0.010329008102416992, 0.967047119140625, -1.840527653757377, -5.148756999730834, -4.027707475827609, -0.21026410666223416
1210, 1763439541.561567, -0.020838260650634766, -0.7698686122894287, 2.083207607269287, 0.024450302124023438, -1.3412775993347168, -0.010329008102416992, 0.9670394897460938, -1.840651336161074, -5.14872657981823, -4.0277192575963, -0.21026045159057016
1211, 1763439541.58476, -0.02077937126159668, -0.7698537707328796, 2.0828957557678223, 0.024468660354614258, -1.3404009342193604, -0.010319948196411133, 0.9670089721679688, -1.8407757443609736, -5.148692943570105, -4.027733748021135, -0.21029278093166148
1212, 1763439541.6075552, -0.02077937126159668, -0.7697949409484863, 2.0825843811035156, 0.024450302124023438, -1.3396248817443848, -0.010319948196411133, 0.967047119140625, -1.8409200622491402, -5.148653763710102, -4.0277549897874225, -0.2103112785652712
1213, 1763439541.630444, -0.020801305770874023, -0.769721269607544, 2.0823206901550293, 0.024441242218017578, -1.3391776084899902, -0.010338068008422852, 0.9670319366455078, -1.8408229822709217, -5.148684996052166, -4.02774220654128, -0.21030160292534106
1214, 1763439541.649886, -0.020801305770874023, -0.7696768641471863, 2.08223295211792, 0.024450302124023438, -1.3390860557556152, -0.010319948196411133, 0.9670547485351563, -1.840790996528698, -5.14868923163367, -4.027737114539514, -0.2103077292551152
1215, 1763439541.671911, -0.02077198028564453, -0.7696473598480225, 2.082192897796631, 0.024477720260620117, -1.3390679359436035, -0.010329008102416992, 0.9670242309570313, -1.8409589292144002, -5.1486513000865335, -4.027752494264722, -0.2102741841034348
1216, 1763439541.698912, -0.02077937126159668, -0.7695884704589844, 2.0821127891540527, 0.0244596004486084, -1.3390498161315918, -0.010338068008422852, 0.9670394897460938, -1.840850772634425, -5.148688047733587, -4.027720545356135, -0.2101995850348759
1217, 1763439541.717023, -0.02077937126159668, -0.7695295810699463, 2.0820090770721436, 0.024441242218017578, -1.3390312194824219, -0.010319948196411133, 0.9670394897460938, -1.8409043386237607, -5.148668488717354, -4.02771949951043, -0.21014764766675764
1218, 1763439541.736675, -0.020793914794921875, -0.7694041728973389, 2.081857204437256, 0.024468660354614258, -1.3390130996704102, -0.010356426239013672, 0.9670242309570313, -1.84110399153342, -5.148637338215996, -4.027736394308688, -0.2100958142393594
1219, 1763439541.7599518, -0.020793914794921875, -0.7693006992340088, 2.081681489944458, 0.024468660354614258, -1.3390130996704102, -0.010347366333007812, 0.9670242309570313, -1.8410539429223, -5.148687353472752, -4.027723374528694, -0.210066742042593
1220, 1763439541.781947, -0.020793914794921875, -0.7692343592643738, 2.081545829772949, 0.024450302124023438, -1.339040756225586, -0.010319948196411133, 0.9670242309570313, -1.8410875260897606, -5.148695476269575, -4.027728936153144, -0.21003879656338498
1221, 1763439541.805824, -0.02081584930419922, -0.7691829204559326, 2.081418037414551, 0.024450302124023438, -1.3389859199523926, -0.010338068008422852, 0.9670319366455078, -1.8413080365256418, -5.148659513076567, -4.0277703595488745, -0.2100215830095662
1222, 1763439541.826615, -0.020793914794921875, -0.7691089510917664, 2.0812900066375732, 0.0244596004486084, -1.3389673233032227, -0.010329008102416992, 0.967047119140625, -1.8412696843163583, -5.148700389697733, -4.027764156032048, -0.21002499801977947
1223, 1763439541.8476381, -0.020801305770874023, -0.7690131068229675, 2.0811142921447754, 0.0244596004486084, -1.3389768600463867, -0.010329008102416992, 0.9670394897460938, -1.841313573479781, -5.148704007254637, -4.02777087852293, -0.21004356233657884
1224, 1763439541.870399, -0.02077937126159668, -0.7689173221588135, 2.080930471420288, 0.0244596004486084, -1.3389127254486084, -0.010347366333007812, 0.9670394897460938, -1.8415388790409728, -5.148683534770991, -4.02780669694277, -0.2100565644990624
1225, 1763439541.893821, -0.02076435089111328, -0.7688140869140625, 2.0807228088378906, 0.024450302124023438, -1.3388853073120117, -0.010347366333007812, 0.9670242309570313, -1.8415268356227634, -5.148716321626641, -4.027797885923514, -0.21006016585462817
1226, 1763439541.9159198, -0.020749568939208984, -0.768733024597168, 2.080595016479492, 0.0244596004486084, -1.3388943672180176, -0.010356426239013672, 0.9670319366455078, -1.841602892612879, -5.148716159090235, -4.027803967987849, -0.21006321379458193
1227, 1763439541.939507, -0.020705223083496094, -0.7686590552330017, 2.080451011657715, 0.0244596004486084, -1.338866949081421, -0.010347366333007812, 0.9670166015625, -1.8417813782064265, -5.148714867661359, -4.027832549742528, -0.21004947640345684
1228, 1763439541.96234, -0.020646333694458008, -0.7685928344726562, 2.0803394317626953, 0.0244596004486084, -1.3387939929962158, -0.010347366333007812, 0.9670547485351563, -1.841755015575358, -5.148757688838656, -4.027818163526268, -0.21004783532276683
1229, 1763439541.988039, -0.020580053329467773, -0.7685854434967041, 2.0802435874938965, 0.0244596004486084, -1.3387668132781982, -0.010338068008422852, 0.9670166015625, -1.8418472068456127, -5.148747438441598, -4.027828265742875, -0.21002445758588983
1230, 1763439542.009275, -0.02050638198852539, -0.7685191631317139, 2.0800836086273193, 0.0244596004486084, -1.3387119770050049, -0.010347366333007812, 0.967047119140625, -1.8419831597203582, -5.148747633930974, -4.027848610331015, -0.20998801400802325
1231, 1763439542.030231, -0.020425081253051758, -0.7684674263000488, 2.079939842224121, 0.024441242218017578, -1.3386662006378174, -0.010347366333007812, 0.9670394897460938, -1.8419556533288586, -5.148768069106432, -4.027840552508384, -0.2099379997057529
1232, 1763439542.052732, -0.020380735397338867, -0.7684304714202881, 2.079756021499634, 0.024450302124023438, -1.3386297225952148, -0.010310888290405273, 0.9670242309570313, -1.842069593276431, -5.148747613575376, -4.027854126167391, -0.2099102217192872
1233, 1763439542.080344, -0.020366191864013672, -0.7683863639831543, 2.079524517059326, 0.024450302124023438, -1.3385658264160156, -0.010329008102416992, 0.9670319366455078, -1.842174551103898, -5.148756483144162, -4.0278705663641325, -0.20990609690521378
1234, 1763439542.098936, -0.02033686637878418, -0.7683641910552979, 2.0793404579162598, 0.024468660354614258, -1.3385200500488281, -0.010329008102416992, 0.9670394897460938, -1.8421724430537951, -5.1487476624509085, -4.027859226003329, -0.20991434085190797
1235, 1763439542.119945, -0.02032184600830078, -0.7683126330375671, 2.0790209770202637, 0.0244596004486084, -1.3384013175964355, -0.010319948196411133, 0.9670319366455078, -1.8423168389676856, -5.148705682883256, -4.027877126473202, -0.20991809171102727
1236, 1763439542.141088, -0.020307064056396484, -0.7682905197143555, 2.078805446624756, 0.024450302124023438, -1.338282823562622, -0.010356426239013672, 0.9670394897460938, -1.8423905193945225, -5.148715936496104, -4.027891135848927, -0.20995037228933278
1237, 1763439542.165167, -0.02028512954711914, -0.7682757377624512, 2.078629493713379, 0.0244596004486084, -1.338118314743042, -0.010347366333007812, 0.9670394897460938, -1.842393800293889, -5.148715952246339, -4.027888182765693, -0.20999075169637926
1238, 1763439542.197921, -0.020255565643310547, -0.7682682871818542, 2.0785255432128906, 0.024441242218017578, -1.3379902839660645, -0.010329008102416992, 0.9670242309570313, -1.8425151006156069, -5.148663324591933, -4.027900285478523, -0.21002545769450442
1239, 1763439542.208816, -0.020203828811645508, -0.7682461738586426, 2.078429698944092, 0.024450302124023438, -1.3376801013946533, -0.010329008102416992, 0.9670242309570313, -1.8425814939483582, -5.148667429778341, -4.02790429875605, -0.210063927669351
1240, 1763439542.229783, -0.02015972137451172, -0.7682461738586426, 2.078310012817383, 0.024441242218017578, -1.3372693061828613, -0.010329008102416992, 0.9670166015625, -1.8425852762409272, -5.148667771815781, -4.027901980916611, -0.2100809066843814
1241, 1763439542.254245, -0.020078659057617188, -0.7682313919067383, 2.0780224800109863, 0.024468660354614258, -1.3366117477416992, -0.010347366333007812, 0.967047119140625, -1.8427014444382248, -5.148626087921694, -4.027915458348375, -0.21009661343028263
1242, 1763439542.275197, -0.020041465759277344, -0.7682092189788818, 2.077742576599121, 0.0244596004486084, -1.335972547531128, -0.010329008102416992, 0.9670394897460938, -1.8427702982457448, -5.1486310856683986, -4.027923969405521, -0.21008751628699507
1243, 1763439542.2994728, -0.02002692222595215, -0.7681725025177002, 2.0775909423828125, 0.024441242218017578, -1.3351874351501465, -0.010329008102416992, 0.9670242309570313, -1.8427966663647408, -5.148637433338228, -4.0279177108338216, -0.21005042882136493
1244, 1763439542.3219478, -0.02002692222595215, -0.7681577205657959, 2.0775747299194336, 0.0244596004486084, -1.334730863571167, -0.010356426239013672, 0.9670394897460938, -1.8429093606911515, -5.148601374879971, -4.027930394672257, -0.21000928218667703
1245, 1763439542.344675, -0.02002692222595215, -0.7681577205657959, 2.0775909423828125, 0.0244596004486084, -1.3345026969909668, -0.010329008102416992, 0.9670242309570313, -1.8429500894801276, -5.1486152591001915, -4.027937649290626, -0.20995740454779277
1246, 1763439542.364819, -0.02001953125, -0.7681577205657959, 2.077582836151123, 0.024441242218017578, -1.3343749046325684, -0.010329008102416992, 0.9670242309570313, -1.8429792879547233, -5.148628823531179, -4.027945130455203, -0.20990037563362218
1247, 1763439542.3899362, -0.02002692222595215, -0.7681503295898438, 2.077486991882324, 0.024450302124023438, -1.3342649936676025, -0.010347366333007812, 0.9670319366455078, -1.8430939863092497, -5.148621251066321, -4.027962457333039, -0.2098299473823131
1248, 1763439542.412695, -0.020034313201904297, -0.7680985927581787, 2.077407121658325, 0.0244596004486084, -1.334219217300415, -0.010329008102416992, 0.9670394897460938, -1.8431202167370433, -5.1486448508709195, -4.027959778385509, -0.2098196628068445
1249, 1763439542.431853, -0.02002692222595215, -0.7681207656860352, 2.077327251434326, 0.024468660354614258, -1.3341829776763916, -0.010329008102416992, 0.9670319366455078, -1.8431565646887282, -5.148652894239162, -4.027957395943247, -0.20981268801603914
1250, 1763439542.4573948, -0.02001953125, -0.7681136131286621, 2.0771756172180176, 0.0244596004486084, -1.3341829776763916, -0.010338068008422852, 0.9670394897460938, -1.8432483460691533, -5.148635878386134, -4.027960249945245, -0.20983934358984868
1251, 1763439542.478723, -0.02001214027404785, -0.7681280970573425, 2.076983690261841, 0.024441242218017578, -1.33414626121521, -0.010338068008422852, 0.9670242309570313, -1.843243030667081, -5.14864780651081, -4.027954215552341, -0.2098929888679537
1252, 1763439542.502248, -0.019997596740722656, -0.7681136131286621, 2.076727867126465, 0.024441242218017578, -1.334137201309204, -0.010329008102416992, 0.9670242309570313, -1.8432750040400532, -5.148656126333487, -4.027956557564566, -0.2099581646008284
1253, 1763439542.526508, -0.019968032836914062, -0.7680985927581787, 2.0765042304992676, 0.024450302124023438, -1.3341281414031982, -0.010319948196411133, 0.9670166015625, -1.8433342523506373, -5.148633010601203, -4.027962572531886, -0.21004662779349914
1254, 1763439542.547963, -0.019916296005249023, -0.7680840492248535, 2.076448440551758, 0.0244596004486084, -1.3341009616851807, -0.010329008102416992, 0.9670242309570313, -1.8433106398371586, -5.148636140267039, -4.02795911128962, -0.210105507255415
1255, 1763439542.571145, -0.019871950149536133, -0.7680618762969971, 2.0764403343200684, 0.0244596004486084, -1.3341009616851807, -0.010347366333007812, 0.9670242309570313, -1.8433315520938751, -5.148628017149475, -4.027959316035755, -0.2101318421504237
1256, 1763439542.597824, -0.01984262466430664, -0.7680692672729492, 2.076392650604248, 0.024441242218017578, -1.3341009616851807, -0.010329008102416992, 0.9670394897460938, -1.8433762019882276, -5.148599001586533, -4.027965405842324, -0.21012874239364265
1257, 1763439542.615658, -0.019827842712402344, -0.7680618762969971, 2.076352596282959, 0.0244596004486084, -1.334064245223999, -0.010338068008422852, 0.9670166015625, -1.843366637133728, -5.1486007627354, -4.0279618390456715, -0.2101157941823164
1258, 1763439542.638415, -0.019820213317871094, -0.7680544853210449, 2.07629656791687, 0.0244596004486084, -1.3340551853179932, -0.010319948196411133, 0.9670319366455078, -1.8434014281030184, -5.1485923612631455, -4.027967424366344, -0.21008124412750906
1259, 1763439542.660119, -0.0198056697845459, -0.768047034740448, 2.0761847496032715, 0.024468660354614258, -1.3340551853179932, -0.010347366333007812, 0.9670547485351563, -1.8434400356838032, -5.148559045670121, -4.027970330896145, -0.21003799822412716
1260, 1763439542.681565, -0.019813060760498047, -0.7680396437644958, 2.0761446952819824, 0.024468660354614258, -1.334064245223999, -0.010347366333007812, 0.967047119140625, -1.8434290907194686, -5.148557816858354, -4.027969950958079, -0.21000074188276585
1261, 1763439542.721261, -0.019820213317871094, -0.7680544853210449, 2.0760087966918945, 0.024450302124023438, -1.334064245223999, -0.010338068008422852, 0.9670319366455078, -1.8434796044725523, -5.148540778944327, -4.027973659946192, -0.20996556831954916
1262, 1763439542.7310731, -0.019820213317871094, -0.7680618762969971, 2.075961112976074, 0.0244596004486084, -1.3340551853179932, -0.010338068008422852, 0.9670319366455078, -1.8434827232514923, -5.148538601425641, -4.0279741345366755, -0.2099508717659555
1263, 1763439542.751557, -0.019835233688354492, -0.768047034740448, 2.075777292251587, 0.0244596004486084, -1.3340458869934082, -0.010338068008422852, 0.967047119140625, -1.8434871479052641, -5.148537902413348, -4.027979967786506, -0.2099551097735457
1264, 1763439542.79171, -0.019857406616210938, -0.7680323123931885, 2.075481653213501, 0.0244596004486084, -1.3340094089508057, -0.010347366333007812, 0.9670319366455078, -1.84352003794526, -5.148522925751093, -4.027978845538045, -0.2099734074463111
1265, 1763439542.802243, -0.01985001564025879, -0.7680249214172363, 2.0754575729370117, 0.0244596004486084, -1.3340187072753906, -0.010347366333007812, 0.9670319366455078, -1.8435207492305898, -5.1485272843860015, -4.027979543513393, -0.20998878711392166
1266, 1763439542.820172, -0.019835233688354492, -0.7680323123931885, 2.075425624847412, 0.024450302124023438, -1.3340187072753906, -0.010356426239013672, 0.9670242309570313, -1.8435209472371965, -5.148540864964816, -4.027978901106471, -0.21000686465579133
1267, 1763439542.843267, -0.019835233688354492, -0.7680323123931885, 2.0754177570343018, 0.024450302124023438, -1.3340277671813965, -0.010329008102416992, 0.9670394897460938, -1.8435515882702216, -5.1485418178812585, -4.027979339655778, -0.20999867912895365
1268, 1763439542.869521, -0.019835233688354492, -0.7680323123931885, 2.075401782989502, 0.024450302124023438, -1.3339910507202148, -0.010356426239013672, 0.9670242309570313, -1.8435331485649675, -5.148554161522766, -4.0279748055780775, -0.2100102113380391
1269, 1763439542.893047, -0.019820213317871094, -0.768010139465332, 2.075385808944702, 0.0244596004486084, -1.3339910507202148, -0.010347366333007812, 0.9670242309570313, -1.8435241946526382, -5.1485709898278325, -4.027972359608533, -0.21003354100995075
1270, 1763439542.911696, -0.019813060760498047, -0.768010139465332, 2.075377941131592, 0.024468660354614258, -1.3339910507202148, -0.010329008102416992, 0.9670319366455078, -1.8435276970994452, -5.148573118044369, -4.0279695958727215, -0.2100460303339755
1271, 1763439542.9342961, -0.019813060760498047, -0.7680323123931885, 2.0753698348999023, 0.0244596004486084, -1.333981990814209, -0.010347366333007812, 0.9670319366455078, -1.8435051655130539, -5.148589016325376, -4.027962560298837, -0.21006369033050554
1272, 1763439542.9560478, -0.019813060760498047, -0.768047034740448, 2.075345993041992, 0.024441242218017578, -1.3339729309082031, -0.010329008102416992, 0.9670394897460938, -1.8435061868438551, -5.148594243324797, -4.027964665360644, -0.21007644022291938
1273, 1763439542.976885, -0.0197908878326416, -0.7680323123931885, 2.075305938720703, 0.024441242218017578, -1.333981990814209, -0.010347366333007812, 0.9670319366455078, -1.8435064795459897, -5.148590919218711, -4.027961840596196, -0.21010683531424768
1274, 1763439542.9987578, -0.019776344299316406, -0.7680175304412842, 2.075289726257324, 0.0244596004486084, -1.3339729309082031, -0.010347366333007812, 0.9670319366455078, -1.8434944207068928, -5.148591412778273, -4.027962291343364, -0.21011304828374566
1275, 1763439543.021903, -0.019776344299316406, -0.7680396437644958, 2.0752978324890137, 0.024450302124023438, -1.3340001106262207, -0.010338068008422852, 0.967047119140625, -1.8434946989825867, -5.148590825691, -4.0279636005465935, -0.21011425518237115
1276, 1763439543.043788, -0.019768714904785156, -0.7680396437644958, 2.0752978324890137, 0.0244596004486084, -1.3339638710021973, -0.010347366333007812, 0.9670242309570313, -1.843501494638243, -5.148578870191329, -4.027963714824489, -0.2100860295959004
1277, 1763439543.068804, -0.019761323928833008, -0.7680544853210449, 2.075289726257324, 0.024450302124023438, -1.3339638710021973, -0.010338068008422852, 0.9670319366455078, -1.8434866894534656, -5.148566193071515, -4.027968684139303, -0.21006246985395727
1278, 1763439543.090274, -0.01975393295288086, -0.7680323123931885, 2.075289726257324, 0.024441242218017578, -1.3339729309082031, -0.010356426239013672, 0.9670394897460938, -1.8434849271877478, -5.148551805928194, -4.0279680979482775, -0.2100442869678405
1279, 1763439543.113633, -0.019761323928833008, -0.7680323123931885, 2.075265884399414, 0.024450302124023438, -1.3339638710021973, -0.010338068008422852, 0.9670319366455078, -1.8434852022109856, -5.148529956126293, -4.027967909529096, -0.21001231364133677
1280, 1763439543.1378088, -0.019783735275268555, -0.768047034740448, 2.0752739906311035, 0.0244596004486084, -1.3339729309082031, -0.010347366333007812, 0.9670319366455078, -1.843468214267062, -5.148525810249066, -4.027970497789, -0.21000039605201337
1281, 1763439543.15772, -0.01979827880859375, -0.7680249214172363, 2.0752501487731934, 0.0244596004486084, -1.333981990814209, -0.010329008102416992, 0.9670242309570313, -1.843477387229397, -5.148525411373005, -4.0279748319358495, -0.20999349385146093
1282, 1763439543.1825762, -0.019813060760498047, -0.768047034740448, 2.0752577781677246, 0.0244596004486084, -1.3339548110961914, -0.010338068008422852, 0.9670166015625, -1.8434659053979998, -5.148506715705678, -4.027971302747536, -0.20997386761698955
1283, 1763439543.204801, -0.019835233688354492, -0.7680396437644958, 2.0752501487731934, 0.024441242218017578, -1.3339729309082031, -0.010338068008422852, 0.9670319366455078, -1.8434545696472786, -5.148516321090121, -4.027973741439262, -0.2099780151986934
1284, 1763439543.224444, -0.01984262466430664, -0.7680618762969971, 2.0752339363098145, 0.0244596004486084, -1.3339729309082031, -0.010319948196411133, 0.9670394897460938, -1.84345274544728, -5.1485183327280835, -4.027977145875437, -0.2099734275768208
1285, 1763439543.245434, -0.019835233688354492, -0.7680618762969971, 2.0752339363098145, 0.024450302124023438, -1.3339638710021973, -0.010329008102416992, 0.967047119140625, -1.8434477314743554, -5.148515410204443, -4.02797328280098, -0.20999070432418776
1286, 1763439543.269932, -0.01984262466430664, -0.7680544853210449, 2.0752100944519043, 0.024450302124023438, -1.3339729309082031, -0.010338068008422852, 0.9670242309570313, -1.843440896274823, -5.148518582141903, -4.027967081678871, -0.2099947862070799
1287, 1763439543.293895, -0.01984262466430664, -0.7680618762969971, 2.0752182006835938, 0.024450302124023438, -1.3339729309082031, -0.010338068008422852, 0.9670394897460938, -1.8434474637713776, -5.148533811355175, -4.027968542637664, -0.21000441830232042
1288, 1763439543.3139641, -0.01985001564025879, -0.7680766582489014, 2.0752100944519043, 0.024450302124023438, -1.3339638710021973, -0.010338068008422852, 0.9670394897460938, -1.843443020316629, -5.1485424234309045, -4.02796529561799, -0.2100199987383995
1289, 1763439543.33893, -0.01984262466430664, -0.7680692672729492, 2.0752100944519043, 0.024441242218017578, -1.333981990814209, -0.010338068008422852, 0.9670319366455078, -1.843446643008989, -5.148553367902505, -4.0279629892576345, -0.21004373277391242
1290, 1763439543.3615758, -0.019835233688354492, -0.7680618762969971, 2.0751938819885254, 0.024450302124023438, -1.3339729309082031, -0.010356426239013672, 0.9670394897460938, -1.8434474503401104, -5.1485507915272395, -4.027958949878794, -0.2100625831314611
1291, 1763439543.385675, -0.019820213317871094, -0.7680618762969971, 2.0751938819885254, 0.0244596004486084, -1.3339638710021973, -0.010356426239013672, 0.9670242309570313, -1.8434504642909366, -5.14855039390618, -4.0279608612104845, -0.21006164320599652
1292, 1763439543.407729, -0.019820213317871094, -0.7680692672729492, 2.0751938819885254, 0.0244596004486084, -1.3339452743530273, -0.010329008102416992, 0.9670319366455078, -1.8434626613841436, -5.148553292621303, -4.027965499779939, -0.2100385228031234
1293, 1763439543.431078, -0.019835233688354492, -0.7680544853210449, 2.0751700401306152, 0.0244596004486084, -1.3339638710021973, -0.010301589965820312, 0.9670319366455078, -1.8434542347148208, -5.148549657280974, -4.027958958492351, -0.2100147966307846
1294, 1763439543.454653, -0.01984262466430664, -0.7680618762969971, 2.0751700401306152, 0.0244596004486084, -1.3339452743530273, -0.010338068008422852, 0.9670547485351563, -1.8434469323172504, -5.1485409775885635, -4.027960542865687, -0.20999050306865374
1295, 1763439543.476269, -0.01985001564025879, -0.7680692672729492, 2.0751540660858154, 0.024450302124023438, -1.3339548110961914, -0.010347366333007812, 0.9670394897460938, -1.843450564172941, -5.148541209924863, -4.027962717080585, -0.20999083634683302
1296, 1763439543.501291, -0.019864559173583984, -0.7680692672729492, 2.075146198272705, 0.024468660354614258, -1.3339452743530273, -0.010329008102416992, 0.9670394897460938, -1.8434472453527113, -5.148523717974036, -4.027965618442921, -0.20997423890902667
1297, 1763439543.522561, -0.019864559173583984, -0.7680766582489014, 2.075129985809326, 0.02443218231201172, -1.3339729309082031, -0.010292530059814453, 0.9670319366455078, -1.8434385537014517, -5.148503570063216, -4.027968833681757, -0.20995483276052695
1298, 1763439543.542474, -0.019871950149536133, -0.7680618762969971, 2.075122117996216, 0.0244596004486084, -1.3339910507202148, -0.010347366333007812, 0.967047119140625, -1.8434321783246659, -5.148504310199338, -4.027968413111014, -0.20997130543482623
1299, 1763439543.567873, -0.01989436149597168, -0.7680692672729492, 2.0751142501831055, 0.024441242218017578, -1.3339910507202148, -0.010329008102416992, 0.9670242309570313, -1.8434370084428657, -5.148492549222847, -4.027971343408875, -0.20995587648835556
1300, 1763439543.590368, -0.019901514053344727, -0.7680766582489014, 2.0750980377197266, 0.024450302124023438, -1.3339362144470215, -0.010347366333007812, 0.9670394897460938, -1.8434330659200653, -5.148484324987985, -4.027971239903483, -0.209932702230903
1301, 1763439543.6139379, -0.019901514053344727, -0.7680840492248535, 2.075090169906616, 0.024450302124023438, -1.3339729309082031, -0.010329008102416992, 0.9670319366455078, -1.8434266467577265, -5.148493701979368, -4.027969175827328, -0.20994014624260426
1302, 1763439543.633703, -0.019908905029296875, -0.7680692672729492, 2.075082302093506, 0.0244596004486084, -1.3339362144470215, -0.010329008102416992, 0.9670319366455078, -1.8434291692704283, -5.148494609715903, -4.027972197983681, -0.20996329720599416
1303, 1763439543.6595461, -0.019908905029296875, -0.7680766582489014, 2.0750741958618164, 0.024450302124023438, -1.3339548110961914, -0.010347366333007812, 0.967047119140625, -1.843423588019859, -5.148497657940011, -4.027970290893232, -0.20999359557094177
1304, 1763439543.678368, -0.01989436149597168, -0.7680913805961609, 2.0750741958618164, 0.0244596004486084, -1.3339638710021973, -0.010338068008422852, 0.9670242309570313, -1.8434205267626256, -5.148508239050247, -4.027967279614755, -0.2100173250023607
1305, 1763439543.7046442, -0.01987934112548828, -0.7680840492248535, 2.0750582218170166, 0.024441242218017578, -1.3339452743530273, -0.010347366333007812, 0.967047119140625, -1.8434131642848834, -5.148513160311521, -4.027965383477214, -0.210041660219634
1306, 1763439543.726627, -0.01987934112548828, -0.7680840492248535, 2.0750582218170166, 0.0244596004486084, -1.3339638710021973, -0.010329008102416992, 0.967047119140625, -1.8434126616978685, -5.148521252213412, -4.0279654640504825, -0.21005094889836773
1307, 1763439543.747391, -0.019871950149536133, -0.7680913805961609, 2.075066089630127, 0.024450302124023438, -1.3339452743530273, -0.010319948196411133, 0.9670319366455078, -1.843399730740018, -5.148529851193394, -4.027960848132573, -0.2100577217460078
1308, 1763439543.7740579, -0.019857406616210938, -0.7680913805961609, 2.075042247772217, 0.024450302124023438, -1.333981990814209, -0.010347366333007812, 0.9670319366455078, -1.8433975443992958, -5.148531424354043, -4.027960345313279, -0.2100814808926712
1309, 1763439543.79795, -0.019857406616210938, -0.7680985927581787, 2.075026273727417, 0.024468660354614258, -1.3339729309082031, -0.010329008102416992, 0.967047119140625, -1.8433828855896892, -5.148544912974054, -4.027956311393688, -0.21009792021704765
1310, 1763439543.82729, -0.01985001564025879, -0.7681136131286621, 2.0750341415405273, 0.024450302124023438, -1.3339729309082031, -0.010319948196411133, 0.9670394897460938, -1.8433836056107369, -5.14853570347078, -4.027959655021009, -0.2101016749277509
1311, 1763439543.833906, -0.01984262466430664, -0.7680985927581787, 2.075026273727417, 0.024450302124023438, -1.3339729309082031, -0.010319948196411133, 0.9670319366455078, -1.8433871587275497, -5.148534677460771, -4.027957713166502, -0.2101115295486169
1312, 1763439543.860715, -0.01984262466430664, -0.7681136131286621, 2.075010299682617, 0.024441242218017578, -1.3339729309082031, -0.010356426239013672, 0.9670242309570313, -1.843386674054237, -5.148531721885882, -4.027961838202255, -0.2101031497080612
1313, 1763439543.882228, -0.019835233688354492, -0.7680985927581787, 2.075010299682617, 0.0244596004486084, -1.3339638710021973, -0.010374784469604492, 0.9670242309570313, -1.84337999482829, -5.148534633591799, -4.027960426610646, -0.21009853153773594
1314, 1763439543.9027572, -0.01984262466430664, -0.7681136131286621, 2.0749943256378174, 0.0244596004486084, -1.3339362144470215, -0.010356426239013672, 0.9670319366455078, -1.843382387736802, -5.148524227331522, -4.027965249829596, -0.21008040320330412
1315, 1763439543.9281988, -0.019827842712402344, -0.7681136131286621, 2.0749943256378174, 0.024450302124023438, -1.3339548110961914, -0.010338068008422852, 0.9670394897460938, -1.8433759195450572, -5.1485176522559755, -4.027962072444847, -0.21006509983570076
1316, 1763439543.949758, -0.01984262466430664, -0.7681207656860352, 2.074986457824707, 0.024441242218017578, -1.3339638710021973, -0.010347366333007812, 0.9670319366455078, -1.843366524607342, -5.148509583257145, -4.027965298596566, -0.2100457622654588
1317, 1763439543.972089, -0.01984262466430664, -0.7681207656860352, 2.074970245361328, 0.0244596004486084, -1.3339638710021973, -0.010319948196411133, 0.9670547485351563, -1.843373755586439, -5.1485019121056075, -4.027971215735578, -0.2100477950855275
1318, 1763439543.998162, -0.01985001564025879, -0.7681354880332947, 2.0749382972717285, 0.0244596004486084, -1.3339638710021973, -0.010338068008422852, 0.9670319366455078, -1.8433667258614976, -5.148499645692955, -4.0279687497819365, -0.21004169928101124
1319, 1763439544.018284, -0.01985001564025879, -0.7681503295898438, 2.074906349182129, 0.024468660354614258, -1.3339271545410156, -0.010356426239013672, 0.9670319366455078, -1.8433538202845827, -5.148498890494069, -4.027963324246472, -0.2100472963445661
1320, 1763439544.0405362, -0.01985001564025879, -0.7681503295898438, 2.0748825073242188, 0.0244596004486084, -1.3339548110961914, -0.010329008102416992, 0.9670394897460938, -1.8433714169843596, -5.1484929437714815, -4.0279663015704665, -0.21005012365215503
1321, 1763439544.071458, -0.01985001564025879, -0.7681354880332947, 2.0748343467712402, 0.0244596004486084, -1.3339548110961914, -0.010338068008422852, 0.9670547485351563, -1.843369472518729, -5.148493493737864, -4.027966436156405, -0.21005375829002482
1322, 1763439544.086688, -0.019857406616210938, -0.7681429386138916, 2.0748186111450195, 0.024450302124023438, -1.3339452743530273, -0.010329008102416992, 0.9670394897460938, -1.8433648022393485, -5.148495970198025, -4.027964302871522, -0.21006047004679385
1323, 1763439544.1094248, -0.01985001564025879, -0.7681503295898438, 2.0747547149658203, 0.0244596004486084, -1.333981990814209, -0.010329008102416992, 0.9670166015625, -1.8433741806058332, -5.1485097140539455, -4.027969027903117, -0.21006929057296997
1324, 1763439544.132812, -0.019857406616210938, -0.7681503295898438, 2.0747227668762207, 0.024450302124023438, -1.3339638710021973, -0.010338068008422852, 0.9670547485351563, -1.8433679740311453, -5.148518461480415, -4.027967198296828, -0.21007155284366785
1325, 1763439544.15301, -0.01985001564025879, -0.7681503295898438, 2.0746827125549316, 0.024441242218017578, -1.3339638710021973, -0.010338068008422852, 0.9670319366455078, -1.8433512162764898, -5.148535915340493, -4.027957284507291, -0.21010359828144232
1326, 1763439544.1716108, -0.01985001564025879, -0.7681577205657959, 2.0746426582336426, 0.024441242218017578, -1.3339729309082031, -0.010347366333007812, 0.9670394897460938, -1.8433609789924668, -5.14854314428075, -4.027956399641938, -0.2100992081258175
1327, 1763439544.200725, -0.019835233688354492, -0.7681503295898438, 2.0746188163757324, 0.024450302124023438, -1.3339452743530273, -0.010338068008422852, 0.9670319366455078, -1.8433621813173255, -5.148549454037397, -4.0279604576377865, -0.21012844808106923
1328, 1763439544.218427, -0.019820213317871094, -0.7681429386138916, 2.074586868286133, 0.024477720260620117, -1.3339638710021973, -0.010347366333007812, 0.9670319366455078, -1.8433480713230725, -5.148553665032696, -4.027957170201213, -0.2101340618109333
1329, 1763439544.240502, -0.019813060760498047, -0.768165111541748, 2.074586868286133, 0.024441242218017578, -1.3339452743530273, -0.010338068008422852, 0.9670394897460938, -1.8433497403744123, -5.1485580743611985, -4.027954201170679, -0.21014621767862707
1330, 1763439544.2661178, -0.0198056697845459, -0.768165111541748, 2.0745787620544434, 0.024441242218017578, -1.3339548110961914, -0.010329008102416992, 0.9670319366455078, -1.8433494765103666, -5.148553919087012, -4.027956983933887, -0.21014160737320609
1331, 1763439544.2886488, -0.01979827880859375, -0.7681429386138916, 2.074554920196533, 0.0244596004486084, -1.3339548110961914, -0.010347366333007812, 0.9670319366455078, -1.8433503142002896, -5.148553993931455, -4.027954423202, -0.2101275442691115
1332, 1763439544.309942, -0.0198056697845459, -0.7681577205657959, 2.0745468139648438, 0.0244596004486084, -1.3339452743530273, -0.010329008102416992, 0.9670319366455078, -1.8433543417410858, -5.148549310652392, -4.027955075574909, -0.210108950572911
1333, 1763439544.333101, -0.01979827880859375, -0.7681503295898438, 2.0745229721069336, 0.0244596004486084, -1.3339548110961914, -0.010338068008422852, 0.9670319366455078, -1.8433532166185356, -5.148537377078729, -4.027960723716096, -0.21009125231662207
1334, 1763439544.353844, -0.0198056697845459, -0.7681429386138916, 2.074514865875244, 0.0244596004486084, -1.3339638710021973, -0.010319948196411133, 0.9670319366455078, -1.843345813342157, -5.148542610914826, -4.0279579567482005, -0.21008518385575226
1335, 1763439544.372222, -0.0198056697845459, -0.768165111541748, 2.0744991302490234, 0.0244596004486084, -1.3339362144470215, -0.010329008102416992, 0.9670242309570313, -1.843348025543167, -5.148531170936919, -4.0279604910792255, -0.21007303494294938
1336, 1763439544.39871, -0.0198056697845459, -0.768165111541748, 2.074491024017334, 0.024450302124023438, -1.3339452743530273, -0.010319948196411133, 0.967047119140625, -1.8433469309937225, -5.148520661123029, -4.027965266434098, -0.21006127022301513
1337, 1763439544.4169521, -0.019813060760498047, -0.7681429386138916, 2.0744991302490234, 0.024468660354614258, -1.3339729309082031, -0.010319948196411133, 0.9670242309570313, -1.843344621165524, -5.1485264111685085, -4.027961522317314, -0.21005180119343958
1338, 1763439544.438109, -0.019820213317871094, -0.7681725025177002, 2.074491024017334, 0.024450302124023438, -1.3339548110961914, -0.010329008102416992, 0.9670319366455078, -1.8433377812474774, -5.148533835568017, -4.027958505116518, -0.21005742882142453
1339, 1763439544.4647412, -0.019820213317871094, -0.7681725025177002, 2.074474811553955, 0.024450302124023438, -1.3339362144470215, -0.010329008102416992, 0.9670319366455078, -1.84334371716598, -5.148534844816728, -4.02796195899295, -0.21007291575792753
1340, 1763439544.4832242, -0.0198056697845459, -0.768165111541748, 2.0744829177856445, 0.0244596004486084, -1.3339638710021973, -0.010338068008422852, 0.9670319366455078, -1.8433433954857357, -5.148544025915228, -4.027963026351051, -0.2100737541946165
1341, 1763439544.506073, -0.019813060760498047, -0.7681503295898438, 2.074467182159424, 0.0244596004486084, -1.3339362144470215, -0.010329008102416992, 0.9670394897460938, -1.843342104533561, -5.1485418449954405, -4.02795843127245, -0.2100904026538748
1342, 1763439544.531456, -0.01979827880859375, -0.768165111541748, 2.074467182159424, 0.024450302124023438, -1.3339638710021973, -0.010338068008422852, 0.9670319366455078, -1.8433410382370103, -5.1485477821296435, -4.027957231903697, -0.2101055373813976
1343, 1763439544.553525, -0.01979827880859375, -0.7681798338890076, 2.074474811553955, 0.024468660354614258, -1.333981990814209, -0.010310888290405273, 0.9670319366455078, -1.8433410576639493, -5.148557918986316, -4.027954746306974, -0.21010915720836287
1344, 1763439544.574357, -0.0197908878326416, -0.768165111541748, 2.074467182159424, 0.0244596004486084, -1.3339362144470215, -0.010347366333007812, 0.967047119140625, -1.843342557892453, -5.148561378323694, -4.027953953389193, -0.21013877034006168
1345, 1763439544.599168, -0.019783735275268555, -0.768165111541748, 2.074467182159424, 0.024468660354614258, -1.3339548110961914, -0.010338068008422852, 0.9670394897460938, -1.8433335098549022, -5.148563783022514, -4.027951631910389, -0.21016471544024729
1346, 1763439544.621075, -0.019768714904785156, -0.768165111541748, 2.0744590759277344, 0.0244596004486084, -1.3339638710021973, -0.010310888290405273, 0.9670394897460938, -1.843333225815948, -5.148574919360987, -4.027947649410203, -0.2101604430114481
1347, 1763439544.644703, -0.019768714904785156, -0.7681725025177002, 2.0744590759277344, 0.024450302124023438, -1.3339548110961914, -0.010347366333007812, 0.9670394897460938, -1.843341407149166, -5.148573970312452, -4.027950921778989, -0.2101704529510009
1348, 1763439544.6676, -0.019761323928833008, -0.768165111541748, 2.074450969696045, 0.0244596004486084, -1.3339362144470215, -0.010338068008422852, 0.967047119140625, -1.8433418648573887, -5.14856280248002, -4.027948940632164, -0.21013417949560065
1349, 1763439544.692458, -0.019768714904785156, -0.768165111541748, 2.0744428634643555, 0.024450302124023438, -1.3339638710021973, -0.010347366333007812, 0.9670394897460938, -1.8433338578947631, -5.14857907362259, -4.027945234471331, -0.2101186786175262
1350, 1763439544.707784, -0.019776344299316406, -0.768165111541748, 2.0744428634643555, 0.0244596004486084, -1.3339452743530273, -0.010365486145019531, 0.9670394897460938, -1.8433429225941285, -5.148574557095935, -4.027951915233866, -0.21011389354974863
1351, 1763439544.735486, -0.019768714904785156, -0.768165111541748, 2.074435234069824, 0.024450302124023438, -1.3339362144470215, -0.010338068008422852, 0.9670242309570313, -1.8433317657642798, -5.148561502868919, -4.027952442891646, -0.2101092707169343
1352, 1763439544.753778, -0.019776344299316406, -0.768165111541748, 2.0744428634643555, 0.024450302124023438, -1.3339638710021973, -0.010329008102416992, 0.9670242309570313, -1.8433280386826574, -5.148558976545527, -4.027954555336861, -0.21008520408655595
1353, 1763439544.776033, -0.019783735275268555, -0.768165111541748, 2.0744428634643555, 0.024441242218017578, -1.3339638710021973, -0.010329008102416992, 0.9670394897460938, -1.8433147241373051, -5.148557965173747, -4.02795160282387, -0.2100842432492982
1354, 1763439544.802423, -0.019783735275268555, -0.7681725025177002, 2.074435234069824, 0.024450302124023438, -1.3339729309082031, -0.010347366333007812, 0.9670242309570313, -1.8433106188608788, -5.148546996897669, -4.027955911634306, -0.21006581496109966
1355, 1763439544.819353, -0.0197908878326416, -0.7681872844696045, 2.0744271278381348, 0.0244596004486084, -1.3339548110961914, -0.010347366333007812, 0.9670547485351563, -1.8433142519850565, -5.14854675102078, -4.027952515197185, -0.21005505555153103
1356, 1763439544.8433652, -0.019776344299316406, -0.7681725025177002, 2.0744271278381348, 0.0244596004486084, -1.3339548110961914, -0.010329008102416992, 0.9670319366455078, -1.843319706082057, -5.148541203697214, -4.027954052413297, -0.21004243664524935
1357, 1763439544.867436, -0.0197908878326416, -0.7681798338890076, 2.074435234069824, 0.024441242218017578, -1.3339638710021973, -0.010338068008422852, 0.9670394897460938, -1.8433207849394397, -5.148543149275023, -4.027957332369642, -0.21005297590091487
1358, 1763439544.8846662, -0.0197908878326416, -0.768165111541748, 2.0744271278381348, 0.0244596004486084, -1.3339729309082031, -0.010329008102416992, 0.967047119140625, -1.843315117161845, -5.148551834201253, -4.027953427545855, -0.21005178792867163
1359, 1763439544.905909, -0.019776344299316406, -0.7681725025177002, 2.074435234069824, 0.024468660354614258, -1.3339638710021973, -0.010329008102416992, 0.9670394897460938, -1.8433135734496644, -5.148564503649229, -4.027954075500752, -0.21007050731540655
1360, 1763439544.9309142, -0.019783735275268555, -0.7681798338890076, 2.0744271278381348, 0.0244596004486084, -1.3339548110961914, -0.010338068008422852, 0.9670394897460938, -1.8433219761423079, -5.148560129208604, -4.027957345095257, -0.21005848577804098
1361, 1763439544.947136, -0.0197908878326416, -0.768165111541748, 2.0744271278381348, 0.024450302124023438, -1.3339548110961914, -0.010347366333007812, 0.9670319366455078, -1.8433130782013962, -5.148574125165583, -4.027952354669912, -0.21005626888246365
1362, 1763439544.969652, -0.019783735275268555, -0.7682020664215088, 2.0744190216064453, 0.024450302124023438, -1.3339548110961914, -0.010338068008422852, 0.9670394897460938, -1.8433106848309018, -5.148588619412154, -4.027950383480916, -0.21005164371114393
1363, 1763439544.997231, -0.019783735275268555, -0.7681872844696045, 2.074410915374756, 0.024450302124023438, -1.3339638710021973, -0.010365486145019531, 0.9670319366455078, -1.8433112671556526, -5.148590254777275, -4.027948339978351, -0.21005474818739778
1364, 1763439545.0155451, -0.019776344299316406, -0.7681872844696045, 2.0744190216064453, 0.0244596004486084, -1.3339729309082031, -0.010347366333007812, 0.9670394897460938, -1.8433158120734499, -5.1485957402068125, -4.027947946187858, -0.21008005464605617
1365, 1763439545.0379462, -0.019783735275268555, -0.7681872844696045, 2.0744190216064453, 0.02443218231201172, -1.3339638710021973, -0.010347366333007812, 0.9670319366455078, -1.8433079170430378, -5.148595162999421, -4.0279484539699855, -0.21008994776355738
1366, 1763439545.062625, -0.019776344299316406, -0.7681872844696045, 2.0744190216064453, 0.024450302124023438, -1.3339638710021973, -0.010338068008422852, 0.9670319366455078, -1.8432984107563217, -5.148588634819286, -4.027945270232758, -0.21007417522156047
1367, 1763439545.083779, -0.019776344299316406, -0.7682165503501892, 2.0744190216064453, 0.024468660354614258, -1.333981990814209, -0.010338068008422852, 0.967047119140625, -1.843291111165167, -5.148595471031192, -4.0279431337421086, -0.21007589981542107
1368, 1763439545.1020968, -0.019776344299316406, -0.7682020664215088, 2.074410915374756, 0.024441242218017578, -1.3339548110961914, -0.010365486145019531, 0.9670394897460938, -1.8432815978246864, -5.1485960948292755, -4.027939062032806, -0.21008834774234852
1369, 1763439545.128483, -0.019776344299316406, -0.7682020664215088, 2.0744032859802246, 0.0244596004486084, -1.3339452743530273, -0.010338068008422852, 0.967047119140625, -1.8432845500769575, -5.14858661837907, -4.0279427040900435, -0.21008197152913777
1370, 1763439545.1477509, -0.019776344299316406, -0.7682241797447205, 2.074410915374756, 0.024450302124023438, -1.3339452743530273, -0.010365486145019531, 0.9670166015625, -1.8432796921131445, -5.148584178041056, -4.027943500082893, -0.21006232003052272
1371, 1763439545.170602, -0.019776344299316406, -0.7682020664215088, 2.0744032859802246, 0.024450302124023438, -1.3339548110961914, -0.010347366333007812, 0.9670319366455078, -1.8432712412509633, -5.148578405953863, -4.027942542929941, -0.21005061136450465
1372, 1763439545.1982322, -0.019776344299316406, -0.7681798338890076, 2.074395179748535, 0.0244596004486084, -1.3339548110961914, -0.010338068008422852, 0.9670394897460938, -1.8432815388364738, -5.148562938002374, -4.027946036475177, -0.21002324005021844
1373, 1763439545.2170508, -0.0197908878326416, -0.7682020664215088, 2.0744190216064453, 0.024450302124023438, -1.3339548110961914, -0.010329008102416992, 0.9670547485351563, -1.8432817663615724, -5.148578418702097, -4.0279438706394055, -0.21001627930115507
1374, 1763439545.23899, -0.0197908878326416, -0.7682092189788818, 2.074410915374756, 0.024441242218017578, -1.3339729309082031, -0.010347366333007812, 0.9670319366455078, -1.8432720387615067, -5.148578281728295, -4.027942757238899, -0.21002269535564455
1375, 1763439545.264857, -0.0197908878326416, -0.7682020664215088, 2.0744032859802246, 0.0244596004486084, -1.3339452743530273, -0.010347366333007812, 0.9670319366455078, -1.8432766570613777, -5.14857647293331, -4.027945301406975, -0.21002132297855258
1376, 1763439545.288173, -0.0197908878326416, -0.7681946754455566, 2.0744032859802246, 0.024468660354614258, -1.3339910507202148, -0.010338068008422852, 0.9670319366455078, -1.8432794647755677, -5.148589551836618, -4.027948311686647, -0.21002429951210733
1377, 1763439545.308613, -0.0197908878326416, -0.7682241797447205, 2.074410915374756, 0.024450302124023438, -1.3339452743530273, -0.010329008102416992, 0.967047119140625, -1.8432740461140948, -5.148584579868192, -4.027941757042476, -0.21002192410366938
1378, 1763439545.3380601, -0.019776344299316406, -0.7682092189788818, 2.074410915374756, 0.024468660354614258, -1.3339548110961914, -0.010329008102416992, 0.9670394897460938, -1.8432709399413465, -5.148581062614662, -4.027945111919014, -0.21003186170076482
1379, 1763439545.351553, -0.0197908878326416, -0.7682092189788818, 2.0744032859802246, 0.024477720260620117, -1.3339548110961914, -0.010329008102416992, 0.9670319366455078, -1.8432628297889893, -5.1485962855274465, -4.027940981396941, -0.21004593272494
1380, 1763439545.375239, -0.019776344299316406, -0.7681946754455566, 2.0744032859802246, 0.024468660354614258, -1.3339452743530273, -0.010329008102416992, 0.9670547485351563, -1.8432562759788027, -5.148598443270343, -4.027936588056705, -0.21005700043037212
1381, 1763439545.4020522, -0.019776344299316406, -0.7682165503501892, 2.0744032859802246, 0.024450302124023438, -1.3339452743530273, -0.010356426239013672, 0.9670319366455078, -1.8432516041948153, -5.148599119574746, -4.027937516115822, -0.21007253516865276
1382, 1763439545.420736, -0.019776344299316406, -0.7682387828826904, 2.0744032859802246, 0.0244596004486084, -1.3339452743530273, -0.010338068008422852, 0.9670394897460938, -1.8432529232000192, -5.148602811790501, -4.027936494556595, -0.21006703401727655
1383, 1763439545.442532, -0.019776344299316406, -0.7682241797447205, 2.0744190216064453, 0.0244596004486084, -1.3339452743530273, -0.010319948196411133, 0.9670394897460938, -1.843246088741675, -5.148597536964359, -4.027932175354411, -0.21005723165726398
1384, 1763439545.467545, -0.0197908878326416, -0.7682313919067383, 2.074410915374756, 0.0244596004486084, -1.3339362144470215, -0.010338068008422852, 0.9670242309570313, -1.8432457715902952, -5.148592456924825, -4.0279344002537085, -0.21006172978637583
1385, 1763439545.492328, -0.0197908878326416, -0.7682165503501892, 2.074410915374756, 0.024450302124023438, -1.3339362144470215, -0.010338068008422852, 0.9670319366455078, -1.8432423466921146, -5.14860881621416, -4.027931215315917, -0.210058698568365
1386, 1763439545.5110028, -0.019783735275268555, -0.7682313919067383, 2.074410915374756, 0.0244596004486084, -1.3339638710021973, -0.010347366333007812, 0.9670394897460938, -1.843242231300004, -5.148605468319226, -4.027938144693269, -0.21006705295876849
1387, 1763439545.5349052, -0.01979827880859375, -0.7682313919067383, 2.074395179748535, 0.024450302124023438, -1.3339729309082031, -0.010347366333007812, 0.9670319366455078, -1.8432439983732016, -5.148594585103936, -4.027936821379256, -0.2100656337557396
1388, 1763439545.552734, -0.0197908878326416, -0.7682387828826904, 2.074410915374756, 0.024441242218017578, -1.3339548110961914, -0.010338068008422852, 0.967047119140625, -1.8432420253306483, -5.1485980218050615, -4.02793903396378, -0.2100552186393223
1389, 1763439545.574983, -0.019783735275268555, -0.7682313919067383, 2.074395179748535, 0.024468660354614258, -1.3339548110961914, -0.010338068008422852, 0.9670166015625, -1.8432295729879782, -5.148587629771344, -4.0279388767433, -0.21005168402818875
1390, 1763439545.608803, -0.019768714904785156, -0.7682313919067383, 2.074410915374756, 0.0244596004486084, -1.3339638710021973, -0.010338068008422852, 0.967047119140625, -1.843232269515628, -5.1485796806838, -4.027943403290563, -0.21004776522618673
1391, 1763439545.619445, -0.019776344299316406, -0.7682387828826904, 2.074410915374756, 0.0244596004486084, -1.3339638710021973, -0.010338068008422852, 0.9670319366455078, -1.8432336128107987, -5.148578992592759, -4.0279438148191735, -0.21004495969417114
1392, 1763439545.642998, -0.019783735275268555, -0.7682313919067383, 2.074410915374756, 0.0244596004486084, -1.3339452743530273, -0.010347366333007812, 0.9670319366455078, -1.8432209423959227, -5.148571941723876, -4.02794175763521, -0.21002208176432635
1393, 1763439545.668604, -0.0197908878326416, -0.7682387828826904, 2.074410915374756, 0.024468660354614258, -1.333981990814209, -0.010347366333007812, 0.9670242309570313, -1.8432239541758424, -5.148568399517522, -4.027943237778079, -0.21001244166131094
1394, 1763439545.6931689, -0.0197908878326416, -0.7682387828826904, 2.0744190216064453, 0.024450302124023438, -1.3339548110961914, -0.010329008102416992, 0.967047119140625, -1.843236441223512, -5.148562022688732, -4.027945305438835, -0.21001019798482545
1395, 1763439545.708228, -0.01979827880859375, -0.7682461738586426, 2.0744032859802246, 0.024441242218017578, -1.3339452743530273, -0.010338068008422852, 0.9670166015625, -1.8432373476609563, -5.148559182302901, -4.027947392998426, -0.2100194835684066
1396, 1763439545.73277, -0.019813060760498047, -0.7682387828826904, 2.0744190216064453, 0.0244596004486084, -1.3339638710021973, -0.010329008102416992, 0.9670319366455078, -1.8432357796150516, -5.148568280991172, -4.0279474275601475, -0.21004899770150942
1397, 1763439545.754698, -0.01979827880859375, -0.7682387828826904, 2.074395179748535, 0.0244596004486084, -1.3339548110961914, -0.010347366333007812, 0.967047119140625, -1.8432394107875605, -5.148572056519217, -4.027945787357858, -0.21007313022970653
1398, 1763439545.7778728, -0.0197908878326416, -0.7682387828826904, 2.074395179748535, 0.024450302124023438, -1.3339638710021973, -0.010338068008422852, 0.9670319366455078, -1.8432344806656018, -5.148571825395562, -4.027944331017227, -0.21008840963376318
1399, 1763439545.80261, -0.019776344299316406, -0.7682313919067383, 2.0744032859802246, 0.0244596004486084, -1.3339729309082031, -0.010329008102416992, 0.9670394897460938, -1.8432320058926133, -5.148595812009757, -4.027942251348556, -0.2101078271020782
1400, 1763439545.822091, -0.019776344299316406, -0.7682535648345947, 2.0744032859802246, 0.0244596004486084, -1.3339548110961914, -0.010319948196411133, 0.9670319366455078, -1.8432333073406622, -5.148592387091744, -4.027941313551483, -0.2100995250622395
1401, 1763439545.845633, -0.019776344299316406, -0.7682535648345947, 2.0744032859802246, 0.0244596004486084, -1.333981990814209, -0.010356426239013672, 0.967047119140625, -1.8432305781056724, -5.148592176172128, -4.02793949885036, -0.21010613164231895
1402, 1763439545.866713, -0.019776344299316406, -0.7682387828826904, 2.074395179748535, 0.0244596004486084, -1.3339638710021973, -0.010338068008422852, 0.9670394897460938, -1.8432258397708363, -5.148600170764031, -4.0279343014406255, -0.21009845808123995
1403, 1763439545.891864, -0.019776344299316406, -0.7682387828826904, 2.074410915374756, 0.024450302124023438, -1.3339548110961914, -0.010338068008422852, 0.9670394897460938, -1.8432336611758606, -5.148606658765513, -4.027938457209505, -0.21009813178270953
1404, 1763439545.9104881, -0.0197908878326416, -0.7682535648345947, 2.074410915374756, 0.024450302124023438, -1.3339452743530273, -0.010329008102416992, 0.9670394897460938, -1.8432251873499483, -5.148607022217043, -4.027940629292993, -0.21011374537394634
1405, 1763439545.9342568, -0.019776344299316406, -0.7682535648345947, 2.0744190216064453, 0.024441242218017578, -1.3339729309082031, -0.010319948196411133, 0.9670394897460938, -1.843219098386199, -5.148613751178657, -4.027938488508046, -0.2101082038487041
1406, 1763439545.954588, -0.019768714904785156, -0.7682461738586426, 2.074410915374756, 0.024450302124023438, -1.3339452743530273, -0.010310888290405273, 0.9670319366455078, -1.8432225911605151, -5.1486110021842455, -4.027934604203765, -0.21010726854008688
1407, 1763439545.97644, -0.019776344299316406, -0.7682461738586426, 2.0744032859802246, 0.024477720260620117, -1.3339638710021973, -0.010329008102416992, 0.9670242309570313, -1.8432175944786753, -5.148605092633879, -4.027940179923586, -0.21010084870936385
1408, 1763439546.003443, -0.019776344299316406, -0.7682535648345947, 2.0744032859802246, 0.0244596004486084, -1.3339638710021973, -0.010319948196411133, 0.9670242309570313, -1.843208336770314, -5.148611371481096, -4.0279412603763305, -0.21008347193374988
1409, 1763439546.0218198, -0.019761323928833008, -0.7682535648345947, 2.074410915374756, 0.024450302124023438, -1.3339638710021973, -0.010347366333007812, 0.9670319366455078, -1.8431980625658633, -5.148595748690879, -4.027938105832712, -0.21004717959617025
1410, 1763439546.044797, -0.019783735275268555, -0.7682535648345947, 2.0744190216064453, 0.024450302124023438, -1.3339271545410156, -0.010338068008422852, 0.9670319366455078, -1.843194016626416, -5.148596018169567, -4.027940191081306, -0.2100562232417138
