# Arm joint positions + body pose collected at 50.0 Hz
# Timestamp: 20251118_125208
# Format: timestep, timestamp_utc, arm0.sh0, arm0.sh1, arm0.el0, arm0.el1, arm0.wr0, arm0.wr1, gripper_open_percentage, body_x, body_y, body_z, body_theta
# Body pose is in odom frame (x, y, z in meters, theta in radians)

0, 1763488328.6991491, 0.0006818771362304688, -3.1184818744659424, 3.1389219760894775, 1.5593626499176025, -0.001810908317565918, -1.5674562454223633, 0.02634662389755249, 0.18584683552968495, -5.359590535294765, -4.007620010143589, -0.19649937282598096
1, 1763488328.706402, 0.0006966590881347656, -3.118467092514038, 3.138913869857788, 1.5593626499176025, -0.001810908317565918, -1.5674471855163574, 0.026369452476501465, 0.1858425865731116, -5.359591875033924, -4.007622094066771, -0.1964909831731827
2, 1763488328.730654, 0.0006818771362304688, -3.1184890270233154, 3.138913869857788, 1.5593626499176025, -0.0017837285995483398, -1.5674562454223633, 0.02636188268661499, 0.18583321145643228, -5.359601077571727, -4.007621787108177, -0.1964902003325557
3, 1763488328.754954, 0.0006892681121826172, -3.118474245071411, 3.1389219760894775, 1.5593717098236084, -0.0017927885055541992, -1.5674562454223633, 0.02636188268661499, 0.18583064390565618, -5.359589756831785, -4.007624365910713, -0.1964903486301237
4, 1763488328.7764149, 0.0006892681121826172, -3.1184890270233154, 3.1389219760894775, 1.5593808889389038, -0.001810908317565918, -1.5674562454223633, 0.026354193687438965, 0.18583800730081979, -5.359578933307092, -4.007620518853909, -0.19651179845600808
5, 1763488328.8009422, 0.0006966590881347656, -3.1184890270233154, 3.1389219760894775, 1.5593626499176025, -0.0018018484115600586, -1.5674200057983398, 0.02636188268661499, 0.1858323925282146, -5.359599144639639, -4.007624657215602, -0.19649043760866292
6, 1763488328.8193438, 0.0006742477416992188, -3.1184818744659424, 3.138913869857788, 1.5593808889389038, -0.0018018484115600586, -1.5674471855163574, 0.02636188268661499, 0.18583550896694734, -5.359598305907103, -4.007623020882505, -0.19649987076561182
7, 1763488328.8409479, 0.0006892681121826172, -3.1184818744659424, 3.138913869857788, 1.5593534708023071, -0.0018018484115600586, -1.567483901977539, 0.026338934898376465, 0.18584847976580343, -5.3595937747824935, -4.007617944387494, -0.19649726700130987
8, 1763488328.867193, 0.0006892681121826172, -3.1184890270233154, 3.138913869857788, 1.5593626499176025, -0.001810908317565918, -1.5674471855163574, 0.026338934898376465, 0.185831665838894, -5.359602476643188, -4.007621082884243, -0.19650790450441846
9, 1763488328.8863978, 0.0006966590881347656, -3.1184966564178467, 3.138929843902588, 1.5593717098236084, -0.0018018484115600586, -1.5674471855163574, 0.026369452476501465, 0.18583097290816764, -5.359608287112983, -4.007620223315185, -0.196506825068532
10, 1763488328.910702, 0.0006966590881347656, -3.118474245071411, 3.138913869857788, 1.5593626499176025, -0.0017927885055541992, -1.5674471855163574, 0.02636188268661499, 0.18583923378043288, -5.359609768187449, -4.007623750860798, -0.19650489720150066
11, 1763488328.931977, 0.0006742477416992188, -3.118474245071411, 3.1389060020446777, 1.5593626499176025, -0.0018018484115600586, -1.5674290657043457, 0.02636188268661499, 0.18583793573545326, -5.359615785372534, -4.007622899614249, -0.19650893631570998
12, 1763488328.9589388, 0.0006966590881347656, -3.118504047393799, 3.138913869857788, 1.5593717098236084, -0.001810908317565918, -1.5674381256103516, 0.02636188268661499, 0.18584009301970306, -5.359616332745821, -4.007621085782373, -0.19651605374558834
13, 1763488328.974255, 0.0006892681121826172, -3.1184818744659424, 3.1389219760894775, 1.5593808889389038, -0.0018018484115600586, -1.5674471855163574, 0.026354193687438965, 0.18584135410878322, -5.3596147589790375, -4.007623349471212, -0.19652628771049763
14, 1763488329.013016, 0.0006892681121826172, -3.1184890270233154, 3.1389219760894775, 1.5593626499176025, -0.0017837285995483398, -1.5674471855163574, 0.02636188268661499, 0.18584822509233812, -5.359621949757704, -4.007618352853942, -0.19654483717862803
15, 1763488329.0194821, 0.0007038116455078125, -3.118459463119507, 3.1389219760894775, 1.5593717098236084, -0.001820206642150879, -1.5674653053283691, 0.02633136510848999, 0.18585081903285472, -5.359613991763421, -4.007620542653437, -0.19653981930360764
16, 1763488329.043533, 0.0007038116455078125, -3.1184890270233154, 3.1389219760894775, 1.5593808889389038, -0.0017653703689575195, -1.5674653053283691, 0.02636188268661499, 0.18584942708005536, -5.359607351479747, -4.007622595358659, -0.19653487871036468
17, 1763488329.069108, 0.0006966590881347656, -3.1184818744659424, 3.138929843902588, 1.5593717098236084, -0.0017927885055541992, -1.5674562454223633, 0.026354193687438965, 0.18586488247919208, -5.359615150729332, -4.007620751515233, -0.19655169310289278
18, 1763488329.0947368, 0.0006966590881347656, -3.1184966564178467, 3.1389219760894775, 1.5593717098236084, -0.0017837285995483398, -1.5674381256103516, 0.02634662389755249, 0.18586544993252607, -5.359624388540502, -4.00762027570624, -0.19656204884052375
19, 1763488329.126015, 0.0006818771362304688, -3.1184890270233154, 3.138913869857788, 1.5593717098236084, -0.0017927885055541992, -1.5674290657043457, 0.026354193687438965, 0.18585892817856542, -5.359617401014483, -4.0076236318345115, -0.19654911899810035
20, 1763488329.134274, 0.0006892681121826172, -3.1184818744659424, 3.138929843902588, 1.5593808889389038, -0.001820206642150879, -1.5674471855163574, 0.026354193687438965, 0.18586266979448018, -5.359617071744571, -4.007623184597696, -0.19654242849731673
21, 1763488329.156985, 0.0006818771362304688, -3.118474245071411, 3.1389219760894775, 1.5593626499176025, -0.001810908317565918, -1.5674471855163574, 0.02636188268661499, 0.18586401029365307, -5.359621551806071, -4.007621229416431, -0.1965519537721665
22, 1763488329.176328, 0.0006742477416992188, -3.1184966564178467, 3.138913869857788, 1.5593808889389038, -0.001820206642150879, -1.5674381256103516, 0.02636188268661499, 0.1858611334686302, -5.359623116093048, -4.007622993027325, -0.19654574722158813
23, 1763488329.201879, 0.0007038116455078125, -3.1184818744659424, 3.138913869857788, 1.5593808889389038, -0.0018292665481567383, -1.5674381256103516, 0.026354193687438965, 0.18586761056867118, -5.359617399243958, -4.007622489577724, -0.19655314014940206
24, 1763488329.2221088, 0.0006966590881347656, -3.1184890270233154, 3.138913869857788, 1.5593626499176025, -0.0018018484115600586, -1.5674471855163574, 0.02634662389755249, 0.18586902571710961, -5.359620044584088, -4.00762349088003, -0.19654766881879215
25, 1763488329.243999, 0.0006892681121826172, -3.118474245071411, 3.1389219760894775, 1.5593626499176025, -0.0018018484115600586, -1.5674653053283691, 0.02636188268661499, 0.185860715413949, -5.359624369598744, -4.007622521175845, -0.19654439771705334
26, 1763488329.268571, 0.0006966590881347656, -3.1184890270233154, 3.1389219760894775, 1.5593717098236084, -0.0018018484115600586, -1.5674381256103516, 0.026338934898376465, 0.18586917328997787, -5.359623097792436, -4.007621421610961, -0.19655256492327666
27, 1763488329.290647, 0.0006966590881347656, -3.1184966564178467, 3.138913869857788, 1.5593899488449097, -0.0018018484115600586, -1.5674471855163574, 0.02636188268661499, 0.1858725846810546, -5.359615870626285, -4.00762205657729, -0.19653377817668094
28, 1763488329.318369, 0.0006892681121826172, -3.118467092514038, 3.1389219760894775, 1.5593808889389038, -0.0018018484115600586, -1.5674471855163574, 0.026369452476501465, 0.18587247661581674, -5.359617327227603, -4.007625115902604, -0.19654431187198096
29, 1763488329.3373828, 0.0006892681121826172, -3.1184890270233154, 3.1389219760894775, 1.5593626499176025, -0.0017927885055541992, -1.5674562454223633, 0.026338934898376465, 0.18587677794906265, -5.359611439061371, -4.007619135759265, -0.19655316980883164
30, 1763488329.3612869, 0.0006892681121826172, -3.1184818744659424, 3.1389219760894775, 1.5593534708023071, -0.001810908317565918, -1.5674748420715332, 0.026354193687438965, 0.1858771381801433, -5.359614933491636, -4.007625148225026, -0.19656064001827112
31, 1763488329.3862772, 0.0006668567657470703, -3.1184890270233154, 3.138913869857788, 1.5593534708023071, -0.0018018484115600586, -1.5674471855163574, 0.02634662389755249, 0.18588395957280135, -5.359623889915482, -4.007622251948106, -0.19656448321369346
32, 1763488329.4047449, 0.0006818771362304688, -3.1184890270233154, 3.1389219760894775, 1.5593626499176025, -0.0018018484115600586, -1.5674471855163574, 0.026369452476501465, 0.1859009169315058, -5.3596191026795, -4.007618819802215, -0.19657733577681658
33, 1763488329.427835, 0.0006892681121826172, -3.1184818744659424, 3.1389060020446777, 1.5593717098236084, -0.001810908317565918, -1.5674562454223633, 0.02634662389755249, 0.18589730262295312, -5.359616678134081, -4.007620723489314, -0.19657208689065087
34, 1763488329.45024, 0.0006892681121826172, -3.1184818744659424, 3.138913869857788, 1.5593808889389038, -0.0017927885055541992, -1.5674381256103516, 0.026354193687438965, 0.18590173273013766, -5.359624264732039, -4.007620241266092, -0.1965722734136106
35, 1763488329.4725251, 0.0006892681121826172, -3.1184818744659424, 3.138929843902588, 1.5593534708023071, -0.001810908317565918, -1.5674381256103516, 0.02636188268661499, 0.1858993832545911, -5.359620947016535, -4.0076208037751115, -0.19656189114685585
36, 1763488329.495726, 0.0006966590881347656, -3.1184890270233154, 3.138913869857788, 1.5593534708023071, -0.0018018484115600586, -1.5674381256103516, 0.02636188268661499, 0.18590511487541028, -5.359624129132043, -4.007619099133843, -0.19656884231737326
37, 1763488329.518873, 0.0006818771362304688, -3.1184890270233154, 3.138913869857788, 1.5593717098236084, -0.001820206642150879, -1.5674653053283691, 0.026354193687438965, 0.18590515521087658, -5.3596258889012365, -4.007619605511962, -0.1965684270856265
38, 1763488329.5380611, 0.0007038116455078125, -3.1184818744659424, 3.1389219760894775, 1.5593808889389038, -0.0017927885055541992, -1.5674653053283691, 0.026354193687438965, 0.18590868979734132, -5.359628200806582, -4.007621057719149, -0.19656988583121127
39, 1763488329.5615082, 0.0006892681121826172, -3.118467092514038, 3.1389219760894775, 1.5593717098236084, -0.001820206642150879, -1.5674471855163574, 0.02636188268661499, 0.18591357467778524, -5.359637267049789, -4.007618494425701, -0.1965522885900839
40, 1763488329.58686, 0.0006818771362304688, -3.118474245071411, 3.138913869857788, 1.5593626499176025, -0.0017927885055541992, -1.5674471855163574, 0.02636188268661499, 0.18591784610521733, -5.3596379281436315, -4.007618894899214, -0.19655207470845593
41, 1763488329.607572, 0.0006818771362304688, -3.118474245071411, 3.138929843902588, 1.5593808889389038, -0.001820206642150879, -1.5674381256103516, 0.02636188268661499, 0.18592363246368082, -5.359636212731567, -4.007620429068222, -0.19655736495189124
42, 1763488329.630259, 0.0006966590881347656, -3.1184890270233154, 3.1389219760894775, 1.5593808889389038, -0.001810908317565918, -1.5674471855163574, 0.026354193687438965, 0.18592460204126982, -5.359639409327211, -4.007622084764224, -0.19655684904427595
43, 1763488329.6550112, 0.0006966590881347656, -3.1184890270233154, 3.1389219760894775, 1.5593534708023071, -0.001810908317565918, -1.5674381256103516, 0.02636188268661499, 0.18593642542880828, -5.359625892250416, -4.0076173164861135, -0.19656192310719423
44, 1763488329.673774, 0.0006966590881347656, -3.118474245071411, 3.138929843902588, 1.5593717098236084, -0.0017927885055541992, -1.5674562454223633, 0.02634662389755249, 0.18594217663658752, -5.359619071553678, -4.007617802433162, -0.1965622493608814
45, 1763488329.6975832, 0.0006818771362304688, -3.118474245071411, 3.138929843902588, 1.5593808889389038, -0.001820206642150879, -1.5674748420715332, 0.02636188268661499, 0.18595587931002178, -5.35963445561301, -4.0076218057602055, -0.19658969500735335
46, 1763488329.722732, 0.0006966590881347656, -3.1184818744659424, 3.138929843902588, 1.5593626499176025, -0.0018018484115600586, -1.5674653053283691, 0.026354193687438965, 0.18595831405357954, -5.35964774385855, -4.007619830167585, -0.19658856795047974
47, 1763488329.746303, 0.0006818771362304688, -3.1184818744659424, 3.1389219760894775, 1.5593808889389038, -0.0018292665481567383, -1.5674471855163574, 0.026354193687438965, 0.1859668009028207, -5.359650366152695, -4.007620000372074, -0.19658729259649732
48, 1763488329.76756, 0.0006818771362304688, -3.1184818744659424, 3.138913869857788, 1.5593626499176025, -0.001820206642150879, -1.5674471855163574, 0.026354193687438965, 0.1859631791860431, -5.359656842714822, -4.007623576502426, -0.1965886389683673
49, 1763488329.7906492, 0.0006966590881347656, -3.1184890270233154, 3.138913869857788, 1.5593717098236084, -0.0018018484115600586, -1.5674471855163574, 0.02636188268661499, 0.18596667692877789, -5.359664296590034, -4.007617633932806, -0.19659047158969933
50, 1763488329.8118012, 0.0007038116455078125, -3.118474245071411, 3.1389379501342773, 1.5593626499176025, -0.0018018484115600586, -1.5674381256103516, 0.02636188268661499, 0.1859703706089062, -5.359673004563081, -4.0076193229950725, -0.19660302443738864
51, 1763488329.833428, 0.0006892681121826172, -3.1184818744659424, 3.1389219760894775, 1.5593534708023071, -0.0018018484115600586, -1.5674562454223633, 0.026354193687438965, 0.1859654481394809, -5.35967517039629, -4.007622443526373, -0.1965884992398843
52, 1763488329.863057, 0.0006818771362304688, -3.1184890270233154, 3.1389219760894775, 1.5593717098236084, -0.0017837285995483398, -1.5674471855163574, 0.02636188268661499, 0.18596809815400228, -5.3596721668003795, -4.007618746796166, -0.1965926125043831
53, 1763488329.879345, 0.0006818771362304688, -3.118474245071411, 3.138929843902588, 1.5593808889389038, -0.001820206642150879, -1.5674562454223633, 0.026354193687438965, 0.18597065100362475, -5.3596715721552926, -4.0076205834071255, -0.19657661916622526
54, 1763488329.90357, 0.0006892681121826172, -3.118459463119507, 3.1389219760894775, 1.5593534708023071, -0.001820206642150879, -1.5674562454223633, 0.02634662389755249, 0.18597913155258305, -5.359680595383616, -4.007621154901122, -0.1965563853575647
55, 1763488329.92641, 0.0006966590881347656, -3.118474245071411, 3.1389219760894775, 1.5593808889389038, -0.0018383264541625977, -1.5674471855163574, 0.026354193687438965, 0.18599222409885963, -5.359675168365709, -4.007620910596979, -0.19654309959074112
56, 1763488329.945196, 0.0006892681121826172, -3.1184818744659424, 3.1389219760894775, 1.5593717098236084, -0.001810908317565918, -1.5674471855163574, 0.02634662389755249, 0.18600534850285, -5.359679141961907, -4.0076219214341835, -0.1965337904872939
57, 1763488329.966584, 0.0007038116455078125, -3.1184890270233154, 3.1389219760894775, 1.5593534708023071, -0.001810908317565918, -1.5674562454223633, 0.02636188268661499, 0.18600258198165998, -5.359690009220337, -4.007625424488375, -0.1965398339152742
58, 1763488329.9943511, 0.0006742477416992188, -3.1184818744659424, 3.1389219760894775, 1.5593808889389038, -0.001810908317565918, -1.5674381256103516, 0.026354193687438965, 0.1860201004654194, -5.359685130543898, -4.007622051569026, -0.19654995238858852
59, 1763488330.012429, 0.0006892681121826172, -3.1184890270233154, 3.138929843902588, 1.5593626499176025, -0.001820206642150879, -1.5674381256103516, 0.02634662389755249, 0.18601885941921648, -5.359687788397958, -4.007624572064847, -0.19651742326301935
60, 1763488330.033952, 0.0006892681121826172, -3.118474245071411, 3.138929843902588, 1.5593717098236084, -0.0018018484115600586, -1.5674653053283691, 0.02636188268661499, 0.18601275562145536, -5.359698167356208, -4.007625477120034, -0.19653746429036634
61, 1763488330.056938, 0.0006668567657470703, -3.1184890270233154, 3.1389219760894775, 1.5593808889389038, -0.001810908317565918, -1.5674653053283691, 0.026323676109313965, 0.18601500695067474, -5.359701033690362, -4.007620146451778, -0.19652228657871706
62, 1763488330.078895, 0.0006892681121826172, -3.1184890270233154, 3.138929843902588, 1.5593717098236084, -0.001810908317565918, -1.5674562454223633, 0.026354193687438965, 0.18601752901504964, -5.359707344277238, -4.007623397694798, -0.19652382573847316
63, 1763488330.098461, 0.0006892681121826172, -3.1184890270233154, 3.138929843902588, 1.5593442916870117, -0.001810908317565918, -1.5674653053283691, 0.026354193687438965, 0.1860236326110336, -5.359709770092145, -4.0076235268077705, -0.19653691245619687
64, 1763488330.1323972, 0.0006892681121826172, -3.1184818744659424, 3.1389219760894775, 1.5593626499176025, -0.001810908317565918, -1.5674562454223633, 0.026354193687438965, 0.18603704491525952, -5.359700668140231, -4.007622385034873, -0.19653481290004038
65, 1763488330.14225, 0.0006892681121826172, -3.1184818744659424, 3.1389219760894775, 1.5593717098236084, -0.001810908317565918, -1.5674471855163574, 0.026338934898376465, 0.18604822889125217, -5.359696087417261, -4.0076216160080635, -0.19651501770722124
66, 1763488330.16656, 0.0006818771362304688, -3.1184818744659424, 3.1389379501342773, 1.5593717098236084, -0.0017837285995483398, -1.5674471855163574, 0.026354193687438965, 0.18604690992027006, -5.359709565003629, -4.007621603213761, -0.1965208449578606
67, 1763488330.1943948, 0.0006818771362304688, -3.1184890270233154, 3.1389219760894775, 1.5593626499176025, -0.0018292665481567383, -1.5674471855163574, 0.02634662389755249, 0.18605403718078617, -5.359702358873187, -4.007620415138879, -0.19651757385088064
68, 1763488330.211482, 0.0006818771362304688, -3.1184890270233154, 3.1389219760894775, 1.5593717098236084, -0.0018018484115600586, -1.5674381256103516, 0.02634662389755249, 0.1860593861160348, -5.359704574849044, -4.0076233565036805, -0.19651604952049517
69, 1763488330.232351, 0.0006892681121826172, -3.1184818744659424, 3.1389219760894775, 1.5593717098236084, -0.0018018484115600586, -1.5674653053283691, 0.026338934898376465, 0.1860646976139968, -5.359703002143114, -4.007618912112664, -0.1965188132810205
70, 1763488330.2610009, 0.0006966590881347656, -3.118474245071411, 3.1389219760894775, 1.5593626499176025, -0.001810908317565918, -1.5674653053283691, 0.026338934898376465, 0.18606440473581753, -5.359704818487805, -4.007622377464319, -0.19651721793664656
71, 1763488330.278489, 0.0006966590881347656, -3.1184818744659424, 3.138929843902588, 1.5593717098236084, -0.0018018484115600586, -1.5674653053283691, 0.02634662389755249, 0.18607216497967416, -5.359710358370979, -4.007621679270447, -0.19653270394208455
72, 1763488330.299529, 0.0006892681121826172, -3.118504047393799, 3.1389219760894775, 1.5593626499176025, -0.0017837285995483398, -1.5674562454223633, 0.026354193687438965, 0.18607547911754663, -5.35970406692694, -4.007621884902404, -0.19653209278836847
73, 1763488330.324553, 0.0006818771362304688, -3.1184890270233154, 3.138929843902588, 1.5593717098236084, -0.0017927885055541992, -1.5674562454223633, 0.02634662389755249, 0.1860862809609578, -5.359696793093585, -4.0076243934332245, -0.19652845407167963
74, 1763488330.344675, 0.0006966590881347656, -3.1184818744659424, 3.138929843902588, 1.5593717098236084, -0.001820206642150879, -1.5674471855163574, 0.026338934898376465, 0.18608991423691723, -5.359705007367449, -4.007622042980002, -0.19652542024057773
75, 1763488330.368235, 0.0006818771362304688, -3.1184966564178467, 3.1389219760894775, 1.5593808889389038, -0.001820206642150879, -1.5674748420715332, 0.026354193687438965, 0.18609535839028923, -5.359712380995913, -4.007622752467914, -0.19651945638615942
76, 1763488330.392653, 0.0006892681121826172, -3.1184818744659424, 3.1389379501342773, 1.5593717098236084, -0.001774430274963379, -1.5674562454223633, 0.026338934898376465, 0.18609153536367362, -5.359720047377516, -4.007620822224436, -0.1965335663616159
77, 1763488330.415373, 0.0006892681121826172, -3.1184818744659424, 3.138929843902588, 1.5593626499176025, -0.0017927885055541992, -1.5674471855163574, 0.02636188268661499, 0.18609557014873812, -5.359719584358318, -4.007620362129338, -0.19650681998183384
78, 1763488330.432565, 0.0006742477416992188, -3.118474245071411, 3.1389219760894775, 1.5593899488449097, -0.0017837285995483398, -1.5674562454223633, 0.026369452476501465, 0.1861010834713236, -5.35972527658872, -4.007622572024142, -0.19650177557170245
79, 1763488330.460892, 0.0006966590881347656, -3.1184966564178467, 3.1389219760894775, 1.5593626499176025, -0.001820206642150879, -1.5674381256103516, 0.026369452476501465, 0.18610193081039783, -5.35973412940565, -4.007624992509933, -0.19652428691013402
80, 1763488330.4787462, 0.0006966590881347656, -3.1184818744659424, 3.1389219760894775, 1.5593717098236084, -0.001820206642150879, -1.5674562454223633, 0.02633136510848999, 0.18610990235255542, -5.359737312562993, -4.007620335449458, -0.1965171218436037
81, 1763488330.504555, 0.0006966590881347656, -3.1184890270233154, 3.1389219760894775, 1.5593626499176025, -0.001810908317565918, -1.5674562454223633, 0.026369452476501465, 0.18611708542396455, -5.35974950037309, -4.0076215383047655, -0.1965245327471461
82, 1763488330.528363, 0.0007038116455078125, -3.118474245071411, 3.1389219760894775, 1.5593626499176025, -0.0018018484115600586, -1.5674471855163574, 0.026338934898376465, 0.18610492535182266, -5.35975043870012, -4.007622774660918, -0.1965439423755324
83, 1763488330.546587, 0.0006742477416992188, -3.118474245071411, 3.1389379501342773, 1.5593808889389038, -0.0017927885055541992, -1.5674471855163574, 0.02634662389755249, 0.18610413525916647, -5.359753595948297, -4.00762499148473, -0.1965629781262379
84, 1763488330.5711381, 0.0006892681121826172, -3.1184818744659424, 3.138929843902588, 1.5593626499176025, -0.001810908317565918, -1.5674653053283691, 0.026354193687438965, 0.18609752284568315, -5.359748218372291, -4.007620640780099, -0.19658019921547076
85, 1763488330.594215, 0.0006892681121826172, -3.1184818744659424, 3.1389219760894775, 1.5593626499176025, -0.001810908317565918, -1.5674381256103516, 0.02634662389755249, 0.18608635049428146, -5.359755873160815, -4.007625674337359, -0.19656860402749832
86, 1763488330.612662, 0.0006742477416992188, -3.1184818744659424, 3.1389219760894775, 1.5593717098236084, -0.0017927885055541992, -1.5674653053283691, 0.026354193687438965, 0.18609356374435992, -5.359756057940316, -4.007625659048864, -0.1965651877560921
87, 1763488330.6331048, 0.0007038116455078125, -3.1184890270233154, 3.1389219760894775, 1.5593717098236084, -0.001810908317565918, -1.5674471855163574, 0.026338934898376465, 0.18610256327288033, -5.359766794156357, -4.007620746962429, -0.19656534461911512
88, 1763488330.658983, 0.0006818771362304688, -3.1184890270233154, 3.1389219760894775, 1.5593534708023071, -0.0017927885055541992, -1.5674562454223633, 0.02634662389755249, 0.1860948954927183, -5.359768299656827, -4.007623977408331, -0.19654736178008037
89, 1763488330.679861, 0.0006966590881347656, -3.1184890270233154, 3.138929843902588, 1.5593808889389038, -0.0017927885055541992, -1.5674562454223633, 0.02634662389755249, 0.18609124079728856, -5.3597655735730765, -4.007624686212541, -0.19654246566758626
90, 1763488330.698686, 0.0006966590881347656, -3.1184890270233154, 3.1389219760894775, 1.5593626499176025, -0.0018292665481567383, -1.5674562454223633, 0.02636188268661499, 0.1861030410711656, -5.359764033571267, -4.00761902381599, -0.19654443175713165
91, 1763488330.725556, 0.0006966590881347656, -3.118474245071411, 3.138929843902588, 1.5593717098236084, -0.0017927885055541992, -1.5674653053283691, 0.02634662389755249, 0.18610053482562472, -5.359770547636447, -4.0076235261685635, -0.19654487351624805
92, 1763488330.7439811, 0.0006892681121826172, -3.1184818744659424, 3.138929843902588, 1.5593717098236084, -0.001810908317565918, -1.5674471855163574, 0.026354193687438965, 0.18610038381781757, -5.359769894804753, -4.007624671744834, -0.1965443014226853
93, 1763488330.765265, 0.0006742477416992188, -3.118474245071411, 3.1389219760894775, 1.5593717098236084, -0.0017927885055541992, -1.5674471855163574, 0.02636188268661499, 0.1861096609021241, -5.359773232324385, -4.0076218924340825, -0.19654716586033594
94, 1763488330.791477, 0.0006892681121826172, -3.1184890270233154, 3.138929843902588, 1.5593717098236084, -0.0018018484115600586, -1.5674471855163574, 0.02636188268661499, 0.1861131139700981, -5.359773499551476, -4.007625350272726, -0.19652790452932223
95, 1763488330.8087611, 0.0006892681121826172, -3.1184890270233154, 3.1389219760894775, 1.5593717098236084, -0.0017837285995483398, -1.5674290657043457, 0.02636188268661499, 0.1861240814232562, -5.359774973925816, -4.00762892263953, -0.19655230781317368
96, 1763488330.830139, 0.0006892681121826172, -3.1184890270233154, 3.138929843902588, 1.5593626499176025, -0.001820206642150879, -1.5674471855163574, 0.02634662389755249, 0.1861238831644123, -5.359776424993226, -4.007626914319604, -0.19654482589378297
97, 1763488330.8570292, 0.0006818771362304688, -3.1184966564178467, 3.1389219760894775, 1.5593899488449097, -0.0018018484115600586, -1.5674471855163574, 0.026338934898376465, 0.1861263341837882, -5.359770046962292, -4.007625468909019, -0.1965557272177465
98, 1763488330.8754718, 0.0006966590881347656, -3.1184818744659424, 3.1389219760894775, 1.5593808889389038, -0.0017927885055541992, -1.5674471855163574, 0.02633136510848999, 0.18612836146893874, -5.359766985238, -4.00762528101, -0.19655033859025295
99, 1763488330.899253, 0.0006966590881347656, -3.1184818744659424, 3.138929843902588, 1.559399127960205, -0.0018018484115600586, -1.5674562454223633, 0.026354193687438965, 0.18612686801683087, -5.359783752310496, -4.007621564501243, -0.19656002700910502
100, 1763488330.9230568, 0.0006966590881347656, -3.1184818744659424, 3.1389219760894775, 1.5593808889389038, -0.0017837285995483398, -1.5674562454223633, 0.026354193687438965, 0.18611980148013585, -5.359786002223054, -4.007627837780539, -0.1965646741491831
101, 1763488330.945278, 0.0006668567657470703, -3.118504047393799, 3.138929843902588, 1.5593626499176025, -0.0018018484115600586, -1.5674653053283691, 0.02636188268661499, 0.1861310357740602, -5.359786862994616, -4.007627024472129, -0.1965584433595886
102, 1763488330.9657578, 0.0007112026214599609, -3.1184890270233154, 3.1389219760894775, 1.5593808889389038, -0.001810908317565918, -1.5674653053283691, 0.026369452476501465, 0.18613261077771737, -5.359792834431195, -4.007624683105404, -0.1965671413185186
103, 1763488330.987953, 0.0006818771362304688, -3.1184818744659424, 3.1389219760894775, 1.5593626499176025, -0.001810908317565918, -1.5674381256103516, 0.02636188268661499, 0.1861470452721724, -5.3597911959852835, -4.007624188788205, -0.19656244655691335
104, 1763488331.009257, 0.0006966590881347656, -3.118474245071411, 3.138929843902588, 1.5593808889389038, -0.0018018484115600586, -1.567483901977539, 0.02636188268661499, 0.18615394930917406, -5.359785136624338, -4.007624062174843, -0.19656741995153837
105, 1763488331.028867, 0.0006892681121826172, -3.1184966564178467, 3.1389219760894775, 1.5593899488449097, -0.001774430274963379, -1.5674381256103516, 0.026354193687438965, 0.1861505868078105, -5.35979036311941, -4.007624329102804, -0.19656948985029477
106, 1763488331.064713, 0.0006818771362304688, -3.1184890270233154, 3.138929843902588, 1.5593808889389038, -0.0017927885055541992, -1.5674562454223633, 0.026354193687438965, 0.18614976752044676, -5.359786439929634, -4.007623228917998, -0.19657696007371328
107, 1763488331.072608, 0.0006742477416992188, -3.118504047393799, 3.138929843902588, 1.5593626499176025, -0.0018018484115600586, -1.5674653053283691, 0.02633136510848999, 0.18615103471320837, -5.359785303826914, -4.007620320056016, -0.19657905963210442
108, 1763488331.095021, 0.0006892681121826172, -3.1184890270233154, 3.1389219760894775, 1.5593808889389038, -0.001820206642150879, -1.5674748420715332, 0.02634662389755249, 0.18613823579307331, -5.359792861359355, -4.007621129311224, -0.1965822004020703
109, 1763488331.1210282, 0.0006818771362304688, -3.1184890270233154, 3.138929843902588, 1.5593808889389038, -0.001820206642150879, -1.5674471855163574, 0.02636188268661499, 0.18613071433404238, -5.359787077498176, -4.007626129369583, -0.19656930019555485
110, 1763488331.142894, 0.0006818771362304688, -3.1184890270233154, 3.138929843902588, 1.5593717098236084, -0.001810908317565918, -1.5674653053283691, 0.026338934898376465, 0.18613337233802296, -5.359786188795674, -4.007621051601772, -0.19656429484025573
111, 1763488331.16675, 0.0006966590881347656, -3.1184890270233154, 3.138929843902588, 1.5593717098236084, -0.0018018484115600586, -1.5674562454223633, 0.02636188268661499, 0.18611230707843218, -5.359790967238673, -4.007623983490161, -0.19656698758716828
112, 1763488331.185759, 0.0006818771362304688, -3.1184818744659424, 3.1389219760894775, 1.5593717098236084, -0.0018292665481567383, -1.5674562454223633, 0.026338934898376465, 0.18610343076423264, -5.359790495767044, -4.007624562085688, -0.19659434511395535
113, 1763488331.2061372, 0.0006892681121826172, -3.1184890270233154, 3.1389219760894775, 1.5593808889389038, -0.0018018484115600586, -1.5674653053283691, 0.02634662389755249, 0.18610710390968954, -5.359778664945818, -4.0076216853718165, -0.19659076884617122
114, 1763488331.227745, 0.0006892681121826172, -3.1184890270233154, 3.1389458179473877, 1.5593626499176025, -0.0018018484115600586, -1.5674748420715332, 0.026354193687438965, 0.1860987162452955, -5.359781939378693, -4.007621781009754, -0.19656901069366217
115, 1763488331.255123, 0.0006892681121826172, -3.1184818744659424, 3.1389219760894775, 1.5593717098236084, -0.0018292665481567383, -1.5674562454223633, 0.02634662389755249, 0.18608099142225143, -5.35977221001655, -4.007625475598744, -0.19657991514558404
116, 1763488331.273267, 0.0006966590881347656, -3.1184966564178467, 3.138929843902588, 1.5593808889389038, -0.0018018484115600586, -1.5674562454223633, 0.026354193687438965, 0.18609658876009794, -5.3597707419656215, -4.007622029580804, -0.19658889173419336
117, 1763488331.295848, 0.0006818771362304688, -3.1184966564178467, 3.138929843902588, 1.5593899488449097, -0.0017927885055541992, -1.5674562454223633, 0.026338934898376465, 0.18609114127306337, -5.359779205895275, -4.007622355901073, -0.19659495939234972
118, 1763488331.320965, 0.0006892681121826172, -3.1184818744659424, 3.138929843902588, 1.5593808889389038, -0.001810908317565918, -1.5674471855163574, 0.026354193687438965, 0.1860923505783839, -5.359776859709156, -4.007624410248574, -0.1966157536134414
119, 1763488331.344018, 0.0007038116455078125, -3.1184966564178467, 3.1389219760894775, 1.5593717098236084, -0.0018018484115600586, -1.5674290657043457, 0.02634662389755249, 0.18608988212003796, -5.359760406532714, -4.007621154226775, -0.19660997710835293
120, 1763488331.369317, 0.0006966590881347656, -3.1184890270233154, 3.138929843902588, 1.5593717098236084, -0.001820206642150879, -1.5674471855163574, 0.02636188268661499, 0.1860921490699955, -5.359760394047027, -4.007621333102808, -0.19661034472134986
121, 1763488331.3908732, 0.0006818771362304688, -3.1184818744659424, 3.138929843902588, 1.5593626499176025, -0.0017927885055541992, -1.5674471855163574, 0.026338934898376465, 0.18610152474495167, -5.359764008448366, -4.0076256198156095, -0.19661348235740306
122, 1763488331.407701, 0.0006892681121826172, -3.1184966564178467, 3.1389219760894775, 1.5593808889389038, -0.0018292665481567383, -1.5674562454223633, 0.02633136510848999, 0.1861097847866756, -5.359756315877314, -4.007619581909084, -0.19660818271547775
123, 1763488331.430377, 0.0007038116455078125, -3.1184890270233154, 3.138929843902588, 1.5593717098236084, -0.0018018484115600586, -1.5674748420715332, 0.02634662389755249, 0.18610930220480149, -5.359761008454506, -4.007625741487765, -0.19663012195081464
124, 1763488331.462071, 0.0007112026214599609, -3.1184818744659424, 3.138929843902588, 1.5593717098236084, -0.0017927885055541992, -1.5674381256103516, 0.02634662389755249, 0.18611496657146753, -5.359754742752081, -4.007622075528192, -0.19662940699812026
125, 1763488331.477994, 0.0003867149353027344, -3.116011142730713, 3.1379871368408203, 1.5593626499176025, -0.001820206642150879, -1.567410945892334, 0.02668243646621704, 0.1861274161814097, -5.359755393906795, -4.007631441247243, -0.19662973556822383
126, 1763488331.497232, 0.0009548664093017578, -3.110273599624634, 3.1321866512298584, 1.5593078136444092, -0.0016467571258544922, -1.5675387382507324, 0.02611762285232544, 0.18600089696043365, -5.359698826037025, -4.007784770542287, -0.1966062118594314
127, 1763488331.522986, 0.000209808349609375, -3.0955312252044678, 3.120745897293091, 1.5593534708023071, -0.001820206642150879, -1.5675296783447266, 0.02608710527420044, 0.1859929587659115, -5.359769425988392, -4.008113665971979, -0.19653837221737458
128, 1763488331.540582, 0.00042366981506347656, -3.0788416862487793, 3.106884002685547, 1.5593626499176025, -0.001820206642150879, -1.5675477981567383, 0.02608710527420044, 0.18590472155121163, -5.359706764589333, -4.008365156291541, -0.19654091102708993
129, 1763488331.573482, 0.0003719329833984375, -3.030956506729126, 3.0656583309173584, 1.5593899488449097, -0.001810908317565918, -1.5675387382507324, 0.02607184648513794, 0.18563701976642633, -5.359577929243879, -4.009200686245772, -0.1964598293669093
130, 1763488331.5858681, 0.0002760887145996094, -3.015218496322632, 3.052715301513672, 1.5594173669815063, -0.001820206642150879, -1.5675201416015625, 0.026384711265563965, 0.185544910148, -5.359590155400975, -4.009468508705541, -0.19644818929232777
131, 1763488331.610144, 0.000431060791015625, -2.958195686340332, 3.0089969635009766, 1.5594538450241089, -0.0017927885055541992, -1.5674748420715332, 0.02617865800857544, 0.1850929038975001, -5.359565008074299, -4.010270930103892, -0.19650218270749598
132, 1763488331.631626, 0.0003573894500732422, -2.9131128787994385, 2.977654218673706, 1.5595086812973022, -0.001810908317565918, -1.5674471855163574, 0.02640765905380249, 0.18471388781891707, -5.359354642920529, -4.010765423932507, -0.1965521246648505
133, 1763488331.6577432, 0.0008587837219238281, -2.842556953430176, 2.9301326274871826, 1.5595178604125977, -0.002011895179748535, -1.567319393157959, 0.02623969316482544, 0.1839098877782276, -5.359218123085294, -4.011396762839359, -0.19650376316329066
134, 1763488331.684353, 0.0010137557983398438, -2.781632900238037, 2.8887391090393066, 1.559116005897522, -0.01137089729309082, -1.5585722923278809, 0.02664428949356079, 0.1832135386216419, -5.359149108427863, -4.011684528037346, -0.1964825011257867
135, 1763488331.695056, 0.0009398460388183594, -2.7585861682891846, 2.8735272884368896, 1.5537470579147339, -0.017963409423828125, -1.5500531196594238, 0.026567935943603516, 0.18300807730608604, -5.358945944945277, -4.011722007379571, -0.19638762631115014
136, 1763488331.717783, 0.0005638599395751953, -2.7212398052215576, 2.8509888648986816, 1.5302717685699463, -0.029860973358154297, -1.524907112121582, 0.026567935943603516, 0.18264525290096223, -5.358782393502442, -4.011729961369269, -0.19613759310139312
137, 1763488331.741071, 0.0006449222564697266, -2.69677734375, 2.8406026363372803, 1.5002859830856323, -0.04066276550292969, -1.4955782890319824, 0.026751160621643066, 0.18241210205371539, -5.358903265716155, -4.011693148333871, -0.1960990393150972
138, 1763488331.76937, 0.0007185935974121094, -2.6794092655181885, 2.8398115634918213, 1.4510982036590576, -0.05351901054382324, -1.4477601051330566, 0.026529788970947266, 0.18256295234437847, -5.358727815976272, -4.011458286411505, -0.19622850998478736
139, 1763488331.790196, 0.00054168701171875, -2.67677640914917, 2.847018003463745, 1.4043117761611938, -0.06230282783508301, -1.4032840728759766, 0.02634662389755249, 0.18282682540401018, -5.358649424702349, -4.011362362706539, -0.19626276374145224
140, 1763488331.8079228, 0.0005047321319580078, -2.6792397499084473, 2.856477737426758, 1.3598355054855347, -0.0706028938293457, -1.3599395751953125, 0.02639240026473999, 0.18301275943415674, -5.358824086751734, -4.011378455270168, -0.1962853612310722
141, 1763488331.8278122, 0.0004899501800537109, -2.682602643966675, 2.868541717529297, 1.3019734621047974, -0.08158707618713379, -1.3025164604187012, 0.02640765905380249, 0.18333907406480188, -5.358852832739094, -4.011385715640547, -0.19638423008141537
142, 1763488331.85952, 0.00031304359436035156, -2.6853017807006836, 2.8834261894226074, 1.2179149389266968, -0.09285473823547363, -1.2197084426879883, 0.02630072832107544, 0.18358352476890782, -5.358708900302024, -4.011361433639534, -0.19644830000625646
143, 1763488331.876856, 0.00046062469482421875, -2.6861648559570312, 2.8950347900390625, 1.1349247694015503, -0.1035466194152832, -1.1361794471740723, 0.02620917558670044, 0.18351471156912857, -5.358881974993475, -4.011396242932899, -0.19649758326327316
144, 1763488331.9067461, 0.0003426074981689453, -2.686267852783203, 2.9051575660705566, 1.0306414365768433, -0.11605596542358398, -1.0327270030975342, 0.026064157485961914, 0.18363192487289703, -5.358727056736571, -4.011345723245704, -0.19649012018538592
145, 1763488331.916209, 0.0002467632293701172, -2.6861279010772705, 2.9077861309051514, 0.99365234375, -0.1198270320892334, -0.9956653118133545, 0.02625495195388794, 0.1836407214048409, -5.3586826807214525, -4.011337672286323, -0.19644616765776668
146, 1763488331.936498, 0.0003426074981689453, -2.6853535175323486, 2.9130351543426514, 0.888127326965332, -0.13068366050720215, -0.8911993503570557, 0.026094675064086914, 0.18351179258765027, -5.358830760987198, -4.0113769589610895, -0.19642303981302334
147, 1763488331.961241, 0.0003204345703125, -2.6836647987365723, 2.916534662246704, 0.774329662322998, -0.1430652141571045, -0.7773191928863525, 0.026293158531188965, 0.18351570437631093, -5.358812651105041, -4.011352582139219, -0.19647701639252269
148, 1763488331.9831932, 0.00021719932556152344, -2.6819167137145996, 2.917780876159668, 0.687824010848999, -0.1512737274169922, -0.691115140914917, 0.026201605796813965, 0.18357413569987646, -5.35869872773826, -4.011320630517186, -0.19644996180558483
149, 1763488332.004096, 0.0003204345703125, -2.679180383682251, 2.9179487228393555, 0.5958948135375977, -0.16055965423583984, -0.5976884365081787, 0.02636188268661499, 0.18345997746286824, -5.358839187567688, -4.0113641561036335, -0.19657999129060943
150, 1763488332.026043, 0.0004017353057861328, -2.6754636764526367, 2.917165756225586, 0.5002310276031494, -0.1729869842529297, -0.5005636215209961, 0.02637714147567749, 0.18346382672569483, -5.358895242521782, -4.01135129006359, -0.1967861877604875
151, 1763488332.0503721, 0.0002613067626953125, -2.6713409423828125, 2.9157676696777344, 0.4140176773071289, -0.18477463722229004, -0.4125971794128418, 0.02623969316482544, 0.1835495576131806, -5.358770728864447, -4.011296863456556, -0.1967629880868147
152, 1763488332.073819, 0.00031304359436035156, -2.6674323081970215, 2.9144093990325928, 0.3446049690246582, -0.19475460052490234, -0.3425178527832031, 0.02631610631942749, 0.18345170893825136, -5.358932114094244, -4.011325600160824, -0.19675840028957392
153, 1763488332.095028, 0.000431060791015625, -2.6624765396118164, 2.9132747650146484, 0.2654407024383545, -0.20878887176513672, -0.2619657516479492, 0.02641528844833374, 0.183505611690847, -5.358889943833233, -4.0113015961404885, -0.19675768065541277
154, 1763488332.116837, 0.0003647804260253906, -2.658862590789795, 2.9127795696258545, 0.2107834815979004, -0.21780085563659668, -0.20689773559570312, 0.02645343542098999, 0.18354897645615342, -5.358781202844994, -4.011269509055788, -0.19661024908155778
155, 1763488332.139362, 0.0001506805419921875, -2.6526899337768555, 2.9128994941711426, 0.16966724395751953, -0.22861194610595703, -0.16508769989013672, 0.02631610631942749, 0.1836131832243113, -5.358988121565386, -4.011131484847288, -0.19654581072098853
156, 1763488332.161559, 0.0012717247009277344, -2.6253068447113037, 2.918771743774414, 0.15685677528381348, -0.27117061614990234, -0.15002179145812988, 0.026613712310791016, 0.18378180113791187, -5.358957846875935, -4.009078333630828, -0.1964843325604413
157, 1763488332.1909518, 0.00037932395935058594, -2.5718533992767334, 2.9209766387939453, 0.1424846649169922, -0.31477952003479004, -0.1341705322265625, 0.026430606842041016, 0.1830500960651379, -5.358644438999441, -4.00575747210906, -0.19614151151041437
158, 1763488332.2095518, -0.0009407997131347656, -2.5205020904541016, 2.9204015731811523, 0.12923598289489746, -0.3485729694366455, -0.1191868782043457, 0.02608710527420044, 0.18221204656006507, -5.358413939804352, -4.001984162146113, -0.1959939146576417
159, 1763488332.230276, -0.0014569759368896484, -2.4739370346069336, 2.9187796115875244, 0.11675405502319336, -0.3858907222747803, -0.10608410835266113, 0.026155710220336914, 0.18145714202958008, -5.358243647093825, -3.99759971453821, -0.19618166172633078
160, 1763488332.260612, -0.002268075942993164, -2.420461654663086, 2.915527820587158, 0.10161519050598145, -0.4359731674194336, -0.09003210067749023, 0.02617865800857544, 0.18058156627947697, -5.357994002482362, -3.9914821953209936, -0.196384682283532
161, 1763488332.291091, -0.003735780715942383, -2.379538059234619, 2.9116930961608887, 0.09058499336242676, -0.4760575294494629, -0.08009767532348633, 0.02664428949356079, 0.17988113507551873, -5.357778317530934, -3.986589153033486, -0.196368847098098
162, 1763488332.2983959, -0.0056383609771728516, -2.3377299308776855, 2.906276226043701, 0.0824129581451416, -0.5142064094543457, -0.07072949409484863, 0.026308417320251465, 0.17911299095996747, -5.357595858499109, -3.981782169585746, -0.19635334984931063
163, 1763488332.323745, -0.0077402591705322266, -2.2898151874542236, 2.899045705795288, 0.07401251792907715, -0.5562536716461182, -0.061516523361206055, 0.026109933853149414, 0.17822943501982746, -5.357435498519173, -3.9764685587021282, -0.19637041676450107
164, 1763488332.343057, -0.008986473083496094, -2.2539215087890625, 2.8934450149536133, 0.06839728355407715, -0.5872986316680908, -0.05623888969421387, 0.02613288164138794, 0.17757874787379968, -5.357283486531101, -3.972659259599738, -0.19636422119963637
165, 1763488332.371614, -0.010432004928588867, -2.194110870361328, 2.883362293243408, 0.06080031394958496, -0.6365413665771484, -0.04937243461608887, 0.026461124420166016, 0.1765432385297503, -5.3570543786067955, -3.966813002553069, -0.19638733636108885
166, 1763488332.4030058, -0.011501550674438477, -2.1365792751312256, 2.8726162910461426, 0.05568695068359375, -0.6806340217590332, -0.043775320053100586, 0.02625495195388794, 0.17560956356280588, -5.356878204135549, -3.9617338443358436, -0.19642723065971524
167, 1763488332.4118028, -0.01157522201538086, -2.130922794342041, 2.871553897857666, 0.055394887924194336, -0.6850533485412598, -0.04334616661071777, 0.02640765905380249, 0.17552273434227306, -5.35686120563164, -3.9612706682375842, -0.19643116727659393
168, 1763488332.4314828, -0.012091398239135742, -2.0830302238464355, 2.86155104637146, 0.05347728729248047, -0.7198326587677002, -0.03973031044006348, 0.026545047760009766, 0.17479094659804117, -5.3567262160401095, -3.9575179621241467, -0.19647260752597617
169, 1763488332.465067, -0.012696266174316406, -2.0295839309692383, 2.8489434719085693, 0.05065584182739258, -0.7565934658050537, -0.03663492202758789, 0.02639240026473999, 0.17396428694939292, -5.356599044477023, -3.953944406893592, -0.19652958633448048
170, 1763488332.474865, -0.012747764587402344, -2.011589288711548, 2.844237804412842, 0.04987072944641113, -0.7677149772644043, -0.035849571228027344, 0.026186347007751465, 0.17369189972460786, -5.356562960907978, -3.952903540380389, -0.1965628606394887
171, 1763488332.4987352, -0.012843847274780273, -1.9825321435928345, 2.835960626602173, 0.04892110824584961, -0.7856295108795166, -0.03563070297241211, 0.02637714147567749, 0.17326129604048734, -5.356496941358077, -3.951363888968407, -0.1966009254036205
172, 1763488332.525219, -0.013101816177368164, -1.9494998455047607, 2.8258538246154785, 0.047432661056518555, -0.8059365749359131, -0.03557562828063965, 0.02648395299911499, 0.17279433741453998, -5.356442504607556, -3.9498841684795227, -0.19660032990294685
173, 1763488332.545426, -0.013404369354248047, -1.9271392822265625, 2.81820011138916, 0.047368764877319336, -0.8176512718200684, -0.03552103042602539, 0.026262640953063965, 0.1724242729026122, -5.356398305936007, -3.9490273878981514, -0.19660724031785026
174, 1763488332.5767171, -0.013905763626098633, -1.8951985836029053, 2.806471347808838, 0.04730486869812012, -0.8353195190429688, -0.03541135787963867, 0.02631610631942749, 0.17177434945894832, -5.356283105182366, -3.9480296597095585, -0.19662610808417647
175, 1763488332.587848, -0.01392054557800293, -1.8868132829666138, 2.8032517433166504, 0.04730486869812012, -0.8394284248352051, -0.03540229797363281, 0.02640765905380249, 0.1715932847620989, -5.356246696585091, -3.947821428916984, -0.19664478745906422
176, 1763488332.60917, -0.013898372650146484, -1.8655070066452026, 2.794375419616699, 0.04727745056152344, -0.8486871719360352, -0.035292625427246094, 0.02636188268661499, 0.17108791987508964, -5.356148481496409, -3.9473781930669993, -0.19673184134178356
177, 1763488332.6323571, -0.013979434967041016, -1.8479548692703247, 2.7864179611206055, 0.04720449447631836, -0.8563022613525391, -0.03502798080444336, 0.02625495195388794, 0.17062976669467744, -5.356077198756981, -3.9470502342831777, -0.19678840620353544
178, 1763488332.658072, -0.014200687408447266, -1.8313539028167725, 2.7783803939819336, 0.04715871810913086, -0.8645291328430176, -0.03257179260253906, 0.026399970054626465, 0.1701692574970779, -5.355991881822307, -3.9467602723540813, -0.19687489138398995
179, 1763488332.6789272, -0.014444351196289062, -1.8100625276565552, 2.7674269676208496, 0.0470583438873291, -0.8728201389312744, -0.03143048286437988, 0.026399970054626465, 0.16959442480090026, -5.3558696487397395, -3.9464315481574155, -0.19693896656320753
180, 1763488332.700288, -0.014680147171020508, -1.7931888103485107, 2.7586145401000977, 0.04669308662414551, -0.8780701160430908, -0.03141212463378906, 0.02622443437576294, 0.16915853806633963, -5.355786416152512, -3.9461899096089605, -0.19701789503613476
181, 1763488332.7218912, -0.01489400863647461, -1.7761011123657227, 2.7495622634887695, 0.045159101486206055, -0.8848361968994141, -0.03137564659118652, 0.026232123374938965, 0.1687409415108463, -5.35570292916337, -3.9459561498367037, -0.19709086546746413
182, 1763488332.7406158, -0.014871835708618164, -1.7588142156600952, 2.740662097930908, 0.04381680488586426, -0.8921589851379395, -0.031366586685180664, 0.026354193687438965, 0.16834132459023055, -5.355619980450303, -3.945732802631313, -0.19718356583864338
183, 1763488332.76405, -0.014879226684570312, -1.741844654083252, 2.731354236602783, 0.042356014251708984, -0.8982949256896973, -0.031348228454589844, 0.026354193687438965, 0.16797315938640167, -5.3555489065526025, -3.9455564872506574, -0.19725602257714314
184, 1763488332.785728, -0.014960289001464844, -1.7253100872039795, 2.7219347953796387, 0.04127860069274902, -0.9027600288391113, -0.031247615814208984, 0.02625495195388794, 0.16764120319590958, -5.355489333628577, -3.9454651992709446, -0.1972342106529572
185, 1763488332.808887, -0.01519632339477539, -1.707942247390747, 2.711620330810547, 0.04084944725036621, -0.9075994491577148, -0.03128409385681152, 0.02627021074295044, 0.16732577591751563, -5.355430348661045, -3.945435650727, -0.1970983940761366
186, 1763488332.830583, -0.015483856201171875, -1.694431185722351, 2.703207492828369, 0.04082202911376953, -0.9117720127105713, -0.031238555908203125, 0.026338934898376465, 0.16711716697138612, -5.355398906857886, -3.9454987736840232, -0.19700205303958018
187, 1763488332.860102, -0.0158231258392334, -1.680463194847107, 2.6943390369415283, 0.04080390930175781, -0.9159812927246094, -0.031238555908203125, 0.026338934898376465, 0.16693393787084465, -5.355359056246498, -3.945657232064358, -0.19690005724801107
188, 1763488332.8744571, -0.016096115112304688, -1.6690764427185059, 2.686868906021118, 0.04076719284057617, -0.9188485145568848, -0.031220436096191406, 0.026354193687438965, 0.16675924875862247, -5.355341172631425, -3.945823833341681, -0.1968851722466498
189, 1763488332.903135, -0.016162633895874023, -1.6554034948349, 2.677417278289795, 0.04074907302856445, -0.9228477478027344, -0.031211137771606445, 0.02645343542098999, 0.16647142721181174, -5.355306359488621, -3.946005309532481, -0.19698306289767498
190, 1763488332.926191, -0.016162633895874023, -1.6451447010040283, 2.6697473526000977, 0.04073071479797363, -0.9229938983917236, -0.031193017959594727, 0.02639240026473999, 0.1662342329068568, -5.355257008885509, -3.94615301642081, -0.19702875631434047
191, 1763488332.941591, -0.0162508487701416, -1.6367226839065552, 2.663219928741455, 0.04068493843078613, -0.9229574203491211, -0.031202077865600586, 0.02631610631942749, 0.16602800055564504, -5.355224644418061, -3.9462980736734465, -0.1970569164969902
192, 1763488332.960503, -0.016324520111083984, -1.6271058320999146, 2.655574083328247, 0.04067587852478027, -0.9229848384857178, -0.031183958053588867, 0.02634662389755249, 0.16577669572233922, -5.355195540537857, -3.946478920747001, -0.19704049017377034
193, 1763488332.9862258, -0.01639842987060547, -1.6163458824157715, 2.646801710128784, 0.040621042251586914, -0.9230122566223145, -0.031110763549804688, 0.02634662389755249, 0.1654763951683652, -5.355172918642271, -3.9466638164245396, -0.19703497455194086
194, 1763488333.008703, -0.01648688316345215, -1.6057628393173218, 2.637829542160034, 0.040602922439575195, -0.9230303764343262, -0.03106522560119629, 0.026338934898376465, 0.16517942692948928, -5.355152147083742, -3.9468343552366347, -0.1969898488177
195, 1763488333.028573, -0.016634464263916016, -1.5966917276382446, 2.629879951477051, 0.04050254821777344, -0.9231765270233154, -0.03095555305480957, 0.02630072832107544, 0.16495108307118833, -5.355141396977367, -3.9469853830179553, -0.19697445040919348
196, 1763488333.059319, -0.016782045364379883, -1.5860422849655151, 2.6209635734558105, 0.0404202938079834, -0.9260618686676025, -0.03095555305480957, 0.02637714147567749, 0.1647185484806245, -5.355118350168024, -3.9471584377226745, -0.19695149777439358
197, 1763488333.071693, -0.016907453536987305, -1.579677939414978, 2.615363121032715, 0.04033803939819336, -0.9274313449859619, -0.03091907501220703, 0.02634662389755249, 0.16457638953016207, -5.355101403807319, -3.9472662553608786, -0.19691232717477547
198, 1763488333.091427, -0.017158031463623047, -1.571211338043213, 2.6075334548950195, 0.0401921272277832, -0.928508996963501, -0.030873537063598633, 0.02633136510848999, 0.16438386897688662, -5.3551048848099985, -3.947416780078996, -0.19689589802793517
199, 1763488333.1139588, -0.017342567443847656, -1.5623542070388794, 2.5991764068603516, 0.039991140365600586, -0.9304263591766357, -0.030827760696411133, 0.02639240026473999, 0.16419676305677677, -5.355092715022097, -3.947528187995976, -0.19688340362345702
200, 1763488333.1376169, -0.017394065856933594, -1.5540573596954346, 2.5911548137664795, 0.03978109359741211, -0.9302620887756348, -0.030809640884399414, 0.026384711265563965, 0.16406116921270475, -5.355073962531321, -3.9476055058464867, -0.1969236687140743
201, 1763488333.161205, -0.017394065856933594, -1.5461071729660034, 2.583500862121582, 0.03961682319641113, -0.9301981925964355, -0.030791282653808594, 0.02637714147567749, 0.16396009768949515, -5.355077321077526, -3.9476819405270573, -0.1970036447441963
202, 1763488333.188961, -0.017394065856933594, -1.5388208627700806, 2.5769176483154297, 0.039434194564819336, -0.930408239364624, -0.030754566192626953, 0.026384711265563965, 0.16388697826339638, -5.355072383630547, -3.9477754453629252, -0.19702325828185696
203, 1763488333.209804, -0.017475128173828125, -1.5307821035385132, 2.5702223777770996, 0.0392148494720459, -0.9304995536804199, -0.030654191970825195, 0.026399970054626465, 0.16380548662551608, -5.355050744562586, -3.9478417809534863, -0.1970455024391704
204, 1763488333.2243829, -0.017482519149780273, -1.5224264860153198, 2.563615083694458, 0.0391693115234375, -0.931403398513794, -0.030608654022216797, 0.026308417320251465, 0.16370147358833453, -5.355026719722693, -3.947900389746021, -0.19705740269115068
205, 1763488333.248346, -0.017497539520263672, -1.5142107009887695, 2.557175636291504, 0.03911447525024414, -0.9330196380615234, -0.030581235885620117, 0.02633136510848999, 0.1636278936202027, -5.355017853500368, -3.9479679573224162, -0.19706324740553072
206, 1763488333.272418, -0.017563819885253906, -1.5047485828399658, 2.5497853755950928, 0.03908729553222656, -0.9348092079162598, -0.030572175979614258, 0.026201605796813965, 0.16357528824201029, -5.355026081343094, -3.9480683029914, -0.19705585818689553
207, 1763488333.29281, -0.01763010025024414, -1.4941730499267578, 2.543809175491333, 0.03902316093444824, -0.9437391757965088, -0.030453205108642578, 0.026537418365478516, 0.16348408302431705, -5.355025354588769, -3.948100139781023, -0.19703467858099533
208, 1763488333.314462, -0.017718791961669922, -1.4801756143569946, 2.5368902683258057, 0.038904428482055664, -0.9546961784362793, -0.030078887939453125, 0.02646869421005249, 0.1633211425955241, -5.355028762963525, -3.948118271830579, -0.19702891351657303
209, 1763488333.334749, -0.017785072326660156, -1.4674317836761475, 2.530954122543335, 0.038849830627441406, -0.9613251686096191, -0.0271298885345459, 0.02643817663192749, 0.16320559708816051, -5.355030259359913, -3.9482358555348314, -0.19704581404671195
210, 1763488333.35679, -0.01790308952331543, -1.4547098875045776, 2.5253374576568604, 0.03878593444824219, -0.965634822845459, -0.025604724884033203, 0.02627021074295044, 0.16310318798903056, -5.355027944124679, -3.9483528114763646, -0.19706614820392687
211, 1763488333.3797498, -0.0180356502532959, -1.4405280351638794, 2.5195930004119873, 0.03869438171386719, -0.9720630645751953, -0.025422334671020508, 0.02634662389755249, 0.16297470996740326, -5.355028223230762, -3.9484844766728147, -0.19709838056521622
212, 1763488333.40304, -0.018190622329711914, -1.4284627437591553, 2.514951229095459, 0.03863978385925293, -0.9778518676757812, -0.025422334671020508, 0.02634662389755249, 0.16287581253395955, -5.355041715427561, -3.9485790766608364, -0.19713975195856204
213, 1763488333.425739, -0.01834559440612793, -1.415401816368103, 2.5096702575683594, 0.03859400749206543, -0.9863710403442383, -0.025431394577026367, 0.026384711265563965, 0.1627520271579389, -5.35504333636842, -3.94871801747687, -0.1971887864820001
214, 1763488333.457349, -0.01838970184326172, -1.4013007879257202, 2.503206729888916, 0.03853940963745117, -0.993511438369751, -0.02540421485900879, 0.02625495195388794, 0.16257292356095343, -5.355032590390181, -3.9489188546893947, -0.1972464681215209
215, 1763488333.470283, -0.018448829650878906, -1.3914700746536255, 2.4987564086914062, 0.03850293159484863, -0.9984238147735596, -0.02540421485900879, 0.02633136510848999, 0.1624335283009798, -5.355026727068331, -3.9490770083651454, -0.19726821875126088
216, 1763488333.491145, -0.018493175506591797, -1.378261685371399, 2.4935314655303955, 0.03842043876647949, -1.0085043907165527, -0.02537679672241211, 0.026522159576416016, 0.16221941424263986, -5.355001623556619, -3.949232828376681, -0.1972553488187927
217, 1763488333.516421, -0.018655061721801758, -1.3601783514022827, 2.4870200157165527, 0.03813743591308594, -1.023862361907959, -0.02534008026123047, 0.026522159576416016, 0.16187430579669693, -5.354943898033279, -3.949371014538049, -0.1971978801992469
218, 1763488333.536086, -0.01883220672607422, -1.3430906534194946, 2.480963945388794, 0.03724265098571777, -1.034034013748169, -0.02531266212463379, 0.02646869421005249, 0.16158595235350426, -5.354883823724485, -3.949534889330394, -0.19714564419406955
219, 1763488333.559965, -0.018979549407958984, -1.326335072517395, 2.4750757217407227, 0.0359187126159668, -1.0433475971221924, -0.02526712417602539, 0.026369452476501465, 0.16133628325411575, -5.3548370100468805, -3.949816449916909, -0.19712483084852206
220, 1763488333.5861702, -0.018986940383911133, -1.304962396621704, 2.4680769443511963, 0.03401947021484375, -1.0576281547546387, -0.025038719177246094, 0.026277899742126465, 0.1610182847337953, -5.354815185332994, -3.9503777993040137, -0.1971728622405804
221, 1763488333.607489, -0.01900935173034668, -1.2853819131851196, 2.462188720703125, 0.0335080623626709, -1.0729954242706299, -0.024965763092041016, 0.02642291784286499, 0.16071073325441154, -5.354787414604028, -3.9509436987196866, -0.1972021298350164
222, 1763488333.627839, -0.019068241119384766, -1.270809292793274, 2.4577865600585938, 0.03347158432006836, -1.0838429927825928, -0.024919986724853516, 0.02637714147567749, 0.16047258239308804, -5.354736863075111, -3.951423906274162, -0.19715302796330914
223, 1763488333.6539211, -0.019341230392456055, -1.251147747039795, 2.4518582820892334, 0.0334169864654541, -1.0968267917633057, -0.024865388870239258, 0.026384711265563965, 0.16017743938825602, -5.354688183831098, -3.952211856022976, -0.19708704751825046
224, 1763488333.670187, -0.019547462463378906, -1.2373051643371582, 2.447591781616211, 0.03338050842285156, -1.1060855388641357, -0.0247647762298584, 0.026338934898376465, 0.1599550206106939, -5.354682903314206, -3.952933445393059, -0.19707111435997327
225, 1763488333.6938229, -0.019746780395507812, -1.2183589935302734, 2.441256284713745, 0.03331637382507324, -1.1191060543060303, -0.02246379852294922, 0.02631610631942749, 0.1596625203306773, -5.354652239465968, -3.954240245613933, -0.19708249374956743
226, 1763488333.714815, -0.019820213317871094, -1.2066624164581299, 2.4370217323303223, 0.0333256721496582, -1.1267120838165283, -0.020354747772216797, 0.026308417320251465, 0.1595063097318863, -5.354625353778511, -3.9552887357453366, -0.19712037744252253
227, 1763488333.737903, -0.019820213317871094, -1.194213628768921, 2.432020425796509, 0.03328895568847656, -1.1346557140350342, -0.018839120864868164, 0.026232123374938965, 0.15929316991321307, -5.354601205977878, -3.9566235991705785, -0.19722244130476696
228, 1763488333.758878, -0.01979827880859375, -1.1823989152908325, 2.426819324493408, 0.033243417739868164, -1.1430654525756836, -0.01847362518310547, 0.026354193687438965, 0.15905512338651773, -5.354580437383584, -3.958095955546745, -0.19724975719792948
229, 1763488333.778717, -0.019864559173583984, -1.1699132919311523, 2.420651435852051, 0.033206939697265625, -1.1516211032867432, -0.01845526695251465, 0.02633136510848999, 0.15878016324221245, -5.354531610536575, -3.9599121575389957, -0.1972420938828474
230, 1763488333.802233, -0.01987934112548828, -1.159956932067871, 2.4155220985412598, 0.033179521560668945, -1.1585514545440674, -0.01847362518310547, 0.02634662389755249, 0.1585309573270376, -5.354495583948888, -3.961636162313546, -0.19724031475007742
231, 1763488333.8270001, -0.019857406616210938, -1.149735450744629, 2.410360813140869, 0.03311562538146973, -1.1663031578063965, -0.018482685089111328, 0.02633136510848999, 0.15828076919927003, -5.354458803321097, -3.9637625253606994, -0.19720274175336971
232, 1763488333.8485582, -0.019960641860961914, -1.1415271759033203, 2.406414031982422, 0.03304266929626465, -1.1733887195587158, -0.01845526695251465, 0.02639240026473999, 0.1581128834600639, -5.354446227430819, -3.9657706352045343, -0.1971494378218086
233, 1763488333.871944, -0.02007126808166504, -1.1330385208129883, 2.4021875858306885, 0.03293299674987793, -1.1797988414764404, -0.01844620704650879, 0.026308417320251465, 0.1579758640165716, -5.354451866031874, -3.968199609434242, -0.1971038253318591
234, 1763488333.8922172, -0.020144939422607422, -1.125988245010376, 2.398911952972412, 0.03285074234008789, -1.1853320598602295, -0.01841878890991211, 0.026354193687438965, 0.15790622684040068, -5.354443435762845, -3.9704202726569515, -0.19705850969314476
235, 1763488333.917022, -0.020144939422607422, -1.118746042251587, 2.3961236476898193, 0.03275942802429199, -1.1926641464233398, -0.01841878890991211, 0.026369452476501465, 0.1578596794139886, -5.354442829603787, -3.9730487940996504, -0.19705566078708525
236, 1763488333.9374452, -0.02010059356689453, -1.1124110221862793, 2.3943819999694824, 0.032640695571899414, -1.1997220516204834, -0.01840066909790039, 0.026369452476501465, 0.1578377416772554, -5.354455777657901, -3.975759515268041, -0.19710026617661303
237, 1763488333.96783, -0.020130157470703125, -1.1073520183563232, 2.3934550285339355, 0.032622575759887695, -1.2063419818878174, -0.01840066909790039, 0.026323676109313965, 0.157827002323507, -5.354461218044416, -3.9782035118508565, -0.19712306790436873
238, 1763488333.983705, -0.020144939422607422, -1.1022632122039795, 2.3926241397857666, 0.03255867958068848, -1.2121403217315674, -0.01839160919189453, 0.026354193687438965, 0.1578363656806402, -5.354458609489565, -3.981042707789708, -0.19722161484322687
239, 1763488334.0066319, -0.02015972137451172, -1.097498893737793, 2.392033100128174, 0.03254961967468262, -1.2181482315063477, -0.01836419105529785, 0.02636188268661499, 0.1578636612111961, -5.354453424124401, -3.9838655947332877, -0.19726989517125748
240, 1763488334.030755, -0.020130157470703125, -1.0934796333312988, 2.3915855884552, 0.03251290321350098, -1.2231428623199463, -0.018355131149291992, 0.02625495195388794, 0.15789174163586595, -5.354470835602822, -3.986305179158047, -0.1972790536239648
241, 1763488334.056921, -0.02010059356689453, -1.0891504287719727, 2.3910343647003174, 0.03243064880371094, -1.2299087047576904, -0.018318653106689453, 0.026354193687438965, 0.15791493066970863, -5.354504285500554, -3.9890562534247276, -0.19727960162837643
242, 1763488334.073529, -0.02010822296142578, -1.0854778289794922, 2.3904590606689453, 0.03240323066711426, -1.2362914085388184, -0.018281936645507812, 0.02639240026473999, 0.157933568462593, -5.354536711148244, -3.9914460266789407, -0.19725260275972367
243, 1763488334.092351, -0.020130157470703125, -1.08223295211792, 2.389716148376465, 0.03236675262451172, -1.240938663482666, -0.018227100372314453, 0.02630072832107544, 0.15795656274252778, -5.354564478298551, -3.9934792559164993, -0.19723046819065448
244, 1763488334.1132338, -0.020122766494750977, -1.078073501586914, 2.3885655403137207, 0.03233027458190918, -1.2461161613464355, -0.018218040466308594, 0.026384711265563965, 0.1579767360071045, -5.354593677904811, -3.995822353506945, -0.1972063573168601
245, 1763488334.13728, -0.02010822296142578, -1.07291841506958, 2.3868637084960938, 0.0323028564453125, -1.2519049644470215, -0.018154144287109375, 0.026369452476501465, 0.15797018426044906, -5.354603469903715, -3.9984678561281557, -0.19716286231207647
246, 1763488334.162932, -0.020093202590942383, -1.0676453113555908, 2.385082244873047, 0.03218436241149902, -1.25797700881958, -0.018154144287109375, 0.026323676109313965, 0.15792701751860005, -5.354612078125836, -4.0010950552142726, -0.19715976715169958
247, 1763488334.185729, -0.02011561393737793, -1.0628516674041748, 2.3834362030029297, 0.032083749771118164, -1.265437126159668, -0.018154144287109375, 0.026354193687438965, 0.15787193463283722, -5.3546270027916405, -4.003716538912697, -0.19719421257620695
248, 1763488334.204384, -0.02011561393737793, -1.0594148635864258, 2.3822617530822754, 0.032010793685913086, -1.2703673839569092, -0.018135786056518555, 0.02640765905380249, 0.1578412035604897, -5.354642932416785, -4.005676585415277, -0.19719315470995635
249, 1763488334.2245572, -0.02010822296142578, -1.0553514957427979, 2.380783796310425, 0.031983375549316406, -1.275352954864502, -0.018108367919921875, 0.026323676109313965, 0.15781983121437826, -5.354663491670135, -4.0079161410792885, -0.1972190338293105
250, 1763488334.264461, -0.020093202590942383, -1.0480353832244873, 2.3781392574310303, 0.03185534477233887, -1.2839086055755615, -0.018071889877319336, 0.026354193687438965, 0.1577800838995118, -5.3546990318527365, -4.011345616694258, -0.19718997301654095
251, 1763488334.272146, -0.020130157470703125, -1.044480800628662, 2.3768129348754883, 0.03178238868713379, -1.2882184982299805, -0.018044710159301758, 0.02639240026473999, 0.15775394751026262, -5.354715209951087, -4.012882706811633, -0.19714817208875957
252, 1763488334.294862, -0.020144939422607422, -1.0394511222839355, 2.3748395442962646, 0.03170943260192871, -1.2941625118255615, -0.018035411834716797, 0.026247382164001465, 0.15771789347212428, -5.354748067442994, -4.015021812006721, -0.19708399423677214
253, 1763488334.3175502, -0.02015972137451172, -1.034532070159912, 2.373002052307129, 0.03157234191894531, -1.300827980041504, -0.01793503761291504, 0.026399970054626465, 0.15767438344506912, -5.354787157205804, -4.017159408797297, -0.19700218266950387
254, 1763488334.3382971, -0.020211219787597656, -1.0292959213256836, 2.370900869369507, 0.0313715934753418, -1.3070735931396484, -0.01778888702392578, 0.026354193687438965, 0.1576369027541108, -5.354824867472865, -4.019599930648234, -0.19696291868296445
255, 1763488334.362346, -0.0202333927154541, -1.0237057209014893, 2.3687117099761963, 0.0311434268951416, -1.3125793933868408, -0.017734289169311523, 0.02625495195388794, 0.15760868917307702, -5.354847052394495, -4.0220171564626055, -0.19695289969486218
256, 1763488334.385608, -0.020262718200683594, -1.018380880355835, 2.366722345352173, 0.031033754348754883, -1.3182494640350342, -0.017633676528930664, 0.026323676109313965, 0.15758540484885286, -5.354859729697681, -4.024102992517328, -0.19696033245569833
257, 1763488334.410223, -0.020255565643310547, -1.0127613544464111, 2.36466908454895, 0.030869483947753906, -1.324303150177002, -0.017524003982543945, 0.02637714147567749, 0.15756430449103165, -5.354885912822274, -4.026165754163181, -0.19700373468031174
258, 1763488334.4287958, -0.020203828811645508, -1.006300926208496, 2.3621842861175537, 0.030814647674560547, -1.331580638885498, -0.01726841926574707, 0.026308417320251465, 0.15755647123747873, -5.354911016584794, -4.028501172925733, -0.19707268178048043
259, 1763488334.463459, -0.0202481746673584, -0.9978270530700684, 2.3586769104003906, 0.030750751495361328, -1.3407387733459473, -0.011972665786743164, 0.02636188268661499, 0.15752762936541798, -5.354931578590405, -4.031715316192212, -0.19712737266625435
260, 1763488334.475787, -0.020218849182128906, -0.9947590231895447, 2.3574225902557373, 0.030732393264770508, -1.343660831451416, -0.010566473007202148, 0.026308417320251465, 0.15750755526431004, -5.354952291579845, -4.032881406830298, -0.19716700414008415
261, 1763488334.498602, -0.020181894302368164, -0.9880406260490417, 2.3546981811523438, 0.030686616897583008, -1.350097894668579, -0.009616613388061523, 0.026338934898376465, 0.15749210505943623, -5.354986780279954, -4.0351785353599485, -0.1972326276135048
262, 1763488334.5179038, -0.02007126808166504, -0.9815801978111267, 2.352085590362549, 0.03064107894897461, -1.3560330867767334, -0.009625911712646484, 0.026293158531188965, 0.15749443255524098, -5.354987056293403, -4.037136961974315, -0.19728017732836012
263, 1763488334.5469, -0.019997596740722656, -0.9730179309844971, 2.3484902381896973, 0.03060460090637207, -1.3646159172058105, -0.009634971618652344, 0.026323676109313965, 0.15746956769953624, -5.354986279204079, -4.039614179932038, -0.19730092988467263
264, 1763488334.564, -0.020004987716674805, -0.9672656059265137, 2.3461015224456787, 0.03058624267578125, -1.3700673580169678, -0.009571075439453125, 0.026369452476501465, 0.1574339772344524, -5.355017133787189, -4.041248820927549, -0.19730396063469602
265, 1763488334.588958, -0.02001953125, -0.9602887630462646, 2.3432891368865967, 0.03054976463317871, -1.375920057296753, -0.009589433670043945, 0.02633136510848999, 0.15740978122658145, -5.355050928823396, -4.043119366575686, -0.1973110237611575
266, 1763488334.608663, -0.019982576370239258, -0.9519772529602051, 2.34002947807312, 0.030522584915161133, -1.3823390007019043, -0.009571075439453125, 0.02628546953201294, 0.157386311143199, -5.355069127400066, -4.0452292328613, -0.19726517816485156
267, 1763488334.631637, -0.01997518539428711, -0.9437322020530701, 2.3366339206695557, 0.030504226684570312, -1.389725685119629, -0.009552955627441406, 0.026323676109313965, 0.15734419478419603, -5.3551164029925085, -4.047329844422344, -0.1972453028215364
268, 1763488334.656252, -0.01997518539428711, -0.9365785121917725, 2.3335418701171875, 0.030467748641967773, -1.3964643478393555, -0.009571075439453125, 0.02634662389755249, 0.15730872580228106, -5.355163838955166, -4.04913174318219, -0.19721981157431223
269, 1763488334.682577, -0.019982576370239258, -0.9266223311424255, 2.3291876316070557, 0.030449390411376953, -1.404362440109253, -0.009562015533447266, 0.02637714147567749, 0.15730466282846123, -5.3551726895011695, -4.051359220755332, -0.19716523340069259
270, 1763488334.697408, -0.02002692222595215, -0.9193358421325684, 2.3259999752044678, 0.030440092086791992, -1.4097132682800293, -0.009552955627441406, 0.02633136510848999, 0.1572915908592949, -5.355167664787371, -4.052794681614317, -0.19713639403295868
271, 1763488334.7239559, -0.020049095153808594, -0.910294234752655, 2.32212495803833, 0.030421972274780273, -1.416597843170166, -0.009562015533447266, 0.02636188268661499, 0.15724750563116385, -5.355190709582155, -4.054415920392613, -0.19716073480415375
272, 1763488334.748723, -0.02001953125, -0.8984503149986267, 2.3170437812805176, 0.030376195907592773, -1.425947904586792, -0.009525537490844727, 0.026369452476501465, 0.15719187381715194, -5.355229033728928, -4.056427776498727, -0.19722010438955717
273, 1763488334.767056, -0.020041465759277344, -0.8887374401092529, 2.312849283218384, 0.030349016189575195, -1.4328415393829346, -0.009479999542236328, 0.02636188268661499, 0.15717134194196647, -5.355221443510197, -4.057947602219503, -0.1972489436891749
274, 1763488334.7870378, -0.020004987716674805, -0.8804036974906921, 2.309126138687134, 0.030358076095581055, -1.4380004405975342, -0.009452581405639648, 0.026247382164001465, 0.15715720524408117, -5.35520930979595, -4.0592201960826815, -0.19728107611843626
275, 1763488334.8098571, -0.01997518539428711, -0.8705363273620605, 2.3046998977661133, 0.030358076095581055, -1.4445748329162598, -0.009461641311645508, 0.026338934898376465, 0.15713489056205088, -5.355219348155622, -4.0606919142644795, -0.19729627230340885
276, 1763488334.830066, -0.019982576370239258, -0.8591272830963135, 2.2996585369110107, 0.030330657958984375, -1.4524636268615723, -0.009461641311645508, 0.02636188268661499, 0.1571014545116899, -5.3552498495805985, -4.062351612144513, -0.19734639304004897
277, 1763488334.854239, -0.019916296005249023, -0.8476519584655762, 2.294497489929199, 0.030312299728393555, -1.4609007835388184, -0.009443283081054688, 0.026384711265563965, 0.1570757589345415, -5.35526414133383, -4.063986209178038, -0.19745257723326137
278, 1763488334.870492, -0.01984262466430664, -0.8404390811920166, 2.291189670562744, 0.030312299728393555, -1.4655847549438477, -0.009452581405639648, 0.02634662389755249, 0.1570749427687015, -5.355265917606071, -4.064991640120582, -0.19752945420228052
279, 1763488334.892538, -0.01985001564025879, -0.8297381401062012, 2.2863240242004395, 0.030285120010375977, -1.4719762802124023, -0.009434223175048828, 0.02631610631942749, 0.15707878600126457, -5.355272525763831, -4.066379066974527, -0.19760378901032905
280, 1763488334.915929, -0.019813060760498047, -0.8153201937675476, 2.2795889377593994, 0.030275821685791016, -1.4804043769836426, -0.009406805038452148, 0.026308417320251465, 0.15708326476970624, -5.355291056130463, -4.068124407036576, -0.1976621442775377
281, 1763488334.939154, -0.01985001564025879, -0.801706075668335, 2.2733333110809326, 0.030266761779785156, -1.489041805267334, -0.00937032699584961, 0.02634662389755249, 0.1570890212261825, -5.355313316595772, -4.069620092863936, -0.19764651072337802
282, 1763488334.9645782, -0.019820213317871094, -0.7913591861724854, 2.2685556411743164, 0.030230283737182617, -1.495251178741455, -0.009333610534667969, 0.026338934898376465, 0.15707911312128142, -5.355339389656652, -4.070718711130746, -0.1976095877953039
283, 1763488334.9829462, -0.019857406616210938, -0.7807466983795166, 2.2631547451019287, 0.030248641967773438, -1.5004920959472656, -0.009306192398071289, 0.02642291784286499, 0.1570646753837448, -5.355361480558286, -4.071966355226761, -0.19754211413181633
284, 1763488335.0040479, -0.01989436149597168, -0.7740871906280518, 2.259535312652588, 0.030221223831176758, -1.5003185272216797, -0.00932455062866211, 0.025987863540649414, 0.1570810280772854, -5.355399070162807, -4.073278011587409, -0.19742480946550245
285, 1763488335.027688, -0.01997518539428711, -0.7720515727996826, 2.2581613063812256, 0.030175447463989258, -1.5003185272216797, -0.00931549072265625, 0.02610236406326294, 0.1571756950041, -5.355492676864178, -4.075109326293108, -0.19730552740963336
286, 1763488335.057944, -0.019953250885009766, -0.7729144096374512, 2.2580013275146484, 0.030138731002807617, -1.5005102157592773, -0.00928807258605957, 0.02625495195388794, 0.15733891344086304, -5.355579141405791, -4.077035599750953, -0.19724363078753626
287, 1763488335.072906, -0.020004987716674805, -0.7729069590568542, 2.2574820518493652, 0.030157089233398438, -1.5019164085388184, -0.009279012680053711, 0.026277899742126465, 0.1574611461207861, -5.3556036689956, -4.078286207843073, -0.19723554253104503
288, 1763488335.09742, -0.019916296005249023, -0.773475170135498, 2.25713849067688, 0.030157089233398438, -1.5025830268859863, -0.009279012680053711, 0.026277899742126465, 0.15760144099647033, -5.355643751646446, -4.079676262940041, -0.19729049161392354
289, 1763488335.114524, -0.019827842712402344, -0.7768232822418213, 2.258504867553711, 0.0301206111907959, -1.5020079612731934, -0.00926065444946289, 0.026201605796813965, 0.15775248010754006, -5.3557216022484715, -4.081039952055577, -0.1973825825038329
290, 1763488335.139283, -0.01987934112548828, -0.7833942770957947, 2.261812448501587, 0.030102252960205078, -1.501131296157837, -0.009233236312866211, 0.026216864585876465, 0.1579558561640636, -5.355806973414979, -4.082514485228825, -0.1975209085572427
291, 1763488335.163462, -0.0198056697845459, -0.7893607020378113, 2.264984130859375, 0.03004765510559082, -1.5004830360412598, -0.009196758270263672, 0.02628546953201294, 0.1581565872103945, -5.355853505203047, -4.083689753352483, -0.19762462397851976
292, 1763488335.18703, -0.01970958709716797, -0.7953709959983826, 2.268267869949341, 0.03005671501159668, -1.4996063709259033, -0.009169340133666992, 0.026323676109313965, 0.1583986566137211, -5.355913300416082, -4.084977068720265, -0.19769863003312604
293, 1763488335.209693, -0.019643306732177734, -0.7982103824615479, 2.269953727722168, 0.03004765510559082, -1.4992413520812988, -0.009160280227661133, 0.02636188268661499, 0.15856217823798946, -5.355977098908351, -4.085770960747079, -0.1977512792403484
294, 1763488335.230137, -0.019702434539794922, -0.8000321388244629, 2.27126407623291, 0.03004765510559082, -1.4988577365875244, -0.009151220321655273, 0.02634662389755249, 0.1587224005194594, -5.3560369430110155, -4.086443244253681, -0.19771889850425328
295, 1763488335.2623029, -0.019636154174804688, -0.8016397953033447, 2.272550344467163, 0.03003859519958496, -1.4985380172729492, -0.009132862091064453, 0.02636188268661499, 0.15888601658893975, -5.35608721405937, -4.086987190731833, -0.19765200677838823
296, 1763488335.2739441, -0.019636154174804688, -0.8021485805511475, 2.2727980613708496, 0.030029296875, -1.4982640743255615, -0.009132862091064453, 0.02634662389755249, 0.15892387388761298, -5.356102238052878, -4.087090369227092, -0.19762578425495736
297, 1763488335.297726, -0.019606590270996094, -0.8034612536430359, 2.2730295658111572, 0.03002023696899414, -1.4967668056488037, -0.009123802185058594, 0.02634662389755249, 0.1590341341746091, -5.356140978078292, -4.087302724777633, -0.1975507910079939
298, 1763488335.32456, -0.019606590270996094, -0.8044717311859131, 2.272710084915161, 0.03000187873840332, -1.4937078952789307, -0.009123802185058594, 0.026262640953063965, 0.1591895516941585, -5.356176431302675, -4.087467791334211, -0.19747053029867878
299, 1763488335.342957, -0.01965808868408203, -0.805305004119873, 2.272366523742676, 0.03002023696899414, -1.4927031993865967, -0.009114742279052734, 0.026308417320251465, 0.15931688074525618, -5.3562071985066755, -4.087589624260706, -0.1974749149123305
300, 1763488335.36819, -0.019613981246948242, -0.8061826229095459, 2.2718472480773926, 0.03001117706298828, -1.491123914718628, -0.009096384048461914, 0.02628546953201294, 0.15947871549166204, -5.356249284369394, -4.087724374939367, -0.19750858914388303
301, 1763488335.390356, -0.019650697708129883, -0.8071781992912292, 2.271040201187134, 0.0299837589263916, -1.489872694015503, -0.009105443954467773, 0.026293158531188965, 0.15965875745309255, -5.356290791416003, -4.087857534393954, -0.1975251424377138
302, 1763488335.406742, -0.019643306732177734, -0.8075470924377441, 2.2701056003570557, 0.02999281883239746, -1.4894804954528809, -0.009105443954467773, 0.02631610631942749, 0.15978491837588782, -5.356320298218416, -4.08793446762773, -0.19755239264380364
303, 1763488335.428551, -0.019636154174804688, -0.8078641891479492, 2.268627405166626, 0.02996540069580078, -1.4892337322235107, -0.009105443954467773, 0.02631610631942749, 0.15993828047089476, -5.3563727806906005, -4.088025977966561, -0.19760753743621162
304, 1763488335.463455, -0.019591808319091797, -0.8083731532096863, 2.2669177055358887, 0.02996540069580078, -1.4885671138763428, -0.009096384048461914, 0.026323676109313965, 0.1601061666224397, -5.356441789314496, -4.088156414603548, -0.19765779469939826
305, 1763488335.4712908, -0.019606590270996094, -0.8086533546447754, 2.265934944152832, 0.029947280883789062, -1.4874532222747803, -0.009096384048461914, 0.02633136510848999, 0.16019861096897514, -5.356473722428262, -4.08822031103062, -0.1976641333057989
306, 1763488335.493064, -0.01965808868408203, -0.8093688488006592, 2.2642011642456055, 0.029938220977783203, -1.4840657711029053, -0.009087085723876953, 0.02625495195388794, 0.16033614946029562, -5.35653180248218, -4.088338189720337, -0.19764728059286707
307, 1763488335.512704, -0.01962137222290039, -0.8098113536834717, 2.2627711296081543, 0.029956340789794922, -1.4821481704711914, -0.009059667587280273, 0.02631610631942749, 0.1604279794024439, -5.356590691090058, -4.088433405080965, -0.19769726779100605
308, 1763488335.535819, -0.01965808868408203, -0.8102684020996094, 2.2606778144836426, 0.029947280883789062, -1.4807603359222412, -0.009105443954467773, 0.02630072832107544, 0.1605332575561349, -5.356641666820067, -4.088562401320061, -0.19768643547178755
309, 1763488335.561035, -0.019650697708129883, -0.8106741309165955, 2.258744478225708, 0.029956340789794922, -1.480513572692871, -0.009087085723876953, 0.02628546953201294, 0.16061801504755235, -5.356668999556461, -4.088667231541389, -0.19766443163471692
310, 1763488335.5790179, -0.019643306732177734, -0.8109320998191833, 2.256307601928711, 0.029928922653198242, -1.4791715145111084, -0.009087085723876953, 0.02637714147567749, 0.16068452976544767, -5.356721444586394, -4.088767376867988, -0.19766087507137975
311, 1763488335.6036549, -0.01967310905456543, -0.811116635799408, 2.25341534614563, 0.029910802841186523, -1.4745147228240967, -0.009068965911865234, 0.02628546953201294, 0.1607319921763215, -5.356757591897988, -4.088845166335708, -0.1975996770967532
312, 1763488335.6257112, -0.019695043563842773, -0.8107771873474121, 2.2503154277801514, 0.029910802841186523, -1.4702873229980469, -0.009087085723876953, 0.02625495195388794, 0.16075447236770357, -5.35677357422064, -4.088872568406882, -0.1975666137896317
313, 1763488335.6504278, -0.019687652587890625, -0.8105118274688721, 2.246784210205078, 0.029919862747192383, -1.4663517475128174, -0.009096384048461914, 0.026247382164001465, 0.160796589902386, -5.356805164975926, -4.088898429202953, -0.19755217198111197
314, 1763488335.678566, -0.019695043563842773, -0.8104379177093506, 2.242981195449829, 0.029928922653198242, -1.4617681503295898, -0.009105443954467773, 0.026247382164001465, 0.16087774324719017, -5.356859590673054, -4.08893420114527, -0.1975815775212073
315, 1763488335.6936672, -0.019724607467651367, -0.8103200793266296, 2.2403206825256348, 0.029919862747192383, -1.4595587253570557, -0.009105443954467773, 0.02634662389755249, 0.16093481717677738, -5.356892808792359, -4.088943024766713, -0.19761697465730332
316, 1763488335.715229, -0.019746780395507812, -0.810091495513916, 2.2369091510772705, 0.029901504516601562, -1.4561803340911865, -0.009114742279052734, 0.026354193687438965, 0.16099760223100235, -5.356915662124284, -4.088946021850406, -0.19766604204489546
317, 1763488335.739706, -0.01975393295288086, -0.8096045851707458, 2.2324671745300293, 0.029883146286010742, -1.4530482292175293, -0.009087085723876953, 0.026232123374938965, 0.16106283873453087, -5.356940151581258, -4.088956733996845, -0.19772178537812657
318, 1763488335.768587, -0.019761323928833008, -0.8086607456207275, 2.227529525756836, 0.029874086380004883, -1.4504549503326416, -0.009096384048461914, 0.02634662389755249, 0.161120724026237, -5.356967696161471, -4.08898108598516, -0.19776892950931835
319, 1763488335.787146, -0.019768714904785156, -0.8073923587799072, 2.222160577774048, 0.029892444610595703, -1.4471771717071533, -0.009087085723876953, 0.02636188268661499, 0.1611613655636137, -5.356989646538078, -4.089004871534466, -0.1977558296788784
320, 1763488335.808087, -0.019783735275268555, -0.8060352206230164, 2.2172632217407227, 0.029883146286010742, -1.4442827701568604, -0.009087085723876953, 0.02633136510848999, 0.1611884310881444, -5.357006681005476, -4.089019624381332, -0.1977329097278071
321, 1763488335.8287559, -0.0197908878326416, -0.8049289584159851, 2.2131643295288086, 0.029892444610595703, -1.4415616989135742, -0.009105443954467773, 0.026354193687438965, 0.16121812430865978, -5.357023906856753, -4.089030094700314, -0.19772110201875837
322, 1763488335.853411, -0.019835233688354492, -0.8035867214202881, 2.2085466384887695, 0.029892444610595703, -1.4375441074371338, -0.009087085723876953, 0.02637714147567749, 0.16125549749885415, -5.357043086767127, -4.089046294812609, -0.19767133822862348
323, 1763488335.874874, -0.019871950149536133, -0.8018240332603455, 2.2027781009674072, 0.029892444610595703, -1.4324584007263184, -0.009087085723876953, 0.026369452476501465, 0.16130392828565332, -5.357067020043774, -4.089058016001301, -0.19764047643558058
324, 1763488335.894497, -0.01987934112548828, -0.8005335330963135, 2.1983680725097656, 0.029874086380004883, -1.4287419319152832, -0.009096384048461914, 0.02631610631942749, 0.16134084143352911, -5.357082750105059, -4.089063881439191, -0.1976401166581212
325, 1763488335.926656, -0.019923686981201172, -0.7985496520996094, 2.1921920776367188, 0.029874086380004883, -1.425610065460205, -0.009096384048461914, 0.02634662389755249, 0.16138259337470895, -5.3571066618752345, -4.0890717770089795, -0.19764505587069348
326, 1763488335.937814, -0.019960641860961914, -0.7977606654167175, 2.189699172973633, 0.029865026473999023, -1.4237840175628662, -0.009096384048461914, 0.026354193687438965, 0.16139866561488558, -5.3571181635033875, -4.089073801399763, -0.1976600469672567
327, 1763488335.959614, -0.019960641860961914, -0.7964625358581543, 2.185281276702881, 0.029874086380004883, -1.4206061363220215, -0.009087085723876953, 0.026338934898376465, 0.16142614708935143, -5.357136762692193, -4.089083257202486, -0.1976693782789507
328, 1763488335.981559, -0.019982576370239258, -0.7948474287986755, 2.180039882659912, 0.029865026473999023, -1.4178946018218994, -0.009105443954467773, 0.02625495195388794, 0.16144890069587736, -5.357158054100566, -4.089080864476075, -0.19769713011200096
329, 1763488336.0022972, -0.01997518539428711, -0.7933282852172852, 2.1754379272460938, 0.029865026473999023, -1.4159951210021973, -0.009078025817871094, 0.026384711265563965, 0.1614602265911319, -5.35718309465004, -4.0890918019543, -0.19771435054023812
330, 1763488336.03921, -0.019989967346191406, -0.7917721271514893, 2.1701650619506836, 0.029874086380004883, -1.4118225574493408, -0.009114742279052734, 0.02634662389755249, 0.161469085123488, -5.357211752582268, -4.089104212243681, -0.19770093164661695
331, 1763488336.04647, -0.02001214027404785, -0.7905333042144775, 2.1661624908447266, 0.029846668243408203, -1.4088003635406494, -0.009078025817871094, 0.026262640953063965, 0.16147492917157624, -5.357226568577854, -4.089109413321472, -0.19767851615598353
332, 1763488336.06933, -0.020056486129760742, -0.7888517379760742, 2.1608972549438477, 0.029846668243408203, -1.4041707515716553, -0.009114742279052734, 0.02628546953201294, 0.16147907813137252, -5.357246929626556, -4.08910642838376, -0.19766563205175824
333, 1763488336.0916429, -0.020078659057617188, -0.787384033203125, 2.156503200531006, 0.029846668243408203, -1.4002354145050049, -0.009096384048461914, 0.02627021074295044, 0.16141537297109665, -5.357216660759115, -4.089107533704557, -0.19764782616033383
334, 1763488336.115328, -0.02010822296142578, -0.7857394218444824, 2.151557445526123, 0.029837608337402344, -1.396427869796753, -0.009132862091064453, 0.02633136510848999, 0.16142003376310998, -5.357238132492663, -4.089109202004702, -0.19765664058409982
335, 1763488336.138742, -0.02015209197998047, -0.7840800285339355, 2.146604061126709, 0.029837608337402344, -1.3929579257965088, -0.009114742279052734, 0.02631610631942749, 0.16139635301910737, -5.357241439617061, -4.0891068190926525, -0.19765402895820117
336, 1763488336.1693509, -0.020218849182128906, -0.782118558883667, 2.140859603881836, 0.029837608337402344, -1.390456199645996, -0.009087085723876953, 0.026323676109313965, 0.16134163607497753, -5.357230616150241, -4.0891050677681715, -0.19765710424794847
337, 1763488336.182556, -0.020262718200683594, -0.7808351516723633, 2.1369686126708984, 0.029819250106811523, -1.387826681137085, -0.009087085723876953, 0.026293158531188965, 0.16132795328392457, -5.35723971875867, -4.089102919681528, -0.19767884010114578
338, 1763488336.20552, -0.02029252052307129, -0.77940434217453, 2.1323986053466797, 0.029837608337402344, -1.3851332664489746, -0.009114742279052734, 0.02634662389755249, 0.16128913772930187, -5.357225763117274, -4.089099079328719, -0.1977012478580571
339, 1763488336.22613, -0.02028512954711914, -0.7779738903045654, 2.12784481048584, 0.029810190200805664, -1.3824577331542969, -0.009105443954467773, 0.026293158531188965, 0.16124233080824346, -5.35721796041538, -4.089098225316781, -0.19773965235909596
340, 1763488336.2508428, -0.02029252052307129, -0.7761595249176025, 2.1226916313171387, 0.029828310012817383, -1.379471778869629, -0.009096384048461914, 0.02636188268661499, 0.16121769089489102, -5.357226628169012, -4.089078283257877, -0.19774302990912407
341, 1763488336.291244, -0.020314455032348633, -0.7741460204124451, 2.117306709289551, 0.029810190200805664, -1.3743586540222168, -0.009105443954467773, 0.02631610631942749, 0.16115407866946385, -5.357208095695129, -4.089047479682023, -0.19771856669968546
342, 1763488336.301864, -0.020358800888061523, -0.7717714309692383, 2.111346483230591, 0.029819250106811523, -1.3702588081359863, -0.009105443954467773, 0.02637714147567749, 0.16109568928531703, -5.357204797793922, -4.089023532738816, -0.19770921124382212
343, 1763488336.324231, -0.020403146743774414, -0.7700972557067871, 2.106792449951172, 0.029828310012817383, -1.366159200668335, -0.009114742279052734, 0.026323676109313965, 0.16106358541084265, -5.357223516159557, -4.089023607737699, -0.19768766640532487
344, 1763488336.3447711, -0.02046942710876465, -0.7681798338890076, 2.1016154289245605, 0.029810190200805664, -1.3636665344238281, -0.009096384048461914, 0.02633136510848999, 0.16099644070762664, -5.3571943643305975, -4.089019838579696, -0.19765909332927656
345, 1763488336.3656619, -0.020535707473754883, -0.7666089534759521, 2.0970213413238525, 0.029810190200805664, -1.3605802059173584, -0.009087085723876953, 0.02631610631942749, 0.16094819238262115, -5.357182379486616, -4.089031387283859, -0.1976484693500158
346, 1763488336.3921149, -0.02059459686279297, -0.7647652626037598, 2.0916762351989746, 0.029810190200805664, -1.3571743965148926, -0.009105443954467773, 0.026323676109313965, 0.1608991076965648, -5.357184238634491, -4.0890349463963505, -0.19764485465777604
347, 1763488336.4118998, -0.02063894271850586, -0.7635778784751892, 2.088296890258789, 0.029801130294799805, -1.3556127548217773, -0.009087085723876953, 0.02625495195388794, 0.16084022975714807, -5.35716452578336, -4.089026182453342, -0.197661836445838
348, 1763488336.432816, -0.020653724670410156, -0.7613065242767334, 2.0821290016174316, 0.029801130294799805, -1.353914737701416, -0.009105443954467773, 0.026399970054626465, 0.1607603134164507, -5.357145999769843, -4.089035897713411, -0.1977396030508638
349, 1763488336.4577768, -0.020661354064941406, -0.7593740820884705, 2.076488494873047, 0.029791831970214844, -1.349203109741211, -0.009096384048461914, 0.026369452476501465, 0.16069804578580305, -5.357135890430467, -4.089035552867847, -0.1977784569902017
350, 1763488336.4730308, -0.020661354064941406, -0.7577812671661377, 2.072253942489624, 0.029791831970214844, -1.3462083339691162, -0.009114742279052734, 0.02628546953201294, 0.16064060246249812, -5.3571264421433415, -4.089026017765605, -0.1978165800840781
351, 1763488336.496151, -0.020668745040893555, -0.7560408115386963, 2.0673563480377197, 0.029782772064208984, -1.3425650596618652, -0.009105443954467773, 0.02627021074295044, 0.1605898141935771, -5.357107104165227, -4.089023957575215, -0.1978272134140342
352, 1763488336.520865, -0.0206906795501709, -0.7538282871246338, 2.0612683296203613, 0.029764652252197266, -1.3371777534484863, -0.009105443954467773, 0.02625495195388794, 0.1605169170026981, -5.3570939898474945, -4.0890190879762605, -0.1978073972476979
353, 1763488336.540043, -0.020705223083496094, -0.7523164749145508, 2.057321548461914, 0.029764652252197266, -1.3343839645385742, -0.009114742279052734, 0.02633136510848999, 0.16044856688423315, -5.3570835005263415, -4.08901820691334, -0.1977995527386458
354, 1763488336.5647218, -0.020705223083496094, -0.7503695487976074, 2.0518887042999268, 0.029773712158203125, -1.3309507369995117, -0.009114742279052734, 0.02633136510848999, 0.1603745206630548, -5.357068497034406, -4.089022964272545, -0.19776682201862883
355, 1763488336.5935822, -0.02076435089111328, -0.7480611205101013, 2.0457448959350586, 0.029773712158203125, -1.3281564712524414, -0.009123802185058594, 0.026293158531188965, 0.16028056060678864, -5.357047386898002, -4.0890236297529565, -0.1977013238989418
356, 1763488336.6058471, -0.020808696746826172, -0.7468220591545105, 2.042309284210205, 0.029764652252197266, -1.326622486114502, -0.009105443954467773, 0.02634662389755249, 0.16021863702032058, -5.357030982926837, -4.089025801197018, -0.19766057581546548
357, 1763488336.633923, -0.020808696746826172, -0.744572639465332, 2.035989761352539, 0.029755353927612305, -1.3229429721832275, -0.009114742279052734, 0.026369452476501465, 0.16013193138352833, -5.357014375915568, -4.0890266819181225, -0.19761577245194495
358, 1763488336.658463, -0.02081584930419922, -0.7424635887145996, 2.030341148376465, 0.029764652252197266, -1.3198750019073486, -0.009096384048461914, 0.026293158531188965, 0.16003578714803013, -5.356992467950528, -4.089021767493089, -0.1976062596196133
359, 1763488336.672055, -0.020823240280151367, -0.7413573265075684, 2.027608871459961, 0.029764652252197266, -1.3186695575714111, -0.009114742279052734, 0.026369452476501465, 0.15998850790500185, -5.356978968197262, -4.08901113854417, -0.19762220189525248
360, 1763488336.7017589, -0.020823240280151367, -0.7383556365966797, 2.019843101501465, 0.029755353927612305, -1.3122777938842773, -0.009096384048461914, 0.02631610631942749, 0.15988576228669615, -5.356951211319467, -4.088993691805763, -0.19766777579470673
361, 1763488336.7087638, -0.020838260650634766, -0.7378320693969727, 2.0184288024902344, 0.029746294021606445, -1.3110637664794922, -0.009123802185058594, 0.02627021074295044, 0.1598660615816606, -5.35694907898961, -4.088992538443366, -0.19766842317927757
362, 1763488336.733239, -0.020845651626586914, -0.7355310916900635, 2.012852191925049, 0.029746294021606445, -1.3071284294128418, -0.009114742279052734, 0.02636188268661499, 0.15976953470299793, -5.356934252416176, -4.088989209771099, -0.19773453086735593
363, 1763488336.7570078, -0.020845651626586914, -0.7335472106933594, 2.008002519607544, 0.029746294021606445, -1.30338454246521, -0.009123802185058594, 0.026308417320251465, 0.15969073494414088, -5.356914812319465, -4.088989026034734, -0.19777096391089088
364, 1763488336.775137, -0.020853042602539062, -0.7315191626548767, 2.0032010078430176, 0.029746294021606445, -1.3014488220214844, -0.009105443954467773, 0.02631610631942749, 0.15962533050715422, -5.356903876997606, -4.088995249441557, -0.1978220290448398
365, 1763488336.8117728, -0.020838260650634766, -0.7289454936981201, 1.9961141347885132, 0.029737234115600586, -1.2968106269836426, -0.009105443954467773, 0.02627021074295044, 0.15951294036956687, -5.356876005989435, -4.089004430397415, -0.1978415539218359
366, 1763488336.8207989, -0.020838260650634766, -0.7275662422180176, 1.9924869537353516, 0.029727935791015625, -1.2948200702667236, -0.009123802185058594, 0.026323676109313965, 0.15944693185696546, -5.356865133815327, -4.089003935289858, -0.19784366883923976
367, 1763488336.844534, -0.020845651626586914, -0.725560188293457, 1.9873496294021606, 0.029755353927612305, -1.2931125164031982, -0.009096384048461914, 0.026308417320251465, 0.15935129752135246, -5.3568512585523855, -4.089006729811115, -0.19783215338344107
368, 1763488336.867318, -0.020867586135864258, -0.7233035564422607, 1.9807343482971191, 0.029737234115600586, -1.2898893356323242, -0.009087085723876953, 0.026338934898376465, 0.15922322179309245, -5.35683472357021, -4.089012145257653, -0.1978084681045047
369, 1763488336.8958, -0.020874977111816406, -0.7215187549591064, 1.9756211042404175, 0.029727935791015625, -1.2864196300506592, -0.009114742279052734, 0.02636188268661499, 0.15912663373187907, -5.356831907231097, -4.089017091354608, -0.19777740503100283
370, 1763488336.9055161, -0.020904541015625, -0.719881534576416, 1.971242904663086, 0.029727935791015625, -1.2834794521331787, -0.009096384048461914, 0.026354193687438965, 0.15903432114549054, -5.356810055884828, -4.08901636762166, -0.19773933524402665
371, 1763488336.9335208, -0.020904541015625, -0.7183918356895447, 1.9669445753097534, 0.029709815979003906, -1.2800095081329346, -0.009123802185058594, 0.026308417320251465, 0.15893662344373038, -5.356785330155595, -4.0890188515281904, -0.1976994635765914
372, 1763488336.951875, -0.020926475524902344, -0.715972900390625, 1.9607926607131958, 0.029737234115600586, -1.2749876976013184, -0.009123802185058594, 0.02628546953201294, 0.15879583367052374, -5.356760584588581, -4.089024154694767, -0.19768496963008086
373, 1763488336.9738681, -0.020926475524902344, -0.7143134474754333, 1.9567419290542603, 0.029737234115600586, -1.2719929218292236, -0.009114742279052734, 0.02633136510848999, 0.15871176092534844, -5.356746100696063, -4.0890304416046135, -0.1977137510921283
374, 1763488336.996992, -0.02094888687133789, -0.7123370170593262, 1.9520121812820435, 0.029718875885009766, -1.2688884735107422, -0.009123802185058594, 0.026323676109313965, 0.15861764162019332, -5.3567133772111255, -4.089035447320394, -0.19772997826000793
375, 1763488337.012852, -0.02095627784729004, -0.7103457450866699, 1.9473143815994263, 0.029700756072998047, -1.2665691375732422, -0.009114742279052734, 0.02625495195388794, 0.1585296710156454, -5.356687085012158, -4.089037046894351, -0.19773864249504935
376, 1763488337.037588, -0.020963668823242188, -0.7080743312835693, 1.94180166721344, 0.029718875885009766, -1.263847827911377, -0.009096384048461914, 0.026338934898376465, 0.1584204614239323, -5.356673047145103, -4.089043012003083, -0.19778530218311996
377, 1763488337.06206, -0.020963668823242188, -0.7058029174804688, 1.9360971450805664, 0.029709815979003906, -1.2605974674224854, -0.009114742279052734, 0.02630072832107544, 0.15830600642415893, -5.35663289524102, -4.0890405887933134, -0.19781135846093
378, 1763488337.07497, -0.020978212356567383, -0.7044088244438171, 1.932453989982605, 0.029700756072998047, -1.2584059238433838, -0.009123802185058594, 0.02625495195388794, 0.15824847969261435, -5.356609612623446, -4.0890321791006805, -0.1978025519585609
379, 1763488337.1050189, -0.02099323272705078, -0.7015328407287598, 1.9251354932785034, 0.029709815979003906, -1.2548635005950928, -0.009114742279052734, 0.026369452476501465, 0.1581079136438993, -5.356586049000045, -4.089020574319394, -0.19778990509685013
380, 1763488337.119605, -0.02098560333251953, -0.7000946998596191, 1.9213166236877441, 0.029700756072998047, -1.2518501281738281, -0.009132862091064453, 0.026323676109313965, 0.1580338548535386, -5.3565593141821495, -4.089015158110573, -0.1977446117436079
381, 1763488337.1431239, -0.021022558212280273, -0.6975798606872559, 1.9152685403823853, 0.029709815979003906, -1.2479147911071777, -0.009132862091064453, 0.026338934898376465, 0.1579245194952601, -5.356516265233876, -4.089004192423592, -0.197696978592802
382, 1763488337.163796, -0.021015167236328125, -0.6954335570335388, 1.9100754261016846, 0.029700756072998047, -1.2438058853149414, -0.009114742279052734, 0.026308417320251465, 0.15782403952080792, -5.356492496226192, -4.089004421015608, -0.19766882712835265
383, 1763488337.192839, -0.021022558212280273, -0.6927347183227539, 1.90371572971344, 0.029691457748413086, -1.2398338317871094, -0.009096384048461914, 0.02623969316482544, 0.15770457871417554, -5.356451393178964, -4.088999615743737, -0.19763283089387151
384, 1763488337.2077289, -0.021022558212280273, -0.6910678744316101, 1.899665117263794, 0.029700756072998047, -1.2378709316253662, -0.009105443954467773, 0.02634662389755249, 0.1576296671727654, -5.356434958639665, -4.089005748420174, -0.19764512512136534
385, 1763488337.2294028, -0.021059513092041016, -0.6891209483146667, 1.8948314189910889, 0.029691457748413086, -1.2343738079071045, -0.009105443954467773, 0.026277899742126465, 0.15754369196168505, -5.356420849841634, -4.08901837647407, -0.19765635332709142
386, 1763488337.257718, -0.021059513092041016, -0.6867315173149109, 1.8890869617462158, 0.029700756072998047, -1.2313332557678223, -0.009114742279052734, 0.02620917558670044, 0.15744418171874341, -5.356401598347712, -4.089019883866488, -0.19764981648440472
387, 1763488337.270599, -0.021059513092041016, -0.6851677894592285, 1.8855236768722534, 0.029682397842407227, -1.2309496402740479, -0.009132862091064453, 0.02631610631942749, 0.15738724694338535, -5.356381804876104, -4.089022897763384, -0.19767504411415882
388, 1763488337.2909892, -0.021088838577270508, -0.6831914782524109, 1.8804343938827515, 0.029682397842407227, -1.2284388542175293, -0.009151220321655273, 0.026354193687438965, 0.1573042727353704, -5.3563684825049345, -4.089028879209734, -0.19768008093557565
389, 1763488337.314642, -0.02108144760131836, -0.6809272170066833, 1.8744183778762817, 0.029691457748413086, -1.2239460945129395, -0.009132862091064453, 0.02634662389755249, 0.15721606103733732, -5.3563587632516025, -4.0890286653360475, -0.19767948570893346
390, 1763488337.343454, -0.021111249923706055, -0.6788327693939209, 1.869193196296692, 0.029691457748413086, -1.2209148406982422, -0.009114742279052734, 0.02639240026473999, 0.15714330537559806, -5.356339777944703, -4.089014689810177, -0.1976716515309782
391, 1763488337.36416, -0.021103620529174805, -0.6764359474182129, 1.863185167312622, 0.029700756072998047, -1.2161028385162354, -0.009087085723876953, 0.026369452476501465, 0.15705763640855086, -5.356333200249089, -4.089000381270255, -0.1976764876983319
392, 1763488337.384118, -0.021111249923706055, -0.673839807510376, 1.8572808504104614, 0.029682397842407227, -1.2117934226989746, -0.009123802185058594, 0.02631610631942749, 0.15695293716685177, -5.356342439424919, -4.088989487773067, -0.19768949571517247
393, 1763488337.4110951, -0.021111249923706055, -0.6714209914207458, 1.8520318269729614, 0.029664278030395508, -1.2082960605621338, -0.009142160415649414, 0.026293158531188965, 0.15687793198113875, -5.356343652463938, -4.08897964804587, -0.1976944126900424
394, 1763488337.4266188, -0.0211331844329834, -0.6691052913665771, 1.8467508554458618, 0.029673337936401367, -1.2050271034240723, -0.009123802185058594, 0.026277899742126465, 0.15680067170114576, -5.356340935295951, -4.088968355655835, -0.19769979696416762
395, 1763488337.4496489, -0.021140575408935547, -0.6663395762443542, 1.8406946659088135, 0.029673337936401367, -1.203073263168335, -0.009142160415649414, 0.026369452476501465, 0.15669785128776703, -5.3563307795836055, -4.0889627477148105, -0.1977205884321931
396, 1763488337.475507, -0.021147727966308594, -0.6640903353691101, 1.8351579904556274, 0.029682397842407227, -1.1997039318084717, -0.009123802185058594, 0.026232123374938965, 0.1566166912678424, -5.356312858485465, -4.088963929259442, -0.19774148377005396
397, 1763488337.496948, -0.021155118942260742, -0.6610297560691833, 1.8281751871109009, 0.029673337936401367, -1.1963987350463867, -0.009160280227661133, 0.026277899742126465, 0.1565023696380008, -5.356298964080331, -4.088961054498058, -0.19777859473187842
398, 1763488337.519253, -0.02117753028869629, -0.6587879061698914, 1.8228222131729126, 0.029664278030395508, -1.1942343711853027, -0.009123802185058594, 0.026354193687438965, 0.15641572393606673, -5.356276908295737, -4.088950519866846, -0.19779772392146633
399, 1763488337.540566, -0.021199464797973633, -0.6563098430633545, 1.8166064023971558, 0.029664278030395508, -1.1898243427276611, -0.009123802185058594, 0.026323676109313965, 0.15632391840670068, -5.356226812401088, -4.088939608472604, -0.19780344476178335
400, 1763488337.560138, -0.021192073822021484, -0.6543409824371338, 1.8119326829910278, 0.029645919799804688, -1.18619966506958, -0.009114742279052734, 0.026277899742126465, 0.1562391006188799, -5.356207834435902, -4.0889339826860125, -0.19781581741851717
401, 1763488337.5804858, -0.021192073822021484, -0.6519143581390381, 1.8066195249557495, 0.029673337936401367, -1.182985544204712, -0.009132862091064453, 0.02637714147567749, 0.15615275954405727, -5.356183384863032, -4.088920486777496, -0.19781657046982293
402, 1763488337.611451, -0.021192073822021484, -0.6495396494865417, 1.8012745380401611, 0.029664278030395508, -1.1786937713623047, -0.009132862091064453, 0.02628546953201294, 0.1560782644568144, -5.3561487569663, -4.088904844808312, -0.19782842930545375
403, 1763488337.626358, -0.021199464797973633, -0.6469879150390625, 1.7960015535354614, 0.029654979705810547, -1.176447868347168, -0.009114742279052734, 0.026369452476501465, 0.15599160807132673, -5.356127251214326, -4.088888602808573, -0.1978120864903561
404, 1763488337.654476, -0.021199464797973633, -0.6431309580802917, 1.7873170375823975, 0.029654979705810547, -1.1713528633117676, -0.009142160415649414, 0.02633136510848999, 0.15583552715637983, -5.356118139328975, -4.088869437709234, -0.19776434000892085
405, 1763488337.6678028, -0.02120685577392578, -0.6420466899871826, 1.7849041223526, 0.029654979705810547, -1.1701655387878418, -0.009142160415649414, 0.02631610631942749, 0.1557944706704355, -5.356109565303148, -4.088856968079597, -0.19775418197258077
406, 1763488337.68727, -0.021192073822021484, -0.6395690441131592, 1.7793034315109253, 0.029664278030395508, -1.1685128211975098, -0.009142160415649414, 0.026277899742126465, 0.15570116027146674, -5.3560666097317, -4.08883028659982, -0.19774081878609628
407, 1763488337.7134678, -0.02122187614440918, -0.6365597248077393, 1.7719610929489136, 0.029645919799804688, -1.165600299835205, -0.009151220321655273, 0.02634662389755249, 0.1555441122377843, -5.3560299847060575, -4.088804244764182, -0.19771026575630124
408, 1763488337.7335029, -0.021243810653686523, -0.634251594543457, 1.7661688327789307, 0.029654979705810547, -1.162057638168335, -0.009123802185058594, 0.026354193687438965, 0.15542663135993773, -5.356029756182809, -4.088791147992613, -0.19766549086294027
409, 1763488337.759491, -0.021280765533447266, -0.6314342021942139, 1.7595933675765991, 0.029664278030395508, -1.158085584640503, -0.009142160415649414, 0.02640765905380249, 0.1553001050028261, -5.356011257119913, -4.088783018840241, -0.19766069409215703
410, 1763488337.775501, -0.02130270004272461, -0.6293323040008545, 1.754696011543274, 0.029664278030395508, -1.1544151306152344, -0.009142160415649414, 0.026308417320251465, 0.15523004637628401, -5.355976277345677, -4.088763831946562, -0.1976690091153248
411, 1763488337.801244, -0.021324872970581055, -0.6263160705566406, 1.748448133468628, 0.029654979705810547, -1.1502513885498047, -0.009151220321655273, 0.02633136510848999, 0.15514155594898538, -5.355945512878455, -4.088728748604408, -0.19768650908360286
412, 1763488337.8216808, -0.02135443687438965, -0.623676061630249, 1.7430154085159302, 0.029645919799804688, -1.146425485610962, -0.009132862091064453, 0.026262640953063965, 0.15503991697017405, -5.3559359014882375, -4.088700745788104, -0.19769250629537183
413, 1763488337.844239, -0.021406173706054688, -0.6209840774536133, 1.7375024557113647, 0.029654979705810547, -1.1431019306182861, -0.009132862091064453, 0.02630072832107544, 0.15494191808011137, -5.355957690104709, -4.0886574805570906, -0.19772805939313276
414, 1763488337.86772, -0.0215609073638916, -0.6177759170532227, 1.7311030626296997, 0.029636859893798828, -1.1407644748687744, -0.009169340133666992, 0.026338934898376465, 0.15481825323295273, -5.355995189747089, -4.088589789920373, -0.19772049282313642
415, 1763488337.887897, -0.02165675163269043, -0.6149954795837402, 1.7253105640411377, 0.029645919799804688, -1.1376962661743164, -0.009151220321655273, 0.026277899742126465, 0.15475118338624394, -5.355943071369825, -4.088485841722311, -0.19772716843582838
416, 1763488337.910826, -0.021708250045776367, -0.6115736961364746, 1.7185195684432983, 0.029618501663208008, -1.134920597076416, -0.009151220321655273, 0.02630072832107544, 0.15468270905947035, -5.355822090604606, -4.088340936076815, -0.19772200191338118
417, 1763488337.9353201, -0.021738052368164062, -0.608107328414917, 1.7117124795913696, 0.029636859893798828, -1.133103847503662, -0.009151220321655273, 0.026369452476501465, 0.1545327101365952, -5.355923848467288, -4.08826888561881, -0.1977448267108901
418, 1763488337.958606, -0.02165675163269043, -0.6047961711883545, 1.704865574836731, 0.029627561569213867, -1.1288578510284424, -0.009151220321655273, 0.026338934898376465, 0.154442111820439, -5.355934947123361, -4.088157498991967, -0.19781476619446092
419, 1763488337.983574, -0.021759986877441406, -0.6014847755432129, 1.6988494396209717, 0.029600143432617188, -1.1249678134918213, -0.009151220321655273, 0.02631610631942749, 0.15441299954389076, -5.355764266927638, -4.087991485473448, -0.19774594726529227
420, 1763488338.005575, -0.021855831146240234, -0.597480297088623, 1.6918185949325562, 0.029591083526611328, -1.121023416519165, -0.009142160415649414, 0.026354193687438965, 0.15425463360875546, -5.355843098613109, -4.087829441429961, -0.1977075652891349
421, 1763488338.0258188, -0.02184128761291504, -0.593726634979248, 1.6857306957244873, 0.029591083526611328, -1.116896390914917, -0.009142160415649414, 0.026338934898376465, 0.15414314474685553, -5.355919539942837, -4.087629076391389, -0.19777092231180315
422, 1763488338.0470169, -0.021826505661010742, -0.5897367000579834, 1.6797864437103271, 0.029600143432617188, -1.1144399642944336, -0.009169340133666992, 0.026338934898376465, 0.1541067604235783, -5.355739934273266, -4.0873375031655526, -0.19779891166518837
423, 1763488338.0712671, -0.02187061309814453, -0.5851123332977295, 1.6729234457015991, 0.029591083526611328, -1.1110892295837402, -0.009160280227661133, 0.026262640953063965, 0.15397717849961312, -5.355732040831933, -4.0870600379076905, -0.19776419028022652
424, 1763488338.0905359, -0.021738052368164062, -0.5817790031433105, 1.6681458950042725, 0.029581785202026367, -1.1106417179107666, -0.009151220321655273, 0.02642291784286499, 0.15381487971136343, -5.355914951637406, -4.086811589894729, -0.19779140820924113
425, 1763488338.125738, -0.021546125411987305, -0.5795886516571045, 1.6657170057296753, 0.029572725296020508, -1.1105413436889648, -0.009160280227661133, 0.026354193687438965, 0.15388177748602416, -5.355693977382273, -4.086418305559203, -0.1978602155306186
426, 1763488338.134738, -0.02161264419555664, -0.5791091918945312, 1.6656452417373657, 0.02956366539001465, -1.110614538192749, -0.009169340133666992, 0.02637714147567749, 0.15390682408227263, -5.355649792524312, -4.086234067150458, -0.19779981113931822
427, 1763488338.157212, -0.021686315536499023, -0.5784235000610352, 1.6656452417373657, 0.02956366539001465, -1.1105504035949707, -0.009151220321655273, 0.02634662389755249, 0.153783770871752, -5.355893996415208, -4.086081355331953, -0.19767027360167777
428, 1763488338.175041, -0.021531343460083008, -0.5774867534637451, 1.665253758430481, 0.029545307159423828, -1.110532283782959, -0.009142160415649414, 0.026323676109313965, 0.1537455193320072, -5.355931652067962, -4.08582678961882, -0.19772000462841355
429, 1763488338.197516, -0.021465063095092773, -0.5763216018676758, 1.6643189191818237, 0.02953624725341797, -1.110522985458374, -0.009132862091064453, 0.02633136510848999, 0.15380516875922956, -5.355614149119182, -4.085498695585879, -0.19777860473004427
430, 1763488338.225211, -0.021686315536499023, -0.574559211730957, 1.6627050638198853, 0.02956366539001465, -1.110532283782959, -0.009160280227661133, 0.026293158531188965, 0.15361387382733582, -5.3557508496814465, -4.085287138816824, -0.19762481936997833
431, 1763488338.240961, -0.021723270416259766, -0.572789192199707, 1.6610991954803467, 0.029554367065429688, -1.1105413436889648, -0.009151220321655273, 0.02631610631942749, 0.15341424492420352, -5.355989604779622, -4.08510156800298, -0.19766333815116788
432, 1763488338.2670221, -0.0215756893157959, -0.5707018375396729, 1.6593493223190308, 0.02950882911682129, -1.1105597019195557, -0.009151220321655273, 0.026354193687438965, 0.1534535441245023, -5.355560293921081, -4.084708231345597, -0.1978093569699233
433, 1763488338.287926, -0.021738052368164062, -0.5688362121582031, 1.6578234434127808, 0.02950882911682129, -1.1105597019195557, -0.009142160415649414, 0.026338934898376465, 0.15332911427602813, -5.355489571902356, -4.084520757277319, -0.19770121475354863
434, 1763488338.3127391, -0.02178215980529785, -0.5671179294586182, 1.656481146812439, 0.02952718734741211, -1.1105413436889648, -0.009160280227661133, 0.026308417320251465, 0.15300989308777302, -5.355943385751782, -4.084419264377857, -0.1977042703993792
435, 1763488338.333218, -0.02142810821533203, -0.5655100345611572, 1.6555464267730713, 0.02949070930480957, -1.1105413436889648, -0.009169340133666992, 0.02633136510848999, 0.1530458907886313, -5.35567108877185, -4.084140655168899, -0.19791873191377718
436, 1763488338.359166, -0.02139139175415039, -0.5637917518615723, 1.6543959379196167, 0.02949070930480957, -1.110522985458374, -0.009160280227661133, 0.02630072832107544, 0.15300758181714147, -5.355333036001987, -4.083890044746677, -0.1978886894357803
437, 1763488338.37806, -0.02147960662841797, -0.5629067420959473, 1.6537487506866455, 0.02951788902282715, -1.110522985458374, -0.009160280227661133, 0.026293158531188965, 0.1527325994017693, -5.355784089253229, -4.083889093611526, -0.1978311755315234
438, 1763488338.402565, -0.021155118942260742, -0.5615129470825195, 1.653013825416565, 0.02946329116821289, -1.1105139255523682, -0.009151220321655273, 0.02633136510848999, 0.1527135923102525, -5.355609755059256, -4.083664233133946, -0.19799661860792206
439, 1763488338.4291992, -0.021147727966308594, -0.5603327751159668, 1.6522786617279053, 0.02946329116821289, -1.110532283782959, -0.009151220321655273, 0.026323676109313965, 0.15276371001865086, -5.355229382397988, -4.083473901866094, -0.19794683196349983
440, 1763488338.4454331, -0.021317481994628906, -0.5593297481536865, 1.6515196561813354, 0.02948141098022461, -1.1105046272277832, -0.009178638458251953, 0.026308417320251465, 0.1524666437403105, -5.3556956535481195, -4.083516065423892, -0.19781545205878448
441, 1763488338.4694881, -0.021103620529174805, -0.5580980777740479, 1.6507847309112549, 0.02946329116821289, -1.1104683876037598, -0.009169340133666992, 0.026323676109313965, 0.15244104709674566, -5.355667259988081, -4.083395548629602, -0.19790672651434882
442, 1763488338.492657, -0.021147727966308594, -0.5569479465484619, 1.6498819589614868, 0.02942681312561035, -1.1105504035949707, -0.009160280227661133, 0.026354193687438965, 0.15254818407229642, -5.355156395830466, -4.083192209246369, -0.19781658781672995
443, 1763488338.531301, -0.021332502365112305, -0.55523681640625, 1.6486436128616333, 0.02946329116821289, -1.1104774475097656, -0.009151220321655273, 0.02633136510848999, 0.15217056192387435, -5.355802627637098, -4.083244407697221, -0.19769266411139075
444, 1763488338.5379572, -0.021199464797973633, -0.5545949935913086, 1.6482759714126587, 0.02945423126220703, -1.1104316711425781, -0.009160280227661133, 0.026323676109313965, 0.15221952325892385, -5.355686597311151, -4.0831455462197725, -0.19776101577873906
445, 1763488338.5589728, -0.021096229553222656, -0.5535404682159424, 1.6475969552993774, 0.02942681312561035, -1.110440731048584, -0.009178638458251953, 0.02628546953201294, 0.15233377229326373, -5.355202720294903, -4.082973838179007, -0.19786017045098347
446, 1763488338.578065, -0.021273374557495117, -0.5524930953979492, 1.6467500925064087, 0.02944493293762207, -1.1104497909545898, -0.009151220321655273, 0.02631610631942749, 0.1522292763083024, -5.355311158268473, -4.082951466520277, -0.19782791019400392
447, 1763488338.600383, -0.021332502365112305, -0.5515344142913818, 1.6460069417953491, 0.02942681312561035, -1.1104316711425781, -0.009169340133666992, 0.026338934898376465, 0.15204644526778888, -5.3556300880359515, -4.082999175781539, -0.19788310358665484
448, 1763488338.620866, -0.02117753028869629, -0.5510110855102539, 1.6456315517425537, 0.02941751480102539, -1.1104316711425781, -0.009160280227661133, 0.02630072832107544, 0.15214889242778296, -5.3552983268282475, -4.082881167371094, -0.19800855929992434
449, 1763488338.6459389, -0.02133965492248535, -0.5504136085510254, 1.6451202630996704, 0.02943587303161621, -1.1104044914245605, -0.009169340133666992, 0.026308417320251465, 0.15210528033226378, -5.35523981331498, -4.082849608371133, -0.1979858788812523
450, 1763488338.671375, -0.02133965492248535, -0.5499856472015381, 1.6447526216506958, 0.02943587303161621, -1.1104316711425781, -0.009160280227661133, 0.02633136510848999, 0.1519658960909499, -5.3555458611182125, -4.082916307600311, -0.1979583922656616
451, 1763488338.698366, -0.02121424674987793, -0.5497941970825195, 1.6446646451950073, 0.02941751480102539, -1.1103858947753906, -0.009160280227661133, 0.02631610631942749, 0.1520550288636593, -5.355283766921473, -4.08284276562427, -0.1980184060577086
452, 1763488338.7089121, -0.021229028701782227, -0.5496244430541992, 1.6445368528366089, 0.02940845489501953, -1.1104044914245605, -0.009178638458251953, 0.026308417320251465, 0.15205178057655833, -5.3552189774497085, -4.082824971697698, -0.19793300823466353
453, 1763488338.7306821, -0.021265745162963867, -0.549506664276123, 1.6443771123886108, 0.02943587303161621, -1.1104044914245605, -0.009169340133666992, 0.026308417320251465, 0.15193568992499795, -5.355464224838757, -4.08289344326906, -0.1978243945937388
454, 1763488338.753237, -0.021184921264648438, -0.5494697093963623, 1.6443132162094116, 0.02941751480102539, -1.1103768348693848, -0.009160280227661133, 0.02634662389755249, 0.1519752848834719, -5.355317762710867, -4.082858590927452, -0.19784821649384288
455, 1763488338.775132, -0.02130270004272461, -0.5494105815887451, 1.6442493200302124, 0.02941751480102539, -1.1104044914245605, -0.009169340133666992, 0.026323676109313965, 0.15199656616774837, -5.3552008701551, -4.082850074319557, -0.19778057545793004
456, 1763488338.797565, -0.021376371383666992, -0.5493662357330322, 1.6442333459854126, 0.02940845489501953, -1.1104044914245605, -0.009169340133666992, 0.026323676109313965, 0.15191306394358128, -5.355400335106341, -4.082911287880924, -0.19777989742171442
457, 1763488338.818342, -0.021376371383666992, -0.5493073463439941, 1.6442493200302124, 0.02941751480102539, -1.110358715057373, -0.009187698364257812, 0.026323676109313965, 0.15192802150110452, -5.355284334129023, -4.082899034946657, -0.19782790719003884
458, 1763488338.844885, -0.021450281143188477, -0.549196720123291, 1.6441853046417236, 0.02941751480102539, -1.1103768348693848, -0.009196758270263672, 0.026338934898376465, 0.1519150037975905, -5.3552392396967035, -4.082917287639183, -0.19787190876432081
459, 1763488338.865878, -0.021450281143188477, -0.5491006374359131, 1.6441055536270142, 0.02942681312561035, -1.110367774963379, -0.009151220321655273, 0.026338934898376465, 0.15183966537958382, -5.355383597163627, -4.082967244189707, -0.19792219099797936
460, 1763488338.8855429, -0.02143549919128418, -0.5490272045135498, 1.6440255641937256, 0.029399394989013672, -1.1102948188781738, -0.009178638458251953, 0.026308417320251465, 0.15186825718156838, -5.355254045507411, -4.082947763924892, -0.1979630705663169
461, 1763488338.908937, -0.021465063095092773, -0.5489017963409424, 1.6439377069473267, 0.02942681312561035, -1.1103038787841797, -0.009169340133666992, 0.026323676109313965, 0.15186844726272275, -5.355211432216924, -4.082951284241829, -0.1979263351888898
462, 1763488338.9341178, -0.02142810821533203, -0.5488429069519043, 1.6438816785812378, 0.029399394989013672, -1.110285758972168, -0.009178638458251953, 0.026308417320251465, 0.15178996587693305, -5.355384778969071, -4.083005582485892, -0.19791658391650113
463, 1763488338.959311, -0.02135443687438965, -0.5488059520721436, 1.643833875656128, 0.029390335083007812, -1.1102125644683838, -0.009169340133666992, 0.026308417320251465, 0.15183676055001127, -5.35523686456201, -4.082977982009621, -0.1979024938171854
464, 1763488338.9762912, -0.0213470458984375, -0.5487322807312012, 1.6437779664993286, 0.029390335083007812, -1.1102216243743896, -0.009169340133666992, 0.02631610631942749, 0.1518257457190253, -5.355237297958561, -4.082986226513066, -0.19786296096710654
465, 1763488339.00156, -0.0213470458984375, -0.5486361980438232, 1.6437299251556396, 0.02942681312561035, -1.1101758480072021, -0.009178638458251953, 0.026323676109313965, 0.15174656859222524, -5.3553944994238725, -4.08303669883418, -0.1978408277002517
466, 1763488339.0226922, -0.0213470458984375, -0.5485625267028809, 1.6436899900436401, 0.02942681312561035, -1.1100938320159912, -0.009160280227661133, 0.026323676109313965, 0.15178419486798145, -5.355240730898253, -4.083008926313792, -0.1978377133370781
467, 1763488339.0495338, -0.021376371383666992, -0.5484960079193115, 1.6436340808868408, 0.02940845489501953, -1.1099750995635986, -0.009160280227661133, 0.026308417320251465, 0.15175503127812406, -5.3552976594064665, -4.083046218355966, -0.19784281455488806
468, 1763488339.0711548, -0.021376371383666992, -0.5484297275543213, 1.6435781717300415, 0.02940845489501953, -1.109792709350586, -0.009169340133666992, 0.02631610631942749, 0.15170996491786937, -5.355373570884089, -4.083083029794279, -0.19791069973117992
469, 1763488339.0918882, -0.02135443687438965, -0.5482010841369629, 1.6434344053268433, 0.02941751480102539, -1.109701156616211, -0.009178638458251953, 0.02631610631942749, 0.15176275081205215, -5.355212525098294, -4.083050007406046, -0.1979694018317879
470, 1763488339.11466, -0.02133965492248535, -0.5479354858398438, 1.6431947946548462, 0.02940845489501953, -1.1096646785736084, -0.009160280227661133, 0.02633136510848999, 0.15172674114502793, -5.35527300415204, -4.083078724690987, -0.1979947658777066
471, 1763488339.138761, -0.02130270004272461, -0.547788143157959, 1.6430667638778687, 0.02941751480102539, -1.1096374988555908, -0.009160280227661133, 0.026338934898376465, 0.1517002754345257, -5.35533048644156, -4.0831076872526655, -0.19800814725355753
472, 1763488339.1608891, -0.021288156509399414, -0.5476701259613037, 1.6430429220199585, 0.02940845489501953, -1.1096007823944092, -0.009160280227661133, 0.026323676109313965, 0.1517531858818949, -5.355201774109986, -4.083084206663164, -0.19796810881928018
473, 1763488339.1863549, -0.021251201629638672, -0.5463793277740479, 1.6421560049057007, 0.02941751480102539, -1.1096374988555908, -0.009178638458251953, 0.02633136510848999, 0.15169389182138726, -5.355296772773466, -4.08309744219753, -0.19791416441260878
474, 1763488339.2043111, -0.02122187614440918, -0.5451624393463135, 1.6412771940231323, 0.02941751480102539, -1.1096646785736084, -0.009178638458251953, 0.026369452476501465, 0.1516546870500105, -5.355302725860904, -4.083099000373687, -0.19787409946103995
475, 1763488339.2265248, -0.021199464797973633, -0.5437171459197998, 1.6404463052749634, 0.02941751480102539, -1.1096556186676025, -0.009169340133666992, 0.026338934898376465, 0.15170056845025814, -5.355191307984332, -4.083087207126398, -0.19784887901156978
476, 1763488339.2587872, -0.021184921264648438, -0.5414531230926514, 1.6391440629959106, 0.02940845489501953, -1.109618902206421, -0.009160280227661133, 0.02633136510848999, 0.15168140016559917, -5.355284162045777, -4.0831566044101875, -0.19781338106145085
477, 1763488339.269386, -0.021184921264648438, -0.5403687953948975, 1.6385608911514282, 0.02942681312561035, -1.109701156616211, -0.009160280227661133, 0.026338934898376465, 0.15165345392772456, -5.355296225078332, -4.083174929445426, -0.19781109055541712
478, 1763488339.290459, -0.021162748336791992, -0.538156270980835, 1.637330412864685, 0.02940845489501953, -1.1097288131713867, -0.009169340133666992, 0.026338934898376465, 0.15166934406240373, -5.355194715824996, -4.083142004829718, -0.19783883417333392
479, 1763488339.312351, -0.021199464797973633, -0.5355753898620605, 1.6359082460403442, 0.02940845489501953, -1.1098747253417969, -0.009142160415649414, 0.02633136510848999, 0.1516453885399931, -5.355226135951277, -4.083147514041709, -0.19786312781553939
480, 1763488339.337502, -0.021199464797973633, -0.5333480834960938, 1.6350454092025757, 0.02942681312561035, -1.112586498260498, -0.009169340133666992, 0.02636188268661499, 0.15162568254969355, -5.355275290131143, -4.083193221176646, -0.19790454371487698
481, 1763488339.363067, -0.021192073822021484, -0.5309436321258545, 1.6338070631027222, 0.02941751480102539, -1.1136183738708496, -0.009160280227661133, 0.026323676109313965, 0.1516597476927508, -5.355206767856562, -4.083201115944407, -0.19792878412367632
482, 1763488339.379704, -0.021192073822021484, -0.5293655395507812, 1.632904291152954, 0.02940845489501953, -1.1136822700500488, -0.009169340133666992, 0.026308417320251465, 0.1516239412389364, -5.355260638316867, -4.083210843883333, -0.19793331969320516
483, 1763488339.401956, -0.021184921264648438, -0.5269098281860352, 1.631506085395813, 0.02940845489501953, -1.1137006282806396, -0.009187698364257812, 0.026323676109313965, 0.15157104261371468, -5.355286447386419, -4.083220825797763, -0.19793544383992234
484, 1763488339.422195, -0.02117753028869629, -0.5252799987792969, 1.630635142326355, 0.029399394989013672, -1.1137738227844238, -0.009187698364257812, 0.02630072832107544, 0.1515876808012374, -5.355214377620646, -4.0832219479905065, -0.19793232943382133
485, 1763488339.444829, -0.02117753028869629, -0.5231707096099854, 1.6295167207717896, 0.029399394989013672, -1.1143579483032227, -0.009160280227661133, 0.02627021074295044, 0.15156059308545966, -5.3552189450567855, -4.083282851880003, -0.19795958670103264
486, 1763488339.47119, -0.02117753028869629, -0.5205967426300049, 1.6282144784927368, 0.02941751480102539, -1.1181561946868896, -0.009178638458251953, 0.02642291784286499, 0.15148576401671332, -5.355225392491355, -4.083344751651395, -0.1979861020857152
487, 1763488339.492016, -0.02117753028869629, -0.5185537338256836, 1.626872181892395, 0.02941751480102539, -1.118302822113037, -0.009151220321655273, 0.026262640953063965, 0.1514520288686082, -5.355180706478667, -4.083378600462823, -0.1980056751722028
488, 1763488339.5110111, -0.021199464797973633, -0.516850471496582, 1.6257935762405396, 0.02940845489501953, -1.1183300018310547, -0.009160280227661133, 0.026308417320251465, 0.1513722025076475, -5.355231815733215, -4.083440826249555, -0.19800821193712803
489, 1763488339.53268, -0.02117753028869629, -0.5150434970855713, 1.6246750354766846, 0.02942681312561035, -1.1183662414550781, -0.009169340133666992, 0.02633136510848999, 0.15129577272168515, -5.355222676385136, -4.0835169377350455, -0.19801239777620516
490, 1763488339.5626822, -0.02117013931274414, -0.5125949382781982, 1.6234047412872314, 0.029399394989013672, -1.1184301376342773, -0.009169340133666992, 0.026338934898376465, 0.15127785533433868, -5.355089479799343, -4.08359862346673, -0.19799474389887273
491, 1763488339.5747352, -0.021184921264648438, -0.5116288661956787, 1.6228454113006592, 0.02941751480102539, -1.1184396743774414, -0.009169340133666992, 0.02630072832107544, 0.15121344126283343, -5.355129671850981, -4.083667716596687, -0.1979852768985042
492, 1763488339.600885, -0.021155118942260742, -0.5094091892242432, 1.6215431690216064, 0.02941751480102539, -1.1184942722320557, -0.009178638458251953, 0.026323676109313965, 0.15105762374843856, -5.355218482486436, -4.083825324009122, -0.19799148497373675
493, 1763488339.6225438, -0.021096229553222656, -0.5073144435882568, 1.6202728748321533, 0.029399394989013672, -1.1200556755065918, -0.009151220321655273, 0.02623969316482544, 0.15104479883600563, -5.355056451814661, -4.08390946238418, -0.1979791078403501
494, 1763488339.64702, -0.021147727966308594, -0.5054266452789307, 1.6191223859786987, 0.02941751480102539, -1.1227490901947021, -0.009151220321655273, 0.026338934898376465, 0.15095474278916143, -5.355075076181389, -4.08402805989124, -0.1979457438902985
495, 1763488339.6703649, -0.021147727966308594, -0.5037672519683838, 1.6180278062820435, 0.029390335083007812, -1.1241188049316406, -0.009215116500854492, 0.02630072832107544, 0.15081507383863313, -5.355205114928488, -4.0841874330003645, -0.19796591737621227
496, 1763488339.691651, -0.021066904067993164, -0.5019457340240479, 1.6170850992202759, 0.029399394989013672, -1.125917673110962, -0.009151220321655273, 0.026369452476501465, 0.15079120700027004, -5.355120988285777, -4.084282773869902, -0.1980249008750974
497, 1763488339.709644, -0.021111249923706055, -0.5004191398620605, 1.6161023378372192, 0.029390335083007812, -1.125917673110962, -0.009187698364257812, 0.026338934898376465, 0.15076529587832221, -5.355020682929348, -4.084389215632992, -0.19802985086633296
498, 1763488339.7346041, -0.021184921264648438, -0.49866363406181335, 1.615079641342163, 0.029399394989013672, -1.125908374786377, -0.009160280227661133, 0.02634662389755249, 0.15064770139392625, -5.355160999367037, -4.08458106163855, -0.19805326353805341
499, 1763488339.761581, -0.021155118942260742, -0.49721094965934753, 1.6143447160720825, 0.029371976852416992, -1.125908374786377, -0.009169340133666992, 0.026293158531188965, 0.15061461404746124, -5.3551922562586585, -4.0846982096816635, -0.1981018107658299
500, 1763488339.7778409, -0.02117013931274414, -0.4952123165130615, 1.6133859157562256, 0.02938103675842285, -1.1259267330169678, -0.009169340133666992, 0.026338934898376465, 0.1506146218827581, -5.355044856477609, -4.084829338078836, -0.19810752827891331
501, 1763488339.801026, -0.02117753028869629, -0.49345728754997253, 1.612443208694458, 0.029362916946411133, -1.1259634494781494, -0.009178638458251953, 0.026308417320251465, 0.15051731465285323, -5.355123893536977, -4.085055127867966, -0.198080166744254
502, 1763488339.821703, -0.021229028701782227, -0.49218130111694336, 1.6117321252822876, 0.029390335083007812, -1.1259267330169678, -0.009151220321655273, 0.02631610631942749, 0.15044894060064062, -5.355253043595998, -4.085254534688529, -0.19805255910211805
503, 1763488339.846636, -0.0211184024810791, -0.49051451683044434, 1.6109331846237183, 0.029371976852416992, -1.126009225845337, -0.009178638458251953, 0.026323676109313965, 0.15050462516854668, -5.355123286091498, -4.085550427660947, -0.1981024840212937
504, 1763488339.87049, -0.021111249923706055, -0.489246129989624, 1.6102540493011475, 0.029353857040405273, -1.1260545253753662, -0.009169340133666992, 0.02631610631942749, 0.1505145381536669, -5.355035077400212, -4.085853457530117, -0.19807343003291322
505, 1763488339.8887181, -0.021332502365112305, -0.4881913661956787, 1.609542965888977, 0.029353857040405273, -1.1268854141235352, -0.009187698364257812, 0.026216864585876465, 0.15044483604220937, -5.355255924156026, -4.086231387011292, -0.19801016015217865
506, 1763488339.9113011, -0.021324872970581055, -0.4873506724834442, 1.6092474460601807, 0.029353857040405273, -1.1299443244934082, -0.009169340133666992, 0.026293158531188965, 0.15042842924039246, -5.355319397517353, -4.08666256084106, -0.1979956563197769
507, 1763488339.934252, -0.021251201629638672, -0.4868418872356415, 1.6088478565216064, 0.029353857040405273, -1.130547046661377, -0.009169340133666992, 0.02633136510848999, 0.15054423842316866, -5.355079465434739, -4.086950671417704, -0.19801043898709736
508, 1763488339.9621801, -0.021265745162963867, -0.4860231578350067, 1.6081207990646362, 0.029335498809814453, -1.1305654048919678, -0.009169340133666992, 0.026338934898376465, 0.15053838868717484, -5.355092226187248, -4.0872915565916115, -0.19800431041820854
509, 1763488339.978726, -0.021280765533447266, -0.48497605323791504, 1.6072819232940674, 0.029353857040405273, -1.130547046661377, -0.009178638458251953, 0.026354193687438965, 0.15039078340891077, -5.355388537747377, -4.087786594137678, -0.1980441616016808
510, 1763488340.000387, -0.021147727966308594, -0.48420166969299316, 1.6068185567855835, 0.029317140579223633, -1.130556344985962, -0.009178638458251953, 0.02633136510848999, 0.15050604333219797, -5.355219131796243, -4.08805946474638, -0.1981137055897806
511, 1763488340.0229812, -0.021140575408935547, -0.48296260833740234, 1.6059876680374146, 0.029298782348632812, -1.130547046661377, -0.009169340133666992, 0.026323676109313965, 0.15065212090837898, -5.354941419088818, -4.08834493083209, -0.19811918514031213
512, 1763488340.0464058, -0.021243810653686523, -0.4814949035644531, 1.6049491167068481, 0.029335498809814453, -1.130610704421997, -0.009178638458251953, 0.026338934898376465, 0.1504588205936095, -5.35533267478445, -4.088818533089179, -0.19814950927560204
513, 1763488340.0713758, -0.021184921264648438, -0.4801897704601288, 1.604549527168274, 0.029308080673217773, -1.1306202411651611, -0.009178638458251953, 0.02631610631942749, 0.15053284242983522, -5.355351490194613, -4.089090722126376, -0.19824825762790788
514, 1763488340.0917592, -0.021044492721557617, -0.4790024757385254, 1.6041420698165894, 0.029207468032836914, -1.130629301071167, -0.009169340133666992, 0.02631610631942749, 0.1507346863575204, -5.35493765449689, -4.089178519968459, -0.19827804273430605
515, 1763488340.113773, -0.021280765533447266, -0.4771067798137665, 1.602767825126648, 0.029243946075439453, -1.130629301071167, -0.009151220321655273, 0.026338934898376465, 0.15066038339762522, -5.355042910812977, -4.089488896145387, -0.19818260477783411
516, 1763488340.140471, -0.02130270004272461, -0.47522640228271484, 1.6015294790267944, 0.029216766357421875, -1.1306474208831787, -0.009178638458251953, 0.026308417320251465, 0.15055116380924705, -5.355482240072275, -4.089836308983334, -0.1982162887989185
517, 1763488340.1658041, -0.02103710174560547, -0.47383999824523926, 1.6008025407791138, 0.029152870178222656, -1.130629301071167, -0.009178638458251953, 0.026293158531188965, 0.15080925020541924, -5.355021454367567, -4.089906296790562, -0.19827869918588625
518, 1763488340.1816828, -0.021088838577270508, -0.47237229347229004, 1.5998517274856567, 0.029143571853637695, -1.1311495304107666, -0.009187698364257812, 0.026262640953063965, 0.15088139424515223, -5.354815843299442, -4.090098241380977, -0.19819047834506254
519, 1763488340.204776, -0.02135443687438965, -0.4708900451660156, 1.5990687608718872, 0.029189348220825195, -1.1365642547607422, -0.009187698364257812, 0.02645343542098999, 0.1506415448609506, -5.355505949330023, -4.0905256508210535, -0.1980513640076218
520, 1763488340.228519, -0.021273374557495117, -0.47010061144828796, 1.5987492799758911, 0.029134511947631836, -1.1390113830566406, -0.009187698364257812, 0.02634662389755249, 0.15079345965002966, -5.355376937259585, -4.09068167574834, -0.19806845044074972
521, 1763488340.253443, -0.021155118942260742, -0.4685080051422119, 1.5976226329803467, 0.0290067195892334, -1.1390113830566406, -0.009178638458251953, 0.02634662389755249, 0.15110012515670346, -5.354683237255474, -4.090767744000533, -0.1979966234558832
522, 1763488340.27541, -0.021450281143188477, -0.46659037470817566, 1.5959608554840088, 0.029070615768432617, -1.1390478610992432, -0.009187698364257812, 0.02634662389755249, 0.15082413194218514, -5.355279188572096, -4.091176184412081, -0.19794666304126274
523, 1763488340.295294, -0.021465063095092773, -0.46526286005973816, 1.595321774482727, 0.029061555862426758, -1.1391026973724365, -0.009160280227661133, 0.026293158531188965, 0.15069789335796502, -5.355672780985145, -4.091449940161845, -0.19806478550474083
524, 1763488340.3183281, -0.021103620529174805, -0.463986873626709, 1.594962239265442, 0.028842449188232422, -1.13913893699646, -0.009169340133666992, 0.026232123374938965, 0.15105953499453884, -5.354932124478482, -4.091419600450865, -0.19816327668127887
525, 1763488340.3405492, -0.02130270004272461, -0.4624898433685303, 1.5939315557479858, 0.0288240909576416, -1.1393218040466309, -0.009178638458251953, 0.02628546953201294, 0.1511546353363712, -5.35466411069727, -4.091560234389488, -0.1981303350285808
526, 1763488340.3642628, -0.021450281143188477, -0.46048375964164734, 1.5925413370132446, 0.02888798713684082, -1.1418328285217285, -0.009187698364257812, 0.026308417320251465, 0.15077167986038387, -5.355613155239162, -4.092075966037345, -0.19822194138111016
527, 1763488340.3879292, -0.021162748336791992, -0.4600563049316406, 1.5927809476852417, 0.028787612915039062, -1.1429557800292969, -0.009196758270263672, 0.02631610631942749, 0.15100836443256938, -5.355244832033072, -4.092158641730518, -0.19835718212011955
528, 1763488340.4097862, -0.0211331844329834, -0.46007105708122253, 1.5931965112686157, 0.028650522232055664, -1.1428370475769043, -0.009169340133666992, 0.026293158531188965, 0.15129699619979586, -5.354674037734041, -4.092196652480711, -0.19829081364203915
529, 1763488340.430481, -0.0215756893157959, -0.4602181911468506, 1.592805027961731, 0.028714418411254883, -1.1428461074829102, -0.009196758270263672, 0.02630072832107544, 0.1510161036441242, -5.355329221540143, -4.092721689899273, -0.19808494694192547
530, 1763488340.456766, -0.021486997604370117, -0.46045446395874023, 1.5926053524017334, 0.028687000274658203, -1.1428370475769043, -0.009206056594848633, 0.026308417320251465, 0.15099606247956066, -5.355571519621707, -4.093010281934864, -0.19814106370429752
531, 1763488340.479873, -0.021384000778198242, -0.4608304500579834, 1.5927011966705322, 0.028522729873657227, -1.1429009437561035, -0.009187698364257812, 0.02634662389755249, 0.15138063534510204, -5.354773810751611, -4.09300203088279, -0.19808534064721428
532, 1763488340.4961522, -0.022040128707885742, -0.4608895778656006, 1.5925174951553345, 0.028559446334838867, -1.1429190635681152, -0.009187698364257812, 0.026338934898376465, 0.15132082582891704, -5.354833818674964, -4.093180436454672, -0.19783352700617485
533, 1763488340.516643, -0.022423744201660156, -0.46091172099113464, 1.5924774408340454, 0.028568506240844727, -1.1428918838500977, -0.009196758270263672, 0.026323676109313965, 0.15109974939579518, -5.355455135470977, -4.093489212440302, -0.19770225580722123
534, 1763488340.5416372, -0.022040128707885742, -0.46097061038017273, 1.5927809476852417, 0.028532028198242188, -1.142855167388916, -0.009224176406860352, 0.026338934898376465, 0.1512216136088862, -5.355340476616747, -4.0935247734594755, -0.1979780814825718
535, 1763488340.5633862, -0.021951913833618164, -0.46097803115844727, 1.5929008722305298, 0.028477191925048828, -1.14286470413208, -0.009206056594848633, 0.026308417320251465, 0.15145232061099156, -5.354814498052548, -4.093491170375082, -0.19808864792472658
536, 1763488340.585943, -0.022173166275024414, -0.46099257469177246, 1.5927411317825317, 0.028513669967651367, -1.142855167388916, -0.009196758270263672, 0.02631610631942749, 0.15127844084889364, -5.355247310940437, -4.093733416108703, -0.19805883386806045
537, 1763488340.6060212, -0.02201080322265625, -0.46130990982055664, 1.5927809476852417, 0.028513669967651367, -1.1428279876708984, -0.009206056594848633, 0.026308417320251465, 0.15124170265724068, -5.355471825360514, -4.093829754717662, -0.19824488188875833
538, 1763488340.6273448, -0.021848678588867188, -0.4614574909210205, 1.5928529500961304, 0.028477191925048828, -1.1428461074829102, -0.009178638458251953, 0.02631610631942749, 0.15146996826457937, -5.355011925911177, -4.093768376127644, -0.19834984195522942
539, 1763488340.6587882, -0.022032737731933594, -0.4616713523864746, 1.5928210020065308, 0.028504610061645508, -1.142855167388916, -0.009196758270263672, 0.02631610631942749, 0.15142390921379723, -5.355232250629154, -4.093889051098551, -0.19820918193833847
540, 1763488340.670959, -0.021951913833618164, -0.46175241470336914, 1.5928529500961304, 0.02849555015563965, -1.1428461074829102, -0.009187698364257812, 0.02630072832107544, 0.15138819244352075, -5.355390185708719, -4.093919660982868, -0.19821529952857997
541, 1763488340.6908998, -0.021900177001953125, -0.4617893695831299, 1.5929887294769287, 0.028467893600463867, -1.1428461074829102, -0.009187698364257812, 0.026323676109313965, 0.15153662219391384, -5.355119680169461, -4.093841963762092, -0.19822461298518412
542, 1763488340.713475, -0.02196645736694336, -0.46179673075675964, 1.5930206775665283, 0.02849555015563965, -1.1428461074829102, -0.009196758270263672, 0.026308417320251465, 0.15153777262183843, -5.355112846939682, -4.093858231994435, -0.19816482556769976
543, 1763488340.73683, -0.021936893463134766, -0.46187758445739746, 1.5930367708206177, 0.028486251831054688, -1.1428279876708984, -0.009206056594848633, 0.02631610631942749, 0.15145153656834032, -5.355373118713771, -4.093933487718983, -0.19815873392502503
544, 1763488340.760353, -0.02196645736694336, -0.4619882106781006, 1.5930287837982178, 0.02849555015563965, -1.1428370475769043, -0.009206056594848633, 0.02631610631942749, 0.1515952427363806, -5.355092561817946, -4.093864951118359, -0.19816806723920877
545, 1763488340.787052, -0.021996259689331055, -0.4620399475097656, 1.5930687189102173, 0.028477191925048828, -1.14286470413208, -0.009187698364257812, 0.026308417320251465, 0.15157307330430103, -5.355142107637739, -4.093895267313683, -0.19817943384061998
546, 1763488340.805707, -0.021936893463134766, -0.46212124824523926, 1.593180537223816, 0.028486251831054688, -1.142855167388916, -0.009196758270263672, 0.026323676109313965, 0.15148060211066672, -5.355366523064605, -4.093955611968073, -0.1982123238499227
547, 1763488340.8246028, -0.021929502487182617, -0.46218013763427734, 1.5932284593582153, 0.028486251831054688, -1.1428461074829102, -0.009215116500854492, 0.026308417320251465, 0.151583078969173, -5.35512127251797, -4.093899000987375, -0.19822303227194382
548, 1763488340.84959, -0.021936893463134766, -0.46219491958618164, 1.5932284593582153, 0.028477191925048828, -1.14286470413208, -0.009187698364257812, 0.02633136510848999, 0.15154791190470596, -5.355210906046077, -4.0939265003596494, -0.19823765073705601
549, 1763488340.8767822, -0.021944522857666016, -0.4621874988079071, 1.593260407447815, 0.028477191925048828, -1.1428461074829102, -0.009224176406860352, 0.02633136510848999, 0.15153647853247543, -5.3552916336157965, -4.093938932227248, -0.19821871727983797
550, 1763488340.894125, -0.02188563346862793, -0.46216559410095215, 1.5932124853134155, 0.028477191925048828, -1.1428279876708984, -0.009196758270263672, 0.02631610631942749, 0.15161068307042513, -5.355104805762878, -4.093890729128914, -0.19822970456256872
551, 1763488340.913733, -0.021863222122192383, -0.462128609418869, 1.5931485891342163, 0.028486251831054688, -1.1428279876708984, -0.009187698364257812, 0.02633136510848999, 0.15158104963497843, -5.355200800050974, -4.093914199238484, -0.1982721130896259
552, 1763488340.9381099, -0.02187800407409668, -0.46215057373046875, 1.593092679977417, 0.028486251831054688, -1.142773151397705, -0.009206056594848633, 0.026308417320251465, 0.15152002019831068, -5.355388552026759, -4.093956556136374, -0.1982563542755429
553, 1763488340.959434, -0.021892786026000977, -0.4621138572692871, 1.5927809476852417, 0.028477191925048828, -1.1425998210906982, -0.009224176406860352, 0.026277899742126465, 0.15163345041915555, -5.355159349689987, -4.093889174946522, -0.19825638968822634
554, 1763488340.9807072, -0.021929502487182617, -0.46155333518981934, 1.5913828611373901, 0.028458833694458008, -1.141613483428955, -0.009215116500854492, 0.02636188268661499, 0.15158191352521266, -5.355260378198015, -4.093919940834427, -0.19827551904574303
555, 1763488341.002493, -0.021900177001953125, -0.45998239517211914, 1.5873082876205444, 0.028477191925048828, -1.1363723278045654, -0.009196758270263672, 0.02617865800857544, 0.15149469215640055, -5.355367463374921, -4.093943139990639, -0.19830871280978712
556, 1763488341.023965, -0.021900177001953125, -0.4571874141693115, 1.5803334712982178, 0.028477191925048828, -1.1329119205474854, -0.009215116500854492, 0.026262640953063965, 0.15154265884250562, -5.355155692064439, -4.093910344871917, -0.19834200188502482
557, 1763488341.0474188, -0.02192211151123047, -0.4544363021850586, 1.5729671716690063, 0.028458833694458008, -1.128474235534668, -0.009215116500854492, 0.026293158531188965, 0.15150521915586201, -5.355244394561034, -4.093957546982127, -0.1983265840685755
558, 1763488341.0696902, -0.021936893463134766, -0.4508967101573944, 1.56377112865448, 0.028440475463867188, -1.122776746749878, -0.009196758270263672, 0.026293158531188965, 0.15146961114650825, -5.355316654839531, -4.093979199555121, -0.19831821342562694
559, 1763488341.094068, -0.021914958953857422, -0.44670745730400085, 1.5534249544143677, 0.028458833694458008, -1.115490436553955, -0.009178638458251953, 0.026262640953063965, 0.15155643744013325, -5.3551635240523465, -4.093914333344613, -0.19832358473733258
560, 1763488341.112283, -0.021900177001953125, -0.4427769184112549, 1.5442928075790405, 0.02844977378845215, -1.1099295616149902, -0.009196758270263672, 0.026232123374938965, 0.15152491320204564, -5.355237866769632, -4.093884630795199, -0.19828539341274265
561, 1763488341.1358001, -0.021914958953857422, -0.43651556968688965, 1.5306469202041626, 0.028458833694458008, -1.1040492057800293, -0.009187698364257812, 0.02634662389755249, 0.15148884976533805, -5.355281094889369, -4.0938116946474805, -0.19825350982517875
562, 1763488341.1599948, -0.02196645736694336, -0.43076300621032715, 1.5180155038833618, 0.028458833694458008, -1.09837007522583, -0.009206056594848633, 0.026354193687438965, 0.1515034989333296, -5.355183820896018, -4.093730859122479, -0.19821617248317036
563, 1763488341.181303, -0.021936893463134766, -0.42391180992126465, 1.5031949281692505, 0.028458833694458008, -1.0898690223693848, -0.009224176406860352, 0.02634662389755249, 0.15143704128813662, -5.355261098179986, -4.093673074013145, -0.19824603786104866
564, 1763488341.203548, -0.021929502487182617, -0.4178788661956787, 1.4903318881988525, 0.028440475463867188, -1.0819706916809082, -0.009215116500854492, 0.02630072832107544, 0.1514022975549456, -5.355219051099389, -4.0935908771455605, -0.19821501591264035
565, 1763488341.2257988, -0.021981239318847656, -0.41180944442749023, 1.4777085781097412, 0.028458833694458008, -1.0757801532745361, -0.009233236312866211, 0.02631610631942749, 0.15138746181097795, -5.355156852288791, -4.093487443344409, -0.19817895439962552
566, 1763488341.253543, -0.021929502487182617, -0.40442728996276855, 1.4634872674942017, 0.02844977378845215, -1.0699090957641602, -0.009224176406860352, 0.02633136510848999, 0.15131483329029782, -5.355205208294416, -4.09336951652581, -0.198217247318496
567, 1763488341.273393, -0.022025585174560547, -0.39666152000427246, 1.448818564414978, 0.028440475463867188, -1.0618009567260742, -0.009224176406860352, 0.026308417320251465, 0.15129873574894293, -5.35512273747293, -4.093149324063567, -0.19819448833156628
568, 1763488341.297767, -0.02209186553955078, -0.3888513743877411, 1.4347809553146362, 0.028440475463867188, -1.0530717372894287, -0.009233236312866211, 0.026293158531188965, 0.15122807407771277, -5.355110954408037, -4.092891270703448, -0.1981977621600537
569, 1763488341.312415, -0.021988630294799805, -0.3810856342315674, 1.4216302633285522, 0.02842235565185547, -1.0460319519042969, -0.009215116500854492, 0.026293158531188965, 0.15111052395683966, -5.355171296466238, -4.092643192575531, -0.1982458460687493
570, 1763488341.337895, -0.0220034122467041, -0.3683638572692871, 1.400929570198059, 0.028440475463867188, -1.0382981300354004, -0.009224176406860352, 0.02637714147567749, 0.15101347823750166, -5.35502469151496, -4.092107715777105, -0.19825365099775638
571, 1763488341.360053, -0.022084474563598633, -0.35817933082580566, 1.3844553232192993, 0.028431415557861328, -1.0310757160186768, -0.009242534637451172, 0.026399970054626465, 0.15092267160558004, -5.354980896187563, -4.091675907428369, -0.1982470106565275
572, 1763488341.379839, -0.022069931030273438, -0.34783244132995605, 1.367693305015564, 0.028440475463867188, -1.0215520858764648, -0.009251594543457031, 0.026308417320251465, 0.1508229905400834, -5.354968374892372, -4.091223414103587, -0.19823678507365106
573, 1763488341.403948, -0.0220034122467041, -0.33446142077445984, 1.3463534116744995, 0.028458833694458008, -1.0116453170776367, -0.00929713249206543, 0.02631610631942749, 0.1507022267678162, -5.354944117954759, -4.09060692595828, -0.19828959705293947
574, 1763488341.426208, -0.021988630294799805, -0.32530924677848816, 1.3319404125213623, 0.028431415557861328, -1.0061118602752686, -0.009306192398071289, 0.026308417320251465, 0.15062072183952746, -5.354912517908891, -4.090187624054028, -0.1982809477153138
575, 1763488341.451761, -0.02205514907836914, -0.3128237724304199, 1.312118411064148, 0.02842235565185547, -0.9968898296356201, -0.00928807258605957, 0.026354193687438965, 0.15049547236599103, -5.354865982148997, -4.0896204675826, -0.19825927855424563
576, 1763488341.473103, -0.022114038467407227, -0.30077314376831055, 1.2926322221755981, 0.028440475463867188, -0.986562967300415, -0.009306192398071289, 0.02620917558670044, 0.15036599493196334, -5.354848807933765, -4.089040552340605, -0.19824240377531854
577, 1763488341.496465, -0.02210688591003418, -0.29263830184936523, 1.2810313701629639, 0.028413057327270508, -0.9859144687652588, -0.00931549072265625, 0.02648395299911499, 0.15030718622563488, -5.3548403082171205, -4.088473142211315, -0.19825415307088168
578, 1763488341.51612, -0.022136211395263672, -0.29114866256713867, 1.2803761959075928, 0.02837657928466797, -0.9869918823242188, -0.00932455062866211, 0.026445865631103516, 0.15037088127804354, -5.354849281799783, -4.088157326803756, -0.19828029498355004
579, 1763488341.540631, -0.02209925651550293, -0.289813756942749, 1.2815347909927368, 0.02835845947265625, -0.9867911338806152, -0.00931549072265625, 0.026308417320251465, 0.1504610427205023, -5.354874881192293, -4.087810655574348, -0.19829687837833898
580, 1763488341.56599, -0.022128820419311523, -0.2871513366699219, 1.2808077335357666, 0.02837657928466797, -0.9868733882904053, -0.00931549072265625, 0.026354193687438965, 0.15045089569675885, -5.354888749148252, -4.0874387632647, -0.1982848057172255
581, 1763488341.5825238, -0.022158145904541016, -0.28438591957092285, 1.2796013355255127, 0.02836751937866211, -0.9868640899658203, -0.009333610534667969, 0.02634662389755249, 0.15042555267678892, -5.354901390970723, -4.087060794219876, -0.198296191345519
582, 1763488341.6159968, -0.022195100784301758, -0.27895069122314453, 1.276389479637146, 0.02835845947265625, -0.9868185520172119, -0.00932455062866211, 0.02631610631942749, 0.15041648973507948, -5.354916036808745, -4.086460351103152, -0.19827386160392635
583, 1763488341.623609, -0.022195100784301758, -0.2773721218109131, 1.2753349542617798, 0.02834916114807129, -0.9868185520172119, -0.00932455062866211, 0.026323676109313965, 0.15041283243826697, -5.354926981530858, -4.086291022529201, -0.1982740786431636
584, 1763488341.6454442, -0.022180557250976562, -0.27425265312194824, 1.2731856107711792, 0.02837657928466797, -0.9868185520172119, -0.00931549072265625, 0.02633136510848999, 0.1503964678658335, -5.354955910287657, -4.085938765420671, -0.19829667450867294
585, 1763488341.669656, -0.022158145904541016, -0.26972460746765137, 1.2702535390853882, 0.02835845947265625, -0.9868001937866211, -0.009306192398071289, 0.02631610631942749, 0.15038203704684772, -5.354993063409485, -4.085462151499998, -0.19826547064732036
586, 1763488341.6930199, -0.022180557250976562, -0.2657938003540039, 1.267736792564392, 0.02835845947265625, -0.9868001937866211, -0.00934290885925293, 0.02631610631942749, 0.15037969525994244, -5.355015903381727, -4.085098068217423, -0.19818891181634246
587, 1763488341.726559, -0.02209925651550293, -0.26091885566711426, 1.2647807598114014, 0.02836751937866211, -0.9867362976074219, -0.00934290885925293, 0.026293158531188965, 0.15038251032663785, -5.3550847386067995, -4.084673075852664, -0.19817907791473743
588, 1763488341.7381911, -0.022121429443359375, -0.25942182540893555, 1.2638620138168335, 0.02835845947265625, -0.9867362976074219, -0.00934290885925293, 0.026308417320251465, 0.15038699715017823, -5.355092338329145, -4.084550902449677, -0.19814856723572216
589, 1763488341.763343, -0.022165775299072266, -0.2568626403808594, 1.2620803117752075, 0.02835845947265625, -0.9866724014282227, -0.00934290885925293, 0.026262640953063965, 0.15038556727725427, -5.355086750165582, -4.084375688751135, -0.19811795134384447
590, 1763488341.78301, -0.022121429443359375, -0.2544364929199219, 1.2602986097335815, 0.02836751937866211, -0.9866633415222168, -0.00934290885925293, 0.026308417320251465, 0.15035910597126567, -5.3551026627960585, -4.084237535181781, -0.1981489659752782
591, 1763488341.807583, -0.022040128707885742, -0.2520911693572998, 1.2586687803268433, 0.02835845947265625, -0.9866085052490234, -0.00932455062866211, 0.02633136510848999, 0.1503175915901821, -5.355115373910706, -4.084087785066719, -0.1982212699945558
592, 1763488341.8250098, -0.022158145904541016, -0.2503652572631836, 1.2575503587722778, 0.02835845947265625, -0.9863801002502441, -0.009379386901855469, 0.02631610631942749, 0.15030575740308816, -5.355106800724666, -4.0839802154097375, -0.19818939022950222
593, 1763488341.8469949, -0.022195100784301758, -0.24858808517456055, 1.2563998699188232, 0.02837657928466797, -0.9861791133880615, -0.009379386901855469, 0.02633136510848999, 0.15029931972752308, -5.3551051186451755, -4.083910994711915, -0.19820669077051445
594, 1763488341.869975, -0.022121429443359375, -0.24709844589233398, 1.2554410696029663, 0.02833104133605957, -0.985896110534668, -0.009361028671264648, 0.02630072832107544, 0.15027272059187535, -5.35510323309476, -4.083882726018498, -0.19823940029479026
595, 1763488341.890601, -0.022114038467407227, -0.24586652219295502, 1.2548258304595947, 0.02833104133605957, -0.9858231544494629, -0.00937032699584961, 0.026338934898376465, 0.15021173724613335, -5.355070790713157, -4.083887715377612, -0.1982339573162477
596, 1763488341.926086, -0.022114038467407227, -0.24511456489562988, 1.2550736665725708, 0.02834010124206543, -0.9857776165008545, -0.009379386901855469, 0.02630072832107544, 0.15009162190337022, -5.355037065281493, -4.083950172601552, -0.1981818959965338
597, 1763488341.935148, -0.02206254005432129, -0.2447974681854248, 1.2550736665725708, 0.02835845947265625, -0.9857866764068604, -0.009379386901855469, 0.02630072832107544, 0.1500350575412155, -5.355048136094857, -4.083987265443689, -0.19819044636406247
598, 1763488341.961972, -0.021981239318847656, -0.2441263049840927, 1.2550655603408813, 0.02833104133605957, -0.9858231544494629, -0.009361028671264648, 0.026308417320251465, 0.14991114588411503, -5.355045843009252, -4.084059914682651, -0.1981555295879618
599, 1763488341.9791381, -0.022032737731933594, -0.24425148963928223, 1.2560642957687378, 0.02834010124206543, -0.9867544174194336, -0.009361028671264648, 0.026201605796813965, 0.14982248704214607, -5.355017423896419, -4.084120677626137, -0.19803928713847174
600, 1763488342.004364, -0.022032737731933594, -0.2461249828338623, 1.261720895767212, 0.02834010124206543, -0.9937305450439453, -0.009379386901855469, 0.026476383209228516, 0.14976904520638934, -5.355033715366252, -4.084221031943451, -0.19807552921293858
601, 1763488342.024286, -0.021944522857666016, -0.24849224090576172, 1.2684558629989624, 0.02832198143005371, -0.9969992637634277, -0.009388446807861328, 0.026323676109313965, 0.14973442005343818, -5.355076811555367, -4.084310288543866, -0.19811039192973823
602, 1763488342.0468202, -0.021959304809570312, -0.25110316276550293, 1.2758702039718628, 0.02832198143005371, -1.0010626316070557, -0.009397745132446289, 0.026308417320251465, 0.14971276529168243, -5.355096934098377, -4.084395504505327, -0.1981433623520612
603, 1763488342.070982, -0.021959304809570312, -0.2549452781677246, 1.2865121364593506, 0.02831268310546875, -1.0069246292114258, -0.009379386901855469, 0.026323676109313965, 0.14972369742648184, -5.355096614073142, -4.084507860220189, -0.19821759458205346
604, 1763488342.0941892, -0.02201080322265625, -0.2586326599121094, 1.296315312385559, 0.02834010124206543, -1.0136265754699707, -0.009379386901855469, 0.02631610631942749, 0.14976593616666733, -5.355108293646104, -4.084621910417212, -0.19829411121920693
605, 1763488342.118989, -0.021973848342895508, -0.2643113136291504, 1.3104246854782104, 0.02832198143005371, -1.02294921875, -0.009379386901855469, 0.02642291784286499, 0.14985383969206267, -5.35514825286738, -4.084740812023586, -0.198411643437999
606, 1763488342.139693, -0.021929502487182617, -0.26970958709716797, 1.3239508867263794, 0.02831268310546875, -1.0295140743255615, -0.00937032699584961, 0.02633136510848999, 0.14993779152981923, -5.355199175902697, -4.084799378606263, -0.19852071741175603
607, 1763488342.16457, -0.02184128761291504, -0.2758750915527344, 1.3394984006881714, 0.02833104133605957, -1.0367915630340576, -0.009379386901855469, 0.026216864585876465, 0.15005344598066328, -5.355242341287263, -4.084854281555196, -0.19855261534753588
608, 1763488342.1802702, -0.021900177001953125, -0.2809934616088867, 1.3514348268508911, 0.02832198143005371, -1.0436944961547852, -0.009388446807861328, 0.02631610631942749, 0.15014502454843615, -5.355254073968361, -4.084909587177311, -0.1985114426806307
609, 1763488342.203855, -0.02188563346862793, -0.2881619930267334, 1.3672939538955688, 0.02832198143005371, -1.0527067184448242, -0.009379386901855469, 0.026354193687438965, 0.15027959991475737, -5.355284618553306, -4.0850448267834025, -0.19845827906627633
610, 1763488342.227059, -0.021811485290527344, -0.29442310333251953, 1.3806442022323608, 0.02832198143005371, -1.059253454208374, -0.00937032699584961, 0.026308417320251465, 0.1504091904708572, -5.35533593654785, -4.085203116668957, -0.19844578116981726
611, 1763488342.254876, -0.021723270416259766, -0.30156946182250977, 1.395472764968872, 0.02831268310546875, -1.0662841796875, -0.009388446807861328, 0.02633136510848999, 0.15055065649631716, -5.355391297706353, -4.085382659475202, -0.19842577341427603
612, 1763488342.273118, -0.021693706512451172, -0.30875253677368164, 1.4100455045700073, 0.02831268310546875, -1.0742371082305908, -0.009388446807861328, 0.02623969316482544, 0.15069559217700113, -5.355437666991568, -4.08555940019115, -0.19836752473418073
613, 1763488342.296586, -0.02170085906982422, -0.3157808780670166, 1.4244664907455444, 0.02832198143005371, -1.0832312107086182, -0.009379386901855469, 0.02634662389755249, 0.15085356470949352, -5.355511167927696, -4.085776355944352, -0.1983472250727223
614, 1763488342.325081, -0.021708250045776367, -0.3224921226501465, 1.4371858835220337, 0.02832198143005371, -1.0893850326538086, -0.00937032699584961, 0.026308417320251465, 0.1510053143593384, -5.355572453786831, -4.08602303603314, -0.19831454555224237
615, 1763488342.3433201, -0.021693706512451172, -0.33063384890556335, 1.4517027139663696, 0.02832198143005371, -1.096297264099121, -0.009397745132446289, 0.02631610631942749, 0.1512168418493891, -5.355635340984108, -4.0864067019366175, -0.19828254272777457
616, 1763488342.3637, -0.02162003517150879, -0.33780956268310547, 1.4645658731460571, 0.02832198143005371, -1.1028714179992676, -0.009406805038452148, 0.02636188268661499, 0.15143470317784158, -5.3557157205690915, -4.086841334408123, -0.19833601305454795
617, 1763488342.405074, -0.02142810821533203, -0.3502657115459442, 1.48528254032135, 0.02833104133605957, -1.1138010025024414, -0.009388446807861328, 0.02637714147567749, 0.15177786296236373, -5.355827955452668, -4.0877196563935465, -0.19841559718959534
618, 1763488342.415541, -0.021406173706054688, -0.3538057506084442, 1.4909231662750244, 0.02831268310546875, -1.1162207126617432, -0.009351968765258789, 0.026293158531188965, 0.15187542785252073, -5.355853571376036, -4.087990201848112, -0.19842764404517776
619, 1763488342.432517, -0.021251201629638672, -0.3646986484527588, 1.507780909538269, 0.02830362319946289, -1.1231420040130615, -0.00937032699584961, 0.026308417320251465, 0.15216359050990158, -5.355955682155249, -4.08882999234672, -0.19848654669755472
620, 1763488342.463912, -0.02112579345703125, -0.37430810928344727, 1.522713303565979, 0.02831268310546875, -1.1289217472076416, -0.009351968765258789, 0.026323676109313965, 0.15242093533612533, -5.356066382003663, -4.089641895988051, -0.1984913753412192
621, 1763488342.477528, -0.02108144760131836, -0.38281869888305664, 1.535744071006775, 0.02833104133605957, -1.1345646381378174, -0.009351968765258789, 0.02625495195388794, 0.15264019272379692, -5.356153398996253, -4.090385192566598, -0.19844663477487412
622, 1763488342.499198, -0.021059513092041016, -0.3914324939250946, 1.5486711263656616, 0.02831268310546875, -1.141120433807373, -0.009361028671264648, 0.026323676109313965, 0.15286598947048669, -5.356241916600821, -4.091116939853567, -0.19840107730228063
623, 1763488342.526541, -0.02103710174560547, -0.401064395904541, 1.5632199048995972, 0.02831268310546875, -1.147585153579712, -0.009361028671264648, 0.02633136510848999, 0.15313965214579495, -5.356340963957103, -4.091938325188322, -0.19834856545946433
624, 1763488342.541715, -0.021015167236328125, -0.4096708297729492, 1.5760910511016846, 0.02832198143005371, -1.1524791717529297, -0.00937032699584961, 0.02628546953201294, 0.15338720990826882, -5.356416371974818, -4.09265496015657, -0.19833339179431508
625, 1763488342.562817, -0.02100062370300293, -0.4181668758392334, 1.5889619588851929, 0.02833104133605957, -1.1578481197357178, -0.009379386901855469, 0.026323676109313965, 0.15363511601735858, -5.356499968850996, -4.093353693015193, -0.1983454629958592
626, 1763488342.5884118, -0.02094888687133789, -0.42650771141052246, 1.6012818813323975, 0.02830362319946289, -1.1629066467285156, -0.00934290885925293, 0.026369452476501465, 0.15389430462235543, -5.356591430582734, -4.094016575344733, -0.19837378238387604
627, 1763488342.6121018, -0.020963668823242188, -0.4354681968688965, 1.6143447160720825, 0.02831268310546875, -1.1680197715759277, -0.00937032699584961, 0.02628546953201294, 0.15418901472903423, -5.356700509211002, -4.0947701153185, -0.1983932072635115
628, 1763488342.632695, -0.02091193199157715, -0.4443475902080536, 1.6267364025115967, 0.028285503387451172, -1.1741743087768555, -0.00937032699584961, 0.02630072832107544, 0.15446914998700678, -5.356804698482662, -4.095517385380468, -0.19842269781743482
629, 1763488342.655505, -0.02095627784729004, -0.4522535800933838, 1.637050747871399, 0.02831268310546875, -1.1780545711517334, -0.009351968765258789, 0.02627021074295044, 0.15470207039771033, -5.356883044225766, -4.096118390901501, -0.19840771036165883
630, 1763488342.679498, -0.020933866500854492, -0.4611475169658661, 1.6485556364059448, 0.02831268310546875, -1.18272066116333, -0.009379386901855469, 0.02633136510848999, 0.15495599128088433, -5.356985155461847, -4.096757677687254, -0.19840366090551154
631, 1763488342.702823, -0.020933866500854492, -0.4699385166168213, 1.6598049402236938, 0.02829456329345703, -1.186527967453003, -0.009361028671264648, 0.026277899742126465, 0.15517896620193072, -5.3571013253331055, -4.097339419730607, -0.19835746338587246
632, 1763488342.732028, -0.020933866500854492, -0.47866296768188477, 1.671038031578064, 0.02830362319946289, -1.1915409564971924, -0.00934290885925293, 0.02630072832107544, 0.15539301001103245, -5.357204533384648, -4.097874033031991, -0.19828794713979114
633, 1763488342.747166, -0.02094888687133789, -0.48598623275756836, 1.6806094646453857, 0.02830362319946289, -1.1952757835388184, -0.009361028671264648, 0.026262640953063965, 0.1555739817440911, -5.357278446636288, -4.098340234837403, -0.19821196814867736
634, 1763488342.7662652, -0.020904541015625, -0.49213695526123047, 1.6888786554336548, 0.02829456329345703, -1.1997497081756592, -0.00937032699584961, 0.026369452476501465, 0.15572709446697097, -5.357345826091716, -4.098748827594192, -0.19817368574279914
635, 1763488342.79116, -0.020838260650634766, -0.500286340713501, 1.7000478506088257, 0.028285503387451172, -1.2052280902862549, -0.009351968765258789, 0.026262640953063965, 0.1559203656181627, -5.357432365114221, -4.099267372290189, -0.1981544505486177
636, 1763488342.814504, -0.020919322967529297, -0.5073587894439697, 1.7097631692886353, 0.02829456329345703, -1.209446668624878, -0.00937032699584961, 0.02633136510848999, 0.15608350184532316, -5.35750531903173, -4.099679672651379, -0.19814112133143702
637, 1763488342.83576, -0.020853042602539062, -0.5154123306274414, 1.7207566499710083, 0.02831268310546875, -1.2134459018707275, -0.009361028671264648, 0.02630072832107544, 0.15625167653200067, -5.35759029810158, -4.100122591440508, -0.19821061581910726
638, 1763488342.858544, -0.020749568939208984, -0.522322416305542, 1.7303040027618408, 0.02829456329345703, -1.217381238937378, -0.009361028671264648, 0.02633136510848999, 0.1563924885980854, -5.357633145627351, -4.1004564239313375, -0.19830288694597353
639, 1763488342.879573, -0.020749568939208984, -0.5303094387054443, 1.7411776781082153, 0.028285503387451172, -1.2217276096343994, -0.009351968765258789, 0.02633136510848999, 0.15655717072350928, -5.357680113902066, -4.100817272094122, -0.19837084103083935
640, 1763488342.901762, -0.02073502540588379, -0.5383410453796387, 1.7521792650222778, 0.02829456329345703, -1.2269504070281982, -0.009379386901855469, 0.026293158531188965, 0.15671961383274913, -5.357765486427239, -4.101192493536525, -0.1984067967344849
641, 1763488342.933745, -0.020646333694458008, -0.5460402965545654, 1.762956976890564, 0.02826714515686035, -1.232429027557373, -0.00934290885925293, 0.02625495195388794, 0.1568836688582217, -5.357846864405166, -4.101494382822733, -0.198432450262632
642, 1763488342.952021, -0.020646333694458008, -0.553466796875, 1.7734712362289429, 0.028285503387451172, -1.2378528118133545, -0.009361028671264648, 0.026338934898376465, 0.1570666883669074, -5.357903851728119, -4.10171406949591, -0.19844301647042517
643, 1763488342.9698298, -0.020498991012573242, -0.5587842464447021, 1.7813488245010376, 0.02827620506286621, -1.2416784763336182, -0.00937032699584961, 0.026277899742126465, 0.15722431143914395, -5.357968335324513, -4.101844219871, -0.19846189910659007
644, 1763488342.994303, -0.020366191864013672, -0.5656354427337646, 1.7919028997421265, 0.028285503387451172, -1.2461891174316406, -0.009333610534667969, 0.02633136510848999, 0.157475415404714, -5.358065166049657, -4.101991115533674, -0.19844565416434
645, 1763488343.0152068, -0.020277738571166992, -0.5710999965667725, 1.8008111715316772, 0.02827620506286621, -1.2503163814544678, -0.00937032699584961, 0.02625495195388794, 0.15768732326045887, -5.358151776838979, -4.102076758803197, -0.19844893242204087
646, 1763488343.0382102, -0.02007126808166504, -0.5768599510192871, 1.8107181787490845, 0.02826714515686035, -1.255164623260498, -0.009333610534667969, 0.02628546953201294, 0.1579181953258053, -5.358252718920996, -4.102093555209507, -0.19849655636671049
647, 1763488343.063547, -0.020093202590942383, -0.5823099613189697, 1.8202416896820068, 0.028285503387451172, -1.260469675064087, -0.009351968765258789, 0.026338934898376465, 0.15817795617367836, -5.358353345778429, -4.102064268138855, -0.19844476833053193
648, 1763488343.0832288, -0.02001214027404785, -0.5868456363677979, 1.8286305665969849, 0.02826714515686035, -1.2659845352172852, -0.00934290885925293, 0.02631610631942749, 0.1584356672513516, -5.358457946774652, -4.102039550555684, -0.19842176156299463
649, 1763488343.101918, -0.020041465759277344, -0.5905256271362305, 1.8356373310089111, 0.028285503387451172, -1.2703311443328857, -0.009333610534667969, 0.02637714147567749, 0.15865898442135162, -5.35855795151318, -4.102020014195263, -0.19841255493258103
650, 1763488343.129502, -0.020034313201904297, -0.596071720123291, 1.8460716009140015, 0.02826714515686035, -1.2757549285888672, -0.00931549072265625, 0.026262640953063965, 0.15895733819582392, -5.358656421883133, -4.10193016891808, -0.19837729977736895
651, 1763488343.151205, -0.019982576370239258, -0.6007177829742432, 1.8552595376968384, 0.028285503387451172, -1.2811238765716553, -0.00932455062866211, 0.026323676109313965, 0.15921555400067922, -5.358731575409385, -4.101827764240841, -0.19842353604096363
652, 1763488343.171445, -0.01993083953857422, -0.6045749187469482, 1.8629695177078247, 0.02829456329345703, -1.2853055000305176, -0.00932455062866211, 0.026247382164001465, 0.15943641815058696, -5.358825365213356, -4.101729608926932, -0.19849210557128583
653, 1763488343.205672, -0.019901514053344727, -0.6088817119598389, 1.8730841875076294, 0.02826714515686035, -1.2915418148040771, -0.00932455062866211, 0.026308417320251465, 0.15972640573342767, -5.358954361859476, -4.101574671703861, -0.19852671407298672
654, 1763488343.21648, -0.01988697052001953, -0.610504150390625, 1.8768709897994995, 0.02826714515686035, -1.294126033782959, -0.00934290885925293, 0.02623969316482544, 0.15983649733737249, -5.359001107143398, -4.101510277531925, -0.1985200707544177
655, 1763488343.239102, -0.019908905029296875, -0.6132771968841553, 1.8832308053970337, 0.02826714515686035, -1.2989561557769775, -0.00932455062866211, 0.02634662389755249, 0.160025462436036, -5.359086212121111, -4.10141201957755, -0.19853860308667937
656, 1763488343.261017, -0.019857406616210938, -0.6164484024047852, 1.8901735544204712, 0.02826714515686035, -1.3034484386444092, -0.009333610534667969, 0.02625495195388794, 0.16023148871031612, -5.359188803618291, -4.101304798920388, -0.1985633526131121
657, 1763488343.286099, -0.019813060760498047, -0.6195828914642334, 1.89775550365448, 0.02826714515686035, -1.308187484741211, -0.009333610534667969, 0.02630072832107544, 0.16044796687705676, -5.359286524059912, -4.101191472766965, -0.19861515984640032
658, 1763488343.302329, -0.0198056697845459, -0.6212496757507324, 1.9019659757614136, 0.02826714515686035, -1.310488224029541, -0.00932455062866211, 0.02631610631942749, 0.16055173723075333, -5.3593354272909375, -4.101151605066142, -0.19861481893449273
659, 1763488343.3286731, -0.019731998443603516, -0.6240079402923584, 1.90891695022583, 0.02826714515686035, -1.315455675125122, -0.00931549072265625, 0.026369452476501465, 0.16069580204998501, -5.359415376509065, -4.101073130815725, -0.19868195831325597
660, 1763488343.347339, -0.01975393295288086, -0.6260654926300049, 1.9141899347305298, 0.028239727020263672, -1.3184232711791992, -0.00932455062866211, 0.026338934898376465, 0.1607985126959144, -5.359466440177527, -4.1010085198868955, -0.19870901944456953
661, 1763488343.370566, -0.019731998443603516, -0.6288235187530518, 1.9213964939117432, 0.02826714515686035, -1.3236274719238281, -0.00932455062866211, 0.026338934898376465, 0.16094431154005595, -5.3595332511943585, -4.100919283237468, -0.19876003880361637
662, 1763488343.39426, -0.019695043563842773, -0.6308810710906982, 1.9267734289169312, 0.028258085250854492, -1.3271794319152832, -0.00932455062866211, 0.026308417320251465, 0.16104446369381598, -5.359584008780805, -4.100848391538282, -0.19877714941807767
663, 1763488343.413835, -0.019687652587890625, -0.6337130069732666, 1.9344114065170288, 0.028258085250854492, -1.3327035903930664, -0.00931549072265625, 0.026354193687438965, 0.1611968855544239, -5.359656607516822, -4.100780553141793, -0.1987947024216945
664, 1763488343.436063, -0.019695043563842773, -0.6355642676353455, 1.9397083520889282, 0.02826714515686035, -1.3355889320373535, -0.00931549072265625, 0.026323676109313965, 0.16129428468278995, -5.359705378561766, -4.100738165555773, -0.19876123362338838
665, 1763488343.462328, -0.01967310905456543, -0.6377248167991638, 1.9459002017974854, 0.02827620506286621, -1.3398077487945557, -0.00931549072265625, 0.026338934898376465, 0.16139108827264337, -5.359771166307422, -4.10069412993796, -0.19871077230035983
666, 1763488343.48057, -0.019650697708129883, -0.6390674114227295, 1.9498709440231323, 0.028258085250854492, -1.3422729969024658, -0.00931549072265625, 0.026323676109313965, 0.16145167079761713, -5.359813396008441, -4.100689409764475, -0.19868785808657297
667, 1763488343.5041258, -0.01965808868408203, -0.6407782435417175, 1.955104112625122, 0.028258085250854492, -1.34580659866333, -0.009351968765258789, 0.026323676109313965, 0.1615153662523664, -5.359859677652458, -4.100682265464202, -0.19863323013838396
668, 1763488343.528633, -0.019636154174804688, -0.642378568649292, 1.9604331254959106, 0.028285503387451172, -1.349942684173584, -0.009306192398071289, 0.026338934898376465, 0.16157111035744376, -5.359908654676853, -4.100672538225864, -0.19863420017671096
669, 1763488343.553804, -0.01962876319885254, -0.644185483455658, 1.9659218788146973, 0.02827620506286621, -1.3534855842590332, -0.00929713249206543, 0.02630072832107544, 0.16162702700715337, -5.3599549085400815, -4.100655085487752, -0.1986601909463026
670, 1763488343.5672598, -0.019613981246948242, -0.6453728675842285, 1.9695252180099487, 0.02826714515686035, -1.3563525676727295, -0.00934290885925293, 0.026247382164001465, 0.16166715252184338, -5.359986106866212, -4.100651206168334, -0.19868284898649868
671, 1763488343.594856, -0.019613981246948242, -0.6479172706604004, 1.976867437362671, 0.02826714515686035, -1.3617305755615234, -0.00928807258605957, 0.02633136510848999, 0.1617504052471258, -5.360046997418052, -4.10064308796484, -0.19871245137342175
672, 1763488343.6130502, -0.019598960876464844, -0.6492373943328857, 1.9804867506027222, 0.02824878692626953, -1.3639404773712158, -0.009306192398071289, 0.02630072832107544, 0.1617926094754698, -5.360078833099232, -4.100634674509267, -0.1987112937942186
673, 1763488343.636636, -0.0195770263671875, -0.6510589122772217, 1.9855999946594238, 0.02827620506286621, -1.367720603942871, -0.00928807258605957, 0.02636188268661499, 0.1618453251768055, -5.3601319779897585, -4.100621575454281, -0.19873312043715075
674, 1763488343.661657, -0.019547462463378906, -0.6531755924224854, 1.9921114444732666, 0.02826714515686035, -1.3713452816009521, -0.009306192398071289, 0.026384711265563965, 0.16191198237787474, -5.360200999759167, -4.100612467003783, -0.19874181658036782
675, 1763488343.674216, -0.019562482833862305, -0.654185950756073, 1.995227336883545, 0.02824878692626953, -1.3723771572113037, -0.00928807258605957, 0.02640765905380249, 0.16193869788333348, -5.360236549501613, -4.100606827249618, -0.1987273560302043
676, 1763488343.698185, -0.019547462463378906, -0.6552035808563232, 1.9981274604797363, 0.028258085250854492, -1.3716833591461182, -0.00931549072265625, 0.026232123374938965, 0.16193594923029198, -5.360281533551197, -4.100607843695285, -0.19872827388351677
677, 1763488343.7202501, -0.01953268051147461, -0.6552183628082275, 1.9985989332199097, 0.02824878692626953, -1.3713819980621338, -0.00928807258605957, 0.026262640953063965, 0.16192725977132316, -5.360309101969185, -4.100645583755968, -0.19871122597715996
678, 1763488343.7555342, -0.019540071487426758, -0.6552109718322754, 1.9981673955917358, 0.02824878692626953, -1.3711535930633545, -0.009279012680053711, 0.026277899742126465, 0.16194076083226983, -5.360347939675056, -4.100680685324056, -0.1986984328600787
679, 1763488343.768949, -0.019525527954101562, -0.655189037322998, 1.997696042060852, 0.02824878692626953, -1.3709893226623535, -0.00929713249206543, 0.02630072832107544, 0.16199780775852624, -5.36039682151296, -4.100672479873351, -0.19870791516880004
680, 1763488343.786761, -0.019510746002197266, -0.6552035808563232, 1.9975602626800537, 0.028258085250854492, -1.3709893226623535, -0.009306192398071289, 0.02630072832107544, 0.16207654333404387, -5.36043810436126, -4.10064014097921, -0.19870376595024908
681, 1763488343.809881, -0.01948833465576172, -0.6552331447601318, 1.9975922107696533, 0.028239727020263672, -1.3709893226623535, -0.00929713249206543, 0.026293158531188965, 0.16214591595173145, -5.360478479416183, -4.100615057067462, -0.19871700035875328
682, 1763488343.832905, -0.019429445266723633, -0.6551961302757263, 1.997616171836853, 0.02824878692626953, -1.3709526062011719, -0.009279012680053711, 0.02630072832107544, 0.16219828511998557, -5.3605278378448045, -4.10060545305333, -0.19873654492646864
683, 1763488343.860001, -0.019341230392456055, -0.6552109718322754, 1.9976561069488525, 0.028239727020263672, -1.3709344863891602, -0.00929713249206543, 0.026293158531188965, 0.1622144976933768, -5.360586028943016, -4.100626521443634, -0.1987632393988621
684, 1763488343.8794801, -0.019208192825317383, -0.655189037322998, 1.9976640939712524, 0.028230667114257812, -1.3709344863891602, -0.009279012680053711, 0.02631610631942749, 0.16220965491952122, -5.360625155942171, -4.1006509576913786, -0.19878266859964455
685, 1763488343.90012, -0.019023895263671875, -0.6551666259765625, 1.997704029083252, 0.028230667114257812, -1.3709163665771484, -0.00926065444946289, 0.026293158531188965, 0.16219570847026687, -5.3606672400016135, -4.100671758801966, -0.19881861248711452
686, 1763488343.920351, -0.018810033798217773, -0.6551816463470459, 1.9978078603744507, 0.028239727020263672, -1.3709073066711426, -0.00928807258605957, 0.026293158531188965, 0.1621929426452794, -5.360708424657365, -4.100683774121404, -0.19885533085501006
687, 1763488343.9451818, -0.018618345260620117, -0.6552109718322754, 1.99785578250885, 0.028239727020263672, -1.3709073066711426, -0.009279012680053711, 0.02630072832107544, 0.1622087412304205, -5.3607541440244555, -4.100684733777559, -0.19884553376076397
688, 1763488343.964268, -0.018544435501098633, -0.6552331447601318, 1.9977999925613403, 0.02824878692626953, -1.3709073066711426, -0.009306192398071289, 0.026293158531188965, 0.1622421804154235, -5.36078982992478, -4.1006869694702734, -0.19881296243899094
689, 1763488343.990536, -0.018529891967773438, -0.6552404761314392, 1.9977359771728516, 0.028230667114257812, -1.3709254264831543, -0.00926971435546875, 0.026293158531188965, 0.16229701629031124, -5.360819299446802, -4.100696698606063, -0.19874529656615625
690, 1763488344.0100749, -0.01855945587158203, -0.6552404761314392, 1.9977279901504517, 0.028239727020263672, -1.3708796501159668, -0.00926065444946289, 0.026293158531188965, 0.16230384535619968, -5.3608119900706, -4.100693981916843, -0.19872224626902302
691, 1763488344.0321972, -0.01856684684753418, -0.6552183628082275, 1.9977439641952515, 0.028221607208251953, -1.3709073066711426, -0.009279012680053711, 0.026293158531188965, 0.16227830536505905, -5.360786889623892, -4.100689229981798, -0.1987298710396166
692, 1763488344.06768, -0.01855945587158203, -0.6552035808563232, 1.9977918863296509, 0.028230667114257812, -1.3709163665771484, -0.009279012680053711, 0.026293158531188965, 0.1623191600042293, -5.3608149967389895, -4.100693062211708, -0.19877176268709018
693, 1763488344.075198, -0.018573999404907227, -0.6552183628082275, 1.9977999925613403, 0.02824878692626953, -1.3709073066711426, -0.009279012680053711, 0.026277899742126465, 0.16228553218570296, -5.360795002252179, -4.100699134324514, -0.19878414249196386
694, 1763488344.094636, -0.018588781356811523, -0.6552331447601318, 1.997775912284851, 0.028230667114257812, -1.3708796501159668, -0.00926971435546875, 0.026293158531188965, 0.16225440328929985, -5.3607767176376475, -4.100693192459198, -0.19878947313449657
695, 1763488344.116412, -0.018573999404907227, -0.6552331447601318, 1.9977519512176514, 0.028230667114257812, -1.3708891868591309, -0.00926971435546875, 0.02631610631942749, 0.1622842950535518, -5.36080173718839, -4.100695619557511, -0.19877878550425176
696, 1763488344.14166, -0.018544435501098633, -0.6552255153656006, 1.997775912284851, 0.028230667114257812, -1.3708982467651367, -0.00929713249206543, 0.026308417320251465, 0.16226240109315637, -5.360797568168164, -4.100683662993234, -0.19875201110108698
697, 1763488344.172603, -0.018552064895629883, -0.6552109718322754, 1.997775912284851, 0.028258085250854492, -1.3708796501159668, -0.00928807258605957, 0.02628546953201294, 0.1622767708145555, -5.360815785309325, -4.10067196470692, -0.1987042607897358
698, 1763488344.1832051, -0.018544435501098633, -0.6552109718322754, 1.9977679252624512, 0.02826714515686035, -1.3708796501159668, -0.00926971435546875, 0.026293158531188965, 0.16230471789106915, -5.360841821771072, -4.100670871025318, -0.19869888281225556
699, 1763488344.204322, -0.018537044525146484, -0.6552255153656006, 1.9977679252624512, 0.028230667114257812, -1.3708891868591309, -0.009279012680053711, 0.026308417320251465, 0.16229901109652434, -5.360847758725132, -4.100661017228355, -0.1987131915282898
700, 1763488344.225603, -0.018537044525146484, -0.6552183628082275, 1.9977679252624512, 0.028239727020263672, -1.370870590209961, -0.009279012680053711, 0.026323676109313965, 0.16227845566390653, -5.360852879157284, -4.100649435457234, -0.19875783713837247
701, 1763488344.26062, -0.018529891967773438, -0.6552183628082275, 1.9977840185165405, 0.028239727020263672, -1.3709163665771484, -0.009279012680053711, 0.02631610631942749, 0.1623109891914175, -5.3609165808068555, -4.100646015389615, -0.1988610777526043
702, 1763488344.277322, -0.01851511001586914, -0.6552255153656006, 1.9977840185165405, 0.028230667114257812, -1.3708891868591309, -0.009279012680053711, 0.02628546953201294, 0.1622988146106189, -5.360918779437437, -4.10064114315639, -0.19889253915675909
703, 1763488344.288322, -0.018493175506591797, -0.6552255153656006, 1.997775912284851, 0.028221607208251953, -1.3708891868591309, -0.009279012680053711, 0.02631610631942749, 0.16228700537553964, -5.36091962428984, -4.100637351515437, -0.1989288947072403
704, 1763488344.311382, -0.01842641830444336, -0.6552183628082275, 1.997775912284851, 0.028239727020263672, -1.3708891868591309, -0.009279012680053711, 0.026293158531188965, 0.16232175821756722, -5.360968414868579, -4.100630906052107, -0.19896040063685483
705, 1763488344.333605, -0.01834559440612793, -0.6552109718322754, 1.9977840185165405, 0.02824878692626953, -1.370870590209961, -0.00926971435546875, 0.026293158531188965, 0.16231488813599393, -5.360980341389472, -4.100626437808982, -0.1989636476147254
706, 1763488344.359766, -0.01824951171875, -0.6552035808563232, 1.9977918863296509, 0.028230667114257812, -1.3708796501159668, -0.00928807258605957, 0.02630072832107544, 0.16230361429407802, -5.360983012686862, -4.10061243537579, -0.19894078751033728
707, 1763488344.376889, -0.018198013305664062, -0.6552183628082275, 1.9977679252624512, 0.02824878692626953, -1.370861530303955, -0.009279012680053711, 0.026308417320251465, 0.16233454637823064, -5.361011535427198, -4.100610994014575, -0.19891782363099697
708, 1763488344.4025059, -0.018161296844482422, -0.6552035808563232, 1.9977679252624512, 0.028221607208251953, -1.3709073066711426, -0.00928807258605957, 0.026293158531188965, 0.16232319985014998, -5.361018667517421, -4.1006040729997615, -0.19888689673266047
709, 1763488344.4242501, -0.018153667449951172, -0.6552183628082275, 1.9977599382400513, 0.028239727020263672, -1.3708796501159668, -0.00928807258605957, 0.026308417320251465, 0.1623102384033427, -5.3610033384787785, -4.100597597122605, -0.19889860297082063
710, 1763488344.452961, -0.018146276473999023, -0.6552183628082275, 1.997775912284851, 0.02824878692626953, -1.3708891868591309, -0.009279012680053711, 0.02630072832107544, 0.16232689026907443, -5.3610220697584205, -4.10060412472617, -0.1988981667364147
711, 1763488344.473212, -0.018146276473999023, -0.6552035808563232, 1.997775912284851, 0.028239727020263672, -1.3708796501159668, -0.00929713249206543, 0.02630072832107544, 0.16231121469714904, -5.361018582877039, -4.100603260904146, -0.1989073646458106
712, 1763488344.487561, -0.018138885498046875, -0.6552255153656006, 1.9977840185165405, 0.028239727020263672, -1.370870590209961, -0.00926971435546875, 0.026293158531188965, 0.16231026689895256, -5.361004994376358, -4.100605422412065, -0.1989138645662054
713, 1763488344.508735, -0.018138885498046875, -0.6552109718322754, 1.997775912284851, 0.028221607208251953, -1.3708891868591309, -0.00932455062866211, 0.026323676109313965, 0.1623335253700613, -5.361019676720642, -4.1006070148987614, -0.1989284259166091
714, 1763488344.535825, -0.01811695098876953, -0.6552109718322754, 1.9977679252624512, 0.028221607208251953, -1.370870590209961, -0.009279012680053711, 0.02630072832107544, 0.16231622415558167, -5.361013511004026, -4.100599832803076, -0.1988697832020545
715, 1763488344.5571, -0.018094539642333984, -0.6552331447601318, 1.997775912284851, 0.028230667114257812, -1.3708891868591309, -0.00928807258605957, 0.026323676109313965, 0.16231626645084596, -5.3610131565728025, -4.100596236984166, -0.19885916060196873
716, 1763488344.576658, -0.018065214157104492, -0.6552109718322754, 1.997775912284851, 0.028239727020263672, -1.370870590209961, -0.009279012680053711, 0.026323676109313965, 0.16232863353454652, -5.361025421398996, -4.100600618580754, -0.19887047785460776
717, 1763488344.593437, -0.018050670623779297, -0.6552255153656006, 1.9977599382400513, 0.028230667114257812, -1.3708982467651367, -0.00928807258605957, 0.02631610631942749, 0.16232600386647644, -5.361025168239329, -4.100597441969923, -0.19885192451794254
718, 1763488344.6140952, -0.0180208683013916, -0.6552183628082275, 1.9977679252624512, 0.02824878692626953, -1.3708982467651367, -0.00929713249206543, 0.026308417320251465, 0.162318518407217, -5.361026491605146, -4.100597217662231, -0.1988627162141272
719, 1763488344.6353889, -0.0180208683013916, -0.6552035808563232, 1.997775912284851, 0.028221607208251953, -1.3708891868591309, -0.009279012680053711, 0.026308417320251465, 0.16233898388138257, -5.3610450555153175, -4.100594703081009, -0.1988671950836105
720, 1763488344.660397, -0.018013715744018555, -0.6552183628082275, 1.9977840185165405, 0.028258085250854492, -1.3708982467651367, -0.00929713249206543, 0.026293158531188965, 0.16233078064120876, -5.361056470147314, -4.100592513547642, -0.19889363449926023
721, 1763488344.684305, -0.018013715744018555, -0.6552109718322754, 1.9977679252624512, 0.028230667114257812, -1.3708891868591309, -0.00926971435546875, 0.026308417320251465, 0.16233351700149878, -5.361071720839899, -4.100584478760284, -0.19892948845253855
722, 1763488344.706469, -0.01798391342163086, -0.6552183628082275, 1.9977840185165405, 0.028258085250854492, -1.3708891868591309, -0.00929713249206543, 0.026308417320251465, 0.16234749831171313, -5.361093115299644, -4.100584027803802, -0.19895562519775023
723, 1763488344.727568, -0.017910242080688477, -0.6552183628082275, 1.9977840185165405, 0.028258085250854492, -1.3708891868591309, -0.00928807258605957, 0.026308417320251465, 0.162341697328779, -5.361106139518112, -4.100582019328836, -0.19896427701069364
724, 1763488344.7471879, -0.01779961585998535, -0.6552109718322754, 1.9977840185165405, 0.02824878692626953, -1.3708796501159668, -0.009279012680053711, 0.026308417320251465, 0.16233124993737702, -5.361104204237166, -4.100582179382092, -0.19896943841876613
725, 1763488344.767318, -0.017659664154052734, -0.6552109718322754, 1.9977840185165405, 0.02824878692626953, -1.3708891868591309, -0.009279012680053711, 0.02630072832107544, 0.16234886151588201, -5.3611261514090645, -4.100580327523959, -0.19898218622437103
726, 1763488344.792824, -0.017556428909301758, -0.6552109718322754, 1.9977840185165405, 0.028239727020263672, -1.3708891868591309, -0.00929713249206543, 0.026308417320251465, 0.16233799508626223, -5.361126648881351, -4.100575454259444, -0.19896620030070977
727, 1763488344.815352, -0.017534255981445312, -0.6552183628082275, 1.9977840185165405, 0.028239727020263672, -1.3709254264831543, -0.00926971435546875, 0.02630072832107544, 0.16234048105951282, -5.361116787726157, -4.100574393762093, -0.19892659454072614
728, 1763488344.832434, -0.017534255981445312, -0.6552255153656006, 1.997775912284851, 0.028239727020263672, -1.3709163665771484, -0.00926971435546875, 0.02630072832107544, 0.1623594977034426, -5.3611207737505815, -4.100572784404278, -0.19890112873451837
729, 1763488344.859345, -0.017556428909301758, -0.6552183628082275, 1.997775912284851, 0.02824878692626953, -1.3708982467651367, -0.00928807258605957, 0.026323676109313965, 0.16234698312824636, -5.36111134594607, -4.100573941291047, -0.19886241640515667
730, 1763488344.883548, -0.017563819885253906, -0.6552255153656006, 1.9977918863296509, 0.028239727020263672, -1.3708891868591309, -0.00929713249206543, 0.026293158531188965, 0.1623425874798924, -5.361101601034217, -4.100576414452331, -0.19888701286735877
731, 1763488344.896575, -0.017556428909301758, -0.6552183628082275, 1.997775912284851, 0.028239727020263672, -1.370870590209961, -0.009279012680053711, 0.026308417320251465, 0.16235006160022314, -5.361104458069302, -4.100577378039577, -0.19890611243640688
732, 1763488344.918578, -0.017563819885253906, -0.6552183628082275, 1.9977840185165405, 0.028239727020263672, -1.3708982467651367, -0.009279012680053711, 0.02630072832107544, 0.1623417764245938, -5.361113363646702, -4.100581793787992, -0.19892030862097698
733, 1763488344.945239, -0.017571210861206055, -0.6552035808563232, 1.997775912284851, 0.028258085250854492, -1.3709073066711426, -0.00929713249206543, 0.026293158531188965, 0.16233329698986243, -5.361099358631603, -4.100579887074241, -0.19889481316064472
734, 1763488344.969847, -0.017556428909301758, -0.6552035808563232, 1.9977840185165405, 0.028221607208251953, -1.3708891868591309, -0.009279012680053711, 0.02630072832107544, 0.16233428670887162, -5.361107090013568, -4.100580965845242, -0.1988734582373919
735, 1763488344.990596, -0.017556428909301758, -0.6552035808563232, 1.997775912284851, 0.028239727020263672, -1.3708891868591309, -0.00929713249206543, 0.02631610631942749, 0.1623315665005779, -5.361118076708265, -4.100581855670145, -0.19887577023504566
736, 1763488345.0140579, -0.01754903793334961, -0.6551961302757263, 1.9977679252624512, 0.028239727020263672, -1.3708982467651367, -0.00926971435546875, 0.026308417320251465, 0.1623262970762207, -5.361116613440458, -4.100572548327637, -0.19884612271650592
737, 1763488345.0208268, -0.017556428909301758, -0.6552109718322754, 1.997775912284851, 0.028258085250854492, -1.3708982467651367, -0.009279012680053711, 0.026308417320251465, 0.1623311865184892, -5.361128651740607, -4.100572209049929, -0.1988565880455484
738, 1763488345.057996, -0.017556428909301758, -0.6552109718322754, 1.997775912284851, 0.028239727020263672, -1.3708891868591309, -0.00929713249206543, 0.026277899742126465, 0.16233285446199508, -5.361150171630187, -4.100563585447744, -0.1988825051388723
739, 1763488345.072154, -0.017556428909301758, -0.6552035808563232, 1.9977840185165405, 0.028230667114257812, -1.3708891868591309, -0.00931549072265625, 0.02628546953201294, 0.16233082087637618, -5.361156404314345, -4.100562632575091, -0.19890087449682614
740, 1763488345.1043499, -0.01754903793334961, -0.6551961302757263, 1.997775912284851, 0.028230667114257812, -1.3708982467651367, -0.00929713249206543, 0.02630072832107544, 0.16233300206566792, -5.361173671006805, -4.100565953615998, -0.19891245572943728
741, 1763488345.122966, -0.01754903793334961, -0.6552035808563232, 1.9977840185165405, 0.028239727020263672, -1.3708982467651367, -0.00926971435546875, 0.02630072832107544, 0.16233002541374064, -5.36119449853313, -4.100559684620807, -0.19891117956970206
742, 1763488345.148863, -0.01754140853881836, -0.6551816463470459, 1.9977840185165405, 0.028239727020263672, -1.3709254264831543, -0.00926971435546875, 0.02631610631942749, 0.16232441243906848, -5.361192437543394, -4.100561290050876, -0.19891175249140058
743, 1763488345.1637208, -0.01754140853881836, -0.6551742553710938, 1.997775912284851, 0.02824878692626953, -1.3708982467651367, -0.009279012680053711, 0.026277899742126465, 0.16232980242171835, -5.361204820084119, -4.100559870107722, -0.19891321883884494
744, 1763488345.198325, -0.017534255981445312, -0.6551816463470459, 1.9977679252624512, 0.028230667114257812, -1.3708982467651367, -0.00928807258605957, 0.026293158531188965, 0.16231891549087218, -5.361200790178409, -4.100559432194353, -0.19889093797771284
745, 1763488345.223309, -0.017519474029541016, -0.6551816463470459, 1.9977840185165405, 0.028239727020263672, -1.3708796501159668, -0.009306192398071289, 0.026308417320251465, 0.16231808972291717, -5.361198049107412, -4.100566960110034, -0.1988719156529637
746, 1763488345.238404, -0.017534255981445312, -0.655189037322998, 1.9977840185165405, 0.028230667114257812, -1.3708796501159668, -0.00928807258605957, 0.02630072832107544, 0.16231821502163346, -5.361189117867294, -4.100566305801462, -0.19885996042949383
747, 1763488345.260948, -0.017526865005493164, -0.6551816463470459, 1.997775912284851, 0.028258085250854492, -1.3709073066711426, -0.00929713249206543, 0.02630072832107544, 0.16231333015029825, -5.361182168172654, -4.1005668990757655, -0.1988730289736873
748, 1763488345.285517, -0.017512083053588867, -0.6551816463470459, 1.997775912284851, 0.028230667114257812, -1.3709163665771484, -0.009279012680053711, 0.02628546953201294, 0.1623144263988121, -5.361184540544755, -4.10056808997635, -0.19886932782270872
749, 1763488345.3138812, -0.017526865005493164, -0.6551816463470459, 1.9977679252624512, 0.02824878692626953, -1.3708796501159668, -0.00926971435546875, 0.026293158531188965, 0.16230824272698285, -5.361181657159903, -4.100570477631813, -0.19887015917399786
750, 1763488345.326242, -0.017519474029541016, -0.6551816463470459, 1.997775912284851, 0.02824878692626953, -1.3708982467651367, -0.00928807258605957, 0.026323676109313965, 0.16229722334097607, -5.361173758485848, -4.100575127697027, -0.19887169673838656
751, 1763488345.348362, -0.017519474029541016, -0.6551666259765625, 1.9977840185165405, 0.028230667114257812, -1.3709073066711426, -0.00929713249206543, 0.026308417320251465, 0.16229980573827685, -5.361179179031295, -4.100570798130954, -0.1988769384443838
752, 1763488345.374485, -0.017519474029541016, -0.6551666259765625, 1.997775912284851, 0.02824878692626953, -1.370861530303955, -0.00928807258605957, 0.02628546953201294, 0.1622957880257444, -5.361171625841137, -4.100569216292854, -0.19885583890103753
753, 1763488345.386035, -0.01750469207763672, -0.6551592350006104, 1.997775912284851, 0.028258085250854492, -1.3708796501159668, -0.00931549072265625, 0.026293158531188965, 0.16229099724655027, -5.361167906023264, -4.100571665415867, -0.19886708760298788
754, 1763488345.410008, -0.01750469207763672, -0.6551742553710938, 1.997775912284851, 0.028239727020263672, -1.3709073066711426, -0.00928807258605957, 0.026308417320251465, 0.16229590826684215, -5.3611726280080445, -4.100569112789209, -0.19885724561166818
755, 1763488345.430084, -0.017512083053588867, -0.6551816463470459, 1.9977679252624512, 0.028230667114257812, -1.370861530303955, -0.00928807258605957, 0.02628546953201294, 0.1622923005372895, -5.361167579866474, -4.100567038477848, -0.19886354699058284
756, 1763488345.454155, -0.01750469207763672, -0.6551742553710938, 1.9977599382400513, 0.028230667114257812, -1.3708796501159668, -0.009279012680053711, 0.02630072832107544, 0.1622795809714651, -5.361173865589715, -4.1005699244410305, -0.198867432213369
757, 1763488345.475924, -0.017526865005493164, -0.6551742553710938, 1.9977840185165405, 0.028239727020263672, -1.370870590209961, -0.009279012680053711, 0.02631610631942749, 0.1622796956667233, -5.361180669603436, -4.100567987007678, -0.1988872942717821
758, 1763488345.498684, -0.017519474029541016, -0.6551592350006104, 1.997775912284851, 0.028239727020263672, -1.3709073066711426, -0.00928807258605957, 0.02630072832107544, 0.1622909643291569, -5.361188530485529, -4.100560436525664, -0.1989067617570326
759, 1763488345.5176508, -0.017519474029541016, -0.6551666259765625, 1.997775912284851, 0.028230667114257812, -1.3708891868591309, -0.009306192398071289, 0.026308417320251465, 0.1622793382251595, -5.361186333343126, -4.1005651349517525, -0.19893651044323146
760, 1763488345.532764, -0.017519474029541016, -0.6551666259765625, 1.9977840185165405, 0.028230667114257812, -1.3709254264831543, -0.00926971435546875, 0.026277899742126465, 0.1622730877043439, -5.361196213236672, -4.100563261989905, -0.19892886497203222
761, 1763488345.555972, -0.017512083053588867, -0.6551592350006104, 1.997775912284851, 0.02824878692626953, -1.3708982467651367, -0.009279012680053711, 0.026293158531188965, 0.1622775625063857, -5.361194720305507, -4.100562292906718, -0.1989219494347907
762, 1763488345.575105, -0.017497539520263672, -0.6551446914672852, 1.9977679252624512, 0.028212308883666992, -1.3708796501159668, -0.00926971435546875, 0.026308417320251465, 0.16226966310270807, -5.361186167118139, -4.100563344129214, -0.19891891923477978
763, 1763488345.6058471, -0.017489910125732422, -0.6551520228385925, 1.9977679252624512, 0.028239727020263672, -1.3708796501159668, -0.009279012680053711, 0.02628546953201294, 0.1622595781118592, -5.3611909419895145, -4.100564382306881, -0.1989093148352783
764, 1763488345.623054, -0.017489910125732422, -0.6551446914672852, 1.9977599382400513, 0.028239727020263672, -1.3709163665771484, -0.00928807258605957, 0.02631610631942749, 0.16226273849888762, -5.361185207562082, -4.100562674654334, -0.1988794090620054
765, 1763488345.6454668, -0.017497539520263672, -0.6551299095153809, 1.997775912284851, 0.028230667114257812, -1.3709073066711426, -0.00928807258605957, 0.026293158531188965, 0.16224148282850914, -5.361172955718525, -4.1005749129097575, -0.19887051702630032
766, 1763488345.6700559, -0.017497539520263672, -0.6551446914672852, 1.9977599382400513, 0.028221607208251953, -1.3708982467651367, -0.00929713249206543, 0.026323676109313965, 0.1622426226230973, -5.361172677075996, -4.100569254970299, -0.19885970772007333
767, 1763488345.6917892, -0.017497539520263672, -0.6551299095153809, 1.9977679252624512, 0.028230667114257812, -1.3708891868591309, -0.009279012680053711, 0.026323676109313965, 0.1622568211228116, -5.361160466717651, -4.100566946130977, -0.19883515296996546
768, 1763488345.713898, -0.01750469207763672, -0.6551299095153809, 1.9977519512176514, 0.028239727020263672, -1.3709163665771484, -0.00928807258605957, 0.026293158531188965, 0.16224269229978372, -5.361149300165427, -4.1005708533951175, -0.19883830215765474
769, 1763488345.736914, -0.017519474029541016, -0.6551225185394287, 1.9977519512176514, 0.028258085250854492, -1.3708796501159668, -0.009279012680053711, 0.026323676109313965, 0.16224312648930528, -5.361150447420043, -4.100573276302415, -0.19883420632574467
770, 1763488345.766447, -0.017519474029541016, -0.655137300491333, 1.9977519512176514, 0.028221607208251953, -1.3709073066711426, -0.00926971435546875, 0.026293158531188965, 0.16224285016487017, -5.361139223543265, -4.100573267295379, -0.19882852571026444
771, 1763488345.783385, -0.017519474029541016, -0.6551225185394287, 1.9977519512176514, 0.028258085250854492, -1.3708982467651367, -0.00929713249206543, 0.02628546953201294, 0.16223097049094248, -5.361133743082203, -4.100579955112372, -0.19882514222596015
772, 1763488345.806422, -0.017519474029541016, -0.6551148891448975, 1.9977519512176514, 0.028239727020263672, -1.3708891868591309, -0.009306192398071289, 0.02631610631942749, 0.1622285097917503, -5.3611363435173915, -4.100573802974246, -0.19881570727887077
773, 1763488345.8220448, -0.017512083053588867, -0.6551148891448975, 1.9977519512176514, 0.028230667114257812, -1.370870590209961, -0.00928807258605957, 0.02631610631942749, 0.16223145273783357, -5.361133247612776, -4.100572622617511, -0.19882175005460034
774, 1763488345.8460102, -0.017534255981445312, -0.6551225185394287, 1.9977519512176514, 0.028221607208251953, -1.370861530303955, -0.009279012680053711, 0.02630072832107544, 0.1622210424130277, -5.361126053019313, -4.10057744104574, -0.1988369020530616
775, 1763488345.867697, -0.017519474029541016, -0.6551003456115723, 1.9977439641952515, 0.02824878692626953, -1.3708982467651367, -0.00928807258605957, 0.02630072832107544, 0.1622219173162892, -5.361126581795026, -4.10056965907579, -0.19884885149235032
776, 1763488345.887765, -0.017534255981445312, -0.6551003456115723, 1.9977359771728516, 0.02824878692626953, -1.3709163665771484, -0.00928807258605957, 0.026323676109313965, 0.1622134706224302, -5.361134909585637, -4.100574564523764, -0.19887273808309303
777, 1763488345.911947, -0.017534255981445312, -0.6551076769828796, 1.9977519512176514, 0.028258085250854492, -1.3708891868591309, -0.00929713249206543, 0.026293158531188965, 0.16220170597295958, -5.361135239335147, -4.100574144320065, -0.19889915666976066
778, 1763488345.9336782, -0.017512083053588867, -0.6550929546356201, 1.9977279901504517, 0.028239727020263672, -1.3708982467651367, -0.00926971435546875, 0.02630072832107544, 0.1622033337431662, -5.361134265554695, -4.100572106799649, -0.1989210696073922
779, 1763488345.959757, -0.017512083053588867, -0.6550784111022949, 1.9977439641952515, 0.028239727020263672, -1.3708982467651367, -0.00928807258605957, 0.026293158531188965, 0.16220155852366613, -5.361136724592466, -4.1005693416964055, -0.1989080519451436
780, 1763488345.9787982, -0.017512083053588867, -0.6550929546356201, 1.9977359771728516, 0.028230667114257812, -1.3708891868591309, -0.00928807258605957, 0.026308417320251465, 0.16219942059585624, -5.3611342352503115, -4.100571133346289, -0.19892062152670587
781, 1763488346.005507, -0.01750469207763672, -0.655085563659668, 1.9977359771728516, 0.02824878692626953, -1.3708796501159668, -0.00928807258605957, 0.02631610631942749, 0.16219803294884494, -5.36113353446025, -4.100566852947695, -0.1989122576440181
782, 1763488346.023702, -0.017512083053588867, -0.6550929546356201, 1.9977279901504517, 0.028239727020263672, -1.3708891868591309, -0.00929713249206543, 0.02631610631942749, 0.16219862665091844, -5.361129721428849, -4.100565855394813, -0.1989124684034591
783, 1763488346.046887, -0.017519474029541016, -0.6550929546356201, 1.9977359771728516, 0.02824878692626953, -1.3708891868591309, -0.00929713249206543, 0.02628546953201294, 0.16219210823106744, -5.361117668752546, -4.100567020787263, -0.1989192209173396
784, 1763488346.0703611, -0.017519474029541016, -0.6550929546356201, 1.9977279901504517, 0.028239727020263672, -1.3708796501159668, -0.009279012680053711, 0.026308417320251465, 0.16218082292851688, -5.361116485383684, -4.100568986454541, -0.19889663146154657
785, 1763488346.0910661, -0.017526865005493164, -0.6550784111022949, 1.9977279901504517, 0.028230667114257812, -1.3708982467651367, -0.00926971435546875, 0.02628546953201294, 0.16217889437976918, -5.361105216780787, -4.100571950166426, -0.1988982045456309
786, 1763488346.112299, -0.017519474029541016, -0.655070960521698, 1.9977359771728516, 0.028221607208251953, -1.3708796501159668, -0.00928807258605957, 0.02630072832107544, 0.16217194260599366, -5.3610986764347315, -4.10057866237069, -0.19890642001501924
787, 1763488346.133444, -0.017519474029541016, -0.655070960521698, 1.9977279901504517, 0.028221607208251953, -1.370870590209961, -0.00931549072265625, 0.026277899742126465, 0.1621738656241426, -5.361094739001185, -4.100574906501779, -0.19891313087105456
788, 1763488346.159903, -0.017526865005493164, -0.6550784111022949, 1.9977279901504517, 0.028230667114257812, -1.3708796501159668, -0.00929713249206543, 0.02631610631942749, 0.1621627670131781, -5.361087889297842, -4.100575701317997, -0.19891137097845757
789, 1763488346.172657, -0.017512083053588867, -0.6550635695457458, 1.9977200031280518, 0.028239727020263672, -1.3708796501159668, -0.009279012680053711, 0.026293158531188965, 0.1621552495447115, -5.361087161920737, -4.1005808650735025, -0.19890679440628656
790, 1763488346.196904, -0.017519474029541016, -0.655070960521698, 1.9977200031280518, 0.028239727020263672, -1.3708982467651367, -0.00929713249206543, 0.026308417320251465, 0.1621542276702217, -5.361082373545757, -4.100579843679919, -0.19891878231883098
791, 1763488346.21749, -0.01750469207763672, -0.6550559997558594, 1.9977200031280518, 0.028239727020263672, -1.3708891868591309, -0.00926971435546875, 0.026308417320251465, 0.16214295450591254, -5.361086223203183, -4.100577929028577, -0.19892886778810048
792, 1763488346.236119, -0.01750469207763672, -0.6550559997558594, 1.9977120161056519, 0.02824878692626953, -1.3708891868591309, -0.009279012680053711, 0.02631610631942749, 0.1621392027006282, -5.361082283567526, -4.100577536999785, -0.19891474898097883
793, 1763488346.260057, -0.017512083053588867, -0.6550486087799072, 1.9977120161056519, 0.028221607208251953, -1.3708982467651367, -0.009306192398071289, 0.02628546953201294, 0.1621326488067898, -5.36108810015563, -4.100574277671299, -0.19892768990482335
794, 1763488346.283305, -0.017512083053588867, -0.6550486087799072, 1.9977279901504517, 0.028194189071655273, -1.3708796501159668, -0.009279012680053711, 0.026293158531188965, 0.16212399501696684, -5.361088828136106, -4.100578058111251, -0.19893770390726662
795, 1763488346.301794, -0.017519474029541016, -0.655019223690033, 1.9977120161056519, 0.02824878692626953, -1.3708891868591309, -0.00926971435546875, 0.02630072832107544, 0.16211838000616074, -5.361094358425734, -4.100583903839552, -0.19896114519914665
796, 1763488346.3270268, -0.017512083053588867, -0.6550266146659851, 1.997696042060852, 0.028239727020263672, -1.3708982467651367, -0.00929713249206543, 0.02630072832107544, 0.16212679585440692, -5.36109743603156, -4.100577796074635, -0.19896685861504437
797, 1763488346.348856, -0.01750469207763672, -0.6550266146659851, 1.997696042060852, 0.028239727020263672, -1.370870590209961, -0.009279012680053711, 0.026293158531188965, 0.16212096016483424, -5.361103067562549, -4.100576442884571, -0.19897919668600483
798, 1763488346.3691268, -0.017497539520263672, -0.6550414562225342, 1.9976880550384521, 0.02826714515686035, -1.3708796501159668, -0.00928807258605957, 0.026293158531188965, 0.1621163424461829, -5.361107905453306, -4.100571618984969, -0.19898499337621356
799, 1763488346.393343, -0.017475128173828125, -0.655034065246582, 1.9976880550384521, 0.028221607208251953, -1.370870590209961, -0.00926971435546875, 0.02630072832107544, 0.1621147158308892, -5.361109730582041, -4.100573035818103, -0.1989851536304208
800, 1763488346.415733, -0.017475128173828125, -0.655034065246582, 1.9976800680160522, 0.028258085250854492, -1.3708891868591309, -0.009279012680053711, 0.026293158531188965, 0.16211114717050767, -5.3611074148248985, -4.100572840512782, -0.19899068895994
801, 1763488346.434378, -0.017482519149780273, -0.6550266146659851, 1.9976800680160522, 0.028239727020263672, -1.3708796501159668, -0.00928807258605957, 0.026308417320251465, 0.16211262667764947, -5.361105961865541, -4.100575214142323, -0.19900514619485765
802, 1763488346.457561, -0.01746058464050293, -0.6549971103668213, 1.9976800680160522, 0.028239727020263672, -1.3708796501159668, -0.00926971435546875, 0.026308417320251465, 0.16211148273056264, -5.361103016536338, -4.100571849012956, -0.1990151900794741
803, 1763488346.4787, -0.01746058464050293, -0.6549897193908691, 1.9976800680160522, 0.028230667114257812, -1.3708796501159668, -0.00928807258605957, 0.02630072832107544, 0.1620986981015522, -5.361098703534486, -4.100576027567477, -0.19900571918911325
804, 1763488346.5003772, -0.017467737197875977, -0.655019223690033, 1.9976720809936523, 0.028230667114257812, -1.3709073066711426, -0.00929713249206543, 0.02630072832107544, 0.16209489065498606, -5.361096773531012, -4.100577940504539, -0.19898882836165566
805, 1763488346.523971, -0.01746058464050293, -0.6549971103668213, 1.9976640939712524, 0.028230667114257812, -1.3708891868591309, -0.00926971435546875, 0.02630072832107544, 0.16209693535379832, -5.361085197345843, -4.100577981622783, -0.1990033508198108
806, 1763488346.5503218, -0.017467737197875977, -0.6550042629241943, 1.9976720809936523, 0.028239727020263672, -1.3708891868591309, -0.00928807258605957, 0.02631610631942749, 0.16208944544460602, -5.361078069678919, -4.100581443511838, -0.19899765235417455
807, 1763488346.567936, -0.01746058464050293, -0.6550118923187256, 1.9976720809936523, 0.028239727020263672, -1.3708891868591309, -0.00928807258605957, 0.02630072832107544, 0.16208542069160115, -5.361075728621875, -4.100584377529025, -0.19900536919723688
808, 1763488346.590543, -0.01745319366455078, -0.6550042629241943, 1.9976561069488525, 0.028239727020263672, -1.3708982467651367, -0.00928807258605957, 0.026293158531188965, 0.16208705861052097, -5.361078019756048, -4.100582783890039, -0.19901477185437155
