# Arm joint positions + body pose collected at 100.0 Hz
# Timestamp: 20251118_125923
# Format: timestep, timestamp_utc, arm0.sh0, arm0.sh1, arm0.el0, arm0.el1, arm0.wr0, arm0.wr1, gripper_open_percentage, body_x, body_y, body_z, body_theta
# Body pose is in odom frame (x, y, z in meters, theta in radians)

0, 1763488763.738718, 0.000706355, -3.118877570, 3.138836622, 1.562862714, -0.000307480, -1.567761103, 0.026130319, 0.182618985, -5.355471430, -4.006609833, -0.194707438
1, 1763488763.7673311, 0.000708739, -3.118877570, 3.138834000, 1.562865774, -0.000286182, -1.567770163, 0.026132882, 0.182616108, -5.355466481, -4.006611439, -0.194697081
2, 1763488763.789254, 0.000703971, -3.118875106, 3.138836622, 1.562859694, -0.000273943, -1.567764123, 0.026127756, 0.182629859, -5.355466695, -4.006609608, -0.194697073
3, 1763488763.814703, 0.000713666, -3.118879954, 3.138834000, 1.562865774, -0.000286142, -1.567773183, 0.026122709, 0.182633964, -5.355466703, -4.006607569, -0.194692687
4, 1763488763.85055, 0.000713666, -3.118882497, 3.138831298, 1.562865774, -0.000289202, -1.567766984, 0.026127795, 0.182622794, -5.355469538, -4.006607985, -0.194687143
5, 1763488763.8728588, 0.000708739, -3.118877570, 3.138839245, 1.562859694, -0.000283122, -1.567757924, 0.026122669, 0.182624516, -5.355474684, -4.006608069, -0.194688652
6, 1763488763.902924, 0.000713666, -3.118882497, 3.138834000, 1.562856634, -0.000280062, -1.567776203, 0.026125232, 0.182613141, -5.355465977, -4.006607997, -0.194678979
7, 1763488763.947711, 0.000703891, -3.118882497, 3.138839245, 1.562871814, -0.000277082, -1.567757924, 0.026135405, 0.182614700, -5.355459380, -4.006606143, -0.194667334
8, 1763488763.9796789, 0.000708818, -3.118875106, 3.138839245, 1.562865774, -0.000295281, -1.567773183, 0.026132842, 0.182604067, -5.355458489, -4.006608138, -0.194648659
9, 1763488764.0094411, 0.000708818, -3.118879954, 3.138836622, 1.562859654, -0.000273983, -1.567767143, 0.026125193, 0.182612844, -5.355459043, -4.006608721, -0.194648739
10, 1763488764.038869, 0.000706355, -3.118882418, 3.138831298, 1.562853614, -0.000286142, -1.567770163, 0.026130319, 0.182612227, -5.355464302, -4.006607489, -0.194642883
11, 1763488764.064639, 0.000706275, -3.118872643, 3.138834000, 1.562865774, -0.000295321, -1.567767143, 0.026125232, 0.182623705, -5.355474378, -4.006608884, -0.194625757
12, 1763488764.090966, 0.000708818, -3.118879954, 3.138836622, 1.562865774, -0.000298301, -1.567764123, 0.026127795, 0.182619424, -5.355475689, -4.006610194, -0.194614515
13, 1763488764.1194398, 0.000703891, -3.118877570, 3.138833920, 1.562856634, -0.000292261, -1.567770163, 0.026127795, 0.182619450, -5.355476879, -4.006605946, -0.194610505
14, 1763488764.147496, 0.000711203, -3.118875106, 3.138836622, 1.562865774, -0.000301361, -1.567770163, 0.026130319, 0.182620115, -5.355476971, -4.006610048, -0.194599904
15, 1763488764.1782331, 0.000701427, -3.118880033, 3.138836622, 1.562856634, -0.000280062, -1.567767143, 0.026127795, 0.182624818, -5.355473654, -4.006609618, -0.194592092
16, 1763488764.203564, 0.000713666, -3.118884961, 3.138836622, 1.562859694, -0.000280023, -1.567770163, 0.026127756, 0.182632700, -5.355479759, -4.006612134, -0.194591161
17, 1763488764.235513, 0.000703891, -3.118882497, 3.138836622, 1.562871854, -0.000292222, -1.567776203, 0.026140491, 0.182640774, -5.355475610, -4.006608969, -0.194592543
18, 1763488764.272754, 0.000711282, -3.118877570, 3.138836622, 1.562862714, -0.000295281, -1.567770163, 0.026125232, 0.182653158, -5.355481584, -4.006612261, -0.194592529
19, 1763488764.3003142, 0.000703891, -3.118882497, 3.138836622, 1.562853575, -0.000295281, -1.567785263, 0.026127756, 0.182665100, -5.355476888, -4.006608453, -0.194609129
20, 1763488764.335485, 0.000708739, -3.118882497, 3.138831298, 1.562850595, -0.000295281, -1.567782243, 0.026130319, 0.182681255, -5.355483398, -4.006611387, -0.194604343
21, 1763488764.3722749, 0.000696659, -3.118889888, 3.138839245, 1.562856634, -0.000307520, -1.567770163, 0.026132842, 0.182686113, -5.355489938, -4.006610872, -0.194622052
22, 1763488764.4043891, 0.000708818, -3.118877570, 3.138836622, 1.562874873, -0.000271002, -1.567773183, 0.026115060, 0.182691642, -5.355498019, -4.006614679, -0.194649673
23, 1763488764.440254, 0.000718594, -3.118880033, 3.138841947, 1.562850555, -0.000276963, -1.567766984, 0.026120146, 0.182704491, -5.355490509, -4.006611233, -0.194666205
24, 1763488764.4609861, 0.000708739, -3.118879954, 3.138839245, 1.562859694, -0.000289241, -1.567767143, 0.026143014, 0.182709378, -5.355485952, -4.006615131, -0.194660278
25, 1763488764.4952059, 0.000713666, -3.118877570, 3.138836543, 1.562865774, -0.000280062, -1.567764123, 0.026130319, 0.182713673, -5.355488010, -4.006615124, -0.194683938
26, 1763488764.5296, 0.000699043, -3.118882497, 3.138836622, 1.562868794, -0.000286102, -1.567773183, 0.026125232, 0.182715200, -5.355493573, -4.006616076, -0.194680082
27, 1763488764.558346, 0.000699043, -3.118877570, 3.138839324, 1.562856674, -0.000277042, -1.567782243, 0.026125232, 0.182723161, -5.355497890, -4.006616355, -0.194668376
28, 1763488764.588649, 0.000701507, -3.118875106, 3.138841867, 1.562859694, -0.000292222, -1.567764123, 0.026127756, 0.182733248, -5.355502519, -4.006610362, -0.194652884
29, 1763488764.626175, 0.000711203, -3.118875106, 3.138844570, 1.562877893, -0.000295242, -1.567767143, 0.026127795, 0.182736950, -5.355515571, -4.006613582, -0.194656268
30, 1763488764.654624, 0.000711282, -3.118889809, 3.138839245, 1.562862714, -0.000280102, -1.567763964, 0.026127795, 0.182751416, -5.355513696, -4.006613464, -0.194660731
31, 1763488764.678435, 0.000699043, -3.118882497, 3.138839245, 1.562871854, -0.000295242, -1.567767143, 0.026125193, 0.182749908, -5.355507222, -4.006614150, -0.194638983
32, 1763488764.7099679, 0.000706275, -3.118877570, 3.138836622, 1.562871854, -0.000295281, -1.567773183, 0.026135405, 0.182765639, -5.355514989, -4.006613248, -0.194630524
33, 1763488764.744918, 0.000701427, -3.118877570, 3.138839245, 1.562859694, -0.000295281, -1.567764123, 0.026125232, 0.182775937, -5.355520556, -4.006613101, -0.194609234
34, 1763488764.772723, 0.000726064, -3.118882418, 3.138839245, 1.562856674, -0.000289241, -1.567760944, 0.026125193, 0.182790271, -5.355528216, -4.006613312, -0.194594081
35, 1763488764.807952, 0.000706355, -3.118884881, 3.138841867, 1.562844475, -0.000277003, -1.567767143, 0.026135365, 0.182794453, -5.355540807, -4.006617622, -0.194582938
36, 1763488764.862001, 0.000703812, -3.118877570, 3.138841947, 1.562874873, -0.000267824, -1.567767143, 0.026125232, 0.182812678, -5.355532683, -4.006616649, -0.194580891
37, 1763488764.8896132, 0.000706275, -3.118884881, 3.138841867, 1.562865774, -0.000301401, -1.567760944, 0.026117623, 0.182818009, -5.355539900, -4.006613332, -0.194601670
38, 1763488764.9173272, 0.000708818, -3.118884961, 3.138844570, 1.562865774, -0.000289241, -1.567773183, 0.026127795, 0.182814707, -5.355541944, -4.006618994, -0.194593563
39, 1763488764.943912, 0.000706275, -3.118879954, 3.138841867, 1.562862754, -0.000289241, -1.567773183, 0.026120146, 0.182826172, -5.355545906, -4.006616014, -0.194596773
40, 1763488764.9784908, 0.000711282, -3.118875106, 3.138841867, 1.562862714, -0.000286182, -1.567770163, 0.026143014, 0.182838035, -5.355545201, -4.006617579, -0.194573775
41, 1763488765.0066319, 0.000698964, -3.118879954, 3.138841867, 1.562859694, -0.000280062, -1.567770163, 0.026115020, 0.182843975, -5.355561622, -4.006619901, -0.194592205
42, 1763488765.03839, 0.000711203, -3.118879954, 3.138844570, 1.562865774, -0.000277042, -1.567779223, 0.026125232, 0.182856526, -5.355560958, -4.006616376, -0.194596175
43, 1763488765.064152, 0.000706355, -3.118875027, 3.138839245, 1.562871854, -0.000277042, -1.567782243, 0.026132842, 0.182856203, -5.355565215, -4.006619830, -0.194618771
44, 1763488765.091302, 0.000703891, -3.118877570, 3.138849974, 1.562862714, -0.000280023, -1.567776203, 0.026109974, 0.182865682, -5.355572908, -4.006619125, -0.194629438
45, 1763488765.116181, 0.000708739, -3.118884881, 3.138844570, 1.562853614, -0.000295321, -1.567776203, 0.026117583, 0.182876860, -5.355582542, -4.006620609, -0.194655502
46, 1763488765.1460228, 0.000716130, -3.118877490, 3.138839245, 1.562865774, -0.000280102, -1.567779223, 0.026120146, 0.182883309, -5.355588995, -4.006620225, -0.194667906
47, 1763488765.179821, 0.000703891, -3.118887424, 3.138841947, 1.562868794, -0.000277003, -1.567773183, 0.026135405, 0.182901572, -5.355582215, -4.006620618, -0.194635352
48, 1763488765.206576, 0.000706275, -3.118867715, 3.138839245, 1.562862714, -0.000277042, -1.567767143, 0.026132842, 0.182913981, -5.355591536, -4.006620165, -0.194628421
49, 1763488765.2403562, 0.000703891, -3.118880033, 3.138836622, 1.562868794, -0.000280062, -1.567779223, 0.026135405, 0.182923564, -5.355595770, -4.006616738, -0.194637672
50, 1763488765.2702131, 0.000585953, -3.118076086, 3.138538281, 1.562859694, -0.000283122, -1.567757924, 0.026232084, 0.182928413, -5.355592274, -4.006621377, -0.194642791
51, 1763488765.2958238, 0.000790040, -3.112218062, 3.133624792, 1.562774499, -0.000191847, -1.567839940, 0.025542577, 0.182799396, -5.355558521, -4.006807295, -0.194628775
52, 1763488765.323692, 0.000239372, -3.096145630, 3.121187925, 1.562814077, -0.000292222, -1.567815781, 0.025875886, 0.182723235, -5.355580135, -4.007157869, -0.194577154
53, 1763488765.361077, 0.000379403, -3.063302755, 3.094260613, 1.562798818, -0.000182668, -1.567849159, 0.025713046, 0.182444101, -5.355498518, -4.007559181, -0.194556588
54, 1763488765.3989341, 0.000298262, -3.005274455, 3.046893756, 1.562856674, -0.000261784, -1.567821662, 0.025952180, 0.181907011, -5.355416331, -4.008155438, -0.194496021
55, 1763488765.422772, 0.000406424, -2.939559221, 2.998296340, 1.562932769, -0.000240564, -1.567785263, 0.026079416, 0.181258705, -5.355272243, -4.008629710, -0.194536676
56, 1763488765.456186, 0.000649850, -2.861980041, 2.945254167, 1.562966267, -0.000319640, -1.567748706, 0.025962432, 0.180391430, -5.355119376, -4.009030785, -0.194541532
57, 1763488765.480978, 0.000863791, -2.789297899, 2.894446294, 1.560829639, -0.006826878, -1.561363061, 0.026262641, 0.179521939, -5.354945217, -4.009224580, -0.194490838
58, 1763488765.51333, 0.000706355, -2.738551140, 2.859590848, 1.541788777, -0.022528847, -1.540048917, 0.026346584, 0.178971214, -5.354710560, -4.009247692, -0.194166728
59, 1763488765.539165, 0.000475327, -2.701329788, 2.838772933, 1.507088582, -0.037424326, -1.505616506, 0.026504338, 0.178648266, -5.354736948, -4.009178238, -0.194009453
60, 1763488765.5735612, 0.000674486, -2.679573933, 2.834882100, 1.453870972, -0.052219391, -1.452508450, 0.026313543, 0.178648755, -5.354609861, -4.008974128, -0.194389240
61, 1763488765.596672, 0.000521978, -2.676348766, 2.844264428, 1.392685175, -0.064387639, -1.393422763, 0.026214302, 0.178952341, -5.354601798, -4.008857250, -0.194479461
62, 1763488765.63008, 0.000428597, -2.680264791, 2.858754635, 1.324891806, -0.077262243, -1.326499939, 0.026188831, 0.179235102, -5.354722639, -4.008862652, -0.194502669
63, 1763488765.667695, 0.000374556, -2.684475899, 2.881215731, 1.202459455, -0.094613791, -1.204685211, 0.026020904, 0.179529405, -5.354635965, -4.008804064, -0.194465711
64, 1763488765.693046, 0.000435988, -2.685471455, 2.895234664, 1.099524538, -0.107856592, -1.102127632, 0.025903881, 0.179498109, -5.354709538, -4.008812954, -0.194496862
65, 1763488765.7201972, 0.000263850, -2.685518026, 2.904406548, 0.995925903, -0.119544029, -0.998583953, 0.025868237, 0.179554735, -5.354562728, -4.008787488, -0.194488146
66, 1763488765.751808, 0.000345071, -2.684593678, 2.911136309, 0.867975473, -0.132783731, -0.871245384, 0.025942008, 0.179476847, -5.354622312, -4.008811653, -0.194538751
67, 1763488765.780298, 0.000239293, -2.682032188, 2.915357510, 0.711223364, -0.148987929, -0.714681943, 0.026020944, 0.179468631, -5.354554234, -4.008778695, -0.194622903
68, 1763488765.808341, 0.000298421, -2.678598007, 2.915978034, 0.590921561, -0.161421061, -0.593576431, 0.026000520, 0.179434148, -5.354602054, -4.008785859, -0.194706669
69, 1763488765.835586, 0.000379483, -2.674399296, 2.915227016, 0.482836803, -0.175290902, -0.485427936, 0.026094715, 0.179421375, -5.354644550, -4.008773327, -0.194795235
70, 1763488765.862707, 0.000278632, -2.669713736, 2.913653056, 0.387103001, -0.188095252, -0.388534466, 0.026099761, 0.179454186, -5.354578613, -4.008741439, -0.194708807
71, 1763488765.887637, 0.000394106, -2.665033102, 2.912305514, 0.307302475, -0.200601578, -0.308140278, 0.026115060, 0.179381938, -5.354698989, -4.008752856, -0.194715064
72, 1763488765.913774, 0.000379403, -2.660079479, 2.911405325, 0.230265697, -0.213978211, -0.229612033, 0.026204089, 0.179445728, -5.354583446, -4.008708296, -0.194671378
73, 1763488765.957636, -0.000031074, -2.652586778, 2.912084500, 0.167344968, -0.229905526, -0.164938450, 0.026244819, 0.179613216, -5.354708417, -4.008282160, -0.194584898
74, 1763488765.995717, -0.005987565, -2.632558902, 2.926055431, 0.139173190, -0.257182280, -0.136212905, 0.025886059, 0.179602729, -5.354475528, -4.002415059, -0.194052610
75, 1763488766.021535, -0.008408944, -2.621823470, 2.940172752, 0.123870055, -0.280420224, -0.120005528, 0.026181181, 0.179456812, -5.354360523, -3.997244287, -0.194182907
76, 1763488766.057318, -0.008777618, -2.606279612, 2.955299536, 0.107924620, -0.305514812, -0.104035854, 0.026145577, 0.179220897, -5.354234133, -3.990857830, -0.194644420
77, 1763488766.079534, -0.010862350, -2.582198222, 2.969422340, 0.091467778, -0.335914453, -0.087475459, 0.025975088, 0.178762698, -5.354035311, -3.983205161, -0.194867185
78, 1763488766.110396, -0.013293664, -2.556056499, 2.978317261, 0.078985771, -0.366441965, -0.074795723, 0.026028514, 0.178181914, -5.353904816, -3.976462828, -0.194946693
79, 1763488766.1352189, -0.015324195, -2.530800025, 2.984040419, 0.068296671, -0.395118872, -0.063975732, 0.026020904, 0.177626359, -5.353804042, -3.970718621, -0.194876330
80, 1763488766.173006, -0.017664512, -2.495031675, 2.988543828, 0.056161960, -0.434077104, -0.052836100, 0.026132842, 0.176951315, -5.353695982, -3.963768758, -0.194713695
81, 1763488766.19417, -0.019510746, -2.470719099, 2.990445296, 0.048869292, -0.459293445, -0.045972745, 0.026051422, 0.176522184, -5.353664668, -3.959334325, -0.194630685
82, 1763488766.2298398, -0.021855831, -2.448722283, 2.991979281, 0.042623838, -0.481107076, -0.039343675, 0.026066681, 0.176194905, -5.353692810, -3.955201912, -0.194697842
83, 1763488766.26316, -0.023338238, -2.427271048, 2.994623741, 0.035927852, -0.504417976, -0.032976468, 0.026099801, 0.175960246, -5.353728611, -3.950992096, -0.194996104
84, 1763488766.2925189, -0.024124940, -2.414175669, 2.997542699, 0.031706413, -0.518896500, -0.030249516, 0.026117583, 0.175912733, -5.353744399, -3.948479271, -0.195133093
85, 1763488766.3172832, -0.025363922, -2.404308001, 3.001231114, 0.029347499, -0.529570500, -0.027991056, 0.026181221, 0.175875706, -5.353785316, -3.946504157, -0.195152252
86, 1763488766.341961, -0.025872787, -2.398454825, 3.004059474, 0.029247046, -0.537048578, -0.027580182, 0.026130358, 0.175766323, -5.353790588, -3.945438596, -0.195149450
87, 1763488766.373205, -0.026069403, -2.391699394, 3.008107344, 0.029180288, -0.546252569, -0.027528445, 0.026074330, 0.175589550, -5.353760362, -3.944358613, -0.195093015
88, 1763488766.414049, -0.026222070, -2.383739392, 3.013763984, 0.029143731, -0.557246049, -0.027452469, 0.026165883, 0.175337866, -5.353734923, -3.943389169, -0.195087056
89, 1763488766.441374, -0.026249011, -2.377062718, 3.019045035, 0.029055436, -0.564751546, -0.027403752, 0.026079416, 0.175081715, -5.353708415, -3.942731063, -0.195065212
90, 1763488766.473022, -0.026172717, -2.372989257, 3.023202181, 0.029043277, -0.570613623, -0.027385473, 0.026003083, 0.174916566, -5.353704380, -3.942265126, -0.195089383
91, 1763488766.50217, -0.026148081, -2.369041284, 3.027295510, 0.029018799, -0.577315648, -0.027385473, 0.026076853, 0.174807239, -5.353684568, -3.941798574, -0.195112557
92, 1763488766.538473, -0.026064555, -2.363239606, 3.030131658, 0.029000600, -0.581457933, -0.027379354, 0.026031077, 0.174748806, -5.353665567, -3.941402531, -0.195144409
93, 1763488766.574471, -0.026054859, -2.356656392, 3.031279564, 0.028988361, -0.584465027, -0.027355035, 0.026043812, 0.174738338, -5.353676273, -3.941157323, -0.195165968
94, 1763488766.598688, -0.026039918, -2.350449085, 3.030725638, 0.028982321, -0.585999091, -0.027358055, 0.026056548, 0.174772637, -5.353675695, -3.941138714, -0.195238713
95, 1763488766.626297, -0.025926987, -2.344197671, 3.029820204, 0.028957923, -0.589356105, -0.027355035, 0.026081979, 0.174774119, -5.353667190, -3.941226504, -0.195250666
96, 1763488766.651264, -0.025934219, -2.338673910, 3.028989236, 0.028954983, -0.592588425, -0.027342796, 0.026087066, 0.174726591, -5.353694020, -3.941291414, -0.195252691
97, 1763488766.6807501, -0.025941610, -2.332510869, 3.028179646, 0.028927565, -0.595899979, -0.027336677, 0.026076933, 0.174658642, -5.353705983, -3.941330303, -0.195220008
98, 1763488766.7111092, -0.025922060, -2.325145801, 3.027553797, 0.028878927, -0.601326625, -0.027318398, 0.026115060, 0.174568368, -5.353717693, -3.941385370, -0.195168458
99, 1763488766.733428, -0.025877714, -2.318193674, 3.026568413, 0.028866688, -0.605919600, -0.027287960, 0.026018381, 0.174464513, -5.353742450, -3.941496928, -0.195139837
100, 1763488766.7622778, -0.025840839, -2.312443733, 3.025633653, 0.028848489, -0.611136198, -0.027227084, 0.026109974, 0.174383676, -5.353754938, -3.941637928, -0.195121595
101, 1763488766.790895, -0.025516351, -2.303458611, 3.024081071, 0.028842290, -0.617643436, -0.027205865, 0.026092192, 0.174290638, -5.353765280, -3.941884894, -0.195152091
102, 1763488766.8148322, -0.024953286, -2.296103477, 3.022925297, 0.028833230, -0.622437159, -0.027190685, 0.026125193, 0.174225549, -5.353765758, -3.942096702, -0.195187332
103, 1763488766.846115, -0.024496158, -2.287344456, 3.021598975, 0.028836330, -0.627239943, -0.027181546, 0.026059071, 0.174161203, -5.353784758, -3.942343906, -0.195242550
104, 1763488766.879947, -0.024112701, -2.279485226, 3.020528316, 0.028821071, -0.633573771, -0.027190685, 0.026036203, 0.174119505, -5.353808705, -3.942528013, -0.195237228
105, 1763488766.918515, -0.022763093, -2.264617443, 3.017798662, 0.028827190, -0.646326542, -0.027190606, 0.026074370, 0.174023455, -5.353847506, -3.942768705, -0.195203109
106, 1763488766.939924, -0.022413969, -2.255880674, 3.015561581, 0.028818051, -0.651463985, -0.027196725, 0.026074370, 0.173943425, -5.353874520, -3.942862713, -0.195138429
107, 1763488766.9708722, -0.022052606, -2.247891188, 3.013545593, 0.028814952, -0.656762997, -0.027205865, 0.026051422, 0.173875336, -5.353898551, -3.942922492, -0.195136033
108, 1763488766.9989939, -0.020934025, -2.236946742, 3.010685364, 0.028817972, -0.664871216, -0.027199745, 0.026076853, 0.173810412, -5.353919328, -3.942987875, -0.195196959
109, 1763488767.025436, -0.020132701, -2.228222291, 3.008299192, 0.028824091, -0.672988415, -0.027217944, 0.026084542, 0.173771878, -5.353957925, -3.943033055, -0.195257997
110, 1763488767.051517, -0.019616365, -2.219763358, 3.005601327, 0.028824091, -0.679343621, -0.027221044, 0.026071807, 0.173739971, -5.353998597, -3.943072187, -0.195249196
111, 1763488767.0847611, -0.018746138, -2.210239808, 3.002757072, 0.028830210, -0.685869137, -0.027211905, 0.026150703, 0.173718503, -5.354053117, -3.943113064, -0.195272181
112, 1763488767.116194, -0.017725865, -2.196532408, 2.999047279, 0.028869788, -0.695240339, -0.027227163, 0.026064197, 0.173673829, -5.354133820, -3.943155505, -0.195279905
113, 1763488767.1475048, -0.017089287, -2.184882482, 2.995646477, 0.028921445, -0.704368194, -0.027251403, 0.026120146, 0.173658481, -5.354192269, -3.943212563, -0.195252433
114, 1763488767.195745, -0.016172330, -2.170226018, 2.990711689, 0.029061476, -0.714080254, -0.027297099, 0.026107411, 0.173632630, -5.354256224, -3.943289230, -0.195252028
115, 1763488767.223606, -0.015218576, -2.153580904, 2.984876633, 0.029308001, -0.724310001, -0.027348916, 0.026015818, 0.173569076, -5.354300510, -3.943393982, -0.195238070
116, 1763488767.247612, -0.014682611, -2.143334707, 2.981331905, 0.029524008, -0.732591550, -0.027339776, 0.026043812, 0.173543897, -5.354340083, -3.943468086, -0.195287711
117, 1763488767.277133, -0.014151573, -2.132771333, 2.977523645, 0.029743274, -0.740559896, -0.027394613, 0.026112537, 0.173528021, -5.354350970, -3.943543246, -0.195254148
118, 1763488767.31176, -0.013608297, -2.119978269, 2.972780546, 0.029877186, -0.748253981, -0.027385473, 0.026127756, 0.173469984, -5.354379431, -3.943648801, -0.195184480
119, 1763488767.336551, -0.013406674, -2.110592524, 2.969499509, 0.029992819, -0.754161676, -0.027376413, 0.026076893, 0.173423499, -5.354420708, -3.943744444, -0.195130695
120, 1763488767.365422, -0.012895425, -2.101172288, 2.966365019, 0.030236324, -0.761216799, -0.027415832, 0.026031077, 0.173396898, -5.354437739, -3.943828301, -0.195105107
121, 1763488767.395359, -0.012197177, -2.087917089, 2.962343693, 0.030522426, -0.772822062, -0.027458429, 0.026137928, 0.173352136, -5.354473478, -3.943982800, -0.195222385
122, 1763488767.425011, -0.011695782, -2.073300044, 2.958026648, 0.031194925, -0.783286015, -0.027494987, 0.026130319, 0.173207022, -5.354470609, -3.944112331, -0.195281344
123, 1763488767.47369, -0.011317174, -2.044938723, 2.947158337, 0.032089869, -0.796732664, -0.027504126, 0.026018341, 0.172852030, -5.354434713, -3.944349273, -0.195292846
124, 1763488767.505437, -0.011196613, -2.018005530, 2.932814519, 0.032245159, -0.807689667, -0.027510166, 0.026084542, 0.172575685, -5.354429012, -3.944713669, -0.195330263
125, 1763488767.531899, -0.011240959, -1.996512572, 2.920310974, 0.032293797, -0.816720088, -0.027513266, 0.026107371, 0.172286820, -5.354457077, -3.944918910, -0.195329084
126, 1763488767.558315, -0.011253277, -1.979112585, 2.909847339, 0.032321215, -0.823677778, -0.027525345, 0.026005646, 0.172066887, -5.354464268, -3.945021120, -0.195266552
127, 1763488767.589035, -0.011317094, -1.958536665, 2.896936337, 0.032339414, -0.832851251, -0.027501106, 0.026081979, 0.171858143, -5.354499166, -3.945159180, -0.195256351
128, 1763488767.61479, -0.011420488, -1.937400142, 2.883548737, 0.032345533, -0.840840658, -0.027498007, 0.026127756, 0.171648615, -5.354505831, -3.945313546, -0.195213841
129, 1763488767.645677, -0.011516333, -1.915280342, 2.869732221, 0.032351573, -0.847728411, -0.027485847, 0.026048899, 0.171398018, -5.354512167, -3.945473564, -0.195296071
130, 1763488767.6914802, -0.011693398, -1.888777415, 2.851865053, 0.032369773, -0.857102791, -0.027498007, 0.026059071, 0.171077033, -5.354483728, -3.945695549, -0.195366518
131, 1763488767.720495, -0.012005488, -1.863395413, 2.833933989, 0.032360713, -0.865250429, -0.027494987, 0.026064157, 0.170761302, -5.354493399, -3.945916726, -0.195396893
132, 1763488767.750438, -0.012317657, -1.841403365, 2.819102923, 0.032382011, -0.872156382, -0.027464549, 0.026137968, 0.170383033, -5.354376204, -3.945996150, -0.195351784
133, 1763488767.784033, -0.012701193, -1.821053584, 2.805430253, 0.032363733, -0.877577146, -0.027476788, 0.026076853, 0.170002358, -5.354347309, -3.946050633, -0.195299591
134, 1763488767.808057, -0.012942155, -1.802267313, 2.791837374, 0.032372872, -0.881975174, -0.027464628, 0.025992950, 0.169676121, -5.354292376, -3.946084473, -0.195270114
135, 1763488767.843287, -0.013079723, -1.786703746, 2.780100902, 0.032378912, -0.887614886, -0.027479887, 0.026066720, 0.169406791, -5.354237717, -3.946112562, -0.195274403
136, 1763488767.867861, -0.013519843, -1.770437161, 2.767773151, 0.032382011, -0.893272956, -0.027464628, 0.026117623, 0.169162778, -5.354283841, -3.946135075, -0.195261759
137, 1763488767.899862, -0.013841788, -1.754408995, 2.755762259, 0.032375892, -0.896904071, -0.027467648, 0.026127795, 0.168861127, -5.354178085, -3.946134020, -0.195300340
138, 1763488767.9239738, -0.013787905, -1.741116961, 2.745740732, 0.032403310, -0.897150596, -0.027449369, 0.026112497, 0.168677990, -5.354255212, -3.946176266, -0.195399230
139, 1763488767.944662, -0.013824781, -1.729980787, 2.737490257, 0.032378991, -0.897317966, -0.027449369, 0.026066720, 0.168461977, -5.354165600, -3.946181055, -0.195465213
140, 1763488767.977292, -0.013935169, -1.715584993, 2.726920207, 0.032388131, -0.902315617, -0.027464628, 0.026076853, 0.168213896, -5.354244359, -3.946221721, -0.195549097
141, 1763488768.009023, -0.013989449, -1.702492118, 2.716541847, 0.032378991, -0.905687888, -0.027455409, 0.026089589, 0.167989875, -5.354250444, -3.946223219, -0.195579275
142, 1763488768.03916, -0.014129480, -1.689042727, 2.705031713, 0.032397191, -0.905870597, -0.027461529, 0.026087105, 0.167753574, -5.354242937, -3.946227985, -0.195528567
143, 1763488768.072772, -0.014500697, -1.677139600, 2.694994291, 0.032382011, -0.907903751, -0.027458429, 0.026026030, 0.167555488, -5.354259012, -3.946241358, -0.195461414
144, 1763488768.109781, -0.014889081, -1.663862427, 2.683958054, 0.032385031, -0.913476547, -0.027449369, 0.026079416, 0.167301466, -5.354237864, -3.946262785, -0.195430583
145, 1763488768.1375449, -0.014911254, -1.651932279, 2.673731565, 0.032391151, -0.916839759, -0.027434111, 0.026107411, 0.167050060, -5.354250874, -3.946286731, -0.195553356
146, 1763488768.1945999, -0.014950514, -1.638001045, 2.661901792, 0.032388131, -0.919341644, -0.027443329, 0.026084542, 0.166739859, -5.354191688, -3.946299830, -0.195619861
147, 1763488768.2300758, -0.015095552, -1.619116346, 2.645581881, 0.032385031, -0.921715498, -0.027406851, 0.026099801, 0.166297213, -5.354104961, -3.946321447, -0.195551552
148, 1763488768.261039, -0.015336593, -1.607107560, 2.634897312, 0.032391151, -0.921727657, -0.027415911, 0.026064157, 0.166012231, -5.354098048, -3.946339476, -0.195460517
149, 1763488768.2976441, -0.015707652, -1.595083992, 2.623895804, 0.032372793, -0.921739896, -0.027400653, 0.026076853, 0.165693855, -5.354028323, -3.946345060, -0.195362809
150, 1763488768.355168, -0.015946070, -1.576395949, 2.606814305, 0.032381932, -0.921886047, -0.027370214, 0.026079416, 0.165226203, -5.353974389, -3.946365687, -0.195363649
151, 1763488768.4036312, -0.016047001, -1.560478449, 2.591823339, 0.032388131, -0.921956062, -0.027358055, 0.026053945, 0.164812171, -5.353926593, -3.946387644, -0.195447315
152, 1763488768.4372008, -0.016128063, -1.544329842, 2.576134602, 0.032378912, -0.922032038, -0.027330558, 0.026079456, 0.164388775, -5.353868760, -3.946402002, -0.195527659
153, 1763488768.463718, -0.016206741, -1.534420371, 2.566233079, 0.032378991, -0.922077735, -0.027339697, 0.026069283, 0.164112104, -5.353831498, -3.946408331, -0.195525707
154, 1763488768.4888802, -0.016305129, -1.526276112, 2.558131774, 0.032372793, -0.922178268, -0.027321418, 0.026081979, 0.163892278, -5.353791166, -3.946416973, -0.195491155
155, 1763488768.518711, -0.016373793, -1.516863306, 2.548775991, 0.032381932, -0.922248205, -0.027330558, 0.026069244, 0.163649625, -5.353783611, -3.946428996, -0.195483496
156, 1763488768.545734, -0.016405900, -1.507514358, 2.539513508, 0.032378912, -0.922254324, -0.027318398, 0.026071767, 0.163388553, -5.353703226, -3.946434099, -0.195482130
157, 1763488768.580248, -0.016607443, -1.495947957, 2.528075298, 0.032385031, -0.922385136, -0.027315299, 0.026071807, 0.163072862, -5.353677442, -3.946449645, -0.195434420
158, 1763488768.603688, -0.016762336, -1.487454534, 2.519798199, 0.032372793, -0.922449112, -0.027318319, 0.026092192, 0.162859817, -5.353594682, -3.946455921, -0.195415440
159, 1763488768.6424582, -0.016855637, -1.476797819, 2.509308020, 0.032391151, -0.922464371, -0.027327458, 0.026076893, 0.162583192, -5.353557479, -3.946474625, -0.195423263
160, 1763488768.6704361, -0.017027775, -1.465275685, 2.498010794, 0.032385031, -0.922516108, -0.027306159, 0.026046336, 0.162267668, -5.353467110, -3.946487238, -0.195432315
161, 1763488768.7008379, -0.017182589, -1.453999559, 2.487576485, 0.032378912, -0.924171766, -0.027290980, 0.026038726, 0.161999727, -5.353432848, -3.946503560, -0.195455145
162, 1763488768.729378, -0.017251412, -1.443367402, 2.477989197, 0.032366753, -0.927924633, -0.027272701, 0.026115060, 0.161707075, -5.353376421, -3.946523056, -0.195498139
163, 1763488768.7550411, -0.017283440, -1.433853745, 2.469333887, 0.032366753, -0.930179914, -0.027257601, 0.026117583, 0.161487110, -5.353334278, -3.946540293, -0.195532062
164, 1763488768.783694, -0.017307997, -1.423956672, 2.460303068, 0.032375892, -0.930493355, -0.027242343, 0.026097238, 0.161228832, -5.353293932, -3.946541516, -0.195525417
165, 1763488768.816649, -0.017352422, -1.413690766, 2.451011419, 0.032366753, -0.930548112, -0.027211984, 0.026104887, 0.160935526, -5.353225137, -3.946565181, -0.195496076
166, 1763488768.844086, -0.017467817, -1.402694742, 2.441450596, 0.032348553, -0.930633307, -0.027169307, 0.026094715, 0.160680306, -5.353202508, -3.946589773, -0.195457439
167, 1763488768.871094, -0.017509699, -1.394400438, 2.434776704, 0.032366753, -0.932228168, -0.027111610, 0.026059031, 0.160458895, -5.353147961, -3.946604544, -0.195453516
168, 1763488768.898043, -0.017534177, -1.386069258, 2.428156058, 0.032345454, -0.934842745, -0.027120670, 0.026089629, 0.160249745, -5.353124259, -3.946618982, -0.195473648
169, 1763488768.92884, -0.017571131, -1.376843294, 2.420504808, 0.032342434, -0.935259740, -0.027087291, 0.026087066, 0.160000226, -5.353054490, -3.946634083, -0.195505926
170, 1763488768.959015, -0.017600695, -1.368150711, 2.413274368, 0.032351573, -0.935253700, -0.027102470, 0.026059071, 0.159764936, -5.353023537, -3.946655485, -0.195541767
171, 1763488768.9870322, -0.017666976, -1.358964086, 2.405364831, 0.032345533, -0.935284058, -0.027053674, 0.026069244, 0.159524652, -5.352985462, -3.946683438, -0.195538145
172, 1763488769.010449, -0.017775138, -1.350718896, 2.398094336, 0.032342513, -0.935281038, -0.027050654, 0.026053985, 0.159308610, -5.352961446, -3.946714634, -0.195509257
173, 1763488769.0411808, -0.017880837, -1.342935840, 2.391146104, 0.032336315, -0.936997493, -0.027065833, 0.026020904, 0.159101236, -5.352950628, -3.946735556, -0.195467385
174, 1763488769.087908, -0.018136501, -1.329063654, 2.378474871, 0.032339414, -0.941145976, -0.027038336, 0.026097278, 0.158731694, -5.352907870, -3.946775126, -0.195425622
175, 1763488769.1162581, -0.018279076, -1.319284558, 2.368967374, 0.032311996, -0.941136758, -0.027035316, 0.026089629, 0.158459813, -5.352854980, -3.946787875, -0.195417285
176, 1763488769.150524, -0.018306176, -1.309603810, 2.359739463, 0.032312075, -0.941124678, -0.027020137, 0.026076893, 0.158190629, -5.352820970, -3.946823070, -0.195491116
177, 1763488769.185892, -0.018352906, -1.299726288, 2.350386540, 0.032290777, -0.941148996, -0.027014017, 0.026064157, 0.157911364, -5.352759021, -3.946870125, -0.195573623
178, 1763488769.212964, -0.018404484, -1.291788379, 2.343092044, 0.032275597, -0.941273928, -0.027010997, 0.026087105, 0.157673203, -5.352731304, -3.946952257, -0.195598384
179, 1763488769.2568588, -0.018416723, -1.284443100, 2.336546024, 0.032263358, -0.941349904, -0.026965300, 0.026076893, 0.157429566, -5.352690013, -3.947127798, -0.195577408
180, 1763488769.2872791, -0.018453598, -1.278906981, 2.331629833, 0.032257398, -0.941368183, -0.026965300, 0.026081979, 0.157187012, -5.352659139, -3.947299482, -0.195520923
181, 1763488769.3184419, -0.018492937, -1.274017374, 2.327675025, 0.032245159, -0.942960024, -0.026953220, 0.026028514, 0.156990161, -5.352601427, -3.947387160, -0.195449052
182, 1763488769.3593512, -0.018551906, -1.267264406, 2.322228829, 0.032223860, -0.949044148, -0.026940982, 0.026099761, 0.156650105, -5.352537772, -3.947592934, -0.195406088
183, 1763488769.388891, -0.018593629, -1.261575937, 2.316750765, 0.032220840, -0.949905475, -0.026940982, 0.026079416, 0.156332531, -5.352491531, -3.947811080, -0.195393945
184, 1763488769.42476, -0.018625736, -1.255533377, 2.311190128, 0.032190402, -0.949923754, -0.026928902, 0.026084542, 0.156083449, -5.352447528, -3.947955765, -0.195395653
185, 1763488769.4788961, -0.018662612, -1.245759130, 2.302532117, 0.032166004, -0.950118542, -0.026922862, 0.026069244, 0.155667483, -5.352357642, -3.948226474, -0.195384329
186, 1763488769.5055401, -0.018758376, -1.238740762, 2.297251066, 0.032150666, -0.953594367, -0.026910623, 0.026079416, 0.155372531, -5.352311809, -3.948405092, -0.195352486
187, 1763488769.5341399, -0.018844446, -1.232331951, 2.293091218, 0.032114188, -0.957602819, -0.026907603, 0.026112497, 0.155150273, -5.352268473, -3.948553457, -0.195363048
188, 1763488769.564812, -0.018898646, -1.224848866, 2.287975311, 0.032098929, -0.958092848, -0.026907523, 0.026107450, 0.154875046, -5.352234329, -3.948787269, -0.195364624
189, 1763488769.591202, -0.018964926, -1.217682918, 2.283011119, 0.032077630, -0.958184163, -0.026907523, 0.026079456, 0.154630333, -5.352220338, -3.949059551, -0.195403639
190, 1763488769.612454, -0.019009272, -1.212500811, 2.279389302, 0.032047272, -0.958366871, -0.026901563, 0.026074330, 0.154484909, -5.352142877, -3.949298717, -0.195388107
191, 1763488769.643015, -0.019060771, -1.206854105, 2.275362571, 0.032035112, -0.959346851, -0.026889404, 0.026053985, 0.154254717, -5.352140726, -3.949617699, -0.195347975
192, 1763488769.675958, -0.019141992, -1.199528416, 2.270206690, 0.031986475, -0.963458697, -0.026883205, 0.026066720, 0.154044807, -5.352061119, -3.949981575, -0.195339103
193, 1763488769.708904, -0.019240300, -1.191580653, 2.264363766, 0.031916380, -0.967537165, -0.026892424, 0.026132842, 0.153724532, -5.352038134, -3.950460101, -0.195269874
194, 1763488769.744164, -0.019338528, -1.185120265, 2.259532690, 0.031782389, -0.967957099, -0.026883205, 0.026084542, 0.153516428, -5.351999863, -3.950791911, -0.195290518
195, 1763488769.772613, -0.019449234, -1.175530394, 2.252922773, 0.031721671, -0.968234142, -0.026877244, 0.026084503, 0.153194435, -5.351864334, -3.951207959, -0.195258070
196, 1763488769.8020558, -0.019523064, -1.167068958, 2.247916063, 0.031581561, -0.973776499, -0.026877165, 0.026051422, 0.152899765, -5.351884672, -3.951551633, -0.195284134
197, 1763488769.836926, -0.019633691, -1.157791297, 2.242397944, 0.031475067, -0.981626113, -0.026852846, 0.026097198, 0.152658602, -5.351724373, -3.951966806, -0.195178512
198, 1763488769.8816152, -0.019694964, -1.146229903, 2.235175530, 0.031328996, -0.987466733, -0.026825428, 0.026109974, 0.152277508, -5.351742766, -3.952519870, -0.195167511
199, 1763488769.908428, -0.019744237, -1.135268370, 2.228418986, 0.031216383, -0.991243839, -0.026767572, 0.026048899, 0.151965435, -5.351608030, -3.953079613, -0.195116219
200, 1763488769.931658, -0.019859791, -1.128176053, 2.224189838, 0.031097651, -0.993904114, -0.026755333, 0.026145577, 0.151691433, -5.351783426, -3.953498549, -0.195078504
201, 1763488769.964279, -0.019963026, -1.120437384, 2.219489415, 0.031006257, -0.994098743, -0.026737054, 0.026087066, 0.151662887, -5.351474224, -3.953908532, -0.195030892
202, 1763488769.98989, -0.019923687, -1.111469507, 2.214237769, 0.030918042, -0.995571931, -0.026645819, 0.025992950, 0.151361520, -5.351612956, -3.954526024, -0.195000554
203, 1763488770.012862, -0.019958178, -1.104569038, 2.210519950, 0.030765931, -1.000286500, -0.026588043, 0.026084503, 0.151270553, -5.351596388, -3.954992413, -0.195039064
204, 1763488770.044221, -0.019987583, -1.097855409, 2.206527948, 0.030683597, -1.003689130, -0.026572863, 0.026081979, 0.151249519, -5.351368314, -3.955456899, -0.195075283
205, 1763488770.070867, -0.019992590, -1.088597377, 2.200343927, 0.030613661, -1.006793737, -0.026569764, 0.026064157, 0.150981941, -5.351566904, -3.956272748, -0.195149448
206, 1763488770.0977411, -0.020041704, -1.081964970, 2.195891221, 0.030552944, -1.009438594, -0.026545445, 0.026036203, 0.150996170, -5.351393729, -3.956804178, -0.195181673
207, 1763488770.1269078, -0.020056486, -1.073901733, 2.190482378, 0.030510346, -1.013517141, -0.026536306, 0.026102324, 0.150856310, -5.351362999, -3.957484836, -0.195175123
208, 1763488770.171673, -0.020068645, -1.063119570, 2.182679335, 0.030406793, -1.015720606, -0.026533206, 0.026081979, 0.150726567, -5.351369884, -3.958439955, -0.195166025
209, 1763488770.217702, -0.020203908, -1.051204284, 2.174434026, 0.030324618, -1.018886010, -0.026463191, 0.026112497, 0.150565997, -5.351389249, -3.959519583, -0.195090890
210, 1763488770.2673469, -0.020316919, -1.038696369, 2.165579081, 0.030263821, -1.021259944, -0.026344538, 0.026089629, 0.150475408, -5.351312449, -3.960718911, -0.195098888
211, 1763488770.294962, -0.020425081, -1.029799779, 2.159054279, 0.030215025, -1.021299442, -0.026271502, 0.026066720, 0.150346980, -5.351431785, -3.961657996, -0.195154743
212, 1763488770.319186, -0.020498912, -1.022899310, 2.154353857, 0.030138810, -1.023448308, -0.026234945, 0.026020904, 0.150373787, -5.351237716, -3.962318266, -0.195258042
213, 1763488770.344085, -0.020545721, -1.016670068, 2.149946372, 0.030129671, -1.027703285, -0.026222865, 0.026066681, 0.150246690, -5.351235330, -3.962995349, -0.195218465
214, 1763488770.377014, -0.020594676, -1.009784222, 2.144633293, 0.030087153, -1.029666424, -0.026198387, 0.026071767, 0.150079459, -5.351448825, -3.963742973, -0.195250878
215, 1763488770.40338, -0.020624399, -1.002370040, 2.138465484, 0.030011098, -1.029681683, -0.026155790, 0.026081979, 0.150117229, -5.351067319, -3.964491229, -0.195255668
216, 1763488770.434677, -0.020629168, -0.996573428, 2.133610487, 0.029998859, -1.029800336, -0.026164929, 0.026074330, 0.149845516, -5.351424224, -3.965207665, -0.195217076
217, 1763488770.472054, -0.020740032, -0.988355279, 2.126835346, 0.029895465, -1.030007362, -0.026146650, 0.026028514, 0.149919748, -5.351109411, -3.966059322, -0.195284898
218, 1763488770.497104, -0.020784140, -0.980788529, 2.120715459, 0.029895385, -1.033556143, -0.026100953, 0.026018381, 0.149646396, -5.351359285, -3.966974074, -0.195194853
219, 1763488770.524562, -0.020835718, -0.974335412, 2.115242720, 0.029801051, -1.037677209, -0.026061376, 0.026084542, 0.149629686, -5.351284724, -3.967680425, -0.195277925
220, 1763488770.548207, -0.020865202, -0.968819141, 2.110140085, 0.029743274, -1.038535595, -0.025961002, 0.026079416, 0.149730339, -5.350803831, -3.968276274, -0.195239350
221, 1763488770.578078, -0.020919243, -0.962309519, 2.104251862, 0.029749393, -1.038556894, -0.025884867, 0.026081979, 0.149272107, -5.351484732, -3.969172984, -0.195209388
222, 1763488770.599939, -0.020914475, -0.956625938, 2.099314292, 0.029615402, -1.038559914, -0.025763194, 0.026074330, 0.149494954, -5.350924515, -3.969680989, -0.195328369
223, 1763488770.6226938, -0.020897230, -0.951950212, 2.095236937, 0.029600143, -1.038666407, -0.024566968, 0.026061594, 0.149472215, -5.350596304, -3.970147869, -0.195285143
224, 1763488770.652417, -0.020970901, -0.945883155, 2.089900017, 0.029581944, -1.040863911, -0.022963127, 0.026059031, 0.148931075, -5.351421122, -3.970996354, -0.195217061
225, 1763488770.6826298, -0.021022479, -0.938734372, 2.083521684, 0.029368877, -1.045316617, -0.022877852, 0.026064157, 0.149274764, -5.350570134, -3.971684129, -0.195237308
226, 1763488770.712915, -0.021066904, -0.932952543, 2.077617486, 0.029438893, -1.046826363, -0.022886992, 0.026112497, 0.148776640, -5.351172484, -3.972690983, -0.194976835
227, 1763488770.746403, -0.020939032, -0.926841180, 2.071556171, 0.029268503, -1.046741247, -0.022877932, 0.026084542, 0.148982707, -5.350874978, -3.973503716, -0.195141870
228, 1763488770.791371, -0.021209319, -0.918359975, 2.062903404, 0.029289722, -1.046741168, -0.022868713, 0.026061594, 0.148466637, -5.351408406, -3.975197606, -0.194878462
229, 1763488770.8145869, -0.021088918, -0.914060414, 2.058442672, 0.029098113, -1.046707630, -0.022853613, 0.026064118, 0.148825421, -5.350808587, -3.975906485, -0.195143336
230, 1763488770.8475661, -0.021209319, -0.909964879, 2.053920666, 0.029082855, -1.046729008, -0.022823095, 0.026074330, 0.148705220, -5.350512776, -3.976886790, -0.194986887
231, 1763488770.876928, -0.021147887, -0.905446589, 2.048245430, 0.029055436, -1.046613216, -0.022844394, 0.026038726, 0.148274206, -5.351346013, -3.978246002, -0.195105771
232, 1763488770.903003, -0.021157900, -0.901763976, 2.043457190, 0.028906266, -1.046576738, -0.022804817, 0.026056508, 0.148656586, -5.350340575, -3.979164101, -0.195152430
233, 1763488770.925506, -0.021371603, -0.898069123, 2.038322528, 0.028988361, -1.046576738, -0.022820075, 0.026084542, 0.148040366, -5.351206998, -3.980484532, -0.194963800
234, 1763488770.962002, -0.021287998, -0.894167900, 2.032918930, 0.028833151, -1.046403329, -0.022816976, 0.026053985, 0.148193829, -5.351020165, -3.981484083, -0.195153648
235, 1763488771.001715, -0.021487157, -0.887523095, 2.024303675, 0.028811932, -1.046320995, -0.022817055, 0.026076853, 0.147867569, -5.351053488, -3.983136195, -0.194905755
236, 1763488771.031617, -0.021442970, -0.882387598, 2.017669678, 0.028656642, -1.046217680, -0.022810857, 0.026053945, 0.147949176, -5.350965564, -3.984163607, -0.195065343
237, 1763488771.059849, -0.021669149, -0.877271950, 2.011232932, 0.028623184, -1.046248039, -0.022798697, 0.026094715, 0.147893018, -5.350576081, -3.985218907, -0.194835666
238, 1763488771.09357, -0.021607558, -0.872291406, 2.004678885, 0.028601964, -1.046129386, -0.022807916, 0.026051422, 0.147617431, -5.351323716, -3.986420316, -0.195074480
239, 1763488771.117265, -0.021666606, -0.868825177, 2.000063658, 0.028422276, -1.046077569, -0.022783438, 0.026069244, 0.148057386, -5.350109437, -3.987062990, -0.195051621
240, 1763488771.142845, -0.021900098, -0.864909053, 1.994662722, 0.028562387, -1.046047131, -0.022795677, 0.026074330, 0.147416123, -5.351254975, -3.988269518, -0.194880165
241, 1763488771.1805289, -0.021612565, -0.861054540, 1.989197890, 0.028431495, -1.045910279, -0.022798697, 0.026043773, 0.147632904, -5.350831745, -3.989139523, -0.195182011
242, 1763488771.2062259, -0.021654288, -0.856469750, 1.982404153, 0.028413216, -1.045873801, -0.022774378, 0.026076893, 0.147961744, -5.349752303, -3.990190658, -0.194946175
243, 1763488771.233705, -0.021329880, -0.852381686, 1.976710359, 0.028464874, -1.045828025, -0.022826115, 0.026071767, 0.147766053, -5.349943625, -3.991256730, -0.195044780
244, 1763488771.281837, -0.021814108, -0.847322365, 1.969032407, 0.028361400, -1.045614958, -0.022786538, 0.026059031, 0.147647026, -5.349927049, -3.992689362, -0.194847844
245, 1763488771.314286, -0.022377014, -0.841926396, 1.960686048, 0.028355281, -1.045335054, -0.022801797, 0.026059071, 0.147533852, -5.349855985, -3.994301397, -0.194659460
246, 1763488771.342675, -0.022106568, -0.837545693, 1.953759193, 0.028349241, -1.045219262, -0.022801797, 0.026074330, 0.147353565, -5.349936425, -3.995613937, -0.194944517
247, 1763488771.3881202, -0.022163153, -0.833492021, 1.947333018, 0.028355281, -1.045128028, -0.022813956, 0.026059071, 0.147194392, -5.349932855, -3.996800977, -0.195137247
248, 1763488771.41512, -0.022315661, -0.829634984, 1.941418131, 0.028324922, -1.045201063, -0.022814035, 0.026104848, 0.147019792, -5.350018421, -3.998322964, -0.195250187
249, 1763488771.448213, -0.022300879, -0.828990936, 1.940792282, 0.028331041, -1.045295477, -0.022798777, 0.026087105, 0.147016021, -5.350057817, -3.999412355, -0.195303627
250, 1763488771.482452, -0.022349993, -0.828727802, 1.941053271, 0.028328021, -1.045371532, -0.022801797, 0.026069244, 0.147016611, -5.350107850, -4.000700954, -0.195159595
251, 1763488771.509967, -0.022472938, -0.828334411, 1.940930764, 0.028312763, -1.045627197, -0.022795677, 0.026046336, 0.147012161, -5.350117647, -4.001791027, -0.194932430
252, 1763488771.5341399, -0.022536834, -0.827982962, 1.940733711, 0.028325001, -1.047221979, -0.022795677, 0.026053985, 0.147022312, -5.350118379, -4.002708873, -0.194802298
253, 1763488771.561873, -0.022613128, -0.827648620, 1.940339565, 0.028325001, -1.048743725, -0.022804896, 0.026048859, 0.147062554, -5.350069625, -4.003580230, -0.194706069
254, 1763488771.592959, -0.022691806, -0.826997161, 1.939625820, 0.028324922, -1.050417821, -0.022792657, 0.026076853, 0.147123749, -5.349968982, -4.004656664, -0.194650139
255, 1763488771.61494, -0.022799969, -0.826060613, 1.938632449, 0.028306723, -1.050621668, -0.022807916, 0.026097278, 0.147168868, -5.349848780, -4.005635729, -0.194652300
256, 1763488771.641184, -0.022858858, -0.824878196, 1.937631130, 0.028312763, -1.050859133, -0.022807837, 0.026059071, 0.147207590, -5.349725464, -4.006428630, -0.194668831
257, 1763488771.677362, -0.022851547, -0.823081076, 1.936595122, 0.028306643, -1.055126270, -0.022807916, 0.026087066, 0.147253440, -5.349560079, -4.007399890, -0.194702325
258, 1763488771.7122781, -0.022863785, -0.821419199, 1.935375412, 0.028312763, -1.057545980, -0.022801797, 0.026076893, 0.147285064, -5.349368930, -4.008476208, -0.194652068
259, 1763488771.743673, -0.022854090, -0.820344985, 1.934499264, 0.028297504, -1.057679892, -0.022795677, 0.026087066, 0.147300719, -5.349219973, -4.009449145, -0.194573165
260, 1763488771.7926679, -0.022787571, -0.819383840, 1.934086442, 0.028297583, -1.060550054, -0.022795677, 0.026038686, 0.147350043, -5.349045979, -4.010644775, -0.194534989
261, 1763488771.836071, -0.022735914, -0.818302135, 1.933287541, 0.028294563, -1.065267563, -0.022804896, 0.026087066, 0.147386184, -5.348821453, -4.012221455, -0.194592026
262, 1763488771.862713, -0.022711436, -0.817434470, 1.932363391, 0.028297583, -1.065468470, -0.022798777, 0.026064157, 0.147411940, -5.348664838, -4.013452404, -0.194707397
263, 1763488771.887269, -0.022640149, -0.816755891, 1.932001193, 0.028300603, -1.066917181, -0.022798777, 0.026013255, 0.147434361, -5.348583266, -4.014333121, -0.194790230
264, 1763488771.9122849, -0.022615433, -0.816045523, 1.931724191, 0.028297583, -1.070365588, -0.022801797, 0.026064118, 0.147468227, -5.348496423, -4.015241013, -0.194813023
265, 1763488771.941453, -0.022566477, -0.815086643, 1.931116978, 0.028297583, -1.074267467, -0.022786538, 0.026112537, 0.147499175, -5.348418402, -4.016368935, -0.194827682
266, 1763488771.9723961, -0.022563934, -0.814346770, 1.930334051, 0.028294563, -1.075013320, -0.022792578, 0.026079416, 0.147536913, -5.348342328, -4.017380968, -0.194774754
267, 1763488772.003086, -0.022524595, -0.813353598, 1.929543138, 0.028303623, -1.075789293, -0.022792657, 0.026026030, 0.147592540, -5.348250421, -4.018554440, -0.194728672
268, 1763488772.044873, -0.022522052, -0.812026103, 1.928930600, 0.028294563, -1.079341253, -0.022765160, 0.026056508, 0.147625730, -5.348161684, -4.019794969, -0.194700033
269, 1763488772.073859, -0.022485256, -0.810597877, 1.928211530, 0.028291543, -1.082062244, -0.022771279, 0.026087066, 0.147667248, -5.348064300, -4.020905317, -0.194721041
270, 1763488772.119993, -0.022401651, -0.808827877, 1.927037040, 0.028294563, -1.082202196, -0.022753000, 0.026092152, 0.147733873, -5.347939745, -4.022255417, -0.194780518
271, 1763488772.1476219, -0.022367080, -0.807284037, 1.926003734, 0.028285503, -1.083170096, -0.022759040, 0.026028554, 0.147804323, -5.347855453, -4.023476088, -0.194824669
272, 1763488772.173666, -0.022342682, -0.806244195, 1.925431172, 0.028297583, -1.086688519, -0.022725503, 0.026081979, 0.147859834, -5.347795513, -4.024343549, -0.194839519
273, 1763488772.207337, -0.022276243, -0.805145264, 1.924600283, 0.028282324, -1.090030511, -0.022719463, 0.026084503, 0.147939307, -5.347719533, -4.025470197, -0.194847270
274, 1763488772.237331, -0.022234519, -0.804265261, 1.923801343, 0.028285503, -1.091339032, -0.022692124, 0.026079416, 0.147979163, -5.347680033, -4.026458111, -0.194853090
275, 1763488772.268619, -0.022207499, -0.803454081, 1.922951778, 0.028291543, -1.091329972, -0.022661686, 0.026069244, 0.147933119, -5.347592304, -4.027509566, -0.194853614
276, 1763488772.303327, -0.022150914, -0.802650134, 1.922299345, 0.028288523, -1.091378768, -0.022619168, 0.026061634, 0.147971373, -5.347548712, -4.028649163, -0.194844354
277, 1763488772.339694, -0.022101720, -0.801706195, 1.921606859, 0.028294563, -1.092139721, -0.022536993, 0.026026030, 0.147947550, -5.347484053, -4.029915169, -0.194868905
278, 1763488772.377762, -0.022037903, -0.800604880, 1.920850555, 0.028288523, -1.097155492, -0.022415161, 0.026038726, 0.148046244, -5.347385732, -4.031146129, -0.194934190
279, 1763488772.4090471, -0.021973848, -0.799464146, 1.919793288, 0.028285424, -1.100698392, -0.022223473, 0.026102324, 0.148105085, -5.347345345, -4.032384428, -0.195025565
280, 1763488772.436055, -0.021968921, -0.798308671, 1.918704033, 0.028282404, -1.100826025, -0.020126422, 0.026074330, 0.148185399, -5.347308357, -4.033411913, -0.195043131
281, 1763488772.465305, -0.021964153, -0.797027985, 1.917585572, 0.028279305, -1.101106087, -0.018333673, 0.026031077, 0.148201334, -5.347275355, -4.034282812, -0.195035893
282, 1763488772.498095, -0.021890322, -0.795356353, 1.916459004, 0.028276285, -1.104651848, -0.018175443, 0.025985261, 0.148264563, -5.347231790, -4.035231180, -0.195039578
283, 1763488772.531447, -0.021821578, -0.793701927, 1.915335139, 0.028282324, -1.110093911, -0.018172344, 0.026132882, 0.148238278, -5.347222302, -4.036352185, -0.195025272
284, 1763488772.565944, -0.021806796, -0.792684138, 1.914405704, 0.028276285, -1.111941338, -0.018181483, 0.026092152, 0.148301538, -5.347201511, -4.037433506, -0.195017806
285, 1763488772.588213, -0.021809260, -0.791877786, 1.913710594, 0.028267145, -1.112084389, -0.018175364, 0.026053985, 0.148311322, -5.347164704, -4.038417882, -0.194989470
286, 1763488772.6143181, -0.021796942, -0.791115820, 1.913090070, 0.028270245, -1.112111886, -0.018169324, 0.026066720, 0.148348351, -5.347200778, -4.039273739, -0.195005930
287, 1763488772.648869, -0.021797021, -0.790053825, 1.912245870, 0.028282404, -1.112260898, -0.018172264, 0.026059031, 0.148330730, -5.347172364, -4.040306729, -0.195031079
288, 1763488772.68311, -0.021814108, -0.788868964, 1.911409656, 0.028282404, -1.112951835, -0.018163204, 0.026005646, 0.148352057, -5.347196882, -4.041709439, -0.195048283
289, 1763488772.71775, -0.021782160, -0.788055162, 1.911090096, 0.028279384, -1.117514213, -0.018169324, 0.026059111, 0.148354856, -5.347185763, -4.042863469, -0.195087549
290, 1763488772.7434099, -0.021772305, -0.787413597, 1.910341700, 0.028276364, -1.120475610, -0.018141905, 0.026069283, 0.148389036, -5.347209447, -4.044094096, -0.195082299
291, 1763488772.772375, -0.021772385, -0.786924362, 1.909612020, 0.028267145, -1.121489207, -0.018138885, 0.026087066, 0.148382202, -5.347196070, -4.045056109, -0.195063496
292, 1763488772.796512, -0.021779776, -0.786211471, 1.908956846, 0.028264125, -1.121592601, -0.018144846, 0.026066720, 0.148387661, -5.347151505, -4.046031702, -0.195020562
293, 1763488772.830462, -0.021826426, -0.785080572, 1.908267101, 0.028261026, -1.121623119, -0.018135786, 0.026087066, 0.148375357, -5.347165813, -4.046978455, -0.194955777
294, 1763488772.8750138, -0.021917343, -0.782848477, 1.906844974, 0.028261026, -1.122189283, -0.018138885, 0.026005685, 0.148336619, -5.347105330, -4.048159721, -0.194872238
295, 1763488772.911405, -0.021885316, -0.779851834, 1.905036688, 0.028267145, -1.128386100, -0.018138885, 0.026043812, 0.148259896, -5.347113797, -4.049643171, -0.194795338
296, 1763488772.936518, -0.021883011, -0.778558691, 1.903968732, 0.028267145, -1.131152630, -0.018135786, 0.026099801, 0.148260128, -5.347066028, -4.050595341, -0.194751332
297, 1763488772.976877, -0.021912336, -0.777496715, 1.902996659, 0.028251966, -1.131262223, -0.018117587, 0.026074370, 0.148240713, -5.347006960, -4.051419004, -0.194711985
298, 1763488773.005993, -0.021843672, -0.775215467, 1.901300311, 0.028245767, -1.132790168, -0.018108447, 0.025970042, 0.148179960, -5.347011254, -4.052851149, -0.194794058
299, 1763488773.044482, -0.021833817, -0.773300469, 1.900360187, 0.028230667, -1.138378064, -0.018111547, 0.026097238, 0.148146778, -5.346959186, -4.053867953, -0.194842564
300, 1763488773.075935, -0.021821578, -0.771284739, 1.899063230, 0.028236707, -1.141324441, -0.018114567, 0.026053985, 0.148104558, -5.346960876, -4.055101494, -0.194899644
301, 1763488773.101349, -0.021794478, -0.769652347, 1.898120403, 0.028239727, -1.143637498, -0.018102328, 0.026104887, 0.148072950, -5.346901219, -4.055953017, -0.194911554
302, 1763488773.131086, -0.021789471, -0.767520964, 1.896783590, 0.028242747, -1.144167185, -0.018114567, 0.026084542, 0.147973224, -5.346973500, -4.056931362, -0.194932008
303, 1763488773.1621618, -0.021752755, -0.766026318, 1.895787517, 0.028245767, -1.144197702, -0.018102328, 0.026051422, 0.147958799, -5.346874288, -4.057639030, -0.194990139
304, 1763488773.1873431, -0.021752596, -0.763654053, 1.894330780, 0.028233687, -1.145402749, -0.018105427, 0.026018381, 0.147818730, -5.346915055, -4.058702187, -0.194992404
305, 1763488773.213516, -0.021688779, -0.761913617, 1.893364072, 0.028233687, -1.148711284, -0.018102328, 0.026071767, 0.147765489, -5.346951367, -4.059428746, -0.195075040
306, 1763488773.2465641, -0.021696170, -0.759209454, 1.891758204, 0.028221607, -1.151885668, -0.018102328, 0.026051462, 0.147705531, -5.346782259, -4.060405604, -0.195056763
307, 1763488773.275604, -0.021676381, -0.756773313, 1.890226881, 0.028221528, -1.153681517, -0.018096288, 0.026102364, 0.147559347, -5.346903105, -4.061269093, -0.195097398
308, 1763488773.3178859, -0.021698475, -0.753297230, 1.888413270, 0.028206269, -1.153812329, -0.018093189, 0.026076853, 0.147480561, -5.346728437, -4.062156638, -0.195088081
309, 1763488773.345516, -0.021713416, -0.749565562, 1.886620959, 0.028212388, -1.154174566, -0.018105427, 0.026005606, 0.147301677, -5.346844623, -4.062987002, -0.195111448
310, 1763488773.378666, -0.021637122, -0.745873213, 1.885286689, 0.028178771, -1.159068664, -0.018090248, 0.026023428, 0.147287574, -5.346588181, -4.063554616, -0.195167699
311, 1763488773.405142, -0.021632195, -0.741993984, 1.883590221, 0.028194110, -1.164690256, -0.018071969, 0.026087066, 0.147104309, -5.346747334, -4.064250112, -0.195175051
312, 1763488773.435327, -0.021553516, -0.739095668, 1.882058899, 0.028191010, -1.167222500, -0.018087149, 0.026028514, 0.147105604, -5.346602472, -4.064688757, -0.195227290
313, 1763488773.467746, -0.021536350, -0.734624048, 1.879616817, 0.028181950, -1.171434959, -0.018068870, 0.026084542, 0.146990335, -5.346554855, -4.065341142, -0.195190346
314, 1763488773.493875, -0.021435499, -0.730698009, 1.877323826, 0.028184970, -1.172676643, -0.018081188, 0.026076853, 0.146877300, -5.346663369, -4.065916623, -0.195246612
315, 1763488773.5193741, -0.021278222, -0.727536658, 1.875688672, 0.028130054, -1.172749758, -0.018065850, 0.026046336, 0.146943814, -5.346313880, -4.066352466, -0.195234344
316, 1763488773.548755, -0.021246274, -0.724667847, 1.874303778, 0.028166691, -1.174228827, -0.018075069, 0.026046336, 0.146759147, -5.346617351, -4.066981047, -0.195215697
317, 1763488773.580704, -0.021084070, -0.722526689, 1.873432954, 0.028117895, -1.177163045, -0.018062830, 0.026046375, 0.146791525, -5.346466334, -4.067527754, -0.195314081
318, 1763488773.6072588, -0.021226645, -0.722983996, 1.873789827, 0.028075298, -1.177430789, -0.018038511, 0.025926789, 0.146825355, -5.346361006, -4.068185107, -0.195203607
319, 1763488773.634033, -0.021347046, -0.724535167, 1.874253194, 0.028108676, -1.177220821, -0.018029451, 0.025975128, 0.146691154, -5.346707771, -4.068904921, -0.195192749
320, 1763488773.66186, -0.021290541, -0.726364076, 1.874072115, 0.028060118, -1.176831166, -0.018032471, 0.025997996, 0.146853575, -5.346411032, -4.069450656, -0.195267196
321, 1763488773.686317, -0.021182299, -0.727981627, 1.873518189, 0.028026660, -1.176414331, -0.018041611, 0.026056548, 0.146876987, -5.346333956, -4.070075165, -0.195317167
322, 1763488773.713089, -0.020889918, -0.729260027, 1.873486161, 0.028069258, -1.175963799, -0.018029451, 0.026069244, 0.146705737, -5.346764351, -4.070628205, -0.195387295
323, 1763488773.7383869, -0.020540555, -0.730004927, 1.873792489, 0.028032780, -1.175275882, -0.018029372, 0.026053985, 0.146896304, -5.346440557, -4.070874235, -0.195523165
324, 1763488773.7720761, -0.020715157, -0.730420351, 1.873797814, 0.028035720, -1.174694618, -0.018032471, 0.026064157, 0.146858205, -5.346374755, -4.071195256, -0.195311599
325, 1763488773.7945971, -0.020870129, -0.731238902, 1.873840451, 0.028035800, -1.174134493, -0.018026352, 0.026056508, 0.146686637, -5.346787497, -4.071512896, -0.195154860
326, 1763488773.8171892, -0.020811081, -0.731696188, 1.874090791, 0.028005362, -1.173964103, -0.018014193, 0.026046336, 0.146947109, -5.346345646, -4.071530691, -0.195232442
327, 1763488773.848308, -0.020860354, -0.731892904, 1.874082804, 0.028023640, -1.173930566, -0.017989874, 0.026059071, 0.146891783, -5.346444320, -4.071751399, -0.195211314
328, 1763488773.899325, -0.020663659, -0.732372204, 1.874197324, 0.027999322, -1.173878908, -0.017980735, 0.026048859, 0.147018971, -5.346460256, -4.071909359, -0.195481396
329, 1763488773.9233, -0.020697912, -0.732890904, 1.874237259, 0.027993202, -1.173842430, -0.017986854, 0.026053945, 0.147045473, -5.346487386, -4.072050224, -0.195543569
330, 1763488773.949297, -0.020540794, -0.733441492, 1.874303857, 0.027984142, -1.173824151, -0.017971595, 0.026051422, 0.147072524, -5.346695910, -4.072160161, -0.195696783
331, 1763488773.987394, -0.020437400, -0.734301945, 1.874700626, 0.027965943, -1.173811992, -0.017980735, 0.026059031, 0.147276154, -5.346427599, -4.072200529, -0.195705974
332, 1763488774.010127, -0.020444870, -0.734874785, 1.874927044, 0.027987162, -1.173808893, -0.017971595, 0.026046296, 0.147243331, -5.346757183, -4.072331123, -0.195568333
333, 1763488774.057861, -0.020324310, -0.735432843, 1.875211954, 0.027968963, -1.173824151, -0.017986854, 0.026048859, 0.147422726, -5.346535558, -4.072319831, -0.195508440
334, 1763488774.0957491, -0.020533323, -0.735776981, 1.875627398, 0.027975003, -1.173802773, -0.017983754, 0.026056468, 0.147484125, -5.346638237, -4.072367061, -0.195341279
335, 1763488774.120644, -0.020646334, -0.735794226, 1.875789841, 0.027984142, -1.173802773, -0.017968575, 0.026059071, 0.147553716, -5.346481076, -4.072338848, -0.195350081
336, 1763488774.153546, -0.020732562, -0.735811373, 1.875781854, 0.027975003, -1.173802694, -0.017974615, 0.026056508, 0.147493589, -5.346674884, -4.072401869, -0.195419668
337, 1763488774.187916, -0.020771901, -0.735865414, 1.875805855, 0.027965864, -1.173802773, -0.017971595, 0.026046336, 0.147552030, -5.346490905, -4.072375036, -0.195522572
338, 1763488774.2118669, -0.020705462, -0.735867898, 1.875805815, 0.027965864, -1.173811992, -0.017959356, 0.026048859, 0.147501047, -5.346670227, -4.072411658, -0.195562163
339, 1763488774.238229, -0.020634174, -0.735912244, 1.875835141, 0.027965864, -1.173796654, -0.017965555, 0.026051422, 0.147551582, -5.346573979, -4.072379399, -0.195529012
340, 1763488774.2697542, -0.020597061, -0.735941708, 1.875821829, 0.027962844, -1.173781395, -0.017968575, 0.026069283, 0.147571105, -5.346600062, -4.072375380, -0.195449157
341, 1763488774.297591, -0.020599524, -0.735985895, 1.875851075, 0.027981122, -1.173793554, -0.017968575, 0.026053985, 0.147581830, -5.346655966, -4.072376960, -0.195424653
342, 1763488774.322495, -0.020617008, -0.736037572, 1.875880440, 0.027965784, -1.173799674, -0.017950296, 0.026046296, 0.147632463, -5.346575732, -4.072355853, -0.195465586
343, 1763488774.35728, -0.020614545, -0.736128489, 1.875976245, 0.027968963, -1.173787514, -0.017968575, 0.026051422, 0.147611963, -5.346719201, -4.072379779, -0.195564657
344, 1763488774.388615, -0.020604531, -0.736290773, 1.876125455, 0.027968884, -1.173802773, -0.017959356, 0.026064157, 0.147660622, -5.346630802, -4.072358153, -0.195647447
345, 1763488774.4155352, -0.020597061, -0.736426016, 1.876245221, 0.027962844, -1.173784415, -0.017947197, 0.026046336, 0.147631774, -5.346753701, -4.072382323, -0.195637575
346, 1763488774.443043, -0.020501216, -0.736622651, 1.876426379, 0.027959744, -1.173793554, -0.017956416, 0.026061594, 0.147690680, -5.346658611, -4.072346000, -0.195583312
347, 1763488774.475463, -0.020452181, -0.736750444, 1.876530210, 0.027968884, -1.173799674, -0.017971675, 0.026051422, 0.147688758, -5.346737431, -4.072359097, -0.195508208
348, 1763488774.5033119, -0.020427624, -0.736816724, 1.876610120, 0.027968963, -1.173793634, -0.017959436, 0.026053945, 0.147720053, -5.346683273, -4.072345304, -0.195463744
349, 1763488774.5290282, -0.020452261, -0.736863494, 1.876663407, 0.027975003, -1.173790614, -0.017971675, 0.026051382, 0.147728385, -5.346701577, -4.072354779, -0.195452711
350, 1763488774.5569332, -0.020459572, -0.736912588, 1.876721938, 0.027971983, -1.173784494, -0.017962456, 0.026048859, 0.147726358, -5.346721824, -4.072360895, -0.195493911
351, 1763488774.587509, -0.020489057, -0.736961822, 1.876775225, 0.027962764, -1.173781474, -0.017965476, 0.026048899, 0.147743602, -5.346673265, -4.072356123, -0.195536817
352, 1763488774.610709, -0.020488898, -0.737003644, 1.876796524, 0.027965864, -1.173796574, -0.017977715, 0.026043773, 0.147727658, -5.346721159, -4.072370100, -0.195548525
353, 1763488774.6454122, -0.020479202, -0.737047891, 1.876825849, 0.027975003, -1.173799674, -0.017947197, 0.026048859, 0.147757492, -5.346674993, -4.072353509, -0.195524748
354, 1763488774.674371, -0.020457188, -0.737104475, 1.876876473, 0.027975082, -1.173793634, -0.017965476, 0.026059071, 0.147748539, -5.346727830, -4.072361477, -0.195507922
355, 1763488774.700713, -0.020447413, -0.737131496, 1.876924396, 0.027984142, -1.173784415, -0.017953316, 0.026053985, 0.147774408, -5.346691154, -4.072347547, -0.195501892
356, 1763488774.722698, -0.020437558, -0.737165829, 1.876959046, 0.027971903, -1.173808893, -0.017956336, 0.026056508, 0.147776585, -5.346734029, -4.072353283, -0.195508240
357, 1763488774.747458, -0.020430009, -0.737200340, 1.877001603, 0.027962764, -1.173787514, -0.017956336, 0.026051422, 0.147767241, -5.346750657, -4.072358759, -0.195533087
358, 1763488774.779893, -0.020417690, -0.737242043, 1.877049526, 0.027965864, -1.173784494, -0.017965476, 0.026048859, 0.147792177, -5.346728176, -4.072351096, -0.195609372
359, 1763488774.803158, -0.020395597, -0.737313430, 1.877113501, 0.027965943, -1.173802773, -0.017947197, 0.026053945, 0.147780136, -5.346770198, -4.072364069, -0.195642098
360, 1763488774.8304052, -0.020361344, -0.737359961, 1.877129396, 0.027971983, -1.173787435, -0.017953396, 0.026048859, 0.147797237, -5.346722325, -4.072356391, -0.195637171
361, 1763488774.858612, -0.020324389, -0.737382154, 1.877147992, 0.027968884, -1.173787514, -0.017956416, 0.026051382, 0.147805646, -5.346749957, -4.072356955, -0.195615254
362, 1763488774.882663, -0.020287593, -0.737411718, 1.877188047, 0.027984142, -1.173802773, -0.017941078, 0.026059031, 0.147806682, -5.346743659, -4.072355553, -0.195558787
363, 1763488774.908057, -0.020285130, -0.737416665, 1.877217293, 0.027971983, -1.173808893, -0.017950296, 0.026051422, 0.147823728, -5.346723960, -4.072348929, -0.195520748
364, 1763488774.931721, -0.020292521, -0.737436374, 1.877254605, 0.027968963, -1.173808893, -0.017950217, 0.026048859, 0.147820720, -5.346757528, -4.072357935, -0.195512493
365, 1763488774.961982, -0.020304759, -0.737438818, 1.877265175, 0.027962764, -1.173796733, -0.017962456, 0.026046336, 0.147823659, -5.346716735, -4.072356678, -0.195531585
366, 1763488774.985114, -0.020331939, -0.737465779, 1.877265175, 0.027965784, -1.173778454, -0.017938058, 0.026059031, 0.147825654, -5.346731800, -4.072363552, -0.195558416
367, 1763488775.007133, -0.020329475, -0.737470865, 1.877275904, 0.027968884, -1.173787514, -0.017956416, 0.026051422, 0.147824987, -5.346737394, -4.072366097, -0.195576883
368, 1763488775.033751, -0.020319462, -0.737475634, 1.877278566, 0.027965784, -1.173790534, -0.017950296, 0.026061594, 0.147840399, -5.346718478, -4.072358706, -0.195586871
369, 1763488775.072358, -0.020299832, -0.737485468, 1.877283891, 0.027968884, -1.173787514, -0.017953316, 0.026053945, 0.147836584, -5.346747766, -4.072361306, -0.195548425
370, 1763488775.096443, -0.020285130, -0.737497707, 1.877291958, 0.027959824, -1.173796574, -0.017947197, 0.026053985, 0.147849035, -5.346735129, -4.072352043, -0.195520212
371, 1763488775.1198552, -0.020275195, -0.737502654, 1.877307852, 0.027959744, -1.173784494, -0.017950296, 0.026061594, 0.147848633, -5.346766617, -4.072353043, -0.195524372
372, 1763488775.143967, -0.020277739, -0.737519900, 1.877334515, 0.027962764, -1.173790614, -0.017940998, 0.026053945, 0.147858976, -5.346769802, -4.072354075, -0.195541539
373, 1763488775.175977, -0.020285130, -0.737546821, 1.877342463, 0.027968884, -1.173784494, -0.017947197, 0.026048899, 0.147875520, -5.346772001, -4.072347993, -0.195580233
374, 1763488775.198103, -0.020294984, -0.737566710, 1.877358556, 0.027971903, -1.173790614, -0.017944177, 0.026043773, 0.147869388, -5.346795092, -4.072352407, -0.195630503
375, 1763488775.221083, -0.020275195, -0.737591167, 1.877369086, 0.027965784, -1.173793554, -0.017947197, 0.026048899, 0.147881891, -5.346781816, -4.072348818, -0.195630743
376, 1763488775.249501, -0.020253023, -0.737596035, 1.877379735, 0.027950684, -1.173790455, -0.017941078, 0.026048859, 0.147881200, -5.346805852, -4.072348500, -0.195633979
377, 1763488775.277149, -0.020196597, -0.737618168, 1.877406398, 0.027962844, -1.173802773, -0.017944177, 0.026051382, 0.147885052, -5.346794683, -4.072346149, -0.195626463
378, 1763488775.303304, -0.020137469, -0.737645308, 1.877432982, 0.027971983, -1.173802773, -0.017941078, 0.026051422, 0.147904390, -5.346791640, -4.072341894, -0.195594257
379, 1763488775.327907, -0.020125310, -0.737657527, 1.877465010, 0.027968884, -1.173787514, -0.017941157, 0.026038686, 0.147904938, -5.346800849, -4.072346100, -0.195570372
380, 1763488775.355469, -0.020139933, -0.737674852, 1.877486348, 0.027968884, -1.173790614, -0.017956336, 0.026048859, 0.147913673, -5.346787095, -4.072345081, -0.195564179
381, 1763488775.386492, -0.020154635, -0.737709085, 1.877504905, 0.027962764, -1.173796574, -0.017953316, 0.026059031, 0.147916949, -5.346793186, -4.072344040, -0.195591316
382, 1763488775.413758, -0.020154635, -0.737718940, 1.877507607, 0.027981122, -1.173793554, -0.017928839, 0.026059071, 0.147915402, -5.346782398, -4.072350007, -0.195621009
383, 1763488775.439358, -0.020149867, -0.737763226, 1.877547542, 0.027971983, -1.173793634, -0.017950217, 0.026048859, 0.147928528, -5.346790616, -4.072346821, -0.195633329
384, 1763488775.4676359, -0.020144939, -0.737770557, 1.877576868, 0.027968963, -1.173787514, -0.017944177, 0.026053945, 0.147918320, -5.346789177, -4.072344661, -0.195617710
385, 1763488775.496732, -0.020125230, -0.737778028, 1.877574205, 0.027968884, -1.173796654, -0.017950217, 0.026043773, 0.147927102, -5.346791866, -4.072341319, -0.195597534
386, 1763488775.523832, -0.020117998, -0.737792691, 1.877587517, 0.027971983, -1.173805793, -0.017941078, 0.026046336, 0.147932066, -5.346806244, -4.072342372, -0.195581379
387, 1763488775.563016, -0.020117998, -0.737802545, 1.877603491, 0.027968884, -1.173784415, -0.017947197, 0.026043812, 0.147943360, -5.346801643, -4.072341257, -0.195579072
388, 1763488775.59457, -0.020120382, -0.737822215, 1.877627412, 0.027965864, -1.173799674, -0.017941157, 0.026064197, 0.147949431, -5.346816624, -4.072342814, -0.195616518
389, 1763488775.6386392, -0.020130157, -0.737834513, 1.877627452, 0.027953704, -1.173787514, -0.017947197, 0.026048899, 0.147954964, -5.346810720, -4.072339852, -0.195629652
390, 1763488775.67776, -0.020115614, -0.737839441, 1.877643387, 0.027959744, -1.173799674, -0.017941078, 0.026048859, 0.147958365, -5.346808236, -4.072342639, -0.195614523
391, 1763488775.721437, -0.020112991, -0.737846812, 1.877659361, 0.027971983, -1.173802773, -0.017941078, 0.026059031, 0.147975330, -5.346811424, -4.072336372, -0.195575211
392, 1763488775.754067, -0.020120382, -0.737859170, 1.877667387, 0.027975003, -1.173790534, -0.017937978, 0.026056508, 0.147980485, -5.346800882, -4.072336565, -0.195569622
393, 1763488775.786258, -0.020117998, -0.737866561, 1.877664725, 0.027968884, -1.173793554, -0.017941078, 0.026059071, 0.147980232, -5.346815193, -4.072341532, -0.195602677
394, 1763488775.8116531, -0.020120382, -0.737866561, 1.877678076, 0.027968884, -1.173787594, -0.017947117, 0.026041249, 0.147988087, -5.346800818, -4.072343510, -0.195646996
395, 1763488775.846358, -0.020113150, -0.737888734, 1.877691428, 0.027965864, -1.173805873, -0.017953316, 0.026051422, 0.148000074, -5.346809844, -4.072341976, -0.195666676
396, 1763488775.941916, -0.020081043, -0.737913211, 1.877718012, 0.027962764, -1.173821131, -0.017938058, 0.026043812, 0.148003776, -5.346819082, -4.072339969, -0.195636175
397, 1763488775.974244, -0.020071268, -0.737918059, 1.877733946, 0.027968884, -1.173787514, -0.017928918, 0.026053945, 0.148013833, -5.346839863, -4.072338329, -0.195635763
398, 1763488776.004591, -0.020071268, -0.737925410, 1.877752662, 0.027975003, -1.173799753, -0.017935038, 0.026059031, 0.148025923, -5.346849905, -4.072341090, -0.195657040
399, 1763488776.029459, -0.020076116, -0.737937748, 1.877755245, 0.027956724, -1.173799674, -0.017934958, 0.026043773, 0.148031054, -5.346854413, -4.072339092, -0.195659615
400, 1763488776.057879, -0.020063877, -0.737952550, 1.877760569, 0.027971983, -1.173787514, -0.017947197, 0.026064157, 0.148034057, -5.346863427, -4.072344615, -0.195648993
401, 1763488776.080906, -0.020054022, -0.737962405, 1.877776583, 0.027962764, -1.173805793, -0.017934958, 0.026048859, 0.148049046, -5.346857512, -4.072338019, -0.195629213
402, 1763488776.1123571, -0.020031850, -0.737967332, 1.877779245, 0.027968963, -1.173811913, -0.017925819, 0.026053945, 0.148053789, -5.346866224, -4.072338014, -0.195607124
403, 1763488776.141898, -0.020029386, -0.737982074, 1.877789895, 0.027962844, -1.173802773, -0.017931859, 0.026056468, 0.148060039, -5.346859156, -4.072339658, -0.195614716
404, 1763488776.1699998, -0.020031850, -0.737991810, 1.877803246, 0.027971983, -1.173811913, -0.017931938, 0.026033600, 0.148070696, -5.346858362, -4.072340478, -0.195613823
405, 1763488776.1936169, -0.020041466, -0.737991810, 1.877813935, 0.027962844, -1.173808893, -0.017944098, 0.026036123, 0.148069791, -5.346860934, -4.072342018, -0.195603955
406, 1763488776.214346, -0.020051479, -0.738009214, 1.877816558, 0.027971983, -1.173796733, -0.017935038, 0.026053945, 0.148074873, -5.346853246, -4.072340472, -0.195629963
407, 1763488776.2409441, -0.020058950, -0.738013943, 1.877821843, 0.027956724, -1.173811913, -0.017922799, 0.026051382, 0.148085282, -5.346861662, -4.072343512, -0.195649220
408, 1763488776.263231, -0.020036618, -0.738026182, 1.877827128, 0.027981122, -1.173793634, -0.017916679, 0.026048859, 0.148091158, -5.346853752, -4.072342114, -0.195651254
409, 1763488776.285721, -0.020031770, -0.738036056, 1.877840559, 0.027968884, -1.173796654, -0.017922719, 0.026046336, 0.148092835, -5.346851570, -4.072340654, -0.195633499
410, 1763488776.3125372, -0.020031850, -0.738048395, 1.877853751, 0.027968963, -1.173790534, -0.017925819, 0.026053985, 0.148093933, -5.346863685, -4.072344452, -0.195610902
411, 1763488776.339865, -0.020036618, -0.738055766, 1.877853751, 0.027968963, -1.173805793, -0.017916679, 0.026048859, 0.148095574, -5.346854502, -4.072341152, -0.195615173
412, 1763488776.368583, -0.020034234, -0.738055766, 1.877861738, 0.027965864, -1.173802853, -0.017919699, 0.026048859, 0.148094281, -5.346854185, -4.072342317, -0.195623353
413, 1763488776.3988512, -0.020041466, -0.738050838, 1.877872467, 0.027959744, -1.173802773, -0.017913659, 0.026056508, 0.148092606, -5.346853414, -4.072345087, -0.195642707
414, 1763488776.428042, -0.020046552, -0.738050838, 1.877867103, 0.027965784, -1.173811913, -0.017935038, 0.026043773, 0.148092115, -5.346849880, -4.072342958, -0.195669617
415, 1763488776.458273, -0.020036697, -0.738063157, 1.877883077, 0.027965784, -1.173814933, -0.017922799, 0.026056508, 0.148089967, -5.346853536, -4.072348542, -0.195685880
416, 1763488776.480098, -0.020024459, -0.738058209, 1.877875169, 0.027965864, -1.173805793, -0.017925739, 0.026043812, 0.148078698, -5.346845123, -4.072346036, -0.195668864
417, 1763488776.510934, -0.020021995, -0.738060653, 1.877891024, 0.027962764, -1.173659801, -0.017913580, 0.028837581, 0.148074534, -5.346854981, -4.072349528, -0.195651943
418, 1763488776.536226, -0.020009756, -0.738040964, 1.878216028, 0.027962844, -1.174043179, -0.017910639, 0.064815720, 0.148085122, -5.346850825, -4.072349419, -0.195635329
419, 1763488776.5642219, -0.020019531, -0.738043467, 1.878309210, 0.027968963, -1.174064477, -0.017877102, 0.109541534, 0.148094902, -5.346854737, -4.072356498, -0.195626009
420, 1763488776.59084, -0.020034234, -0.738050858, 1.878096143, 0.027965864, -1.173842351, -0.017855803, 0.151084302, 0.148090952, -5.346840088, -4.072350227, -0.195644697
421, 1763488776.6192489, -0.020029386, -0.738077958, 1.878093481, 0.027956724, -1.173805793, -0.017840624, 0.216152770, 0.148083532, -5.346835419, -4.072346868, -0.195661682
422, 1763488776.6468322, -0.020031850, -0.738087813, 1.878077547, 0.027959744, -1.173866828, -0.017843644, 0.299899864, 0.148081235, -5.346839936, -4.072356646, -0.195651548
423, 1763488776.677269, -0.020029386, -0.738102575, 1.878021598, 0.027950684, -1.173830191, -0.017798026, 0.381369692, 0.148083576, -5.346845490, -4.072357661, -0.195639977
424, 1763488776.705174, -0.020026922, -0.738080422, 1.878050844, 0.027965864, -1.173748016, -0.017785867, 0.462035510, 0.148083189, -5.346848796, -4.072349970, -0.195629529
425, 1763488776.7341938, -0.020026922, -0.738085349, 1.878106833, 0.027965864, -1.173784574, -0.017819325, 0.577264722, 0.148087433, -5.346845795, -4.072352714, -0.195602332
426, 1763488776.7636511, -0.020029386, -0.738095184, 1.877978961, 0.027959744, -1.173918565, -0.017801126, 0.682995656, 0.148091322, -5.346854483, -4.072351585, -0.195599796
427, 1763488776.7899299, -0.020029386, -0.738124609, 1.877891064, 0.027953704, -1.173894246, -0.017791986, 0.788556035, 0.148081544, -5.346846242, -4.072346792, -0.195618550
428, 1763488776.825053, -0.020034313, -0.738186081, 1.877920389, 0.027947664, -1.173912366, -0.017801046, 0.870376943, 0.148072545, -5.346852019, -4.072347986, -0.195642025
429, 1763488776.855048, -0.020029386, -0.738193472, 1.877965649, 0.027953704, -1.173894087, -0.017804066, 0.934580358, 0.148075551, -5.346842907, -4.072357152, -0.195651273
430, 1763488776.891139, -0.020039082, -0.738191009, 1.878194769, 0.027947585, -1.173912366, -0.017779748, 0.966131210, 0.148083785, -5.346850035, -4.072356679, -0.195638659
431, 1763488776.9213471, -0.020029306, -0.738193472, 1.878253261, 0.027953704, -1.173878908, -0.017615477, 0.967701085, 0.148098480, -5.346845622, -4.072352602, -0.195617935
432, 1763488776.943646, -0.020029386, -0.738218069, 1.878192107, 0.027956724, -1.173866749, -0.017505884, 0.967678197, 0.148111077, -5.346844705, -4.072355955, -0.195637569
433, 1763488776.972831, -0.020029386, -0.738213122, 1.878136118, 0.027950684, -1.173869769, -0.017493645, 0.967678197, 0.148116738, -5.346843437, -4.072351630, -0.195639704
434, 1763488776.996186, -0.020029386, -0.738208195, 1.878165404, 0.027947585, -1.173878908, -0.017502864, 0.967690913, 0.148116770, -5.346851757, -4.072352177, -0.195645099
435, 1763488777.023563, -0.020031850, -0.738208195, 1.878152092, 0.027950684, -1.173881928, -0.017490625, 0.967683283, 0.148116863, -5.346856046, -4.072356032, -0.195654825
436, 1763488777.0490649, -0.020031770, -0.738213221, 1.878160079, 0.027947585, -1.173875809, -0.017502785, 0.967693456, 0.148112928, -5.346855282, -4.072363140, -0.195650773
437, 1763488777.074989, -0.020019531, -0.738205810, 1.878165364, 0.027947664, -1.173875809, -0.017490625, 0.967685827, 0.148111136, -5.346864283, -4.072360970, -0.195661059
438, 1763488777.101855, -0.020019531, -0.738208195, 1.878173470, 0.027950605, -1.173869769, -0.017481565, 0.967685827, 0.148109881, -5.346860966, -4.072360073, -0.195654952
439, 1763488777.136301, -0.020014604, -0.738222996, 1.878152092, 0.027938445, -1.173869689, -0.017490625, 0.967688370, 0.148122350, -5.346871920, -4.072356851, -0.195660198
440, 1763488777.1730251, -0.020000060, -0.738222996, 1.878165364, 0.027953704, -1.173878908, -0.017487605, 0.967678197, 0.148135977, -5.346878344, -4.072352666, -0.195691921
441, 1763488777.198564, -0.019985040, -0.738220533, 1.878157377, 0.027956724, -1.173863649, -0.017487605, 0.967693456, 0.148140600, -5.346885863, -4.072355922, -0.195698809
442, 1763488777.2272398, -0.019975265, -0.738228003, 1.878157377, 0.027953704, -1.173875888, -0.017487605, 0.967680740, 0.148145009, -5.346892632, -4.072353582, -0.195704879
443, 1763488777.2506292, -0.019968033, -0.738228003, 1.878170768, 0.027944485, -1.173863729, -0.017484585, 0.967680740, 0.148135101, -5.346883414, -4.072360701, -0.195709994
444, 1763488777.2804961, -0.019968033, -0.738225460, 1.878165404, 0.027956724, -1.173875809, -0.017481565, 0.967678197, 0.148124655, -5.346884184, -4.072361188, -0.195689877
445, 1763488777.307828, -0.019963106, -0.738228003, 1.878157377, 0.027944485, -1.173863649, -0.017472426, 0.967693456, 0.148123897, -5.346881993, -4.072357499, -0.195665750
446, 1763488777.333981, -0.019967874, -0.738225540, 1.878173391, 0.027947585, -1.173881928, -0.017472347, 0.967685827, 0.148127989, -5.346876925, -4.072358932, -0.195655167
447, 1763488777.363862, -0.019972801, -0.738228003, 1.878165404, 0.027953704, -1.173866749, -0.017463366, 0.967683283, 0.148139014, -5.346885867, -4.072355007, -0.195665672
448, 1763488777.389193, -0.019965490, -0.738225540, 1.878162702, 0.027935425, -1.173854589, -0.017472426, 0.967683283, 0.148146927, -5.346885733, -4.072358200, -0.195656293
449, 1763488777.424047, -0.019967953, -0.738222996, 1.878162702, 0.027959744, -1.173869769, -0.017460267, 0.967690913, 0.148142217, -5.346884104, -4.072360143, -0.195668067
450, 1763488777.454113, -0.019975185, -0.738225460, 1.878162702, 0.027947664, -1.173866669, -0.017469406, 0.967690913, 0.148138326, -5.346878867, -4.072365298, -0.195668007
451, 1763488777.479625, -0.019963026, -0.738225460, 1.878165364, 0.027953704, -1.173860629, -0.017475446, 0.967680740, 0.148136402, -5.346881955, -4.072364507, -0.195666331
452, 1763488777.505114, -0.019968033, -0.738222996, 1.878168066, 0.027938445, -1.173860629, -0.017451127, 0.967680740, 0.148130104, -5.346884538, -4.072364964, -0.195657362
453, 1763488777.529727, -0.019960642, -0.738220533, 1.878173391, 0.027950605, -1.173863649, -0.017478466, 0.967685827, 0.148137160, -5.346886883, -4.072364745, -0.195677277
454, 1763488777.555528, -0.019960642, -0.738210678, 1.878170768, 0.027947664, -1.173875888, -0.017463366, 0.967683283, 0.148136580, -5.346886427, -4.072362954, -0.195695129
455, 1763488777.5847208, -0.019950787, -0.738230368, 1.878162702, 0.027947585, -1.173866669, -0.017466386, 0.967685827, 0.148144982, -5.346891184, -4.072365689, -0.195728443
456, 1763488777.607033, -0.019940933, -0.738232831, 1.878160040, 0.027947585, -1.173872868, -0.017469406, 0.967680740, 0.148155038, -5.346896862, -4.072363205, -0.195738711
457, 1763488777.638774, -0.019918680, -0.738228003, 1.878170768, 0.027953704, -1.173888127, -0.017463287, 0.967695999, 0.148149047, -5.346904426, -4.072363849, -0.195737444
458, 1763488777.669015, -0.019891739, -0.738227904, 1.878160040, 0.027956724, -1.173863649, -0.017472426, 0.967683283, 0.148146123, -5.346907605, -4.072366206, -0.195724745
459, 1763488777.693939, -0.019889275, -0.738220433, 1.878173391, 0.027950684, -1.173872789, -0.017463366, 0.967683283, 0.148137949, -5.346910033, -4.072364725, -0.195704146
460, 1763488777.721626, -0.019881884, -0.738230368, 1.878162702, 0.027953704, -1.173878908, -0.017463366, 0.967683283, 0.148139570, -5.346913942, -4.072368872, -0.195694480
461, 1763488777.7450712, -0.019871950, -0.738230368, 1.878170768, 0.027953704, -1.173878908, -0.017454147, 0.967690913, 0.148142500, -5.346914188, -4.072367043, -0.195684695
462, 1763488777.7776299, -0.019871950, -0.738360703, 1.878279964, 0.027947585, -1.173890988, -0.017457167, 0.967685827, 0.148128957, -5.346918873, -4.072392264, -0.195678426
463, 1763488777.8010602, -0.019879341, -0.739388307, 1.879204075, 0.027953704, -1.173958063, -0.017457167, 0.967683283, 0.148120141, -5.346927451, -4.072499146, -0.195686832
464, 1763488777.828816, -0.019889434, -0.740659138, 1.880905827, 0.027947585, -1.174082836, -0.017448028, 0.967685827, 0.148133713, -5.346944901, -4.072537351, -0.195681269
465, 1763488777.856013, -0.019869486, -0.741866171, 1.883334557, 0.027944565, -1.175111532, -0.017445087, 0.967678197, 0.148120753, -5.346949480, -4.072524520, -0.195691158
466, 1763488777.8793821, -0.019864639, -0.743343592, 1.886304061, 0.027959744, -1.178803444, -0.017429829, 0.967683283, 0.148102525, -5.346940486, -4.072524521, -0.195682437
467, 1763488777.904673, -0.019852479, -0.745769978, 1.890708923, 0.027953625, -1.182675044, -0.017445008, 0.967680740, 0.148156930, -5.346973090, -4.072532298, -0.195692168
468, 1763488777.931458, -0.019835234, -0.748864849, 1.896818121, 0.027950684, -1.185532888, -0.017420610, 0.967685827, 0.148207713, -5.346991048, -4.072511609, -0.195721530
469, 1763488777.962549, -0.019832691, -0.752131999, 1.904464126, 0.027944485, -1.190010071, -0.017435948, 0.967688370, 0.148251330, -5.347002623, -4.072466366, -0.195748230
470, 1763488777.987435, -0.019813061, -0.756379902, 1.913838426, 0.027941465, -1.194456816, -0.017423709, 0.967683283, 0.148323096, -5.347022452, -4.072464321, -0.195772373
471, 1763488778.009432, -0.019795815, -0.759642104, 1.921457728, 0.027947585, -1.199223121, -0.017429829, 0.967678197, 0.148368115, -5.347035429, -4.072475115, -0.195796987
472, 1763488778.048964, -0.019798358, -0.764295737, 1.933157047, 0.027944485, -1.206244548, -0.017423709, 0.967680740, 0.148433783, -5.347047960, -4.072431820, -0.195773341
473, 1763488778.07734, -0.019778649, -0.768255989, 1.942643205, 0.027947585, -1.210813125, -0.017432849, 0.967675654, 0.148475010, -5.347039330, -4.072415100, -0.195743276
474, 1763488778.1028638, -0.019756476, -0.771796048, 1.950773795, 0.027947664, -1.215049823, -0.017414649, 0.967678197, 0.148543368, -5.347049228, -4.072414930, -0.195727599
475, 1763488778.125531, -0.019744317, -0.775254806, 1.958781958, 0.027941465, -1.219140371, -0.017414570, 0.967673111, 0.148597535, -5.347050382, -4.072409743, -0.195715359
476, 1763488778.1519449, -0.019729535, -0.778234323, 1.965956450, 0.027941465, -1.223054488, -0.017423789, 0.967660370, 0.148644930, -5.347052180, -4.072388525, -0.195696839
477, 1763488778.178412, -0.019697428, -0.782108506, 1.975139062, 0.027941545, -1.228788694, -0.017405510, 0.967670568, 0.148727463, -5.347071124, -4.072362126, -0.195681041
478, 1763488778.20187, -0.019672871, -0.785525560, 1.983061989, 0.027941465, -1.234227737, -0.017399391, 0.967685827, 0.148804412, -5.347082394, -4.072349973, -0.195678360
479, 1763488778.223901, -0.019650698, -0.788391987, 1.989632050, 0.027932326, -1.237876972, -0.017378092, 0.967675654, 0.148882117, -5.347110513, -4.072339379, -0.195651721
480, 1763488778.250338, -0.019618829, -0.791695972, 1.997467041, 0.027947585, -1.242412090, -0.017399391, 0.967670542, 0.148981970, -5.347140678, -4.072322857, -0.195630638
481, 1763488778.278134, -0.019611438, -0.794945776, 2.005464474, 0.027947585, -1.246466160, -0.017378012, 0.967693456, 0.149083941, -5.347168078, -4.072314008, -0.195634765
482, 1763488778.305842, -0.019616445, -0.796816587, 2.010521809, 0.027932326, -1.246718645, -0.017359654, 0.967683283, 0.149179485, -5.347203173, -4.072295870, -0.195671263
483, 1763488778.327863, -0.019601504, -0.797074715, 2.011725585, 0.027926286, -1.246417443, -0.017362754, 0.967678197, 0.149192711, -5.347205622, -4.072294744, -0.195700339
484, 1763488778.353366, -0.019601504, -0.796905120, 2.011320750, 0.027923266, -1.246155500, -0.017356714, 0.967673111, 0.149212556, -5.347219804, -4.072322939, -0.195742915
485, 1763488778.387583, -0.019581954, -0.796703478, 2.010649681, 0.027923187, -1.245878617, -0.017332315, 0.967673111, 0.149285085, -5.347246679, -4.072336874, -0.195806949
486, 1763488778.4175339, -0.019555092, -0.796683788, 2.010561784, 0.027910948, -1.245866378, -0.017341375, 0.967668025, 0.149314160, -5.347243991, -4.072315980, -0.195837954
487, 1763488778.45064, -0.019513130, -0.796789567, 2.010676225, 0.027911027, -1.245863358, -0.017332315, 0.967673111, 0.149382687, -5.347264935, -4.072309468, -0.195861377
488, 1763488778.477654, -0.019495885, -0.796801885, 2.010585785, 0.027920167, -1.245842218, -0.017320156, 0.967668025, 0.149435014, -5.347257687, -4.072320100, -0.195851320
489, 1763488778.5061219, -0.019493421, -0.796720723, 2.010628382, 0.027932326, -1.245820761, -0.017314037, 0.967665482, 0.149460387, -5.347278368, -4.072315242, -0.195813743
490, 1763488778.531112, -0.019500891, -0.796730578, 2.010830720, 0.027911027, -1.245820761, -0.017314037, 0.967668025, 0.149468708, -5.347275191, -4.072309440, -0.195778995
491, 1763488778.55489, -0.019510746, -0.796755215, 2.010822694, 0.027914047, -1.245814562, -0.017289797, 0.967673111, 0.149481856, -5.347276525, -4.072309166, -0.195755954
492, 1763488778.5823739, -0.019515673, -0.796752731, 2.010617733, 0.027914127, -1.245836020, -0.017277559, 0.967668025, 0.149490785, -5.347275974, -4.072318308, -0.195733586
493, 1763488778.6043708, -0.019520601, -0.796765010, 2.010537942, 0.027911027, -1.245820761, -0.017225822, 0.967670568, 0.149504445, -5.347264111, -4.072316153, -0.195721668
494, 1763488778.6341498, -0.019537608, -0.796769857, 2.010607084, 0.027917147, -1.245833000, -0.017204523, 0.967680740, 0.149514213, -5.347276755, -4.072313943, -0.195698089
495, 1763488778.662996, -0.019537608, -0.796772242, 2.010716279, 0.027926286, -1.245820761, -0.017161926, 0.967675654, 0.149527682, -5.347278648, -4.072319393, -0.195692067
496, 1763488778.68699, -0.019544999, -0.796742876, 2.010702928, 0.027914047, -1.245811542, -0.017119408, 0.967675654, 0.149552283, -5.347290124, -4.072316555, -0.195696347
497, 1763488778.71555, -0.019547542, -0.796737969, 2.010689576, 0.027917147, -1.245829821, -0.017082771, 0.967670568, 0.149554669, -5.347301561, -4.072320141, -0.195712038
498, 1763488778.7398632, -0.019550006, -0.796740413, 2.010700385, 0.027923266, -1.245820761, -0.017049233, 0.967670568, 0.149575792, -5.347305641, -4.072310095, -0.195727566
499, 1763488778.769752, -0.019552549, -0.796730578, 2.010670900, 0.027917067, -1.245829980, -0.017018795, 0.967673111, 0.149576725, -5.347328424, -4.072310345, -0.195729508
500, 1763488778.795362, -0.019562403, -0.796700994, 2.010625680, 0.027914047, -1.245826801, -0.017024914, 0.967680740, 0.149578204, -5.347334549, -4.072312552, -0.195742713
501, 1763488778.818273, -0.019560019, -0.796651920, 2.010646979, 0.027914127, -1.245826960, -0.016994476, 0.967673111, 0.149593268, -5.347349091, -4.072308100, -0.195746933
502, 1763488778.844702, -0.019567331, -0.796612561, 2.010668437, 0.027917147, -1.245829980, -0.016988436, 0.967673111, 0.149592117, -5.347352600, -4.072311222, -0.195766687
503, 1763488778.8742568, -0.019569635, -0.796462615, 2.010628382, 0.027908007, -1.245832841, -0.016964038, 0.967678197, 0.149605631, -5.347354022, -4.072309968, -0.195758752
504, 1763488778.8992589, -0.019577026, -0.796118478, 2.010460615, 0.027907928, -1.245869557, -0.016976198, 0.967673111, 0.149596078, -5.347357915, -4.072309290, -0.195751244
505, 1763488778.9382389, -0.019564867, -0.795710325, 2.010258198, 0.027911027, -1.245857318, -0.016957998, 0.967668025, 0.149596396, -5.347339825, -4.072314621, -0.195732700
506, 1763488778.973243, -0.019569635, -0.794653197, 2.009669622, 0.027911027, -1.245936394, -0.016942819, 0.967673111, 0.149612267, -5.347346580, -4.072324345, -0.195713738
507, 1763488778.998365, -0.019564867, -0.793475588, 2.008993228, 0.027917067, -1.246112982, -0.016918421, 0.967675654, 0.149612183, -5.347318572, -4.072320130, -0.195708233
508, 1763488779.021322, -0.019557556, -0.792462866, 2.008449872, 0.027920167, -1.246295452, -0.016888062, 0.967665482, 0.149616367, -5.347319555, -4.072327006, -0.195701678
509, 1763488779.050634, -0.019552469, -0.791214148, 2.008013169, 0.027920167, -1.248885791, -0.016811927, 0.967668025, 0.149620176, -5.347327612, -4.072344936, -0.195689954
510, 1763488779.077037, -0.019569715, -0.789601386, 2.007421970, 0.027917147, -1.251545906, -0.016793648, 0.967673111, 0.149623719, -5.347346377, -4.072344204, -0.195687246
511, 1763488779.103171, -0.019574563, -0.787922442, 2.006670952, 0.027901888, -1.251618862, -0.016772270, 0.967683283, 0.149601372, -5.347355116, -4.072332771, -0.195694010
512, 1763488779.124733, -0.019574563, -0.786014855, 2.005978505, 0.027914047, -1.251603524, -0.016738812, 0.967678197, 0.149604805, -5.347351682, -4.072339924, -0.195711607
513, 1763488779.1458292, -0.019579490, -0.784581582, 2.005602996, 0.027914047, -1.251597484, -0.016732693, 0.967670568, 0.149620555, -5.347373557, -4.072371294, -0.195722481
514, 1763488779.185889, -0.019586881, -0.781049053, 2.004516284, 0.027904908, -1.252717574, -0.016656717, 0.967662913, 0.149602513, -5.347385613, -4.072386998, -0.195714963
515, 1763488779.211206, -0.019599199, -0.777273099, 2.003352722, 0.027904908, -1.258259932, -0.016595840, 0.967675654, 0.149571426, -5.347390257, -4.072376357, -0.195718802
516, 1763488779.239294, -0.019618909, -0.773811698, 2.002218088, 0.027901888, -1.262457053, -0.016544183, 0.967673111, 0.149566255, -5.347404181, -4.072416848, -0.195710167
517, 1763488779.283699, -0.019628763, -0.768406053, 1.999890447, 0.027898868, -1.265369972, -0.016528845, 0.967675654, 0.149543322, -5.347413315, -4.072481943, -0.195712300
518, 1763488779.31649, -0.019631227, -0.763051808, 1.997464379, 0.027898868, -1.268666267, -0.016501427, 0.967675654, 0.149502023, -5.347420822, -4.072525382, -0.195708721
519, 1763488779.341687, -0.019621372, -0.759364446, 1.995629430, 0.027907928, -1.269171317, -0.016498407, 0.967678197, 0.149475829, -5.347426910, -4.072596732, -0.195724853
520, 1763488779.3758678, -0.019616445, -0.756207943, 1.994023561, 0.027904908, -1.269247452, -0.016486168, 0.967673111, 0.149445568, -5.347440143, -4.072677786, -0.195749612
521, 1763488779.405941, -0.019626220, -0.751856685, 1.992127379, 0.027901888, -1.270714521, -0.016464949, 0.967660370, 0.149397554, -5.347423846, -4.072784198, -0.195743295
522, 1763488779.433686, -0.019648234, -0.748737057, 1.990835746, 0.027904987, -1.274823427, -0.016443650, 0.967668025, 0.149338388, -5.347409953, -4.072933723, -0.195717345
523, 1763488779.473115, -0.019697428, -0.744789044, 1.989102046, 0.027914047, -1.278113445, -0.016446590, 0.967680740, 0.149245604, -5.347446007, -4.073342313, -0.195668297
524, 1763488779.508071, -0.019739230, -0.740941823, 1.987413565, 0.027892749, -1.278083007, -0.016419252, 0.967670568, 0.149215638, -5.347360474, -4.073977196, -0.195605441
525, 1763488779.5344372, -0.019729455, -0.738422076, 1.986335039, 0.027892828, -1.278125683, -0.016413132, 0.967675654, 0.149130944, -5.347400415, -4.074530856, -0.195594834
526, 1763488779.57043, -0.019741853, -0.735781908, 1.985384266, 0.027898788, -1.278253555, -0.016407092, 0.967670568, 0.149085956, -5.347415190, -4.075212297, -0.195629940
527, 1763488779.5974889, -0.019771338, -0.732477883, 1.984281739, 0.027892828, -1.278932254, -0.016385714, 0.967665482, 0.149095059, -5.347330681, -4.076008881, -0.195677173
528, 1763488779.624608, -0.019771258, -0.730228583, 1.983533382, 0.027904908, -1.282928467, -0.016379674, 0.967678197, 0.149044196, -5.347419930, -4.076623821, -0.195701122
529, 1763488779.649317, -0.019712130, -0.728276710, 1.982675831, 0.027880589, -1.286212603, -0.016367515, 0.967673111, 0.149099331, -5.347316499, -4.077173909, -0.195709874
530, 1763488779.676634, -0.019734462, -0.726160049, 1.981429458, 0.027895768, -1.287283897, -0.016352336, 0.967678197, 0.149082558, -5.347339677, -4.077782390, -0.195707155
531, 1763488779.716537, -0.019695123, -0.723200281, 1.979986072, 0.027877490, -1.287277778, -0.016328017, 0.967673111, 0.149139786, -5.347349908, -4.078448814, -0.195728841
532, 1763488779.740314, -0.019650857, -0.720515807, 1.978795568, 0.027871370, -1.287329594, -0.016303698, 0.967678197, 0.149214015, -5.347249443, -4.078898649, -0.195759724
533, 1763488779.7761421, -0.019751549, -0.717673977, 1.977607846, 0.027889729, -1.287360112, -0.016291539, 0.967673111, 0.149215372, -5.347429435, -4.079452436, -0.195711883
534, 1763488779.7989051, -0.019719680, -0.715151866, 1.976721009, 0.027862151, -1.287460407, -0.016270161, 0.967665482, 0.149381393, -5.347311389, -4.079891382, -0.195713833
535, 1763488779.822081, -0.019685268, -0.713443279, 1.976089835, 0.027862151, -1.289663951, -0.016227563, 0.967665482, 0.149435308, -5.347259291, -4.080234027, -0.195674937
536, 1763488779.847154, -0.019726992, -0.711941302, 1.975517273, 0.027892749, -1.294698238, -0.016224464, 0.967673086, 0.149403276, -5.347512641, -4.080637411, -0.195666612
537, 1763488779.884164, -0.019727071, -0.710623662, 1.974699656, 0.027847052, -1.296119610, -0.016175747, 0.967673086, 0.149524925, -5.347306261, -4.080905946, -0.195652325
538, 1763488779.911602, -0.019756397, -0.707776845, 1.972816825, 0.027862231, -1.296186606, -0.016151349, 0.967673111, 0.149561745, -5.347332840, -4.081327515, -0.195600389
539, 1763488779.937005, -0.019815445, -0.705493093, 1.971599778, 0.027874470, -1.296235085, -0.016130209, 0.967665482, 0.149520388, -5.347546441, -4.081669506, -0.195555896
540, 1763488779.967493, -0.019842625, -0.703425626, 1.970715602, 0.027807395, -1.296350876, -0.016096671, 0.967652715, 0.149692083, -5.347216486, -4.081869595, -0.195497403
541, 1763488779.991075, -0.019859791, -0.701065759, 1.969676932, 0.027828773, -1.298785686, -0.016072273, 0.967667999, 0.149627332, -5.347388730, -4.082276523, -0.195423166
542, 1763488780.016642, -0.019896746, -0.699843884, 1.969360034, 0.027825673, -1.300721407, -0.016072273, 0.967678197, 0.149565881, -5.347584922, -4.082568564, -0.195407521
543, 1763488780.0419772, -0.019876877, -0.698809067, 1.968949914, 0.027743578, -1.300785383, -0.016023636, 0.967673111, 0.149779367, -5.347173612, -4.082674843, -0.195408438
544, 1763488780.072184, -0.019849936, -0.697572450, 1.968134999, 0.027767897, -1.300873677, -0.016005437, 0.967673111, 0.149674787, -5.347335783, -4.082954252, -0.195443524
545, 1763488780.098739, -0.019754092, -0.696628471, 1.967602332, 0.027774016, -1.300885836, -0.015984217, 0.967675654, 0.149618567, -5.347551122, -4.083265419, -0.195587740
546, 1763488780.121551, -0.020034393, -0.696798086, 1.968092362, 0.027694941, -1.300894896, -0.015859286, 0.967668025, 0.149830388, -5.347157063, -4.083407704, -0.195610802
547, 1763488780.1467361, -0.020555417, -0.697019319, 1.968196233, 0.027719259, -1.300925255, -0.015831868, 0.967668025, 0.149723506, -5.347370940, -4.083735042, -0.195493082
548, 1763488780.1906712, -0.020353953, -0.697297096, 1.967980504, 0.027685801, -1.300903956, -0.015810490, 0.967675654, 0.149822563, -5.347371973, -4.084054584, -0.195719675
549, 1763488780.214847, -0.020108064, -0.697392980, 1.967868646, 0.027688821, -1.300919294, -0.015698036, 0.967670568, 0.149914054, -5.347140866, -4.084247795, -0.195872286
550, 1763488780.241204, -0.020149867, -0.697582304, 1.967988491, 0.027716239, -1.300903956, -0.015685797, 0.967673111, 0.149752488, -5.347646879, -4.084547597, -0.195835880
551, 1763488780.2736409, -0.019931078, -0.697806021, 1.968316078, 0.027646224, -1.300885836, -0.015676657, 0.967670568, 0.149942035, -5.347377746, -4.084611784, -0.195905513
552, 1763488780.300863, -0.020063877, -0.697992881, 1.968385339, 0.027655363, -1.300891876, -0.015624841, 0.967670568, 0.150009303, -5.347237398, -4.084736159, -0.195740027
553, 1763488780.33133, -0.020034313, -0.698346734, 1.968433261, 0.027652343, -1.300888856, -0.015618801, 0.967670568, 0.149878566, -5.347687288, -4.084975471, -0.195671952
554, 1763488780.358424, -0.019963026, -0.698880235, 1.968723496, 0.027621905, -1.300891876, -0.015603463, 0.967668025, 0.150127732, -5.347289635, -4.084941908, -0.195660723
555, 1763488780.3899488, -0.020169497, -0.699266275, 1.969011148, 0.027634144, -1.300888856, -0.015560945, 0.967673111, 0.150067641, -5.347559997, -4.085068280, -0.195562042
556, 1763488780.414311, -0.020041704, -0.699779987, 1.969405333, 0.027609666, -1.300885836, -0.015548865, 0.967668025, 0.150160776, -5.347504142, -4.085080835, -0.195689423
557, 1763488780.4409559, -0.020083427, -0.700153669, 1.969620983, 0.027618806, -1.300903956, -0.015527487, 0.967670568, 0.150246984, -5.347463659, -4.085100195, -0.195735554
558, 1763488780.468522, -0.020017147, -0.700291375, 1.969698270, 0.027603626, -1.300897916, -0.015527487, 0.967665482, 0.150227278, -5.347614980, -4.085151241, -0.195812911
559, 1763488780.499511, -0.019965490, -0.700402021, 1.969802101, 0.027615786, -1.300906976, -0.015521447, 0.967675654, 0.150339506, -5.347454121, -4.085117681, -0.195810518
560, 1763488780.523582, -0.019970417, -0.700485547, 1.969852686, 0.027615786, -1.300900936, -0.015500069, 0.967673111, 0.150280616, -5.347651848, -4.085194113, -0.195742231
561, 1763488780.548307, -0.019926071, -0.700512568, 1.969943206, 0.027612686, -1.300894896, -0.015494029, 0.967668025, 0.150351377, -5.347546888, -4.085165085, -0.195721092
562, 1763488780.5776021, -0.019985120, -0.700546940, 1.970028520, 0.027612686, -1.300897916, -0.015493949, 0.967675654, 0.150356770, -5.347570043, -4.085186613, -0.195683965
563, 1763488780.606533, -0.020036777, -0.700682243, 1.970089753, 0.027603626, -1.300900936, -0.015469710, 0.967670568, 0.150350159, -5.347613876, -4.085210447, -0.195677750
564, 1763488780.631608, -0.020066341, -0.700738748, 1.970089753, 0.027603547, -1.300907056, -0.015457551, 0.967678197, 0.150416739, -5.347493371, -4.085182292, -0.195706795
565, 1763488780.658132, -0.020039161, -0.700775623, 1.970095078, 0.027615706, -1.300897916, -0.015433232, 0.967673111, 0.150361571, -5.347642751, -4.085231505, -0.195764530
566, 1763488780.683743, -0.020036697, -0.700812558, 1.970068455, 0.027597507, -1.300837040, -0.015420993, 0.967673111, 0.150426866, -5.347536058, -4.085196490, -0.195759312
567, 1763488780.715829, -0.020049016, -0.700655222, 1.969208241, 0.027606646, -1.300627152, -0.015414953, 0.967665482, 0.150396787, -5.347606411, -4.085227502, -0.195740417
568, 1763488780.7367969, -0.020036618, -0.700542112, 1.968158921, 0.027606567, -1.300195058, -0.015408834, 0.967678197, 0.150414817, -5.347599928, -4.085228048, -0.195722037
569, 1763488780.761028, -0.020029386, -0.700441281, 1.967003147, 0.027603626, -1.299510161, -0.015393655, 0.967670568, 0.150456233, -5.347531688, -4.085203420, -0.195724124
570, 1763488780.788042, -0.020066341, -0.700038115, 1.964635571, 0.027591308, -1.297902981, -0.015396674, 0.967680740, 0.150408507, -5.347647012, -4.085234412, -0.195758379
571, 1763488780.825253, -0.020076195, -0.698993365, 1.960414489, 0.027588367, -1.295032819, -0.015366157, 0.967673111, 0.150449790, -5.347545711, -4.085213023, -0.195794618
572, 1763488780.863708, -0.020095666, -0.696299076, 1.951966882, 0.027585268, -1.292744239, -0.015314420, 0.967685827, 0.150409938, -5.347615265, -4.085238563, -0.195830087
573, 1763488780.895512, -0.020110528, -0.694189827, 1.945279757, 0.027579149, -1.287983974, -0.015302181, 0.967673111, 0.150444744, -5.347584381, -4.085233427, -0.195808886
574, 1763488780.924109, -0.020127694, -0.691613595, 1.937966665, 0.027585347, -1.281939268, -0.015283982, 0.967678197, 0.150403161, -5.347677487, -4.085254557, -0.195784672
575, 1763488780.946816, -0.020135005, -0.688963612, 1.930773457, 0.027588367, -1.275873343, -0.015259584, 0.967668025, 0.150428781, -5.347608132, -4.085245395, -0.195767629
576, 1763488780.9762938, -0.020191590, -0.686119119, 1.923681498, 0.027576129, -1.270936807, -0.015241464, 0.967675654, 0.150384448, -5.347638942, -4.085276362, -0.195766826
577, 1763488781.003283, -0.020226240, -0.682812850, 1.915497621, 0.027579149, -1.266027292, -0.015208006, 0.967673111, 0.150353301, -5.347613085, -4.085304421, -0.195784359
578, 1763488781.032074, -0.020248175, -0.679616988, 1.907670538, 0.027576129, -1.261906226, -0.015220086, 0.967678197, 0.150307418, -5.347575969, -4.085323906, -0.195803842
579, 1763488781.063404, -0.020270189, -0.675592740, 1.897566517, 0.027576129, -1.256932974, -0.015201807, 0.967675629, 0.150213231, -5.347604367, -4.085366728, -0.195818975
580, 1763488781.0932312, -0.020290057, -0.671595653, 1.887491783, 0.027573109, -1.249996583, -0.015201886, 0.967678197, 0.150190731, -5.347545724, -4.085380646, -0.195797171
581, 1763488781.119551, -0.020297368, -0.667785227, 1.877837857, 0.027576129, -1.242670536, -0.015214046, 0.967662913, 0.150135690, -5.347574302, -4.085405135, -0.195778464
582, 1763488781.1423922, -0.020304680, -0.665012260, 1.871017416, 0.027579228, -1.238290866, -0.015214125, 0.967680740, 0.150125241, -5.347533235, -4.085403510, -0.195754558
583, 1763488781.171417, -0.020319462, -0.661427975, 1.862154484, 0.027582248, -1.233293136, -0.015198787, 0.967667999, 0.150083717, -5.347535213, -4.085422344, -0.195730098
584, 1763488781.20019, -0.020368497, -0.657529195, 1.852319400, 0.027579149, -1.228935003, -0.015192747, 0.967680740, 0.150038100, -5.347541174, -4.085449278, -0.195703091
585, 1763488781.2258382, -0.020437558, -0.654099743, 1.843762676, 0.027570089, -1.223739306, -0.015195767, 0.967667999, 0.149995715, -5.347504663, -4.085457484, -0.195710505
586, 1763488781.261446, -0.020511150, -0.650117397, 1.833884994, 0.027567069, -1.216900428, -0.015207926, 0.967667999, 0.149900244, -5.347494612, -4.085492407, -0.195728483
587, 1763488781.282929, -0.020572662, -0.646068573, 1.823895454, 0.027557850, -1.209388733, -0.015195767, 0.967665456, 0.149813721, -5.347471113, -4.085521910, -0.195782738
588, 1763488781.3165262, -0.020599683, -0.642336925, 1.815093756, 0.027573109, -1.204025825, -0.015204906, 0.967668025, 0.149707506, -5.347473164, -4.085563108, -0.195789334
589, 1763488781.3428931, -0.020616929, -0.637843112, 1.804494341, 0.027573109, -1.198836565, -0.015195767, 0.967670568, 0.149597950, -5.347434668, -4.085588668, -0.195800072
590, 1763488781.373753, -0.020636559, -0.634003162, 1.795458277, 0.027570089, -1.194688082, -0.015186628, 0.967680740, 0.149486792, -5.347425653, -4.085608204, -0.195779344
591, 1763488781.405258, -0.020680745, -0.628609737, 1.782467365, 0.027564049, -1.186287721, -0.015198787, 0.967673086, 0.149355711, -5.347387212, -4.085635749, -0.195774782
592, 1763488781.43819, -0.020725091, -0.624317408, 1.772176862, 0.027570089, -1.178912958, -0.015183608, 0.967655284, 0.149246141, -5.347358322, -4.085661874, -0.195783070
593, 1763488781.467513, -0.020747185, -0.619789362, 1.761596123, 0.027557850, -1.172649304, -0.015217066, 0.967680740, 0.149143907, -5.347318912, -4.085700863, -0.195827345
594, 1763488781.493182, -0.020744721, -0.616047780, 1.752839724, 0.027579149, -1.168269555, -0.015198787, 0.967665482, 0.149057153, -5.347279212, -4.085734923, -0.195849480
595, 1763488781.523632, -0.020752033, -0.611276229, 1.742067218, 0.027551730, -1.163369338, -0.015207926, 0.967680740, 0.148924126, -5.347259309, -4.085767345, -0.195876503
596, 1763488781.544805, -0.020754496, -0.607293765, 1.732924581, 0.027557850, -1.157900016, -0.015204906, 0.967665482, 0.148826210, -5.347222163, -4.085758916, -0.195883066
597, 1763488781.5718, -0.020756960, -0.603208145, 1.723776619, 0.027560949, -1.151669661, -0.015192747, 0.967670568, 0.148716073, -5.347190085, -4.085733659, -0.195861583
598, 1763488781.594746, -0.020771742, -0.598908663, 1.714551489, 0.027557850, -1.145530621, -0.015204906, 0.967670568, 0.148601226, -5.347187683, -4.085689904, -0.195814041
599, 1763488781.617464, -0.020764510, -0.594449202, 1.705605904, 0.027573109, -1.141150872, -0.015217145, 0.967668025, 0.148491171, -5.347166188, -4.085613311, -0.195796490
600, 1763488781.6431239, -0.020798842, -0.590351184, 1.697485884, 0.027551730, -1.137382825, -0.015201807, 0.967673086, 0.148401888, -5.347098616, -4.085547005, -0.195731916
601, 1763488781.67078, -0.020872593, -0.585068226, 1.686577559, 0.027567069, -1.132616679, -0.015207926, 0.967675654, 0.148262128, -5.347133624, -4.085514148, -0.195658706
602, 1763488781.702006, -0.020872752, -0.580633402, 1.677442908, 0.027557850, -1.127098560, -0.015186548, 0.967673111, 0.148174610, -5.347100597, -4.085437019, -0.195682831
603, 1763488781.727138, -0.020958662, -0.575058063, 1.666334867, 0.027545770, -1.119763374, -0.015207926, 0.967678197, 0.148042602, -5.347012903, -4.085327227, -0.195659465
604, 1763488781.7537549, -0.020985762, -0.569996436, 1.656734188, 0.027563969, -1.113834540, -0.015201886, 0.967662913, 0.147886321, -5.347051702, -4.085196738, -0.195709415
605, 1763488781.77931, -0.020965974, -0.563983361, 1.646028241, 0.027560949, -1.108773073, -0.015204906, 0.967670568, 0.147757604, -5.346902849, -4.084941987, -0.195775974
606, 1763488781.805001, -0.021002928, -0.557700078, 1.635500828, 0.027533611, -1.105376244, -0.015214046, 0.967668025, 0.147527603, -5.346900499, -4.084678977, -0.195772588
607, 1763488781.834676, -0.020985842, -0.550870816, 1.624499321, 0.027545691, -1.100558201, -0.015201886, 0.967668025, 0.147287449, -5.346920416, -4.084315762, -0.195781757
608, 1763488781.862558, -0.020943960, -0.542920669, 1.612107635, 0.027527491, -1.094754140, -0.015211026, 0.967668025, 0.147075577, -5.346675493, -4.083801665, -0.195754125
609, 1763488781.8877928, -0.021007697, -0.535862843, 1.601132671, 0.027548790, -1.088481108, -0.015198787, 0.967673111, 0.146791974, -5.346749838, -4.083365768, -0.195682167
610, 1763488781.916196, -0.020970901, -0.528025786, 1.589646498, 0.027551730, -1.082710425, -0.015204827, 0.967665482, 0.146539061, -5.346693660, -4.082802583, -0.195697264
611, 1763488781.941899, -0.021066825, -0.519242207, 1.577443957, 0.027527491, -1.078455687, -0.015220086, 0.967675654, 0.146297390, -5.346507186, -4.082155128, -0.195672066
612, 1763488781.973987, -0.021111012, -0.510134300, 1.564674020, 0.027542671, -1.073859692, -0.015220086, 0.967668025, 0.145992871, -5.346565115, -4.081502596, -0.195691279
613, 1763488781.9983912, -0.021059434, -0.500964801, 1.551917473, 0.027527491, -1.070137501, -0.015201807, 0.967675654, 0.145764191, -5.346453678, -4.080783679, -0.195789129
614, 1763488782.0265012, -0.021133264, -0.492454131, 1.539986531, 0.027518352, -1.064966281, -0.015214046, 0.967673111, 0.145574793, -5.346344659, -4.080124801, -0.195759101
615, 1763488782.0577228, -0.021256049, -0.482266972, 1.525919716, 0.027539651, -1.058404287, -0.015207926, 0.967673111, 0.145275294, -5.346460373, -4.079450978, -0.195705618
616, 1763488782.080949, -0.021224181, -0.473488311, 1.513671835, 0.027521451, -1.052596966, -0.015214046, 0.967673111, 0.145107520, -5.346456588, -4.078875712, -0.195704101
617, 1763488782.108296, -0.021258513, -0.464800666, 1.501642386, 0.027527491, -1.048016389, -0.015214046, 0.967675654, 0.144972604, -5.346397804, -4.078337144, -0.195665868
618, 1763488782.13312, -0.021224101, -0.456331968, 1.489940405, 0.027521372, -1.044071833, -0.015204906, 0.967670568, 0.144832051, -5.346374297, -4.077856742, -0.195697955
619, 1763488782.153996, -0.021194617, -0.448479960, 1.479122678, 0.027518272, -1.040632486, -0.015210946, 0.967665456, 0.144708733, -5.346394891, -4.077459446, -0.195707309
620, 1763488782.188937, -0.021209319, -0.439485073, 1.466507276, 0.027509212, -1.034968456, -0.015211026, 0.967680740, 0.144605178, -5.346398300, -4.077019833, -0.195715192
621, 1763488782.21205, -0.021292925, -0.429619948, 1.452251355, 0.027515332, -1.028038104, -0.015226205, 0.967660370, 0.144496337, -5.346389494, -4.076514987, -0.195668539
622, 1763488782.242199, -0.021315018, -0.421723843, 1.441068729, 0.027521372, -1.022328377, -0.015223185, 0.967665482, 0.144399305, -5.346413028, -4.076118384, -0.195657607
623, 1763488782.276187, -0.021293004, -0.408353090, 1.422554493, 0.027515252, -1.014828841, -0.015226126, 0.967668025, 0.144263363, -5.346424543, -4.075480100, -0.195637160
624, 1763488782.3020532, -0.021300395, -0.399277121, 1.409997662, 0.027515332, -1.010315259, -0.015235424, 0.967665482, 0.144191121, -5.346408758, -4.075050955, -0.195637634
625, 1763488782.337612, -0.021322409, -0.388509740, 1.394934853, 0.027515252, -1.005287091, -0.015232325, 0.967688370, 0.144095190, -5.346403078, -4.074552963, -0.195691316
626, 1763488782.390089, -0.021398624, -0.373614858, 1.373427153, 0.027515252, -0.993846178, -0.015226285, 0.967668025, 0.143934729, -5.346376579, -4.073876026, -0.195645232
627, 1763488782.414718, -0.021437963, -0.360848973, 1.354944785, 0.027506193, -0.984919230, -0.015220086, 0.967655284, 0.143785921, -5.346371985, -4.073344791, -0.195598567
628, 1763488782.4493709, -0.021430651, -0.350742886, 1.340023081, 0.027506193, -0.979468187, -0.015226205, 0.967665456, 0.143661079, -5.346344693, -4.072983670, -0.195598997
629, 1763488782.473591, -0.021413485, -0.340735187, 1.324371696, 0.027512312, -0.973201354, -0.015214046, 0.967678197, 0.143515400, -5.346328302, -4.072647373, -0.195623482
630, 1763488782.500387, -0.021487236, -0.332536608, 1.311130444, 0.027518352, -0.966258844, -0.015220165, 0.967678197, 0.143388423, -5.346312568, -4.072395907, -0.195611740
631, 1763488782.524771, -0.021499475, -0.324170977, 1.298198183, 0.027515252, -0.958893299, -0.015232245, 0.967668025, 0.143276865, -5.346320368, -4.072188146, -0.195629345
632, 1763488782.56192, -0.021494468, -0.314399401, 1.283292452, 0.027521451, -0.952313026, -0.015220165, 0.967665456, 0.143176538, -5.346322251, -4.071966794, -0.195662659
633, 1763488782.590776, -0.021484693, -0.302690506, 1.265214920, 0.027503093, -0.945568403, -0.015217145, 0.967668025, 0.143068100, -5.346299882, -4.071686325, -0.195712466
634, 1763488782.614798, -0.021484772, -0.294138034, 1.251686056, 0.027521372, -0.939280192, -0.015220086, 0.967665482, 0.142980365, -5.346303138, -4.071487895, -0.195759739
635, 1763488782.6458502, -0.021509329, -0.285551151, 1.238063931, 0.027518352, -0.932130814, -0.015226285, 0.967667999, 0.142883804, -5.346314106, -4.071275617, -0.195765599
636, 1763488782.6706371, -0.021592935, -0.275184472, 1.221419175, 0.027515332, -0.923356136, -0.015250524, 0.967665482, 0.142770321, -5.346340967, -4.071032703, -0.195693204
637, 1763488782.694793, -0.021620035, -0.266715686, 1.208420277, 0.027506193, -0.918337107, -0.015247424, 0.967675654, 0.142709637, -5.346370504, -4.070855390, -0.195645072
638, 1763488782.7167501, -0.021649440, -0.258443435, 1.195674340, 0.027512232, -0.913363934, -0.015247504, 0.967662913, 0.142663622, -5.346383759, -4.070704571, -0.195629076
639, 1763488782.742722, -0.021629810, -0.250195821, 1.182411909, 0.027515332, -0.907237212, -0.015253623, 0.967693456, 0.142619760, -5.346395887, -4.070556983, -0.195645594
640, 1763488782.769558, -0.021705945, -0.241264820, 1.167543411, 0.027512232, -0.898358901, -0.015232325, 0.967675654, 0.142567926, -5.346411376, -4.070418470, -0.195649360
641, 1763488782.793756, -0.021806796, -0.232026418, 1.152342081, 0.027500153, -0.890576363, -0.015271823, 0.967657827, 0.142521717, -5.346429975, -4.070261409, -0.195647440
642, 1763488782.8166022, -0.021833897, -0.224538485, 1.140011628, 0.027512312, -0.885472298, -0.015262683, 0.967660344, 0.142481305, -5.346473764, -4.070133345, -0.195652409
643, 1763488782.84901, -0.021843672, -0.216718674, 1.126621326, 0.027512232, -0.880173365, -0.015259663, 0.967665482, 0.142449254, -5.346516776, -4.070002410, -0.195655403
644, 1763488782.879915, -0.021939437, -0.204006826, 1.104309320, 0.027509212, -0.867724975, -0.015287081, 0.967650172, 0.142415309, -5.346530217, -4.069830564, -0.195582557
645, 1763488782.910889, -0.021858374, -0.195294534, 1.088665962, 0.027500073, -0.859373252, -0.015293121, 0.967665456, 0.142372308, -5.346591709, -4.069756644, -0.195643945
646, 1763488782.9357362, -0.021890322, -0.186466848, 1.072636366, 0.027497053, -0.852579912, -0.015299161, 0.967673111, 0.142343374, -5.346622509, -4.069680231, -0.195606060
647, 1763488782.967678, -0.022025506, -0.176776171, 1.055331151, 0.027500073, -0.844903946, -0.015308301, 0.967680740, 0.142305857, -5.346670686, -4.069581668, -0.195543270
648, 1763488782.992306, -0.022042751, -0.165981690, 1.035860777, 0.027503173, -0.833904346, -0.015357018, 0.967667999, 0.142257430, -5.346736994, -4.069481911, -0.195529650
649, 1763488783.0142632, -0.022020499, -0.158289666, 1.021543662, 0.027503093, -0.826411009, -0.015369177, 0.967675654, 0.142254680, -5.346740517, -4.069416008, -0.195508466
650, 1763488783.04191, -0.022045135, -0.150786956, 1.007775068, 0.027509133, -0.821005424, -0.015375296, 0.967665482, 0.142258962, -5.346774238, -4.069373520, -0.195498669
651, 1763488783.073502, -0.022099336, -0.138876518, 0.986448606, 0.027503093, -0.810955445, -0.015460571, 0.967673111, 0.142262444, -5.346867983, -4.069327506, -0.195471041
652, 1763488783.097677, -0.022165696, -0.129824956, 0.969675859, 0.027506193, -0.801179409, -0.015500148, 0.967673086, 0.142273703, -5.346917249, -4.069287916, -0.195430709
653, 1763488783.12206, -0.022148371, -0.121503671, 0.954226971, 0.027509212, -0.793549061, -0.015542746, 0.967662938, 0.142278988, -5.346977354, -4.069274950, -0.195415017
654, 1763488783.146118, -0.022145907, -0.112321846, 0.937116067, 0.027506113, -0.786241293, -0.015591383, 0.967675654, 0.142278519, -5.347041270, -4.069264650, -0.195420328
655, 1763488783.1823502, -0.022202571, -0.099442797, 0.912894726, 0.027515332, -0.773013910, -0.015697956, 0.967665456, 0.142281291, -5.347088074, -4.069231359, -0.195435600
656, 1763488783.20677, -0.022128741, -0.090612568, 0.896090110, 0.027503173, -0.763581673, -0.015801430, 0.967668025, 0.142276561, -5.347155365, -4.069238443, -0.195514341
657, 1763488783.23615, -0.022173007, -0.082370043, 0.880470594, 0.027500153, -0.757068316, -0.015868346, 0.967678197, 0.142282342, -5.347187337, -4.069248301, -0.195543048
658, 1763488783.2688372, -0.022205035, -0.069980065, 0.856028159, 0.027512232, -0.744011243, -0.015968879, 0.967660370, 0.142331983, -5.347209982, -4.069276853, -0.195611961
659, 1763488783.2924218, -0.022227128, -0.062034924, 0.839892069, 0.027509212, -0.734423796, -0.016051054, 0.967642543, 0.142384868, -5.347236934, -4.069314855, -0.195627563
660, 1763488783.3174999, -0.022212346, -0.052717843, 0.821327130, 0.027509212, -0.726151387, -0.016315778, 0.967670542, 0.142444968, -5.347280940, -4.069365850, -0.195646971
661, 1763488783.342765, -0.022192637, -0.044664542, 0.805390914, 0.027512232, -0.718539238, -0.016565402, 0.967678197, 0.142484257, -5.347322399, -4.069397179, -0.195609849
662, 1763488783.3804648, -0.022187789, -0.033159574, 0.782160044, 0.027500073, -0.705326875, -0.016693195, 0.967660370, 0.142538848, -5.347393652, -4.069416545, -0.195541681
663, 1763488783.403233, -0.022200028, -0.022320906, 0.760612329, 0.027509212, -0.694954236, -0.016811927, 0.967675654, 0.142600753, -5.347457519, -4.069424339, -0.195463496
664, 1763488783.429446, -0.022212505, -0.014616648, 0.745403051, 0.027509212, -0.687570413, -0.016836325, 0.967678197, 0.142665494, -5.347494010, -4.069434409, -0.195440513
665, 1763488783.468439, -0.022236904, -0.004859606, 0.725740989, 0.027512232, -0.675892115, -0.016833226, 0.967665456, 0.142779846, -5.347537262, -4.069431787, -0.195438592
666, 1763488783.499719, -0.022308191, 0.007117192, 0.701745907, 0.027515252, -0.663878918, -0.016985416, 0.967662938, 0.142938822, -5.347588601, -4.069399042, -0.195493872
667, 1763488783.5238788, -0.022345225, 0.014337301, 0.686850786, 0.027521372, -0.656829993, -0.017843644, 0.967670568, 0.143072736, -5.347650514, -4.069406725, -0.195518710
668, 1763488783.562675, -0.022379478, 0.017230590, 0.679774841, 0.027506193, -0.650563161, -0.019703309, 0.967670542, 0.143272299, -5.347759533, -4.069423955, -0.195566925
669, 1763488783.5896032, -0.022436062, 0.017550151, 0.677393913, 0.027515252, -0.645687262, -0.019821962, 0.967665482, 0.143297857, -5.347805270, -4.069408497, -0.195572737
670, 1763488783.613801, -0.022463083, 0.017483870, 0.676163594, 0.027509212, -0.644987345, -0.019837221, 0.967670568, 0.143206875, -5.347784100, -4.069396584, -0.195564972
671, 1763488783.640023, -0.022500038, 0.017289639, 0.675143480, 0.027503093, -0.644661665, -0.019840320, 0.967665482, 0.143311253, -5.347857716, -4.069404705, -0.195565265
672, 1763488783.67261, -0.022561550, 0.017051140, 0.674142281, 0.027518352, -0.643526395, -0.019843340, 0.967675654, 0.143206487, -5.347822937, -4.069398383, -0.195590573
673, 1763488783.699371, -0.022676945, 0.016726653, 0.673460484, 0.027521372, -0.641048829, -0.019840320, 0.967665482, 0.143302849, -5.347883400, -4.069386380, -0.195627515
674, 1763488783.734779, -0.022782644, 0.016652981, 0.672882636, 0.027509212, -0.640491803, -0.019840240, 0.967670568, 0.143285617, -5.347889153, -4.069371891, -0.195665650
675, 1763488783.773324, -0.022834380, 0.016660213, 0.672499021, 0.027521372, -0.640190522, -0.019849380, 0.967668025, 0.143393471, -5.347946441, -4.069354196, -0.195681582
676, 1763488783.8081138, -0.022839387, 0.016677539, 0.672381957, 0.027512232, -0.639943918, -0.019843340, 0.967680740, 0.143414677, -5.347963887, -4.069315941, -0.195667969
677, 1763488783.8350358, -0.022831917, 0.016697248, 0.672336658, 0.027521372, -0.639606237, -0.019843340, 0.967670568, 0.143551829, -5.348029236, -4.069284276, -0.195631791
678, 1763488783.874203, -0.022819440, 0.016699711, 0.672253927, 0.027512232, -0.639170885, -0.019843260, 0.967670568, 0.143543981, -5.348032843, -4.069265555, -0.195557666
679, 1763488783.90184, -0.022816976, 0.016692321, 0.672104994, 0.027518431, -0.638747931, -0.019852400, 0.967670568, 0.143685179, -5.348109317, -4.069237754, -0.195452616
680, 1763488783.9275992, -0.022819440, 0.016704639, 0.672019641, 0.027515252, -0.638671716, -0.019864559, 0.967673111, 0.143679564, -5.348104099, -4.069221252, -0.195404106
681, 1763488783.967565, -0.022829533, 0.016682386, 0.671875874, 0.027506193, -0.638635159, -0.019855420, 0.967662938, 0.143799113, -5.348170135, -4.069207446, -0.195371281
682, 1763488783.994633, -0.022836924, 0.016702175, 0.671694835, 0.027524471, -0.638592641, -0.019861460, 0.967670568, 0.143843167, -5.348181397, -4.069196198, -0.195362746
683, 1763488784.01887, -0.022846699, 0.016702175, 0.671644211, 0.027518352, -0.638568322, -0.019849380, 0.967665456, 0.143967192, -5.348233856, -4.069185735, -0.195381444
684, 1763488784.04879, -0.022854010, 0.016699711, 0.671580235, 0.027518352, -0.638546944, -0.019852400, 0.967660370, 0.144051952, -5.348265596, -4.069177338, -0.195421703
685, 1763488784.083047, -0.022861322, 0.016724189, 0.671513557, 0.027518352, -0.638540904, -0.019855499, 0.967668025, 0.144168976, -5.348280711, -4.069159970, -0.195485652
686, 1763488784.11221, -0.022858858, 0.016729037, 0.671505690, 0.027512232, -0.638549964, -0.019876719, 0.967670568, 0.144302548, -5.348327041, -4.069148204, -0.195567788
687, 1763488784.1348548, -0.022854010, 0.016726653, 0.671500365, 0.027500073, -0.638547023, -0.019849380, 0.967673111, 0.144369540, -5.348322775, -4.069136721, -0.195625787
688, 1763488784.163627, -0.022841851, 0.016743898, 0.671495120, 0.027509212, -0.638540983, -0.019861539, 0.967673111, 0.144492587, -5.348372510, -4.069127205, -0.195661110
689, 1763488784.1901891, -0.022846699, 0.016751369, 0.671487013, 0.027512312, -0.638525645, -0.019855420, 0.967668025, 0.144544690, -5.348373591, -4.069117281, -0.195675952
690, 1763488784.21398, -0.022829453, 0.016756137, 0.671473742, 0.027509212, -0.638525724, -0.019867659, 0.967662913, 0.144629226, -5.348409228, -4.069113992, -0.195668716
691, 1763488784.241067, -0.022816976, 0.016768456, 0.671449741, 0.027503173, -0.638543924, -0.019858519, 0.967668025, 0.144674117, -5.348435619, -4.069114751, -0.195622014
692, 1763488784.267852, -0.022802353, 0.016773383, 0.671407223, 0.027512232, -0.638534864, -0.019861539, 0.967668025, 0.144717860, -5.348427630, -4.069104167, -0.195537636
693, 1763488784.2968278, -0.022787650, 0.016773383, 0.671396573, 0.027518352, -0.638522625, -0.019876719, 0.967665482, 0.144787982, -5.348474990, -4.069105783, -0.195449936
694, 1763488784.321773, -0.022782723, 0.016785701, 0.671399275, 0.027512232, -0.638534864, -0.019861460, 0.967675654, 0.144816195, -5.348470320, -4.069101963, -0.195366805
695, 1763488784.3437068, -0.022795041, 0.016800324, 0.671399275, 0.027515332, -0.638516585, -0.019879818, 0.967673111, 0.144878694, -5.348486200, -4.069101496, -0.195337614
696, 1763488784.379665, -0.022794962, 0.016834815, 0.671396573, 0.027509212, -0.638528665, -0.019879818, 0.967670568, 0.144910959, -5.348505985, -4.069102280, -0.195338299
697, 1763488784.406467, -0.022802273, 0.016842127, 0.671399275, 0.027509212, -0.638525645, -0.019873699, 0.967680740, 0.144978367, -5.348514456, -4.069095938, -0.195359000
698, 1763488784.4332118, -0.022809585, 0.016844670, 0.671396573, 0.027512232, -0.638528824, -0.019882838, 0.967670568, 0.145014240, -5.348528513, -4.069100072, -0.195409571
699, 1763488784.46224, -0.022812049, 0.016856988, 0.671393871, 0.027506193, -0.638516585, -0.019891977, 0.967673111, 0.145057903, -5.348524772, -4.069094018, -0.195482504
700, 1763488784.4909718, -0.022826989, 0.016842127, 0.671388467, 0.027509212, -0.638537884, -0.019891977, 0.967670542, 0.145126917, -5.348554208, -4.069089342, -0.195554984
701, 1763488784.517282, -0.022819440, 0.016854445, 0.671364625, 0.027518352, -0.638516585, -0.019879818, 0.967665482, 0.145161228, -5.348563855, -4.069081452, -0.195596755
702, 1763488784.5385091, -0.022816976, 0.016864538, 0.671361923, 0.027503093, -0.638525724, -0.019904137, 0.967670568, 0.145218388, -5.348588970, -4.069075298, -0.195627969
703, 1763488784.570248, -0.022804737, 0.016866922, 0.671361923, 0.027512232, -0.638534784, -0.019904137, 0.967668025, 0.145257584, -5.348607907, -4.069076109, -0.195629447
704, 1763488784.601103, -0.022790114, 0.016884009, 0.671356519, 0.027518352, -0.638534784, -0.019901117, 0.967678197, 0.145318113, -5.348637593, -4.069067393, -0.195624318
705, 1763488784.624288, -0.022777796, 0.016884009, 0.671345949, 0.027497053, -0.638534784, -0.019913276, 0.967678197, 0.145340273, -5.348658640, -4.069068270, -0.195592411
706, 1763488784.651597, -0.022760471, 0.016886473, 0.671340704, 0.027515332, -0.638531685, -0.019913356, 0.967673111, 0.145360204, -5.348661984, -4.069064240, -0.195557162
707, 1763488784.702752, -0.022738457, 0.016888936, 0.671343327, 0.027518352, -0.638525724, -0.019901117, 0.967673111, 0.145390755, -5.348680270, -4.069068342, -0.195509928
708, 1763488784.725312, -0.022723834, 0.016891400, 0.671340704, 0.027512232, -0.638522704, -0.019922495, 0.967665482, 0.145408397, -5.348676928, -4.069075634, -0.195492311
709, 1763488784.747214, -0.022728761, 0.016903718, 0.671335379, 0.027515332, -0.638528665, -0.019901117, 0.967668025, 0.145416518, -5.348692168, -4.069080513, -0.195482075
710, 1763488784.7850082, -0.022726297, 0.016908566, 0.671332677, 0.027515252, -0.638547023, -0.019916375, 0.967665482, 0.145421725, -5.348684673, -4.069079936, -0.195485411
711, 1763488784.8172648, -0.022728761, 0.016903639, 0.671332677, 0.027515252, -0.638528665, -0.019925594, 0.967673111, 0.145430613, -5.348700068, -4.069080792, -0.195493944
712, 1763488784.848279, -0.022718906, 0.016913493, 0.671332677, 0.027506193, -0.638525724, -0.019922495, 0.967673111, 0.145444936, -5.348692426, -4.069077338, -0.195503356
713, 1763488784.879749, -0.022718906, 0.016910950, 0.671332677, 0.027503173, -0.638534784, -0.019928535, 0.967673111, 0.145476771, -5.348721149, -4.069072790, -0.195513840
714, 1763488784.9089248, -0.022718906, 0.016928355, 0.671329975, 0.027509212, -0.638534784, -0.019919395, 0.967670568, 0.145492307, -5.348730384, -4.069067822, -0.195517018
715, 1763488784.932352, -0.022713900, 0.016928355, 0.671327273, 0.027496974, -0.638537804, -0.019934654, 0.967668025, 0.145514711, -5.348749547, -4.069063471, -0.195533351
716, 1763488784.9527411, -0.022716363, 0.016928355, 0.671327273, 0.027515252, -0.638528744, -0.019931634, 0.967670568, 0.145526997, -5.348763193, -4.069062433, -0.195544866
717, 1763488784.988328, -0.022711277, 0.016933282, 0.671321869, 0.027509212, -0.638537884, -0.019934654, 0.967668025, 0.145547065, -5.348763337, -4.069058463, -0.195552593
718, 1763488785.0117471, -0.022703886, 0.016943057, 0.671321869, 0.027503173, -0.638519605, -0.019934654, 0.967675654, 0.145561598, -5.348779564, -4.069055639, -0.195556988
719, 1763488785.038454, -0.022706429, 0.016940594, 0.671324571, 0.027515332, -0.638534784, -0.019934654, 0.967655258, 0.145560551, -5.348767883, -4.069057908, -0.195560665
720, 1763488785.066698, -0.022696575, 0.016928355, 0.671321869, 0.027524471, -0.638550043, -0.019934654, 0.967668025, 0.145569334, -5.348766790, -4.069058597, -0.195573328
721, 1763488785.089632, -0.022696654, 0.016938210, 0.671321869, 0.027512232, -0.638537884, -0.019946814, 0.967680740, 0.145576630, -5.348763996, -4.069059457, -0.195565387
722, 1763488785.116769, -0.022681952, 0.016947905, 0.671316624, 0.027524471, -0.638522625, -0.019934654, 0.967668025, 0.145592330, -5.348747232, -4.069059211, -0.195557267
723, 1763488785.1380749, -0.022664785, 0.016950369, 0.671314001, 0.027506193, -0.638519684, -0.019946814, 0.967668025, 0.145603020, -5.348751651, -4.069055983, -0.195542224
724, 1763488785.165111, -0.022664785, 0.016938210, 0.671319246, 0.027518352, -0.638540904, -0.019937674, 0.967670568, 0.145608398, -5.348746976, -4.069057294, -0.195514920
725, 1763488785.190909, -0.022662401, 0.016935746, 0.671319246, 0.027512232, -0.638531764, -0.019940694, 0.967680740, 0.145624784, -5.348747990, -4.069060837, -0.195495857
726, 1763488785.216865, -0.022657315, 0.016947826, 0.671319246, 0.027518272, -0.638528744, -0.019949913, 0.967670568, 0.145630726, -5.348754896, -4.069054788, -0.195489052
727, 1763488785.241537, -0.022664785, 0.016947826, 0.671314001, 0.027506193, -0.638531844, -0.019940694, 0.967673111, 0.145630979, -5.348758406, -4.069061663, -0.195483327
728, 1763488785.271286, -0.022659858, 0.016952753, 0.671319246, 0.027506193, -0.638525645, -0.019956032, 0.967673111, 0.145641700, -5.348763761, -4.069056608, -0.195480546
729, 1763488785.305042, -0.022664785, 0.016955217, 0.671314001, 0.027506193, -0.638540904, -0.019953012, 0.967670568, 0.145644427, -5.348761515, -4.069057651, -0.195507439
730, 1763488785.32868, -0.022672097, 0.016960144, 0.671314001, 0.027509212, -0.638516506, -0.019959052, 0.967670568, 0.145651250, -5.348777068, -4.069058702, -0.195535399
731, 1763488785.357903, -0.022674561, 0.016955217, 0.671311378, 0.027506193, -0.638537884, -0.019971291, 0.967665456, 0.145650077, -5.348778566, -4.069056570, -0.195566048
732, 1763488785.391063, -0.022672097, 0.016950369, 0.671316624, 0.027512312, -0.638550043, -0.019974311, 0.967665456, 0.145663111, -5.348788010, -4.069056680, -0.195588207
733, 1763488785.4186392, -0.022662401, 0.016947826, 0.671314001, 0.027512232, -0.638546944, -0.019959052, 0.967675654, 0.145662278, -5.348792862, -4.069056145, -0.195606886
734, 1763488785.4494011, -0.022647460, 0.016957680, 0.671308756, 0.027509212, -0.638534864, -0.019974311, 0.967675654, 0.145659944, -5.348796073, -4.069057693, -0.195608611
735, 1763488785.4757361, -0.022627831, 0.016955217, 0.671306133, 0.027512232, -0.638537804, -0.019983451, 0.967670568, 0.145661225, -5.348795815, -4.069056067, -0.195597987
736, 1763488785.508394, -0.022605737, 0.016965151, 0.671306054, 0.027509212, -0.638537884, -0.019986471, 0.967662938, 0.145663796, -5.348790902, -4.069060992, -0.195596506
737, 1763488785.531326, -0.022600730, 0.016972462, 0.671311378, 0.027509212, -0.638528665, -0.019980431, 0.967675654, 0.145672899, -5.348786447, -4.069057958, -0.195572996
738, 1763488785.5598211, -0.022600810, 0.016967614, 0.671308756, 0.027506193, -0.638537884, -0.019995689, 0.967673111, 0.145671582, -5.348780348, -4.069059934, -0.195558057
739, 1763488785.591337, -0.022595723, 0.016965071, 0.671303431, 0.027512232, -0.638528665, -0.019977411, 0.967662938, 0.145685068, -5.348775123, -4.069061559, -0.195530471
740, 1763488785.6192079, -0.022590796, 0.016970078, 0.671306133, 0.027509212, -0.638544003, -0.019998630, 0.967670568, 0.145685851, -5.348767837, -4.069063305, -0.195512866
741, 1763488785.646602, -0.022598187, 0.016982317, 0.671306054, 0.027512232, -0.638544003, -0.019989570, 0.967670568, 0.145690247, -5.348769365, -4.069064170, -0.195511693
742, 1763488785.677266, -0.022598267, 0.016979933, 0.671308756, 0.027512232, -0.638531764, -0.019995610, 0.967668025, 0.145696329, -5.348772700, -4.069063135, -0.195512584
743, 1763488785.7019908, -0.022598267, 0.016979853, 0.671306133, 0.027509212, -0.638531764, -0.019977411, 0.967670568, 0.145694577, -5.348784602, -4.069067807, -0.195523841
744, 1763488785.725423, -0.022603194, 0.016972621, 0.671303431, 0.027506193, -0.638540983, -0.019992510, 0.967665482, 0.145702872, -5.348787472, -4.069060436, -0.195521256
745, 1763488785.746392, -0.022608280, 0.016977390, 0.671300729, 0.027503093, -0.638547023, -0.019992590, 0.967670568, 0.145701156, -5.348796854, -4.069061812, -0.195522278
746, 1763488785.774718, -0.022613128, 0.016984860, 0.671300729, 0.027506193, -0.638537804, -0.019998630, 0.967665482, 0.145702814, -5.348805062, -4.069061982, -0.195527476
747, 1763488785.799793, -0.022605658, 0.016977390, 0.671298027, 0.027509212, -0.638528665, -0.019989491, 0.967670568, 0.145719832, -5.348806113, -4.069056512, -0.195552719
748, 1763488785.829168, -0.022605737, 0.016972462, 0.671300729, 0.027512232, -0.638543924, -0.019998630, 0.967673111, 0.145725750, -5.348820157, -4.069054971, -0.195549108
749, 1763488785.871686, -0.022613207, 0.016975005, 0.671303431, 0.027515252, -0.638553143, -0.020001650, 0.967673111, 0.145729201, -5.348827075, -4.069056112, -0.195559499
750, 1763488785.9025888, -0.022608201, 0.016984781, 0.671306054, 0.027512232, -0.638540904, -0.019983451, 0.967670568, 0.145740743, -5.348828262, -4.069053847, -0.195542003
751, 1763488785.9277902, -0.022610664, 0.016984781, 0.671295325, 0.027506193, -0.638540904, -0.019989491, 0.967668025, 0.145742845, -5.348819234, -4.069054989, -0.195531847
752, 1763488785.959497, -0.022610744, 0.016972621, 0.671295325, 0.027509212, -0.638537884, -0.019992510, 0.967675654, 0.145742941, -5.348822287, -4.069056781, -0.195529451
753, 1763488785.986948, -0.022595882, 0.016982317, 0.671303431, 0.027509212, -0.638540904, -0.020004749, 0.967678197, 0.145757759, -5.348818112, -4.069058637, -0.195509827
754, 1763488786.011318, -0.022598187, 0.016984781, 0.671298027, 0.027506193, -0.638537804, -0.020010789, 0.967668025, 0.145764388, -5.348804587, -4.069062782, -0.195495658
755, 1763488786.040673, -0.022593260, 0.016984860, 0.671298027, 0.027503093, -0.638547023, -0.020010789, 0.967670568, 0.145768504, -5.348814944, -4.069059477, -0.195483062
756, 1763488786.073808, -0.022595803, 0.016979853, 0.671295325, 0.027506113, -0.638540904, -0.020013809, 0.967675654, 0.145777353, -5.348809827, -4.069059894, -0.195472543
757, 1763488786.109785, -0.022598267, 0.016987244, 0.671292623, 0.027521372, -0.638531764, -0.020016909, 0.967670568, 0.145770788, -5.348814457, -4.069062979, -0.195472025
758, 1763488786.134565, -0.022598187, 0.016982396, 0.671298027, 0.027521372, -0.638531844, -0.020016909, 0.967665482, 0.145776424, -5.348812330, -4.069061029, -0.195469813
759, 1763488786.16831, -0.022600651, 0.016992172, 0.671300729, 0.027518352, -0.638550043, -0.020022949, 0.967670568, 0.145772371, -5.348820089, -4.069059424, -0.195465021
760, 1763488786.1947289, -0.022603194, 0.016994635, 0.671298027, 0.027512232, -0.638540904, -0.020041227, 0.967668025, 0.145778182, -5.348828791, -4.069059773, -0.195478895
761, 1763488786.234303, -0.022608201, 0.016999563, 0.671295325, 0.027503173, -0.638546944, -0.020032088, 0.967668025, 0.145778507, -5.348834800, -4.069055899, -0.195494875
762, 1763488786.2649128, -0.022603194, 0.017016649, 0.671295325, 0.027512232, -0.638547023, -0.020038207, 0.967673111, 0.145783908, -5.348838585, -4.069056945, -0.195501045
763, 1763488786.288355, -0.022610744, 0.017031590, 0.671292623, 0.027506193, -0.638565222, -0.020035108, 0.967678197, 0.145784640, -5.348839666, -4.069055456, -0.195510107
764, 1763488786.318437, -0.022608280, 0.017048756, 0.671284676, 0.027506193, -0.638577461, -0.020035108, 0.967668025, 0.145790836, -5.348844037, -4.069057419, -0.195507881
765, 1763488786.3466408, -0.022608201, 0.017065922, 0.671276649, 0.027515252, -0.638562202, -0.020035108, 0.967673111, 0.145805269, -5.348848758, -4.069052119, -0.195504544
766, 1763488786.38132, -0.022603194, 0.017095486, 0.671268702, 0.027512232, -0.638580481, -0.020044247, 0.967675654, 0.145801841, -5.348855767, -4.069059798, -0.195492553
767, 1763488786.406271, -0.022593260, 0.017132282, 0.671250025, 0.027506113, -0.638607820, -0.020038207, 0.967667999, 0.145813772, -5.348848250, -4.069057955, -0.195467567
768, 1763488786.4353678, -0.022583564, 0.017191251, 0.671215455, 0.027509212, -0.638638258, -0.020044247, 0.967665482, 0.145813743, -5.348848842, -4.069060361, -0.195477538
769, 1763488786.482434, -0.022563855, 0.017323971, 0.671154102, 0.027512232, -0.638778289, -0.020050367, 0.967668025, 0.145822007, -5.348846701, -4.069061130, -0.195483429
770, 1763488786.518722, -0.022517284, 0.017623981, 0.671060880, 0.027509212, -0.640290976, -0.020044247, 0.967675654, 0.145832163, -5.348852774, -4.069061029, -0.195473922
771, 1763488786.545634, -0.022487640, 0.017933766, 0.670818567, 0.027512232, -0.642278433, -0.020050287, 0.967665456, 0.145848239, -5.348860366, -4.069059511, -0.195479178
772, 1763488786.581007, -0.022448381, 0.017990192, 0.670680046, 0.027521372, -0.642473141, -0.020071665, 0.967668025, 0.145816831, -5.348850998, -4.069133095, -0.195505135
773, 1763488786.604141, -0.022426287, 0.017493645, 0.670973142, 0.027515332, -0.645662864, -0.020065546, 0.967660344, 0.145803396, -5.348825645, -4.069295426, -0.195500928
774, 1763488786.626122, -0.022416353, 0.017274857, 0.671452522, 0.027515332, -0.649476608, -0.020074606, 0.967685827, 0.145813174, -5.348872686, -4.069374553, -0.195497291
775, 1763488786.6577501, -0.022337755, 0.016763528, 0.673601627, 0.027521372, -0.652380228, -0.020083745, 0.967665456, 0.145774116, -5.348892201, -4.069384569, -0.195527154
776, 1763488786.6809332, -0.022259076, 0.014656862, 0.678906600, 0.027515332, -0.657198191, -0.020102024, 0.967670568, 0.145760853, -5.348879696, -4.069371544, -0.195534743
777, 1763488786.7064068, -0.022244374, 0.009978612, 0.688627164, 0.027530591, -0.663565397, -0.020074606, 0.967667999, 0.145854819, -5.348929599, -4.069374510, -0.195527644
778, 1763488786.7320929, -0.022236983, 0.005148093, 0.699146748, 0.027518352, -0.670407534, -0.020092964, 0.967673111, 0.145920708, -5.348962077, -4.069360849, -0.195528004
779, 1763488786.763179, -0.022222281, -0.000840505, 0.712188085, 0.027515252, -0.677620808, -0.020095905, 0.967673111, 0.145988440, -5.348995439, -4.069309540, -0.195537037
780, 1763488786.791446, -0.022202651, -0.007841587, 0.726457357, 0.027533611, -0.684325933, -0.020108064, 0.967678197, 0.146033416, -5.349050989, -4.069319405, -0.195574582
781, 1763488786.81426, -0.022180557, -0.013520320, 0.737980843, 0.027527491, -0.689728419, -0.020123323, 0.967662938, 0.146081637, -5.349065284, -4.069305196, -0.195624040
782, 1763488786.841346, -0.022200028, -0.018844922, 0.749192715, 0.027521372, -0.696323951, -0.020126343, 0.967662913, 0.146089110, -5.349101918, -4.069281500, -0.195629242
783, 1763488786.869676, -0.022200028, -0.025922378, 0.763794899, 0.027512232, -0.705415169, -0.020123323, 0.967670568, 0.146103005, -5.349115145, -4.069264081, -0.195624433
784, 1763488786.89266, -0.022202492, -0.032707214, 0.777515570, 0.027515332, -0.712123315, -0.020117203, 0.967667999, 0.146161105, -5.349138316, -4.069247194, -0.195617718
785, 1763488786.919671, -0.022182941, -0.040517408, 0.793363969, 0.027521372, -0.719132662, -0.020135482, 0.967660370, 0.146204307, -5.349166539, -4.069251822, -0.195592591
786, 1763488786.9484649, -0.022173166, -0.047956149, 0.808597247, 0.027518272, -0.726936579, -0.020117203, 0.967678197, 0.146256209, -5.349177672, -4.069221714, -0.195563677
787, 1763488786.980408, -0.022175471, -0.058966952, 0.831276735, 0.027524392, -0.739808003, -0.020135482, 0.967675654, 0.146329446, -5.349201247, -4.069199194, -0.195512591
788, 1763488787.003958, -0.022180478, -0.066877683, 0.847106536, 0.027536631, -0.746911844, -0.020135482, 0.967675654, 0.146399140, -5.349203774, -4.069197518, -0.195492570
789, 1763488787.030197, -0.022160689, -0.074557463, 0.862574180, 0.027530591, -0.753939470, -0.020114183, 0.967673111, 0.146483099, -5.349217252, -4.069189941, -0.195502621
790, 1763488787.064057, -0.022143443, -0.084228436, 0.882531881, 0.027524471, -0.765252670, -0.020126422, 0.967655284, 0.146583296, -5.349234436, -4.069173403, -0.195502543
791, 1763488787.093214, -0.022128820, -0.093511025, 0.901557525, 0.027515252, -0.775043885, -0.020108143, 0.967678197, 0.146716231, -5.349253840, -4.069162825, -0.195510846
792, 1763488787.11679, -0.022109111, -0.101134059, 0.917019844, 0.027527491, -0.781816006, -0.020108143, 0.967660370, 0.146844256, -5.349290048, -4.069164085, -0.195541511
793, 1763488787.140262, -0.022074779, -0.107904352, 0.931004206, 0.027521451, -0.789230108, -0.020114263, 0.967675654, 0.146975593, -5.349310736, -4.069135768, -0.195562369
794, 1763488787.1735392, -0.022023042, -0.116301926, 0.948682229, 0.027527571, -0.799870571, -0.020129442, 0.967675654, 0.147135498, -5.349356037, -4.069117617, -0.195592951
795, 1763488787.196521, -0.022025506, -0.124455924, 0.965079308, 0.027521372, -0.807449182, -0.020126343, 0.967678197, 0.147294657, -5.349402156, -4.069105982, -0.195581338
796, 1763488787.218515, -0.022042672, -0.129911184, 0.976091464, 0.027530511, -0.812154690, -0.020117283, 0.967657827, 0.147397163, -5.349423618, -4.069095002, -0.195565314
797, 1763488787.255857, -0.022055070, -0.136676311, 0.990360737, 0.027521372, -0.819924911, -0.020114263, 0.967662913, 0.147515994, -5.349465497, -4.069079855, -0.195553689
798, 1763488787.280034, -0.022020578, -0.145771980, 1.009833733, 0.027533531, -0.831670284, -0.020114183, 0.967688370, 0.147704129, -5.349492578, -4.069064282, -0.195570887
799, 1763488787.3050618, -0.022003412, -0.152057886, 1.022995154, 0.027527491, -0.837766647, -0.020111163, 0.967667999, 0.147828863, -5.349531329, -4.069095936, -0.195574051
800, 1763488787.3252978, -0.022013267, -0.157574256, 1.034758170, 0.027533531, -0.842946847, -0.020117203, 0.967673111, 0.147945676, -5.349570228, -4.069114644, -0.195567703
801, 1763488787.347896, -0.022052606, -0.163370927, 1.047064702, 0.027521372, -0.849131425, -0.020092885, 0.967678197, 0.148073815, -5.349575735, -4.069093300, -0.195550279
802, 1763488787.38525, -0.022064765, -0.171011358, 1.063432535, 0.027533531, -0.858910640, -0.020095984, 0.967683283, 0.148208012, -5.349609302, -4.069076491, -0.195532884
803, 1763488787.418944, -0.021996101, -0.180748855, 1.083736499, 0.027524392, -0.869195064, -0.020095984, 0.967670568, 0.148406935, -5.349649642, -4.069072274, -0.195540369
804, 1763488787.447712, -0.022003412, -0.186852768, 1.096610228, 0.027524471, -0.875102679, -0.020099004, 0.967660395, 0.148522135, -5.349664903, -4.069062516, -0.195509102
805, 1763488787.47843, -0.021998564, -0.193947310, 1.111635685, 0.027521372, -0.883055528, -0.020086845, 0.967675654, 0.148651724, -5.349681903, -4.069044053, -0.195501226
806, 1763488787.5056078, -0.021973848, -0.200528224, 1.125766436, 0.027533611, -0.891866922, -0.020092885, 0.967693456, 0.148782110, -5.349702274, -4.069041626, -0.195528790
807, 1763488787.52689, -0.021959225, -0.206285472, 1.137641430, 0.027533611, -0.898090998, -0.020083825, 0.967673111, 0.148885851, -5.349728553, -4.069046099, -0.195541058
808, 1763488787.561148, -0.021964073, -0.211920093, 1.149196943, 0.027530591, -0.903377851, -0.020074606, 0.967670568, 0.148990439, -5.349737542, -4.069052885, -0.195527911
809, 1763488787.586745, -0.021966457, -0.219867701, 1.165527423, 0.027521451, -0.911741734, -0.020086765, 0.967660370, 0.149122038, -5.349783280, -4.069076167, -0.195534624
810, 1763488787.60944, -0.021961689, -0.225212008, 1.176614126, 0.027524392, -0.918346326, -0.020059427, 0.967670568, 0.149202261, -5.349804984, -4.069096143, -0.195548381
811, 1763488787.635505, -0.021954377, -0.230404054, 1.187594414, 0.027527571, -0.925158024, -0.020086845, 0.967680740, 0.149288159, -5.349813977, -4.069105365, -0.195551055
812, 1763488787.67035, -0.021949371, -0.237051249, 1.201232433, 0.027527491, -0.931747278, -0.020062447, 0.967678197, 0.149382276, -5.349846567, -4.069124456, -0.195536801
813, 1763488787.695806, -0.021929502, -0.244116460, 1.215648095, 0.027515332, -0.938461542, -0.020053307, 0.967668025, 0.149492448, -5.349904621, -4.069180235, -0.195533369
814, 1763488787.724389, -0.021919727, -0.250928322, 1.229358117, 0.027518352, -0.945483128, -0.020065546, 0.967665456, 0.149621281, -5.349965252, -4.069250054, -0.195545529
815, 1763488787.7473788, -0.021900177, -0.256589810, 1.240785638, 0.027515332, -0.952194373, -0.020056407, 0.967688370, 0.149745264, -5.349979789, -4.069331233, -0.195566168
816, 1763488787.77969, -0.021897713, -0.263982058, 1.254945755, 0.027524471, -0.959459464, -0.020047267, 0.967670568, 0.149904234, -5.350045587, -4.069495027, -0.195620971
817, 1763488787.804062, -0.021851063, -0.270486673, 1.266895374, 0.027512312, -0.964563608, -0.020041227, 0.967678197, 0.150068081, -5.350048539, -4.069672071, -0.195670093
818, 1763488787.8305862, -0.021922270, -0.276679118, 1.278136532, 0.027515252, -0.969838222, -0.020038207, 0.967678197, 0.150210865, -5.350112050, -4.069895939, -0.195615494
819, 1763488787.870134, -0.021853447, -0.285351992, 1.293447018, 0.027524471, -0.977255424, -0.020019929, 0.967675654, 0.150404229, -5.350233287, -4.070259626, -0.195650695
820, 1763488787.893821, -0.021809260, -0.293619315, 1.307884018, 0.027518352, -0.985342264, -0.020007769, 0.967675629, 0.150657067, -5.350193221, -4.070575237, -0.195621327
821, 1763488787.917654, -0.021851063, -0.300205072, 1.319535375, 0.027530511, -0.990543922, -0.020022949, 0.967662913, 0.150730067, -5.350387249, -4.070895522, -0.195578702
822, 1763488787.938842, -0.021733046, -0.305554390, 1.328808546, 0.027518352, -0.994859695, -0.020001650, 0.967685827, 0.150859333, -5.350363221, -4.071111216, -0.195641894
823, 1763488787.976591, -0.021811565, -0.313135703, 1.341794054, 0.027503093, -1.000192165, -0.019980431, 0.967670542, 0.151048893, -5.350306685, -4.071477727, -0.195556443
824, 1763488788.000541, -0.021838744, -0.321779082, 1.356366952, 0.027518352, -1.006933689, -0.019992590, 0.967673111, 0.151120472, -5.350581402, -4.072002123, -0.195549515
825, 1763488788.023038, -0.021671613, -0.327236553, 1.365562757, 0.027496974, -1.011645238, -0.019977331, 0.967665456, 0.151352494, -5.350314537, -4.072233222, -0.195602419
826, 1763488788.049016, -0.021846215, -0.333652725, 1.376319329, 0.027500073, -1.017805576, -0.019986471, 0.967673111, 0.151395645, -5.350431430, -4.072645945, -0.195498166
827, 1763488788.076659, -0.021725655, -0.340766976, 1.388223648, 0.027515332, -1.023007075, -0.019965172, 0.967673111, 0.151494272, -5.350606617, -4.073086523, -0.195583243
828, 1763488788.1013062, -0.021688779, -0.347158651, 1.398990790, 0.027490934, -1.026768923, -0.019949913, 0.967668025, 0.151797164, -5.350244654, -4.073362182, -0.195562538
829, 1763488788.125333, -0.021912495, -0.354272832, 1.410535653, 0.027506193, -1.032095353, -0.019968271, 0.967685827, 0.151750013, -5.350655342, -4.073914248, -0.195436142
830, 1763488788.1483068, -0.021696091, -0.359639476, 1.419166883, 0.027512232, -1.035759767, -0.019959052, 0.967680740, 0.151888133, -5.350728026, -4.074230802, -0.195565513
831, 1763488788.177995, -0.021484772, -0.366871734, 1.430749019, 0.027448336, -1.041868289, -0.019922495, 0.967675654, 0.152286329, -5.350236091, -4.074562523, -0.195539057
832, 1763488788.199949, -0.021691243, -0.373312543, 1.441106081, 0.027518272, -1.048077345, -0.019925515, 0.967685827, 0.152164630, -5.350876912, -4.075147108, -0.195438816
833, 1763488788.221389, -0.021374067, -0.379192750, 1.450507045, 0.027491013, -1.051376502, -0.019919395, 0.967657827, 0.152425032, -5.350818765, -4.075417859, -0.195608551
834, 1763488788.2501729, -0.021406094, -0.385746708, 1.461055795, 0.027430137, -1.056170146, -0.019855499, 0.967678197, 0.152823284, -5.350284637, -4.075684247, -0.195464105
835, 1763488788.279649, -0.021624883, -0.393878698, 1.473724405, 0.027500073, -1.061277390, -0.019858519, 0.967670568, 0.152747046, -5.351051624, -4.076326792, -0.195348213
836, 1763488788.311448, -0.021315018, -0.401538610, 1.486094832, 0.027439276, -1.066549063, -0.019837221, 0.967680740, 0.153222454, -5.350592187, -4.076593053, -0.195450227
837, 1763488788.334152, -0.021492084, -0.408048461, 1.496409218, 0.027445396, -1.071266492, -0.019788583, 0.967660370, 0.153344633, -5.350731413, -4.077004249, -0.195318410
838, 1763488788.357174, -0.021487236, -0.413424561, 1.504891396, 0.027475754, -1.076242924, -0.019809882, 0.967675654, 0.153379919, -5.351149872, -4.077367838, -0.195391625
839, 1763488788.3880131, -0.021253586, -0.419329405, 1.514284372, 0.027436256, -1.080583016, -0.019797722, 0.967673111, 0.153735997, -5.350811886, -4.077571332, -0.195486150
840, 1763488788.410021, -0.021305164, -0.426637967, 1.525781274, 0.027430137, -1.085814873, -0.019767284, 0.967673111, 0.153904760, -5.350894591, -4.077990779, -0.195441353
841, 1763488788.434966, -0.021157821, -0.433275352, 1.535898606, 0.027451436, -1.089908759, -0.019758066, 0.967680740, 0.154034410, -5.351193569, -4.078375043, -0.195547438
842, 1763488788.4681118, -0.021061818, -0.440888782, 1.547576586, 0.027402719, -1.094458898, -0.019749006, 0.967683283, 0.154433240, -5.350774572, -4.078652555, -0.195526339
843, 1763488788.496474, -0.021160285, -0.449741195, 1.560932279, 0.027442296, -1.100320896, -0.019724687, 0.967678197, 0.154507666, -5.351209952, -4.079222428, -0.195481433
844, 1763488788.52355, -0.020931562, -0.457698733, 1.572607517, 0.027396679, -1.105580250, -0.019700448, 0.967670568, 0.154812172, -5.350911471, -4.079539497, -0.195566575
845, 1763488788.545374, -0.021120787, -0.464282026, 1.581917922, 0.027405818, -1.110617479, -0.019663811, 0.967683283, 0.154856702, -5.351020329, -4.079950728, -0.195426358
846, 1763488788.5835772, -0.021034877, -0.471637249, 1.591830333, 0.027417978, -1.114260674, -0.019657691, 0.967668025, 0.154887869, -5.351286459, -4.080423914, -0.195487633
847, 1763488788.6095538, -0.020980835, -0.481448412, 1.605186065, 0.027366241, -1.119979620, -0.019602855, 0.967680740, 0.155186718, -5.350909353, -4.080867655, -0.195508453
848, 1763488788.633558, -0.021113555, -0.487758845, 1.613724152, 0.027408838, -1.123117447, -0.019599756, 0.967680740, 0.155043376, -5.351439549, -4.081344945, -0.195501593
849, 1763488788.676306, -0.020926793, -0.498484363, 1.628733754, 0.027360201, -1.129034281, -0.019551118, 0.967670568, 0.155353466, -5.351024782, -4.081787137, -0.195603148
850, 1763488788.705048, -0.021007776, -0.508103768, 1.641916434, 0.027387619, -1.134905497, -0.019520760, 0.967688370, 0.155273180, -5.351518698, -4.082432266, -0.195598515
851, 1763488788.7281861, -0.020833333, -0.515190999, 1.651711464, 0.027347962, -1.139236530, -0.019526800, 0.967678197, 0.155319269, -5.351739057, -4.082867887, -0.195702296
852, 1763488788.757677, -0.021054506, -0.522128344, 1.661037882, 0.027335803, -1.143284559, -0.019459963, 0.967670568, 0.155478637, -5.351666112, -4.083202029, -0.195535287
853, 1763488788.797652, -0.020835638, -0.532050133, 1.674215198, 0.027354081, -1.148233493, -0.019417286, 0.967670568, 0.155635013, -5.351733607, -4.083741637, -0.195584509
854, 1763488788.82092, -0.020486673, -0.541175207, 1.686415076, 0.027338823, -1.153103193, -0.019347191, 0.967675654, 0.155766844, -5.351798699, -4.084287749, -0.195728233
855, 1763488788.846335, -0.020557880, -0.548129718, 1.695690910, 0.027351062, -1.156813304, -0.019249837, 0.967675654, 0.155885983, -5.351742166, -4.084676916, -0.195654326
856, 1763488788.884985, -0.020444870, -0.556389729, 1.707081278, 0.027335803, -1.161929607, -0.019146363, 0.967683283, 0.155975295, -5.351789659, -4.085166337, -0.195664496
857, 1763488788.919965, -0.020279964, -0.567090829, 1.721345146, 0.027350982, -1.168077787, -0.018607537, 0.967670568, 0.156116231, -5.351737501, -4.085737714, -0.195621299
858, 1763488788.944562, -0.019950708, -0.574834426, 1.731593013, 0.027347962, -1.173111836, -0.016918421, 0.967680740, 0.156209906, -5.351757479, -4.086165637, -0.195684233
859, 1763488788.978104, -0.019771258, -0.583531857, 1.742993991, 0.027344942, -1.176952998, -0.015235424, 0.967680740, 0.156332638, -5.351775579, -4.086684294, -0.195647604
860, 1763488789.005665, -0.019758940, -0.591779391, 1.754136642, 0.027348042, -1.181503057, -0.015128851, 0.967670542, 0.156450173, -5.351812548, -4.087148265, -0.195570982
861, 1763488789.029999, -0.019763867, -0.597551505, 1.762086193, 0.027347962, -1.184041421, -0.015125831, 0.967678197, 0.156524106, -5.351872133, -4.087428187, -0.195541843
862, 1763488789.058608, -0.019741853, -0.604697784, 1.772262136, 0.027335803, -1.188104709, -0.015128851, 0.967678197, 0.156666269, -5.351918041, -4.087720877, -0.195511987
863, 1763488789.086623, -0.019697428, -0.611514727, 1.782539248, 0.027341922, -1.192457120, -0.015116692, 0.967675654, 0.156853194, -5.352013721, -4.087982101, -0.195529078
864, 1763488789.120821, -0.019653241, -0.618808508, 1.793900371, 0.027335803, -1.198334376, -0.015101433, 0.967683283, 0.157074172, -5.352162605, -4.088169801, -0.195556685
865, 1763488789.14345, -0.019778728, -0.624319951, 1.802382429, 0.027341922, -1.202908913, -0.015086174, 0.967680740, 0.157289876, -5.352249391, -4.088273963, -0.195512337
866, 1763488789.171689, -0.019668102, -0.629637321, 1.810763439, 0.027344942, -1.207455953, -0.015089194, 0.967673111, 0.157528418, -5.352373363, -4.088391573, -0.195591465
867, 1763488789.200063, -0.019599199, -0.635404507, 1.820031285, 0.027341843, -1.211601416, -0.015058756, 0.967675654, 0.157782476, -5.352495320, -4.088505852, -0.195625049
868, 1763488789.223567, -0.019596656, -0.640048166, 1.827970107, 0.027338902, -1.215816895, -0.015046438, 0.967675654, 0.157976601, -5.352603700, -4.088553252, -0.195619198
869, 1763488789.261765, -0.019557397, -0.645102501, 1.836875757, 0.027348042, -1.220123450, -0.015058676, 0.967673111, 0.158202186, -5.352749403, -4.088564087, -0.195641935
870, 1763488789.287333, -0.019549926, -0.651526034, 1.848444541, 0.027345022, -1.226588249, -0.015022198, 0.967683283, 0.158515933, -5.352861208, -4.088508134, -0.195636245
871, 1763488789.3173492, -0.019488573, -0.656255702, 1.857240955, 0.027341843, -1.231820107, -0.015043497, 0.967680740, 0.158738553, -5.352969751, -4.088466092, -0.195712786
872, 1763488789.3405702, -0.019397497, -0.660668353, 1.865792354, 0.027335803, -1.236884753, -0.015016079, 0.967683283, 0.158968145, -5.353068181, -4.088436024, -0.195817400
873, 1763488789.3805351, -0.019306580, -0.665103118, 1.874026815, 0.027354081, -1.241431952, -0.015003920, 0.967680740, 0.159182853, -5.353130541, -4.088436170, -0.195881706
874, 1763488789.407512, -0.019082944, -0.670437733, 1.884343902, 0.027332783, -1.246694247, -0.014967521, 0.967683283, 0.159410864, -5.353276990, -4.088396689, -0.195948198
875, 1763488789.432538, -0.019043605, -0.673923572, 1.891854048, 0.027347962, -1.251250585, -0.014927944, 0.967673111, 0.159570606, -5.353371806, -4.088333649, -0.195901194
876, 1763488789.466589, -0.018960079, -0.677387277, 1.899747650, 0.027344942, -1.256080866, -0.014927944, 0.967673111, 0.159728899, -5.353482125, -4.088293790, -0.195822526
877, 1763488789.495415, -0.018945217, -0.681283772, 1.909364303, 0.027341922, -1.262569825, -0.014897505, 0.967678197, 0.159934189, -5.353606941, -4.088280179, -0.195725023
878, 1763488789.52282, -0.018930435, -0.685064614, 1.918403069, 0.027341922, -1.268349648, -0.014839729, 0.967680740, 0.160143105, -5.353697542, -4.088257480, -0.195700785
879, 1763488789.545345, -0.018950144, -0.688083490, 1.925377925, 0.027360201, -1.272187551, -0.014824470, 0.967678197, 0.160302564, -5.353771624, -4.088229600, -0.195704313
880, 1763488789.575781, -0.018940290, -0.691205502, 1.932741563, 0.027341922, -1.276305676, -0.014818430, 0.967678197, 0.160463770, -5.353873120, -4.088195411, -0.195756555
881, 1763488789.604736, -0.018908342, -0.694875717, 1.941452781, 0.027341922, -1.281641006, -0.014778773, 0.967688370, 0.160660804, -5.353975519, -4.088129656, -0.195853846
882, 1763488789.629819, -0.018864075, -0.697950999, 1.948832353, 0.027338902, -1.286194324, -0.014775753, 0.967675654, 0.160821681, -5.354049220, -4.088065966, -0.195913589
883, 1763488789.658483, -0.018738826, -0.700945298, 1.956944346, 0.027338902, -1.291633288, -0.014757395, 0.967673086, 0.160975378, -5.354169019, -4.088035820, -0.195994688
884, 1763488789.680542, -0.018699408, -0.703423242, 1.963919202, 0.027335803, -1.296889544, -0.014745156, 0.967685827, 0.161119279, -5.354249518, -4.088027545, -0.195993044
885, 1763488789.706757, -0.018665155, -0.706014315, 1.971019189, 0.027341922, -1.301174959, -0.014739116, 0.967665482, 0.161266932, -5.354330590, -4.088029519, -0.195973390
886, 1763488789.733241, -0.018642902, -0.708779971, 1.978507956, 0.027338902, -1.305728197, -0.014742215, 0.967680740, 0.161422480, -5.354431627, -4.088034557, -0.195931852
887, 1763488789.759827, -0.018642823, -0.711555223, 1.985919555, 0.027335803, -1.309587479, -0.014726957, 0.967670568, 0.161579658, -5.354511562, -4.088037303, -0.195892858
888, 1763488789.787628, -0.018615802, -0.714436452, 1.993594766, 0.027341922, -1.314439058, -0.014723937, 0.967685827, 0.161733079, -5.354584764, -4.088042327, -0.195897569
889, 1763488789.813998, -0.018613418, -0.717462579, 2.001339237, 0.027348042, -1.318840106, -0.014696519, 0.967675654, 0.161885400, -5.354652025, -4.088066516, -0.195922335
890, 1763488789.842005, -0.018591166, -0.720375776, 2.009179592, 0.027335803, -1.324163357, -0.014666160, 0.967685827, 0.162042981, -5.354714286, -4.088083585, -0.195962912
891, 1763488789.872865, -0.018559297, -0.723438799, 2.017486016, 0.027335803, -1.329967578, -0.014626582, 0.967678197, 0.162205547, -5.354783617, -4.088089637, -0.195994067
892, 1763488789.902408, -0.018524965, -0.726386309, 2.025595347, 0.027341922, -1.334977388, -0.014596224, 0.967673111, 0.162357492, -5.354864727, -4.088107460, -0.195990848
893, 1763488789.936414, -0.018497864, -0.729783595, 2.035211960, 0.027341922, -1.341156006, -0.014562766, 0.967670568, 0.162553443, -5.354968964, -4.088125135, -0.195967550
894, 1763488789.96927, -0.018433968, -0.732718766, 2.044128338, 0.027347962, -1.346643448, -0.014526129, 0.967675654, 0.162707207, -5.355056096, -4.088121712, -0.195954140
895, 1763488789.992636, -0.018392166, -0.735125542, 2.051414649, 0.027335803, -1.351592382, -0.014486551, 0.967693456, 0.162608228, -5.355014739, -4.088089304, -0.195946457
896, 1763488790.0185611, -0.018389861, -0.737350305, 2.058211088, 0.027335882, -1.356239955, -0.014456034, 0.967668025, 0.162756421, -5.355112242, -4.088059721, -0.195980149
897, 1763488790.0435321, -0.018389781, -0.739798685, 2.065678517, 0.027347962, -1.361678918, -0.014401356, 0.967683283, 0.162813437, -5.355144618, -4.088011295, -0.195999884
898, 1763488790.06777, -0.018402020, -0.741824369, 2.071497440, 0.027338823, -1.365398089, -0.014398257, 0.967680740, 0.162830430, -5.355141963, -4.087975176, -0.196006149
899, 1763488790.104906, -0.018394629, -0.745197137, 2.080994288, 0.027344942, -1.371244987, -0.014386098, 0.967683283, 0.163083103, -5.355274530, -4.087913013, -0.195992392
900, 1763488790.1316988, -0.018352826, -0.748144587, 2.089615027, 0.027344942, -1.376890977, -0.014364878, 0.967673111, 0.163179012, -5.355321062, -4.087828797, -0.196002475
901, 1763488790.161453, -0.018345515, -0.750194808, 2.095564524, 0.027338902, -1.380451838, -0.014343580, 0.967685827, 0.163391485, -5.355437883, -4.087776023, -0.196030990
902, 1763488790.187158, -0.018350363, -0.753009617, 2.104305108, 0.027341843, -1.386813164, -0.014313142, 0.967683283, 0.163516406, -5.355483846, -4.087683739, -0.196083988
903, 1763488790.210046, -0.018345515, -0.755052467, 2.110459646, 0.027338902, -1.391384522, -0.014273643, 0.967680740, 0.163710752, -5.355566584, -4.087623462, -0.196136339
904, 1763488790.2397451, -0.018345515, -0.757596870, 2.118049622, 0.027347962, -1.396589200, -0.014234066, 0.967680740, 0.163894896, -5.355677442, -4.087577137, -0.196177196
905, 1763488790.274047, -0.018372456, -0.760623038, 2.126872698, 0.027335882, -1.402560790, -0.014179071, 0.967683283, 0.164101092, -5.355734038, -4.087505975, -0.196147580
906, 1763488790.298914, -0.018365065, -0.762567560, 2.132790327, 0.027344942, -1.406888723, -0.014151732, 0.967673111, 0.164240772, -5.355818081, -4.087480354, -0.196092221
907, 1763488790.323004, -0.018335740, -0.764787396, 2.139493306, 0.027347962, -1.411688487, -0.014090856, 0.967675654, 0.164333629, -5.355836155, -4.087444266, -0.196030667
908, 1763488790.344554, -0.018357754, -0.766601543, 2.144809008, 0.027338823, -1.415343841, -0.014066617, 0.967678197, 0.164499236, -5.355910677, -4.087423694, -0.195952304
909, 1763488790.3844259, -0.018362602, -0.769227087, 2.152716001, 0.027344942, -1.420831521, -0.014051437, 0.967680740, 0.164634468, -5.356000123, -4.087411206, -0.195899135
910, 1763488790.4118102, -0.018409411, -0.771530370, 2.158931891, 0.027332783, -1.422876835, -0.014036179, 0.967685827, 0.164806759, -5.356034739, -4.087367995, -0.195873382
911, 1763488790.445086, -0.018399636, -0.772012194, 2.160303275, 0.027332703, -1.422867775, -0.014033079, 0.967680740, 0.164797633, -5.356094617, -4.087360393, -0.195864747
912, 1763488790.480172, -0.018372456, -0.772027155, 2.159866651, 0.027341922, -1.422855536, -0.014036179, 0.967675654, 0.164850247, -5.356107472, -4.087359397, -0.195857385
913, 1763488790.509557, -0.018362602, -0.772007465, 2.159562906, 0.027335803, -1.422846476, -0.014036179, 0.967683283, 0.164823947, -5.356161866, -4.087360378, -0.195844628
914, 1763488790.539478, -0.018362602, -0.771995147, 2.159645557, 0.027329763, -1.422849496, -0.014011860, 0.967678197, 0.164881008, -5.356173812, -4.087345053, -0.195875428
915, 1763488790.568244, -0.018352826, -0.772014856, 2.159616311, 0.027335882, -1.422837416, -0.014042298, 0.967680740, 0.164909869, -5.356226685, -4.087348488, -0.195882807
916, 1763488790.591601, -0.018325726, -0.772046645, 2.159602960, 0.027332783, -1.422849496, -0.014027039, 0.967675654, 0.164968340, -5.356224333, -4.087348175, -0.195874533
917, 1763488790.613884, -0.018311024, -0.772007366, 2.159626802, 0.027338902, -1.422843456, -0.014027039, 0.967680740, 0.165030351, -5.356255514, -4.087344605, -0.195832545
918, 1763488790.64962, -0.018291394, -0.772032003, 2.159613609, 0.027338902, -1.422840436, -0.014020920, 0.967688370, 0.165040183, -5.356272509, -4.087346487, -0.195783017
919, 1763488790.685009, -0.018306096, -0.772054116, 2.159621557, 0.027329683, -1.422846476, -0.014008760, 0.967670568, 0.165133368, -5.356288658, -4.087341467, -0.195718270
920, 1763488790.711348, -0.018306176, -0.772059023, 2.159624259, 0.027338902, -1.422852516, -0.014011780, 0.967675654, 0.165147654, -5.356305362, -4.087345817, -0.195687307
921, 1763488790.735363, -0.018313408, -0.772078653, 2.159618855, 0.027332783, -1.422846476, -0.014008760, 0.967680740, 0.165230389, -5.356305400, -4.087338328, -0.195672001
922, 1763488790.759733, -0.018315872, -0.772083580, 2.159618855, 0.027344942, -1.422846476, -0.014005820, 0.967683283, 0.165237117, -5.356343229, -4.087342669, -0.195696067
923, 1763488790.789184, -0.018318256, -0.772083580, 2.159629663, 0.027329683, -1.422855536, -0.014008760, 0.967675654, 0.165266750, -5.356350435, -4.087343150, -0.195706061
924, 1763488790.8130481, -0.018313408, -0.772090991, 2.159626961, 0.027332783, -1.422846476, -0.013996681, 0.967678197, 0.165328883, -5.356379231, -4.087343354, -0.195734321
925, 1763488790.841799, -0.018306176, -0.772105753, 2.159629663, 0.027338823, -1.422855536, -0.013996681, 0.967678197, 0.165327860, -5.356395679, -4.087350109, -0.195751559
926, 1763488790.874231, -0.018291394, -0.772122920, 2.159635067, 0.027329683, -1.422879855, -0.013990561, 0.967678197, 0.165383445, -5.356398055, -4.087350830, -0.195765499
927, 1763488790.9181151, -0.018276612, -0.772145013, 2.159637610, 0.027335803, -1.422867616, -0.013990641, 0.967678197, 0.165396493, -5.356428703, -4.087364263, -0.195775528
928, 1763488790.95226, -0.018230041, -0.772167186, 2.159648101, 0.027341922, -1.422873815, -0.013984442, 0.967683283, 0.165457258, -5.356451659, -4.087373643, -0.195772041
929, 1763488790.9852889, -0.018185616, -0.772181908, 2.159645398, 0.027332783, -1.422864596, -0.013969262, 0.967678197, 0.165486092, -5.356468393, -4.087384109, -0.195763773
930, 1763488791.0087838, -0.018151204, -0.772189339, 2.159648101, 0.027332783, -1.422886054, -0.013984521, 0.967683283, 0.165524255, -5.356487231, -4.087388440, -0.195756020
931, 1763488791.0388322, -0.018138965, -0.772201578, 2.159650803, 0.027338902, -1.422882875, -0.013984521, 0.967680740, 0.165533415, -5.356495340, -4.087394365, -0.195747149
932, 1763488791.070752, -0.018114487, -0.772208989, 2.159653505, 0.027338823, -1.422885895, -0.013978402, 0.967680740, 0.165580795, -5.356508629, -4.087395483, -0.195728416
933, 1763488791.098376, -0.018099467, -0.772213916, 2.159650803, 0.027332783, -1.422892094, -0.013969262, 0.967673111, 0.165602270, -5.356527657, -4.087397281, -0.195720824
934, 1763488791.1311831, -0.018092155, -0.772231082, 2.159658909, 0.027332783, -1.422861576, -0.013966163, 0.967670568, 0.165649686, -5.356534650, -4.087395487, -0.195742064
935, 1763488791.1826491, -0.018079996, -0.772240917, 2.159664313, 0.027341922, -1.422885895, -0.013969183, 0.967680740, 0.165661861, -5.356552812, -4.087397739, -0.195764713
936, 1763488791.233828, -0.017981609, -0.772250772, 2.159672260, 0.027338902, -1.422904332, -0.013947884, 0.967675654, 0.165700207, -5.356571253, -4.087395620, -0.195788915
937, 1763488791.321643, -0.017787377, -0.772258103, 2.159672260, 0.027344942, -1.422901154, -0.013935645, 0.967690913, 0.165770262, -5.356587988, -4.087394735, -0.195739870
938, 1763488791.343744, -0.017748117, -0.772272905, 2.159682751, 0.027332703, -1.422898293, -0.013935645, 0.967678197, 0.165788567, -5.356593184, -4.087395102, -0.195707971
939, 1763488791.377175, -0.017760356, -0.772255798, 2.159685453, 0.027338823, -1.422910372, -0.013944785, 0.967678197, 0.165794931, -5.356585626, -4.087398234, -0.195700767
940, 1763488791.418509, -0.017760277, -0.772260666, 2.159698884, 0.027329683, -1.422907352, -0.013923407, 0.967675654, 0.165797355, -5.356586493, -4.087403084, -0.195710282
941, 1763488791.461657, -0.017760356, -0.772248407, 2.159712156, 0.027332783, -1.422901313, -0.013938745, 0.967680740, 0.165819518, -5.356589059, -4.087402018, -0.195721551
942, 1763488791.502793, -0.017748117, -0.772267898, 2.159720103, 0.027320544, -1.422913392, -0.013926506, 0.967675654, 0.165840516, -5.356601172, -4.087403529, -0.195741810
943, 1763488791.5418198, -0.017752965, -0.772263030, 2.159730911, 0.027338902, -1.422940652, -0.013935645, 0.967685827, 0.165865356, -5.356609940, -4.087400982, -0.195745608
944, 1763488791.578347, -0.017740726, -0.772253275, 2.159741402, 0.027329683, -1.422925472, -0.013923486, 0.967678197, 0.165878998, -5.356623402, -4.087398368, -0.195740287
945, 1763488791.606378, -0.017738263, -0.772263030, 2.159741402, 0.027329763, -1.422931512, -0.013917367, 0.967685827, 0.165894661, -5.356626560, -4.087396717, -0.195745631
946, 1763488791.6294909, -0.017730872, -0.772243381, 2.159746726, 0.027332783, -1.422925472, -0.013920466, 0.967678197, 0.165898945, -5.356630659, -4.087393632, -0.195759467
947, 1763488791.6872692, -0.017718633, -0.772253315, 2.159752131, 0.027344942, -1.422928492, -0.013917367, 0.967678197, 0.165919349, -5.356626682, -4.087395841, -0.195766749
948, 1763488791.721878, -0.017703772, -0.772253156, 2.159765402, 0.027335803, -1.422940572, -0.013905207, 0.967685827, 0.165931465, -5.356628944, -4.087396084, -0.195769333
949, 1763488791.76689, -0.017693917, -0.772260646, 2.159783999, 0.027335803, -1.422937552, -0.013905128, 0.967678197, 0.165947191, -5.356630234, -4.087398533, -0.195736831
950, 1763488791.8037162, -0.017701308, -0.772248407, 2.159792026, 0.027341922, -1.422965129, -0.013914347, 0.967675654, 0.165969925, -5.356631657, -4.087398453, -0.195701514
951, 1763488791.830015, -0.017713785, -0.772255699, 2.159815947, 0.027335803, -1.422949791, -0.013902108, 0.967680740, 0.165969381, -5.356640685, -4.087397714, -0.195696091
952, 1763488791.894776, -0.017708778, -0.772253275, 2.159829299, 0.027332783, -1.422943751, -0.013911247, 0.967678197, 0.165980697, -5.356645655, -4.087395660, -0.195729899
953, 1763488791.949891, -0.017689149, -0.772238572, 2.159874598, 0.027335882, -1.422952890, -0.013892968, 0.967680740, 0.165984020, -5.356654933, -4.087393219, -0.195764653
954, 1763488791.997688, -0.017666976, -0.772236009, 2.159919898, 0.027329683, -1.422952890, -0.013899088, 0.967678197, 0.165973287, -5.356662370, -4.087391974, -0.195771520
955, 1763488792.02351, -0.017649651, -0.772233645, 2.159930547, 0.027329683, -1.422949791, -0.013886929, 0.967680740, 0.165972133, -5.356666120, -4.087393682, -0.195774283
956, 1763488792.0525298, -0.017637412, -0.772233546, 2.159954548, 0.027332783, -1.422965129, -0.013890028, 0.967675654, 0.165976691, -5.356664383, -4.087392582, -0.195779440
957, 1763488792.0845098, -0.017622709, -0.772226254, 2.159981092, 0.027335803, -1.422965209, -0.013892968, 0.967683283, 0.165975861, -5.356662855, -4.087391129, -0.195792272
958, 1763488792.109965, -0.017615398, -0.772223790, 2.160031796, 0.027335803, -1.422965129, -0.013896068, 0.967675654, 0.165975276, -5.356665779, -4.087391609, -0.195780653
959, 1763488792.138001, -0.017608166, -0.772218843, 2.160077016, 0.027326663, -1.422959089, -0.013893048, 0.967680740, 0.165971254, -5.356664865, -4.087394388, -0.195768312
960, 1763488792.1712651, -0.017608166, -0.772213916, 2.160127560, 0.027335803, -1.422971249, -0.013892968, 0.967680740, 0.165970062, -5.356659804, -4.087398826, -0.195753233
961, 1763488792.1973069, -0.017612934, -0.772201558, 2.160183509, 0.027326584, -1.422952890, -0.013892968, 0.967680740, 0.165976377, -5.356659375, -4.087396454, -0.195757925
962, 1763488792.219237, -0.017600616, -0.772208969, 2.160212835, 0.027329683, -1.422952890, -0.013889949, 0.967675654, 0.165966661, -5.356660078, -4.087399503, -0.195758850
963, 1763488792.245354, -0.017603079, -0.772216380, 2.160242081, 0.027341922, -1.422983408, -0.013877789, 0.967678197, 0.165968123, -5.356658608, -4.087400290, -0.195769915
964, 1763488792.272321, -0.017600536, -0.772213916, 2.160257975, 0.027329763, -1.422971249, -0.013883829, 0.967685827, 0.165970586, -5.356664748, -4.087396736, -0.195765205
965, 1763488792.301874, -0.017595609, -0.772201558, 2.160276731, 0.027335803, -1.422971249, -0.013880730, 0.967678197, 0.165964733, -5.356664362, -4.087396464, -0.195769167
966, 1763488792.32602, -0.017585754, -0.772199154, 2.160316626, 0.027329683, -1.422974269, -0.013896068, 0.967688370, 0.165960884, -5.356663388, -4.087396765, -0.195788671
967, 1763488792.3479428, -0.017575979, -0.772208969, 2.160346031, 0.027326663, -1.422965050, -0.013874690, 0.967685827, 0.165956732, -5.356669524, -4.087397356, -0.195799424
968, 1763488792.383483, -0.017568747, -0.772201578, 2.160364469, 0.027332783, -1.422971249, -0.013862530, 0.967673111, 0.165954791, -5.356665645, -4.087396213, -0.195814604
969, 1763488792.410378, -0.017551502, -0.772206505, 2.160375277, 0.027338823, -1.422968149, -0.013865709, 0.967680740, 0.165950947, -5.356676328, -4.087396640, -0.195828934
970, 1763488792.435804, -0.017546495, -0.772204041, 2.160386086, 0.027332783, -1.422965050, -0.013871670, 0.967675654, 0.165946479, -5.356682597, -4.087393106, -0.195831583
971, 1763488792.4663239, -0.017526865, -0.772204022, 2.160396576, 0.027338823, -1.422980388, -0.013871670, 0.967673111, 0.165945976, -5.356686746, -4.087394152, -0.195840942
972, 1763488792.5081978, -0.017514547, -0.772204041, 2.160420577, 0.027335723, -1.422962030, -0.013865630, 0.967675654, 0.165946679, -5.356684019, -4.087393318, -0.195823567
973, 1763488792.533511, -0.017517010, -0.772213896, 2.160423120, 0.027329683, -1.422968229, -0.013859510, 0.967680740, 0.165949498, -5.356674589, -4.087396046, -0.195817004
974, 1763488792.570306, -0.017519474, -0.772206505, 2.160425663, 0.027338823, -1.422977209, -0.013868650, 0.967680740, 0.165945764, -5.356674743, -4.087397604, -0.195803179
975, 1763488792.597215, -0.017521938, -0.772218843, 2.160436471, 0.027332783, -1.422971169, -0.013859590, 0.967678197, 0.165948796, -5.356676788, -4.087397310, -0.195783127
976, 1763488792.622035, -0.017519474, -0.772211452, 2.160444578, 0.027335803, -1.422980309, -0.013874690, 0.967680740, 0.165941327, -5.356676668, -4.087398891, -0.195786652
977, 1763488792.651417, -0.017519474, -0.772213916, 2.160449902, 0.027329683, -1.422968229, -0.013862610, 0.967680740, 0.165943202, -5.356678071, -4.087397638, -0.195785102
978, 1763488792.68523, -0.017514547, -0.772216380, 2.160463095, 0.027335803, -1.422977289, -0.013856490, 0.967678197, 0.165944983, -5.356677501, -4.087399359, -0.195803811
979, 1763488792.712061, -0.017512083, -0.772218863, 2.160465717, 0.027329763, -1.422983408, -0.013865630, 0.967668025, 0.165938319, -5.356685394, -4.087396869, -0.195817457
980, 1763488792.736316, -0.017502387, -0.772206505, 2.160468419, 0.027332783, -1.422983329, -0.013865630, 0.967683283, 0.165937592, -5.356692710, -4.087397776, -0.195838083
981, 1763488792.764679, -0.017494917, -0.772196651, 2.160476526, 0.027335803, -1.422983329, -0.013862610, 0.967678197, 0.165932683, -5.356697788, -4.087398206, -0.195831601
982, 1763488792.795488, -0.017482519, -0.772206525, 2.160476526, 0.027338823, -1.422998587, -0.013856490, 0.967675654, 0.165932330, -5.356703592, -4.087394332, -0.195834932
983, 1763488792.819787, -0.017470201, -0.772211452, 2.160487175, 0.027332703, -1.422986348, -0.013856490, 0.967683283, 0.165929873, -5.356713246, -4.087393872, -0.195851584
984, 1763488792.845962, -0.017467737, -0.772201578, 2.160487175, 0.027338902, -1.422989448, -0.013865630, 0.967680740, 0.165928204, -5.356714778, -4.087391340, -0.195853396
985, 1763488792.873277, -0.017448266, -0.772216400, 2.160492420, 0.027335803, -1.422986428, -0.013853391, 0.967678197, 0.165930556, -5.356718489, -4.087392536, -0.195859127
986, 1763488792.901794, -0.017445803, -0.772199114, 2.160500367, 0.027329683, -1.422986348, -0.013856490, 0.967690913, 0.165925888, -5.356721747, -4.087394840, -0.195868271
987, 1763488792.928421, -0.017430941, -0.772201558, 2.160497665, 0.027332783, -1.422977289, -0.013868650, 0.967685827, 0.165923941, -5.356718461, -4.087391992, -0.195865680
988, 1763488792.9538932, -0.017421166, -0.772204061, 2.160511176, 0.027326663, -1.422983408, -0.013859590, 0.967678197, 0.165921447, -5.356712495, -4.087398271, -0.195866212
989, 1763488792.985065, -0.017421087, -0.772196670, 2.160516500, 0.027332783, -1.422989448, -0.013859590, 0.967678197, 0.165919766, -5.356706847, -4.087396870, -0.195866218
990, 1763488793.012226, -0.017416239, -0.772199114, 2.160519123, 0.027338823, -1.422983408, -0.013850451, 0.967680740, 0.165916434, -5.356702404, -4.087398834, -0.195851611
991, 1763488793.050045, -0.017416239, -0.772196670, 2.160521746, 0.027338902, -1.422986348, -0.013862530, 0.967678197, 0.165920578, -5.356699827, -4.087398690, -0.195847824
992, 1763488793.0946581, -0.017413775, -0.772201578, 2.160524368, 0.027344942, -1.422971249, -0.013838291, 0.967678197, 0.165917820, -5.356701013, -4.087396888, -0.195881342
993, 1763488793.1216052, -0.017403920, -0.772196651, 2.160526991, 0.027347962, -1.422983329, -0.013850371, 0.967673111, 0.165908815, -5.356705931, -4.087396261, -0.195909579
994, 1763488793.153484, -0.017389297, -0.772194207, 2.160532316, 0.027332703, -1.422980309, -0.013844331, 0.967683283, 0.165910423, -5.356713149, -4.087397904, -0.195905226
995, 1763488793.1917892, -0.017366966, -0.772186836, 2.160526991, 0.027341843, -1.422992547, -0.013844331, 0.967680740, 0.165895408, -5.356714541, -4.087394313, -0.195921620
996, 1763488793.218803, -0.017362038, -0.772177060, 2.160535097, 0.027332783, -1.422977289, -0.013847351, 0.967683283, 0.165890928, -5.356717007, -4.087395609, -0.195927926
997, 1763488793.2444239, -0.017366966, -0.772186836, 2.160537720, 0.027338902, -1.422983329, -0.013841232, 0.967685827, 0.165889936, -5.356716617, -4.087395377, -0.195935425
998, 1763488793.268409, -0.017352263, -0.772186816, 2.160540422, 0.027329683, -1.422980309, -0.013856570, 0.967683283, 0.165891326, -5.356716461, -4.087397935, -0.195939486
999, 1763488793.301606, -0.017359575, -0.772184372, 2.160545746, 0.027338902, -1.422983329, -0.013853470, 0.967685827, 0.165891640, -5.356714279, -4.087398500, -0.195949923
1000, 1763488793.33168, -0.017357111, -0.772181908, 2.160548369, 0.027332783, -1.422983408, -0.013841311, 0.967683283, 0.165887522, -5.356707577, -4.087398755, -0.195964457
1001, 1763488793.3583941, -0.017337640, -0.772184372, 2.160545746, 0.027323564, -1.422980309, -0.013850451, 0.967680740, 0.165898279, -5.356708604, -4.087398144, -0.195956043
1002, 1763488793.394707, -0.017332713, -0.772174517, 2.160556316, 0.027326584, -1.422986428, -0.013847351, 0.967678197, 0.165884210, -5.356706129, -4.087397922, -0.195942354
1003, 1763488793.4173849, -0.017332713, -0.772169828, 2.160553694, 0.027344863, -1.422977289, -0.013856490, 0.967683283, 0.165882640, -5.356713827, -4.087397796, -0.195925975
1004, 1763488793.4435542, -0.017330249, -0.772181908, 2.160553694, 0.027335882, -1.422998587, -0.013829152, 0.967678197, 0.165864409, -5.356716095, -4.087399077, -0.195935724
1005, 1763488793.469729, -0.017330249, -0.772167106, 2.160559018, 0.027335882, -1.422980309, -0.013841311, 0.967680740, 0.165861654, -5.356718659, -4.087400738, -0.195933008
1006, 1763488793.4969301, -0.017325242, -0.772177060, 2.160556316, 0.027338823, -1.422977289, -0.013835192, 0.967680740, 0.165860151, -5.356723568, -4.087399629, -0.195936678
1007, 1763488793.5218, -0.017310540, -0.772172034, 2.160553694, 0.027335882, -1.422995567, -0.013835192, 0.967680740, 0.165845477, -5.356727203, -4.087398777, -0.195955703
1008, 1763488793.548764, -0.017293294, -0.772167285, 2.160558939, 0.027332783, -1.422989448, -0.013829152, 0.967685827, 0.165847442, -5.356730171, -4.087399340, -0.195959477
1009, 1763488793.5818691, -0.017288367, -0.772164742, 2.160558939, 0.027332783, -1.422986428, -0.013847431, 0.967680740, 0.165840884, -5.356737129, -4.087397567, -0.195959291
1010, 1763488793.6092238, -0.017278671, -0.772172054, 2.160553694, 0.027329763, -1.422977368, -0.013832172, 0.967678197, 0.165836492, -5.356741689, -4.087395852, -0.195959767
1011, 1763488793.6352692, -0.017273744, -0.772162259, 2.160558939, 0.027332783, -1.422986428, -0.013829152, 0.967683283, 0.165829487, -5.356740781, -4.087399149, -0.195966122
1012, 1763488793.665571, -0.017266194, -0.772159775, 2.160561641, 0.027338823, -1.422980309, -0.013835192, 0.967675654, 0.165825867, -5.356744620, -4.087398861, -0.195978571
1013, 1763488793.6924758, -0.017256339, -0.772157351, 2.160566966, 0.027332783, -1.422986428, -0.013826132, 0.967680740, 0.165823739, -5.356743926, -4.087397443, -0.195993620
1014, 1763488793.721357, -0.017239253, -0.772150020, 2.160566966, 0.027338823, -1.422986428, -0.013829152, 0.967688370, 0.165818650, -5.356742780, -4.087397203, -0.195990114
1015, 1763488793.7456992, -0.017236789, -0.772142728, 2.160566966, 0.027329683, -1.422974269, -0.013832172, 0.967680740, 0.165816473, -5.356739899, -4.087397764, -0.195959017
1016, 1763488793.7768419, -0.017239253, -0.772142728, 2.160567045, 0.027344942, -1.422983329, -0.013841232, 0.967680740, 0.165802712, -5.356741533, -4.087402049, -0.195940829
1017, 1763488793.803072, -0.017246485, -0.772140265, 2.160561562, 0.027341922, -1.422980309, -0.013844331, 0.967675654, 0.165797616, -5.356734069, -4.087402670, -0.195923264
1018, 1763488793.824894, -0.017248948, -0.772140185, 2.160561562, 0.027326584, -1.422974189, -0.013829152, 0.967685827, 0.165794123, -5.356730424, -4.087403987, -0.195914026
1019, 1763488793.8498418, -0.017249028, -0.772130410, 2.160572370, 0.027329683, -1.422983408, -0.013823112, 0.967673111, 0.165785303, -5.356730760, -4.087402353, -0.195913513
1020, 1763488793.8967419, -0.017246564, -0.772130251, 2.160561562, 0.027323564, -1.423004707, -0.013826132, 0.967678197, 0.165780368, -5.356735770, -4.087403711, -0.195919860
1021, 1763488793.926974, -0.017241716, -0.772137682, 2.160566966, 0.027332783, -1.422974269, -0.013826132, 0.967683283, 0.165780161, -5.356745553, -4.087402751, -0.195921503
1022, 1763488793.949697, -0.017239173, -0.772132794, 2.160561562, 0.027344942, -1.422980309, -0.013829152, 0.967683283, 0.165776329, -5.356750711, -4.087402749, -0.195913918
1023, 1763488793.9796832, -0.017244101, -0.772125383, 2.160564264, 0.027335803, -1.422974269, -0.013826132, 0.967680740, 0.165778210, -5.356748868, -4.087396326, -0.195891876
1024, 1763488794.0086741, -0.017241637, -0.772140265, 2.160561562, 0.027335803, -1.422986428, -0.013826132, 0.967680740, 0.165766093, -5.356751328, -4.087399066, -0.195889710
1025, 1763488794.0374541, -0.017244180, -0.772127867, 2.160564264, 0.027329683, -1.422974269, -0.013832172, 0.967683283, 0.165762014, -5.356754627, -4.087396831, -0.195904262
1026, 1763488794.060777, -0.017248948, -0.772113125, 2.160569668, 0.027335882, -1.422971249, -0.013826052, 0.967673111, 0.165753290, -5.356746579, -4.087397232, -0.195915359
1027, 1763488794.086588, -0.017251412, -0.772115529, 2.160572370, 0.027329683, -1.422980309, -0.013816913, 0.967670568, 0.165753672, -5.356753700, -4.087399987, -0.195926443
1028, 1763488794.116172, -0.017248948, -0.772113105, 2.160564264, 0.027344942, -1.422977289, -0.013835271, 0.967680740, 0.165759678, -5.356752885, -4.087397413, -0.195930243
1029, 1763488794.1412601, -0.017248948, -0.772118052, 2.160561641, 0.027335882, -1.422986428, -0.013820012, 0.967680740, 0.165751593, -5.356749546, -4.087398832, -0.195898592
1030, 1763488794.16851, -0.017244101, -0.772120436, 2.160569668, 0.027338902, -1.422989527, -0.013820012, 0.967693456, 0.165756651, -5.356748178, -4.087400566, -0.195891534
1031, 1763488794.1951418, -0.017253876, -0.772115568, 2.160564343, 0.027332703, -1.422983408, -0.013829231, 0.967683283, 0.165753392, -5.356736836, -4.087400480, -0.195869226
