# Arm joint positions + body pose collected at 100.0 Hz
# Timestamp: 20251118_130945
# Format: timestep, timestamp_utc, arm0.sh0, arm0.sh1, arm0.el0, arm0.el1, arm0.wr0, arm0.wr1, gripper_open_percentage, body_x, body_y, body_z, body_theta
# Body pose is in odom frame (x, y, z in meters, theta in radians)

0, 1763489385.693841, 0.000713666, -3.118742466, 3.138746023, 1.562165697, -0.001963218, -1.568052928, 0.022837818, 0.167356955, -5.363450218, -4.068390198, -0.176194845
1, 1763489385.722993, 0.000708818, -3.118727605, 3.138751427, 1.562174837, -0.001951059, -1.568061988, 0.022847990, 0.167362575, -5.363448237, -4.068389193, -0.176202470
2, 1763489385.749592, 0.000701427, -3.118740002, 3.138751427, 1.562171817, -0.001969258, -1.568061988, 0.022850553, 0.167365239, -5.363448509, -4.068391464, -0.176201090
3, 1763489385.7780879, 0.000711282, -3.118732532, 3.138748725, 1.562174837, -0.001969258, -1.568058968, 0.022842904, 0.167367210, -5.363438008, -4.068392130, -0.176207982
4, 1763489385.806918, 0.000703891, -3.118732532, 3.138754129, 1.562168757, -0.001960198, -1.568061988, 0.022835294, 0.167361432, -5.363441306, -4.068392739, -0.176208011
5, 1763489385.8319738, 0.000708818, -3.118737539, 3.138754129, 1.562171777, -0.001950979, -1.568058968, 0.022842904, 0.167362570, -5.363433940, -4.068392835, -0.176204151
6, 1763489385.861716, 0.000696659, -3.118744771, 3.138748805, 1.562171777, -0.001978397, -1.568061988, 0.022858183, 0.167353654, -5.363431653, -4.068396073, -0.176210435
7, 1763489385.9029949, 0.000721137, -3.118737380, 3.138756752, 1.562171777, -0.001981497, -1.568052928, 0.022842904, 0.167348045, -5.363425215, -4.068394900, -0.176205615
8, 1763489385.9279518, 0.000713666, -3.118737459, 3.138746103, 1.562171817, -0.001972278, -1.568074226, 0.022845467, 0.167348623, -5.363413435, -4.068393993, -0.176195051
9, 1763489385.951838, 0.000708818, -3.118739923, 3.138751427, 1.562177857, -0.001972357, -1.568058968, 0.022835294, 0.167354284, -5.363412944, -4.068393409, -0.176182790
10, 1763489385.979209, 0.000718673, -3.118737539, 3.138748725, 1.562174797, -0.001972357, -1.568055948, 0.022847990, 0.167353071, -5.363405786, -4.068395522, -0.176183797
11, 1763489386.0073018, 0.000713666, -3.118747234, 3.138754129, 1.562174837, -0.001975377, -1.568061988, 0.022837818, 0.167359246, -5.363400979, -4.068392173, -0.176181269
12, 1763489386.035684, 0.000716130, -3.118737459, 3.138756752, 1.562168757, -0.001966159, -1.568065008, 0.022847990, 0.167358243, -5.363403565, -4.068394572, -0.176175442
13, 1763489386.06406, 0.000703891, -3.118744771, 3.138754129, 1.562171777, -0.001966238, -1.568052928, 0.022840381, 0.167353168, -5.363406327, -4.068396322, -0.176171902
14, 1763489386.0964968, 0.000706355, -3.118734996, 3.138754050, 1.562174837, -0.001957178, -1.568058968, 0.022840381, 0.167352465, -5.363397113, -4.068393912, -0.176168052
15, 1763489386.123792, 0.000708818, -3.118744771, 3.138756752, 1.562174837, -0.001969258, -1.568068027, 0.022842904, 0.167353870, -5.363396746, -4.068397615, -0.176156439
16, 1763489386.145857, 0.000706355, -3.118744771, 3.138754129, 1.562174837, -0.001966238, -1.568071047, 0.022847990, 0.167352084, -5.363395410, -4.068395398, -0.176137582
17, 1763489386.170945, 0.000713666, -3.118739843, 3.138756752, 1.562171777, -0.001966238, -1.568046888, 0.022842944, 0.167348356, -5.363395453, -4.068396698, -0.176142961
18, 1763489386.197075, 0.000718594, -3.118742307, 3.138754050, 1.562177896, -0.001960119, -1.568061988, 0.022853076, 0.167344433, -5.363395238, -4.068398213, -0.176150560
19, 1763489386.217321, 0.000696580, -3.118737539, 3.138751427, 1.562171777, -0.001975377, -1.568068027, 0.022847990, 0.167342573, -5.363398736, -4.068394728, -0.176151103
20, 1763489386.2420402, 0.000716209, -3.118744771, 3.138756752, 1.562162638, -0.001969258, -1.568049908, 0.022853116, 0.167340580, -5.363401827, -4.068396969, -0.176144454
21, 1763489386.267037, 0.000713666, -3.118742387, 3.138754129, 1.562165697, -0.001972278, -1.568058968, 0.022835294, 0.167348338, -5.363399096, -4.068395153, -0.176140490
22, 1763489386.293476, 0.000721137, -3.118739843, 3.138759375, 1.562177857, -0.001978397, -1.568052928, 0.022842904, 0.167349473, -5.363394029, -4.068393982, -0.176141781
23, 1763489386.320261, 0.000703891, -3.118747234, 3.138754050, 1.562171777, -0.001966238, -1.568062147, 0.022840381, 0.167355419, -5.363393186, -4.068392550, -0.176130756
24, 1763489386.341675, 0.000706275, -3.118739843, 3.138748725, 1.562168757, -0.001975457, -1.568061988, 0.022845467, 0.167350095, -5.363382802, -4.068393573, -0.176139187
25, 1763489386.3706088, 0.000703891, -3.118732611, 3.138756752, 1.562168717, -0.001960119, -1.568058968, 0.022842944, 0.167354627, -5.363377575, -4.068394736, -0.176138586
26, 1763489386.410634, 0.000708739, -3.118734996, 3.138754050, 1.562174797, -0.001963218, -1.568065008, 0.022840381, 0.167355995, -5.363369681, -4.068394787, -0.176136814
27, 1763489386.445169, 0.000713666, -3.118744850, 3.138759375, 1.562174837, -0.001957019, -1.568080266, 0.022835255, 0.167348960, -5.363371552, -4.068394916, -0.176141187
28, 1763489386.4725702, 0.000703891, -3.118749698, 3.138756752, 1.562174837, -0.001969258, -1.568065008, 0.022847990, 0.167348013, -5.363377989, -4.068391379, -0.176146671
29, 1763489386.498622, 0.000713666, -3.118747234, 3.138756752, 1.562165737, -0.001972357, -1.568052928, 0.022840341, 0.167349209, -5.363378552, -4.068394090, -0.176156920
30, 1763489386.5264928, 0.000711203, -3.118747234, 3.138759375, 1.562171777, -0.001960119, -1.568065008, 0.022837818, 0.167357809, -5.363377298, -4.068395564, -0.176165224
31, 1763489386.5520341, 0.000708739, -3.118737539, 3.138756752, 1.562171777, -0.001950979, -1.568058968, 0.022837818, 0.167351233, -5.363375615, -4.068392939, -0.176178133
32, 1763489386.5801759, 0.000716130, -3.118737459, 3.138754129, 1.562168717, -0.001969258, -1.568061988, 0.022850573, 0.167346903, -5.363379585, -4.068396192, -0.176203217
33, 1763489386.613406, 0.000708818, -3.118744850, 3.138759375, 1.562171817, -0.001954079, -1.568061988, 0.022842904, 0.167344495, -5.363379013, -4.068397165, -0.176216952
34, 1763489386.650347, 0.000713666, -3.118739843, 3.138756752, 1.562174797, -0.001963218, -1.568058968, 0.022840381, 0.167342564, -5.363381570, -4.068396358, -0.176222786
35, 1763489386.6795242, 0.000711282, -3.118735075, 3.138754050, 1.562168757, -0.001966238, -1.568049908, 0.022850553, 0.167339211, -5.363377613, -4.068397537, -0.176230061
36, 1763489386.711176, 0.000716130, -3.118740002, 3.138756752, 1.562180916, -0.001960198, -1.568074067, 0.022835294, 0.167339593, -5.363380603, -4.068397265, -0.176208400
37, 1763489386.7399738, 0.000711203, -3.118737459, 3.138754129, 1.562174837, -0.001950979, -1.568052928, 0.022845427, 0.167334961, -5.363380626, -4.068398269, -0.176194014
38, 1763489386.76564, 0.000703891, -3.118749698, 3.138759375, 1.562174837, -0.001957099, -1.568058968, 0.022835255, 0.167340318, -5.363388720, -4.068395055, -0.176193735
39, 1763489386.792136, 0.000711203, -3.118742307, 3.138748725, 1.562171777, -0.001932780, -1.568058968, 0.022845467, 0.167335951, -5.363382424, -4.068400148, -0.176177250
40, 1763489386.8213902, 0.000713666, -3.118744850, 3.138759375, 1.562171817, -0.001966238, -1.568058968, 0.022840381, 0.167342960, -5.363384390, -4.068401877, -0.176164127
41, 1763489386.847861, 0.000716130, -3.118747234, 3.138756752, 1.562171817, -0.001963218, -1.568043868, 0.022840381, 0.167350974, -5.363376165, -4.068399563, -0.176162233
42, 1763489386.870831, 0.000713666, -3.118752162, 3.138761997, 1.562174837, -0.001954079, -1.568052928, 0.022835294, 0.167348901, -5.363372059, -4.068400727, -0.176153792
43, 1763489386.90189, 0.000711203, -3.118739843, 3.138759375, 1.562174797, -0.001969258, -1.568052928, 0.022840341, 0.167352061, -5.363370874, -4.068401596, -0.176160516
44, 1763489386.9334579, 0.000713666, -3.118742307, 3.138756673, 1.562165697, -0.001963218, -1.568068186, 0.022847990, 0.167355739, -5.363361477, -4.068399800, -0.176157967
45, 1763489386.957712, 0.000708818, -3.118742387, 3.138761997, 1.562171777, -0.001963218, -1.568065008, 0.022837818, 0.167352454, -5.363368919, -4.068401933, -0.176151072
46, 1763489386.98557, 0.000706355, -3.118749698, 3.138759375, 1.562174837, -0.001954079, -1.568052928, 0.022842904, 0.167351141, -5.363358893, -4.068402263, -0.176166867
47, 1763489387.016503, 0.000706355, -3.118739923, 3.138759375, 1.562174837, -0.001960198, -1.568058968, 0.022858202, 0.167354814, -5.363360353, -4.068403989, -0.176152786
48, 1763489387.042515, 0.000716209, -3.118747234, 3.138764699, 1.562171817, -0.001966238, -1.568068027, 0.022845467, 0.167360102, -5.363368930, -4.068401315, -0.176132653
49, 1763489387.066568, 0.000718594, -3.118744850, 3.138756752, 1.562177896, -0.001963139, -1.568055948, 0.022845467, 0.167352914, -5.363364096, -4.068404953, -0.176129990
50, 1763489387.087647, 0.000696580, -3.118742387, 3.138756752, 1.562177896, -0.001963218, -1.568052928, 0.022840341, 0.167363023, -5.363359417, -4.068402337, -0.176122880
51, 1763489387.115407, 0.000721057, -3.118737459, 3.138756752, 1.562174837, -0.001953999, -1.568055948, 0.022840381, 0.167369365, -5.363355260, -4.068401988, -0.176119855
52, 1763489387.13621, 0.000701427, -3.118742387, 3.138761997, 1.562171777, -0.001966238, -1.568055948, 0.022835294, 0.167372488, -5.363352936, -4.068404418, -0.176112724
53, 1763489387.155634, 0.000716130, -3.118747234, 3.138764699, 1.562162677, -0.001975298, -1.568065008, 0.022845467, 0.167373766, -5.363357842, -4.068404659, -0.176117333
54, 1763489387.1808221, 0.000703812, -3.118742387, 3.138754129, 1.562168717, -0.001969337, -1.568065008, 0.022845467, 0.167374092, -5.363356215, -4.068402728, -0.176114073
55, 1763489387.206362, 0.000713666, -3.118744771, 3.138762077, 1.562168757, -0.001972357, -1.568061988, 0.022845467, 0.167374030, -5.363350881, -4.068404180, -0.176118211
56, 1763489387.230206, 0.000723521, -3.118737459, 3.138759375, 1.562174837, -0.001969337, -1.568077246, 0.022830208, 0.167377226, -5.363354645, -4.068402571, -0.176113930
57, 1763489387.2577028, 0.000708739, -3.118744771, 3.138761997, 1.562174837, -0.001963218, -1.568065008, 0.022842904, 0.167364841, -5.363354642, -4.068403528, -0.176116301
58, 1763489387.282031, 0.000706275, -3.118732532, 3.138764699, 1.562165737, -0.001975377, -1.568058968, 0.022842904, 0.167368698, -5.363341866, -4.068402717, -0.176113398
59, 1763489387.315298, 0.000708739, -3.118752162, 3.138756673, 1.562165737, -0.001960198, -1.568043868, 0.022850513, 0.167369153, -5.363339018, -4.068403054, -0.176124956
60, 1763489387.3427498, 0.000703812, -3.118747234, 3.138759375, 1.562165737, -0.001963218, -1.568055948, 0.022850533, 0.167367099, -5.363337199, -4.068403635, -0.176119927
61, 1763489387.3771331, 0.000716130, -3.118747234, 3.138764779, 1.562171777, -0.001960119, -1.568061988, 0.022832731, 0.167370591, -5.363340037, -4.068403353, -0.176111330
62, 1763489387.4001439, 0.000703891, -3.118754625, 3.138764699, 1.562177896, -0.001966238, -1.568068027, 0.022840381, 0.167366616, -5.363338437, -4.068403337, -0.176103370
63, 1763489387.426355, 0.000708818, -3.118744771, 3.138767401, 1.562168757, -0.001957099, -1.568058968, 0.022827685, 0.167370328, -5.363334483, -4.068402584, -0.176102005
64, 1763489387.453772, 0.000708739, -3.118747234, 3.138759375, 1.562177896, -0.001960119, -1.568049908, 0.022842904, 0.167362950, -5.363335929, -4.068401637, -0.176103107
65, 1763489387.476762, 0.000703891, -3.118749698, 3.138759375, 1.562171817, -0.001960119, -1.568074226, 0.022845467, 0.167361993, -5.363337464, -4.068404475, -0.176093248
66, 1763489387.500803, 0.000703891, -3.118742387, 3.138764699, 1.562177896, -0.001963218, -1.568061988, 0.022832731, 0.167364452, -5.363332645, -4.068399751, -0.176088245
67, 1763489387.529022, 0.000713666, -3.118749698, 3.138759375, 1.562162638, -0.001966238, -1.568049908, 0.022835294, 0.167363799, -5.363328477, -4.068402965, -0.176080074
68, 1763489387.548939, 0.000708739, -3.118747234, 3.138764699, 1.562177857, -0.001966159, -1.568065008, 0.022835294, 0.167366971, -5.363328161, -4.068401698, -0.176081248
69, 1763489387.5786428, 0.000718594, -3.118754546, 3.138762077, 1.562171777, -0.001960119, -1.568055948, 0.022840381, 0.167364658, -5.363328517, -4.068401398, -0.176075417
70, 1763489387.603619, 0.000708818, -3.118747314, 3.138756673, 1.562174797, -0.001954079, -1.568052928, 0.022837818, 0.167357027, -5.363324196, -4.068403011, -0.176089675
71, 1763489387.62895, 0.000708739, -3.118759473, 3.138761997, 1.562183976, -0.001972357, -1.568074226, 0.022840341, 0.167355469, -5.363327536, -4.068401711, -0.176088460
72, 1763489387.65739, 0.000711203, -3.118744771, 3.138761997, 1.562180916, -0.001969337, -1.568065008, 0.022837857, 0.167357375, -5.363325102, -4.068404048, -0.176062792
73, 1763489387.679182, 0.000708818, -3.118749777, 3.138762077, 1.562171777, -0.001975377, -1.568061988, 0.022840381, 0.167357527, -5.363326381, -4.068404537, -0.176058507
74, 1763489387.704375, 0.000706355, -3.118744771, 3.138764699, 1.562168757, -0.001969258, -1.568052928, 0.022840381, 0.167352764, -5.363322983, -4.068399401, -0.176048953
75, 1763489387.743319, 0.000711203, -3.118749698, 3.138761997, 1.562168757, -0.001969258, -1.568049908, 0.022827645, 0.167342070, -5.363322441, -4.068407140, -0.176038220
76, 1763489387.771604, 0.000721137, -3.118752162, 3.138770024, 1.562174837, -0.001969258, -1.568058968, 0.022837818, 0.167342355, -5.363319595, -4.068405984, -0.176016998
77, 1763489387.797159, 0.000718594, -3.118752162, 3.138767401, 1.562168757, -0.001963218, -1.568058968, 0.022840381, 0.167342891, -5.363316737, -4.068406335, -0.176007062
78, 1763489387.823308, 0.000711282, -3.118749698, 3.138764699, 1.562165697, -0.001963218, -1.568058968, 0.022863269, 0.167347369, -5.363313364, -4.068404792, -0.175991754
79, 1763489387.853697, 0.000711203, -3.118749777, 3.138764699, 1.562165737, -0.001969258, -1.568071047, 0.022842944, 0.167349715, -5.363308806, -4.068408259, -0.175977733
80, 1763489387.882802, 0.000716130, -3.118747314, 3.138764699, 1.562171777, -0.001969337, -1.568068027, 0.022850553, 0.167356166, -5.363311314, -4.068404771, -0.175974456
81, 1763489387.910524, 0.000713746, -3.118754625, 3.138764699, 1.562162638, -0.001957099, -1.568058968, 0.022845467, 0.167354643, -5.363310083, -4.068406126, -0.175958816
82, 1763489387.938612, 0.000711203, -3.118749698, 3.138770024, 1.562162638, -0.001969258, -1.568080266, 0.022835294, 0.167356812, -5.363308434, -4.068407383, -0.175948048
83, 1763489387.96404, 0.000706355, -3.118761937, 3.138764699, 1.562180916, -0.001969258, -1.568074226, 0.022837818, 0.167359869, -5.363315335, -4.068407826, -0.175928324
84, 1763489387.990818, 0.000706275, -3.118752162, 3.138770024, 1.562165737, -0.001963139, -1.568052928, 0.022847990, 0.167360991, -5.363319608, -4.068408223, -0.175930769
85, 1763489388.0116549, 0.000718753, -3.118749698, 3.138761997, 1.562177857, -0.001981497, -1.568061988, 0.022837818, 0.167364453, -5.363322989, -4.068403923, -0.175926886
86, 1763489388.0390642, 0.000713666, -3.118742387, 3.138770024, 1.562171817, -0.001966238, -1.568061988, 0.022837857, 0.167365530, -5.363318220, -4.068409774, -0.175923772
87, 1763489388.0651038, 0.000708898, -3.118752162, 3.138767401, 1.562171777, -0.001960198, -1.568071047, 0.022837818, 0.167370412, -5.363320120, -4.068407472, -0.175919215
88, 1763489388.08942, 0.000703891, -3.118759473, 3.138761997, 1.562174837, -0.001975377, -1.568061988, 0.022837857, 0.167367789, -5.363332084, -4.068406491, -0.175895954
89, 1763489388.118907, 0.000718594, -3.118752082, 3.138767401, 1.562174837, -0.001954079, -1.568062147, 0.022845467, 0.167364199, -5.363328614, -4.068410661, -0.175894296
90, 1763489388.143252, 0.000716130, -3.118752162, 3.138767401, 1.562162638, -0.001969258, -1.568043709, 0.022840381, 0.167377014, -5.363327392, -4.068405030, -0.175883717
91, 1763489388.168569, 0.000708739, -3.118757089, 3.138764779, 1.562162677, -0.001953999, -1.568046888, 0.022845427, 0.167367658, -5.363330445, -4.068412303, -0.175869573
92, 1763489388.1954691, 0.000708739, -3.118757089, 3.138770024, 1.562174837, -0.001963139, -1.568058968, 0.022842904, 0.167366299, -5.363326047, -4.068411057, -0.175848617
93, 1763489388.217948, 0.000696580, -3.118761937, 3.138764699, 1.562177896, -0.001953999, -1.568061988, 0.022837857, 0.167375257, -5.363327937, -4.068411632, -0.175829169
94, 1763489388.246194, 0.000708739, -3.118761937, 3.138770103, 1.562168717, -0.001963218, -1.568058968, 0.022840381, 0.167373502, -5.363322946, -4.068414243, -0.175830113
95, 1763489388.274879, 0.000723600, -3.118744771, 3.138770024, 1.562174837, -0.001947959, -1.568074226, 0.022842904, 0.167376062, -5.363321955, -4.068410100, -0.175826479
96, 1763489388.3026922, 0.000713666, -3.118752162, 3.138770024, 1.562177857, -0.001960198, -1.568061988, 0.022845467, 0.167369392, -5.363329693, -4.068416794, -0.175832848
97, 1763489388.327137, 0.000713666, -3.118752162, 3.138767401, 1.562171817, -0.001960119, -1.568071206, 0.022850553, 0.167367795, -5.363318709, -4.068416247, -0.175814889
98, 1763489388.351393, 0.000703891, -3.118744771, 3.138770103, 1.562168757, -0.001978397, -1.568055948, 0.022848030, 0.167373799, -5.363320458, -4.068416285, -0.175815919
99, 1763489388.385638, 0.000718594, -3.118757010, 3.138762077, 1.562168717, -0.001969258, -1.568068027, 0.022840341, 0.167373275, -5.363317173, -4.068419723, -0.175817422
100, 1763489388.409442, 0.000708818, -3.118747234, 3.138770024, 1.562159618, -0.001978397, -1.568055948, 0.022842904, 0.167374772, -5.363316341, -4.068415789, -0.175814332
101, 1763489388.4425442, 0.000708739, -3.118747234, 3.138764699, 1.562171817, -0.001978397, -1.568058968, 0.022840381, 0.167369818, -5.363318435, -4.068420806, -0.175807470
102, 1763489388.472567, 0.000716209, -3.118757089, 3.138772726, 1.562168717, -0.001960119, -1.568061988, 0.022837818, 0.167370660, -5.363312461, -4.068416193, -0.175808176
103, 1763489388.5001202, 0.000718594, -3.118749698, 3.138764699, 1.562177857, -0.001969258, -1.568071047, 0.022847990, 0.167364172, -5.363310227, -4.068420130, -0.175796793
104, 1763489388.526005, 0.000713666, -3.118749698, 3.138767401, 1.562165697, -0.001960119, -1.568055948, 0.022835294, 0.167365976, -5.363306478, -4.068418539, -0.175793962
105, 1763489388.553526, 0.000708739, -3.118749698, 3.138772726, 1.562168757, -0.001960119, -1.568068027, 0.022845467, 0.167367869, -5.363306398, -4.068418196, -0.175809302
106, 1763489388.579901, 0.000716130, -3.118754625, 3.138770103, 1.562174797, -0.001966238, -1.568058968, 0.022845467, 0.167373442, -5.363301281, -4.068420057, -0.175814193
107, 1763489388.601763, 0.000701507, -3.118749698, 3.138764699, 1.562171777, -0.001963139, -1.568055948, 0.022842904, 0.167381809, -5.363297897, -4.068418215, -0.175810537
108, 1763489388.622891, 0.000701507, -3.118759553, 3.138770103, 1.562174837, -0.001963218, -1.568065166, 0.022842904, 0.167381577, -5.363298093, -4.068419220, -0.175808998
109, 1763489388.653735, 0.000718594, -3.118759473, 3.138767401, 1.562174837, -0.001960119, -1.568061988, 0.022845427, 0.167379896, -5.363298666, -4.068420641, -0.175810481
110, 1763489388.678601, 0.000706355, -3.118742307, 3.138767401, 1.562174877, -0.001966238, -1.568068027, 0.022853076, 0.167382280, -5.363300925, -4.068419983, -0.175801501
111, 1763489388.702733, 0.000708739, -3.118754625, 3.138770024, 1.562174877, -0.001960119, -1.568061988, 0.022842904, 0.167373247, -5.363297540, -4.068422599, -0.175814750
112, 1763489388.72535, 0.000701427, -3.118752162, 3.138770024, 1.562168757, -0.001960198, -1.568065008, 0.022842904, 0.167370943, -5.363289628, -4.068421094, -0.175796459
113, 1763489388.756347, 0.000708818, -3.118754625, 3.138772726, 1.562180916, -0.001960119, -1.568061988, 0.022837857, 0.167369285, -5.363293522, -4.068421245, -0.175784247
114, 1763489388.785718, 0.000703891, -3.118752162, 3.138770103, 1.562174837, -0.001975377, -1.568055948, 0.022835255, 0.167368868, -5.363291729, -4.068420533, -0.175769555
115, 1763489388.809332, 0.000706355, -3.118759553, 3.138772726, 1.562174837, -0.001960119, -1.568058968, 0.022842904, 0.167371720, -5.363294656, -4.068422127, -0.175748470
116, 1763489388.8352268, 0.000708818, -3.118757010, 3.138770103, 1.562162677, -0.001975377, -1.568058968, 0.022842904, 0.167378564, -5.363296000, -4.068421572, -0.175754916
117, 1763489388.8661509, 0.000718594, -3.118749698, 3.138764699, 1.562159618, -0.001963139, -1.568061988, 0.022845467, 0.167379267, -5.363282295, -4.068418154, -0.175754473
118, 1763489388.8876312, 0.000713666, -3.118744771, 3.138772726, 1.562174837, -0.001963218, -1.568058968, 0.022835294, 0.167378879, -5.363282716, -4.068420446, -0.175751423
119, 1763489388.915429, 0.000716130, -3.118752241, 3.138764699, 1.562168757, -0.001972357, -1.568068186, 0.022847990, 0.167379547, -5.363281356, -4.068420495, -0.175732781
120, 1763489388.938838, 0.000718594, -3.118761857, 3.138775349, 1.562165697, -0.001960119, -1.568061988, 0.022822559, 0.167379173, -5.363276864, -4.068417702, -0.175727849
121, 1763489388.973163, 0.000706434, -3.118757089, 3.138770024, 1.562171777, -0.001960119, -1.568058968, 0.022835294, 0.167375319, -5.363278597, -4.068420150, -0.175734216
122, 1763489389.002851, 0.000708739, -3.118747234, 3.138767401, 1.562165697, -0.001972278, -1.568065008, 0.022835255, 0.167382642, -5.363274949, -4.068418619, -0.175734385
123, 1763489389.025141, 0.000708818, -3.118757010, 3.138767401, 1.562171817, -0.001957099, -1.568058968, 0.022842904, 0.167383943, -5.363280031, -4.068418715, -0.175736821
124, 1763489389.06236, 0.000716209, -3.118762016, 3.138772726, 1.562165697, -0.001969258, -1.568061988, 0.022830168, 0.167392453, -5.363280979, -4.068418600, -0.175758686
125, 1763489389.093364, 0.000701507, -3.118759553, 3.138764699, 1.562180956, -0.001969258, -1.568058968, 0.022850573, 0.167396005, -5.363286127, -4.068420970, -0.175772105
126, 1763489389.120629, 0.000713666, -3.118761937, 3.138770103, 1.562177896, -0.001960119, -1.568061988, 0.022842924, 0.167402488, -5.363289376, -4.068422189, -0.175763242
127, 1763489389.140227, 0.000703891, -3.118761937, 3.138767401, 1.562171817, -0.001960119, -1.568055948, 0.022835294, 0.167409315, -5.363289533, -4.068423389, -0.175760090
128, 1763489389.170893, 0.000718594, -3.118754546, 3.138770103, 1.562165697, -0.001950979, -1.568068186, 0.022847990, 0.167416723, -5.363293591, -4.068420706, -0.175753186
129, 1763489389.193685, 0.000713666, -3.118754625, 3.138772726, 1.562168717, -0.001969258, -1.568068027, 0.022842904, 0.167422618, -5.363281439, -4.068423664, -0.175761868
130, 1763489389.2176142, 0.000716130, -3.118759473, 3.138772726, 1.562168757, -0.001966238, -1.568077087, 0.022850573, 0.167420148, -5.363283233, -4.068424710, -0.175762485
131, 1763489389.242775, 0.000708739, -3.118749698, 3.138772726, 1.562177896, -0.001969258, -1.568049908, 0.022853076, 0.167428487, -5.363283980, -4.068423463, -0.175765092
132, 1763489389.283057, 0.000713666, -3.118754625, 3.138777971, 1.562177857, -0.001960198, -1.568052928, 0.022847990, 0.167442535, -5.363287072, -4.068421091, -0.175742281
133, 1763489389.308445, 0.000713666, -3.118752162, 3.138772647, 1.562168757, -0.001969258, -1.568071047, 0.022832731, 0.167452406, -5.363297496, -4.068424219, -0.175733001
134, 1763489389.3330061, 0.000703971, -3.118759473, 3.138770103, 1.562177896, -0.001957099, -1.568061988, 0.022840341, 0.167454673, -5.363282093, -4.068422474, -0.175737533
135, 1763489389.365956, 0.000703891, -3.118749698, 3.138767322, 1.562165737, -0.001981497, -1.568068186, 0.022845467, 0.167456240, -5.363286758, -4.068421221, -0.175725082
136, 1763489389.395859, 0.000713666, -3.118744850, 3.138770024, 1.562171817, -0.001957099, -1.568065008, 0.022850553, 0.167464447, -5.363286753, -4.068423862, -0.175729230
137, 1763489389.417372, 0.000708739, -3.118747234, 3.138772726, 1.562168717, -0.001966238, -1.568055948, 0.022845427, 0.167464212, -5.363283254, -4.068426044, -0.175734526
138, 1763489389.441996, 0.000703812, -3.118749698, 3.138777971, 1.562168757, -0.001963218, -1.568065008, 0.022835294, 0.167465552, -5.363281189, -4.068423253, -0.175726085
139, 1763489389.476693, 0.000711282, -3.118759473, 3.138772726, 1.562162677, -0.001969258, -1.568065008, 0.022850553, 0.167472932, -5.363273592, -4.068426381, -0.175728944
140, 1763489389.502314, 0.000706275, -3.118749698, 3.138775349, 1.562168717, -0.001960198, -1.568065008, 0.022837857, 0.167483261, -5.363279176, -4.068424007, -0.175731655
141, 1763489389.52532, 0.000708818, -3.118757089, 3.138772726, 1.562171777, -0.001966238, -1.568061988, 0.022853076, 0.167476411, -5.363271253, -4.068428416, -0.175707115
142, 1763489389.546829, 0.000703971, -3.118757089, 3.138777971, 1.562171777, -0.001960198, -1.568065008, 0.022842904, 0.167483729, -5.363274232, -4.068426736, -0.175714835
143, 1763489389.578326, 0.000718673, -3.118747234, 3.138772726, 1.562177857, -0.001950979, -1.568065008, 0.022842904, 0.167500141, -5.363277015, -4.068423142, -0.175733610
144, 1763489389.601871, 0.000713666, -3.118759473, 3.138772726, 1.562183976, -0.001972278, -1.568061988, 0.022830168, 0.167494376, -5.363270516, -4.068427811, -0.175742880
145, 1763489389.624866, 0.000708739, -3.118759473, 3.138770103, 1.562174837, -0.001957178, -1.568068027, 0.022830208, 0.167501284, -5.363282369, -4.068426500, -0.175753400
146, 1763489389.660954, 0.000716209, -3.118761937, 3.138775428, 1.562171777, -0.001969337, -1.568065008, 0.022845427, 0.167506772, -5.363286949, -4.068425455, -0.175762819
147, 1763489389.685379, 0.000711203, -3.118757089, 3.138772726, 1.562159618, -0.001972278, -1.568071047, 0.022837857, 0.167509230, -5.363287803, -4.068424413, -0.175778313
148, 1763489389.715592, 0.000703891, -3.118759553, 3.138770103, 1.562180916, -0.001969258, -1.568052928, 0.022842944, 0.167524560, -5.363293070, -4.068425079, -0.175773870
149, 1763489389.747388, 0.000718594, -3.118754625, 3.138770024, 1.562168717, -0.001944939, -1.568055948, 0.022845467, 0.167528583, -5.363288308, -4.068429193, -0.175781631
150, 1763489389.7826471, 0.000703971, -3.118752241, 3.138772726, 1.562174797, -0.001963218, -1.568068027, 0.022845467, 0.167543789, -5.363293698, -4.068423754, -0.175792492
151, 1763489389.812879, 0.000706275, -3.118759553, 3.138775349, 1.562171777, -0.001969337, -1.568055948, 0.022855659, 0.167538080, -5.363296829, -4.068428910, -0.175795691
152, 1763489389.837366, 0.000716130, -3.118754625, 3.138772726, 1.562162677, -0.001966238, -1.568061988, 0.022837818, 0.167549813, -5.363303654, -4.068420794, -0.175805168
153, 1763489389.864589, 0.000711203, -3.118759473, 3.138780753, 1.562162638, -0.001966238, -1.568049908, 0.022847990, 0.167551360, -5.363302761, -4.068426736, -0.175807445
154, 1763489389.891794, 0.000708818, -3.118762016, 3.138778051, 1.562183976, -0.001975377, -1.568052928, 0.022845467, 0.167560465, -5.363308366, -4.068425254, -0.175811794
155, 1763489389.916787, 0.000716209, -3.118759553, 3.138777971, 1.562165697, -0.001957178, -1.568061988, 0.022845467, 0.167576711, -5.363306965, -4.068424470, -0.175803331
156, 1763489389.938056, 0.000713666, -3.118762016, 3.138775349, 1.562168757, -0.001960198, -1.568049908, 0.022847990, 0.167575971, -5.363300034, -4.068428835, -0.175800489
157, 1763489389.964654, 0.000713746, -3.118757010, 3.138777971, 1.562171777, -0.001951059, -1.568065008, 0.022832731, 0.167580950, -5.363301368, -4.068425759, -0.175788791
158, 1763489390.0000792, 0.000713666, -3.118759473, 3.138775349, 1.562174797, -0.001972357, -1.568074226, 0.022842904, 0.167590263, -5.363299258, -4.068428123, -0.175778409
159, 1763489390.0212219, 0.000711203, -3.118761937, 3.138772726, 1.562174877, -0.001969337, -1.568068186, 0.022850513, 0.167604454, -5.363309290, -4.068426548, -0.175775779
160, 1763489390.048982, 0.000708818, -3.118766864, 3.138778051, 1.562162638, -0.001969337, -1.568074226, 0.022835255, 0.167602018, -5.363308643, -4.068426643, -0.175784489
161, 1763489390.071858, 0.000706275, -3.118771712, 3.138783375, 1.562177857, -0.001966238, -1.568046888, 0.022840381, 0.167604338, -5.363302116, -4.068428674, -0.175785073
162, 1763489390.099227, 0.000718594, -3.118764321, 3.138783375, 1.562180916, -0.001966159, -1.568065008, 0.022848030, 0.167616892, -5.363300968, -4.068426266, -0.175788404
163, 1763489390.125164, 0.000716289, -3.118764400, 3.138770103, 1.562165737, -0.001966238, -1.568077246, 0.022853116, 0.167616448, -5.363294834, -4.068427921, -0.175793957
164, 1763489390.145602, 0.000696580, -3.118771871, 3.138783375, 1.562171817, -0.001957099, -1.568071206, 0.022850553, 0.167618448, -5.363303245, -4.068429589, -0.175796816
165, 1763489390.169253, 0.000711203, -3.118769328, 3.138772726, 1.562174837, -0.001954079, -1.568061988, 0.022837857, 0.167624007, -5.363305340, -4.068429395, -0.175805955
166, 1763489390.197757, 0.000708739, -3.118769328, 3.138772726, 1.562168757, -0.001954079, -1.568055948, 0.022832731, 0.167621874, -5.363298940, -4.068431408, -0.175812234
167, 1763489390.2183192, 0.000706355, -3.118761937, 3.138777971, 1.562171817, -0.001954079, -1.568058968, 0.022842944, 0.167630338, -5.363301659, -4.068429391, -0.175813434
168, 1763489390.243366, 0.000708818, -3.118759553, 3.138778051, 1.562171777, -0.001966317, -1.568058968, 0.022842944, 0.167635921, -5.363299697, -4.068430916, -0.175809548
169, 1763489390.270371, 0.000708739, -3.118766864, 3.138777971, 1.562171817, -0.001966238, -1.568065008, 0.022850513, 0.167631776, -5.363298369, -4.068432502, -0.175817820
170, 1763489390.295122, 0.000703971, -3.118761937, 3.138780673, 1.562165697, -0.001960119, -1.568055948, 0.022837818, 0.167638533, -5.363298944, -4.068431117, -0.175823598
171, 1763489390.3248231, 0.000708739, -3.118764400, 3.138772726, 1.562171777, -0.001966238, -1.568068027, 0.022835255, 0.167635318, -5.363292259, -4.068430329, -0.175806966
172, 1763489390.352155, 0.000713666, -3.118764321, 3.138775349, 1.562165697, -0.001969258, -1.568046888, 0.022840381, 0.167638481, -5.363296478, -4.068431931, -0.175801284
173, 1763489390.3870862, 0.000716130, -3.118771712, 3.138780673, 1.562168757, -0.001969258, -1.568058968, 0.022837818, 0.167652062, -5.363289613, -4.068434301, -0.175799778
174, 1763489390.415295, 0.000713666, -3.118769328, 3.138777971, 1.562171777, -0.001963218, -1.568055948, 0.022835294, 0.167656113, -5.363296264, -4.068427088, -0.175801100
175, 1763489390.441426, 0.000711203, -3.118757089, 3.138780673, 1.562165697, -0.001950979, -1.568065008, 0.022837818, 0.167660385, -5.363294899, -4.068428821, -0.175804783
176, 1763489390.465416, 0.000711203, -3.118825833, 3.138812701, 1.562177896, -0.001950979, -1.568055948, 0.022848030, 0.167696868, -5.363304506, -4.068370886, -0.175801071
177, 1763489390.489939, 0.000775099, -3.119130611, 3.138967196, 1.562156598, -0.001954039, -1.568132083, 0.022825102, 0.168083238, -5.363330131, -4.067374476, -0.175784563
178, 1763489390.520225, 0.000691652, -3.119074186, 3.138919195, 1.562187036, -0.001881043, -1.568153540, 0.022746225, 0.168149675, -5.363255940, -4.064728303, -0.175700675
179, 1763489390.5469, 0.000659704, -3.119098663, 3.138929923, 1.562168757, -0.001893163, -1.568165938, 0.022820036, 0.168306776, -5.363197395, -4.060942034, -0.175542031
180, 1763489390.598272, 0.000649770, -3.119052092, 3.138892571, 1.562202295, -0.001902302, -1.568138440, 0.022840381, 0.168672133, -5.363134585, -4.052737644, -0.175355710
181, 1763489390.618248, 0.000632763, -3.119091352, 3.138884624, 1.562193155, -0.001905402, -1.568141460, 0.022822599, 0.168963331, -5.363076874, -4.046211247, -0.175318283
182, 1763489390.645497, 0.000642459, -3.119035006, 3.138815324, 1.562205315, -0.001926661, -1.568132401, 0.022845427, 0.169161849, -5.363052973, -4.041615211, -0.175385007
183, 1763489390.671322, 0.000613054, -3.119066795, 3.138788700, 1.562211434, -0.001908461, -1.568123023, 0.022842944, 0.169411281, -5.363055849, -4.035862940, -0.175628920
184, 1763489390.701257, 0.000590801, -3.119000514, 3.138770103, 1.562211434, -0.001923641, -1.568144480, 0.022837857, 0.169691383, -5.363038923, -4.030196811, -0.175930849
185, 1763489390.725881, 0.000620445, -3.119012833, 3.138746023, 1.562220573, -0.001935879, -1.568119844, 0.022842944, 0.169912893, -5.363046531, -4.025698274, -0.176143746
186, 1763489390.7506812, 0.000610431, -3.119005442, 3.138738076, 1.562232773, -0.001920621, -1.568119844, 0.022840381, 0.170063379, -5.363091879, -4.021986840, -0.176329606
187, 1763489390.7812638, 0.000595729, -3.118983110, 3.138732831, 1.562220573, -0.001944939, -1.568120003, 0.022847990, 0.170218342, -5.363121692, -4.017643739, -0.176479452
188, 1763489390.811784, 0.000630220, -3.118983189, 3.138735374, 1.562226653, -0.001950979, -1.568113804, 0.022837857, 0.170351038, -5.363160349, -4.014087612, -0.176568674
189, 1763489390.836823, 0.000593265, -3.118973494, 3.138732751, 1.562226693, -0.001935879, -1.568116824, 0.022842904, 0.170442721, -5.363214724, -4.011436369, -0.176615934
190, 1763489390.874704, 0.000620286, -3.118985653, 3.138740778, 1.562232733, -0.001929720, -1.568119844, 0.022850553, 0.170512804, -5.363222708, -4.009030363, -0.176666633
191, 1763489390.906977, 0.000598192, -3.118993123, 3.138751427, 1.562223593, -0.001923641, -1.568113804, 0.022842904, 0.170509691, -5.363216978, -4.007272196, -0.176696524
192, 1763489390.933912, 0.000617981, -3.118973335, 3.138759375, 1.562229713, -0.001935800, -1.568113804, 0.022845467, 0.170423735, -5.363191653, -4.006134763, -0.176681935
193, 1763489390.9599931, 0.000607967, -3.119005442, 3.138767401, 1.562217553, -0.001938820, -1.568123023, 0.022837818, 0.170325563, -5.363153864, -4.005600574, -0.176616199
194, 1763489390.996572, 0.000632604, -3.119002978, 3.138791323, 1.562208414, -0.001938820, -1.568126202, 0.022837818, 0.170132749, -5.363084698, -4.005157492, -0.176586831
195, 1763489391.0241332, 0.000622829, -3.119002978, 3.138807297, 1.562214494, -0.001938820, -1.568132242, 0.022830208, 0.169934861, -5.363010884, -4.004974779, -0.176581612
196, 1763489391.05229, 0.000620286, -3.119005442, 3.138815324, 1.562229753, -0.001908422, -1.568123023, 0.022845467, 0.169735223, -5.362971811, -4.004904512, -0.176635768
197, 1763489391.0806131, 0.000608047, -3.119020224, 3.138815324, 1.562214494, -0.001923641, -1.568119844, 0.022840381, 0.169554160, -5.362936792, -4.004878282, -0.176650631
198, 1763489391.107421, 0.000620286, -3.119010369, 3.138823271, 1.562214494, -0.001923720, -1.568129063, 0.022820036, 0.169441403, -5.362916126, -4.004857883, -0.176643094
199, 1763489391.131413, 0.000615358, -3.119022687, 3.138817946, 1.562211434, -0.001944860, -1.568126043, 0.022830208, 0.169366552, -5.362904546, -4.004845044, -0.176602669
200, 1763489391.163093, 0.000622908, -3.119007905, 3.138825893, 1.562220573, -0.001932700, -1.568129063, 0.022825122, 0.169310957, -5.362887418, -4.004837807, -0.176578468
201, 1763489391.196182, 0.000625451, -3.119017760, 3.138823271, 1.562211434, -0.001917521, -1.568126043, 0.022825122, 0.169252644, -5.362860804, -4.004813983, -0.176573099
202, 1763489391.2218199, 0.000617981, -3.119007905, 3.138825893, 1.562217514, -0.001941840, -1.568123023, 0.022822559, 0.169213450, -5.362852247, -4.004794251, -0.176624581
203, 1763489391.249079, 0.000622908, -3.119015296, 3.138820648, 1.562208414, -0.001926661, -1.568120003, 0.022830208, 0.169177328, -5.362844828, -4.004791103, -0.176683436
204, 1763489391.274276, 0.000607967, -3.119015296, 3.138828595, 1.562202334, -0.001920621, -1.568123023, 0.022842904, 0.169140743, -5.362832784, -4.004795824, -0.176690572
205, 1763489391.297774, 0.000632763, -3.119010369, 3.138823271, 1.562211434, -0.001923641, -1.568123023, 0.022835294, 0.169109781, -5.362825760, -4.004794714, -0.176664475
206, 1763489391.325821, 0.000620365, -3.119002978, 3.138828595, 1.562199275, -0.001926740, -1.568129222, 0.022822559, 0.169076677, -5.362817332, -4.004789979, -0.176608813
207, 1763489391.349998, 0.000639995, -3.119017760, 3.138825893, 1.562214454, -0.001926661, -1.568123023, 0.022837818, 0.169054578, -5.362807592, -4.004789972, -0.176585327
208, 1763489391.396072, 0.000627915, -3.119012833, 3.138831298, 1.562208374, -0.001911481, -1.568123182, 0.022827645, 0.169019905, -5.362778166, -4.004787488, -0.176554888
209, 1763489391.4249878, 0.000630379, -3.119022608, 3.138823271, 1.562217553, -0.001932780, -1.568120003, 0.022837818, 0.168996471, -5.362751646, -4.004788207, -0.176561973
210, 1763489391.449573, 0.000620445, -3.119017760, 3.138828595, 1.562205315, -0.001917601, -1.568123023, 0.022827685, 0.168973419, -5.362724608, -4.004791794, -0.176564929
211, 1763489391.4770079, 0.000406504, -3.117400090, 3.138176123, 1.562193155, -0.001932780, -1.568116983, 0.022822559, 0.168968169, -5.362705479, -4.004805931, -0.176549546
212, 1763489391.508969, 0.000718673, -3.109695911, 3.131441037, 1.562126160, -0.001887083, -1.568205357, 0.022794565, 0.168893317, -5.362666801, -4.004939940, -0.176465949
213, 1763489391.536006, 0.000256459, -3.088178317, 3.114708344, 1.562147458, -0.001911521, -1.568181197, 0.022764067, 0.168802573, -5.362649390, -4.005275168, -0.176277287
214, 1763489391.576201, 0.000298341, -3.042898814, 3.076923529, 1.562135339, -0.001917561, -1.568202337, 0.022781869, 0.168463525, -5.362600826, -4.005739788, -0.176069532
215, 1763489391.5996459, 0.000271320, -2.996230364, 3.039042632, 1.562208374, -0.001938899, -1.568156560, 0.022809863, 0.168136487, -5.362541147, -4.006186106, -0.176007316
216, 1763489391.629975, 0.000376860, -2.936545293, 2.995601257, 1.562251012, -0.001938820, -1.568126043, 0.022847990, 0.167584220, -5.362439403, -4.006607076, -0.176012938
217, 1763489391.656611, 0.000684341, -2.856153806, 2.940700134, 1.562269211, -0.002215862, -1.567998250, 0.022830168, 0.166699298, -5.362284433, -4.007033264, -0.176072521
218, 1763489391.683004, 0.000969410, -2.790404081, 2.895319859, 1.560963511, -0.009365241, -1.560754458, 0.022886157, 0.165981625, -5.362117082, -4.007229094, -0.176116185
219, 1763489391.711052, 0.000866175, -2.746835629, 2.866112947, 1.546530724, -0.021758914, -1.543567181, 0.022934536, 0.165582693, -5.361952865, -4.007244588, -0.175884217
220, 1763489391.748307, 0.000605583, -2.700393279, 2.841630538, 1.501938780, -0.040041844, -1.498929660, 0.022982876, 0.165243468, -5.361803794, -4.007169941, -0.175710150
221, 1763489391.777969, 0.000662088, -2.678327560, 2.839840810, 1.440521717, -0.055561225, -1.438629309, 0.022886197, 0.165319971, -5.361757496, -4.007024280, -0.175823172
222, 1763489391.8196962, 0.000475327, -2.679618279, 2.859865268, 1.336959680, -0.075722059, -1.337383588, 0.022881130, 0.165834082, -5.361756310, -4.006984965, -0.175721135
223, 1763489391.854626, 0.000391642, -2.683789730, 2.877228975, 1.248570085, -0.089257081, -1.250026067, 0.022842904, 0.165985068, -5.361758324, -4.006985100, -0.175657515
224, 1763489391.879515, 0.000470479, -2.685682853, 2.893314441, 1.144661268, -0.102609396, -1.146171888, 0.022781849, 0.165961332, -5.361704527, -4.006985330, -0.175688690
225, 1763489391.903918, 0.000406504, -2.686108112, 2.902723392, 1.057744821, -0.113371611, -1.059441010, 0.022789518, 0.165898277, -5.361662673, -4.007016237, -0.175753480
226, 1763489391.9294112, 0.000317971, -2.685830434, 2.909746170, 0.958401283, -0.124033451, -0.960225344, 0.022802214, 0.165819847, -5.361607583, -4.007057427, -0.175779605
227, 1763489391.9599721, 0.000376940, -2.684611082, 2.914816777, 0.841216087, -0.136420965, -0.843116204, 0.022771676, 0.165796089, -5.361625773, -4.007046109, -0.175867872
228, 1763489392.003726, 0.000266314, -2.680156549, 2.918079217, 0.633239905, -0.157735348, -0.632863442, 0.022827645, 0.165732196, -5.361601400, -4.007055649, -0.175945637
229, 1763489392.032033, 0.000396649, -2.675385157, 2.917378743, 0.502748092, -0.173656543, -0.500061591, 0.022901495, 0.165753545, -5.361654527, -4.007046088, -0.176067401
230, 1763489392.067223, 0.000303189, -2.670185725, 2.915581147, 0.396026850, -0.188061794, -0.391921997, 0.022822559, 0.165722394, -5.361611477, -4.007040289, -0.175982905
231, 1763489392.092769, 0.000428677, -2.663941701, 2.913756927, 0.289229472, -0.205203533, -0.284238895, 0.022865812, 0.165738873, -5.361666984, -4.007024614, -0.175979360
232, 1763489392.121701, 0.000374556, -2.659440438, 2.912984610, 0.219475905, -0.216845433, -0.213961919, 0.022853096, 0.165719837, -5.361604436, -4.007030846, -0.175884499
233, 1763489392.144439, 0.000094175, -2.653216044, 2.913527886, 0.173045715, -0.229841550, -0.166521152, 0.022830208, 0.166020209, -5.361711216, -4.006581677, -0.175870703
234, 1763489392.172669, -0.001289686, -2.642697016, 2.918436050, 0.157121499, -0.246499300, -0.149811665, 0.022914151, 0.166016932, -5.361710066, -4.004454465, -0.175744504
235, 1763489392.19561, -0.006422599, -2.631472349, 2.927669207, 0.141236862, -0.257602374, -0.134487152, 0.022728443, 0.165813666, -5.361541922, -4.000631206, -0.175376343
236, 1763489392.217889, -0.008576155, -2.622140567, 2.940202077, 0.128045877, -0.279869397, -0.120096922, 0.022850553, 0.165683036, -5.361409453, -3.996121869, -0.175397806
237, 1763489392.246134, -0.008664687, -2.608482281, 2.954106410, 0.112885714, -0.302714745, -0.105438948, 0.022848030, 0.165453149, -5.361279991, -3.990314704, -0.175770168
238, 1763489392.273412, -0.010262648, -2.589922190, 2.966663361, 0.098586718, -0.326911529, -0.090966463, 0.022797108, 0.165075781, -5.361137707, -3.983924409, -0.175956400
239, 1763489392.296515, -0.012644688, -2.568972588, 2.975781997, 0.086938779, -0.352873564, -0.079717318, 0.022817473, 0.164617848, -5.360978212, -3.977989403, -0.176014130
240, 1763489392.32145, -0.014313857, -2.546041489, 2.982383887, 0.076812744, -0.379529476, -0.068869909, 0.022820036, 0.164087187, -5.360842605, -3.972254057, -0.176100909
241, 1763489392.354975, -0.016132991, -2.520280917, 2.987193584, 0.066570997, -0.408242861, -0.059032917, 0.022817473, 0.163536208, -5.360750833, -3.966630005, -0.176138257
242, 1763489392.389472, -0.018529812, -2.486673435, 2.991025845, 0.055854400, -0.445311069, -0.048988978, 0.022858202, 0.162920950, -5.360664416, -3.960178562, -0.176115829
243, 1763489392.412899, -0.020830711, -2.456849337, 2.992788871, 0.047676245, -0.474295298, -0.040552139, 0.022817473, 0.162441428, -5.360644198, -3.954635433, -0.176093572
244, 1763489392.442357, -0.022295952, -2.440216541, 2.994224389, 0.043418169, -0.492246628, -0.035606225, 0.022848030, 0.162243080, -5.360677824, -3.951353825, -0.176114837
245, 1763489392.4807522, -0.023203055, -2.420043627, 2.997028669, 0.037717501, -0.514102777, -0.031491280, 0.022837818, 0.162123381, -5.360708083, -3.947339690, -0.176193572
246, 1763489392.510939, -0.024110158, -2.408337196, 2.999870221, 0.034530878, -0.526067336, -0.029531240, 0.022837818, 0.162134837, -5.360763013, -3.945006950, -0.176243456
247, 1763489392.560464, -0.024884621, -2.397914012, 3.004245758, 0.032509883, -0.539252202, -0.028295517, 0.022840381, 0.162023829, -5.360794841, -3.943030120, -0.176385206
248, 1763489392.589588, -0.024987857, -2.383491198, 3.010562817, 0.031922579, -0.557687362, -0.028228601, 0.022865832, 0.161715202, -5.360747762, -3.941323306, -0.176678404
249, 1763489392.6143959, -0.025066535, -2.373608748, 3.013036887, 0.031843344, -0.565329790, -0.028198083, 0.022825122, 0.161479613, -5.360716819, -3.940838056, -0.176758705
250, 1763489392.645372, -0.024990241, -2.363915682, 3.015444438, 0.031782468, -0.574646314, -0.028188944, 0.022804777, 0.161220827, -5.360677935, -3.940419196, -0.176816008
251, 1763489392.677367, -0.025002480, -2.350707213, 3.018190066, 0.031648715, -0.587596893, -0.028161526, 0.022812386, 0.160878950, -5.360591572, -3.939891427, -0.176710150
252, 1763489392.7036538, -0.024963299, -2.341431936, 3.019351323, 0.031615098, -0.594499826, -0.028170586, 0.022820036, 0.160674839, -5.360534552, -3.939586134, -0.176616174
253, 1763489392.729492, -0.024970690, -2.333142598, 3.019875924, 0.031551123, -0.600221793, -0.028143167, 0.022814910, 0.160547288, -5.360482703, -3.939380876, -0.176550868
254, 1763489392.756694, -0.025049289, -2.324049393, 3.019846598, 0.031496366, -0.608211358, -0.028131008, 0.022827645, 0.160458117, -5.360424355, -3.939299118, -0.176503682
255, 1763489392.793043, -0.025002559, -2.313601573, 3.018770695, 0.031426430, -0.614195029, -0.028106689, 0.022835255, 0.160389889, -5.360389700, -3.939395727, -0.176496114
256, 1763489392.817902, -0.024985154, -2.306030035, 3.017505725, 0.031332095, -0.616118590, -0.028064171, 0.022825082, 0.160312792, -5.360341561, -3.939504289, -0.176476540
257, 1763489392.869942, -0.024896781, -2.297067086, 3.016232729, 0.031252782, -0.621027946, -0.028048913, 0.022840381, 0.160159909, -5.360295107, -3.939597182, -0.176469524
258, 1763489392.892895, -0.024732113, -2.280739148, 3.014448404, 0.031021595, -0.633102020, -0.027957678, 0.022860765, 0.159961473, -5.360247922, -3.939746197, -0.176481889
259, 1763489392.918731, -0.023416917, -2.262019078, 3.010823806, 0.030939420, -0.645032883, -0.028015455, 0.022809863, 0.159655904, -5.360180183, -3.939942742, -0.176543435
260, 1763489392.942157, -0.022807201, -2.244648695, 3.006181876, 0.030887604, -0.653201977, -0.027985096, 0.022835294, 0.159353147, -5.360110895, -3.940165253, -0.176455645
261, 1763489392.977046, -0.022126357, -2.222902536, 2.999577284, 0.030869325, -0.667729139, -0.028000275, 0.022825122, 0.158982706, -5.360036233, -3.940458795, -0.176417536
262, 1763489393.006163, -0.020383437, -2.200681925, 2.992642403, 0.030869404, -0.683924198, -0.028018475, 0.022845467, 0.158662543, -5.359991883, -3.940743425, -0.176502292
263, 1763489393.0282261, -0.019441843, -2.185460091, 2.987502575, 0.030857245, -0.693137169, -0.028021495, 0.022827645, 0.158461609, -5.359962920, -3.940933687, -0.176492747
264, 1763489393.061368, -0.018524885, -2.168514967, 2.981829961, 0.030863285, -0.705466986, -0.028070291, 0.022848030, 0.158242945, -5.359930711, -3.941132912, -0.176458953
265, 1763489393.084779, -0.017305533, -2.147865216, 2.974921783, 0.030884584, -0.719129642, -0.028109789, 0.022812386, 0.158005433, -5.359874133, -3.941316627, -0.176416959
266, 1763489393.133535, -0.016280492, -2.125435750, 2.967387597, 0.030878544, -0.734795173, -0.028170665, 0.022845467, 0.157735330, -5.359779899, -3.941509202, -0.176364712
267, 1763489393.161775, -0.015314341, -2.104122321, 2.960090558, 0.030878464, -0.749696652, -0.028237661, 0.022842944, 0.157472282, -5.359683063, -3.941684709, -0.176346345
268, 1763489393.189326, -0.014498154, -2.086761793, 2.954167684, 0.030905883, -0.760894219, -0.028283358, 0.022809863, 0.157263373, -5.359585756, -3.941811342, -0.176346457
269, 1763489393.2135181, -0.014013926, -2.072238127, 2.949254195, 0.030912002, -0.771537622, -0.028356314, 0.022840381, 0.157099435, -5.359515222, -3.941925068, -0.176371903
270, 1763489393.241704, -0.013664802, -2.056854010, 2.943842649, 0.030930281, -0.781280200, -0.028368473, 0.022840381, 0.156929389, -5.359444845, -3.942033985, -0.176378388
271, 1763489393.289872, -0.013030529, -2.032071908, 2.935000976, 0.030957619, -0.798062801, -0.028392871, 0.022830208, 0.156678007, -5.359334974, -3.942217928, -0.176329769
272, 1763489393.318125, -0.012526671, -2.013961554, 2.928050121, 0.031000217, -0.809777578, -0.028395812, 0.022822559, 0.156494298, -5.359278537, -3.942332464, -0.176347278
273, 1763489393.339991, -0.012418429, -2.000807166, 2.922422886, 0.031012456, -0.816208839, -0.028380632, 0.022830208, 0.156356929, -5.359217509, -3.942422646, -0.176320713
274, 1763489393.394517, -0.012349606, -1.985663970, 2.914414724, 0.031027635, -0.822883368, -0.028389772, 0.022820036, 0.156208191, -5.359145459, -3.942609124, -0.176328349
275, 1763489393.4169989, -0.012278398, -1.968881130, 2.904217561, 0.031055133, -0.831006765, -0.028404951, 0.022840341, 0.156015464, -5.359076443, -3.942870156, -0.176411056
276, 1763489393.4408162, -0.012266080, -1.959706783, 2.898252010, 0.031076511, -0.834674279, -0.028408051, 0.022835294, 0.155872032, -5.359014384, -3.942985852, -0.176410685
277, 1763489393.494505, -0.012317657, -1.942122539, 2.887349049, 0.031082551, -0.840155840, -0.028398911, 0.022832731, 0.155590630, -5.358928197, -3.943159500, -0.176397956
278, 1763489393.53169, -0.012453000, -1.925047199, 2.876549880, 0.031079531, -0.845092614, -0.028392792, 0.022812386, 0.155368950, -5.358843883, -3.943367856, -0.176364224
279, 1763489393.554065, -0.012568553, -1.914715052, 2.870073080, 0.031088591, -0.848900080, -0.028398911, 0.022822599, 0.155235470, -5.358795602, -3.943499064, -0.176339693
280, 1763489393.6015491, -0.012718439, -1.900909066, 2.860973040, 0.031100829, -0.855179151, -0.028371572, 0.022827645, 0.155031138, -5.358726855, -3.943646879, -0.176370717
281, 1763489393.625272, -0.012826443, -1.889030536, 2.852972825, 0.031106869, -0.860265017, -0.028365533, 0.022847990, 0.154855498, -5.358639524, -3.943761340, -0.176326449
282, 1763489393.6586308, -0.012986342, -1.878100991, 2.845228513, 0.031091611, -0.861053387, -0.028395891, 0.022837818, 0.154694490, -5.358560773, -3.943864883, -0.176302713
283, 1763489393.689826, -0.013274034, -1.863882144, 2.835952679, 0.031094710, -0.864264329, -0.028383652, 0.022817473, 0.154500871, -5.358445754, -3.943981662, -0.176221324
284, 1763489393.717677, -0.013519843, -1.854243159, 2.829651674, 0.031115929, -0.869128068, -0.028386752, 0.022837818, 0.154370945, -5.358380568, -3.944103205, -0.176210876
285, 1763489393.7411141, -0.013691743, -1.845026970, 2.822919130, 0.031100750, -0.870129347, -0.028386752, 0.022832731, 0.154243171, -5.358320223, -3.944183873, -0.176236738
286, 1763489393.776972, -0.013711452, -1.835749427, 2.816586177, 0.031103770, -0.871182521, -0.028386672, 0.022832731, 0.154114285, -5.358253467, -3.944229488, -0.176278679
287, 1763489393.8020859, -0.013750871, -1.823971669, 2.808660587, 0.031106869, -0.875799576, -0.028374513, 0.022814910, 0.153958289, -5.358184093, -3.944327625, -0.176306335
288, 1763489393.8258638, -0.013834476, -1.816574653, 2.802921454, 0.031103770, -0.879135370, -0.028377612, 0.022840381, 0.153856675, -5.358143037, -3.944425046, -0.176309433
289, 1763489393.854144, -0.013959726, -1.807918827, 2.795930703, 0.031119029, -0.879473289, -0.028380632, 0.022832731, 0.153710544, -5.358090460, -3.944502127, -0.176284537
290, 1763489393.8866088, -0.014046033, -1.796278874, 2.787493706, 0.031112989, -0.882276376, -0.028383652, 0.022820036, 0.153508662, -5.358019520, -3.944565136, -0.176235076
291, 1763489393.9136598, -0.014203231, -1.786411166, 2.780263265, 0.031119029, -0.887986263, -0.028374592, 0.022837857, 0.153356005, -5.357970247, -3.944639477, -0.176203035
292, 1763489393.938138, -0.014434338, -1.777839104, 2.773355087, 0.031116009, -0.890710274, -0.028377612, 0.022832731, 0.153224334, -5.357930245, -3.944708801, -0.176179013
293, 1763489393.966644, -0.014643272, -1.769753814, 2.766995430, 0.031112989, -0.892670393, -0.028368473, 0.022822559, 0.153132852, -5.357898437, -3.944739322, -0.176178345
294, 1763489393.998544, -0.014793237, -1.757442474, 2.757730246, 0.031106949, -0.895863056, -0.028374513, 0.022840381, 0.152959406, -5.357817660, -3.944780322, -0.176208318
295, 1763489394.02068, -0.014825106, -1.750163515, 2.751996517, 0.031119029, -0.895917972, -0.028374592, 0.022832771, 0.152812284, -5.357793994, -3.944800988, -0.176270227
296, 1763489394.047222, -0.014852206, -1.742277265, 2.745972395, 0.031119029, -0.896018346, -0.028359413, 0.022842944, 0.152691632, -5.357729782, -3.944802957, -0.176326956
297, 1763489394.070956, -0.014891624, -1.733968258, 2.739887158, 0.031116009, -0.897004445, -0.028356314, 0.022817512, 0.152488384, -5.357654879, -3.944830335, -0.176372472
298, 1763489394.096542, -0.014935732, -1.726401607, 2.734177272, 0.031119029, -0.900048097, -0.028344075, 0.022820036, 0.152301073, -5.357626326, -3.944847881, -0.176366301
299, 1763489394.13228, -0.015029192, -1.716779828, 2.726283709, 0.031122049, -0.903852622, -0.028353294, 0.022835255, 0.152072442, -5.357506200, -3.944889088, -0.176298983
300, 1763489394.1568582, -0.015093168, -1.710995396, 2.721447388, 0.031119029, -0.904853980, -0.028362433, 0.022842904, 0.151907289, -5.357462868, -3.944910815, -0.176243056
301, 1763489394.1929688, -0.015284936, -1.703723669, 2.715532541, 0.031119029, -0.904771805, -0.028359413, 0.022835294, 0.151711896, -5.357389473, -3.944929175, -0.176177888
302, 1763489394.238326, -0.015447140, -1.696102937, 2.709521770, 0.031109889, -0.904796203, -0.028347254, 0.022830208, 0.151460131, -5.357325700, -3.944954820, -0.176150820
303, 1763489394.2771819, -0.015594562, -1.684273680, 2.699798505, 0.031112989, -0.905359189, -0.028350274, 0.022830208, 0.151065560, -5.357218618, -3.944984492, -0.176254527
304, 1763489394.308681, -0.015648683, -1.676048120, 2.693026145, 0.031119029, -0.909291506, -0.028341134, 0.022830208, 0.150804522, -5.357159131, -3.945004056, -0.176295025
305, 1763489394.335637, -0.015724897, -1.670740684, 2.688285748, 0.031125069, -0.912249804, -0.028331995, 0.022819996, 0.150625252, -5.357110325, -3.945032701, -0.176305792
306, 1763489394.386742, -0.015865167, -1.664882501, 2.682927450, 0.031119029, -0.913297017, -0.028319756, 0.022840401, 0.150455410, -5.357058962, -3.945033977, -0.176271879
307, 1763489394.418059, -0.016145150, -1.656391621, 2.675459941, 0.031122049, -0.913269599, -0.028292497, 0.022827645, 0.150139137, -5.356985081, -3.945065469, -0.176200695
308, 1763489394.463702, -0.016236305, -1.649400115, 2.669670264, 0.031119029, -0.913306157, -0.028322776, 0.022827645, 0.149941788, -5.356929124, -3.945073589, -0.176177982
309, 1763489394.510689, -0.016278028, -1.641083757, 2.662836472, 0.031119029, -0.913339615, -0.028286378, 0.022832731, 0.149699631, -5.356871799, -3.945090172, -0.176161506
310, 1763489394.5453389, -0.016332070, -1.632403493, 2.655662060, 0.031116009, -0.913427830, -0.028280338, 0.022812386, 0.149450603, -5.356820049, -3.945102970, -0.176174312
311, 1763489394.5922072, -0.016393503, -1.626154462, 2.650503397, 0.031106949, -0.915068309, -0.028277238, 0.022827645, 0.149285531, -5.356784187, -3.945111342, -0.176183760
312, 1763489394.6237361, -0.016457478, -1.618219058, 2.643858910, 0.031119029, -0.920559009, -0.028262059, 0.022817473, 0.149056704, -5.356741902, -3.945124961, -0.176173926
313, 1763489394.65891, -0.016523918, -1.612196287, 2.638263623, 0.031116009, -0.921995560, -0.028243780, 0.022835294, 0.148872769, -5.356700849, -3.945132405, -0.176162278
314, 1763489394.6851819, -0.016617298, -1.606175900, 2.632740180, 0.031109889, -0.921998580, -0.028240760, 0.022827645, 0.148692184, -5.356667870, -3.945145529, -0.176142002
315, 1763489394.716897, -0.016700904, -1.600529114, 2.627925158, 0.031116009, -0.921992540, -0.028228521, 0.022835294, 0.148532505, -5.356624494, -3.945154768, -0.176123226
316, 1763489394.7411258, -0.016781966, -1.595347047, 2.623618762, 0.031112989, -0.922062556, -0.028222481, 0.022840341, 0.148363858, -5.356591677, -3.945162708, -0.176116796
317, 1763489394.776763, -0.016904910, -1.589493871, 2.618838469, 0.031103770, -0.922120412, -0.028204203, 0.022832771, 0.148207685, -5.356558430, -3.945171037, -0.176112964
318, 1763489394.809462, -0.017027775, -1.582268794, 2.613288403, 0.031106869, -0.923575242, -0.028185844, 0.022820036, 0.147994524, -5.356514431, -3.945181474, -0.176133584
319, 1763489394.842449, -0.017084360, -1.577126066, 2.609291077, 0.031116009, -0.925663153, -0.028170586, 0.022835294, 0.147866411, -5.356474181, -3.945191807, -0.176151656
320, 1763489394.874584, -0.017162959, -1.569989681, 2.603352149, 0.031106949, -0.925882339, -0.028176705, 0.022822559, 0.147649889, -5.356416298, -3.945198539, -0.176164625
321, 1763489394.914904, -0.017241716, -1.563030124, 2.597900629, 0.031109969, -0.925961415, -0.028158347, 0.022832731, 0.147461178, -5.356371311, -3.945209591, -0.176156323
322, 1763489394.94265, -0.017362197, -1.555370132, 2.592310747, 0.031116009, -0.926101446, -0.028149287, 0.022827645, 0.147230850, -5.356342953, -3.945224089, -0.176102402
323, 1763489394.9787352, -0.017386754, -1.548961322, 2.587961753, 0.031103849, -0.929969867, -0.028121948, 0.022809863, 0.147078649, -5.356301443, -3.945232789, -0.176052423
324, 1763489395.011968, -0.017445723, -1.541709304, 2.582379818, 0.031106869, -0.933046897, -0.028097630, 0.022845467, 0.146878663, -5.356255525, -3.945240337, -0.176027292
325, 1763489395.040096, -0.017480055, -1.535642266, 2.577407678, 0.031109810, -0.933065255, -0.028045893, 0.022827685, 0.146714340, -5.356207810, -3.945247357, -0.176070849
326, 1763489395.0760472, -0.017497301, -1.529046575, 2.572121223, 0.031119029, -0.933171749, -0.028024594, 0.022822559, 0.146529767, -5.356178568, -3.945267258, -0.176163117
327, 1763489395.106317, -0.017531713, -1.521644592, 2.566975991, 0.031106790, -0.936474164, -0.028006315, 0.022814949, 0.146339507, -5.356131167, -3.945276757, -0.176197022
328, 1763489395.130365, -0.017549038, -1.515314500, 2.562640429, 0.031112989, -0.940640767, -0.027978977, 0.022825122, 0.146179292, -5.356114658, -3.945296211, -0.176154113
329, 1763489395.157768, -0.017610391, -1.509746432, 2.558533827, 0.031100750, -0.941249530, -0.027985017, 0.022835255, 0.146053218, -5.356083223, -3.945299645, -0.176082176
330, 1763489395.185516, -0.017681758, -1.503035386, 2.553497871, 0.031109889, -0.941371282, -0.027963718, 0.022827685, 0.145886888, -5.356041394, -3.945317613, -0.176002727
331, 1763489395.2134411, -0.017735720, -1.495820244, 2.548863967, 0.031116009, -0.945321798, -0.027915001, 0.022809863, 0.145734016, -5.355983523, -3.945340990, -0.175974712
332, 1763489395.236692, -0.017848810, -1.489487608, 2.544999599, 0.031100750, -0.950377226, -0.027896643, 0.022835255, 0.145593815, -5.355940388, -3.945358767, -0.175980270
333, 1763489395.2643468, -0.018001318, -1.483327071, 2.540954351, 0.031109889, -0.953198671, -0.027863185, 0.022830168, 0.145443688, -5.355887474, -3.945381689, -0.176033127
334, 1763489395.2862, -0.018102010, -1.477456609, 2.537034114, 0.031091611, -0.955384016, -0.027866205, 0.022822559, 0.145316179, -5.355815806, -3.945395704, -0.176108846
335, 1763489395.318207, -0.018131574, -1.472225388, 2.533683936, 0.031106869, -0.957541943, -0.027854045, 0.022840341, 0.145203804, -5.355779402, -3.945429085, -0.176185283
336, 1763489395.344077, -0.018148740, -1.466440956, 2.529942195, 0.031091690, -0.957721551, -0.027826707, 0.022830208, 0.145084006, -5.355723700, -3.945473844, -0.176207722
337, 1763489395.378586, -0.018207788, -1.460523923, 2.526504040, 0.031100750, -0.959486723, -0.027784109, 0.022835294, 0.144947821, -5.355692720, -3.945550039, -0.176149141
338, 1763489395.4170408, -0.018298785, -1.454225659, 2.522852739, 0.031097730, -0.962110360, -0.027759790, 0.022837857, 0.144786710, -5.355616999, -3.945665469, -0.176062800
339, 1763489395.441993, -0.018377384, -1.448293845, 2.519121726, 0.031097730, -0.962326527, -0.027720213, 0.022827645, 0.144612992, -5.355558007, -3.945756938, -0.176020684
340, 1763489395.4716852, -0.018441359, -1.442273498, 2.515449127, 0.031106869, -0.962737401, -0.027653297, 0.022807300, 0.144407418, -5.355532785, -3.945853758, -0.176004273
341, 1763489395.4951081, -0.018485546, -1.437469959, 2.512690147, 0.031091611, -0.966377576, -0.027616739, 0.022817512, 0.144230724, -5.355514735, -3.945955625, -0.176067497
342, 1763489395.524419, -0.018483162, -1.432469726, 2.509417137, 0.031094710, -0.970139503, -0.027510166, 0.022837818, 0.144026966, -5.355407605, -3.946105935, -0.176093979
343, 1763489395.546856, -0.018498023, -1.428128441, 2.506152153, 0.031094631, -0.971938292, -0.027443250, 0.022837818, 0.143797348, -5.355429527, -3.946255402, -0.176074242
344, 1763489395.579485, -0.018554529, -1.423005223, 2.502543529, 0.031082471, -0.974467516, -0.027355035, 0.022827645, 0.143578449, -5.355377915, -3.946393149, -0.176069048
345, 1763489395.6033962, -0.018554370, -1.416906277, 2.498450279, 0.031088670, -0.977574984, -0.027175426, 0.022825122, 0.143316788, -5.355290518, -3.946549636, -0.176029759
346, 1763489395.635157, -0.018588702, -1.410659711, 2.494577964, 0.031082551, -0.980639935, -0.026919762, 0.022827645, 0.143033409, -5.355337421, -3.946688180, -0.176014517
347, 1763489395.669749, -0.018694480, -1.404159983, 2.490689754, 0.031088591, -0.983850956, -0.026825428, 0.022827645, 0.142782023, -5.355200146, -3.946883696, -0.176011219
348, 1763489395.691477, -0.018721581, -1.398087899, 2.487137159, 0.031073411, -0.985482375, -0.026770671, 0.022832771, 0.142502293, -5.355222401, -3.947103942, -0.176035026
349, 1763489395.718976, -0.018785477, -1.392669837, 2.484375477, 0.031073411, -0.988248905, -0.026740154, 0.022830208, 0.142328345, -5.355145068, -3.947263065, -0.176014308
350, 1763489395.741163, -0.018822273, -1.386408488, 2.481129090, 0.031076511, -0.990300337, -0.026694457, 0.022817473, 0.142102886, -5.355090280, -3.947461825, -0.176005000
351, 1763489395.766624, -0.018864234, -1.380685528, 2.478332758, 0.031082551, -0.993812641, -0.026657979, 0.022835275, 0.141886120, -5.355131993, -3.947632878, -0.176023151
352, 1763489395.793612, -0.018891335, -1.374665221, 2.475195567, 0.031079531, -0.994500558, -0.026618401, 0.022835294, 0.141731870, -5.354967834, -3.947792621, -0.175990705
353, 1763489395.830965, -0.018942833, -1.367405852, 2.471413851, 0.031076511, -0.995611429, -0.026536226, 0.022820036, 0.141464832, -5.354983579, -3.948061942, -0.175948264
354, 1763489395.866582, -0.019082944, -1.360635678, 2.467837175, 0.031070391, -1.000161727, -0.024907907, 0.022817473, 0.141291366, -5.354883931, -3.948417788, -0.175933358
355, 1763489395.891538, -0.019139528, -1.354885697, 2.464023590, 0.031079531, -1.003926595, -0.023395300, 0.022825082, 0.141040374, -5.354949872, -3.948848464, -0.175966567
356, 1763489395.923569, -0.019208431, -1.349789619, 2.460321744, 0.031055133, -1.005746682, -0.023398320, 0.022822599, 0.140905441, -5.354847644, -3.949150381, -0.175999803
357, 1763489395.946675, -0.019205888, -1.343850374, 2.455885013, 0.031061172, -1.006203334, -0.023386161, 0.022835294, 0.140690061, -5.354786804, -3.949508940, -0.176019355
358, 1763489395.982382, -0.019318740, -1.337387522, 2.451091210, 0.031045914, -1.006303708, -0.023373922, 0.022830208, 0.140410312, -5.354805621, -3.949928601, -0.175961224
359, 1763489396.0077388, -0.019402583, -1.332576553, 2.448044618, 0.031024694, -1.008972963, -0.023355643, 0.022807300, 0.140296800, -5.354698617, -3.950211306, -0.175913235
360, 1763489396.039304, -0.019495964, -1.327451070, 2.445285559, 0.031045993, -1.015279214, -0.023377021, 0.022825122, 0.140062309, -5.354762664, -3.950586245, -0.175882544
361, 1763489396.0674481, -0.019567331, -1.323033452, 2.442649047, 0.031021595, -1.018886089, -0.023346583, 0.022835294, 0.139985824, -5.354623962, -3.950946325, -0.175881892
362, 1763489396.08817, -0.019631068, -1.318837086, 2.440177600, 0.031033754, -1.020130714, -0.023346583, 0.022832731, 0.139784861, -5.354707106, -3.951310651, -0.175844702
363, 1763489396.122627, -0.019739310, -1.314685106, 2.438020468, 0.031006257, -1.020240386, -0.023334344, 0.022825122, 0.139667211, -5.354686577, -3.951592137, -0.175857546
364, 1763489396.1469, -0.019638538, -1.308782776, 2.435157537, 0.031000137, -1.021174749, -0.023297707, 0.022814949, 0.139566247, -5.354478099, -3.951945609, -0.175921786
365, 1763489396.1772108, -0.019754012, -1.304129163, 2.433138927, 0.031009277, -1.025134484, -0.023300807, 0.022827645, 0.139319825, -5.354675270, -3.952303686, -0.175921190
366, 1763489396.2007701, -0.019886891, -1.299576362, 2.430893819, 0.030933221, -1.028424740, -0.023288647, 0.022827645, 0.139353926, -5.354399355, -3.952615885, -0.175942051
367, 1763489396.2322628, -0.019677798, -1.295057933, 2.428291957, 0.030951500, -1.029139916, -0.023297707, 0.022832731, 0.139172313, -5.354473864, -3.952970131, -0.176016841
368, 1763489396.263913, -0.019798279, -1.289037585, 2.424949646, 0.030887604, -1.029298226, -0.023267428, 0.022812386, 0.139059197, -5.354506983, -3.953372500, -0.176016213
369, 1763489396.289183, -0.019761483, -1.283376137, 2.422033469, 0.030832926, -1.032655319, -0.023249149, 0.022812386, 0.139038745, -5.354265744, -3.953733328, -0.176042838
370, 1763489396.316579, -0.019825300, -1.278653701, 2.419514179, 0.030839046, -1.037351449, -0.023288647, 0.022827645, 0.138786468, -5.354648922, -3.954188877, -0.176002858
371, 1763489396.343694, -0.019918839, -1.274152557, 2.416603327, 0.030735413, -1.038486878, -0.023243030, 0.022822559, 0.138972056, -5.354211816, -3.954490804, -0.175976498
372, 1763489396.3761191, -0.019744317, -1.269395709, 2.413476785, 0.030750672, -1.039159536, -0.023270369, 0.022817473, 0.138773025, -5.354410072, -3.954896470, -0.175967589
373, 1763489396.4021099, -0.019891659, -1.263653159, 2.410395463, 0.030598481, -1.044102271, -0.023255189, 0.022817473, 0.138780290, -5.354372697, -3.955308063, -0.175955781
374, 1763489396.4343948, -0.019872030, -1.259982944, 2.408326228, 0.030543804, -1.047325452, -0.023246050, 0.022842904, 0.138802680, -5.354145239, -3.955632008, -0.175959668
375, 1763489396.466209, -0.020007133, -1.254650871, 2.405426025, 0.030485868, -1.048832019, -0.023261309, 0.022832731, 0.138590011, -5.354595021, -3.956238928, -0.175998733
376, 1763489396.488998, -0.019898971, -1.250535687, 2.403628429, 0.030327638, -1.049233834, -0.023227851, 0.022812386, 0.138877030, -5.353939179, -3.956497224, -0.176065306
377, 1763489396.516429, -0.019800742, -1.247300625, 2.402667046, 0.030348937, -1.052670081, -0.023267428, 0.022827645, 0.138561631, -5.354490927, -3.956964222, -0.176017586
378, 1763489396.543627, -0.020193974, -1.244394859, 2.402272860, 0.030181567, -1.055546284, -0.023246050, 0.022835294, 0.138693343, -5.354400608, -3.957321468, -0.175890773
379, 1763489396.586144, -0.020105600, -1.241176963, 2.401604335, 0.030123631, -1.057089329, -0.023224831, 0.022812386, 0.138715207, -5.354283806, -3.957705806, -0.175794481
380, 1763489396.610276, -0.020196517, -1.237255891, 2.401399374, 0.029968421, -1.060504357, -0.023221731, 0.022814949, 0.138660470, -5.354513742, -3.958169972, -0.175774509
381, 1763489396.640161, -0.020162185, -1.235336026, 2.401505868, 0.029874166, -1.063274066, -0.023191293, 0.022825122, 0.138840572, -5.353993809, -3.958368060, -0.175757914
382, 1763489396.6829782, -0.020272811, -1.231461763, 2.401290099, 0.029858987, -1.066746791, -0.023224751, 0.022830208, 0.138539072, -5.354673012, -3.959020283, -0.175819384
383, 1763489396.707231, -0.020218611, -1.228472471, 2.401236931, 0.029700677, -1.069248676, -0.023182233, 0.022827645, 0.138848976, -5.353950903, -3.959321940, -0.175940192
384, 1763489396.731371, -0.019928535, -1.225795309, 2.401018540, 0.029798031, -1.073756138, -0.023240010, 0.022840381, 0.138407944, -5.354917328, -3.959889937, -0.176027066
385, 1763489396.760608, -0.020245790, -1.223501722, 2.400997241, 0.029521068, -1.075061957, -0.023139636, 0.022817473, 0.138832764, -5.354210171, -3.960149136, -0.175996741
386, 1763489396.795248, -0.020103057, -1.220183055, 2.400664250, 0.029609442, -1.079736948, -0.023139636, 0.022832731, 0.138590159, -5.354520972, -3.960678941, -0.175903975
387, 1763489396.819069, -0.020287593, -1.217299382, 2.400605758, 0.029533227, -1.082004309, -0.023130496, 0.022814949, 0.138577033, -5.354788554, -3.961081932, -0.175873431
388, 1763489396.850494, -0.020339012, -1.214580576, 2.400624355, 0.029374997, -1.083836714, -0.023039023, 0.022822559, 0.138854683, -5.354034656, -3.961330776, -0.175800875
389, 1763489396.881879, -0.020339171, -1.210934917, 2.400571108, 0.029469331, -1.087272882, -0.023072640, 0.022830208, 0.138448201, -5.354939576, -3.961979119, -0.175755369
390, 1763489396.9072058, -0.020710309, -1.208159447, 2.400850693, 0.029198488, -1.089263519, -0.022978226, 0.022804777, 0.138901427, -5.354014971, -3.962098923, -0.175728009
391, 1763489396.932149, -0.020555496, -1.205354571, 2.400706927, 0.029277643, -1.092800220, -0.023002466, 0.022832731, 0.138685149, -5.354228475, -3.962470169, -0.175682225
392, 1763489396.9621902, -0.020602067, -1.202505430, 2.400621732, 0.029244105, -1.094726642, -0.023008664, 0.022822559, 0.138551726, -5.354757784, -3.962907170, -0.175715027
393, 1763489396.996617, -0.020702839, -1.199606975, 2.400547107, 0.029052337, -1.096635024, -0.022908290, 0.022807300, 0.138957187, -5.353826092, -3.963134435, -0.175646296
394, 1763489397.018375, -0.020481586, -1.196558793, 2.400190274, 0.029189348, -1.101057450, -0.022999525, 0.022845467, 0.138427399, -5.354936825, -3.963741413, -0.175680079
395, 1763489397.0447848, -0.020720085, -1.194506089, 2.400152922, 0.029000680, -1.102354050, -0.022953908, 0.022817473, 0.138775256, -5.354422804, -3.963888326, -0.175727464
396, 1763489397.074254, -0.020668666, -1.191386501, 2.399697542, 0.028997580, -1.107080698, -0.022944768, 0.022832751, 0.138776110, -5.354203476, -3.964322566, -0.175687554
397, 1763489397.0954409, -0.020616929, -1.189193726, 2.399362087, 0.029024998, -1.109734774, -0.022981326, 0.022840420, 0.138427685, -5.355054442, -3.964783145, -0.175748435
398, 1763489397.121609, -0.020901998, -1.186956604, 2.399431308, 0.028760115, -1.111274958, -0.022902171, 0.022819996, 0.139000469, -5.353938870, -3.964856873, -0.175686685
399, 1763489397.146658, -0.020774206, -1.184316397, 2.399093072, 0.028836250, -1.113691409, -0.022911310, 0.022835255, 0.138819885, -5.354141401, -3.965202396, -0.175611899
400, 1763489397.177218, -0.020781676, -1.180781364, 2.398893277, 0.028805812, -1.116865953, -0.022917430, 0.022820036, 0.138591900, -5.354769093, -3.965644121, -0.175661180
401, 1763489397.203917, -0.020880063, -1.178008397, 2.398933252, 0.028586706, -1.118217230, -0.022798777, 0.022827645, 0.139033098, -5.353717946, -3.965827522, -0.175586381
402, 1763489397.228205, -0.020764351, -1.175178885, 2.398610989, 0.028717518, -1.120710135, -0.022874832, 0.022835294, 0.138493192, -5.354748252, -3.966372761, -0.175619478
403, 1763489397.2624671, -0.020946503, -1.172425588, 2.398677667, 0.028531869, -1.122222741, -0.022816976, 0.022809863, 0.138792900, -5.354290775, -3.966572874, -0.175713210
404, 1763489397.285214, -0.020788987, -1.168428421, 2.398427248, 0.028519710, -1.126903772, -0.022768259, 0.022832771, 0.138710873, -5.354142912, -3.966990125, -0.175717888
405, 1763489397.312544, -0.020757119, -1.165333350, 2.398041089, 0.028568506, -1.130111694, -0.022817055, 0.022845447, 0.138423865, -5.354830267, -3.967383077, -0.175809909
406, 1763489397.35842, -0.020970901, -1.160979748, 2.397615035, 0.028331041, -1.132698774, -0.022731702, 0.022797128, 0.138906025, -5.353796083, -3.967583086, -0.175705289
407, 1763489397.3955798, -0.020889759, -1.153481881, 2.396858613, 0.028321822, -1.140901407, -0.022676945, 0.022825082, 0.138733769, -5.354199380, -3.968279487, -0.175666240
408, 1763489397.4202619, -0.020929178, -1.149897734, 2.396576325, 0.028227568, -1.144855102, -0.022549152, 0.022832731, 0.138848495, -5.353700145, -3.968586113, -0.175516082
409, 1763489397.447934, -0.020998081, -1.146608512, 2.396150271, 0.028306723, -1.148205996, -0.022555272, 0.022832731, 0.138350118, -5.354750434, -3.969143352, -0.175459709
410, 1763489397.484443, -0.021069368, -1.141812325, 2.395969152, 0.028014501, -1.151149193, -0.020561695, 0.022814949, 0.138942537, -5.353531971, -3.969483346, -0.175535097
411, 1763489397.5155609, -0.020914396, -1.138277372, 2.395529747, 0.028166612, -1.155714591, -0.018647273, 0.022842904, 0.138397416, -5.354509530, -3.970086628, -0.175587128
412, 1763489397.53985, -0.020983219, -1.135061820, 2.395303329, 0.027965784, -1.156785965, -0.018479745, 0.022830208, 0.138801699, -5.353863174, -3.970344065, -0.175730779
413, 1763489397.5752661, -0.020960967, -1.131091674, 2.394666831, 0.027990103, -1.158889135, -0.018498023, 0.022812426, 0.138494597, -5.354134548, -3.970922659, -0.175624702
414, 1763489397.602113, -0.021027406, -1.127426306, 2.394544284, 0.027895768, -1.164300680, -0.018510183, 0.022812386, 0.138554996, -5.354277186, -3.971421326, -0.175659152
415, 1763489397.6241379, -0.021101236, -1.125130335, 2.394280672, 0.027761857, -1.167840481, -0.018461386, 0.022809863, 0.138803670, -5.353544557, -3.971759999, -0.175517860
416, 1763489397.659319, -0.021039724, -1.122787555, 2.393756072, 0.027917147, -1.172107458, -0.018507163, 0.022835314, 0.138371209, -5.354438225, -3.972432125, -0.175423001
417, 1763489397.682237, -0.021172603, -1.120095730, 2.393455187, 0.027667602, -1.174536467, -0.018443108, 0.022832731, 0.138784130, -5.353846744, -3.972987632, -0.175450670
418, 1763489397.7080388, -0.021179835, -1.117391507, 2.392829259, 0.027734518, -1.177519083, -0.018455346, 0.022835275, 0.138574723, -5.353957205, -3.973575448, -0.175313683
419, 1763489397.733077, -0.021096309, -1.114200672, 2.392214060, 0.027819633, -1.181019227, -0.018464565, 0.022835314, 0.138293020, -5.354759389, -3.974313959, -0.175429131
420, 1763489397.7691698, -0.021179914, -1.111120462, 2.391883850, 0.027618806, -1.182677984, -0.018409729, 0.022822559, 0.138656184, -5.353853012, -3.974827372, -0.175459070
421, 1763489397.799822, -0.021138112, -1.107027372, 2.391279380, 0.027740558, -1.186850786, -0.018446207, 0.022835294, 0.138198629, -5.354687027, -3.976065304, -0.175440955
422, 1763489397.8248398, -0.021241347, -1.105284373, 2.391345898, 0.027557929, -1.188737869, -0.018418948, 0.022817473, 0.138569517, -5.353987641, -3.976670500, -0.175533491
423, 1763489397.8545542, -0.021169980, -1.103472630, 2.390949090, 0.027557929, -1.190895796, -0.018415848, 0.022809823, 0.138453535, -5.353930093, -3.977506425, -0.175443475
424, 1763489397.8932438, -0.021197160, -1.101296981, 2.390632153, 0.027484894, -1.193577210, -0.018424988, 0.022819996, 0.138383740, -5.354284658, -3.978849731, -0.175546115
425, 1763489397.9221919, -0.021224181, -1.099561532, 2.390328566, 0.027436177, -1.196708997, -0.018394550, 0.022830208, 0.138421541, -5.354012078, -3.979955768, -0.175435108
426, 1763489397.961178, -0.021184683, -1.098224243, 2.389939785, 0.027472734, -1.199761868, -0.018443187, 0.022830208, 0.138147394, -5.354739672, -3.980988884, -0.175486565
427, 1763489397.997118, -0.021265904, -1.095520020, 2.389289935, 0.027299245, -1.203310569, -0.018382311, 0.022804737, 0.138391555, -5.354017103, -3.982320201, -0.175390568
428, 1763489398.026667, -0.021167517, -1.093558311, 2.388717333, 0.027323564, -1.206549088, -0.018391530, 0.022845467, 0.138099590, -5.354751061, -3.983317005, -0.175512947
429, 1763489398.053514, -0.021263440, -1.091648181, 2.388405800, 0.027110577, -1.207915703, -0.018349012, 0.022814949, 0.138574874, -5.353674448, -3.983978011, -0.175477436
430, 1763489398.086251, -0.021194696, -1.089153051, 2.387708028, 0.027229150, -1.211284876, -0.018403689, 0.022822559, 0.138106704, -5.354656039, -3.985096620, -0.175475805
431, 1763489398.114047, -0.021155278, -1.087601821, 2.387548288, 0.027010043, -1.212584416, -0.018336852, 0.022817473, 0.138523632, -5.353905683, -3.985651239, -0.175639645
432, 1763489398.138377, -0.021172444, -1.085647504, 2.387106101, 0.027049700, -1.216419458, -0.018367211, 0.022837818, 0.138333868, -5.354151855, -3.986640332, -0.175489842
433, 1763489398.167948, -0.021120787, -1.084410985, 2.386672020, 0.027010123, -1.217752457, -0.018364112, 0.022820036, 0.138197132, -5.354630962, -3.987492132, -0.175633198
434, 1763489398.196757, -0.021123250, -1.083066225, 2.386371056, 0.026784897, -1.219733874, -0.018300295, 0.022814949, 0.138723115, -5.353466774, -3.988283382, -0.175666824
435, 1763489398.223082, -0.021069288, -1.081519922, 2.385540167, 0.026876211, -1.222387950, -0.018352032, 0.022840381, 0.138041141, -5.354780971, -3.989463672, -0.175579688
436, 1763489398.25589, -0.021051963, -1.080610434, 2.385431051, 0.026608308, -1.224265893, -0.018309434, 0.022827645, 0.138522364, -5.353952357, -3.990158237, -0.175767519
437, 1763489398.281578, -0.020936569, -1.079105934, 2.384802500, 0.026614348, -1.225331148, -0.018309434, 0.022832731, 0.138782823, -5.353201504, -3.991108484, -0.175606788
438, 1763489398.310847, -0.020670970, -1.076824745, 2.384024938, 0.026602189, -1.229026159, -0.018333753, 0.022830208, 0.138639358, -5.353398150, -3.992004561, -0.175770339
439, 1763489398.335506, -0.021462520, -1.074973504, 2.383492231, 0.026370843, -1.232861121, -0.018294255, 0.022832771, 0.138584958, -5.353410406, -3.992917314, -0.175677433
440, 1763489398.385501, -0.021799326, -1.073267460, 2.382613341, 0.026392221, -1.233813683, -0.018285116, 0.022820036, 0.138590660, -5.353257242, -3.994064890, -0.175571477
441, 1763489398.414994, -0.021155357, -1.071113984, 2.381937027, 0.026392221, -1.236659447, -0.018294175, 0.022825122, 0.138462146, -5.353400102, -3.995318444, -0.175955458
442, 1763489398.4400609, -0.021325032, -1.069666068, 2.381662687, 0.026407401, -1.240521749, -0.018300374, 0.022832731, 0.138414419, -5.353360663, -3.996168000, -0.175906451
443, 1763489398.476464, -0.021531502, -1.068409840, 2.381340345, 0.026376963, -1.242348115, -0.018291155, 0.022820036, 0.138331640, -5.353476372, -3.996910152, -0.175950807
444, 1763489398.5027, -0.021742900, -1.066504717, 2.380709251, 0.026392221, -1.242381493, -0.018297275, 0.022825082, 0.138278708, -5.353537232, -3.998041201, -0.175945499
445, 1763489398.528712, -0.021811724, -1.065228780, 2.380392313, 0.026386102, -1.242707094, -0.018291155, 0.022819996, 0.138254247, -5.353554375, -3.998753247, -0.175971279
446, 1763489398.551359, -0.021956682, -1.063680172, 2.380144596, 0.026383003, -1.246030728, -0.018291155, 0.022822559, 0.138238291, -5.353564147, -3.999513292, -0.175969741
447, 1763489398.579993, -0.022027969, -1.062350114, 2.379920959, 0.026376963, -1.250483751, -0.018303315, 0.022837857, 0.138234849, -5.353528789, -4.000325014, -0.175970331
448, 1763489398.6050718, -0.022040288, -1.061234156, 2.379478852, 0.026376963, -1.252029816, -0.018291155, 0.022825122, 0.138229548, -5.353498577, -4.001222807, -0.175958537
449, 1763489398.626847, -0.022111734, -1.060422897, 2.379074017, 0.026367903, -1.252044916, -0.018303315, 0.022827645, 0.138238983, -5.353459993, -4.001917291, -0.175879691
450, 1763489398.653554, -0.022131284, -1.059247812, 2.378653288, 0.026376963, -1.252142350, -0.018303394, 0.022835294, 0.138264995, -5.353404543, -4.002702984, -0.175817543
451, 1763489398.682386, -0.022153298, -1.057691733, 2.378075361, 0.026380062, -1.253295819, -0.018282016, 0.022799691, 0.138293073, -5.353313366, -4.003572527, -0.175741185
452, 1763489398.709404, -0.022187869, -1.055924098, 2.377662579, 0.026379983, -1.258929491, -0.018291155, 0.022837818, 0.138328550, -5.353187735, -4.004392833, -0.175677142
453, 1763489398.733236, -0.022227049, -1.054404895, 2.377074083, 0.026376963, -1.263145049, -0.018294175, 0.022825082, 0.138375369, -5.353062950, -4.005190269, -0.175622500
454, 1763489398.759649, -0.022229671, -1.053057750, 2.376464128, 0.026379983, -1.265637795, -0.018297275, 0.022832771, 0.138416271, -5.352949513, -4.005882354, -0.175612285
455, 1763489398.790217, -0.022224744, -1.051054239, 2.375630538, 0.026376963, -1.268541336, -0.018297195, 0.022822559, 0.138458272, -5.352780008, -4.006715072, -0.175598950
456, 1763489398.8145862, -0.022178094, -1.048895915, 2.374703805, 0.026376963, -1.269143899, -0.018285116, 0.022820036, 0.138499172, -5.352613870, -4.007504889, -0.175597038
457, 1763489398.842206, -0.022175630, -1.046838284, 2.373902241, 0.026376963, -1.269335588, -0.018285116, 0.022804777, 0.138540562, -5.352483192, -4.008176477, -0.175590499
458, 1763489398.867865, -0.022185326, -1.044559399, 2.373215040, 0.026376963, -1.272598426, -0.018297195, 0.022819996, 0.138588134, -5.352347136, -4.008907382, -0.175557913
459, 1763489398.895197, -0.022185405, -1.042772214, 2.372671843, 0.026383003, -1.276439508, -0.018297275, 0.022822559, 0.138645006, -5.352229701, -4.009619852, -0.175541802
460, 1763489398.924362, -0.022180478, -1.041223447, 2.371907552, 0.026379983, -1.278314352, -0.018300374, 0.022820036, 0.138727070, -5.352097007, -4.010539906, -0.175493746
461, 1763489398.949162, -0.022192876, -1.040004174, 2.371279001, 0.026376963, -1.278305292, -0.018288136, 0.022817473, 0.138795577, -5.352000932, -4.011281364, -0.175449143
462, 1763489398.975064, -0.022217353, -1.038666884, 2.370717049, 0.026373943, -1.278451284, -0.018291155, 0.022825122, 0.138858033, -5.351901667, -4.011990964, -0.175386415
463, 1763489399.005415, -0.022217353, -1.036744515, 2.370128473, 0.026376963, -1.282176733, -0.018285116, 0.022814949, 0.138925838, -5.351793625, -4.012997286, -0.175333817
464, 1763489399.0278468, -0.022212505, -1.035655499, 2.369776964, 0.026380062, -1.286273400, -0.018300295, 0.022830188, 0.138964545, -5.351717151, -4.013724327, -0.175323887
465, 1763489399.0554082, -0.022239447, -1.034895817, 2.369230986, 0.026386102, -1.287956556, -0.018297275, 0.022827645, 0.138997633, -5.351626835, -4.014529487, -0.175298987
466, 1763489399.0803359, -0.022244294, -1.033951839, 2.368618488, 0.026386182, -1.288038651, -0.018300295, 0.022819996, 0.139027423, -5.351539481, -4.015392043, -0.175317486
467, 1763489399.10935, -0.022281249, -1.032806317, 2.368107080, 0.026370923, -1.288163503, -0.018275897, 0.022814910, 0.139055081, -5.351454918, -4.016178794, -0.175275546
468, 1763489399.139609, -0.022261461, -1.031144540, 2.367651780, 0.026376963, -1.292369922, -0.018278996, 0.022814949, 0.139082582, -5.351341625, -4.017204408, -0.175257036
469, 1763489399.1653912, -0.022264083, -1.030025959, 2.367393335, 0.026367823, -1.296880404, -0.018278917, 0.022825122, 0.139094609, -5.351238172, -4.017947107, -0.175226877
470, 1763489399.202702, -0.022249301, -1.028162559, 2.366610527, 0.026379983, -1.299589078, -0.018266837, 0.022820036, 0.139094073, -5.351097274, -4.018917626, -0.175218660
471, 1763489399.233548, -0.022224585, -1.025714080, 2.365539869, 0.026383003, -1.300745885, -0.018269857, 0.022822559, 0.139080464, -5.350952930, -4.019796102, -0.175242717
472, 1763489399.2644138, -0.022219737, -1.022724787, 2.364543835, 0.026377042, -1.305082957, -0.018263737, 0.022817473, 0.139041820, -5.350834935, -4.020677581, -0.175259166
473, 1763489399.290184, -0.022187630, -1.020790021, 2.363806089, 0.026373943, -1.307280540, -0.018239419, 0.022814949, 0.138936195, -5.350807068, -4.021354191, -0.175308403
474, 1763489399.321908, -0.022087018, -1.019049565, 2.363060554, 0.026376963, -1.308689674, -0.018230279, 0.022820036, 0.138904548, -5.350690585, -4.022131612, -0.175425101
475, 1763489399.3481889, -0.021934509, -1.017601728, 2.362394651, 0.026373943, -1.308738391, -0.018193722, 0.022822559, 0.138858818, -5.350619096, -4.022843329, -0.175547900
476, 1763489399.375938, -0.021814267, -1.016288996, 2.361768802, 0.026364883, -1.308850924, -0.018181562, 0.022817473, 0.138861652, -5.350518356, -4.023490271, -0.175655988
477, 1763489399.410669, -0.021794478, -1.014110883, 2.360756874, 0.026373943, -1.313172976, -0.018150965, 0.022822559, 0.138839836, -5.350464252, -4.024457785, -0.175732290
478, 1763489399.436825, -0.021745364, -1.012414614, 2.359787385, 0.026358763, -1.317555745, -0.018138885, 0.022827645, 0.138896543, -5.350355624, -4.025372038, -0.175755348
479, 1763489399.46851, -0.021609942, -1.010856072, 2.358778079, 0.026367903, -1.319899162, -0.018120686, 0.022825122, 0.138904647, -5.350288686, -4.026362739, -0.175748799
480, 1763489399.49129, -0.021543662, -1.009531021, 2.358141581, 0.026370923, -1.322745085, -0.018096288, 0.022832731, 0.138900996, -5.350273499, -4.027219635, -0.175689878
481, 1763489399.522324, -0.021499475, -1.008378188, 2.357459863, 0.026358684, -1.322985490, -0.018056790, 0.022817473, 0.138959511, -5.350149618, -4.028113306, -0.175631353
482, 1763489399.54337, -0.021420717, -1.007298946, 2.356815418, 0.026383082, -1.323204676, -0.018035491, 0.022807300, 0.138942003, -5.350130414, -4.028945372, -0.175564350
483, 1763489399.575453, -0.021349589, -1.006305774, 2.356317361, 0.026370923, -1.323414644, -0.018020233, 0.022812386, 0.138991421, -5.350076223, -4.029747132, -0.175555207
484, 1763489399.607129, -0.021263440, -1.004685799, 2.355662187, 0.026361783, -1.327566067, -0.017986854, 0.022807300, 0.139011285, -5.349958907, -4.030696208, -0.175552550
485, 1763489399.628833, -0.021214326, -1.003188690, 2.354964495, 0.026376963, -1.332031012, -0.017977715, 0.022825082, 0.139008147, -5.349993185, -4.031564557, -0.175567889
486, 1763489399.656681, -0.021179994, -1.001816909, 2.354019006, 0.026358763, -1.332706849, -0.017959436, 0.022817473, 0.139046373, -5.349863138, -4.032278245, -0.175572891
487, 1763489399.679054, -0.021184762, -1.000177224, 2.353076299, 0.026361783, -1.333607753, -0.017931938, 0.022812386, 0.139012978, -5.349799495, -4.032940824, -0.175560187
488, 1763489399.706757, -0.021130721, -0.998429378, 2.352455695, 0.026352723, -1.336623907, -0.017916679, 0.022814910, 0.138989761, -5.349854684, -4.033604921, -0.175585345
489, 1763489399.7340999, -0.021147966, -0.996253709, 2.351779302, 0.026349624, -1.340041876, -0.017892281, 0.022820036, 0.138991747, -5.349710686, -4.034453303, -0.175553946
490, 1763489399.756625, -0.021125714, -0.994741877, 2.351121505, 0.026364803, -1.340483268, -0.017858823, 0.022817473, 0.138967244, -5.349702519, -4.035169964, -0.175539890
491, 1763489399.7859762, -0.021098693, -0.993175964, 2.350386540, 0.026377042, -1.340513786, -0.017822425, 0.022819996, 0.138939812, -5.349702325, -4.035898499, -0.175536656
492, 1763489399.8144488, -0.021110932, -0.991541207, 2.349643469, 0.026358763, -1.341003736, -0.017795086, 0.022807340, 0.138944291, -5.349572853, -4.036691426, -0.175541584
493, 1763489399.841046, -0.021091382, -0.989933491, 2.349025647, 0.026361783, -1.345474879, -0.017749389, 0.022822599, 0.138896819, -5.349652652, -4.037569672, -0.175525243
494, 1763489399.8735418, -0.021135648, -0.988782843, 2.348200003, 0.026355743, -1.349285364, -0.017691612, 0.022812426, 0.138892936, -5.349588066, -4.038568643, -0.175509015
495, 1763489399.900705, -0.021056890, -0.987770160, 2.347132047, 0.026355743, -1.349851449, -0.017548482, 0.022820036, 0.138920982, -5.349490830, -4.039483087, -0.175530419
496, 1763489399.9290292, -0.021049500, -0.986351788, 2.346045574, 0.026364883, -1.349915346, -0.014635722, 0.022820036, 0.138816828, -5.349611376, -4.040401453, -0.175540021
497, 1763489399.958255, -0.021091382, -0.984930833, 2.345249255, 0.026343584, -1.350454013, -0.011369864, 0.022814949, 0.138839056, -5.349520203, -4.041153496, -0.175577318
498, 1763489399.985627, -0.021012704, -0.982919931, 2.344460964, 0.026349624, -1.355795701, -0.009723345, 0.022820036, 0.138781263, -5.349515259, -4.042136923, -0.175629371
499, 1763489400.00982, -0.020998001, -0.981739958, 2.343787114, 0.026364883, -1.359030962, -0.009708166, 0.022832771, 0.138717270, -5.349579147, -4.042937122, -0.175646061
500, 1763489400.0390909, -0.021034797, -0.980854988, 2.342956225, 0.026337385, -1.359259208, -0.009702126, 0.022825082, 0.138759161, -5.349415897, -4.043677899, -0.175649110
501, 1763489400.06668, -0.020951271, -0.979402145, 2.341829777, 0.026346525, -1.359715780, -0.009692907, 0.022809863, 0.138631274, -5.349506245, -4.044626654, -0.175701902
502, 1763489400.090466, -0.020980755, -0.977914790, 2.341108004, 0.026352644, -1.362993717, -0.009692987, 0.022814910, 0.138622380, -5.349476898, -4.045366376, -0.175706702
503, 1763489400.120098, -0.021022558, -0.976476630, 2.340327740, 0.026325305, -1.366104205, -0.009683847, 0.022814949, 0.138616525, -5.349323561, -4.046058769, -0.175699031
504, 1763489400.145061, -0.020968517, -0.974677285, 2.339222511, 0.026355664, -1.367318710, -0.009686867, 0.022809823, 0.138526418, -5.349453988, -4.046889029, -0.175674293
505, 1763489400.178414, -0.021042188, -0.972405831, 2.338101228, 0.026343505, -1.367352327, -0.009671609, 0.022809863, 0.138508631, -5.349325377, -4.047680961, -0.175576477
506, 1763489400.202785, -0.021037340, -0.969895899, 2.337139924, 0.026328325, -1.369659265, -0.009659370, 0.022799691, 0.138437225, -5.349309764, -4.048389228, -0.175484908
507, 1763489400.22676, -0.021000465, -0.967828413, 2.336585999, 0.026340485, -1.374002457, -0.009665489, 0.022807300, 0.138389691, -5.349378429, -4.049046727, -0.175473139
508, 1763489400.252722, -0.021056890, -0.966414909, 2.336050669, 0.026328325, -1.376053890, -0.009659370, 0.022825122, 0.138369090, -5.349252501, -4.049690554, -0.175448131
509, 1763489400.2798479, -0.021025022, -0.964934965, 2.335259755, 0.026331345, -1.376163324, -0.009662469, 0.022817512, 0.138337026, -5.349247580, -4.050432738, -0.175485452
510, 1763489400.3056169, -0.020958662, -0.963428080, 2.334383567, 0.026340485, -1.376181761, -0.009665489, 0.022812386, 0.138267605, -5.349284556, -4.051224459, -0.175588198
511, 1763489400.3342621, -0.021034877, -0.961756448, 2.333539327, 0.026328246, -1.378245195, -0.009662469, 0.022812426, 0.138220073, -5.349232270, -4.052090438, -0.175650582
512, 1763489400.357485, -0.020973285, -0.960455974, 2.332942804, 0.026331345, -1.382348061, -0.009668509, 0.022812426, 0.138219901, -5.349228637, -4.052816551, -0.175723667
513, 1763489400.388052, -0.020894845, -0.958907207, 2.331954718, 0.026325305, -1.385397911, -0.009659370, 0.022822559, 0.138148898, -5.349201469, -4.053743194, -0.175764559
514, 1763489400.41259, -0.020887454, -0.957486331, 2.331043959, 0.026319186, -1.387099107, -0.009644032, 0.022814910, 0.138125169, -5.349205852, -4.054450770, -0.175738641
515, 1763489400.4418402, -0.020963510, -0.955428759, 2.329845508, 0.026310047, -1.389768442, -0.009647210, 0.022819996, 0.138044428, -5.349201133, -4.055362825, -0.175709709
516, 1763489400.48879, -0.020914475, -0.952761471, 2.328348796, 0.026319186, -1.392556349, -0.009650230, 0.022812386, 0.137945357, -5.349157270, -4.056514291, -0.175710519
517, 1763489400.5313432, -0.020951351, -0.949668944, 2.326489925, 0.026325305, -1.393374999, -0.009638071, 0.022822559, 0.137818959, -5.349110694, -4.057802008, -0.175696274
518, 1763489400.5708852, -0.020968517, -0.946667333, 2.324947993, 0.026325226, -1.394942602, -0.009641091, 0.022812386, 0.137718381, -5.349065503, -4.058946973, -0.175685018
519, 1763489400.596459, -0.020992994, -0.943719943, 2.323810736, 0.026319186, -1.400177479, -0.009650151, 0.022819996, 0.137628871, -5.349034213, -4.060041828, -0.175659875
520, 1763489400.6208682, -0.020970980, -0.942146540, 2.323091745, 0.026325305, -1.402165095, -0.009641091, 0.022820036, 0.137626077, -5.348994602, -4.060677204, -0.175635988
521, 1763489400.653876, -0.021005472, -0.939693113, 2.321781476, 0.026325226, -1.402968645, -0.009634972, 0.022802214, 0.137486768, -5.349016436, -4.061502089, -0.175595632
522, 1763489400.6773062, -0.020998160, -0.936993996, 2.320577701, 0.026322126, -1.405869246, -0.009622733, 0.022820036, 0.137447809, -5.348951273, -4.062077937, -0.175626550
523, 1763489400.704318, -0.020983219, -0.934004684, 2.319371382, 0.026319106, -1.408915758, -0.009625832, 0.022814949, 0.137367503, -5.348899278, -4.062626153, -0.175610144
524, 1763489400.736063, -0.020993074, -0.930027127, 2.317693472, 0.026313146, -1.412297169, -0.009607553, 0.022819996, 0.137211486, -5.348942094, -4.063284961, -0.175632257
525, 1763489400.767054, -0.020958662, -0.926071624, 2.316021045, 0.026300987, -1.414929867, -0.009619792, 0.022809863, 0.137209658, -5.348774906, -4.063809171, -0.175640019
526, 1763489400.8095639, -0.020963589, -0.921351731, 2.314015706, 0.026322206, -1.419257959, -0.009616693, 0.022822559, 0.137007537, -5.348915196, -4.064484058, -0.175603180
527, 1763489400.86238, -0.020951192, -0.914038301, 2.310684125, 0.026291847, -1.424532731, -0.009604534, 0.022820036, 0.136953373, -5.348743300, -4.065377889, -0.175604893
528, 1763489400.901359, -0.020953655, -0.908322712, 2.308220625, 0.026282708, -1.428726753, -0.009592374, 0.022820036, 0.136823852, -5.348866931, -4.066203812, -0.175634944
529, 1763489400.962093, -0.020936569, -0.900016050, 2.304731846, 0.026255290, -1.429846684, -0.009586255, 0.022804777, 0.136663606, -5.348851174, -4.067392908, -0.175702522
530, 1763489400.997944, -0.020993074, -0.893794278, 2.302521467, 0.026185195, -1.437340101, -0.009562016, 0.022827685, 0.136610095, -5.348598939, -4.068135719, -0.175735580
531, 1763489401.023796, -0.021005313, -0.889588038, 2.300540129, 0.026221832, -1.441004674, -0.009568055, 0.022820036, 0.136409328, -5.348857140, -4.068783148, -0.175749808
532, 1763489401.056969, -0.020975828, -0.885445734, 2.298500061, 0.026176135, -1.443576495, -0.009552876, 0.022812426, 0.136386855, -5.348590986, -4.069262211, -0.175757010
533, 1763489401.08538, -0.020993153, -0.880398830, 2.296028694, 0.026179155, -1.447536071, -0.009555896, 0.022819996, 0.136202824, -5.348711216, -4.069870660, -0.175695329
534, 1763489401.11811, -0.020998001, -0.875450273, 2.293820937, 0.026173115, -1.450744073, -0.009546757, 0.022820036, 0.136059341, -5.348689564, -4.070393595, -0.175723407
535, 1763489401.147647, -0.020971060, -0.870182176, 2.291679780, 0.026118199, -1.454560757, -0.009540717, 0.022822559, 0.136037661, -5.348462219, -4.070860110, -0.175723941
536, 1763489401.184551, -0.020985683, -0.864373267, 2.289320151, 0.026124318, -1.457878431, -0.009543816, 0.022804757, 0.135785652, -5.348735206, -4.071596414, -0.175750381
537, 1763489401.255369, -0.021002849, -0.864746888, 2.289487998, 0.026051283, -1.456980546, -0.009513378, 0.022802214, 0.135865984, -5.348530921, -4.072501912, -0.175769885
538, 1763489401.2865422, -0.021057049, -0.868862112, 2.290566603, 0.025963147, -1.455830177, -0.009522518, 0.022812386, 0.135995989, -5.348432045, -4.073834514, -0.175719375
539, 1763489401.31458, -0.020855427, -0.869678239, 2.290308237, 0.026005745, -1.455315590, -0.009537697, 0.022827645, 0.135926966, -5.348602631, -4.074383848, -0.175752714
540, 1763489401.340501, -0.021157821, -0.870282948, 2.290057818, 0.025917451, -1.454539537, -0.009534677, 0.022802254, 0.135908915, -5.348820835, -4.074837992, -0.175653433
541, 1763489401.3749068, -0.021076600, -0.870774647, 2.289679686, 0.025789579, -1.454040448, -0.009522518, 0.022820036, 0.136093389, -5.348424062, -4.075052461, -0.175735282
542, 1763489401.4051409, -0.020951271, -0.871005674, 2.288563887, 0.025832176, -1.453495741, -0.009540717, 0.022825122, 0.135987124, -5.348719471, -4.075414473, -0.175817244
543, 1763489401.43241, -0.021209399, -0.871401529, 2.286702394, 0.025722663, -1.450716734, -0.009531498, 0.022807300, 0.136055427, -5.348671572, -4.075630093, -0.175772348
544, 1763489401.4693499, -0.021066904, -0.871480028, 2.283642371, 0.025704384, -1.447837512, -0.009528557, 0.022814949, 0.136103222, -5.348542270, -4.075807235, -0.175798397
545, 1763489401.4923909, -0.020914396, -0.871435960, 2.280561129, 0.025731802, -1.444638729, -0.009540717, 0.022809863, 0.136001508, -5.348836125, -4.076005749, -0.175843285
546, 1763489401.5192971, -0.021206935, -0.871354898, 2.277333260, 0.025616090, -1.440824906, -0.009516398, 0.022794604, 0.136139245, -5.348500413, -4.076023413, -0.175708156
547, 1763489401.542536, -0.021231572, -0.870786885, 2.272962968, 0.025616169, -1.436570009, -0.009501139, 0.022820036, 0.136103200, -5.348602098, -4.076140040, -0.175640867
548, 1763489401.5763588, -0.021005392, -0.869862517, 2.268102725, 0.025631428, -1.432412545, -0.009522438, 0.022809863, 0.136063425, -5.348681020, -4.076202733, -0.175705849
549, 1763489401.600847, -0.021204472, -0.868788322, 2.262819131, 0.025588592, -1.427816629, -0.009507259, 0.022809863, 0.136102207, -5.348504509, -4.076218643, -0.175625201
550, 1763489401.622647, -0.021384001, -0.867755791, 2.258251746, 0.025597731, -1.425667842, -0.009507259, 0.022822559, 0.136032744, -5.348700985, -4.076297494, -0.175593411
551, 1763489401.656746, -0.021236420, -0.866740604, 2.253540516, 0.025600910, -1.422192017, -0.009510358, 0.022807300, 0.136058526, -5.348617106, -4.076326634, -0.175721104
552, 1763489401.684056, -0.021248658, -0.864272396, 2.244853417, 0.025591612, -1.417979717, -0.009513378, 0.022820036, 0.136024388, -5.348592933, -4.076381732, -0.175756987
553, 1763489401.709013, -0.021268288, -0.862386862, 2.238954465, 0.025603930, -1.415030559, -0.009507259, 0.022830208, 0.135984232, -5.348641772, -4.076412379, -0.175743461
554, 1763489401.7344441, -0.021290541, -0.860164543, 2.232107401, 0.025594711, -1.409822861, -0.009516398, 0.022809863, 0.135987708, -5.348511466, -4.076404396, -0.175701536
555, 1763489401.768524, -0.021278222, -0.857883195, 2.225939592, 0.025594711, -1.405299902, -0.009516398, 0.022827645, 0.135912418, -5.348617711, -4.076440414, -0.175680177
556, 1763489401.811384, -0.021332343, -0.854171236, 2.215859493, 0.025600831, -1.396829605, -0.009504239, 0.022802254, 0.135906358, -5.348571969, -4.076460888, -0.175670546
557, 1763489401.8359702, -0.021344582, -0.851589978, 2.208871365, 0.025600910, -1.392410358, -0.009516398, 0.022809863, 0.135882154, -5.348612594, -4.076477632, -0.175701556
558, 1763489401.873638, -0.021371603, -0.849335710, 2.202160199, 0.025591612, -1.389138381, -0.009516398, 0.022820036, 0.135892154, -5.348545445, -4.076469752, -0.175740556
559, 1763489401.896888, -0.021403631, -0.847061872, 2.195188125, 0.025594711, -1.385315498, -0.009507259, 0.022827685, 0.135839877, -5.348620439, -4.076480120, -0.175750279
560, 1763489401.923877, -0.021433036, -0.845033745, 2.189313173, 0.025591612, -1.381882429, -0.009510279, 0.022825122, 0.135855880, -5.348534252, -4.076466641, -0.175722277
561, 1763489401.94642, -0.021460136, -0.843261222, 2.183941682, 0.025591691, -1.377937873, -0.009504239, 0.022822559, 0.135830652, -5.348581104, -4.076485388, -0.175702072
562, 1763489401.99087, -0.021573067, -0.840665241, 2.176441987, 0.025594711, -1.371525049, -0.009507259, 0.022820036, 0.135828896, -5.348568572, -4.076484292, -0.175674812
563, 1763489402.014121, -0.021745205, -0.837902308, 2.168897311, 0.025594711, -1.365471284, -0.009507259, 0.022812386, 0.135797397, -5.348577266, -4.076489628, -0.175671794
564, 1763489402.040992, -0.021831433, -0.836016615, 2.163728237, 0.025591691, -1.362859964, -0.009510358, 0.022814910, 0.135786559, -5.348591356, -4.076507218, -0.175688200
565, 1763489402.070687, -0.021851063, -0.833678802, 2.157283306, 0.025585572, -1.358702421, -0.009504159, 0.022799691, 0.135786840, -5.348527912, -4.076516450, -0.175727668
566, 1763489402.093418, -0.021851063, -0.831195970, 2.150865078, 0.025594711, -1.355935653, -0.009504159, 0.022812386, 0.135715619, -5.348579892, -4.076528129, -0.175744685
567, 1763489402.118577, -0.021853447, -0.828865488, 2.144694487, 0.025594791, -1.353616556, -0.009501139, 0.022822559, 0.135705558, -5.348526564, -4.076530130, -0.175720112
568, 1763489402.145952, -0.021873077, -0.826933205, 2.138992707, 0.025594711, -1.349254926, -0.009507259, 0.022822559, 0.135664144, -5.348526251, -4.076546292, -0.175695273
569, 1763489402.179601, -0.021870613, -0.824111144, 2.131700993, 0.025585572, -1.343672832, -0.009504159, 0.022814949, 0.135604527, -5.348521567, -4.076550730, -0.175677715
570, 1763489402.202059, -0.021902720, -0.821296275, 2.124710321, 0.025585572, -1.337871710, -0.009516398, 0.022822559, 0.135547989, -5.348495952, -4.076563767, -0.175677597
571, 1763489402.225096, -0.021929582, -0.819459995, 2.119913896, 0.025585572, -1.334420363, -0.009507259, 0.022809863, 0.135499217, -5.348518328, -4.076582373, -0.175722580
572, 1763489402.251981, -0.021954377, -0.817159096, 2.113860448, 0.025579532, -1.330427170, -0.009516398, 0.022802214, 0.135464571, -5.348475415, -4.076599281, -0.175746201
573, 1763489402.289831, -0.021949291, -0.814103345, 2.106014808, 0.025585572, -1.326866070, -0.009522438, 0.022812386, 0.135372629, -5.348468112, -4.076612749, -0.175787918
574, 1763489402.3188858, -0.021954377, -0.811079721, 2.097881635, 0.025570393, -1.322577635, -0.009522438, 0.022819996, 0.135287681, -5.348426449, -4.076629317, -0.175808453
575, 1763489402.342744, -0.021961689, -0.809017162, 2.092259566, 0.025570393, -1.319524924, -0.009519418, 0.022814949, 0.135220152, -5.348410757, -4.076649861, -0.175809853
576, 1763489402.375849, -0.021971385, -0.806403995, 2.085601727, 0.025585651, -1.315017144, -0.009510358, 0.022809863, 0.135113913, -5.348399229, -4.076683860, -0.175804416
577, 1763489402.402849, -0.021986246, -0.803188463, 2.077955723, 0.025579453, -1.309222380, -0.009504159, 0.022812386, 0.134968269, -5.348373570, -4.076710692, -0.175801400
578, 1763489402.426985, -0.022005955, -0.800823589, 2.072413603, 0.025576512, -1.304879109, -0.009516398, 0.022817512, 0.134869408, -5.348359410, -4.076736943, -0.175790548
579, 1763489402.452517, -0.022008340, -0.798018754, 2.065854390, 0.025576433, -1.301068385, -0.009513378, 0.022820036, 0.134759622, -5.348326409, -4.076758658, -0.175759773
580, 1763489402.483226, -0.022035440, -0.795353889, 2.059441487, 0.025579532, -1.297528585, -0.009501139, 0.022812426, 0.134628052, -5.348311384, -4.076777329, -0.175730012
581, 1763489402.511371, -0.022057533, -0.792209705, 2.051888784, 0.025576512, -1.293979883, -0.009507338, 0.022807340, 0.134497748, -5.348282540, -4.076785122, -0.175720536
582, 1763489402.5379882, -0.022099415, -0.789367914, 2.044802109, 0.025579453, -1.291849295, -0.009510279, 0.022825122, 0.134360984, -5.348257381, -4.076784437, -0.175718770
583, 1763489402.577076, -0.022123893, -0.786732674, 2.037712733, 0.025573492, -1.286830346, -0.009507259, 0.022807300, 0.134232703, -5.348231672, -4.076799694, -0.175721193
584, 1763489402.603004, -0.022131284, -0.783042729, 2.028431575, 0.025573413, -1.280040105, -0.009513378, 0.022820036, 0.134079840, -5.348202236, -4.076798835, -0.175717284
585, 1763489402.6271648, -0.022148291, -0.780648271, 2.022668521, 0.025570393, -1.275596380, -0.009543737, 0.022820036, 0.133976898, -5.348192893, -4.076790083, -0.175719519
586, 1763489402.6515892, -0.022173166, -0.777914643, 2.016151667, 0.025582552, -1.270988305, -0.009513378, 0.022809863, 0.133873948, -5.348157080, -4.076781807, -0.175716431
587, 1763489402.68856, -0.022195101, -0.775055786, 2.009693623, 0.025570393, -1.267658631, -0.009528557, 0.022809863, 0.133765291, -5.348144075, -4.076769293, -0.175709728
588, 1763489402.716772, -0.022214810, -0.771205962, 2.000809312, 0.025582472, -1.263634920, -0.009522438, 0.022809863, 0.133600445, -5.348104457, -4.076763925, -0.175691166
589, 1763489402.744273, -0.022222360, -0.768125832, 1.993429661, 0.025561174, -1.259778738, -0.009519418, 0.022817473, 0.133476465, -5.348073190, -4.076761189, -0.175699588
590, 1763489402.78349, -0.022212426, -0.765043020, 1.985826294, 0.025570313, -1.256050269, -0.009516398, 0.022814949, 0.133334211, -5.348040420, -4.076770627, -0.175728935
591, 1763489402.808577, -0.022234519, -0.761574388, 1.977168441, 0.025567373, -1.250060558, -0.009510279, 0.022812386, 0.133179387, -5.347994504, -4.076777692, -0.175768523
592, 1763489402.834433, -0.022241831, -0.758712908, 1.970337391, 0.025570313, -1.245008151, -0.009516398, 0.022820036, 0.133044041, -5.347980434, -4.076788115, -0.175773247
593, 1763489402.874075, -0.022293488, -0.755681833, 1.962808609, 0.025570313, -1.239879847, -0.009513378, 0.022812426, 0.132893327, -5.347961764, -4.076811652, -0.175733045
594, 1763489402.909698, -0.022327979, -0.751246969, 1.952030857, 0.025573413, -1.233777205, -0.009528557, 0.022822559, 0.132712410, -5.347918057, -4.076820606, -0.175631461
595, 1763489402.934625, -0.022332907, -0.748486360, 1.945476770, 0.025567293, -1.231238842, -0.009516398, 0.022802254, 0.132579525, -5.347897503, -4.076816543, -0.175602849
596, 1763489402.960002, -0.022340218, -0.745902677, 1.939111869, 0.025570393, -1.228682121, -0.009513378, 0.022820036, 0.132461421, -5.347872554, -4.076836776, -0.175614509
597, 1763489402.992142, -0.022369703, -0.743201077, 1.932344755, 0.025579532, -1.224086285, -0.009519418, 0.022814949, 0.132346808, -5.347845636, -4.076843250, -0.175665230
598, 1763489403.016336, -0.022409042, -0.739921550, 1.924786727, 0.025570313, -1.219259262, -0.009528557, 0.022819996, 0.132208170, -5.347809494, -4.076848310, -0.175765534
599, 1763489403.0438159, -0.022416353, -0.737079839, 1.918104847, 0.025570393, -1.213750283, -0.009513378, 0.022809863, 0.132086950, -5.347768914, -4.076856425, -0.175821720
600, 1763489403.090125, -0.022413890, -0.733544866, 1.910054127, 0.025558154, -1.208454450, -0.009519418, 0.022809863, 0.131963542, -5.347750838, -4.076871202, -0.175815012
601, 1763489403.11801, -0.022418817, -0.728532294, 1.898666342, 0.025561174, -1.202905814, -0.009528557, 0.022812386, 0.131782725, -5.347723022, -4.076874083, -0.175745621
602, 1763489403.141354, -0.022426208, -0.725673278, 1.892000556, 0.025558233, -1.199627956, -0.009528557, 0.022812386, 0.131668773, -5.347707198, -4.076883205, -0.175692241
603, 1763489403.167727, -0.022436142, -0.722966750, 1.885465185, 0.025561174, -1.196526448, -0.009528557, 0.022820036, 0.131555479, -5.347690461, -4.076884782, -0.175664558
604, 1763489403.205537, -0.022500038, -0.719057957, 1.876181364, 0.025552114, -1.191510598, -0.009528557, 0.022820036, 0.131391844, -5.347659795, -4.076890988, -0.175645752
605, 1763489403.227854, -0.022568782, -0.716373523, 1.869827032, 0.025567293, -1.186659098, -0.009528478, 0.022812426, 0.131283888, -5.347638540, -4.076891075, -0.175649329
606, 1763489403.2574332, -0.022610744, -0.713379343, 1.863115867, 0.025552114, -1.181661447, -0.009522518, 0.022827685, 0.131174607, -5.347611266, -4.076886128, -0.175707274
607, 1763489403.2796319, -0.022613128, -0.710225324, 1.856015841, 0.025552114, -1.176882982, -0.009534597, 0.022794565, 0.131059867, -5.347580363, -4.076892331, -0.175775902
608, 1763489403.3154812, -0.022598187, -0.707091014, 1.848803997, 0.025558233, -1.173215389, -0.009528557, 0.022804777, 0.130938094, -5.347555934, -4.076899493, -0.175824112
609, 1763489403.339811, -0.022608201, -0.703464985, 1.840409716, 0.025549094, -1.169140021, -0.009525458, 0.022807300, 0.130776608, -5.347527472, -4.076911265, -0.175823974
610, 1763489403.3633878, -0.022632758, -0.700360159, 1.833373745, 0.025546074, -1.167179902, -0.009546836, 0.022827685, 0.130643846, -5.347508816, -4.076915809, -0.175779309
611, 1763489403.397362, -0.022627831, -0.697503626, 1.826590657, 0.025552114, -1.163402716, -0.009513299, 0.022819996, 0.130522545, -5.347474939, -4.076920938, -0.175742193
612, 1763489403.420578, -0.022622983, -0.693523645, 1.817661047, 0.025564194, -1.158210437, -0.009534597, 0.022822559, 0.130365713, -5.347438821, -4.076911752, -0.175702278
613, 1763489403.445956, -0.022645076, -0.690389276, 1.810859402, 0.025555134, -1.153191487, -0.009531577, 0.022814949, 0.130248865, -5.347403744, -4.076886049, -0.175691714
614, 1763489403.481233, -0.022677024, -0.686001221, 1.802289248, 0.025543054, -1.147365967, -0.009528557, 0.022817473, 0.130103916, -5.347356027, -4.076825049, -0.175718217
615, 1763489403.511353, -0.022731225, -0.681696773, 1.793596745, 0.025549094, -1.142703056, -0.009537697, 0.022807340, 0.129937399, -5.347344172, -4.076805949, -0.175757404
616, 1763489403.533897, -0.022728761, -0.678641061, 1.786427498, 0.025552114, -1.139586449, -0.009537697, 0.022817473, 0.129830300, -5.347312025, -4.076813754, -0.175786619
617, 1763489403.557146, -0.022721370, -0.676079492, 1.780121128, 0.025549094, -1.136250734, -0.009549777, 0.022812386, 0.129744179, -5.347271514, -4.076812332, -0.175809846
618, 1763489403.58241, -0.022721291, -0.673190991, 1.773591002, 0.025545994, -1.133621057, -0.009537617, 0.022812386, 0.129619296, -5.347267215, -4.076814078, -0.175837661
619, 1763489403.611539, -0.022731066, -0.669660866, 1.765609543, 0.025546074, -1.129432996, -0.009525537, 0.022822559, 0.129475546, -5.347235711, -4.076791907, -0.175860882
620, 1763489403.633892, -0.022763014, -0.666553617, 1.758775910, 0.025543054, -1.125031948, -0.009552876, 0.022807300, 0.129359920, -5.347201755, -4.076767390, -0.175843945
621, 1763489403.662194, -0.022777716, -0.662649850, 1.750994126, 0.025542974, -1.119845708, -0.009528478, 0.022822559, 0.129238255, -5.347181849, -4.076708596, -0.175839208
622, 1763489403.6843252, -0.022780180, -0.658770482, 1.743627787, 0.025543054, -1.115347226, -0.009534597, 0.022797167, 0.129127645, -5.347116882, -4.076614001, -0.175796122
623, 1763489403.714412, -0.022834301, -0.654763500, 1.736253500, 0.025543054, -1.111989975, -0.009543737, 0.022799651, 0.128959497, -5.347152493, -4.076541777, -0.175738415
624, 1763489403.7374258, -0.022875945, -0.650011619, 1.727907181, 0.025543054, -1.108176470, -0.009546836, 0.022804777, 0.128841869, -5.347107493, -4.076375224, -0.175716176
625, 1763489403.767603, -0.022939920, -0.645603975, 1.720583439, 0.025533915, -1.106167634, -0.009528557, 0.022807300, 0.128723974, -5.347039512, -4.076190517, -0.175681647
626, 1763489403.8117702, -0.022917827, -0.637410482, 1.706961433, 0.025549094, -1.100762208, -0.009546836, 0.022812386, 0.128463690, -5.347041053, -4.075802445, -0.175727713
627, 1763489403.83426, -0.023001512, -0.632159452, 1.698223631, 0.025540034, -1.096632083, -0.009543737, 0.022822559, 0.128348233, -5.346894562, -4.075506651, -0.175700146
628, 1763489403.862365, -0.023109595, -0.626881440, 1.689837337, 0.025539955, -1.091737906, -0.009546757, 0.022820036, 0.128127820, -5.347012469, -4.075268105, -0.175691136
629, 1763489403.8833122, -0.023094893, -0.622156620, 1.682644129, 0.025524775, -1.087741534, -0.009555976, 0.022820036, 0.128000659, -5.346908960, -4.074985318, -0.175760014
630, 1763489403.9145548, -0.023161173, -0.617065589, 1.675038139, 0.025533915, -1.083653927, -0.009552876, 0.022809863, 0.127877040, -5.346843189, -4.074689945, -0.175724895
631, 1763489403.936971, -0.023230076, -0.610941887, 1.666156491, 0.025536935, -1.080232859, -0.009571075, 0.022804777, 0.127644108, -5.346979386, -4.074364456, -0.175713217
632, 1763489403.965098, -0.023161252, -0.605376244, 1.658063054, 0.025521676, -1.077776909, -0.009568055, 0.022819996, 0.127550999, -5.346785736, -4.073992575, -0.175764497
633, 1763489403.992349, -0.023242394, -0.598908424, 1.648411830, 0.025527795, -1.073981444, -0.009537697, 0.022804777, 0.127338294, -5.346805163, -4.073609240, -0.175680816
634, 1763489404.020654, -0.023254712, -0.593325694, 1.640172044, 0.025524775, -1.071720044, -0.009558996, 0.022817473, 0.127106055, -5.346916301, -4.073267897, -0.175684498
635, 1763489404.043664, -0.023205519, -0.587022622, 1.631426215, 0.025509596, -1.069111665, -0.009562016, 0.022822559, 0.127030254, -5.346619886, -4.072766327, -0.175717088
636, 1763489404.072788, -0.023313761, -0.580402454, 1.622046471, 0.025518656, -1.064120134, -0.009555896, 0.022822559, 0.126722583, -5.346792358, -4.072340935, -0.175693553
637, 1763489404.097892, -0.023276885, -0.573765039, 1.613082329, 0.025524775, -1.059576114, -0.009552876, 0.022804777, 0.126522899, -5.346794936, -4.071823755, -0.175801704
638, 1763489404.1319559, -0.023313761, -0.565741062, 1.602855841, 0.025506576, -1.054715395, -0.009549856, 0.022812386, 0.126407113, -5.346523720, -4.071168235, -0.175789351
639, 1763489404.15774, -0.023370107, -0.558373451, 1.593782385, 0.025518656, -1.052332242, -0.009565036, 0.022825122, 0.126119247, -5.346772118, -4.070726798, -0.175813532
640, 1763489404.184656, -0.023303986, -0.550816695, 1.584408045, 0.025503476, -1.048302492, -0.009577195, 0.022807340, 0.126080718, -5.346558913, -4.070145495, -0.175876592
641, 1763489404.207766, -0.023343245, -0.544304689, 1.576197545, 0.025485277, -1.045435349, -0.009568135, 0.022799691, 0.125990438, -5.346389079, -4.069698457, -0.175818070
642, 1763489404.238413, -0.023372730, -0.536558469, 1.566197356, 0.025506576, -1.043797890, -0.009568055, 0.022820036, 0.125743403, -5.346681816, -4.069324961, -0.175818803
643, 1763489404.267174, -0.023301522, -0.529365540, 1.556383650, 0.025491317, -1.039801757, -0.009555896, 0.022817473, 0.125703530, -5.346404309, -4.068852907, -0.175832836
644, 1763489404.290636, -0.023419301, -0.522934596, 1.547179818, 0.025503476, -1.035845041, -0.009564956, 0.022820036, 0.125517012, -5.346436197, -4.068553860, -0.175739260
645, 1763489404.3203259, -0.023380041, -0.517051856, 1.538662990, 0.025512536, -1.031906605, -0.009577115, 0.022820036, 0.125363312, -5.346551184, -4.068298644, -0.175774675
646, 1763489404.358786, -0.023367723, -0.508629878, 1.526356498, 0.025485277, -1.025353670, -0.009589354, 0.022812426, 0.125261514, -5.346313409, -4.067841654, -0.175767043
647, 1763489404.389822, -0.023439089, -0.498892446, 1.512500008, 0.025500456, -1.019357761, -0.009595394, 0.022814949, 0.125033046, -5.346433471, -4.067404405, -0.175734436
648, 1763489404.4169102, -0.023488124, -0.491906007, 1.502971252, 0.025476138, -1.016359886, -0.009610653, 0.022817473, 0.125004371, -5.346207807, -4.067011013, -0.175685605
649, 1763489404.444261, -0.023493052, -0.484344155, 1.492877881, 0.025500456, -1.012640476, -0.009610653, 0.022817512, 0.124801405, -5.346446350, -4.066723082, -0.175665993
650, 1763489404.476804, -0.023387432, -0.476425966, 1.482294520, 0.025494337, -1.009252946, -0.009607553, 0.022825122, 0.124771714, -5.346255874, -4.066285344, -0.175690972
651, 1763489404.500353, -0.023510377, -0.470076243, 1.474113266, 0.025494337, -1.008294185, -0.009607553, 0.022819996, 0.124680987, -5.346286315, -4.065968699, -0.175620814
652, 1763489404.5324469, -0.023645480, -0.465965827, 1.470070561, 0.025497437, -1.007569710, -0.009610653, 0.022827645, 0.124625403, -5.346452141, -4.065718914, -0.175616114
653, 1763489404.561002, -0.023738941, -0.461673727, 1.466344833, 0.025467078, -1.004988750, -0.009598414, 0.022802214, 0.124714079, -5.346180958, -4.065322197, -0.175583020
654, 1763489404.5873458, -0.023871660, -0.457870712, 1.462824066, 0.025494337, -1.004389286, -0.009607633, 0.022822599, 0.124548810, -5.346493916, -4.065100592, -0.175555673
655, 1763489404.611851, -0.023770889, -0.455552568, 1.461479306, 0.025476138, -1.004291852, -0.009613673, 0.022807340, 0.124611693, -5.346322776, -4.064811360, -0.175622697
656, 1763489404.643636, -0.023910999, -0.453315576, 1.460395296, 0.025463899, -1.004237175, -0.009607553, 0.022814910, 0.124574845, -5.346307626, -4.064576067, -0.175553720
657, 1763489404.688482, -0.024029096, -0.450682630, 1.459228873, 0.025482257, -1.004133542, -0.009631952, 0.022822559, 0.124495304, -5.346360334, -4.064349330, -0.175569465
658, 1763489404.717655, -0.024441957, -0.447083612, 1.457026402, 0.025473118, -1.003954093, -0.009628852, 0.022807300, 0.124380915, -5.346366231, -4.064134358, -0.175425499
659, 1763489404.747185, -0.024410089, -0.444210023, 1.454765399, 0.025463978, -1.003838221, -0.009610573, 0.022822559, 0.124325077, -5.346247080, -4.063982554, -0.175548121
660, 1763489404.7773151, -0.024481376, -0.442004909, 1.452981075, 0.025463978, -1.003789663, -0.009625832, 0.022817473, 0.124277480, -5.346112543, -4.063923481, -0.175524504
661, 1763489404.807337, -0.024387995, -0.440623283, 1.452099601, 0.025479158, -1.003610134, -0.009613593, 0.022817473, 0.124072535, -5.346381819, -4.064000035, -0.175587105
662, 1763489404.84301, -0.024370670, -0.439212084, 1.451279283, 0.025463978, -1.003296614, -0.009616693, 0.022804777, 0.124148408, -5.345962591, -4.063924887, -0.175596917
663, 1763489404.871536, -0.024555047, -0.437788874, 1.450512330, 0.025463978, -1.003080527, -0.009622812, 0.022827685, 0.123890359, -5.346269821, -4.064064688, -0.175461936
664, 1763489404.897354, -0.024419864, -0.436903944, 1.449875752, 0.025457859, -1.002733548, -0.009625832, 0.022809863, 0.123945713, -5.345917457, -4.064016102, -0.175526232
665, 1763489404.9346502, -0.024552743, -0.435812463, 1.448810538, 0.025485198, -1.002560059, -0.009613673, 0.022809823, 0.123759360, -5.346116859, -4.064158316, -0.175422588
666, 1763489404.968321, -0.024429798, -0.434713513, 1.447814544, 0.025473118, -1.002155145, -0.009610573, 0.022809863, 0.123717428, -5.345969446, -4.064194600, -0.175487176
667, 1763489404.999817, -0.024577141, -0.433744977, 1.447002292, 0.025466998, -1.002033472, -0.009625832, 0.022820036, 0.123562531, -5.346089230, -4.064289130, -0.175413352
668, 1763489405.042355, -0.024530490, -0.433356603, 1.446762641, 0.025466998, -1.001939138, -0.009619792, 0.022809863, 0.123544547, -5.346012332, -4.064303540, -0.175460345
669, 1763489405.0714629, -0.024532954, -0.432921400, 1.446544210, 0.025473038, -1.001887321, -0.009619792, 0.022814949, 0.123439053, -5.346126720, -4.064399158, -0.175490183
670, 1763489405.098073, -0.024483760, -0.432643642, 1.446275234, 0.025470098, -1.001850764, -0.009616693, 0.022807300, 0.123480422, -5.345999957, -4.064383184, -0.175553482
671, 1763489405.124916, -0.024513404, -0.432429790, 1.446032921, 0.025476138, -1.001808167, -0.009638071, 0.022819996, 0.123427781, -5.346028631, -4.064423196, -0.175552359
672, 1763489405.1594481, -0.024478992, -0.432134777, 1.445774515, 0.025479158, -1.001753410, -0.009628932, 0.022812386, 0.123368947, -5.346132860, -4.064474576, -0.175561740
673, 1763489405.184049, -0.024451971, -0.431930621, 1.445659955, 0.025463978, -1.001686494, -0.009628852, 0.022812386, 0.123440233, -5.346004077, -4.064480213, -0.175569717
674, 1763489405.2057338, -0.024471442, -0.431817681, 1.445598801, 0.025467078, -1.001659155, -0.009622812, 0.022817473, 0.123356470, -5.346171397, -4.064566543, -0.175521030
675, 1763489405.229123, -0.024419864, -0.431692272, 1.445492268, 0.025467078, -1.001628717, -0.009634972, 0.022820036, 0.123435446, -5.346073810, -4.064539110, -0.175510698
676, 1763489405.267892, -0.024422328, -0.431586574, 1.445292552, 0.025457859, -1.001604319, -0.009622812, 0.022812386, 0.123421355, -5.346100570, -4.064575166, -0.175488059
677, 1763489405.296242, -0.024422328, -0.431503048, 1.445241968, 0.025476138, -1.001573801, -0.009622733, 0.022819996, 0.123462397, -5.346088454, -4.064581679, -0.175509696
678, 1763489405.324716, -0.024444501, -0.431453933, 1.445231199, 0.025473118, -1.001564662, -0.009634972, 0.022817473, 0.123472439, -5.346089087, -4.064597015, -0.175522771
679, 1763489405.3566878, -0.024429639, -0.431392332, 1.445228577, 0.025460958, -1.001531283, -0.009647131, 0.022812426, 0.123480899, -5.346144201, -4.064611366, -0.175545709
680, 1763489405.390778, -0.024417400, -0.431343218, 1.445199370, 0.025476138, -1.001522223, -0.009634972, 0.022812386, 0.123556281, -5.346083888, -4.064592737, -0.175543945
681, 1763489405.4146502, -0.024434487, -0.431323498, 1.445170005, 0.025473118, -1.001513004, -0.009631872, 0.022807300, 0.123545364, -5.346163458, -4.064612406, -0.175548055
682, 1763489405.449001, -0.024424791, -0.431308736, 1.445161978, 0.025470098, -1.001516104, -0.009628932, 0.022809863, 0.123638715, -5.346076800, -4.064582142, -0.175550031
683, 1763489405.478945, -0.024424791, -0.431289256, 1.445132693, 0.025476138, -1.001506964, -0.009634972, 0.022807300, 0.123620442, -5.346168873, -4.064611103, -0.175550521
684, 1763489405.505989, -0.024432023, -0.431271871, 1.445135355, 0.025470098, -1.001506964, -0.009631952, 0.022820036, 0.123707269, -5.346089569, -4.064584693, -0.175546905
685, 1763489405.531295, -0.024429639, -0.431274335, 1.445138017, 0.025473118, -1.001491706, -0.009641012, 0.022807300, 0.123687059, -5.346171305, -4.064609821, -0.175530102
686, 1763489405.558343, -0.024434487, -0.431259473, 1.445140680, 0.025463978, -1.001494726, -0.009625753, 0.022809863, 0.123735718, -5.346135943, -4.064595741, -0.175529744
687, 1763489405.599817, -0.024432023, -0.431242456, 1.445135355, 0.025470098, -1.001500845, -0.009631952, 0.022820036, 0.123734091, -5.346163007, -4.064606322, -0.175535073
688, 1763489405.6337368, -0.024427176, -0.431235135, 1.445135355, 0.025467078, -1.001494805, -0.009644111, 0.022817473, 0.123767969, -5.346149529, -4.064600009, -0.175518248
689, 1763489405.6666932, -0.024424791, -0.431225290, 1.445132693, 0.025470018, -1.001491706, -0.009634892, 0.022812386, 0.123765930, -5.346198351, -4.064609939, -0.175508757
690, 1763489405.690511, -0.024424712, -0.431225290, 1.445138017, 0.025470018, -1.001482566, -0.009625832, 0.022812426, 0.123805845, -5.346165670, -4.064594776, -0.175501197
691, 1763489405.7171378, -0.024429639, -0.431215415, 1.445138057, 0.025466998, -1.001482646, -0.009628852, 0.022809863, 0.123801637, -5.346187738, -4.064603856, -0.175504598
692, 1763489405.74098, -0.024419943, -0.431222896, 1.445140680, 0.025476138, -1.001497825, -0.009634972, 0.022814949, 0.123806787, -5.346206425, -4.064604472, -0.175503073
693, 1763489405.7762182, -0.024427176, -0.431207965, 1.445135355, 0.025476138, -1.001497825, -0.009637992, 0.022804737, 0.123823827, -5.346171073, -4.064599383, -0.175519129
694, 1763489405.801207, -0.024429639, -0.431205501, 1.445132693, 0.025470098, -1.001491706, -0.009638071, 0.022809863, 0.123821405, -5.346205985, -4.064603763, -0.175515373
695, 1763489405.823874, -0.024429560, -0.431203047, 1.445138017, 0.025473118, -1.001482566, -0.009644111, 0.022812386, 0.123846350, -5.346178764, -4.064594197, -0.175518778
696, 1763489405.855606, -0.024432023, -0.431198110, 1.445135355, 0.025473118, -1.001488686, -0.009656270, 0.022814949, 0.123830178, -5.346193123, -4.064606508, -0.175508626
697, 1763489405.895885, -0.024424791, -0.431185951, 1.445140680, 0.025473118, -1.001485586, -0.009647131, 0.022812386, 0.123862788, -5.346191489, -4.064598682, -0.175507066
698, 1763489405.925889, -0.024427176, -0.431195647, 1.445135355, 0.025470098, -1.001497746, -0.009650230, 0.022822559, 0.123868035, -5.346213761, -4.064603806, -0.175495494
699, 1763489405.961078, -0.024432103, -0.431190799, 1.445132693, 0.025464058, -1.001482566, -0.009650230, 0.022812386, 0.123897468, -5.346197921, -4.064595446, -0.175496020
700, 1763489405.992979, -0.024434487, -0.431181024, 1.445140680, 0.025460958, -1.001491706, -0.009641091, 0.022812386, 0.123890510, -5.346217199, -4.064604537, -0.175491410
701, 1763489406.016994, -0.024432103, -0.431188325, 1.445138017, 0.025476138, -1.001509984, -0.009650230, 0.022809863, 0.123906342, -5.346202467, -4.064598325, -0.175493855
702, 1763489406.045044, -0.024429639, -0.431181103, 1.445143342, 0.025476138, -1.001494726, -0.009653250, 0.022812386, 0.123899649, -5.346211137, -4.064607449, -0.175494340
703, 1763489406.1048262, -0.024434646, -0.431168636, 1.445138017, 0.025473118, -1.001488686, -0.009656350, 0.022814949, 0.123910182, -5.346213083, -4.064607405, -0.175495763
704, 1763489406.142693, -0.024434487, -0.431176156, 1.445140680, 0.025476138, -1.001485666, -0.009647131, 0.022807340, 0.123928538, -5.346207267, -4.064604808, -0.175479462
705, 1763489406.1862311, -0.024439494, -0.431168705, 1.445138017, 0.025470098, -1.001485586, -0.009650230, 0.022814949, 0.123947890, -5.346203013, -4.064604884, -0.175507640
706, 1763489406.2146392, -0.024432023, -0.431163708, 1.445135355, 0.025467078, -1.001479467, -0.009647210, 0.022817473, 0.123970213, -5.346199904, -4.064597655, -0.175515639
707, 1763489406.241819, -0.024434487, -0.431166252, 1.445135355, 0.025476138, -1.001482566, -0.009650230, 0.022812386, 0.123966494, -5.346203820, -4.064601379, -0.175509833
708, 1763489406.2847931, -0.024437030, -0.431153774, 1.445135355, 0.025463978, -1.001491626, -0.009659449, 0.023021042, 0.123975604, -5.346197654, -4.064601421, -0.175503101
709, 1763489406.3116312, -0.024434487, -0.431151311, 1.445143342, 0.025473118, -1.001275619, -0.009659449, 0.027735809, 0.123981013, -5.346205423, -4.064603489, -0.175507479
710, 1763489406.335319, -0.024432182, -0.431126893, 1.445313811, 0.025473038, -1.001476526, -0.009659370, 0.051994324, 0.123997958, -5.346195730, -4.064598859, -0.175520222
711, 1763489406.379505, -0.024429639, -0.431139141, 1.445119421, 0.025470098, -1.001296997, -0.009665489, 0.056266448, 0.124008019, -5.346194575, -4.064603594, -0.175513954
712, 1763489406.404691, -0.024434566, -0.431136678, 1.445103407, 0.025466998, -1.001089891, -0.009668589, 0.073469281, 0.124007585, -5.346188317, -4.064591521, -0.175505879
713, 1763489406.4292412, -0.024444501, -0.431114654, 1.445183317, 0.025473118, -1.001065572, -0.009656270, 0.105656188, 0.124004161, -5.346184078, -4.064599162, -0.175495267
714, 1763489406.470547, -0.024449507, -0.431080163, 1.445239305, 0.025470098, -1.001013915, -0.009683768, 0.156946678, 0.124008186, -5.346199245, -4.064610316, -0.175489828
715, 1763489406.49844, -0.024447044, -0.430981785, 1.445308407, 0.025454839, -1.001025995, -0.009702047, 0.277727801, 0.124026903, -5.346192121, -4.064602332, -0.175484651
716, 1763489406.526133, -0.024449507, -0.430974394, 1.445239226, 0.025473118, -1.001032035, -0.009686867, 0.378039093, 0.124029733, -5.346193743, -4.064600961, -0.175481983
717, 1763489406.5521972, -0.024446964, -0.430976868, 1.445116719, 0.025467078, -1.001029015, -0.009689887, 0.477810911, 0.124036461, -5.346194120, -4.064601377, -0.175486162
718, 1763489406.581447, -0.024449507, -0.431003948, 1.445012927, 0.025470018, -1.001284679, -0.009702047, 0.620122960, 0.124044684, -5.346198661, -4.064600521, -0.175503402
719, 1763489406.604931, -0.024439494, -0.431011359, 1.444914381, 0.025466998, -1.001312097, -0.009702126, 0.723380661, 0.124048323, -5.346199944, -4.064593601, -0.175499657
720, 1763489406.627178, -0.024444580, -0.431026061, 1.444863717, 0.025473118, -1.001318137, -0.009714206, 0.796647288, 0.124042273, -5.346202299, -4.064596387, -0.175505914
721, 1763489406.654306, -0.024444580, -0.431026141, 1.444871704, 0.025463978, -1.001296918, -0.009708166, 0.867534866, 0.124050675, -5.346199468, -4.064596368, -0.175507001
722, 1763489406.682264, -0.024439494, -0.430999031, 1.444965005, 0.025466998, -1.001269499, -0.009705067, 0.924552816, 0.124062425, -5.346199432, -4.064597543, -0.175501131
723, 1763489406.7072499, -0.024442037, -0.430976858, 1.445146044, 0.025470018, -1.001339436, -0.009723345, 0.959034780, 0.124071837, -5.346201924, -4.064596511, -0.175505217
724, 1763489406.731833, -0.024444501, -0.430971990, 1.445207318, 0.025464058, -1.001166026, -0.009723345, 0.967731628, 0.124077211, -5.346198924, -4.064593855, -0.175492106
725, 1763489406.757791, -0.024444501, -0.430964698, 1.445161978, 0.025460958, -1.001178185, -0.009769042, 0.967642543, 0.124086240, -5.346202197, -4.064592129, -0.175482575
726, 1763489406.792386, -0.024451971, -0.430974394, 1.445106069, 0.025473118, -1.001181285, -0.009759903, 0.967627258, 0.124100930, -5.346199995, -4.064592748, -0.175481196
727, 1763489406.817686, -0.024451971, -0.430976868, 1.445106069, 0.025460958, -1.001166105, -0.009756804, 0.967632345, 0.124105222, -5.346209411, -4.064589849, -0.175479985
728, 1763489406.845954, -0.024449428, -0.430974384, 1.445103407, 0.025473118, -1.001181285, -0.009765943, 0.967634888, 0.124105689, -5.346212548, -4.064594380, -0.175471014
729, 1763489406.883195, -0.024456819, -0.430962225, 1.445111434, 0.025467078, -1.001175165, -0.009756804, 0.967624715, 0.124108310, -5.346218334, -4.064592823, -0.175469692
730, 1763489406.914173, -0.024454435, -0.430957377, 1.445119421, 0.025473118, -1.001159986, -0.009756883, 0.967629801, 0.124108551, -5.346220819, -4.064596337, -0.175469127
731, 1763489406.9404328, -0.024451971, -0.430962225, 1.445100745, 0.025463978, -1.001172145, -0.009753784, 0.967637456, 0.124119649, -5.346232583, -4.064590850, -0.175450439
732, 1763489406.987544, -0.024454435, -0.430967073, 1.445103407, 0.025485198, -1.001178265, -0.009753784, 0.967634888, 0.124117553, -5.346235702, -4.064589370, -0.175439188
733, 1763489407.018919, -0.024456898, -0.430962225, 1.445111434, 0.025464058, -1.001181285, -0.009775082, 0.967629801, 0.124119957, -5.346237330, -4.064591330, -0.175421061
734, 1763489407.053801, -0.024461746, -0.430949996, 1.445116719, 0.025476138, -1.001163006, -0.009759903, 0.967637431, 0.124115046, -5.346228809, -4.064592730, -0.175410929
735, 1763489407.099616, -0.024461746, -0.430952450, 1.445108732, 0.025473118, -1.001190344, -0.009769042, 0.967624715, 0.124115961, -5.346232008, -4.064592756, -0.175420212
736, 1763489407.1267588, -0.024466594, -0.430949907, 1.445106069, 0.025466998, -1.001169046, -0.009756804, 0.967637431, 0.124100157, -5.346231729, -4.064596762, -0.175407235
737, 1763489407.155554, -0.024464130, -0.430937449, 1.445111434, 0.025479158, -1.001169125, -0.009750684, 0.967639974, 0.124100159, -5.346230985, -4.064598454, -0.175387760
738, 1763489407.186398, -0.024466594, -0.430942446, 1.445108732, 0.025470098, -1.001178185, -0.009756804, 0.967627258, 0.124098179, -5.346219995, -4.064600040, -0.175377338
739, 1763489407.2112892, -0.024476369, -0.430932522, 1.445114096, 0.025470098, -1.001181364, -0.009753784, 0.967627258, 0.124100927, -5.346227869, -4.064597979, -0.175377526
740, 1763489407.234748, -0.024483760, -0.430932522, 1.445111394, 0.025457859, -1.001178185, -0.009744644, 0.967639974, 0.124104884, -5.346225019, -4.064597569, -0.175394958
741, 1763489407.266678, -0.024486224, -0.430935065, 1.445106069, 0.025470018, -1.001178265, -0.009762923, 0.967629801, 0.124102255, -5.346231289, -4.064598780, -0.175403012
742, 1763489407.2965918, -0.024481297, -0.430930058, 1.445111434, 0.025464058, -1.001178265, -0.009772062, 0.967639974, 0.124097961, -5.346238537, -4.064599407, -0.175425576
743, 1763489407.323277, -0.024466515, -0.430922747, 1.445114136, 0.025470098, -1.001178265, -0.009765943, 0.967634888, 0.124097838, -5.346239262, -4.064597820, -0.175423098
744, 1763489407.347747, -0.024464130, -0.430922747, 1.445111394, 0.025470098, -1.001187404, -0.009775082, 0.967624715, 0.124098410, -5.346248932, -4.064598472, -0.175424686
745, 1763489407.3803232, -0.024466594, -0.430922747, 1.445111394, 0.025466998, -1.001156966, -0.009756804, 0.967634888, 0.124098125, -5.346239876, -4.064601066, -0.175449551
746, 1763489407.4132638, -0.024464130, -0.430917889, 1.445103407, 0.025473118, -1.001190344, -0.009772062, 0.967639974, 0.124096741, -5.346251389, -4.064598843, -0.175450253
747, 1763489407.442527, -0.024456898, -0.430910587, 1.445108732, 0.025473118, -1.001178185, -0.009753784, 0.967619629, 0.124088241, -5.346249517, -4.064600595, -0.175454630
748, 1763489407.475144, -0.024459283, -0.430908104, 1.445114096, 0.025460958, -1.001187325, -0.009762923, 0.967637431, 0.124079607, -5.346242376, -4.064605804, -0.175473458
749, 1763489407.510283, -0.024461746, -0.430898259, 1.445111394, 0.025467078, -1.001172066, -0.009766022, 0.967632345, 0.124090906, -5.346239775, -4.064600895, -0.175481639
750, 1763489407.533633, -0.024461746, -0.430905640, 1.445108732, 0.025463978, -1.001181285, -0.009750764, 0.967634888, 0.124095297, -5.346242131, -4.064602589, -0.175459109
751, 1763489407.559765, -0.024451971, -0.430908114, 1.445108771, 0.025463978, -1.001181285, -0.009750764, 0.967637431, 0.124087577, -5.346242330, -4.064603213, -0.175438200
752, 1763489407.586968, -0.024454435, -0.430900733, 1.445108732, 0.025470098, -1.001178265, -0.009769042, 0.967629801, 0.124089105, -5.346244742, -4.064603264, -0.175437788
753, 1763489407.616197, -0.024464130, -0.430893411, 1.445111394, 0.025470098, -1.001199484, -0.009762843, 0.967634888, 0.124080410, -5.346253066, -4.064604873, -0.175435943
754, 1763489407.642009, -0.024454435, -0.430895865, 1.445114096, 0.025467078, -1.001190344, -0.009759903, 0.967632345, 0.124080092, -5.346250263, -4.064605158, -0.175441553
755, 1763489407.674041, -0.024456898, -0.430886080, 1.445114096, 0.025467078, -1.001169125, -0.009759903, 0.967632345, 0.124068403, -5.346256802, -4.064607175, -0.175442094
756, 1763489407.7054908, -0.024459362, -0.430891017, 1.445108771, 0.025473118, -1.001172145, -0.009765943, 0.967632345, 0.124069644, -5.346263199, -4.064604117, -0.175428973
757, 1763489407.730479, -0.024449507, -0.430881083, 1.445108732, 0.025473118, -1.001166105, -0.009766022, 0.967634888, 0.124067570, -5.346271536, -4.064606197, -0.175432529
758, 1763489407.756876, -0.024451971, -0.430883537, 1.445108732, 0.025470098, -1.001181285, -0.009769042, 0.967639974, 0.124059174, -5.346276221, -4.064604445, -0.175429729
759, 1763489407.784985, -0.024456898, -0.430807273, 1.445087473, 0.025473118, -1.001184384, -0.009781202, 0.967627258, 0.124073098, -5.346278791, -4.064601718, -0.175447418
760, 1763489407.818499, -0.024449507, -0.430581232, 1.445042173, 0.025466998, -1.001175245, -0.009775082, 0.967645060, 0.124066625, -5.346272775, -4.064604894, -0.175448543
761, 1763489407.84426, -0.024444501, -0.430354983, 1.445031524, 0.025476138, -1.001184305, -0.009769042, 0.967632345, 0.124080101, -5.346271909, -4.064606286, -0.175447311
762, 1763489407.871655, -0.024447044, -0.429892768, 1.444967667, 0.025454839, -1.001199484, -0.009765943, 0.967632345, 0.124093664, -5.346273102, -4.064605749, -0.175449613
763, 1763489407.902184, -0.024473906, -0.427655856, 1.443540136, 0.025467078, -1.002075990, -0.009772062, 0.967637431, 0.124022259, -5.346261521, -4.064667428, -0.175452000
764, 1763489407.928413, -0.024483840, -0.420728276, 1.437638561, 0.025457859, -1.006720702, -0.009762843, 0.967655284, 0.123902915, -5.346221693, -4.064722060, -0.175408402
765, 1763489407.9516, -0.024476528, -0.414122899, 1.432615876, 0.025467078, -1.009319862, -0.009766022, 0.967637431, 0.123862725, -5.346206759, -4.064747190, -0.175398470
766, 1763489407.980948, -0.024449428, -0.403797934, 1.426115076, 0.025466998, -1.013340394, -0.009762923, 0.967647629, 0.123811222, -5.346171680, -4.064829810, -0.175406232
767, 1763489408.014368, -0.024471442, -0.393020709, 1.420162916, 0.025457859, -1.016530196, -0.009759823, 0.967637431, 0.123803347, -5.346182590, -4.064865866, -0.175382221
768, 1763489408.039698, -0.024444580, -0.380638192, 1.413454453, 0.025476138, -1.020063877, -0.009768963, 0.967637431, 0.123776567, -5.346180719, -4.064905613, -0.175405321
769, 1763489408.065912, -0.024451971, -0.370237182, 1.407547553, 0.025454839, -1.021780491, -0.009759903, 0.967629801, 0.123749483, -5.346144520, -4.064987880, -0.175404587
770, 1763489408.088783, -0.024478833, -0.360379368, 1.402002772, 0.025460958, -1.024403969, -0.009768963, 0.967637431, 0.123698304, -5.346136639, -4.065122922, -0.175417404
771, 1763489408.118721, -0.024449348, -0.351293484, 1.396532734, 0.025460958, -1.026945432, -0.009772062, 0.967632345, 0.123575789, -5.346131485, -4.065338911, -0.175453188
772, 1763489408.143438, -0.024429798, -0.340322097, 1.389688333, 0.025460958, -1.030001243, -0.009772062, 0.967637431, 0.123461965, -5.346094339, -4.065700758, -0.175481245
773, 1763489408.169601, -0.024535497, -0.331413190, 1.383821408, 0.025448720, -1.032058716, -0.009756804, 0.967639974, 0.123334969, -5.346106065, -4.066166724, -0.175431648
774, 1763489408.2095711, -0.024540345, -0.321887314, 1.377645572, 0.025470018, -1.033845345, -0.009775082, 0.967624715, 0.123257233, -5.346036055, -4.067026434, -0.175420658
775, 1763489408.233095, -0.024528027, -0.315739065, 1.373978376, 0.025467078, -1.033933560, -0.009756804, 0.967627258, 0.123167323, -5.346101299, -4.068214260, -0.175418988
776, 1763489408.2678258, -0.024542809, -0.311584632, 1.371403138, 0.025460958, -1.034125249, -0.009772062, 0.967619629, 0.123199060, -5.346077123, -4.069648164, -0.175413069
777, 1763489408.297398, -0.024584691, -0.309192578, 1.369813204, 0.025457859, -1.035844962, -0.009766022, 0.967624715, 0.123230730, -5.346048128, -4.071095157, -0.175386957
778, 1763489408.330497, -0.024523099, -0.310470978, 1.371325850, 0.025460958, -1.037238916, -0.009766022, 0.967637431, 0.123278740, -5.346147547, -4.073065414, -0.175454676
779, 1763489408.367002, -0.024496158, -0.312607288, 1.372092923, 0.025454919, -1.037211498, -0.009759903, 0.967632345, 0.123417645, -5.346037621, -4.074755166, -0.175478953
780, 1763489408.3963258, -0.024552743, -0.315018813, 1.372854511, 0.025460958, -1.037214518, -0.009756804, 0.967622172, 0.123455742, -5.346197026, -4.076406988, -0.175478949
781, 1763489408.4265769, -0.024449428, -0.317206701, 1.374140859, 0.025457859, -1.037199338, -0.009772062, 0.967619629, 0.123655341, -5.346000471, -4.077530132, -0.175523605
782, 1763489408.45806, -0.024611553, -0.318551451, 1.374891837, 0.025451819, -1.037199338, -0.009765943, 0.967634888, 0.123677677, -5.346138795, -4.078340068, -0.175429861
783, 1763489408.4821382, -0.024505933, -0.319409370, 1.375333905, 0.025451819, -1.037196239, -0.009769042, 0.967645060, 0.123850686, -5.346119910, -4.078862388, -0.175454094
784, 1763489408.50781, -0.024503390, -0.319576412, 1.375504375, 0.025451819, -1.037184079, -0.009778182, 0.967637431, 0.123995785, -5.345951164, -4.079061484, -0.175415517
785, 1763489408.537817, -0.024663289, -0.319915752, 1.375794649, 0.025454839, -1.037193219, -0.009778102, 0.967642517, 0.124014813, -5.346282416, -4.079330841, -0.175285330
786, 1763489408.580661, -0.024599393, -0.320316474, 1.376290043, 0.025448720, -1.037190199, -0.009775082, 0.967639974, 0.124221178, -5.346113723, -4.079331415, -0.175304319
787, 1763489408.608325, -0.024628878, -0.320933501, 1.377123634, 0.025457859, -1.037171920, -0.009766022, 0.967634888, 0.124341785, -5.346292861, -4.079412338, -0.175298767
788, 1763489408.6367, -0.024564902, -0.321779082, 1.377919912, 0.025448799, -1.037184000, -0.009775082, 0.967642517, 0.124550805, -5.346107916, -4.079440678, -0.175410907
789, 1763489408.666985, -0.024712563, -0.322627306, 1.378620307, 0.025451819, -1.037184079, -0.009784222, 0.967632345, 0.124630933, -5.346211457, -4.079534090, -0.175392311
790, 1763489408.690387, -0.024658442, -0.323364645, 1.379326026, 0.025448720, -1.037193219, -0.009772062, 0.967639974, 0.124668025, -5.346341720, -4.079620499, -0.175506952
791, 1763489408.7213252, -0.024619102, -0.324080060, 1.379983783, 0.025457859, -1.037184000, -0.009775082, 0.967639974, 0.124803488, -5.346163639, -4.079635961, -0.175532971
792, 1763489408.744253, -0.024655898, -0.324662596, 1.380673607, 0.025448720, -1.037190119, -0.009759903, 0.967632345, 0.124814097, -5.346385026, -4.079698838, -0.175472252
793, 1763489408.768026, -0.024572293, -0.324908564, 1.381078362, 0.025445700, -1.037190199, -0.009765943, 0.967629801, 0.124876188, -5.346271515, -4.079676121, -0.175472833
794, 1763489408.7984052, -0.024582068, -0.325068295, 1.381238262, 0.025463978, -1.037190199, -0.009769042, 0.967634888, 0.124897883, -5.346272214, -4.079670664, -0.175421812
795, 1763489408.829296, -0.024589539, -0.325196028, 1.381235480, 0.025451740, -1.037180980, -0.009763002, 0.967632345, 0.124879304, -5.346320109, -4.079692571, -0.175382929
796, 1763489408.85639, -0.024616718, -0.325252612, 1.381272833, 0.025445700, -1.037202358, -0.009762843, 0.967639974, 0.124898963, -5.346235547, -4.079682536, -0.175382005
797, 1763489408.885657, -0.024596930, -0.325277319, 1.381358027, 0.025454839, -1.037177960, -0.009769042, 0.967632345, 0.124863982, -5.346341784, -4.079704230, -0.175441355
798, 1763489408.912281, -0.024609407, -0.325328877, 1.381424586, 0.025451740, -1.037171920, -0.009759823, 0.967632345, 0.124906765, -5.346219712, -4.079687519, -0.175470742
799, 1763489408.94275, -0.024614255, -0.325365772, 1.381480535, 0.025445700, -1.037181060, -0.009756804, 0.967622172, 0.124897390, -5.346341110, -4.079696983, -0.175469600
800, 1763489408.967147, -0.024592002, -0.325412422, 1.381539106, 0.025454839, -1.037190119, -0.009772062, 0.967639974, 0.124938449, -5.346263467, -4.079674172, -0.175472071
801, 1763489408.995787, -0.024594466, -0.325488806, 1.381568432, 0.025454839, -1.037199338, -0.009778182, 0.967634888, 0.124961502, -5.346321598, -4.079663203, -0.175458185
802, 1763489409.019041, -0.024589459, -0.325589488, 1.381613652, 0.025457859, -1.037190119, -0.009762923, 0.967632345, 0.124972687, -5.346367973, -4.079660480, -0.175467142
803, 1763489409.053098, -0.024586995, -0.325707515, 1.381736159, 0.025457859, -1.037190199, -0.009762923, 0.967637431, 0.125020532, -5.346311121, -4.079636624, -0.175487163
804, 1763489409.079437, -0.024579684, -0.325791031, 1.381837408, 0.025454839, -1.037190199, -0.009762923, 0.967645060, 0.125015733, -5.346409378, -4.079643967, -0.175514215
805, 1763489409.102296, -0.024567445, -0.325830529, 1.381898602, 0.025439580, -1.037181060, -0.009753704, 0.967639974, 0.125050758, -5.346324339, -4.079627097, -0.175535775
806, 1763489409.1331, -0.024574757, -0.325847695, 1.381914616, 0.025439660, -1.037190199, -0.009787321, 0.967639999, 0.125053347, -5.346378182, -4.079630558, -0.175564616
807, 1763489409.163121, -0.024567445, -0.325869709, 1.381965280, 0.025451740, -1.037205378, -0.009775082, 0.967650172, 0.125075557, -5.346367357, -4.079625042, -0.175568443
808, 1763489409.192649, -0.024550120, -0.325872014, 1.381986499, 0.025454839, -1.037184079, -0.009769042, 0.967639974, 0.125088188, -5.346348565, -4.079619432, -0.175535643
809, 1763489409.2145438, -0.024530490, -0.325899283, 1.381991824, 0.025451740, -1.037196239, -0.009778102, 0.967632345, 0.125080997, -5.346385743, -4.079629687, -0.175514928
810, 1763489409.2454689, -0.024523179, -0.325916370, 1.382007877, 0.025451740, -1.037211498, -0.009772062, 0.967639974, 0.125108092, -5.346315615, -4.079615460, -0.175487281
811, 1763489409.269233, -0.024528106, -0.325911522, 1.382010500, 0.025451740, -1.037187099, -0.009790262, 0.967637431, 0.125095809, -5.346369437, -4.079626879, -0.175467276
812, 1763489409.292085, -0.024515788, -0.325943450, 1.382018487, 0.025460958, -1.037205378, -0.009768963, 0.967642517, 0.125122260, -5.346320524, -4.079616604, -0.175473158
813, 1763489409.318702, -0.024530570, -0.325938781, 1.382023772, 0.025439660, -1.037202438, -0.009762923, 0.967634888, 0.125121307, -5.346315551, -4.079617653, -0.175479265
814, 1763489409.3577201, -0.024525642, -0.325946083, 1.382042448, 0.025442680, -1.037190199, -0.009762923, 0.967647603, 0.125120858, -5.346332903, -4.079623907, -0.175493299
815, 1763489409.386485, -0.024525642, -0.325965633, 1.382055720, 0.025454839, -1.037196239, -0.009759823, 0.967645086, 0.125127830, -5.346331018, -4.079615996, -0.175508918
816, 1763489409.409965, -0.024528106, -0.325958252, 1.382066409, 0.025442680, -1.037190199, -0.009765943, 0.967647629, 0.125119589, -5.346351037, -4.079625733, -0.175515320
817, 1763489409.440685, -0.024528106, -0.325992743, 1.382074475, 0.025442680, -1.037196318, -0.009762923, 0.967650146, 0.125145051, -5.346325081, -4.079609302, -0.175507238
818, 1763489409.468508, -0.024525642, -0.326022069, 1.382085005, 0.025451740, -1.037202438, -0.009775162, 0.967645060, 0.125126547, -5.346366651, -4.079617383, -0.175520517
819, 1763489409.493762, -0.024528106, -0.326049407, 1.382108967, 0.025451740, -1.037199259, -0.009781202, 0.967637431, 0.125135049, -5.346340538, -4.079612672, -0.175544043
820, 1763489409.532918, -0.024535418, -0.326122999, 1.382164915, 0.025451740, -1.037205378, -0.009784301, 0.967650172, 0.125127341, -5.346375624, -4.079620519, -0.175561234
821, 1763489409.560009, -0.024525642, -0.326204062, 1.382236878, 0.025451819, -1.037196239, -0.009762923, 0.967642517, 0.125149956, -5.346338360, -4.079612400, -0.175555109
822, 1763489409.587617, -0.024528106, -0.326285114, 1.382300735, 0.025451819, -1.037202358, -0.009759903, 0.967637431, 0.125133635, -5.346365398, -4.079615473, -0.175555551
823, 1763489409.617032, -0.024523179, -0.326358954, 1.382378022, 0.025448720, -1.037193219, -0.009775162, 0.967645086, 0.125139777, -5.346351440, -4.079613489, -0.175529175
824, 1763489409.659055, -0.024520715, -0.326511284, 1.382508477, 0.025442600, -1.037193219, -0.009759903, 0.967639974, 0.125139230, -5.346362606, -4.079612000, -0.175512258
825, 1763489409.685733, -0.024510860, -0.326705595, 1.382686973, 0.025448720, -1.037187099, -0.009772062, 0.967637431, 0.125148321, -5.346350180, -4.079612645, -0.175514180
826, 1763489409.711067, -0.024518251, -0.326894919, 1.382889311, 0.025445700, -1.037199338, -0.009781202, 0.967637456, 0.125151947, -5.346353754, -4.079612744, -0.175523018
827, 1763489409.7355762, -0.024515788, -0.327121099, 1.383083661, 0.025454839, -1.037178040, -0.009765943, 0.967627258, 0.125148564, -5.346363985, -4.079618007, -0.175533482
828, 1763489409.767825, -0.024518251, -0.327447961, 1.383352677, 0.025454839, -1.037184079, -0.009769042, 0.967639974, 0.125160071, -5.346355593, -4.079608967, -0.175550111
829, 1763489409.798047, -0.024518251, -0.327880611, 1.383752227, 0.025454839, -1.037196239, -0.009765943, 0.967634888, 0.125144015, -5.346370006, -4.079613526, -0.175566569
830, 1763489409.821762, -0.024515788, -0.328300933, 1.384103735, 0.025442680, -1.037196239, -0.009769042, 0.967645060, 0.125147725, -5.346360732, -4.079602645, -0.175551124
831, 1763489409.857313, -0.024508476, -0.328637650, 1.384327451, 0.025442680, -1.037190199, -0.009759903, 0.967634888, 0.125133288, -5.346375039, -4.079605967, -0.175562070
832, 1763489409.8868978, -0.024513324, -0.329082797, 1.384607037, 0.025454839, -1.037187179, -0.009772062, 0.967639974, 0.125146699, -5.346380906, -4.079600674, -0.175580290
833, 1763489409.913291, -0.024513324, -0.329311361, 1.384713570, 0.025445700, -1.037180980, -0.009781202, 0.967645060, 0.125137330, -5.346394607, -4.079599019, -0.175601816
834, 1763489409.947733, -0.024523179, -0.329532544, 1.384766897, 0.025442680, -1.037193219, -0.009768963, 0.967634888, 0.125145582, -5.346388671, -4.079596756, -0.175612564
835, 1763489409.979608, -0.024508476, -0.330056171, 1.385065158, 0.025445700, -1.037193219, -0.009762923, 0.967639974, 0.125171341, -5.346390787, -4.079594002, -0.175619716
836, 1763489410.002372, -0.024506092, -0.330727339, 1.385664344, 0.025454839, -1.037171920, -0.009769042, 0.967642517, 0.125178970, -5.346382745, -4.079595609, -0.175620575
837, 1763489410.025598, -0.024498781, -0.331442753, 1.386391401, 0.025445620, -1.037178040, -0.009768963, 0.967637431, 0.125197033, -5.346384750, -4.079585947, -0.175604160
838, 1763489410.054871, -0.024498781, -0.332386722, 1.387171666, 0.025454839, -1.037165880, -0.009778182, 0.967632345, 0.125201215, -5.346384770, -4.079575509, -0.175582688
839, 1763489410.082927, -0.024486224, -0.333465874, 1.387850841, 0.025448799, -1.037177960, -0.009775082, 0.967650146, 0.125201076, -5.346377746, -4.079565480, -0.175574307
840, 1763489410.1143801, -0.024486303, -0.334532817, 1.388362130, 0.025454839, -1.037171920, -0.009750764, 0.967642517, 0.125201347, -5.346394782, -4.079561823, -0.175595091
841, 1763489410.1375492, -0.024496237, -0.335594803, 1.389123797, 0.025445700, -1.037174940, -0.009769042, 0.967650146, 0.125215156, -5.346390841, -4.079557841, -0.175590025
842, 1763489410.171361, -0.024503628, -0.336577962, 1.389869491, 0.025436560, -1.037162781, -0.009762923, 0.967647603, 0.125230945, -5.346394446, -4.079539424, -0.175590427
843, 1763489410.19501, -0.024488688, -0.337512334, 1.390396714, 0.025454839, -1.037129402, -0.009772062, 0.967647603, 0.125248493, -5.346398429, -4.079529252, -0.175598187
844, 1763489410.216803, -0.024493774, -0.338212957, 1.390801589, 0.025445700, -1.037114143, -0.009759903, 0.967634888, 0.125253561, -5.346400872, -4.079517926, -0.175590894
845, 1763489410.241076, -0.024488846, -0.338940461, 1.391358097, 0.025451819, -1.037102063, -0.009765943, 0.967637431, 0.125254226, -5.346402182, -4.079508205, -0.175586433
846, 1763489410.274448, -0.024488688, -0.339906693, 1.392013272, 0.025448720, -1.037071625, -0.009775082, 0.967647603, 0.125261928, -5.346403192, -4.079492746, -0.175580951
847, 1763489410.299956, -0.024486224, -0.340636800, 1.392332911, 0.025445700, -1.037059466, -0.009781202, 0.967639974, 0.125274485, -5.346405361, -4.079476654, -0.175577349
848, 1763489410.326321, -0.024493774, -0.341374228, 1.392777642, 0.025439660, -1.037038167, -0.009765943, 0.967647629, 0.125294278, -5.346396613, -4.079466263, -0.175585804
849, 1763489410.3600268, -0.024488767, -0.342146148, 1.393408736, 0.025451819, -1.036983252, -0.009765943, 0.967645060, 0.125307858, -5.346397184, -4.079447677, -0.175599225
850, 1763489410.39362, -0.024486303, -0.343183597, 1.394284964, 0.025451819, -1.036904097, -0.009778182, 0.967634888, 0.125326472, -5.346406639, -4.079418062, -0.175595233
851, 1763489410.418429, -0.024486224, -0.343773653, 1.394655188, 0.025448720, -1.036843220, -0.009765943, 0.967637431, 0.125342877, -5.346414165, -4.079388316, -0.175596347
852, 1763489410.444819, -0.024478833, -0.344405413, 1.395065308, 0.025439580, -1.036852439, -0.009775162, 0.967645060, 0.125355471, -5.346419158, -4.079356408, -0.175602530
853, 1763489410.478473, -0.024473906, -0.345339537, 1.395898938, 0.025448720, -1.036812862, -0.009772142, 0.967637431, 0.125387535, -5.346417712, -4.079305664, -0.175607383
854, 1763489410.501332, -0.024483840, -0.346049994, 1.396591345, 0.025451819, -1.036788464, -0.009769042, 0.967647603, 0.125406413, -5.346418714, -4.079264255, -0.175583317
855, 1763489410.5271099, -0.024488767, -0.346684287, 1.397163908, 0.025448720, -1.036767244, -0.009762923, 0.967652715, 0.125439640, -5.346422956, -4.079224937, -0.175552067
856, 1763489410.5522702, -0.024486303, -0.347200453, 1.397584677, 0.025448720, -1.036745946, -0.009772062, 0.967634888, 0.125472642, -5.346438670, -4.079186190, -0.175555669
857, 1763489410.588533, -0.024488846, -0.348004411, 1.398189187, 0.025454760, -1.036721547, -0.009765943, 0.967639974, 0.125527435, -5.346429919, -4.079150129, -0.175532524
858, 1763489410.61135, -0.024496237, -0.348746687, 1.398607294, 0.025439660, -1.036642313, -0.009759903, 0.967642517, 0.125579290, -5.346438903, -4.079119765, -0.175508145
859, 1763489410.636992, -0.024486224, -0.349341700, 1.398921529, 0.025451819, -1.036587556, -0.009769042, 0.967645060, 0.125606155, -5.346437369, -4.079093640, -0.175482434
860, 1763489410.671936, -0.024483760, -0.350201994, 1.399475495, 0.025451819, -1.036569277, -0.009775162, 0.967647629, 0.125637145, -5.346430289, -4.079046771, -0.175475562
861, 1763489410.704731, -0.024491231, -0.350976378, 1.399853667, 0.025442680, -1.036526680, -0.009766022, 0.967645086, 0.125670058, -5.346426202, -4.078978815, -0.175449029
862, 1763489410.728279, -0.024478833, -0.351352523, 1.399867058, 0.025448720, -1.036502441, -0.009781122, 0.967642517, 0.125690771, -5.346426736, -4.078913191, -0.175447918
863, 1763489410.769835, -0.024483919, -0.351807187, 1.400154551, 0.025454839, -1.036502520, -0.009765943, 0.967629801, 0.125732390, -5.346421586, -4.078835112, -0.175464982
864, 1763489410.796756, -0.024520715, -0.352775802, 1.400913636, 0.025442680, -1.036450704, -0.009753784, 0.967637431, 0.125816149, -5.346418595, -4.078730337, -0.175459301
865, 1763489410.819412, -0.024496158, -0.353449414, 1.401403626, 0.025451819, -1.036411126, -0.009778102, 0.967647629, 0.125876125, -5.346453932, -4.078684074, -0.175474289
866, 1763489410.846627, -0.024473906, -0.354064057, 1.401765784, 0.025442600, -1.036353191, -0.009775082, 0.967637431, 0.125929946, -5.346455019, -4.078639716, -0.175479639
867, 1763489410.884465, -0.024508476, -0.354732742, 1.401976228, 0.025460958, -1.036255916, -0.009747664, 0.967642517, 0.125990629, -5.346473973, -4.078566525, -0.175438560
868, 1763489410.9108071, -0.024478912, -0.355251372, 1.402202606, 0.025460958, -1.036176761, -0.009772062, 0.967629801, 0.126034428, -5.346486743, -4.078479263, -0.175463664
869, 1763489410.93799, -0.024476369, -0.355853717, 1.402759194, 0.025445700, -1.036097606, -0.009756804, 0.967639999, 0.126079544, -5.346480905, -4.078380135, -0.175465359
870, 1763489410.9825401, -0.024506092, -0.356679658, 1.403576771, 0.025442680, -1.036015431, -0.009769042, 0.967647603, 0.126144142, -5.346519679, -4.078284078, -0.175473376
871, 1763489411.0083358, -0.024501244, -0.357537498, 1.404157360, 0.025448720, -1.035954634, -0.009762923, 0.967645086, 0.126219999, -5.346537581, -4.078189946, -0.175504699
872, 1763489411.033904, -0.024510940, -0.357736647, 1.404178659, 0.025448720, -1.035924117, -0.009765943, 0.967645086, 0.126270143, -5.346544305, -4.078117634, -0.175494015
873, 1763489411.061698, -0.024510940, -0.357822806, 1.404293140, 0.025460958, -1.035845121, -0.009765943, 0.967650146, 0.126296344, -5.346537262, -4.078039510, -0.175488816
874, 1763489411.095071, -0.024491231, -0.357852221, 1.404327710, 0.025457859, -1.035494963, -0.009778182, 0.967639974, 0.126321346, -5.346548345, -4.077969798, -0.175486156
875, 1763489411.121227, -0.024491231, -0.357874374, 1.404311816, 0.025451819, -1.034530163, -0.009762923, 0.967642517, 0.126348205, -5.346531117, -4.077913814, -0.175474895
876, 1763489411.147061, -0.024501244, -0.357866913, 1.404335737, 0.025451819, -1.033172687, -0.009769042, 0.967650172, 0.126372313, -5.346535781, -4.077858648, -0.175466528
877, 1763489411.1795142, -0.024496237, -0.357808014, 1.404434284, 0.025451740, -1.032180548, -0.009772062, 0.967645086, 0.126410800, -5.346555812, -4.077784778, -0.175465438
878, 1763489411.204297, -0.024483840, -0.357766122, 1.404634039, 0.025442680, -1.031967402, -0.009766022, 0.967645060, 0.126463555, -5.346534687, -4.077688127, -0.175461112
879, 1763489411.226431, -0.024523179, -0.357793232, 1.404538115, 0.025445700, -1.031949202, -0.009762923, 0.967645086, 0.126492357, -5.346560086, -4.077649256, -0.175426177
880, 1763489411.253582, -0.024498622, -0.357825100, 1.404359738, 0.025451740, -1.031912645, -0.009759823, 0.967639974, 0.126510690, -5.346570783, -4.077626098, -0.175430728
881, 1763489411.289, -0.024491310, -0.357832571, 1.404298504, 0.025451819, -1.031933943, -0.009775082, 0.967634888, 0.126537771, -5.346567141, -4.077594461, -0.175431311
882, 1763489411.315356, -0.024508476, -0.357805490, 1.404407620, 0.025436560, -1.031894525, -0.009790341, 0.967642543, 0.126546054, -5.346572029, -4.077563562, -0.175428563
883, 1763489411.340568, -0.024518251, -0.357783546, 1.404516896, 0.025445779, -1.031870127, -0.009759903, 0.967639974, 0.126545690, -5.346571749, -4.077540467, -0.175441583
884, 1763489411.36807, -0.024496237, -0.357763747, 1.404543519, 0.025454839, -1.031870047, -0.009784222, 0.967650172, 0.126545171, -5.346579008, -4.077516415, -0.175455492
885, 1763489411.39862, -0.024523179, -0.357731899, 1.404532830, 0.025445700, -1.031857888, -0.009753784, 0.967632345, 0.126526975, -5.346587944, -4.077470356, -0.175449805
886, 1763489411.4218, -0.024520715, -0.357714564, 1.404511571, 0.025457859, -1.031845729, -0.009775082, 0.967642517, 0.126523973, -5.346597292, -4.077421532, -0.175446994
887, 1763489411.447805, -0.024515867, -0.357731889, 1.404495557, 0.025445700, -1.031857808, -0.009769042, 0.967647629, 0.126533178, -5.346588639, -4.077378322, -0.175450328
888, 1763489411.488568, -0.024510940, -0.357746522, 1.404463569, 0.025454839, -1.031848749, -0.009781202, 0.967645060, 0.126551110, -5.346570090, -4.077350768, -0.175470493
889, 1763489411.516093, -0.024491231, -0.357744058, 1.404450297, 0.025442680, -1.031857888, -0.009778182, 0.967637431, 0.126557005, -5.346576447, -4.077343299, -0.175487372
890, 1763489411.538142, -0.024493774, -0.357719560, 1.404484908, 0.025448720, -1.031851768, -0.009781281, 0.967652715, 0.126573542, -5.346569632, -4.077336467, -0.175481000
891, 1763489411.565263, -0.024496317, -0.357692480, 1.404511531, 0.025451819, -1.031836510, -0.009775162, 0.967639974, 0.126576102, -5.346568878, -4.077335418, -0.175464046
892, 1763489411.598454, -0.024503708, -0.357682705, 1.404490193, 0.025442680, -1.031830390, -0.009784222, 0.967642517, 0.126576923, -5.346570155, -4.077328784, -0.175463002
893, 1763489411.62015, -0.024496237, -0.357689997, 1.404479543, 0.025454760, -1.031833490, -0.009775082, 0.967645060, 0.126571786, -5.346572368, -4.077328346, -0.175457271
894, 1763489411.652006, -0.024498701, -0.357702176, 1.404458324, 0.025464058, -1.031827291, -0.009772062, 0.967647629, 0.126562338, -5.346556358, -4.077322102, -0.175457171
895, 1763489411.675953, -0.024493774, -0.357687543, 1.404463569, 0.025460879, -1.031802972, -0.009790341, 0.967645060, 0.126565487, -5.346558429, -4.077318420, -0.175464214
896, 1763489411.704915, -0.024496317, -0.357667903, 1.404468894, 0.025442680, -1.031790892, -0.009766022, 0.967652740, 0.126564922, -5.346567072, -4.077312949, -0.175480211
897, 1763489411.735206, -0.024508476, -0.357635895, 1.404455662, 0.025445700, -1.031733036, -0.009765943, 0.967647603, 0.126568340, -5.346556071, -4.077308365, -0.175473617
898, 1763489411.762988, -0.024498781, -0.357621262, 1.404431701, 0.025454839, -1.031678359, -0.009775082, 0.967650172, 0.126558256, -5.346570770, -4.077307379, -0.175475063
899, 1763489411.7957828, -0.024498781, -0.357591699, 1.404370348, 0.025454839, -1.031590064, -0.009775082, 0.967639974, 0.126551683, -5.346565687, -4.077300613, -0.175478973
900, 1763489411.819337, -0.024506092, -0.357567141, 1.404287855, 0.025451819, -1.031477292, -0.009769042, 0.967647629, 0.126547316, -5.346570132, -4.077300978, -0.175468041
901, 1763489411.846524, -0.024498781, -0.357547512, 1.404237231, 0.025463978, -1.031142632, -0.009768963, 0.967645060, 0.126539804, -5.346580868, -4.077299319, -0.175467356
902, 1763489411.8783731, -0.024508397, -0.357510487, 1.404117386, 0.025445700, -1.029754639, -0.009759903, 0.967645060, 0.126534474, -5.346576702, -4.077289421, -0.175441290
903, 1763489411.914619, -0.024510940, -0.357392619, 1.403917591, 0.025448720, -1.028643767, -0.009762923, 0.967634888, 0.126523792, -5.346579624, -4.077280534, -0.175444987
904, 1763489411.937883, -0.024513404, -0.357272128, 1.403744578, 0.025457859, -1.028156837, -0.009775082, 0.967642517, 0.126523448, -5.346575095, -4.077265911, -0.175446211
905, 1763489411.9639308, -0.024508476, -0.357114772, 1.403515538, 0.025442680, -1.028028886, -0.009762923, 0.967642517, 0.126505722, -5.346583601, -4.077254137, -0.175436918
906, 1763489411.990412, -0.024510940, -0.356822322, 1.403030753, 0.025445700, -1.027913332, -0.009775082, 0.967642517, 0.126476762, -5.346575633, -4.077232952, -0.175455667
907, 1763489412.0207622, -0.024513324, -0.356244485, 1.401832342, 0.025448720, -1.027645508, -0.009768963, 0.967642517, 0.126447517, -5.346564357, -4.077208113, -0.175447905
908, 1763489412.053607, -0.024513324, -0.355543842, 1.400197188, 0.025460958, -1.026896715, -0.009781202, 0.967645060, 0.126401170, -5.346556311, -4.077197926, -0.175435876
909, 1763489412.082072, -0.024506092, -0.354808877, 1.398580710, 0.025448799, -1.024994453, -0.009772062, 0.967655258, 0.126366463, -5.346548387, -4.077188135, -0.175447686
910, 1763489412.116873, -0.024510860, -0.352874170, 1.394860268, 0.025451819, -1.021603982, -0.009784301, 0.967655284, 0.126303716, -5.346533774, -4.077158246, -0.175434403
911, 1763489412.14655, -0.024508476, -0.350462576, 1.390383403, 0.025451740, -1.019184271, -0.009778182, 0.967639974, 0.126256814, -5.346527833, -4.077135942, -0.175421788
912, 1763489412.178584, -0.024503628, -0.348043571, 1.385957281, 0.025451740, -1.018332005, -0.009775082, 0.967652715, 0.126221634, -5.346543527, -4.077117456, -0.175399664
913, 1763489412.207228, -0.024525642, -0.345491876, 1.381339272, 0.025451819, -1.016186237, -0.009765943, 0.967645086, 0.126201169, -5.346531586, -4.077046916, -0.175395546
914, 1763489412.236873, -0.024525563, -0.342898359, 1.376588305, 0.025439660, -1.013197502, -0.009790421, 0.967637431, 0.126147803, -5.346513687, -4.076958504, -0.175387287
915, 1763489412.2636511, -0.024545193, -0.339798530, 1.370886445, 0.025445700, -1.010534286, -0.009775082, 0.967637431, 0.126070193, -5.346506552, -4.076875448, -0.175394026
916, 1763489412.290992, -0.024535338, -0.337214867, 1.366082072, 0.025454919, -1.009399017, -0.009775082, 0.967652715, 0.126000814, -5.346505035, -4.076807409, -0.175421486
917, 1763489412.3218932, -0.024550200, -0.333674828, 1.359168530, 0.025442680, -1.005746603, -0.009775082, 0.967655284, 0.125885729, -5.346447266, -4.076726879, -0.175414755
918, 1763489412.344138, -0.024589539, -0.330675761, 1.352798263, 0.025448720, -1.001147906, -0.009769042, 0.967637431, 0.125774449, -5.346476873, -4.076698263, -0.175407360
919, 1763489412.378416, -0.024520715, -0.327361902, 1.346100450, 0.025448720, -0.996965885, -0.009781202, 0.967645060, 0.125718670, -5.346431969, -4.076621967, -0.175467376
920, 1763489412.4132109, -0.024592002, -0.323296060, 1.338236054, 0.025436560, -0.992105246, -0.009769042, 0.967639974, 0.125617892, -5.346379924, -4.076535843, -0.175425156
921, 1763489412.4377449, -0.024574836, -0.319124222, 1.330315828, 0.025451740, -0.988571564, -0.009772062, 0.967647629, 0.125526844, -5.346413032, -4.076438389, -0.175440798
922, 1763489412.4690912, -0.024550279, -0.315289179, 1.323223790, 0.025445700, -0.985138337, -0.009769042, 0.967632345, 0.125455191, -5.346333794, -4.076316101, -0.175407112
923, 1763489412.4914508, -0.024586995, -0.311486165, 1.316648523, 0.025451819, -0.982794841, -0.009784301, 0.967634888, 0.125325445, -5.346391536, -4.076208814, -0.175366714
924, 1763489412.522766, -0.024555127, -0.307525794, 1.310195724, 0.025451740, -0.981583436, -0.009766022, 0.967652715, 0.125263829, -5.346295548, -4.076009310, -0.175377178
925, 1763489412.5485492, -0.024601936, -0.302891970, 1.302344680, 0.025448720, -0.976999760, -0.009790341, 0.967655284, 0.125127026, -5.346285097, -4.075825597, -0.175364304
926, 1763489412.584939, -0.024567366, -0.298208952, 1.294477701, 0.025448720, -0.972997348, -0.009775162, 0.967650172, 0.125025005, -5.346328409, -4.075593653, -0.175435973
927, 1763489412.616852, -0.024572372, -0.293934027, 1.287329753, 0.025445779, -0.968824625, -0.009762923, 0.967645086, 0.124951196, -5.346235454, -4.075372835, -0.175451596
928, 1763489412.641141, -0.024653355, -0.289054155, 1.279042085, 0.025445620, -0.964326143, -0.009775082, 0.967634888, 0.124805803, -5.346309706, -4.075130447, -0.175450716
929, 1763489412.6681778, -0.024638653, -0.284671068, 1.271444082, 0.025442600, -0.960019430, -0.009784222, 0.967645086, 0.124738441, -5.346205792, -4.074907534, -0.175476211
930, 1763489412.692652, -0.024668217, -0.280649344, 1.264418562, 0.025442680, -0.956778049, -0.009772062, 0.967637431, 0.124620866, -5.346239685, -4.074736872, -0.175457439
931, 1763489412.72285, -0.024611712, -0.276285807, 1.257267952, 0.025448720, -0.954556227, -0.009793361, 0.967655284, 0.124511143, -5.346230949, -4.074538734, -0.175475622
932, 1763489412.7461288, -0.024616718, -0.272160769, 1.250519554, 0.025436560, -0.951384703, -0.009796381, 0.967642543, 0.124423005, -5.346157616, -4.074355809, -0.175485496
933, 1763489412.773396, -0.024646203, -0.267657121, 1.243193269, 0.025448720, -0.948487202, -0.009799480, 0.967639999, 0.124285363, -5.346233757, -4.074186257, -0.175489795
934, 1763489412.799011, -0.024636269, -0.263677120, 1.237006704, 0.025436640, -0.947117567, -0.009790341, 0.967639974, 0.124214922, -5.346175849, -4.074006167, -0.175505653
935, 1763489412.8287108, -0.024636348, -0.258967082, 1.229504506, 0.025436560, -0.944162210, -0.009796460, 0.967655284, 0.124135140, -5.346084681, -4.073783981, -0.175529500
936, 1763489412.85627, -0.024633884, -0.254298687, 1.221347332, 0.025442600, -0.938683748, -0.009799480, 0.967645086, 0.123986598, -5.346126440, -4.073604397, -0.175576513
937, 1763489412.886274, -0.024616639, -0.249593576, 1.212947766, 0.025436640, -0.933500449, -0.009802500, 0.967645086, 0.123904075, -5.346037981, -4.073434637, -0.175628473
938, 1763489412.9202292, -0.024655819, -0.245556985, 1.205868959, 0.025430441, -0.929117600, -0.009808540, 0.967632345, 0.123821420, -5.346045615, -4.073308618, -0.175611085
939, 1763489412.945357, -0.024619023, -0.239514510, 1.195932706, 0.025436560, -0.924737851, -0.009805600, 0.967642543, 0.123708829, -5.346033288, -4.073117332, -0.175623872
940, 1763489412.973008, -0.024604321, -0.235187997, 1.188774188, 0.025427421, -0.921596924, -0.009805520, 0.967634888, 0.123670571, -5.345980988, -4.072962183, -0.175577170
941, 1763489413.003096, -0.024631500, -0.230787501, 1.181559642, 0.025442680, -0.920126836, -0.009817680, 0.967639974, 0.123597897, -5.346017654, -4.072820495, -0.175534772
942, 1763489413.032284, -0.024614096, -0.225246509, 1.172408978, 0.025433461, -0.916477442, -0.009808540, 0.967637431, 0.123536488, -5.345987510, -4.072625067, -0.175500837
943, 1763489413.058003, -0.024678071, -0.220809221, 1.164861679, 0.025442680, -0.912277460, -0.009829839, 0.967637431, 0.123480066, -5.345990866, -4.072496510, -0.175434880
944, 1763489413.0935218, -0.024692774, -0.216005797, 1.156339566, 0.025439660, -0.907422781, -0.009890636, 0.967660395, 0.123430974, -5.346006692, -4.072369753, -0.175414324
945, 1763489413.131467, -0.024744431, -0.211762667, 1.148573796, 0.025427421, -0.902206024, -0.009908915, 0.967645086, 0.123405022, -5.345947506, -4.072262428, -0.175384168
946, 1763489413.1604638, -0.024712563, -0.205348959, 1.137598832, 0.025439580, -0.895759583, -0.009921153, 0.967637431, 0.123297342, -5.346017334, -4.072119738, -0.175421630
947, 1763489413.1877708, -0.024732192, -0.200134993, 1.128938198, 0.025433461, -0.892235279, -0.009939353, 0.967642543, 0.123272960, -5.345925226, -4.071967501, -0.175445905
948, 1763489413.212068, -0.024737120, -0.195852588, 1.121374925, 0.025445700, -0.888932864, -0.009924173, 0.967645060, 0.123195467, -5.345981044, -4.071880340, -0.175478916
949, 1763489413.2419, -0.024715026, -0.191734945, 1.113638401, 0.025433540, -0.885679245, -0.009924173, 0.967639974, 0.123154699, -5.345906804, -4.071807399, -0.175542392
950, 1763489413.272907, -0.024754206, -0.187302589, 1.105079015, 0.025442600, -0.882942994, -0.009939353, 0.967652715, 0.123084235, -5.345914218, -4.071773236, -0.175570311
951, 1763489413.2961102, -0.024729729, -0.183332433, 1.097249349, 0.025427341, -0.878292402, -0.009933313, 0.967637431, 0.123017920, -5.345891269, -4.071739176, -0.175580084
952, 1763489413.341554, -0.024739504, -0.177324370, 1.085853577, 0.025436560, -0.871015151, -0.009939353, 0.967645086, 0.122930544, -5.345848575, -4.071693254, -0.175543758
953, 1763489413.374804, -0.024705013, -0.171894069, 1.076210340, 0.025433540, -0.865366141, -0.009939353, 0.967645086, 0.122840878, -5.345871997, -4.071625990, -0.175528793
954, 1763489413.401485, -0.024734656, -0.165890684, 1.065581719, 0.025430441, -0.860161543, -0.009951512, 0.967637456, 0.122759989, -5.345793660, -4.071505848, -0.175446959
955, 1763489413.428046, -0.024741968, -0.161876435, 1.058455070, 0.025439660, -0.857814868, -0.009972970, 0.967632345, 0.122669162, -5.345841277, -4.071445435, -0.175442398
956, 1763489413.455473, -0.024719874, -0.157291646, 1.049514850, 0.025439580, -0.854463975, -0.009954611, 0.967637456, 0.122623941, -5.345746487, -4.071379203, -0.175416326
957, 1763489413.483386, -0.024749279, -0.152788083, 1.040521383, 0.025430441, -0.850117683, -0.009972970, 0.967637456, 0.122531200, -5.345814676, -4.071339719, -0.175407363
958, 1763489413.5106938, -0.024720033, -0.149044116, 1.033173641, 0.025421381, -0.846696615, -0.009985129, 0.967652715, 0.122469930, -5.345792499, -4.071296449, -0.175443172
959, 1763489413.538959, -0.024778922, -0.144147158, 1.023588975, 0.025439660, -0.840423743, -0.010039886, 0.967639974, 0.122405689, -5.345756470, -4.071244786, -0.175467434
960, 1763489413.5642009, -0.024771372, -0.140031894, 1.015775204, 0.025436560, -0.835511367, -0.010112921, 0.967647629, 0.122327289, -5.345831730, -4.071199080, -0.175541178
961, 1763489413.588916, -0.024737120, -0.135307074, 1.007136027, 0.025427421, -0.830814997, -0.010155439, 0.967629801, 0.122307709, -5.345710098, -4.071103536, -0.175608727
962, 1763489413.613292, -0.024798473, -0.131371260, 0.999660412, 0.025433540, -0.827640533, -0.010182858, 0.967632370, 0.122250660, -5.345757197, -4.071062855, -0.175587587
963, 1763489413.642647, -0.024796089, -0.127064308, 0.991338015, 0.025436640, -0.824109952, -0.010219415, 0.967639974, 0.122166192, -5.345836386, -4.071037885, -0.175629537
964, 1763489413.673175, -0.024820646, -0.121454475, 0.980727990, 0.025424401, -0.820643266, -0.010265191, 0.967650172, 0.122131437, -5.345699601, -4.070934240, -0.175589190
965, 1763489413.697377, -0.024884542, -0.117191792, 0.972362995, 0.025427341, -0.816074769, -0.010271311, 0.967642543, 0.122003512, -5.345799749, -4.070944214, -0.175551910
966, 1763489413.7265, -0.024842739, -0.113278228, 0.964434862, 0.025430441, -0.810961564, -0.010289510, 0.967639999, 0.121982048, -5.345758752, -4.070931040, -0.175568990
967, 1763489413.759752, -0.024862369, -0.107690491, 0.953361352, 0.025433540, -0.804055691, -0.010313829, 0.967650172, 0.121905034, -5.345746875, -4.070927611, -0.175536955
968, 1763489413.7858748, -0.024859985, -0.102950888, 0.944248041, 0.025424401, -0.798847993, -0.010344267, 0.967637431, 0.121857286, -5.345747597, -4.070917864, -0.175530276
969, 1763489413.80848, -0.024872303, -0.098663566, 0.936090787, 0.025433540, -0.795539618, -0.010380745, 0.967645086, 0.121859775, -5.345637721, -4.070851880, -0.175516352
970, 1763489413.832455, -0.024909178, -0.094887572, 0.928732475, 0.025427341, -0.793031613, -0.010389964, 0.967645086, 0.121776978, -5.345692862, -4.070873679, -0.175499403
971, 1763489413.86356, -0.024919033, -0.090310251, 0.919267654, 0.025436640, -0.788463195, -0.010399024, 0.967642543, 0.121767176, -5.345666611, -4.070877577, -0.175512160
972, 1763489413.8899379, -0.024948597, -0.085319916, 0.909120957, 0.025427500, -0.783176502, -0.010435502, 0.967637431, 0.121733970, -5.345640898, -4.070877950, -0.175488402
973, 1763489413.9174678, -0.024950981, -0.081418514, 0.901264668, 0.025421381, -0.778066158, -0.010481199, 0.967652740, 0.121695415, -5.345660631, -4.070897336, -0.175480778
974, 1763489413.9456298, -0.024948597, -0.076851130, 0.892042160, 0.025433540, -0.771641095, -0.010533015, 0.967634888, 0.121705673, -5.345601512, -4.070870117, -0.175467909
975, 1763489413.975393, -0.024941285, -0.071944316, 0.882055203, 0.025430441, -0.766701380, -0.010651588, 0.967634913, 0.121661210, -5.345648931, -4.070901756, -0.175446650
976, 1763489414.003754, -0.024951061, -0.066845735, 0.871575673, 0.025424321, -0.761633794, -0.010758162, 0.967647629, 0.121675312, -5.345611373, -4.070888171, -0.175418739
977, 1763489414.027622, -0.024963220, -0.062784672, 0.863255978, 0.025418282, -0.759277900, -0.010864735, 0.967639999, 0.121628213, -5.345625387, -4.070898401, -0.175407364
978, 1763489414.068054, -0.024980307, -0.057570614, 0.852403561, 0.025418361, -0.753671726, -0.010928631, 0.967639999, 0.121603663, -5.345613872, -4.070899555, -0.175419693
979, 1763489414.098805, -0.025046905, -0.051601886, 0.840129137, 0.025436560, -0.746138652, -0.011035045, 0.967642543, 0.121539328, -5.345610714, -4.070912176, -0.175417203
980, 1763489414.125498, -0.025115728, -0.046014149, 0.829087575, 0.025436560, -0.739287535, -0.011190335, 0.967639974, 0.121509571, -5.345607440, -4.070910406, -0.175466175
981, 1763489414.160945, -0.025152445, -0.041210572, 0.819654703, 0.025424321, -0.734268586, -0.011226813, 0.967637431, 0.121478423, -5.345599063, -4.070911669, -0.175474514
982, 1763489414.187968, -0.025179545, -0.034828742, 0.806972663, 0.025421302, -0.729264975, -0.011281570, 0.967639974, 0.121438679, -5.345618408, -4.070921925, -0.175487818
983, 1763489414.212061, -0.025189320, -0.030807018, 0.798732917, 0.025427421, -0.725557804, -0.011312008, 0.967634888, 0.121413926, -5.345598777, -4.070911521, -0.175474154
984, 1763489414.234257, -0.025218884, -0.026775519, 0.790564934, 0.025424321, -0.721914530, -0.011342446, 0.967647629, 0.121369587, -5.345609428, -4.070923206, -0.175464773
985, 1763489414.2753332, -0.025243362, -0.020828803, 0.778559526, 0.025418282, -0.714241584, -0.011433919, 0.967652715, 0.121321091, -5.345577123, -4.070896076, -0.175457239
986, 1763489414.309553, -0.025278091, -0.014110327, 0.765334288, 0.025427421, -0.706121206, -0.011467377, 0.967634888, 0.121237749, -5.345569828, -4.070882677, -0.175444682
987, 1763489414.3354309, -0.025285244, -0.009124835, 0.755355358, 0.025430441, -0.701196750, -0.011503855, 0.967629801, 0.121198515, -5.345543897, -4.070873805, -0.175434377
988, 1763489414.371809, -0.025307337, -0.004144351, 0.745232741, 0.025424401, -0.697520097, -0.011546453, 0.967639974, 0.121154861, -5.345543281, -4.070883493, -0.175423946
989, 1763489414.3976839, -0.025317113, 0.000956615, 0.734590689, 0.025415262, -0.692598422, -0.011634668, 0.967645060, 0.121127163, -5.345531005, -4.070883495, -0.175401861
990, 1763489414.421, -0.025329431, 0.004690886, 0.726747672, 0.025430520, -0.687865734, -0.012030522, 0.967642517, 0.121109857, -5.345527273, -4.070880974, -0.175383822
991, 1763489414.45661, -0.025339444, 0.007967710, 0.719802141, 0.025430441, -0.683218002, -0.014316082, 0.967642543, 0.121093813, -5.345527781, -4.070884712, -0.175377787
992, 1763489414.4841669, -0.025354067, 0.013988177, 0.707607508, 0.025430520, -0.675295591, -0.016571601, 0.967647654, 0.121084228, -5.345527189, -4.070878640, -0.175386380
993, 1763489414.510517, -0.025366306, 0.017466625, 0.700688680, 0.025424401, -0.671761990, -0.016586781, 0.967639974, 0.121084122, -5.345538726, -4.070885252, -0.175390809
994, 1763489414.540664, -0.025388559, 0.021564643, 0.692294359, 0.025427341, -0.668042580, -0.016592820, 0.967642543, 0.121091209, -5.345539770, -4.070881260, -0.175392072
995, 1763489414.573995, -0.025408189, 0.025758425, 0.683276892, 0.025418282, -0.663693269, -0.016589801, 0.967637431, 0.121074115, -5.345548756, -4.070883777, -0.175408768
996, 1763489414.606571, -0.025422812, 0.028543711, 0.676720142, 0.025418361, -0.662119706, -0.016611099, 0.967660370, 0.121072350, -5.345546666, -4.070889404, -0.175436241
997, 1763489414.6332211, -0.025445143, 0.029040337, 0.674408515, 0.025421302, -0.658771753, -0.016604980, 0.967637431, 0.121083833, -5.345565055, -4.070898615, -0.175434666
998, 1763489414.666574, -0.025464614, 0.029013236, 0.673593601, 0.025427421, -0.655843894, -0.016611099, 0.967645060, 0.121056681, -5.345552061, -4.070879312, -0.175420026
999, 1763489414.692947, -0.025489251, 0.028838873, 0.672994375, 0.025415262, -0.654312929, -0.016614040, 0.967634888, 0.121030768, -5.345557461, -4.070899361, -0.175415218
1000, 1763489414.719854, -0.025496801, 0.028779745, 0.672373851, 0.025415262, -0.653911114, -0.016629299, 0.967639974, 0.121031272, -5.345548500, -4.070904113, -0.175414397
1001, 1763489414.740979, -0.025511424, 0.028733095, 0.671985070, 0.025430520, -0.652632793, -0.016601960, 0.967650172, 0.121008632, -5.345536372, -4.070903284, -0.175400254
1002, 1763489414.776421, -0.025530974, 0.028610150, 0.671665510, 0.025421381, -0.650258780, -0.016623179, 0.967639974, 0.121004720, -5.345540078, -4.070904817, -0.175401080
1003, 1763489414.801325, -0.025543292, 0.028499524, 0.671199481, 0.025424321, -0.649093151, -0.016611020, 0.967637431, 0.121011034, -5.345535133, -4.070903142, -0.175382820
1004, 1763489414.8254468, -0.025565545, 0.028428237, 0.670778592, 0.025418282, -0.648012718, -0.016620159, 0.967642517, 0.121018855, -5.345550207, -4.070913029, -0.175388442
1005, 1763489414.853963, -0.025585095, 0.028263410, 0.670554956, 0.025415262, -0.646825552, -0.016601960, 0.967632345, 0.121020456, -5.345539856, -4.070900324, -0.175402206
1006, 1763489414.88849, -0.025592486, 0.028027534, 0.670277993, 0.025418361, -0.645815055, -0.016614119, 0.967637431, 0.121017735, -5.345548070, -4.070913455, -0.175421908
1007, 1763489414.9142458, -0.025614659, 0.027803818, 0.670227448, 0.025421302, -0.645477215, -0.016611099, 0.967642517, 0.121023119, -5.345543652, -4.070907109, -0.175409312
1008, 1763489414.938924, -0.025622050, 0.027575095, 0.670182228, 0.025430441, -0.645252069, -0.016604980, 0.967645060, 0.121009430, -5.345542922, -4.070909415, -0.175407108
1009, 1763489414.980947, -0.025646607, 0.027329365, 0.669961135, 0.025412242, -0.645145575, -0.016617139, 0.967634888, 0.121016510, -5.345551115, -4.070913646, -0.175424305
1010, 1763489415.0053802, -0.025661389, 0.027002494, 0.669753393, 0.025427421, -0.644975106, -0.016617139, 0.967637431, 0.121014430, -5.345548049, -4.070912805, -0.175426927
1011, 1763489415.0299299, -0.025676250, 0.026786009, 0.669529597, 0.025424401, -0.644716501, -0.016617139, 0.967637431, 0.121010865, -5.345552730, -4.070922402, -0.175427534
1012, 1763489415.060331, -0.025693258, 0.026527882, 0.669375261, 0.025421302, -0.644406001, -0.016608000, 0.967652715, 0.121020187, -5.345544024, -4.070917446, -0.175416227
1013, 1763489415.093517, -0.025698185, 0.026198546, 0.669172843, 0.025418282, -0.642835379, -0.016608079, 0.967645060, 0.121010008, -5.345547601, -4.070924086, -0.175390889
1014, 1763489415.119248, -0.025703112, 0.026092768, 0.668954452, 0.025421302, -0.641773224, -0.016617139, 0.967634888, 0.121005718, -5.345536206, -4.070929148, -0.175399828
1015, 1763489415.141542, -0.025727828, 0.025984605, 0.668877204, 0.025424401, -0.641301473, -0.016608000, 0.967637431, 0.121005432, -5.345541105, -4.070930857, -0.175393331
1016, 1763489415.181481, -0.025732676, 0.025911013, 0.668874502, 0.025415262, -0.641057968, -0.016598860, 0.967637431, 0.120988271, -5.345535131, -4.070934213, -0.175391001
1017, 1763489415.211074, -0.025747379, 0.025873979, 0.668866475, 0.025424321, -0.641012430, -0.016620239, 0.967642517, 0.120988678, -5.345534411, -4.070941996, -0.175377069
1018, 1763489415.237163, -0.025747458, 0.025842031, 0.668855826, 0.025424321, -0.640963554, -0.016623179, 0.967645060, 0.120988476, -5.345535096, -4.070943251, -0.175379077
1019, 1763489415.28017, -0.025757154, 0.025817474, 0.668735981, 0.025424401, -0.640930017, -0.016604980, 0.967629801, 0.120986819, -5.345535870, -4.070946433, -0.175364230
1020, 1763489415.302479, -0.025762002, 0.025763512, 0.668546995, 0.025415262, -0.640926997, -0.016611020, 0.967650172, 0.120985131, -5.345539790, -4.070948627, -0.175357755
1021, 1763489415.3294258, -0.025781949, 0.025719166, 0.668440342, 0.025406122, -0.640905619, -0.016623179, 0.967645060, 0.120973617, -5.345534730, -4.070951985, -0.175361032
1022, 1763489415.374115, -0.025789181, 0.025657654, 0.668376605, 0.025427421, -0.640905698, -0.016611099, 0.967645060, 0.120974182, -5.345531430, -4.070952792, -0.175367255
1023, 1763489415.401864, -0.025798957, 0.025581439, 0.668360551, 0.025421302, -0.640902678, -0.016614119, 0.967645086, 0.120965183, -5.345528009, -4.070957156, -0.175381140
1024, 1763489415.4281359, -0.025796493, 0.025574128, 0.668365955, 0.025415262, -0.640887499, -0.016595840, 0.967650146, 0.120964821, -5.345525710, -4.070959063, -0.175372013
1025, 1763489415.457504, -0.025803884, 0.025544643, 0.668357849, 0.025421302, -0.640884399, -0.016604980, 0.967645086, 0.120976887, -5.345522987, -4.070956358, -0.175368775
1026, 1763489415.4955578, -0.025806348, 0.025502841, 0.668336630, 0.025427421, -0.640878359, -0.016601960, 0.967634888, 0.120976186, -5.345513771, -4.070958729, -0.175367470
1027, 1763489415.521451, -0.025818666, 0.025470972, 0.668328603, 0.025418282, -0.640875340, -0.016614040, 0.967642517, 0.120981470, -5.345515190, -4.070959767, -0.175362757
1028, 1763489415.5471969, -0.025816202, 0.025406917, 0.668291330, 0.025421302, -0.640881459, -0.016602039, 0.967650197, 0.120983093, -5.345513024, -4.070962732, -0.175355712
1029, 1763489415.573787, -0.025823673, 0.025370042, 0.668248653, 0.025418282, -0.640878359, -0.016617139, 0.967634888, 0.120974845, -5.345513274, -4.070963606, -0.175349086
1030, 1763489415.6031659, -0.025821129, 0.025313616, 0.668198109, 0.025424401, -0.640878280, -0.016614119, 0.967647629, 0.120974026, -5.345518571, -4.070965217, -0.175337605
1031, 1763489415.630723, -0.025828600, 0.025274197, 0.668168783, 0.025421302, -0.640860081, -0.016601960, 0.967642517, 0.120975418, -5.345507249, -4.070966735, -0.175339692
1032, 1763489415.6627789, -0.025835991, 0.025217692, 0.668136835, 0.025418282, -0.640878359, -0.016614119, 0.967642517, 0.120981199, -5.345508191, -4.070967729, -0.175326403
1033, 1763489415.6956868, -0.025848230, 0.025193055, 0.668094238, 0.025427421, -0.640866200, -0.016601960, 0.967642543, 0.120980406, -5.345508373, -4.070967050, -0.175326329
1034, 1763489415.72051, -0.025862932, 0.025163571, 0.668067614, 0.025421302, -0.640854041, -0.016617139, 0.967642543, 0.120982008, -5.345508907, -4.070967189, -0.175307489
1035, 1763489415.743364, -0.025860389, 0.025156260, 0.668056885, 0.025424321, -0.640844901, -0.016629378, 0.967642517, 0.120982006, -5.345516273, -4.070971079, -0.175310148
1036, 1763489415.774444, -0.025890112, 0.025148948, 0.668030262, 0.025421302, -0.640838782, -0.016592820, 0.967642517, 0.120977490, -5.345517841, -4.070969918, -0.175305641
1037, 1763489415.80572, -0.025897344, 0.025141557, 0.667998314, 0.025412242, -0.640829722, -0.016605059, 0.967639974, 0.120978617, -5.345520695, -4.070968827, -0.175308692
1038, 1763489415.8282938, -0.025904655, 0.025139014, 0.667979717, 0.025415262, -0.640838861, -0.016605059, 0.967645060, 0.120982773, -5.345522758, -4.070972126, -0.175314731
1039, 1763489415.8545332, -0.025921901, 0.025134087, 0.667979717, 0.025403102, -0.640826623, -0.016614119, 0.967645086, 0.120987830, -5.345525811, -4.070969551, -0.175315067
1040, 1763489415.903241, -0.025921901, 0.025119305, 0.667958339, 0.025421302, -0.640820583, -0.016608079, 0.967639974, 0.120988189, -5.345533115, -4.070968436, -0.175299228
1041, 1763489415.930759, -0.025924365, 0.025109450, 0.667939663, 0.025418282, -0.640826702, -0.016614119, 0.967637431, 0.120990092, -5.345533336, -4.070966176, -0.175279548
1042, 1763489415.95698, -0.025931756, 0.025124153, 0.667934418, 0.025421302, -0.640820583, -0.016608000, 0.967639974, 0.120988033, -5.345528563, -4.070972967, -0.175284478
1043, 1763489415.9952362, -0.025949081, 0.025124232, 0.667926391, 0.025418282, -0.640826623, -0.016608000, 0.967642517, 0.120997800, -5.345532083, -4.070972523, -0.175284052
1044, 1763489416.025019, -0.025951544, 0.025107066, 0.667921066, 0.025412242, -0.640823603, -0.016623259, 0.967645060, 0.121003061, -5.345523226, -4.070974925, -0.175280719
1045, 1763489416.051636, -0.025958856, 0.025109529, 0.667910496, 0.025427341, -0.640805403, -0.016611020, 0.967645060, 0.121016789, -5.345528634, -4.070973672, -0.175279022
1046, 1763489416.0952342, -0.025963704, 0.025094748, 0.667889198, 0.025415262, -0.640811523, -0.016598940, 0.967642517, 0.121013346, -5.345522422, -4.070973491, -0.175277584
1047, 1763489416.1239538, -0.025961320, 0.025092443, 0.667875926, 0.025418282, -0.640811443, -0.016620159, 0.967642517, 0.121016969, -5.345527340, -4.070971313, -0.175257883
1048, 1763489416.150124, -0.025968711, 0.025087595, 0.667867819, 0.025418282, -0.640817563, -0.016623179, 0.967639974, 0.121010752, -5.345530355, -4.070976844, -0.175268227
1049, 1763489416.1806731, -0.025975943, 0.025087357, 0.667859793, 0.025418282, -0.640805403, -0.016623179, 0.967639974, 0.121017866, -5.345535331, -4.070974698, -0.175275980
1050, 1763489416.20925, -0.025983254, 0.025094827, 0.667854548, 0.025418282, -0.640796185, -0.016608079, 0.967637431, 0.121019231, -5.345525037, -4.070976496, -0.175273956
1051, 1763489416.23267, -0.025985797, 0.025089820, 0.667843978, 0.025430441, -0.640802383, -0.016626279, 0.967637431, 0.121020891, -5.345527576, -4.070976787, -0.175261037
1052, 1763489416.259851, -0.025998274, 0.025094748, 0.667827924, 0.025412242, -0.640796264, -0.016617139, 0.967650172, 0.121027789, -5.345539574, -4.070971493, -0.175281217
1053, 1763489416.2883751, -0.026000738, 0.025087595, 0.667812030, 0.025412242, -0.640805324, -0.016601960, 0.967645086, 0.121027921, -5.345530170, -4.070978879, -0.175280762
1054, 1763489416.319246, -0.026005586, 0.025079966, 0.667801221, 0.025418282, -0.640796264, -0.016614119, 0.967639974, 0.121038135, -5.345542809, -4.070972781, -0.175281877
1055, 1763489416.3429608, -0.025998274, 0.025072575, 0.667795897, 0.025430441, -0.640790145, -0.016611099, 0.967642543, 0.121036898, -5.345548699, -4.070977741, -0.175278190
1056, 1763489416.3784802, -0.026000738, 0.025087595, 0.667787870, 0.025424321, -0.640808423, -0.016620159, 0.967639974, 0.121041986, -5.345554043, -4.070973951, -0.175249795
1057, 1763489416.4117398, -0.026005586, 0.025092284, 0.667779922, 0.025421302, -0.640793244, -0.016608079, 0.967645060, 0.121038893, -5.345548799, -4.070979322, -0.175240427
1058, 1763489416.436279, -0.026005586, 0.025075038, 0.667769273, 0.025424321, -0.640781085, -0.016617139, 0.967645060, 0.121040342, -5.345547748, -4.070976965, -0.175233319
1059, 1763489416.467199, -0.026000738, 0.025077502, 0.667761326, 0.025427421, -0.640805483, -0.016598940, 0.967639974, 0.121042477, -5.345547771, -4.070977316, -0.175227740
1060, 1763489416.4913018, -0.026010513, 0.025072575, 0.667742650, 0.025427421, -0.640796343, -0.016604980, 0.967639974, 0.121040004, -5.345542474, -4.070979198, -0.175214550
1061, 1763489416.520501, -0.026008129, 0.025077502, 0.667737325, 0.025418282, -0.640793244, -0.016614119, 0.967642517, 0.121040760, -5.345543346, -4.070977864, -0.175208174
1062, 1763489416.5450659, -0.026015361, 0.025084972, 0.667732000, 0.025418361, -0.640781085, -0.016601960, 0.967637431, 0.121032902, -5.345541589, -4.070982133, -0.175192429
1063, 1763489416.576015, -0.026030064, 0.025075038, 0.667724053, 0.025415262, -0.640787204, -0.016605059, 0.967642517, 0.121036394, -5.345545513, -4.070980340, -0.175183830
1064, 1763489416.608051, -0.026039998, 0.025080045, 0.667721351, 0.025409222, -0.640784105, -0.016617139, 0.967650172, 0.121033956, -5.345543468, -4.070981793, -0.175176429
1065, 1763489416.629715, -0.026047389, 0.025072575, 0.667708079, 0.025412242, -0.640775045, -0.016604900, 0.967637431, 0.121033983, -5.345549086, -4.070980073, -0.175186102
1066, 1763489416.662595, -0.026049773, 0.025077502, 0.667702675, 0.025421302, -0.640781085, -0.016611020, 0.967647629, 0.121033045, -5.345552515, -4.070982130, -0.175195934
1067, 1763489416.688021, -0.026059707, 0.025080045, 0.667694728, 0.025421302, -0.640781164, -0.016626199, 0.967645060, 0.121029678, -5.345551355, -4.070981256, -0.175207697
1068, 1763489416.718814, -0.026071946, 0.025094827, 0.667684158, 0.025418282, -0.640778065, -0.016598860, 0.967650197, 0.121020099, -5.345552471, -4.070981258, -0.175199141
1069, 1763489416.7412941, -0.026081721, 0.025077502, 0.667681456, 0.025409222, -0.640771945, -0.016608079, 0.967642517, 0.121011147, -5.345550691, -4.070989296, -0.175205612
1070, 1763489416.7699, -0.026084185, 0.025087436, 0.667676131, 0.025415262, -0.640781085, -0.016632318, 0.967650146, 0.121020246, -5.345546321, -4.070985699, -0.175196954
1071, 1763489416.798592, -0.026076873, 0.025102139, 0.667676131, 0.025415262, -0.640759786, -0.016617139, 0.967632345, 0.121013827, -5.345549156, -4.070988178, -0.175196827
1072, 1763489416.829323, -0.026084185, 0.025109529, 0.667668025, 0.025424321, -0.640778065, -0.016617139, 0.967639974, 0.121007661, -5.345545495, -4.070987657, -0.175168601
1073, 1763489416.856972, -0.026091496, 0.025094748, 0.667670727, 0.025430441, -0.640774965, -0.016611099, 0.967645060, 0.121012673, -5.345549127, -4.070989438, -0.175161268
1074, 1763489416.891268, -0.026086569, 0.025104602, 0.667659998, 0.025412242, -0.640781085, -0.016598940, 0.967645060, 0.121027058, -5.345554957, -4.070987703, -0.175152459
1075, 1763489416.925044, -0.026093960, 0.025104602, 0.667654753, 0.025418282, -0.640784105, -0.016611099, 0.967647629, 0.121031647, -5.345556384, -4.070991634, -0.175152326
1076, 1763489416.9481962, -0.026091417, 0.025116920, 0.667662621, 0.025427421, -0.640774965, -0.016614119, 0.967652740, 0.121041905, -5.345559334, -4.070989511, -0.175154714
1077, 1763489416.978828, -0.026096344, 0.025126696, 0.667657375, 0.025427421, -0.640775045, -0.016623179, 0.967645060, 0.121056954, -5.345561881, -4.070986506, -0.175149086
1078, 1763489417.003221, -0.026103735, 0.025116841, 0.667654753, 0.025430441, -0.640781085, -0.016632398, 0.967634888, 0.121061794, -5.345567662, -4.070988170, -0.175147899
1079, 1763489417.0335, -0.026101271, 0.025129159, 0.667649508, 0.025424321, -0.640784105, -0.016605059, 0.967647629, 0.121068672, -5.345565468, -4.070986526, -0.175136943
1080, 1763489417.0615091, -0.026103814, 0.025153796, 0.667646885, 0.025418282, -0.640799284, -0.016602039, 0.967645060, 0.121072123, -5.345565656, -4.070988173, -0.175147315
1081, 1763489417.089667, -0.026106278, 0.025146484, 0.667638779, 0.025406202, -0.640796264, -0.016620159, 0.967652740, 0.121084643, -5.345563297, -4.070984921, -0.175151064
1082, 1763489417.124088, -0.026108742, 0.025158723, 0.667636077, 0.025415262, -0.640799284, -0.016598940, 0.967645060, 0.121097815, -5.345568510, -4.070985366, -0.175153738
1083, 1763489417.163708, -0.026103814, 0.025180737, 0.667628050, 0.025424401, -0.640787204, -0.016620159, 0.967639974, 0.121109167, -5.345573228, -4.070984832, -0.175154447
1084, 1763489417.1893802, -0.026108821, 0.025190592, 0.667622805, 0.025412162, -0.640808423, -0.016598940, 0.967645086, 0.121118444, -5.345573019, -4.070987439, -0.175146659
1085, 1763489417.2216058, -0.026098808, 0.025200605, 0.667617559, 0.025427341, -0.640811523, -0.016604980, 0.967645060, 0.121130472, -5.345579711, -4.070984128, -0.175148070
1086, 1763489417.249165, -0.026103735, 0.025232395, 0.667601506, 0.025421302, -0.640820583, -0.016614119, 0.967642517, 0.121136857, -5.345588218, -4.070982118, -0.175122537
1087, 1763489417.28774, -0.026103814, 0.025261879, 0.667574883, 0.025418282, -0.640857140, -0.016614119, 0.967652740, 0.121148743, -5.345599717, -4.070982640, -0.175116505
1088, 1763489417.3238552, -0.026101271, 0.025306145, 0.667558908, 0.025418282, -0.640890519, -0.016595840, 0.967647603, 0.121154589, -5.345605951, -4.070985587, -0.175117370
1089, 1763489417.3478851, -0.026101271, 0.025370042, 0.667513688, 0.025418282, -0.640936136, -0.016620239, 0.967647603, 0.121161392, -5.345612087, -4.070985107, -0.175110551
1090, 1763489417.3783062, -0.026096344, 0.025436401, 0.667471091, 0.025427421, -0.641033649, -0.016604900, 0.967645086, 0.121170049, -5.345604564, -4.070986888, -0.175117996
1091, 1763489417.4049711, -0.026098808, 0.025581519, 0.667388519, 0.025421302, -0.641137044, -0.016626199, 0.967647629, 0.121181255, -5.345603628, -4.070983664, -0.175112329
1092, 1763489417.4383821, -0.026096344, 0.025775750, 0.667279243, 0.025418282, -0.641271035, -0.016614119, 0.967647603, 0.121187641, -5.345604486, -4.070981699, -0.175123013
1093, 1763489417.4670432, -0.026096344, 0.026028872, 0.667178075, 0.025406202, -0.641477982, -0.016614119, 0.967647603, 0.121192299, -5.345609166, -4.070983220, -0.175128132
1094, 1763489417.491114, -0.026084185, 0.026269833, 0.667154153, 0.025418282, -0.642969370, -0.016620159, 0.967645060, 0.121199428, -5.345616223, -4.070980331, -0.175110769
1095, 1763489417.5242, -0.026091417, 0.026663065, 0.666983604, 0.025427421, -0.645836512, -0.016611099, 0.967652715, 0.121217191, -5.345621415, -4.070981034, -0.175101289
1096, 1763489417.549931, -0.026084185, 0.027019580, 0.666693370, 0.025424321, -0.646305084, -0.016617139, 0.967652715, 0.121226380, -5.345620289, -4.070979881, -0.175100912
1097, 1763489417.584254, -0.026076873, 0.027336756, 0.666637421, 0.025412242, -0.646302064, -0.016617139, 0.967652715, 0.121229436, -5.345629571, -4.070976351, -0.175124544
1098, 1763489417.6141791, -0.026074409, 0.027626753, 0.666597446, 0.025421302, -0.646323363, -0.016632318, 0.967655258, 0.121236781, -5.345625372, -4.070980769, -0.175129523
1099, 1763489417.646086, -0.026059628, 0.028032462, 0.666586876, 0.025418282, -0.646372000, -0.016620239, 0.967655284, 0.121246775, -5.345623424, -4.070984460, -0.175100252
1100, 1763489417.676188, -0.026032607, 0.028504451, 0.666621447, 0.025427341, -0.646588167, -0.016629299, 0.967632345, 0.121246670, -5.345622403, -4.070986197, -0.175087496
1101, 1763489417.708739, -0.026010513, 0.027412891, 0.669668118, 0.025418282, -0.652830601, -0.016632318, 0.967642543, 0.121213339, -5.345624398, -4.071115655, -0.175049653
1102, 1763489417.736649, -0.026010513, 0.024408817, 0.676786661, 0.025418282, -0.661008835, -0.016623259, 0.967637431, 0.121206590, -5.345625471, -4.071194060, -0.175008690
1103, 1763489417.763516, -0.025951465, 0.020954927, 0.686078469, 0.025421302, -0.668660482, -0.016629299, 0.967647629, 0.121146779, -5.345615802, -4.071186747, -0.175032977
1104, 1763489417.789828, -0.025926828, 0.016360283, 0.696691195, 0.025415262, -0.676044226, -0.016644478, 0.967660370, 0.121104810, -5.345621261, -4.071204186, -0.175037911
1105, 1763489417.810764, -0.025929292, 0.010310491, 0.709136248, 0.025409222, -0.682530165, -0.016620159, 0.967637431, 0.121135919, -5.345624790, -4.071219341, -0.175053028
1106, 1763489417.842242, -0.025912126, 0.004162312, 0.722321590, 0.025421381, -0.688952208, -0.016623179, 0.967645060, 0.121141876, -5.345629506, -4.071208665, -0.175065462
1107, 1763489417.870377, -0.025875171, -0.004301627, 0.740750631, 0.025418282, -0.699130138, -0.016632398, 0.967639999, 0.121153111, -5.345630027, -4.071176821, -0.175079179
1108, 1763489417.901769, -0.025880178, -0.013561964, 0.759661674, 0.025412242, -0.710059643, -0.016632318, 0.967639999, 0.121194374, -5.345632856, -4.071195146, -0.175083666
1109, 1763489417.929953, -0.025850614, -0.023982843, 0.780761957, 0.025424321, -0.720274051, -0.016620239, 0.967642517, 0.121216076, -5.345636360, -4.071183879, -0.175084931
1110, 1763489417.95839, -0.025811275, -0.035160780, 0.804251035, 0.025430441, -0.732807716, -0.016614119, 0.967642517, 0.121192316, -5.345623558, -4.071160500, -0.175066308
1111, 1763489417.983653, -0.025806427, -0.044052361, 0.822198073, 0.025427421, -0.742544174, -0.016620159, 0.967662913, 0.121197701, -5.345639102, -4.071179443, -0.175060935
1112, 1763489418.009522, -0.025754849, -0.054984490, 0.843844175, 0.025424321, -0.752274513, -0.016611020, 0.967629801, 0.121227608, -5.345638976, -4.071176583, -0.175047521
1113, 1763489418.040857, -0.025747458, -0.063519716, 0.861445030, 0.025421302, -0.761545499, -0.016629219, 0.967642543, 0.121225082, -5.345635880, -4.071162228, -0.175030026
1114, 1763489418.069111, -0.025742531, -0.075671117, 0.886185805, 0.025430441, -0.774678707, -0.016623259, 0.967639974, 0.121261619, -5.345638863, -4.071141753, -0.175014328
1115, 1763489418.0928261, -0.025727828, -0.085300284, 0.905248721, 0.025433461, -0.783818642, -0.016623179, 0.967657827, 0.121297872, -5.345641746, -4.071147983, -0.175020598
1116, 1763489418.119236, -0.025718053, -0.093914109, 0.923054695, 0.025427341, -0.793606838, -0.016614119, 0.967652740, 0.121317321, -5.345646882, -4.071123772, -0.175015059
1117, 1763489418.155914, -0.025730292, -0.103277840, 0.942791382, 0.025409222, -0.804518302, -0.016595920, 0.967650172, 0.121338489, -5.345651816, -4.071096882, -0.175020044
1118, 1763489418.1872241, -0.025671164, -0.116132180, 0.968746503, 0.025430441, -0.816875299, -0.016595920, 0.967650172, 0.121385130, -5.345668066, -4.071096429, -0.175040481
1119, 1763489418.211025, -0.025671323, -0.124650317, 0.986538966, 0.025424401, -0.826794465, -0.016592820, 0.967642543, 0.121402048, -5.345677949, -4.071075182, -0.175049847
1120, 1763489418.2340622, -0.025681019, -0.132620176, 1.003500700, 0.025421302, -0.836050034, -0.016611020, 0.967652715, 0.121425789, -5.345676273, -4.071048983, -0.175052343
1121, 1763489418.269113, -0.025663773, -0.141160250, 1.021101554, 0.025415262, -0.844234308, -0.016601960, 0.967645060, 0.121461525, -5.345684635, -4.071043239, -0.175066622
1122, 1763489418.292088, -0.025631905, -0.150518974, 1.040697098, 0.025421302, -0.854564349, -0.016595840, 0.967655258, 0.121499642, -5.345695552, -4.071046438, -0.175068461
1123, 1763489418.315136, -0.025644064, -0.157807748, 1.056468328, 0.025415262, -0.863582611, -0.016580741, 0.967655284, 0.121543918, -5.345696474, -4.071026585, -0.175080804
1124, 1763489418.3481228, -0.025636832, -0.164961497, 1.071453969, 0.025421302, -0.870771567, -0.016586781, 0.967645060, 0.121572166, -5.345701316, -4.071014544, -0.175095630
1125, 1763489418.375093, -0.025602420, -0.174708838, 1.091614087, 0.025412242, -0.880797227, -0.016592900, 0.967657827, 0.121631989, -5.345710775, -4.071009890, -0.175102047
1126, 1763489418.402773, -0.025590022, -0.182469517, 1.108035088, 0.025430441, -0.890311559, -0.016580741, 0.967652715, 0.121677509, -5.345705001, -4.070993326, -0.175084097
1127, 1763489418.45238, -0.025575320, -0.191152255, 1.126541456, 0.025415262, -0.900166829, -0.016589801, 0.967642543, 0.121732730, -5.345716572, -4.070989615, -0.175069003
1128, 1763489418.480055, -0.025550763, -0.205036720, 1.155772209, 0.025424321, -0.915199200, -0.016577641, 0.967639974, 0.121822395, -5.345752470, -4.070991385, -0.175056231
1129, 1763489418.508379, -0.025533517, -0.211280977, 1.169056098, 0.025421381, -0.923474709, -0.016571601, 0.967660395, 0.121898287, -5.345770678, -4.070989344, -0.175057813
1130, 1763489418.5335832, -0.025533517, -0.219176928, 1.185655514, 0.025427500, -0.931914647, -0.016577562, 0.967657801, 0.121999477, -5.345789568, -4.071000842, -0.175053008
1131, 1763489418.56624, -0.025548220, -0.226903354, 1.201775710, 0.025421302, -0.939560334, -0.016556342, 0.967660370, 0.122100950, -5.345842965, -4.071021436, -0.175053156
1132, 1763489418.5921972, -0.025535901, -0.234524166, 1.217712164, 0.025409222, -0.948249817, -0.016537984, 0.967637456, 0.122205148, -5.345880662, -4.071036796, -0.175059728
1133, 1763489418.6144938, -0.025540829, -0.240465795, 1.230359554, 0.025409222, -0.956227144, -0.016547203, 0.967660370, 0.122290547, -5.345932470, -4.071068665, -0.175071154
1134, 1763489418.635154, -0.025553226, -0.246235530, 1.241917610, 0.025421381, -0.961924712, -0.016538064, 0.967660370, 0.122387520, -5.345998774, -4.071121120, -0.175039150
1135, 1763489418.670311, -0.025548379, -0.254719178, 1.258940498, 0.025421302, -0.969783386, -0.016537984, 0.967647654, 0.122584427, -5.345994293, -4.071201820, -0.175019046
1136, 1763489418.695596, -0.025582711, -0.262118578, 1.273694436, 0.025415262, -0.977206786, -0.016525825, 0.967650172, 0.122748892, -5.346065013, -4.071303987, -0.175012837
1137, 1763489418.72183, -0.025494178, -0.268173297, 1.285585403, 0.025412242, -0.984225273, -0.016516685, 0.967662938, 0.122905146, -5.346077946, -4.071411464, -0.175078688
1138, 1763489418.7442281, -0.025521278, -0.274329027, 1.296914498, 0.025400082, -0.989910762, -0.016510487, 0.967650172, 0.123081449, -5.346077109, -4.071593285, -0.175056890
1139, 1763489418.7794921, -0.025548220, -0.281706413, 1.309860150, 0.025403182, -0.995571852, -0.016489188, 0.967660395, 0.123271936, -5.346177664, -4.071930300, -0.175065187
1140, 1763489418.806172, -0.025526126, -0.290069501, 1.323876341, 0.025406202, -1.001506964, -0.016486168, 0.967650172, 0.123564421, -5.346125690, -4.072309617, -0.175056267
1141, 1763489418.829679, -0.025516351, -0.296615998, 1.334853888, 0.025403102, -1.006857634, -0.016483148, 0.967647629, 0.123778564, -5.346207729, -4.072644707, -0.175026418
1142, 1763489418.86031, -0.025467157, -0.302813371, 1.345261534, 0.025400162, -1.012692213, -0.016477029, 0.967652715, 0.123984707, -5.346258767, -4.072909830, -0.175023261
1143, 1763489418.890784, -0.025479396, -0.311572234, 1.360257824, 0.025400082, -1.020447334, -0.016464790, 0.967642543, 0.124338082, -5.346226235, -4.073272981, -0.174925877
1144, 1763489418.916638, -0.025435209, -0.318644663, 1.372146090, 0.025403102, -1.025268555, -0.016461849, 0.967647629, 0.124556430, -5.346335743, -4.073597828, -0.174898447
1145, 1763489418.941159, -0.025395870, -0.325614055, 1.383579095, 0.025394042, -1.030418237, -0.016464869, 0.967657827, 0.124835607, -5.346262853, -4.073905211, -0.174869279
1146, 1763489418.971782, -0.025418043, -0.332167864, 1.394239744, 0.025409222, -1.035397609, -0.016446590, 0.967645060, 0.124968894, -5.346405634, -4.074299737, -0.174842826
1147, 1763489418.999572, -0.025371313, -0.339913994, 1.406602105, 0.025400082, -1.041804393, -0.016434511, 0.967657827, 0.125208321, -5.346360360, -4.074716422, -0.174897828
1148, 1763489419.029482, -0.025469542, -0.347495466, 1.418660919, 0.025390943, -1.048138142, -0.016410112, 0.967657827, 0.125412467, -5.346382758, -4.075195708, -0.174837663
1149, 1763489419.067838, -0.025381168, -0.356655041, 1.432709058, 0.025394042, -1.054088354, -0.016391834, 0.967655258, 0.125594592, -5.346526848, -4.075777125, -0.174896975
1150, 1763489419.095916, -0.025422891, -0.365915438, 1.447095434, 0.025375764, -1.059719006, -0.016376654, 0.967645086, 0.125897585, -5.346380510, -4.076316273, -0.174808325
1151, 1763489419.1219141, -0.025358915, -0.373536269, 1.459106366, 0.025390943, -1.064707597, -0.016379674, 0.967650172, 0.125921398, -5.346762580, -4.076880594, -0.174806737
1152, 1763489419.147655, -0.025292714, -0.379610687, 1.468699018, 0.025372744, -1.068737348, -0.016367515, 0.967642517, 0.126200807, -5.346488395, -4.077162592, -0.174796697
1153, 1763489419.179318, -0.025437673, -0.386988074, 1.480123957, 0.025375764, -1.074851910, -0.016340097, 0.967642517, 0.126298211, -5.346568388, -4.077617123, -0.174664968
1154, 1763489419.203872, -0.025326967, -0.395311912, 1.493032376, 0.025372664, -1.081511339, -0.016334057, 0.967652740, 0.126382600, -5.346780478, -4.078088577, -0.174717284
1155, 1763489419.227988, -0.025305033, -0.402027915, 1.503221591, 0.025351365, -1.085431576, -0.016306718, 0.967647629, 0.126642589, -5.346471337, -4.078322741, -0.174668450
1156, 1763489419.2538502, -0.025474469, -0.408006499, 1.512257695, 0.025378784, -1.089211702, -0.016297579, 0.967655258, 0.126595483, -5.346781801, -4.078687228, -0.174585247
1157, 1763489419.289601, -0.025270542, -0.417446444, 1.526755929, 0.025366624, -1.095213652, -0.016270240, 0.967650146, 0.126850521, -5.346640948, -4.079097661, -0.174723247
1158, 1763489419.318723, -0.025282780, -0.425167869, 1.538423260, 0.025366624, -1.100685994, -0.016282399, 0.967642517, 0.126900443, -5.346741494, -4.079518259, -0.174767683
1159, 1763489419.340886, -0.025191784, -0.432564954, 1.549254417, 0.025375764, -1.105765820, -0.016239723, 0.967642543, 0.126975573, -5.346822306, -4.079913640, -0.174849044
1160, 1763489419.3790138, -0.025240978, -0.439022928, 1.558807095, 0.025348345, -1.110517025, -0.016218344, 0.967655258, 0.127172747, -5.346601235, -4.080231855, -0.174781233
1161, 1763489419.405036, -0.025191943, -0.449920644, 1.574019074, 0.025375764, -1.116942167, -0.016203086, 0.967657827, 0.127182949, -5.346958567, -4.080912624, -0.174766214
1162, 1763489419.4270442, -0.025041978, -0.456712782, 1.583627780, 0.025363604, -1.120390415, -0.016187827, 0.967650172, 0.127439252, -5.346612719, -4.081182032, -0.174724577
1163, 1763489419.4555252, -0.025056601, -0.463451137, 1.593015472, 0.025366624, -1.123872201, -0.016157548, 0.967647629, 0.127424297, -5.346895428, -4.081613978, -0.174661158
1164, 1763489419.4910731, -0.024909019, -0.472839187, 1.606043617, 0.025360425, -1.129293044, -0.016105811, 0.967652715, 0.127612754, -5.346861502, -4.082082552, -0.174712104
1165, 1763489419.519901, -0.024963220, -0.481507381, 1.618115664, 0.025354385, -1.134561459, -0.016078393, 0.967650172, 0.127727633, -5.346892538, -4.082558668, -0.174683801
1166, 1763489419.545513, -0.024805784, -0.488769203, 1.628310283, 0.025372664, -1.139927467, -0.016066233, 0.967660370, 0.127756000, -5.347137599, -4.082998118, -0.174801736
1167, 1763489419.583286, -0.024717251, -0.497459322, 1.640382369, 0.025339127, -1.145037731, -0.016060114, 0.967642543, 0.127993988, -5.346854718, -4.083399059, -0.174826970
1168, 1763489419.608383, -0.024702549, -0.506328821, 1.652430534, 0.025360505, -1.149566571, -0.016051054, 0.967647629, 0.127937141, -5.347258818, -4.083986499, -0.174908057
1169, 1763489419.632307, -0.024555127, -0.513101339, 1.661533157, 0.025336107, -1.153011878, -0.016044935, 0.967652715, 0.128185676, -5.346839457, -4.084249211, -0.174970291
1170, 1763489419.668722, -0.024717251, -0.521390756, 1.672436237, 0.025342226, -1.157467842, -0.016020695, 0.967660395, 0.128168167, -5.347097884, -4.084817356, -0.174841881
1171, 1763489419.713345, -0.024528186, -0.534830411, 1.690100908, 0.025320848, -1.164970239, -0.015679677, 0.967657827, 0.128407588, -5.346944022, -4.085535767, -0.174840691
1172, 1763489419.741385, -0.024555206, -0.544213772, 1.702444673, 0.025354385, -1.171227932, -0.014781793, 0.967655284, 0.128371830, -5.347323362, -4.086185445, -0.174815681
1173, 1763489419.767512, -0.024324099, -0.551610788, 1.712237120, 0.025320927, -1.174813271, -0.014736096, 0.967650197, 0.128579138, -5.347061316, -4.086540478, -0.174956953
1174, 1763489419.796436, -0.024501085, -0.559799353, 1.723009666, 0.025314728, -1.179116964, -0.014714797, 0.967662913, 0.128682592, -5.347081800, -4.087040892, -0.174893745
1175, 1763489419.819266, -0.024515867, -0.566552401, 1.731920520, 0.025336186, -1.182218393, -0.014726957, 0.967652715, 0.128671053, -5.347416276, -4.087485336, -0.174987077
1176, 1763489419.842815, -0.024363438, -0.572508732, 1.740061839, 0.025302490, -1.184762875, -0.014690479, 0.967652715, 0.128928026, -5.347008660, -4.087696015, -0.175078631
1177, 1763489419.87472, -0.024422248, -0.579305967, 1.749622663, 0.025302569, -1.189279715, -0.014708757, 0.967668025, 0.128983447, -5.347108172, -4.088089123, -0.175009280
1178, 1763489419.911117, -0.024270058, -0.589082638, 1.763383150, 0.025293430, -1.194624186, -0.014690479, 0.967660370, 0.129132983, -5.347252554, -4.088478414, -0.175087860
1179, 1763489419.939481, -0.024505854, -0.596270720, 1.773937265, 0.025259972, -1.200324694, -0.014675299, 0.967660370, 0.129338799, -5.347105190, -4.088704657, -0.174817255
1180, 1763489419.977686, -0.024353504, -0.603670279, 1.785095890, 0.025296450, -1.206189871, -0.014632781, 0.967655284, 0.129424071, -5.347437022, -4.088974777, -0.174822348
1181, 1763489420.0080252, -0.024191300, -0.610801856, 1.796499530, 0.025269032, -1.211522261, -0.014605363, 0.967657827, 0.129738868, -5.347143133, -4.089016874, -0.174822593
1182, 1763489420.033576, -0.024250269, -0.616192897, 1.805202723, 0.025275151, -1.216032902, -0.014608383, 0.967667999, 0.129740151, -5.347540593, -4.089166270, -0.174805979
1183, 1763489420.062486, -0.024080833, -0.621436357, 1.813921968, 0.025262992, -1.219642798, -0.014574925, 0.967657827, 0.130038928, -5.347315831, -4.089088096, -0.174996300
1184, 1763489420.0923362, -0.024191221, -0.627304236, 1.823738376, 0.025253852, -1.224914153, -0.014556646, 0.967650172, 0.130241975, -5.347301949, -4.089087864, -0.175005554
1185, 1763489420.118003, -0.024137338, -0.632525841, 1.833014131, 0.025269032, -1.229987860, -0.014538368, 0.967657827, 0.130372705, -5.347611532, -4.089124976, -0.175104022
1186, 1763489420.1437068, -0.023886442, -0.637179176, 1.841914455, 0.025214354, -1.235713005, -0.014547507, 0.967665482, 0.130722601, -5.347253528, -4.088989041, -0.175193292
1187, 1763489420.172353, -0.023933093, -0.641134818, 1.849235455, 0.025244713, -1.239733537, -0.014529228, 0.967642543, 0.130786591, -5.347506189, -4.088998732, -0.175080682
1188, 1763489420.2037172, -0.023692290, -0.645982583, 1.858364860, 0.025244792, -1.244633595, -0.014526208, 0.967660344, 0.130974248, -5.347625908, -4.088940834, -0.175130528
1189, 1763489420.2280169, -0.023657799, -0.650136948, 1.866548697, 0.025205215, -1.249098619, -0.014516989, 0.967650172, 0.131239323, -5.347391319, -4.088829822, -0.175036402
1190, 1763489420.2556748, -0.023756186, -0.653448383, 1.873542150, 0.025226514, -1.253478527, -0.014523109, 0.967665482, 0.131252051, -5.347730277, -4.088863683, -0.174963019
1191, 1763489420.294786, -0.023615996, -0.657720884, 1.882522345, 0.025211334, -1.258439541, -0.014510870, 0.967650172, 0.131472864, -5.347591428, -4.088756501, -0.175084384
1192, 1763489420.321611, -0.023729086, -0.662600676, 1.893859426, 0.025220474, -1.266575178, -0.014483452, 0.967660395, 0.131585999, -5.347745822, -4.088690692, -0.175113450
1193, 1763489420.343743, -0.023591439, -0.665611923, 1.901193738, 0.025217374, -1.271116177, -0.014462153, 0.967668025, 0.131683801, -5.347750164, -4.088630229, -0.175251853
1194, 1763489420.3701088, -0.023593823, -0.668716967, 1.908472141, 0.025193135, -1.275152127, -0.014425596, 0.967657827, 0.131863371, -5.347576822, -4.088528796, -0.175252928
1195, 1763489420.400185, -0.023603757, -0.672013601, 1.916397731, 0.025208235, -1.279985269, -0.014358759, 0.967657827, 0.131881876, -5.347804774, -4.088541169, -0.175217374
1196, 1763489420.424473, -0.023468653, -0.674897174, 1.923471093, 0.025205215, -1.283811172, -0.014328321, 0.967647654, 0.132010239, -5.347696810, -4.088471587, -0.175234707
1197, 1763489420.451301, -0.023520231, -0.677692155, 1.930770795, 0.025205215, -1.289027850, -0.014304002, 0.967665482, 0.132110321, -5.347679239, -4.088390073, -0.175112817
1198, 1763489420.478944, -0.023475806, -0.681000988, 1.939175725, 0.025208235, -1.294740677, -0.014288743, 0.967662913, 0.132138321, -5.347839648, -4.088385339, -0.175094262
1199, 1763489420.51194, -0.023466110, -0.684454898, 1.947729826, 0.025208235, -1.300252676, -0.014276663, 0.967662938, 0.132276344, -5.347693322, -4.088330794, -0.175052965
1200, 1763489420.53877, -0.023463647, -0.687793334, 1.956584811, 0.025220394, -1.305837790, -0.014258385, 0.967660370, 0.132251699, -5.347855387, -4.088332758, -0.175087794
1201, 1763489420.566401, -0.023456256, -0.690605621, 1.964132229, 0.025202195, -1.309870481, -0.014230887, 0.967655284, 0.132332529, -5.347724465, -4.088264135, -0.175154109
1202, 1763489420.602274, -0.023495674, -0.693646471, 1.972127040, 0.025199175, -1.314889510, -0.014230967, 0.967657801, 0.132352569, -5.347808441, -4.088266445, -0.175193623
1203, 1763489420.626173, -0.023426692, -0.697277427, 1.982087255, 0.025199175, -1.320879380, -0.014203469, 0.967662913, 0.132420056, -5.347787525, -4.088234131, -0.175227669
1204, 1763489420.652836, -0.023409526, -0.699226956, 1.988180598, 0.025199175, -1.325599909, -0.014200528, 0.967660370, 0.132452671, -5.347809481, -4.088200091, -0.175217093
1205, 1763489420.686655, -0.023392439, -0.702405492, 1.997315168, 0.025214275, -1.332131465, -0.014103095, 0.967657827, 0.132476210, -5.347883470, -4.088202137, -0.175174323
1206, 1763489420.7190459, -0.023392518, -0.705586493, 2.005895853, 0.025211334, -1.336970806, -0.013960044, 0.967652715, 0.132544110, -5.347861918, -4.088179777, -0.175123192
1207, 1763489420.743808, -0.023404678, -0.708180010, 2.013517857, 0.025211255, -1.342047691, -0.013895988, 0.967660370, 0.132539798, -5.347934130, -4.088177968, -0.175118123
1208, 1763489420.771849, -0.023397446, -0.710921009, 2.021233082, 0.025199095, -1.346987247, -0.013853470, 0.967657827, 0.132589386, -5.347881438, -4.088148463, -0.175125841
1209, 1763489420.805307, -0.023409526, -0.713728348, 2.028897524, 0.025208314, -1.351921161, -0.013777415, 0.967660395, 0.132599268, -5.347954510, -4.088165816, -0.175140362
1210, 1763489420.8309262, -0.023399830, -0.716929098, 2.038043022, 0.025208235, -1.358279308, -0.013722738, 0.967662913, 0.132668353, -5.347898939, -4.088139130, -0.175162366
1211, 1763489420.8559098, -0.023385127, -0.719475965, 2.045502504, 0.025208235, -1.363237302, -0.013698339, 0.967655258, 0.132683047, -5.347953918, -4.088131420, -0.175177858
1212, 1763489420.892148, -0.023370186, -0.722578267, 2.054264228, 0.025205215, -1.368691444, -0.013664802, 0.967668025, 0.132748389, -5.347926580, -4.088109095, -0.175139751
1213, 1763489420.925569, -0.023333391, -0.725818376, 2.063508113, 0.025208235, -1.374261300, -0.013606946, 0.967657827, 0.132821755, -5.347945856, -4.088089516, -0.175103578
1214, 1763489420.95457, -0.023298979, -0.728554388, 2.071822484, 0.025217374, -1.379684925, -0.013555209, 0.967662938, 0.132900859, -5.347934694, -4.088059778, -0.175082537
1215, 1763489420.981316, -0.023294051, -0.730919321, 2.079519033, 0.025211255, -1.385187864, -0.013448795, 0.967657801, 0.132983134, -5.347943130, -4.088027467, -0.175086869
1216, 1763489421.019627, -0.023257176, -0.733815273, 2.088669618, 0.025202115, -1.392002424, -0.013305585, 0.967655258, 0.133099455, -5.347964669, -4.088000700, -0.175089939
1217, 1763489421.045127, -0.023235083, -0.736361980, 2.096443335, 0.025202195, -1.397420088, -0.013211330, 0.967660395, 0.133212843, -5.347974936, -4.087975970, -0.175099387
1218, 1763489421.072032, -0.023205519, -0.738847315, 2.104201237, 0.025211255, -1.402411620, -0.012995243, 0.967650197, 0.133294881, -5.348017257, -4.087947961, -0.175100236
1219, 1763489421.0982, -0.023173650, -0.740919669, 2.110515594, 0.025208235, -1.406529586, -0.012849251, 0.967665482, 0.133382494, -5.348013680, -4.087915100, -0.175098994
1220, 1763489421.13053, -0.023148934, -0.743532876, 2.118625005, 0.025205294, -1.412111600, -0.012775977, 0.967660395, 0.133446732, -5.348065406, -4.087901769, -0.175101092
1221, 1763489421.160567, -0.023117065, -0.745789667, 2.125565052, 0.025205215, -1.417060534, -0.012757778, 0.967650197, 0.133534381, -5.348059747, -4.087879428, -0.175086484
1222, 1763489421.1920168, -0.023085038, -0.748631477, 2.134870211, 0.025208314, -1.424471617, -0.012760798, 0.967655284, 0.133587448, -5.348111281, -4.087860630, -0.175086185
1223, 1763489421.223733, -0.023070415, -0.750991325, 2.142460267, 0.025211255, -1.429715792, -0.012751738, 0.967660370, 0.133660876, -5.348108342, -4.087828095, -0.175089457
1224, 1763489421.249036, -0.023045778, -0.753233353, 2.149978320, 0.025214354, -1.434543053, -0.012739499, 0.967652740, 0.133725340, -5.348138646, -4.087793224, -0.175112099
1225, 1763489421.2757912, -0.023008823, -0.755266349, 2.156971773, 0.025211255, -1.439528545, -0.012724320, 0.967665482, 0.133800302, -5.348160397, -4.087762300, -0.175128939
1226, 1763489421.300282, -0.022969484, -0.757331371, 2.163784027, 0.025208235, -1.443698247, -0.012730360, 0.967657852, 0.133910851, -5.348163420, -4.087743619, -0.175122221
1227, 1763489421.33179, -0.022935073, -0.759379148, 2.171038628, 0.025202195, -1.449176709, -0.012672583, 0.967665482, 0.133981397, -5.348210106, -4.087732946, -0.175117011
1228, 1763489421.356023, -0.022903204, -0.761043370, 2.177259604, 0.025205215, -1.454329570, -0.011592070, 0.967652715, 0.134069133, -5.348210222, -4.087701060, -0.175085605
1229, 1763489421.3872561, -0.022903204, -0.762906770, 2.184128046, 0.025217374, -1.458694061, -0.009145101, 0.967678172, 0.134136552, -5.348233334, -4.087687107, -0.175033909
1230, 1763489421.4105558, -0.022868633, -0.763833503, 2.187054793, 0.025205215, -1.458353122, -0.009114663, 0.967678197, 0.134154235, -5.348237733, -4.087680422, -0.175011128
1231, 1763489421.4433532, -0.022873561, -0.763904889, 2.187161287, 0.025202195, -1.458268007, -0.009117683, 0.967665456, 0.134160988, -5.348220428, -4.087696142, -0.174972031
1232, 1763489421.473474, -0.022849162, -0.763922135, 2.186564843, 0.025214354, -1.458267927, -0.009117762, 0.967660370, 0.134172743, -5.348237014, -4.087702841, -0.174988069
1233, 1763489421.497408, -0.022844235, -0.763902406, 2.186335882, 0.025211255, -1.458289305, -0.009114663, 0.967660370, 0.134205736, -5.348244704, -4.087677227, -0.175012384
1234, 1763489421.533107, -0.022839308, -0.763931910, 2.186415593, 0.025202195, -1.458286126, -0.009105523, 0.967660395, 0.134236585, -5.348264289, -4.087675198, -0.175036199
1235, 1763489421.5585852, -0.022804737, -0.763976077, 2.186381102, 0.025196075, -1.458273967, -0.009102424, 0.967665482, 0.134300314, -5.348277253, -4.087677665, -0.175044692
1236, 1763489421.58471, -0.022760471, -0.763968706, 2.186402400, 0.025211255, -1.458277067, -0.009114663, 0.967662938, 0.134315593, -5.348295516, -4.087685027, -0.175061202
1237, 1763489421.608161, -0.022738457, -0.763934334, 2.186429024, 0.025217295, -1.458249887, -0.009114663, 0.967662913, 0.134312596, -5.348295295, -4.087670891, -0.175073174
1238, 1763489421.637513, -0.022701581, -0.763973614, 2.186399698, 0.025196155, -1.458268007, -0.009123802, 0.967660370, 0.134305877, -5.348293201, -4.087674152, -0.175093837
1239, 1763489421.668131, -0.022662401, -0.764022867, 2.186370373, 0.025199175, -1.458283265, -0.009114583, 0.967665482, 0.134319347, -5.348291662, -4.087674260, -0.175111924
1240, 1763489421.691964, -0.022662322, -0.764050007, 2.186088165, 0.025186936, -1.457960685, -0.009105444, 0.967665482, 0.134335416, -5.348292710, -4.087676612, -0.175129117
1241, 1763489421.72269, -0.022664785, -0.763929407, 2.185075998, 0.025190036, -1.457406680, -0.009111643, 0.967665482, 0.134338739, -5.348295286, -4.087691671, -0.175121835
1242, 1763489421.74787, -0.022650003, -0.763789316, 2.182868242, 0.025193055, -1.455376625, -0.009102424, 0.967660395, 0.134359376, -5.348287730, -4.087688477, -0.175123975
1243, 1763489421.775823, -0.022647460, -0.763614714, 2.180940151, 0.025205215, -1.454280774, -0.009108543, 0.967665482, 0.134359076, -5.348292639, -4.087690176, -0.175110746
1244, 1763489421.802779, -0.022644997, -0.763381223, 2.178444703, 0.025205215, -1.453145583, -0.009111643, 0.967673111, 0.134380855, -5.348286050, -4.087690988, -0.175090222
1245, 1763489421.832587, -0.022649924, -0.762928963, 2.175523281, 0.025199175, -1.450729052, -0.009105523, 0.967662913, 0.134377336, -5.348287455, -4.087699917, -0.175069947
1246, 1763489421.859112, -0.022667170, -0.762147188, 2.171861490, 0.025202195, -1.448035399, -0.009105523, 0.967662938, 0.134363583, -5.348288750, -4.087699229, -0.175080952
1247, 1763489421.889813, -0.022659858, -0.761345764, 2.168098450, 0.025193055, -1.445083062, -0.009102424, 0.967665482, 0.134375683, -5.348284545, -4.087713633, -0.175103628
1248, 1763489421.916021, -0.022664785, -0.760524730, 2.164923827, 0.025202195, -1.443138202, -0.009123802, 0.967665482, 0.134369070, -5.348295138, -4.087723272, -0.175109251
1249, 1763489421.958457, -0.022667249, -0.758867780, 2.159352620, 0.025205215, -1.437550147, -0.009102424, 0.967657827, 0.134366049, -5.348283987, -4.087715206, -0.175091604
1250, 1763489421.985931, -0.022677024, -0.757808268, 2.155626774, 0.025208235, -1.434966087, -0.009099404, 0.967670568, 0.134362976, -5.348302503, -4.087729668, -0.175087531
1251, 1763489422.014157, -0.022689184, -0.756856978, 2.151685317, 0.025183996, -1.430896839, -0.009102424, 0.967652740, 0.134373777, -5.348299295, -4.087745373, -0.175072817
1252, 1763489422.0460448, -0.022708893, -0.755632619, 2.147440275, 0.025205215, -1.428044875, -0.009108623, 0.967660370, 0.134348029, -5.348302406, -4.087735529, -0.175086842
1253, 1763489422.0752819, -0.022728761, -0.754506826, 2.143251022, 0.025196155, -1.426894506, -0.009105523, 0.967660370, 0.134341887, -5.348307448, -4.087747102, -0.175114319
1254, 1763489422.099191, -0.022726297, -0.753781557, 2.139951388, 0.025202195, -1.425975243, -0.009105523, 0.967668025, 0.134353053, -5.348312799, -4.087763484, -0.175109106
1255, 1763489422.128107, -0.022735993, -0.752923568, 2.137014071, 0.025196155, -1.423108101, -0.009099404, 0.967657827, 0.134346079, -5.348308797, -4.087751482, -0.175112032
1256, 1763489422.1604118, -0.022731225, -0.751832068, 2.133706331, 0.025202195, -1.420840661, -0.009102424, 0.967665482, 0.134343106, -5.348299884, -4.087761850, -0.175106465
1257, 1763489422.191376, -0.022736073, -0.751195411, 2.131272316, 0.025183916, -1.418874502, -0.009105444, 0.967665482, 0.134363695, -5.348305379, -4.087781053, -0.175086927
1258, 1763489422.218975, -0.022736073, -0.750266016, 2.128704866, 0.025193055, -1.418509245, -0.009102424, 0.967668025, 0.134360845, -5.348297355, -4.087779326, -0.175088673
1259, 1763489422.24963, -0.022755623, -0.749462326, 2.126057784, 0.025202195, -1.417888244, -0.009099404, 0.967665482, 0.134354513, -5.348300915, -4.087776677, -0.175088196
1260, 1763489422.2852101, -0.022755623, -0.748894453, 2.122965813, 0.025202195, -1.413916508, -0.009096384, 0.967655258, 0.134355971, -5.348300734, -4.087784309, -0.175092412
1261, 1763489422.311452, -0.022767782, -0.748454392, 2.121258895, 0.025186936, -1.412209113, -0.009120782, 0.967662938, 0.134361686, -5.348310146, -4.087789073, -0.175082407
1262, 1763489422.341762, -0.022758087, -0.748304427, 2.120606263, 0.025186936, -1.411222855, -0.009102424, 0.967665482, 0.134381798, -5.348307441, -4.087786309, -0.175072046
1263, 1763489422.3635, -0.022765398, -0.748250385, 2.120284001, 0.025190036, -1.410328150, -0.009111563, 0.967665482, 0.134391669, -5.348317452, -4.087790951, -0.175059345
1264, 1763489422.3953102, -0.022775253, -0.748198807, 2.119993766, 0.025186936, -1.410051107, -0.009120782, 0.967660395, 0.134397698, -5.348321899, -4.087782359, -0.175063192
1265, 1763489422.42101, -0.022780259, -0.748184085, 2.119852622, 0.025193135, -1.410039028, -0.009120782, 0.967662938, 0.134388723, -5.348314252, -4.087787108, -0.175078458
1266, 1763489422.453301, -0.022772710, -0.748179118, 2.119860649, 0.025190036, -1.410029809, -0.009111643, 0.967660395, 0.134386325, -5.348319192, -4.087786352, -0.175086387
1267, 1763489422.4811158, -0.022790114, -0.748139739, 2.119865894, 0.025208235, -1.410017570, -0.009111563, 0.967668025, 0.134385034, -5.348309058, -4.087786818, -0.175072054
1268, 1763489422.5047512, -0.022802353, -0.748120070, 2.119847298, 0.025196155, -1.409984191, -0.009093205, 0.967665482, 0.134390188, -5.348316828, -4.087791132, -0.175058741
1269, 1763489422.538235, -0.022812049, -0.748107711, 2.119841894, 0.025196155, -1.409996271, -0.009102503, 0.967662913, 0.134405543, -5.348325415, -4.087784693, -0.175053639
1270, 1763489422.5696378, -0.022819440, -0.748124997, 2.119823297, 0.025196075, -1.409984191, -0.009117762, 0.967660395, 0.134418795, -5.348332341, -4.087781632, -0.175042999
1271, 1763489422.597595, -0.022816976, -0.748122533, 2.119783243, 0.025202195, -1.409987211, -0.009108543, 0.967670568, 0.134430471, -5.348344996, -4.087783115, -0.175020007
1272, 1763489422.621918, -0.022824446, -0.748124997, 2.119772593, 0.025193135, -1.409978151, -0.009108543, 0.967665482, 0.134426629, -5.348346580, -4.087789306, -0.174998414
1273, 1763489422.65209, -0.022831996, -0.748105248, 2.119788806, 0.025196155, -1.409975131, -0.009099404, 0.967660395, 0.134427209, -5.348349187, -4.087786928, -0.175000895
1274, 1763489422.6888, -0.022839308, -0.748105248, 2.119777997, 0.025189956, -1.409965913, -0.009105444, 0.967657827, 0.134437201, -5.348348104, -4.087789985, -0.175003652
1275, 1763489422.717349, -0.022844315, -0.748115142, 2.119761944, 0.025196075, -1.409984191, -0.009108543, 0.967668025, 0.134455629, -5.348339695, -4.087786073, -0.175016365
1276, 1763489422.742461, -0.022841851, -0.748112659, 2.119767189, 0.025196155, -1.409968932, -0.009102424, 0.967652715, 0.134478940, -5.348345000, -4.087782607, -0.175003174
1277, 1763489422.7757719, -0.022856474, -0.748110195, 2.119754155, 0.025196155, -1.409969091, -0.009120782, 0.967657852, 0.134485892, -5.348347379, -4.087786264, -0.174982594
1278, 1763489422.800475, -0.022878488, -0.748117606, 2.119751453, 0.025196075, -1.409959714, -0.009093205, 0.967668025, 0.134491880, -5.348356798, -4.087783006, -0.174974447
1279, 1763489422.823928, -0.022880952, -0.748107751, 2.119754155, 0.025186936, -1.409981171, -0.009114742, 0.967665482, 0.134487073, -5.348361352, -4.087788553, -0.174982300
1280, 1763489422.855463, -0.022883336, -0.748115142, 2.119746049, 0.025187016, -1.409959873, -0.009108543, 0.967668025, 0.134488470, -5.348360256, -4.087787390, -0.174989581
1281, 1763489422.894449, -0.022883495, -0.748112659, 2.119751453, 0.025190115, -1.409953674, -0.009108543, 0.967668025, 0.134490639, -5.348364418, -4.087790979, -0.175004624
1282, 1763489422.920545, -0.022883336, -0.748115142, 2.119754155, 0.025202195, -1.409962734, -0.009117683, 0.967657801, 0.134500238, -5.348364519, -4.087788131, -0.174992785
1283, 1763489422.946208, -0.022871176, -0.748117606, 2.119738102, 0.025183996, -1.409956694, -0.009102424, 0.967668025, 0.134517268, -5.348368632, -4.087785571, -0.174992098
1284, 1763489422.977858, -0.022878567, -0.748120070, 2.119727612, 0.025193135, -1.409963051, -0.009099325, 0.967662913, 0.134523529, -5.348354731, -4.087786463, -0.174971576
1285, 1763489423.0041752, -0.022883336, -0.748112679, 2.119724909, 0.025193135, -1.409956694, -0.009102424, 0.967662938, 0.134536759, -5.348353014, -4.087786615, -0.174974715
1286, 1763489423.025621, -0.022905668, -0.748110175, 2.119730155, 0.025199175, -1.409950495, -0.009105523, 0.967657827, 0.134531683, -5.348351095, -4.087790964, -0.174975862
1287, 1763489423.053858, -0.022905668, -0.748122533, 2.119729996, 0.025183916, -1.409941435, -0.009108543, 0.967657827, 0.134535103, -5.348349600, -4.087790633, -0.174994640
1288, 1763489423.0844438, -0.022915363, -0.748122493, 2.119722207, 0.025183916, -1.409953674, -0.009102424, 0.967665482, 0.134546841, -5.348353848, -4.087791196, -0.175003797
1289, 1763489423.106504, -0.022910515, -0.748112659, 2.119724909, 0.025199095, -1.409972111, -0.009129922, 0.967668025, 0.134544832, -5.348353375, -4.087790245, -0.175001053
1290, 1763489423.136228, -0.022910515, -0.748122533, 2.119730155, 0.025199175, -1.409947475, -0.009123802, 0.967665482, 0.134561691, -5.348360155, -4.087788074, -0.175003888
1291, 1763489423.1714728, -0.022910515, -0.748112659, 2.119719505, 0.025193135, -1.409956853, -0.009099404, 0.967660370, 0.134559180, -5.348351361, -4.087791025, -0.175003694
1292, 1763489423.19891, -0.022910515, -0.748112679, 2.119722207, 0.025202195, -1.409938415, -0.009114663, 0.967668025, 0.134569111, -5.348347773, -4.087789572, -0.175005628
1293, 1763489423.225136, -0.022910595, -0.748115122, 2.119719505, 0.025199175, -1.409962893, -0.009108543, 0.967660395, 0.134567650, -5.348355919, -4.087792680, -0.175023429
1294, 1763489423.250169, -0.022920211, -0.748112659, 2.119722207, 0.025187016, -1.409962893, -0.009099404, 0.967660370, 0.134564402, -5.348354173, -4.087794664, -0.175027360
1295, 1763489423.295406, -0.022915363, -0.748107731, 2.119724909, 0.025205215, -1.409962893, -0.009120782, 0.967657852, 0.134566027, -5.348352044, -4.087794700, -0.175033305
1296, 1763489423.3205519, -0.022915363, -0.748115142, 2.119719505, 0.025190115, -1.409947475, -0.009111563, 0.967668025, 0.134572692, -5.348342867, -4.087796048, -0.175013013
1297, 1763489423.344805, -0.022915363, -0.748117586, 2.119719505, 0.025205215, -1.409944455, -0.009117683, 0.967660370, 0.134585360, -5.348345587, -4.087794972, -0.175004806
1298, 1763489423.3811269, -0.022932609, -0.748117606, 2.119719505, 0.025208235, -1.409956853, -0.009114583, 0.967668025, 0.134593956, -5.348344558, -4.087794162, -0.174987350
1299, 1763489423.4053912, -0.022947550, -0.748115142, 2.119708697, 0.025190036, -1.409956853, -0.009111643, 0.967662888, 0.134596817, -5.348342941, -4.087795664, -0.174992198
1300, 1763489423.43116, -0.022957325, -0.748110175, 2.119714101, 0.025202195, -1.409950495, -0.009108543, 0.967657827, 0.134603589, -5.348342346, -4.087797635, -0.174985678
1301, 1763489423.463388, -0.022971948, -0.748110195, 2.119714101, 0.025187016, -1.409972111, -0.009102424, 0.967673111, 0.134607554, -5.348346232, -4.087797296, -0.174961822
1302, 1763489423.4893818, -0.023011367, -0.748120070, 2.119714101, 0.025193135, -1.409953674, -0.009120782, 0.967662938, 0.134610051, -5.348347155, -4.087799797, -0.174932152
1303, 1763489423.514388, -0.023040771, -0.748115142, 2.119716803, 0.025183996, -1.409953674, -0.009105523, 0.967662938, 0.134618776, -5.348345934, -4.087799790, -0.174923286
1304, 1763489423.537695, -0.023053249, -0.748117606, 2.119714101, 0.025193055, -1.409941594, -0.009114663, 0.967660395, 0.134625684, -5.348353513, -4.087798825, -0.174923134
1305, 1763489423.57707, -0.023067951, -0.748122533, 2.119714101, 0.025196155, -1.409968932, -0.009111643, 0.967655258, 0.134637383, -5.348352610, -4.087799358, -0.174924168
1306, 1763489423.605577, -0.023080111, -0.748127460, 2.119719505, 0.025196155, -1.409950654, -0.009114663, 0.967668025, 0.134645958, -5.348360231, -4.087801022, -0.174931499
1307, 1763489423.630914, -0.023077647, -0.748124997, 2.119719505, 0.025190036, -1.409950654, -0.009093364, 0.967662938, 0.134650058, -5.348355909, -4.087798821, -0.174929686
1308, 1763489423.657449, -0.023080111, -0.748124997, 2.119714101, 0.025199095, -1.409953674, -0.009102503, 0.967662938, 0.134650977, -5.348362629, -4.087800362, -0.174923921
1309, 1763489423.686234, -0.023092429, -0.748120070, 2.119714101, 0.025196155, -1.409959873, -0.009126822, 0.967668025, 0.134653907, -5.348358179, -4.087800401, -0.174912341
1310, 1763489423.710669, -0.023097277, -0.748105248, 2.119711399, 0.025187016, -1.409959714, -0.009111563, 0.967652715, 0.134659144, -5.348359823, -4.087802891, -0.174901074
1311, 1763489423.7377741, -0.023097277, -0.748122533, 2.119705995, 0.025196075, -1.409959873, -0.009114663, 0.967665482, 0.134670046, -5.348363397, -4.087797582, -0.174916433
1312, 1763489423.7672598, -0.023097356, -0.748132368, 2.119708697, 0.025196155, -1.409950495, -0.009108543, 0.967668025, 0.134674971, -5.348359091, -4.087799229, -0.174938797
1313, 1763489423.792587, -0.023104588, -0.748120030, 2.119708697, 0.025205215, -1.409963051, -0.009105523, 0.967670568, 0.134682156, -5.348367424, -4.087802598, -0.174913295
1314, 1763489423.813859, -0.023107131, -0.748124997, 2.119711399, 0.025187016, -1.409941594, -0.009114663, 0.967670568, 0.134694305, -5.348365106, -4.087799891, -0.174913878
1315, 1763489423.835377, -0.023107131, -0.748127460, 2.119714101, 0.025196155, -1.409944614, -0.009105523, 0.967665482, 0.134708067, -5.348367322, -4.087801867, -0.174921810
1316, 1763489423.8611789, -0.023107131, -0.748132388, 2.119705995, 0.025193055, -1.409956853, -0.009117762, 0.967678197, 0.134704787, -5.348368264, -4.087801598, -0.174918913
1317, 1763489423.897743, -0.023109595, -0.748147150, 2.119711399, 0.025187016, -1.409947634, -0.009114663, 0.967673111, 0.134715194, -5.348364915, -4.087800471, -0.174912920
1318, 1763489423.946738, -0.023104588, -0.748132388, 2.119714101, 0.025196155, -1.409938415, -0.009108543, 0.967662913, 0.134736657, -5.348379411, -4.087799973, -0.174929997
1319, 1763489423.991155, -0.023102045, -0.748137295, 2.119714101, 0.025211255, -1.409929355, -0.009114663, 0.967670568, 0.134743115, -5.348388725, -4.087801439, -0.174963909
1320, 1763489424.01569, -0.023094813, -0.748147150, 2.119703293, 0.025199175, -1.409947634, -0.009108623, 0.967665482, 0.134755898, -5.348392188, -4.087800451, -0.174975569
1321, 1763489424.0410082, -0.023075263, -0.748142223, 2.119711399, 0.025180896, -1.409953833, -0.009105444, 0.967660370, 0.134767003, -5.348406026, -4.087799453, -0.174979020
1322, 1763489424.086169, -0.023075263, -0.748127460, 2.119714101, 0.025190036, -1.409944614, -0.009108543, 0.967660395, 0.134765836, -5.348414556, -4.087799964, -0.174978068
1323, 1763489424.113108, -0.023063103, -0.748132368, 2.119714101, 0.025177797, -1.409965913, -0.009099404, 0.967670568, 0.134771300, -5.348417083, -4.087800973, -0.174967578
1324, 1763489424.139225, -0.023067951, -0.748144646, 2.119698207, 0.025199175, -1.409935474, -0.009114663, 0.967670568, 0.134787171, -5.348422193, -4.087799964, -0.174950906
1325, 1763489424.170235, -0.023065567, -0.748164415, 2.119705995, 0.025183996, -1.409959873, -0.009105523, 0.967670568, 0.134792037, -5.348424731, -4.087801393, -0.174952029
1326, 1763489424.204631, -0.023067951, -0.748149614, 2.119719505, 0.025196155, -1.409953674, -0.009114663, 0.967668025, 0.134800250, -5.348425757, -4.087803665, -0.174949903
1327, 1763489424.22896, -0.023063024, -0.748142203, 2.119714101, 0.025193135, -1.409950654, -0.009102424, 0.967657827, 0.134810126, -5.348431086, -4.087801166, -0.174940947
1328, 1763489424.255732, -0.023065488, -0.748137295, 2.119711399, 0.025183916, -1.409941435, -0.009111563, 0.967665482, 0.134814851, -5.348434131, -4.087802435, -0.174928392
1329, 1763489424.294373, -0.023075263, -0.748157024, 2.119711399, 0.025190036, -1.409944455, -0.009105444, 0.967665482, 0.134827659, -5.348423213, -4.087801313, -0.174908303
1330, 1763489424.32036, -0.023085038, -0.748154521, 2.119716803, 0.025183916, -1.409947634, -0.009105523, 0.967670568, 0.134831880, -5.348422151, -4.087804800, -0.174926207
1331, 1763489424.3434439, -0.023080111, -0.748154541, 2.119716803, 0.025196155, -1.409959714, -0.009111643, 0.967668025, 0.134835280, -5.348417874, -4.087802786, -0.174945097
1332, 1763489424.376278, -0.023072799, -0.748161932, 2.119724909, 0.025180896, -1.409956694, -0.009099404, 0.967668025, 0.134840361, -5.348435146, -4.087804788, -0.174971961
1333, 1763489424.403349, -0.023067951, -0.748159468, 2.119711399, 0.025190036, -1.409963051, -0.009108543, 0.967662938, 0.134850054, -5.348429715, -4.087803573, -0.174983279
1334, 1763489424.424387, -0.023067951, -0.748174250, 2.119714101, 0.025199095, -1.409947634, -0.009105523, 0.967657827, 0.134865073, -5.348427142, -4.087799592, -0.174999833
1335, 1763489424.4513888, -0.023048242, -0.748181542, 2.119714101, 0.025196155, -1.409953833, -0.009102424, 0.967670568, 0.134873975, -5.348435498, -4.087798733, -0.175011336
1336, 1763489424.482099, -0.023045699, -0.748179098, 2.119719505, 0.025187016, -1.409956694, -0.009093285, 0.967665482, 0.134888525, -5.348434245, -4.087796879, -0.175010351
1337, 1763489424.515376, -0.023035765, -0.748174270, 2.119722207, 0.025193135, -1.409944614, -0.009114583, 0.967670568, 0.134896566, -5.348448257, -4.087800097, -0.175011170
1338, 1763489424.539259, -0.023030837, -0.748186409, 2.119727453, 0.025187016, -1.409941435, -0.009111563, 0.967673111, 0.134904905, -5.348444981, -4.087797643, -0.175002542
1339, 1763489424.565849, -0.023038228, -0.748210986, 2.119722207, 0.025193135, -1.409963051, -0.009099404, 0.967673111, 0.134914233, -5.348451169, -4.087798830, -0.174987335
1340, 1763489424.598613, -0.023035765, -0.748198648, 2.119727612, 0.025193135, -1.409950495, -0.009111563, 0.967657827, 0.134919437, -5.348453796, -4.087801203, -0.174963701
1341, 1763489424.621751, -0.023038228, -0.748198787, 2.119722207, 0.025189956, -1.409953674, -0.009117683, 0.967662938, 0.134928470, -5.348450433, -4.087802608, -0.174960567
1342, 1763489424.647212, -0.023043235, -0.748193781, 2.119727453, 0.025193135, -1.409956853, -0.009105523, 0.967660370, 0.134924694, -5.348450123, -4.087806987, -0.174948971
1343, 1763489424.6720982, -0.023043156, -0.748193781, 2.119716803, 0.025187016, -1.409950654, -0.009102424, 0.967668025, 0.134935063, -5.348448563, -4.087803708, -0.174941613
1344, 1763489424.7034729, -0.023045699, -0.748193920, 2.119730155, 0.025199175, -1.409950654, -0.009087165, 0.967665482, 0.134932913, -5.348457225, -4.087805906, -0.174937573
1345, 1763489424.729326, -0.023055712, -0.748196244, 2.119722207, 0.025193055, -1.409935395, -0.009102424, 0.967657827, 0.134942634, -5.348462564, -4.087806403, -0.174929995
1346, 1763489424.75616, -0.023048242, -0.748193920, 2.119722207, 0.025202195, -1.409959873, -0.009114663, 0.967660395, 0.134952379, -5.348472446, -4.087803754, -0.174922363
1347, 1763489424.7886798, -0.023043235, -0.748193920, 2.119732698, 0.025187016, -1.409941435, -0.009105444, 0.967665482, 0.134949407, -5.348471838, -4.087805413, -0.174919528
1348, 1763489424.818094, -0.023055712, -0.748201191, 2.119719505, 0.025190036, -1.409941594, -0.009111563, 0.967660370, 0.134960502, -5.348480775, -4.087803510, -0.174927788
1349, 1763489424.854371, -0.023045699, -0.748201191, 2.119724751, 0.025193135, -1.409972111, -0.009111643, 0.967665482, 0.134962686, -5.348475645, -4.087806182, -0.174937725
1350, 1763489424.8787699, -0.023053249, -0.748198728, 2.119727612, 0.025202195, -1.409944614, -0.009105523, 0.967657827, 0.134978036, -5.348471943, -4.087802400, -0.174928802
1351, 1763489424.905996, -0.023053249, -0.748208523, 2.119730155, 0.025199175, -1.409956853, -0.009108543, 0.967668025, 0.134984217, -5.348476509, -4.087804810, -0.174927272
1352, 1763489424.9329631, -0.023048242, -0.748203595, 2.119732698, 0.025186936, -1.409947634, -0.009111563, 0.967660395, 0.134992121, -5.348469487, -4.087805133, -0.174932523
1353, 1763489424.9617422, -0.023053249, -0.748213450, 2.119732698, 0.025193135, -1.409956853, -0.009105444, 0.967665482, 0.135010327, -5.348479729, -4.087802900, -0.174917511
1354, 1763489424.987978, -0.023060640, -0.748218377, 2.119727453, 0.025190036, -1.409950495, -0.009108543, 0.967670568, 0.135018788, -5.348480498, -4.087806389, -0.174908762
1355, 1763489425.0130172, -0.023063024, -0.748233140, 2.119727453, 0.025196155, -1.409953833, -0.009102503, 0.967670568, 0.135022509, -5.348480193, -4.087806311, -0.174889474
1356, 1763489425.0357661, -0.023063024, -0.748220841, 2.119722207, 0.025205215, -1.409953833, -0.009117683, 0.967662913, 0.135027903, -5.348486845, -4.087804463, -0.174881292
1357, 1763489425.070244, -0.023070415, -0.748213450, 2.119737943, 0.025202195, -1.409956853, -0.009099325, 0.967660395, 0.135032988, -5.348482224, -4.087806566, -0.174851734
1358, 1763489425.102082, -0.023080111, -0.748215894, 2.119732698, 0.025202195, -1.409969091, -0.009105523, 0.967665482, 0.135039410, -5.348493376, -4.087806915, -0.174845145
1359, 1763489425.1281888, -0.023097277, -0.748215914, 2.119732857, 0.025183916, -1.409965913, -0.009111643, 0.967665482, 0.135046871, -5.348491191, -4.087808345, -0.174845044
1360, 1763489425.152317, -0.023099661, -0.748235603, 2.119732698, 0.025202115, -1.409944614, -0.009102503, 0.967673111, 0.135051371, -5.348493145, -4.087807189, -0.174846228
1361, 1763489425.17623, -0.023099661, -0.748223285, 2.119732698, 0.025196155, -1.409950654, -0.009099325, 0.967668025, 0.135058459, -5.348497404, -4.087806209, -0.174841607
1362, 1763489425.20115, -0.023092429, -0.748220821, 2.119740645, 0.025190036, -1.409959873, -0.009096384, 0.967662938, 0.135068956, -5.348503207, -4.087806414, -0.174843505
1363, 1763489425.229737, -0.023099661, -0.748218377, 2.119740645, 0.025190036, -1.409950654, -0.009096305, 0.967665482, 0.135071928, -5.348501813, -4.087804581, -0.174844879
1364, 1763489425.25679, -0.023094893, -0.748240511, 2.119735241, 0.025187016, -1.409959873, -0.009105444, 0.967670568, 0.135087004, -5.348502866, -4.087803011, -0.174844515
1365, 1763489425.284576, -0.023094813, -0.748230656, 2.119735400, 0.025199175, -1.409959873, -0.009105523, 0.967668025, 0.135092121, -5.348510775, -4.087804591, -0.174854898
1366, 1763489425.3174121, -0.023094893, -0.748230696, 2.119740645, 0.025193135, -1.409972111, -0.009099325, 0.967665482, 0.135092950, -5.348511059, -4.087807096, -0.174851007
1367, 1763489425.3436952, -0.023097277, -0.748238047, 2.119743347, 0.025196155, -1.409947634, -0.009102424, 0.967660395, 0.135105612, -5.348516881, -4.087806511, -0.174845599
1368, 1763489425.41436, -0.023099820, -0.748230656, 2.119737943, 0.025183996, -1.409963051, -0.009114583, 0.967665482, 0.135113133, -5.348512369, -4.087809066, -0.174824584
1369, 1763489425.438349, -0.023109595, -0.748240530, 2.119727612, 0.025199175, -1.409956853, -0.009111643, 0.967668025, 0.135122549, -5.348511788, -4.087811081, -0.174801336
1370, 1763489425.469855, -0.023114602, -0.748235583, 2.119735241, 0.025196155, -1.409950654, -0.009108543, 0.967657852, 0.135132318, -5.348517991, -4.087813238, -0.174804062
1371, 1763489425.493078, -0.023131768, -0.748238027, 2.119743347, 0.025196155, -1.409962893, -0.009099325, 0.967670568, 0.135136873, -5.348520134, -4.087811263, -0.174790997
1372, 1763489425.5250618, -0.023129304, -0.748245458, 2.119740645, 0.025193135, -1.409959714, -0.009102424, 0.967662938, 0.135142191, -5.348521262, -4.087813177, -0.174782361
1373, 1763489425.5475378, -0.023141543, -0.748245458, 2.119743347, 0.025187016, -1.409966071, -0.009096384, 0.967665482, 0.135140783, -5.348523700, -4.087816789, -0.174781395
1374, 1763489425.5746508, -0.023156325, -0.748247921, 2.119743347, 0.025193135, -1.409950813, -0.009099404, 0.967660370, 0.135146836, -5.348525500, -4.087812879, -0.174781098
1375, 1763489425.6000588, -0.023151318, -0.748247921, 2.119737943, 0.025193055, -1.409965913, -0.009105444, 0.967665456, 0.135163743, -5.348528053, -4.087813321, -0.174784594
1376, 1763489425.6272728, -0.023161411, -0.748235563, 2.119740645, 0.025193055, -1.409962893, -0.009102424, 0.967670568, 0.135164575, -5.348531403, -4.087814234, -0.174781038
1377, 1763489425.655356, -0.023161411, -0.748240511, 2.119748751, 0.025196155, -1.409965913, -0.009108543, 0.967665482, 0.135172027, -5.348541527, -4.087811484, -0.174776181
1378, 1763489425.6884968, -0.023166339, -0.748245458, 2.119743347, 0.025196155, -1.409959873, -0.009108543, 0.967660370, 0.135180917, -5.348543289, -4.087815374, -0.174774699
1379, 1763489425.716351, -0.023168802, -0.748260260, 2.119740645, 0.025196155, -1.409941435, -0.009096305, 0.967665482, 0.135194907, -5.348550594, -4.087812842, -0.174774684
1380, 1763489425.743281, -0.023180962, -0.748255332, 2.119746049, 0.025193055, -1.409956853, -0.009111643, 0.967668025, 0.135199136, -5.348552010, -4.087813079, -0.174759831
1381, 1763489425.767636, -0.023176114, -0.748257697, 2.119746049, 0.025199175, -1.409938415, -0.009096305, 0.967670568, 0.135197979, -5.348559969, -4.087813633, -0.174758130
1382, 1763489425.794125, -0.023168802, -0.748242994, 2.119740645, 0.025199095, -1.409963051, -0.009114742, 0.967673111, 0.135200465, -5.348565141, -4.087814586, -0.174746397
1383, 1763489425.8260212, -0.023178498, -0.748238087, 2.119740645, 0.025190036, -1.409947634, -0.009108623, 0.967668025, 0.135199992, -5.348566867, -4.087816727, -0.174738936
1384, 1763489425.854617, -0.023176114, -0.748262723, 2.119743347, 0.025187016, -1.409978151, -0.009099404, 0.967657827, 0.135213347, -5.348572446, -4.087817310, -0.174714026
1385, 1763489425.880598, -0.023173730, -0.748252869, 2.119746049, 0.025202195, -1.409956853, -0.009108623, 0.967665482, 0.135221606, -5.348569242, -4.087817871, -0.174718052
1386, 1763489425.9080892, -0.023193200, -0.748257796, 2.119748751, 0.025190036, -1.409953674, -0.009099404, 0.967668025, 0.135230253, -5.348567318, -4.087818572, -0.174704070
1387, 1763489425.937195, -0.023198128, -0.748242974, 2.119746049, 0.025199175, -1.409950654, -0.009108623, 0.967673111, 0.135237823, -5.348570878, -4.087816668, -0.174696258
1388, 1763489425.9645271, -0.023203055, -0.748257796, 2.119751453, 0.025187016, -1.409962893, -0.009111563, 0.967660395, 0.135243705, -5.348566945, -4.087818981, -0.174700257
1389, 1763489425.993558, -0.023207823, -0.748257796, 2.119740645, 0.025205215, -1.409962893, -0.009099404, 0.967670568, 0.135260212, -5.348575147, -4.087814538, -0.174699895
1390, 1763489426.0167549, -0.023215214, -0.748264988, 2.119751453, 0.025196075, -1.409953833, -0.009099404, 0.967670568, 0.135258683, -5.348578193, -4.087816056, -0.174687760
1391, 1763489426.052382, -0.023222685, -0.748270015, 2.119746049, 0.025190036, -1.409944455, -0.009111643, 0.967668025, 0.135280200, -5.348578105, -4.087814205, -0.174695180
1392, 1763489426.08152, -0.023230155, -0.748267452, 2.119748751, 0.025190036, -1.409956694, -0.009096305, 0.967662938, 0.135281375, -5.348584409, -4.087817915, -0.174711490
1393, 1763489426.1157172, -0.023225228, -0.748267551, 2.119751453, 0.025186936, -1.409950654, -0.009102424, 0.967668025, 0.135285978, -5.348581360, -4.087813260, -0.174722815
1394, 1763489426.151094, -0.023225228, -0.748270094, 2.119746049, 0.025186936, -1.409953833, -0.009102424, 0.967662938, 0.135290586, -5.348579384, -4.087816368, -0.174703097
1395, 1763489426.1773922, -0.023230155, -0.748260260, 2.119751453, 0.025199175, -1.409956853, -0.009111643, 0.967675654, 0.135295254, -5.348579379, -4.087815399, -0.174682711
1396, 1763489426.202177, -0.023247242, -0.748269916, 2.119751453, 0.025196075, -1.409956853, -0.009117762, 0.967670568, 0.135298932, -5.348566863, -4.087817428, -0.174655341
1397, 1763489426.237163, -0.023259640, -0.748272558, 2.119751453, 0.025190115, -1.409968932, -0.009105523, 0.967670568, 0.135309505, -5.348560323, -4.087819102, -0.174653047
1398, 1763489426.2678962, -0.023298899, -0.748284856, 2.119754155, 0.025199175, -1.409953674, -0.009099404, 0.967673111, 0.135317679, -5.348555402, -4.087818903, -0.174642924
1399, 1763489426.2937999, -0.023323298, -0.748282373, 2.119754155, 0.025199175, -1.409944455, -0.009120782, 0.967662913, 0.135317784, -5.348556831, -4.087821960, -0.174655518
1400, 1763489426.324464, -0.023333391, -0.748292128, 2.119759560, 0.025196075, -1.409956853, -0.009099325, 0.967665482, 0.135335939, -5.348556439, -4.087820498, -0.174650894
1401, 1763489426.357965, -0.023335854, -0.748287340, 2.119756858, 0.025196155, -1.409962893, -0.009108623, 0.967670568, 0.135337796, -5.348563112, -4.087821249, -0.174657870
1402, 1763489426.381135, -0.023328384, -0.748277406, 2.119767189, 0.025190036, -1.409956853, -0.009126822, 0.967668025, 0.135341991, -5.348565077, -4.087819601, -0.174662119
1403, 1763489426.406511, -0.023330847, -0.748297135, 2.119772593, 0.025193135, -1.409963051, -0.009099404, 0.967668025, 0.135347096, -5.348568539, -4.087816549, -0.174653150
1404, 1763489426.43297, -0.023338318, -0.748297135, 2.119764805, 0.025202195, -1.409956694, -0.009123802, 0.967670568, 0.135344445, -5.348569384, -4.087817857, -0.174660507
1405, 1763489426.4672, -0.023340782, -0.748284856, 2.119767348, 0.025186936, -1.409959873, -0.009102503, 0.967662938, 0.135350177, -5.348565990, -4.087816220, -0.174657938
1406, 1763489426.490659, -0.023343245, -0.748287241, 2.119767189, 0.025196155, -1.409965913, -0.009102424, 0.967668025, 0.135340558, -5.348577322, -4.087821987, -0.174668013
1407, 1763489426.518989, -0.023340782, -0.748284856, 2.119767189, 0.025199175, -1.409947634, -0.009111643, 0.967673111, 0.135345512, -5.348573503, -4.087820617, -0.174675137
1408, 1763489426.549397, -0.023333391, -0.748282373, 2.119769891, 0.025205215, -1.409953674, -0.009114742, 0.967673111, 0.135340471, -5.348581750, -4.087820858, -0.174666776
1409, 1763489426.5833158, -0.023338318, -0.748282373, 2.119772593, 0.025183996, -1.409953674, -0.009093205, 0.967668025, 0.135337758, -5.348582060, -4.087823229, -0.174639170
1410, 1763489426.6082308, -0.023335854, -0.748289724, 2.119764805, 0.025196155, -1.409968932, -0.009102424, 0.967668025, 0.135347747, -5.348591703, -4.087823539, -0.174622893
1411, 1763489426.632852, -0.023340782, -0.748277406, 2.119769891, 0.025187016, -1.409947634, -0.009096384, 0.967673111, 0.135349167, -5.348591644, -4.087823395, -0.174623414
1412, 1763489426.668232, -0.023338318, -0.748284856, 2.119764646, 0.025199175, -1.409960032, -0.009087165, 0.967665482, 0.135350845, -5.348580335, -4.087826812, -0.174635318
1413, 1763489426.6909719, -0.023340782, -0.748282373, 2.119769891, 0.025208235, -1.409969091, -0.009102503, 0.967668025, 0.135350697, -5.348579215, -4.087828892, -0.174631743
1414, 1763489426.717258, -0.023350636, -0.748272479, 2.119772593, 0.025190036, -1.409959873, -0.009105444, 0.967670568, 0.135354241, -5.348573921, -4.087827937, -0.174625603
1415, 1763489426.7458959, -0.023353020, -0.748284698, 2.119775295, 0.025186936, -1.409960032, -0.009108543, 0.967673111, 0.135354353, -5.348576694, -4.087830842, -0.174619361
