# Arm joint positions + body pose collected at 50.0 Hz
# Timestamp: 20251117_212754
# Format: timestep, arm0.sh0, arm0.sh1, arm0.el0, arm0.el1, arm0.wr0, arm0.wr1, gripper_open_percentage, body_x, body_y, body_z, body_theta
# Body pose is in odom frame (x, y, z in meters, theta in radians)

0, 0.0006818771362304688, -3.1189022064208984, 3.139009714126587, 1.5671968460083008, -0.001902461051940918, -1.5697665214538574, 0.0, -2.072772205223661, -5.559420428280305, -3.668720101677441, -0.1206142151587235
1, 0.0006818771362304688, -3.118880033493042, 3.139009714126587, 1.5671968460083008, -0.0018842220306396484, -1.5697484016418457, 0.0, -2.0727580643813726, -5.559427270495619, -3.6687177632131163, -0.12062202344670325
2, 0.0006892681121826172, -3.118887424468994, 3.139009714126587, 1.567187786102295, -0.0018934011459350586, -1.5697574615478516, 0.0, -2.0727505354308198, -5.5594354488873226, -3.6687212225705927, -0.12064249499413027
3, 0.0006966590881347656, -3.1188578605651855, 3.1390178203582764, 1.5671968460083008, -0.0018934011459350586, -1.5697665214538574, 0.0, -2.0727390763202354, -5.559434465397482, -3.668717377400969, -0.1206480644400143
4, 0.0006668567657470703, -3.118894577026367, 3.139009714126587, 1.5671786069869995, -0.0019115209579467773, -1.5697665214538574, 0.0, -2.072728157339976, -5.559432513232998, -3.6687169378690596, -0.12062821736255191
5, 0.0006818771362304688, -3.11887264251709, 3.139009714126587, 1.567187786102295, -0.001902461051940918, -1.5697574615478516, 0.0, -2.072715314570284, -5.55943911455978, -3.6687153909523627, -0.12059779536355641
6, 0.0006742477416992188, -3.118894577026367, 3.1390178203582764, 1.5671786069869995, -0.0018934011459350586, -1.5697665214538574, 0.0, -2.0727117049369443, -5.559442834067373, -3.668715897411219, -0.12060292626551306
7, 0.0006742477416992188, -3.118880033493042, 3.139009714126587, 1.567187786102295, -0.001902461051940918, -1.5697755813598633, 0.0, -2.072688432493414, -5.559450290013904, -3.6687115965569252, -0.12061307626005924
8, 0.0006892681121826172, -3.118894577026367, 3.1390178203582764, 1.5672060251235962, -0.0019115209579467773, -1.5697665214538574, 0.0, -2.0726806407083047, -5.559459020326872, -3.668712847262195, -0.12060086565782058
9, 0.0006742477416992188, -3.11887264251709, 3.139009714126587, 1.5671968460083008, -0.0018750429153442383, -1.5697388648986816, 0.0, -2.0726685027856324, -5.559461947121479, -3.6687093337994265, -0.1205966569668071
10, 0.0006818771362304688, -3.118880033493042, 3.1390178203582764, 1.567187786102295, -0.0018750429153442383, -1.5697574615478516, 0.0, -2.072658209373775, -5.55945794976856, -3.6687084507487087, -0.12059513977958414
11, 0.0006818771362304688, -3.118887424468994, 3.1390178203582764, 1.5671968460083008, -0.001902461051940918, -1.5697755813598633, 0.0, -2.0726534624625357, -5.559462384327622, -3.6687059156329114, -0.1205883285786351
12, 0.0006742477416992188, -3.118887424468994, 3.139009714126587, 1.5671968460083008, -0.0018934011459350586, -1.5697574615478516, 0.0, -2.07265927989552, -5.559455052662353, -3.668705843214674, -0.1205711881320708
13, 0.0006818771362304688, -3.118887424468994, 3.1390178203582764, 1.567187786102295, -0.0018934011459350586, -1.5697665214538574, 0.0, -2.0726467307846925, -5.559448800411153, -3.668701136497294, -0.12058016355527368
14, 0.0006818771362304688, -3.11887264251709, 3.1390178203582764, 1.567187786102295, -0.0018934011459350586, -1.5697665214538574, 0.0, -2.072638571911059, -5.559455293995988, -3.6687006597944927, -0.12059493204495464
15, 0.0006742477416992188, -3.118887424468994, 3.139009714126587, 1.567187786102295, -0.001902461051940918, -1.5697574615478516, 0.0, -2.0726352698471917, -5.5594604161766235, -3.6687045722098257, -0.12060118571005596
16, 0.0006742477416992188, -3.118894577026367, 3.1390178203582764, 1.5671968460083008, -0.001902461051940918, -1.5697755813598633, 0.0, -2.0726247141288168, -5.559453639407284, -3.668702315052522, -0.12060488148788728
17, 0.0006742477416992188, -3.118894577026367, 3.139009714126587, 1.5671786069869995, -0.0018842220306396484, -1.5697574615478516, 0.0, -2.072617456438296, -5.559457896072879, -3.6687018299132275, -0.12059508746586278
18, 0.0006742477416992188, -3.118894577026367, 3.139009714126587, 1.567187786102295, -0.001902461051940918, -1.5697665214538574, 0.0, -2.0726139812212905, -5.559468471556478, -3.668701795431587, -0.12058748048473333
19, 0.0006818771362304688, -3.118887424468994, 3.139009714126587, 1.5671786069869995, -0.0018750429153442383, -1.5697574615478516, 0.0, -2.07260125452571, -5.559454981899293, -3.668698116847357, -0.12058483335133108
20, 0.0006742477416992188, -3.1189022064208984, 3.1390178203582764, 1.5671968460083008, -0.0018842220306396484, -1.5697574615478516, 0.0, -2.0725982443375512, -5.559446355435382, -3.6686968190175833, -0.12058909435581189
21, 0.0006742477416992188, -3.11887264251709, 3.1390178203582764, 1.567169427871704, -0.0018750429153442383, -1.5697665214538574, 0.0, -2.072599397443119, -5.559455400449059, -3.668695181909885, -0.1205958911893461
22, 0.0006742477416992188, -3.118880033493042, 3.139009714126587, 1.5671786069869995, -0.0018658638000488281, -1.5697574615478516, 0.0, -2.07259806279855, -5.559451633449561, -3.6686944766740543, -0.12058864863170804
23, 0.0006818771362304688, -3.1188652515411377, 3.1390178203582764, 1.5671968460083008, -0.0018477439880371094, -1.5697484016418457, 0.0, -2.0725998420410146, -5.559446233881908, -3.668695298217968, -0.12057923416015015
24, 0.0006892681121826172, -3.118887424468994, 3.1390178203582764, 1.5671968460083008, -0.0018842220306396484, -1.5697665214538574, 0.0, -2.0725907174398213, -5.559452323532883, -3.6686907195293696, -0.12057128507042858
25, 0.0006966590881347656, -3.118880033493042, 3.1390178203582764, 1.567187786102295, -0.0018842220306396484, -1.5697665214538574, 0.0, -2.0725882094796586, -5.559442492965715, -3.668690806978986, -0.12058013431502435
26, 0.0006818771362304688, -3.118880033493042, 3.1390178203582764, 1.5671968460083008, -0.001902461051940918, -1.5697665214538574, 0.0, -2.072592267474223, -5.559441292702132, -3.6686910693053516, -0.12058623205165553
27, 0.0006818771362304688, -3.118880033493042, 3.139009714126587, 1.5671968460083008, -0.0018750429153442383, -1.5697665214538574, 0.0, -2.0725857232143063, -5.559446553816714, -3.668686824118302, -0.12059102853325232
28, 0.0006742477416992188, -3.118880033493042, 3.139009714126587, 1.5671786069869995, -0.0018934011459350586, -1.5697574615478516, 0.0, -2.072583089972478, -5.559440924957044, -3.66868463114169, -0.12061058555919768
29, 0.0006597042083740234, -3.118887424468994, 3.1390018463134766, 1.5671968460083008, -0.0018750429153442383, -1.5697755813598633, 0.0, -2.0725787363018733, -5.559449181836511, -3.6686890073721443, -0.12062204500296492
30, 0.0006742477416992188, -3.11887264251709, 3.139009714126587, 1.5671968460083008, -0.0018934011459350586, -1.5697388648986816, 0.0, -2.07257737963916, -5.559453150774793, -3.6686819945177174, -0.12062565203728326
31, 0.0006742477416992188, -3.118894577026367, 3.139009714126587, 1.567187786102295, -0.0018750429153442383, -1.5697574615478516, 0.0, -2.0725701548076807, -5.559435179182348, -3.668679403430224, -0.12062011183851684
32, 0.0006742477416992188, -3.118887424468994, 3.1390178203582764, 1.567187786102295, -0.0018934011459350586, -1.5697484016418457, 0.0, -2.072562893088594, -5.559439313391433, -3.6686824132722577, -0.12061466088545902
33, 0.0006742477416992188, -3.118887424468994, 3.1390178203582764, 1.567169427871704, -0.001902461051940918, -1.5697665214538574, 0.0, -2.0725438101622378, -5.559450505488999, -3.6686781741344907, -0.12060274777296254
34, 0.0006668567657470703, -3.118880033493042, 3.1390178203582764, 1.567187786102295, -0.0018842220306396484, -1.5697755813598633, 0.0, -2.072538406873733, -5.55943924635681, -3.668675664194326, -0.12061094254421256
35, 0.0006742477416992188, -3.118894577026367, 3.1390178203582764, 1.567187786102295, -0.0018934011459350586, -1.5697574615478516, 0.0, -2.0725284047571426, -5.559442505968489, -3.668673702189925, -0.12062548022739161
36, 0.0006597042083740234, -3.118880033493042, 3.139009714126587, 1.567187786102295, -0.0018842220306396484, -1.5697574615478516, 0.0, -2.0725145902842423, -5.559452378502254, -3.668673679495894, -0.1206150471147911
37, 0.0006818771362304688, -3.118887424468994, 3.1390178203582764, 1.567169427871704, -0.0018934011459350586, -1.5697484016418457, 0.0, -2.072507343394739, -5.559456382394572, -3.668669966514404, -0.12061120977814888
38, 0.0006966590881347656, -3.118894577026367, 3.139009714126587, 1.5671968460083008, -0.0018934011459350586, -1.5697484016418457, 0.0, -2.0724915224926765, -5.559455172398251, -3.668668632947918, -0.12061299419868643
39, 0.000652313232421875, -3.118880033493042, 3.1390178203582764, 1.5671968460083008, -0.0018750429153442383, -1.5697388648986816, 0.0, -2.0724853413463404, -5.559461305975206, -3.6686665696199863, -0.12060134907525288
40, 0.0006742477416992188, -3.118887424468994, 3.1390178203582764, 1.567187786102295, -0.001902461051940918, -1.5697388648986816, 0.0, -2.072475625371803, -5.559452999851358, -3.6686644939719173, -0.12060625736798247
41, 0.0006892681121826172, -3.118880033493042, 3.139009714126587, 1.5671786069869995, -0.0018842220306396484, -1.5697665214538574, 0.0, -2.0724726910230022, -5.559449074573794, -3.668663781322582, -0.12062870002534876
42, 0.0006818771362304688, -3.118887424468994, 3.1390178203582764, 1.567187786102295, -0.0018658638000488281, -1.5697755813598633, 0.0, -2.072467255172063, -5.559455735968254, -3.6686610688396137, -0.12060929892564154
43, 0.0006892681121826172, -3.11887264251709, 3.1390178203582764, 1.5671968460083008, -0.0019115209579467773, -1.5697665214538574, 0.0, -2.0724654950575347, -5.5594643541007835, -3.668663702773275, -0.12061550053105208
44, 0.0006668567657470703, -3.118887424468994, 3.139009714126587, 1.5671968460083008, -0.0018750429153442383, -1.5697665214538574, 0.0, -2.0724579072814775, -5.559463618123551, -3.6686658084798798, -0.12060673284274159
45, 0.0006818771362304688, -3.118880033493042, 3.1390178203582764, 1.5671602487564087, -0.0018842220306396484, -1.5697484016418457, 0.0, -2.0724426866420735, -5.55946009368933, -3.668659932554325, -0.12062479550318184
46, 0.0006668567657470703, -3.118880033493042, 3.139009714126587, 1.5671786069869995, -0.0018750429153442383, -1.5697298049926758, 0.0, -2.0724414613627493, -5.559452914536517, -3.6686610514358082, -0.12064562454439365
47, 0.0006668567657470703, -3.118880033493042, 3.1390018463134766, 1.567187786102295, -0.0018842220306396484, -1.5697665214538574, 0.0, -2.072430500056723, -5.559461719166762, -3.668663272234948, -0.12064615952077418
48, 0.0006742477416992188, -3.118894577026367, 3.139009714126587, 1.5671602487564087, -0.0018750429153442383, -1.5697574615478516, 0.0, -2.0724204317665555, -5.5594688834101476, -3.668660395583171, -0.12065178177919034
49, 0.0006892681121826172, -3.118880033493042, 3.139009714126587, 1.5671786069869995, -0.0018842220306396484, -1.5697484016418457, 0.0, -2.0724165690437752, -5.559466824858294, -3.6686600193432715, -0.1206555739910744
50, 0.0006966590881347656, -3.11887264251709, 3.1390178203582764, 1.5671786069869995, -0.001902461051940918, -1.5697755813598633, 0.0, -2.072405296873545, -5.559466193140147, -3.668657264339788, -0.12065509032462707
51, 0.0006966590881347656, -3.118887424468994, 3.1390178203582764, 1.5671968460083008, -0.0018934011459350586, -1.5697574615478516, 0.0, -2.0723929556853733, -5.5594741339897915, -3.6686536390183235, -0.1206600652982468
52, 0.0006668567657470703, -3.1189022064208984, 3.139009714126587, 1.5671968460083008, -0.0018934011459350586, -1.5697484016418457, 0.0, -2.072393450730878, -5.559468836824633, -3.6686552610186833, -0.12064832349031107
53, 0.0006892681121826172, -3.118887424468994, 3.139009714126587, 1.5671786069869995, -0.0018934011459350586, -1.5697484016418457, 0.0, -2.0723860621115384, -5.559469816919801, -3.668652954569749, -0.12066211746066013
54, 0.0006818771362304688, -3.1189022064208984, 3.1390178203582764, 1.5672060251235962, -0.0018934011459350586, -1.5697665214538574, 0.0, -2.072375245781088, -5.5594632562601936, -3.6686502194051047, -0.12065172896896215
55, 0.0006966590881347656, -3.118887424468994, 3.1390178203582764, 1.567187786102295, -0.0018842220306396484, -1.5697484016418457, 0.0, -2.072378290167398, -5.559466723823408, -3.6686515435399922, -0.12065589354003681
56, 0.0006742477416992188, -3.1188578605651855, 3.1390178203582764, 1.567187786102295, -0.0018750429153442383, -1.5697665214538574, 0.0, -2.07237500620938, -5.559469221289131, -3.668648452368177, -0.12067644740637729
57, 0.0006966590881347656, -3.118880033493042, 3.139009714126587, 1.567187786102295, -0.0018750429153442383, -1.5697484016418457, 0.0, -2.0723543419028525, -5.559472408929552, -3.6686477232317807, -0.1207041397190558
58, 0.0006818771362304688, -3.118894577026367, 3.1390178203582764, 1.5671968460083008, -0.0018934011459350586, -1.5697755813598633, 0.0, -2.0723414514292067, -5.559470078597368, -3.668641496425064, -0.12070141796201383
59, 0.0006818771362304688, -3.118887424468994, 3.1390256881713867, 1.567169427871704, -0.0018750429153442383, -1.5697484016418457, 0.0, -2.072347880221868, -5.559473005117814, -3.6686428318099926, -0.12071529399157566
60, 0.0006742477416992188, -3.118880033493042, 3.1390018463134766, 1.567169427871704, -0.0018842220306396484, -1.5697574615478516, 0.0, -2.072335666015168, -5.559471411625215, -3.6686429706752737, -0.12072200901428776
61, 0.0006892681121826172, -3.118887424468994, 3.139009714126587, 1.567187786102295, -0.0018842220306396484, -1.5697484016418457, 0.0, -2.0723209458051155, -5.559478534525129, -3.668636303775797, -0.12070666786289141
62, 0.0006892681121826172, -3.118880033493042, 3.1390178203582764, 1.5671786069869995, -0.0018750429153442383, -1.5697665214538574, 0.0, -2.072323125535641, -5.5594772191422805, -3.6686385545338376, -0.12071134534849204
63, 0.0006597042083740234, -3.1189022064208984, 3.139009714126587, 1.567187786102295, -0.0018934011459350586, -1.5697755813598633, 0.0, -2.0723241160138515, -5.559475963751086, -3.6686415049616055, -0.12070023569907562
64, 0.0006892681121826172, -3.118880033493042, 3.139009714126587, 1.5671786069869995, -0.0018658638000488281, -1.5697484016418457, 0.0, -2.0723056498056813, -5.5594686140585425, -3.668635813269847, -0.12070872027474255
65, 0.0006966590881347656, -3.118887424468994, 3.1390018463134766, 1.5671968460083008, -0.0018934011459350586, -1.5697665214538574, 0.0, -2.072294477872178, -5.5594643491455615, -3.668633031031427, -0.12069817560290463
66, 0.0006742477416992188, -3.11887264251709, 3.1390256881713867, 1.5671786069869995, -0.001902461051940918, -1.5697665214538574, 0.0, -2.0722854933553405, -5.559456998748462, -3.6686315173063435, -0.12070251866309878
67, 0.0006818771362304688, -3.11887264251709, 3.139009714126587, 1.567187786102295, -0.0018750429153442383, -1.5697665214538574, 0.0, -2.0722766191955184, -5.55945798806427, -3.668626640985913, -0.12070678685758995
68, 0.0006966590881347656, -3.118887424468994, 3.1390178203582764, 1.5672060251235962, -0.001902461051940918, -1.5697665214538574, 0.0, -2.072277756567835, -5.5594768930882, -3.6686270301893593, -0.12071014821098291
69, 0.0006892681121826172, -3.118880033493042, 3.139009714126587, 1.5671786069869995, -0.001902461051940918, -1.5697574615478516, 0.0, -2.0722807376966434, -5.559472300366419, -3.6686269309391966, -0.12070913675615902
70, 0.0006597042083740234, -3.118894577026367, 3.1390256881713867, 1.567169427871704, -0.001902461051940918, -1.5697846412658691, 0.0, -2.0722781095734915, -5.559474064620907, -3.6686242173536683, -0.12070011670435843
71, 0.0006742477416992188, -3.11887264251709, 3.139009714126587, 1.567187786102295, -0.0018934011459350586, -1.5697846412658691, 0.0, -2.072273628221585, -5.559484219799431, -3.6686211780116014, -0.12071394091974685
72, 0.0006818771362304688, -3.118894577026367, 3.139009714126587, 1.5671968460083008, -0.0018750429153442383, -1.5697574615478516, 0.0, -2.0722771065385253, -5.559477011245902, -3.668620241650915, -0.12070472750221839
73, 0.0006818771362304688, -3.118887424468994, 3.1390178203582764, 1.567169427871704, -0.0018934011459350586, -1.5697574615478516, 0.0, -2.0722804553023084, -5.559478114449915, -3.668620193576438, -0.12071321976091465
74, 0.0006742477416992188, -3.11887264251709, 3.139009714126587, 1.5671786069869995, -0.0018934011459350586, -1.5697755813598633, 0.0, -2.0722772729447945, -5.559473603627367, -3.668618992830434, -0.12069230196993619
75, 0.0006818771362304688, -3.118894577026367, 3.1390018463134766, 1.567187786102295, -0.0018750429153442383, -1.5697755813598633, 0.0, -2.072272544571711, -5.559471572238511, -3.668617509888554, -0.12069697896023435
76, 0.0006892681121826172, -3.118887424468994, 3.1390178203582764, 1.5671786069869995, -0.0018750429153442383, -1.5697755813598633, 0.0, -2.0722671174923892, -5.559480480276749, -3.6686155943343617, -0.120690636043709
77, 0.0006597042083740234, -3.118880033493042, 3.1390178203582764, 1.5671968460083008, -0.001902461051940918, -1.5697574615478516, 0.0, -2.0722645144778404, -5.559483217032118, -3.6686137124693112, -0.12068158624512115
78, 0.0006892681121826172, -3.118880033493042, 3.139009714126587, 1.567187786102295, -0.0018934011459350586, -1.5697665214538574, 0.0, -2.072266981708543, -5.559481099659965, -3.668613023515381, -0.1206794968960736
79, 0.0006742477416992188, -3.118880033493042, 3.1390178203582764, 1.5671968460083008, -0.0018934011459350586, -1.5697846412658691, 0.0, -2.0722726571444587, -5.559485559572006, -3.6686141784268775, -0.12068545332659131
80, 0.0006668567657470703, -3.118887424468994, 3.1390178203582764, 1.5671786069869995, -0.0018658638000488281, -1.5697574615478516, 0.0, -2.0722707312770154, -5.559485925754856, -3.6686113973471803, -0.12070157537764459
81, 0.0006892681121826172, -3.11887264251709, 3.1390018463134766, 1.567169427871704, -0.0019298791885375977, -1.5697484016418457, 0.0, -2.0722647323211687, -5.559476768285498, -3.6686102461121024, -0.1207083719608697
82, 0.0006818771362304688, -3.118880033493042, 3.139009714126587, 1.5671968460083008, -0.0018934011459350586, -1.5697846412658691, 0.0, -2.0722524236753355, -5.559478510204364, -3.668607585000039, -0.12071548065928894
83, 0.0006742477416992188, -3.1189022064208984, 3.139009714126587, 1.567187786102295, -0.0018842220306396484, -1.5697574615478516, 0.0, -2.072241747402537, -5.559487990955347, -3.668607565843749, -0.12071965241657256
84, 0.0006597042083740234, -3.11887264251709, 3.139009714126587, 1.5671968460083008, -0.001902461051940918, -1.5697388648986816, 0.0, -2.0722294981933653, -5.55948241666718, -3.668605948713672, -0.12073565522639296
85, 0.0006597042083740234, -3.118887424468994, 3.1390178203582764, 1.5671786069869995, -0.0018842220306396484, -1.5697574615478516, 0.0, -2.072216618699065, -5.559484303985462, -3.668601994206358, -0.12070776930375526
86, 0.0006668567657470703, -3.11887264251709, 3.1390178203582764, 1.567187786102295, -0.0018842220306396484, -1.5697574615478516, 0.0, -2.0722191968889905, -5.559491911432518, -3.6686031709259463, -0.1206929041331879
87, 0.0006668567657470703, -3.118887424468994, 3.1390018463134766, 1.567187786102295, -0.0018750429153442383, -1.5697298049926758, 0.0, -2.072213769637017, -5.559477967855941, -3.668602099900205, -0.12068209197286972
88, 0.0006668567657470703, -3.1189022064208984, 3.1390178203582764, 1.5671786069869995, -0.0018750429153442383, -1.5697755813598633, 0.0, -2.072209222781021, -5.559492378776843, -3.668599669993673, -0.12068416669585602
89, 0.0006818771362304688, -3.118887424468994, 3.1390178203582764, 1.5671786069869995, -0.0018750429153442383, -1.5697574615478516, 0.0, -2.0722032771559, -5.559496892582908, -3.668600253834392, -0.12068715569517341
90, 0.0006818771362304688, -3.118894577026367, 3.139009714126587, 1.5671786069869995, -0.0018750429153442383, -1.5697484016418457, 0.0, -2.0721995335131123, -5.5594917773257055, -3.6685980563884617, -0.12067586011811127
91, 0.0006742477416992188, -3.118887424468994, 3.139009714126587, 1.5671968460083008, -0.0018842220306396484, -1.5697484016418457, 0.0, -2.0721947405494845, -5.559496256356689, -3.6685942071019744, -0.12068327423517289
92, 0.0006892681121826172, -3.118894577026367, 3.1390018463134766, 1.5671786069869995, -0.0018934011459350586, -1.5697755813598633, 0.0, -2.0721894164770323, -5.55950833994351, -3.6685969392886157, -0.12067902042027878
93, 0.0006892681121826172, -3.11887264251709, 3.1390256881713867, 1.5671786069869995, -0.0018934011459350586, -1.5697665214538574, 0.0, -2.072192280861408, -5.559504744186411, -3.6685926523007693, -0.12067562212852323
94, 0.0006892681121826172, -3.118887424468994, 3.1390178203582764, 1.567187786102295, -0.0018658638000488281, -1.5697484016418457, 0.0, -2.0721769739192, -5.559505987278505, -3.6685884135757845, -0.12068325167554761
95, 0.0006742477416992188, -3.118880033493042, 3.139009714126587, 1.567169427871704, -0.0019208192825317383, -1.5697388648986816, 0.0, -2.0721642725732745, -5.559519014227111, -3.668588590178908, -0.12070058549312712
96, 0.0006818771362304688, -3.118894577026367, 3.139009714126587, 1.5671786069869995, -0.0018750429153442383, -1.5697665214538574, 0.0, -2.0721563864177037, -5.5595200712963, -3.668584876240038, -0.12069469550147449
97, 0.0006742477416992188, -3.118887424468994, 3.1390178203582764, 1.567187786102295, -0.0018750429153442383, -1.5697484016418457, 0.0, -2.0721340849293113, -5.559529543336065, -3.668582100817837, -0.12068614374385955
98, 0.0006892681121826172, -3.118887424468994, 3.1390178203582764, 1.5671968460083008, -0.0018658638000488281, -1.5697574615478516, 0.0, -2.072135656681519, -5.55952385901252, -3.6685837668128407, -0.12066664620355905
99, 0.0006818771362304688, -3.118887424468994, 3.139009714126587, 1.5671968460083008, -0.0018658638000488281, -1.5697388648986816, 0.0, -2.072130692535658, -5.559512197163831, -3.6685809197044845, -0.12066373132832009
100, 0.0006742477416992188, -3.118887424468994, 3.1390178203582764, 1.567187786102295, -0.0018750429153442383, -1.5697846412658691, 0.0, -2.0721215782911435, -5.559513534121823, -3.6685812958293593, -0.1206537144462887
101, 0.0006668567657470703, -3.118894577026367, 3.1390256881713867, 1.5671968460083008, -0.0018658638000488281, -1.5697388648986816, 0.0, -2.0721051854826285, -5.559519469578043, -3.6685767194512966, -0.12066405806563107
102, 0.0006597042083740234, -3.118880033493042, 3.1390178203582764, 1.5671968460083008, -0.0018842220306396484, -1.5697665214538574, 0.0, -2.072104895482438, -5.559508496444832, -3.6685774072751967, -0.12065458434656673
103, 0.0006818771362304688, -3.1189169883728027, 3.1390178203582764, 1.5671786069869995, -0.0018934011459350586, -1.5697665214538574, 0.0, -2.0720852706498656, -5.559528306992801, -3.6685749224174113, -0.12065980424847123
104, 0.0006668567657470703, -3.11887264251709, 3.139009714126587, 1.567187786102295, -0.0018934011459350586, -1.5697574615478516, 0.0, -2.0720825216086536, -5.55953012974048, -3.6685752377203187, -0.12065691168455928
105, 0.0006668567657470703, -3.118894577026367, 3.1390256881713867, 1.567187786102295, -0.0018842220306396484, -1.5697574615478516, 0.0, -2.07209088366736, -5.559518843250881, -3.668573013064202, -0.12065381087976945
106, 0.0006818771362304688, -3.1188652515411377, 3.1390178203582764, 1.567187786102295, -0.0018934011459350586, -1.5697755813598633, 0.0, -2.072077085496254, -5.559529549136823, -3.6685694039344834, -0.12068142931984038
107, 0.0006742477416992188, -3.118887424468994, 3.139009714126587, 1.567187786102295, -0.0018934011459350586, -1.5697755813598633, 0.0, -2.0720734409239854, -5.5595269972143475, -3.668572009716418, -0.12066202821451721
108, 0.0006742477416992188, -3.118894577026367, 3.1390178203582764, 1.567187786102295, -0.0018842220306396484, -1.5697484016418457, 0.0, -2.0720672535668125, -5.559515591570215, -3.6685692430344043, -0.12067439424874671
109, 0.0006742477416992188, -3.118880033493042, 3.1390178203582764, 1.5671786069869995, -0.0018568038940429688, -1.5697665214538574, 0.0, -2.072048273998087, -5.559529066489359, -3.668568448209739, -0.1206534169590654
110, 0.0006818771362304688, -3.118887424468994, 3.1390178203582764, 1.5671786069869995, -0.0019115209579467773, -1.5697574615478516, 0.0, -2.072049345807319, -5.559521570043, -3.6685700744547463, -0.12067117444864373
111, 0.0006742477416992188, -3.118887424468994, 3.139009714126587, 1.567187786102295, -0.0018750429153442383, -1.5697665214538574, 0.0, -2.072045193303522, -5.559523650713201, -3.668564448210138, -0.12067752480288085
112, 0.0006742477416992188, -3.118887424468994, 3.1390178203582764, 1.5672060251235962, -0.0018658638000488281, -1.5697846412658691, 0.0, -2.0720350858640755, -5.55952533170162, -3.6685603902958253, -0.1206770790692655
113, 0.0006742477416992188, -3.1188652515411377, 3.1390256881713867, 1.5671786069869995, -0.0018842220306396484, -1.5697665214538574, 0.0, -2.072044656714257, -5.559519000906736, -3.6685634326360717, -0.12068699877090516
114, 0.0006818771362304688, -3.118887424468994, 3.139009714126587, 1.5671968460083008, -0.0018934011459350586, -1.5697484016418457, 0.0, -2.072031671768681, -5.5595203574322305, -3.6685590686702954, -0.12067656590415865
115, 0.0006818771362304688, -3.118880033493042, 3.1390178203582764, 1.5671968460083008, -0.0018842220306396484, -1.5697665214538574, 0.0, -2.072031615059128, -5.559522364215758, -3.668558830524735, -0.12069781911318067
116, 0.0006742477416992188, -3.118887424468994, 3.139009714126587, 1.567187786102295, -0.0019115209579467773, -1.5697755813598633, 0.0, -2.0720382319841626, -5.559517580584683, -3.668559203065565, -0.12069883800544279
117, 0.0006818771362304688, -3.118894577026367, 3.1390018463134766, 1.567187786102295, -0.0018842220306396484, -1.5697574615478516, 0.0, -2.0720235567237038, -5.5595198947111015, -3.668554733658253, -0.12070144820473505
118, 0.0006818771362304688, -3.118894577026367, 3.139009714126587, 1.5671786069869995, -0.0019208192825317383, -1.5697665214538574, 0.0, -2.0720193810110716, -5.559518547170136, -3.6685566304408423, -0.12070695815916022
119, 0.0006742477416992188, -3.118887424468994, 3.1390256881713867, 1.5671968460083008, -0.0018658638000488281, -1.5697755813598633, 0.0, -2.072021011509612, -5.559507464445483, -3.668555643082523, -0.12070255609590053
120, 0.0006818771362304688, -3.118887424468994, 3.1390178203582764, 1.5671968460083008, -0.0018842220306396484, -1.5697665214538574, 0.0, -2.072009486658642, -5.559512672258104, -3.6685459389632236, -0.12068592930556576
121, 0.0006818771362304688, -3.118880033493042, 3.1390256881713867, 1.5671968460083008, -0.0018750429153442383, -1.5697574615478516, 0.0, -2.0720060265546345, -5.559514507518903, -3.668551074784706, -0.12067979388636019
122, 0.0006742477416992188, -3.118887424468994, 3.1390178203582764, 1.5671786069869995, -0.001902461051940918, -1.5697665214538574, 0.0, -2.072012117340585, -5.559510392395267, -3.668547697582258, -0.12068920835456076
123, 0.0006818771362304688, -3.118887424468994, 3.1390178203582764, 1.567187786102295, -0.0018842220306396484, -1.5697484016418457, 0.0, -2.072013021048032, -5.559515807922415, -3.668543432783399, -0.12067324322727924
124, 0.0006818771362304688, -3.1189022064208984, 3.139009714126587, 1.567187786102295, -0.0018842220306396484, -1.5697755813598633, 0.0, -2.072015353823309, -5.559513614023869, -3.668545995795676, -0.12067743704749923
125, 0.0006892681121826172, -3.1189022064208984, 3.1390178203582764, 1.567187786102295, -0.0019208192825317383, -1.5697665214538574, 0.0, -2.0720139458036613, -5.559500857194641, -3.6685454118905927, -0.12067642608891482
126, 0.0006818771362304688, -3.1188652515411377, 3.1390178203582764, 1.567187786102295, -0.0018658638000488281, -1.5697665214538574, 0.0, -2.0719932731893214, -5.55949335195506, -3.6685374697512985, -0.12066930945966536
127, 0.0006668567657470703, -3.118887424468994, 3.1390178203582764, 1.5671786069869995, -0.0018750429153442383, -1.5697388648986816, 0.0, -2.071999122297855, -5.559489131940031, -3.6685385894833806, -0.1206622379516924
128, 0.000652313232421875, -3.118880033493042, 3.1390178203582764, 1.567187786102295, -0.0018842220306396484, -1.5697388648986816, 0.0, -2.0719995766709203, -5.5594954284262705, -3.6685375746699314, -0.12065849011383811
129, 0.0006892681121826172, -3.118880033493042, 3.139009714126587, 1.5671786069869995, -0.0018934011459350586, -1.5697574615478516, 0.0, -2.0720038028659777, -5.559493839392002, -3.668535487882187, -0.12065994780038647
130, 0.0005786418914794922, -3.1141159534454346, 3.1359896659851074, 1.5671511888504028, -0.0018934011459350586, -1.5698304176330566, 0.0, -2.0720019434623036, -5.559494615081822, -3.6687631536394973, -0.1206865560112318
131, 0.00015807151794433594, -3.103835344314575, 3.1282079219818115, 1.5671055316925049, -0.001829385757446289, -1.5697574615478516, 0.0, -2.0719782617396425, -5.559503886892213, -3.669408986431303, -0.12070570004386116
132, 0.0002834796905517578, -3.0855603218078613, 3.112987995147705, 1.567096471786499, -0.0018203258514404297, -1.5698580741882324, 0.0, -2.0720477819452405, -5.559503407217648, -3.6699268361976394, -0.12076179160461731
133, 0.0003426074981689453, -3.0579190254211426, 3.090146064758301, 1.5670690536499023, -0.0017288923263549805, -1.5698671340942383, 0.0, -2.072142037364198, -5.55951488980868, -3.670348337046138, -0.12085249266393028
134, 0.00021719932556152344, -3.026848554611206, 3.063988447189331, 1.5671055316925049, -0.00179290771484375, -1.5698490142822266, 0.0, -2.0722380285381004, -5.559464671750479, -3.6708595276319453, -0.12093488657224238
135, 0.0002834796905517578, -2.9733805656433105, 3.0228426456451416, 1.5671602487564087, -0.001756429672241211, -1.5697755813598633, 0.0, -2.0725819861006136, -5.55949750284297, -3.671428586885026, -0.1209906465812578
136, 0.0003647804260253906, -2.914344310760498, 2.9818806648254395, 1.567169427871704, -0.001975417137145996, -1.5697484016418457, 0.0, -2.073055015732537, -5.559507432254615, -3.6718764518212734, -0.12099299420100351
137, 0.0003941059112548828, -2.874859094619751, 2.9552037715911865, 1.5671968460083008, -0.0019298791885375977, -1.5697388648986816, 0.0, -2.0733837635765022, -5.559485179891437, -3.6720901355360405, -0.12099616450143635
138, 0.0008218288421630859, -2.822460412979126, 2.919011354446411, 1.567169427871704, -0.0024868249893188477, -1.5687899589538574, 0.0, -2.073853957582462, -5.559385699090663, -3.672212316188344, -0.12093419468200839
139, 0.0009622573852539062, -2.777082681655884, 2.887396812438965, 1.5626862049102783, -0.010576725006103516, -1.5591201782226562, 0.0, -2.074248538405106, -5.559402245947756, -3.672257710023714, -0.12081014772740772
140, 0.000762939453125, -2.7399351596832275, 2.8621022701263428, 1.5451641082763672, -0.021451592445373535, -1.5419816970825195, 0.0, -2.0745768378528524, -5.559315123407137, -3.672304219583827, -0.12058717063417657
141, 0.0005123615264892578, -2.71053147315979, 2.8447890281677246, 1.5198991298675537, -0.03242695331573486, -1.5173373222351074, 0.0, -2.0747251937200133, -5.559291061733724, -3.672231291796771, -0.12043311730716866
142, 0.0007410049438476562, -2.687307834625244, 2.8361363410949707, 1.4833117723464966, -0.044927000999450684, -1.4808502197265625, 0.0, -2.074760818017497, -5.559275137814921, -3.6720274823927954, -0.12053334889754286
143, 0.0007481575012207031, -2.6781039237976074, 2.836991310119629, 1.4497103691101074, -0.05269730091094971, -1.4476232528686523, 0.0, -2.074676289446596, -5.559217563032098, -3.671930136424058, -0.12062908590180133
144, 0.0004973411560058594, -2.6765332221984863, 2.8456759452819824, 1.396358847618103, -0.06346261501312256, -1.3962807655334473, 0.0, -2.0743638284783463, -5.559128830808386, -3.67180943396219, -0.12060417946316893
145, 0.000431060791015625, -2.6798224449157715, 2.857172727584839, 1.3431442975997925, -0.07355201244354248, -1.3438057899475098, 0.0, -2.074087764853796, -5.5592239207543885, -3.6717521313690313, -0.12063524631886136
146, 0.00031304359436035156, -2.6838490962982178, 2.8744139671325684, 1.2559266090393066, -0.08715713024139404, -1.2575011253356934, 0.0, -2.0738224469466893, -5.559066262733806, -3.671739488921317, -0.1206971245077968
147, 0.00032782554626464844, -2.6848297119140625, 2.88249135017395, 1.2076336145401, -0.09333860874176025, -1.2093358039855957, 0.0, -2.073778622935565, -5.559010490489353, -3.6717086268215886, -0.12067192234296353
148, 0.00037932395935058594, -2.6853902339935303, 2.8899855613708496, 1.156245231628418, -0.09993112087249756, -1.1574268341064453, 0.0, -2.0737658561593117, -5.559065166994571, -3.6716952285232116, -0.12066357830565622
149, 0.00037932395935058594, -2.6858034133911133, 2.901242733001709, 1.054025411605835, -0.11252248287200928, -1.0561842918395996, 0.0, -2.0738129156425225, -5.559048768720077, -3.671736640352646, -0.1206514886661667
150, 0.0002760887145996094, -2.6855525970458984, 2.908449172973633, 0.9546545743942261, -0.12336099147796631, -0.9568226337432861, 0.0, -2.073827850713945, -5.558947225415323, -3.6717163074593038, -0.12052388259581459
151, 0.00034999847412109375, -2.6848669052124023, 2.9122283458709717, 0.8747231960296631, -0.1313413381576538, -0.8768000602722168, 0.0, -2.0738532928605697, -5.559015998213177, -3.6716998905052574, -0.12052695468509
152, 0.0003573894500732422, -2.6834213733673096, 2.915463924407959, 0.774667501449585, -0.14216125011444092, -0.776954174041748, 0.0, -2.0738905356681983, -5.559029800024963, -3.671713321969682, -0.1206083309405086
153, 0.000209808349609375, -2.6813416481018066, 2.917085886001587, 0.6756343841552734, -0.15177595615386963, -0.6771817207336426, 0.0, -2.0738821871030275, -5.558933300948046, -3.6716784411639254, -0.12065381900776107
154, 0.0002760887145996094, -2.6785757541656494, 2.9172935485839844, 0.5856773853302002, -0.16120827198028564, -0.5848870277404785, 0.0, -2.0739021246538063, -5.559034422965576, -3.671657076535686, -0.12082877161214256
155, 0.0004162788391113281, -2.67537522315979, 2.91683030128479, 0.5022032260894775, -0.17246639728546143, -0.5003809928894043, 0.0, -2.0739185139050975, -5.559093233571192, -3.6716636616237097, -0.12095448184027902
156, 0.0002467632293701172, -2.670691967010498, 2.91538405418396, 0.40511512756347656, -0.18556010723114014, -0.40163111686706543, 0.0, -2.073895250101587, -5.558996969418091, -3.671613865064082, -0.12086775356996782
157, 0.0003349781036376953, -2.6667096614837646, 2.9142255783081055, 0.3366520404815674, -0.1954580545425415, -0.33280277252197266, 0.0, -2.07390973998368, -5.559099945225182, -3.6715898069879627, -0.12085165429019096
158, 0.0004456043243408203, -2.6629631519317627, 2.913442611694336, 0.2749366760253906, -0.20631468296051025, -0.27005577087402344, 0.0, -2.0739179058374875, -5.559116368023886, -3.6715912195424463, -0.12087540662487761
159, 0.00032782554626464844, -2.6593494415283203, 2.9129552841186523, 0.21899199485778809, -0.2157648801803589, -0.21399235725402832, 0.0, -2.0739013260527397, -5.559005079296183, -3.67156068050205, -0.12076105251318392
160, 4.744529724121094e-05, -2.653331756591797, 2.913051128387451, 0.17058038711547852, -0.2273794412612915, -0.16542553901672363, 0.0, -2.0737551030991495, -5.559091251472955, -3.6713710565850963, -0.12067426433572148
161, -0.0007119178771972656, -2.6425938606262207, 2.917405366897583, 0.1603994369506836, -0.24701988697052002, -0.15285229682922363, 0.0, -2.0735122039670486, -5.559095818349048, -3.6695403661164168, -0.12053257702541753
162, -0.003846406936645508, -2.6308529376983643, 2.9231977462768555, 0.1469588279724121, -0.2549360990524292, -0.14091825485229492, 0.0, -2.0737141567464628, -5.558874013361934, -3.6666975181764223, -0.12008959934476149
163, -0.008020639419555664, -2.6120100021362305, 2.939704179763794, 0.12809467315673828, -0.2866019010543823, -0.11974382400512695, 0.0, -2.0738166469165416, -5.5587259989578905, -3.6604711050739533, -0.11994760207184463
164, -0.00817561149597168, -2.604583501815796, 2.9459118843078613, 0.12062549591064453, -0.2979971170425415, -0.11290502548217773, 0.0, -2.073867881733454, -5.558670694453136, -3.6578490684988805, -0.12008999574371604
165, -0.008234500885009766, -2.5879530906677246, 2.9578802585601807, 0.10815286636352539, -0.32254087924957275, -0.09960126876831055, 0.0, -2.0741095791783666, -5.558568758007674, -3.6523713475411004, -0.12035111569167167
166, -0.009289026260375977, -2.5705628395080566, 2.966836452484131, 0.09809064865112305, -0.3452492952346802, -0.08914637565612793, 0.0, -2.0744133959028552, -5.558487814541746, -3.647417436389991, -0.12049099122687235
167, -0.010528087615966797, -2.5477819442749023, 2.9751133918762207, 0.08773612976074219, -0.37365543842315674, -0.07962298393249512, 0.0, -2.074802408662313, -5.558408685269684, -3.641787554520796, -0.12069964096341668
168, -0.01100015640258789, -2.52660870552063, 2.9803147315979004, 0.0803220272064209, -0.3977607488632202, -0.07105827331542969, 0.0, -2.075159103707094, -5.558372432595914, -3.6369923173530774, -0.12088238978262922
169, -0.01210641860961914, -2.500980854034424, 2.98486065864563, 0.07203102111816406, -0.42721688747406006, -0.0622560977935791, 0.0, -2.0755681347220722, -5.558393922635106, -3.6318319667012267, -0.12105112046383493
170, -0.012939691543579102, -2.481724977493286, 2.987321376800537, 0.06644320487976074, -0.44900310039520264, -0.057024240493774414, 0.0, -2.0758830564636797, -5.558419535623881, -3.628246688561521, -0.12112454929595895
171, -0.014193296432495117, -2.461090087890625, 2.989063024520874, 0.0617680549621582, -0.4701772928237915, -0.05197477340698242, 0.0, -2.076251946991566, -5.5584497577878444, -3.6244774339880155, -0.12120744239882075
172, -0.015218734741210938, -2.4435672760009766, 2.9905571937561035, 0.05665469169616699, -0.48805558681488037, -0.048386335372924805, 0.0, -2.0765443850083134, -5.55849441732824, -3.6211104734084114, -0.12122628723430662
173, -0.01608872413635254, -2.427497148513794, 2.99234676361084, 0.05363273620605469, -0.5058974027633667, -0.04352879524230957, 0.0, -2.076796421841458, -5.558584072821941, -3.617785998935512, -0.12130392410805779
174, -0.01790308952331543, -2.4143993854522705, 2.994703769683838, 0.048601388931274414, -0.5218580961227417, -0.03941082954406738, 0.0, -2.076967621754402, -5.558690186672976, -3.6150362720812126, -0.12128524146533426
175, -0.019038677215576172, -2.4025626182556152, 2.9969167709350586, 0.04703116416931152, -0.5338925123214722, -0.036388397216796875, 0.0, -2.077076142184709, -5.558793321041277, -3.612847921518806, -0.12127277405438797
176, -0.019341230392456055, -2.391205310821533, 2.9988021850585938, 0.04503130912780762, -0.54572594165802, -0.03451657295227051, 0.0, -2.0771867181829853, -5.55886618491793, -3.6113589213982165, -0.12139760311756387
177, -0.020521163940429688, -2.373372793197632, 3.000727653503418, 0.040091514587402344, -0.559623122215271, -0.0324711799621582, 0.0, -2.0775050417759835, -5.558947274165767, -3.609506423321428, -0.12147851709589208
178, -0.021044492721557617, -2.3669638633728027, 3.0012869834899902, 0.03977203369140625, -0.5649281740188599, -0.031859397888183594, 0.0, -2.077660038652833, -5.558957134680971, -3.60894701301632, -0.12144260277783925
179, -0.02152395248413086, -2.3557982444763184, 3.002189874649048, 0.03970813751220703, -0.5741046667098999, -0.03171348571777344, 0.0, -2.0779289268677554, -5.558957347113522, -3.6081044927746215, -0.12145968093454496
180, -0.0215756893157959, -2.345141649246216, 3.0032525062561035, 0.03966236114501953, -0.5837835073471069, -0.03165864944458008, 0.0, -2.0781732055937, -5.558936635273472, -3.607438404122231, -0.12148216458890015
181, -0.021583080291748047, -2.331815242767334, 3.0042831897735596, 0.039415836334228516, -0.5950051546096802, -0.0315854549407959, 0.0, -2.0784596599223137, -5.558890688463379, -3.606743076084978, -0.12151133533161396
182, -0.021804332733154297, -2.322124481201172, 3.004826307296753, 0.038301944732666016, -0.6020632982254028, -0.0315854549407959, 0.0, -2.0786548736607724, -5.558838324802513, -3.6062581731689183, -0.12151067680422756
183, -0.021973848342895508, -2.312964916229248, 3.0055854320526123, 0.03688669204711914, -0.6118696928024292, -0.03157639503479004, 0.0, -2.0788353280140477, -5.558781175599206, -3.6058133393508216, -0.12144111768081967
184, -0.022040128707885742, -2.3027431964874268, 3.00576114654541, 0.03583645820617676, -0.6198958158493042, -0.03157639503479004, 0.0, -2.0789958339926655, -5.558714503825829, -3.6053928815254945, -0.12142432317342511
185, -0.0220181941986084, -2.2930452823638916, 3.0055932998657227, 0.0345308780670166, -0.6259497404098511, -0.03155803680419922, 0.0, -2.079117679957153, -5.55863248701324, -3.6050215227152465, -0.12144899660826614
186, -0.021605253219604492, -2.284003734588623, 3.005457639694214, 0.03412890434265137, -0.6337836980819702, -0.03155803680419922, 0.0, -2.079221507465372, -5.558534644942843, -3.604667572381764, -0.12159025756697517
187, -0.021251201629638672, -2.2771377563476562, 3.005281686782837, 0.03411984443664551, -0.640175461769104, -0.03150343894958496, 0.0, -2.07927479942922, -5.558461657699933, -3.604444058410561, -0.12165205235776178
188, -0.021022558212280273, -2.2684426307678223, 3.004746437072754, 0.03408336639404297, -0.6462565660476685, -0.03155803680419922, 0.0, -2.079311390782891, -5.558391221998216, -3.6042232181794933, -0.12168173838267826
189, -0.020963668823242188, -2.259880304336548, 3.0039076805114746, 0.03405594825744629, -0.6509131193161011, -0.0315399169921875, 0.0, -2.0793000978250933, -5.558371700656761, -3.6041660807699794, -0.12161156291602371
190, -0.020425081253051758, -2.248486042022705, 3.00205397605896, 0.03406524658203125, -0.6565195322036743, -0.03150343894958496, 0.0, -2.079276285660705, -5.55837274183699, -3.604257428222334, -0.12145728154951652
191, -0.020034313201904297, -2.238382577896118, 2.99977707862854, 0.03404688835144043, -0.6598159074783325, -0.03152155876159668, 0.0, -2.0792603073716527, -5.5583877149553915, -3.6044117231674813, -0.1212696804748159
192, -0.019968032836914062, -2.2274601459503174, 2.9971964359283447, 0.03408336639404297, -0.6662348508834839, -0.03155803680419922, 0.0, -2.0792716299050547, -5.558406278587587, -3.604566946869027, -0.12105100828503002
193, -0.01989436149597168, -2.215571880340576, 2.9942562580108643, 0.03402876853942871, -0.6740142107009888, -0.03153085708618164, 0.0, -2.079308991991032, -5.558433487658198, -3.604690337306796, -0.12091671622473399
194, -0.01886892318725586, -2.200925350189209, 2.9904613494873047, 0.03403782844543457, -0.6841312646865845, -0.03151249885559082, 0.0, -2.079439573989924, -5.558446716086579, -3.604819035449177, -0.12105931973595929
195, -0.017843961715698242, -2.18911075592041, 2.9866902828216553, 0.03401947021484375, -0.6884318590164185, -0.03152155876159668, 0.0, -2.0795687050929286, -5.558440465291193, -3.6049309852469134, -0.12121679869673674
196, -0.017386913299560547, -2.173638105392456, 2.981592893600464, 0.03402876853942871, -0.6972705125808716, -0.03150343894958496, 0.0, -2.079718035368009, -5.558424528843645, -3.6051223875033536, -0.12141428241549423
197, -0.016737699508666992, -2.160879611968994, 2.9774065017700195, 0.03400135040283203, -0.7077618837356567, -0.0315399169921875, 0.0, -2.079833399612279, -5.558402971810889, -3.605278898249084, -0.1215874149375944
198, -0.015483856201171875, -2.144824504852295, 2.9726767539978027, 0.03401947021484375, -0.7189837694168091, -0.0315399169921875, 0.0, -2.079969810583253, -5.5583720584180085, -3.6053707789876195, -0.12177753296940264
199, -0.014562129974365234, -2.1284520626068115, 2.967787027359009, 0.03402876853942871, -0.7299591302871704, -0.03155803680419922, 0.0, -2.0801026881267703, -5.558331050718734, -3.605467865609325, -0.1218904450479883
200, -0.013979434967041016, -2.1080825328826904, 2.9613237380981445, 0.03401947021484375, -0.7438286542892456, -0.0315854549407959, 0.0, -2.0802716232903573, -5.558259648569972, -3.605689562727821, -0.12182079597869144
201, -0.013684511184692383, -2.0873665809631348, 2.9540293216705322, 0.03401041030883789, -0.7548588514328003, -0.0316312313079834, 0.0, -2.0804341390257406, -5.558190011766684, -3.605840684356411, -0.12176269578318522
202, -0.013175725936889648, -2.0674543380737305, 2.9467029571533203, 0.03401947021484375, -0.7666648626327515, -0.03160381317138672, 0.0, -2.0805506337561726, -5.558143601305122, -3.605938878358785, -0.1217332363621173
203, -0.012688875198364258, -2.0531764030456543, 2.941309928894043, 0.03403782844543457, -0.7763983011245728, -0.03164052963256836, 0.0, -2.0805980838509246, -5.558111505639647, -3.606014573377161, -0.12173828066258618
204, -0.01223897933959961, -2.0345253944396973, 2.9335920810699463, 0.03403782844543457, -0.7870723009109497, -0.03164958953857422, 0.0, -2.0806575390424342, -5.558080911102382, -3.6061240359188433, -0.12171364332151757
205, -0.011766910552978516, -2.0139713287353516, 2.925291061401367, 0.03404688835144043, -0.8017181158065796, -0.03164958953857422, 0.0, -2.080714199431376, -5.558067813332663, -3.606214220800077, -0.12171776376645038
206, -0.011479377746582031, -2.0004754066467285, 2.9195547103881836, 0.03402876853942871, -0.8099178075790405, -0.03162217140197754, 0.0, -2.0807364018593284, -5.558081809578639, -3.6062473475485826, -0.12174027108188668
207, -0.011346817016601562, -1.9869718551635742, 2.913738250732422, 0.03404688835144043, -0.8173137903213501, -0.03161287307739258, 0.0, -2.080748067252417, -5.558091864212, -3.6062801631844987, -0.12171979999587279
208, -0.011250734329223633, -1.9693975448608398, 2.906156301498413, 0.03404688835144043, -0.8279420137405396, -0.0316312313079834, 0.0, -2.080742324040665, -5.558098799424264, -3.6063076496333974, -0.12169044266386386
209, -0.011140108108520508, -1.9547582864761353, 2.899437189102173, 0.03404688835144043, -0.8368171453475952, -0.03162217140197754, 0.0, -2.080728786988812, -5.558108685750173, -3.6063389366512038, -0.12171540347475229
210, -0.011088371276855469, -1.9391677379608154, 2.8915915489196777, 0.03404688835144043, -0.8431721925735474, -0.03159475326538086, 0.0, -2.080696562715245, -5.55811318185697, -3.606376557700023, -0.12173597472576159
211, -0.01105189323425293, -1.924897313117981, 2.8837296962738037, 0.03403782844543457, -0.8482214212417603, -0.03161287307739258, 0.0, -2.0806646236528623, -5.55810827543201, -3.6064270709376705, -0.1217237923305099
212, -0.011095762252807617, -1.9114160537719727, 2.8759400844573975, 0.03403782844543457, -0.8546954393386841, -0.03162217140197754, 0.0, -2.0806220033564187, -5.558119092919333, -3.6065028807146273, -0.12178038755110965
213, -0.011081218719482422, -1.9001398086547852, 2.86902117729187, 0.03403782844543457, -0.8600186109542847, -0.0316312313079834, 0.0, -2.0805969976829894, -5.558113271178342, -3.606545513934819, -0.12178793052222314
214, -0.011162519454956055, -1.8870049715042114, 2.860895872116089, 0.03403782844543457, -0.8648306131362915, -0.03161287307739258, 0.0, -2.080585330771693, -5.558083533204801, -3.6065712673215184, -0.1218023407267621
215, -0.011206388473510742, -1.873575210571289, 2.852658748626709, 0.03403782844543457, -0.8702908754348755, -0.03162217140197754, 0.0, -2.080580682501544, -5.558048754082298, -3.606582794156302, -0.12178598270161789
216, -0.011295080184936523, -1.8603373765945435, 2.8442776203155518, 0.03404688835144043, -0.8736876249313354, -0.0316312313079834, 0.0, -2.0805715929558697, -5.558027148766172, -3.606611930239102, -0.12174829449405333
217, -0.011413097381591797, -1.8494665622711182, 2.837015151977539, 0.03402876853942871, -0.876207709312439, -0.03162217140197754, 0.0, -2.0805294789286815, -5.558020865371854, -3.606680550760385, -0.12173695646081573
218, -0.011538267135620117, -1.8394958972930908, 2.8298566341400146, 0.03406524658203125, -0.8795677423477173, -0.03160381317138672, 0.0, -2.080487547839715, -5.558019730761547, -3.60676390424176, -0.12168356646104783
219, -0.01166391372680664, -1.827976107597351, 2.821667432785034, 0.03406524658203125, -0.8831106424331665, -0.03160381317138672, 0.0, -2.0804548219671566, -5.558001524559385, -3.6068240211608296, -0.12161217876140817
220, -0.011781930923461914, -1.8175259828567505, 2.8144609928131104, 0.03405594825744629, -0.8878494501113892, -0.03159475326538086, 0.0, -2.0804458428121526, -5.557998061772381, -3.6068371224515703, -0.1215760348868864
221, -0.011944055557250977, -1.806876540184021, 2.807262420654297, 0.03404688835144043, -0.891584038734436, -0.03157639503479004, 0.0, -2.0804240149495077, -5.557994422144997, -3.6068295464031954, -0.1215387862342876
222, -0.012180089950561523, -1.7943392992019653, 2.7989373207092285, 0.03404688835144043, -0.895793080329895, -0.03156733512878418, 0.0, -2.0803523265282564, -5.557985930144516, -3.6068233260182687, -0.12152931846912729
223, -0.012312650680541992, -1.783667802810669, 2.791579008102417, 0.03403782844543457, -0.8981214761734009, -0.03156733512878418, 0.0, -2.080281605489731, -5.557974366510355, -3.606840069171713, -0.12159426752718616
224, -0.012430667877197266, -1.7719712257385254, 2.783198118209839, 0.03402876853942871, -0.9004501104354858, -0.03156733512878418, 0.0, -2.080211911895507, -5.557957770581418, -3.6068853635201297, -0.12167137128375405
225, -0.012622594833374023, -1.7612775564193726, 2.776151418685913, 0.03402876853942871, -0.9043213129043579, -0.03156733512878418, 0.0, -2.0801472887466184, -5.557941350210546, -3.6069302453757426, -0.12173798438192218
226, -0.012703657150268555, -1.74848210811615, 2.7678184509277344, 0.03402876853942871, -0.9094072580337524, -0.0315399169921875, 0.0, -2.0801182018470503, -5.557900056618382, -3.6069554880467316, -0.12169431538208197
227, -0.012792110443115234, -1.7351924180984497, 2.7595412731170654, 0.03403782844543457, -0.9151688814163208, -0.03153085708618164, 0.0, -2.0801070671124697, -5.557877204944084, -3.606965839116962, -0.12170249726865112
228, -0.012888193130493164, -1.7240710258483887, 2.7522788047790527, 0.03404688835144043, -0.919615626335144, -0.03155803680419922, 0.0, -2.080088759872461, -5.557850230806205, -3.6069805688554712, -0.1217067418781621
229, -0.013050317764282227, -1.7143510580062866, 2.746222734451294, 0.03405594825744629, -0.9242995977401733, -0.03155803680419922, 0.0, -2.0800656613229083, -5.557828705216373, -3.6070024117582493, -0.12169178505660483
230, -0.013522148132324219, -1.6976393461227417, 2.7366673946380615, 0.03404688835144043, -0.9318419694900513, -0.0315399169921875, 0.0, -2.080074231947735, -5.557798087629817, -3.6070163638571184, -0.12168639930067737
231, -0.013876199722290039, -1.6833690404891968, 2.7286219596862793, 0.03402876853942871, -0.9354575872421265, -0.03153085708618164, 0.0, -2.080116036904737, -5.5577584918535745, -3.6070045214580975, -0.12164404597134038
232, -0.014016389846801758, -1.6662222146987915, 2.719106435775757, 0.03401947021484375, -0.941200852394104, -0.03147602081298828, 0.0, -2.080194775493509, -5.557695155816959, -3.60700292502802, -0.12162998859834584
233, -0.013994455337524414, -1.647099256515503, 2.708160877227783, 0.03403782844543457, -0.9496012926101685, -0.03147602081298828, 0.0, -2.080313876751143, -5.557650088413962, -3.6070350476672113, -0.12168675931861372
234, -0.01423025131225586, -1.6345101594924927, 2.700714588165283, 0.03402876853942871, -0.9556185007095337, -0.0313115119934082, 0.0, -2.080388426748699, -5.557624119479026, -3.607059013715195, -0.12169112609325694
235, -0.014724493026733398, -1.6175848245620728, 2.6907758712768555, 0.03403782844543457, -0.9625121355056763, -0.030298233032226562, 0.0, -2.0804813356874194, -5.5575562396152955, -3.607105668247397, -0.12158258771544705
236, -0.015063762664794922, -1.604449987411499, 2.683217763900757, 0.03402876853942871, -0.9669862985610962, -0.027796268463134766, 0.0, -2.080560562407276, -5.557523460673106, -3.6071344710100157, -0.12155581953409378
237, -0.015144586563110352, -1.5865733623504639, 2.673198938369751, 0.03403782844543457, -0.9729031324386597, -0.026709556579589844, 0.0, -2.0806791608317226, -5.557502980550811, -3.6071601631770793, -0.12158591317099177
238, -0.015240669250488281, -1.568268895149231, 2.6632838249206543, 0.03403782844543457, -0.9811025857925415, -0.026654958724975586, 0.0, -2.0807979153702303, -5.5574773235121615, -3.6072200285787948, -0.12160826590008789
239, -0.015720129013061523, -1.5492488145828247, 2.653193235397339, 0.03402876853942871, -0.989174485206604, -0.026673078536987305, 0.0, -2.0809242800163914, -5.557416674934349, -3.6073168139962495, -0.12157154574411067
240, -0.016317367553710938, -1.5322940349578857, 2.6441650390625, 0.03399205207824707, -0.9956022500991821, -0.026645898818969727, 0.0, -2.0810579718362257, -5.557341308285354, -3.607429571518699, -0.12154054904108857
241, -0.01656818389892578, -1.5147490501403809, 2.6348652839660645, 0.03398299217224121, -1.0015100240707397, -0.026627540588378906, 0.0, -2.081719253472519, -5.557300644264073, -3.6077268595831966, -0.1216113567658752
242, -0.016464948654174805, -1.494438648223877, 2.624439001083374, 0.03400135040283203, -1.0113896131515503, -0.026627540588378906, 0.0, -2.0820929970337687, -5.557245007631245, -3.6079584440641326, -0.1217583298332503
243, -0.016509056091308594, -1.4733095169067383, 2.614356279373169, 0.03395557403564453, -1.0233055353164673, -0.026618480682373047, 0.0, -2.082206967651351, -5.557149113290156, -3.6081252347676003, -0.12179151751071249
244, -0.01679682731628418, -1.451701045036316, 2.603977918624878, 0.03395557403564453, -1.0331484079360962, -0.026554584503173828, 0.0, -2.0829696955955397, -5.557077282546713, -3.6084777968474038, -0.1216788911919684
245, -0.017121315002441406, -1.4323935508728027, 2.594949960708618, 0.03392839431762695, -1.043256402015686, -0.02651810646057129, 0.0, -2.0831422497409573, -5.557036205072548, -3.6086304246717362, -0.12154277739475017
246, -0.017313003540039062, -1.409877896308899, 2.5849549770355225, 0.03390097618103027, -1.0576921701431274, -0.02635359764099121, 0.0, -2.083239067038987, -5.556964579173005, -3.608836170419175, -0.12151641299093008
247, -0.017342567443847656, -1.390378713607788, 2.5761027336120605, 0.03387331962585449, -1.0677543878555298, -0.02480149269104004, 0.0, -2.083837885858081, -5.5569102202367295, -3.6091687730620077, -0.12155534005262236
248, -0.01728343963623047, -1.3708131313323975, 2.5675299167633057, 0.03387331962585449, -1.0809026956558228, -0.0225369930267334, 0.0, -2.0839060044963493, -5.556855849700476, -3.6093724414913324, -0.12159588976331381
249, -0.017276287078857422, -1.3489832878112793, 2.558166265487671, 0.03387331962585449, -1.0956579446792603, -0.02123117446899414, 0.0, -2.0839087675359984, -5.556814956431822, -3.609690638108945, -0.12160593700724487
250, -0.017253875732421875, -1.3306418657302856, 2.5503766536712646, 0.03386425971984863, -1.1084779500961304, -0.021185636520385742, 0.0, -2.084415623195333, -5.556792372232434, -3.610174275955867, -0.12158296260497625
251, -0.017253875732421875, -1.3106485605239868, 2.5421953201293945, 0.03386425971984863, -1.1239181756973267, -0.0211946964263916, 0.0, -2.0843431836309345, -5.556733517648842, -3.6106218322083494, -0.12148618866798966
252, -0.017246484756469727, -1.2953382730484009, 2.5351245403289795, 0.033827781677246094, -1.1307388544082642, -0.02120375633239746, 0.0, -2.084311339069301, -5.556700592335241, -3.611141234542475, -0.12141429013772598
253, -0.017261266708374023, -1.281148910522461, 2.527886152267456, 0.03386425971984863, -1.1369022130966187, -0.021213054656982422, 0.0, -2.0847130882002856, -5.5566897818879735, -3.611877273723961, -0.12136269431738711
254, -0.01735711097717285, -1.2664064168930054, 2.5190658569335938, 0.03381848335266113, -1.143394112586975, -0.021167278289794922, 0.0, -2.0845628130487848, -5.556639257762753, -3.6126324335427578, -0.12130986430337565
255, -0.017423629760742188, -1.2541861534118652, 2.510596990585327, 0.03384590148925781, -1.1477769613265991, -0.021167278289794922, 0.0, -2.0845596535371826, -5.556612791083511, -3.613427552373867, -0.12128575345772052
256, -0.017467737197875977, -1.241855502128601, 2.5014169216156006, 0.03381848335266113, -1.1521962881088257, -0.021149158477783203, 0.0, -2.084924469728813, -5.556568266776582, -3.6143770024054835, -0.12129399682932629
257, -0.017467737197875977, -1.2260583639144897, 2.4888734817504883, 0.03381848335266113, -1.156561017036438, -0.021149158477783203, 0.0, -2.0848118713027586, -5.556516727352939, -3.6155360760773716, -0.12133609609269325
258, -0.017489910125732422, -1.2138749361038208, 2.478822708129883, 0.033827781677246094, -1.1600762605667114, -0.021121740341186523, 0.0, -2.0849603028473815, -5.556465540624508, -3.616591335734484, -0.12136639934478399
259, -0.017497539520263672, -1.2017064094543457, 2.468708038330078, 0.03380942344665527, -1.1638563871383667, -0.021112680435180664, 0.0, -2.0853524687594285, -5.556423644218777, -3.6177707997288784, -0.12139049048058403
260, -0.017512083053588867, -1.1883726119995117, 2.4572670459747314, 0.033800363540649414, -1.166814923286438, -0.021149158477783203, 0.0, -2.0852623504075916, -5.556351440757138, -3.6190663216643753, -0.12140366511123091
261, -0.017571210861206055, -1.1776347160339355, 2.4476158618927, 0.033791303634643555, -1.169791340827942, -0.021140098571777344, 0.0, -2.0854158691178437, -5.5563266242068625, -3.6203426322367855, -0.12142618580100972
262, -0.017667055130004883, -1.166019320487976, 2.436734199523926, 0.033772945404052734, -1.1718186140060425, -0.021112680435180664, 0.0, -2.08572090093265, -5.556290096623528, -3.621905937666214, -0.12150045894552353
263, -0.017770051956176758, -1.1563727855682373, 2.4273386001586914, 0.033745527267456055, -1.171772837638855, -0.021130800247192383, 0.0, -2.0856098987850498, -5.5561932268674035, -3.6232587833206886, -0.12152655604136076
264, -0.017940044403076172, -1.1466379165649414, 2.4180867671966553, 0.03371834754943848, -1.1717637777328491, -0.021130800247192383, 0.0, -2.085801262978137, -5.556179146007523, -3.6247724034307014, -0.12148719643058925
265, -0.01820516586303711, -1.135627269744873, 2.4076924324035645, 0.0336909294128418, -1.1718093156814575, -0.021158218383789062, 0.0, -2.086108800336394, -5.556173957141901, -3.6265160293010013, -0.12142217150358015
266, -0.018655061721801758, -1.08724045753479, 2.357414484024048, 0.03349900245666504, -1.1749411821365356, -0.021094322204589844, 0.0, -2.0865819788977853, -5.555957628117534, -3.6352256364650586, -0.12146340368735409
267, -0.018633127212524414, -1.0797843933105469, 2.348737955093384, 0.0334625244140625, -1.1748405694961548, -0.021121740341186523, 0.0, -2.0866364385044007, -5.555937960856266, -3.6366670677069073, -0.12143942051780243
268, -0.018625736236572266, -1.0720186233520508, 2.3397579193115234, 0.03347158432006836, -1.1747037172317505, -0.021130800247192383, 0.0, -2.0866658273002265, -5.55588007390907, -3.6380686187042706, -0.12137953544361313
269, -0.018810033798217773, -1.0641348361968994, 2.330441951751709, 0.03344440460205078, -1.1746307611465454, -0.021075963973999023, 0.0, -2.0867533480974165, -5.555822692086407, -3.6394281032381146, -0.1212299223933222
270, -0.019083023071289062, -1.0561258792877197, 2.3208067417144775, 0.03336215019226074, -1.1745394468307495, -0.021112680435180664, 0.0, -2.086855915249945, -5.555807213821205, -3.6407633261224146, -0.12114119490590003
271, -0.019503355026245117, -1.0409998893737793, 2.3022313117980957, 0.03330731391906738, -1.1743932962417603, -0.021103382110595703, 0.0, -2.087060940876161, -5.555748263646367, -3.6432134559124147, -0.12101517727444122
272, -0.019591808319091797, -1.0290672779083252, 2.286396026611328, 0.03326153755187988, -1.1741377115249634, -0.021094322204589844, 0.0, -2.0873017641520004, -5.5556859174911875, -3.6453038810144798, -0.12097999201410126
273, -0.019613981246948242, -1.0248782634735107, 2.280691623687744, 0.03327059745788574, -1.1741102933883667, -0.021075963973999023, 0.0, -2.087394834081312, -5.55567580091226, -3.6460735340091097, -0.12098905047879871
274, -0.019643306732177734, -1.0176434516906738, 2.2708563804626465, 0.033225059509277344, -1.1738821268081665, -0.021103382110595703, 0.0, -2.087546316459326, -5.555641816179914, -3.64744412358666, -0.12096055440983378
275, -0.0197908878326416, -1.010305404663086, 2.2610373497009277, 0.033161163330078125, -1.1737085580825806, -0.021094322204589844, 0.0, -2.08770586029583, -5.555585456070468, -3.6488060639692, -0.12094389431839936
276, -0.019945859909057617, -1.0040736198425293, 2.2526965141296387, 0.033124685287475586, -1.1735717058181763, -0.021094322204589844, 0.0, -2.087852966434047, -5.5555438605598075, -3.6499585427617953, -0.12091999913605811
277, -0.020078659057617188, -0.9959390163421631, 2.2415270805358887, 0.033124685287475586, -1.173343539237976, -0.021085262298583984, 0.0, -2.08804922091485, -5.555508475457673, -3.6514666375267235, -0.12091627120969939
278, -0.020078659057617188, -0.9886600375175476, 2.23169207572937, 0.03307914733886719, -1.1729964017868042, -0.021075963973999023, 0.0, -2.0882080904668316, -5.555460728582796, -3.6527728294985553, -0.12088551831199368
279, -0.020130157470703125, -0.9804813265800476, 2.2203469276428223, 0.03303337097167969, -1.1716359853744507, -0.021085262298583984, 0.0, -2.0883788554380804, -5.555382692933428, -3.6542668699071963, -0.12082289435013038
280, -0.020203828811645508, -0.9734160900115967, 2.2103281021118164, 0.03295111656188965, -1.1703120470046997, -0.021066904067993164, 0.0, -2.088544101276364, -5.555332772052205, -3.6555860717233277, -0.12083206290054171
281, -0.020218849182128906, -0.9666459560394287, 2.2004213333129883, 0.03290557861328125, -1.1696454286575317, -0.021094322204589844, 0.0, -2.0887083783624294, -5.5553111232692265, -3.6569300923160357, -0.12088795175580813
282, -0.0202481746673584, -0.9588875770568848, 2.18910813331604, 0.03287816047668457, -1.1694716215133667, -0.021094322204589844, 0.0, -2.0888742530471283, -5.555299804632186, -3.6585139109187486, -0.120968504759702
283, -0.02032184600830078, -0.9513430595397949, 2.1775951385498047, 0.03284168243408203, -1.1684585809707642, -0.021094322204589844, 0.0, -2.0890251343231734, -5.555299322693724, -3.660122098056551, -0.12097660334643479
284, -0.020395755767822266, -0.9448530673980713, 2.1673765182495117, 0.03281426429748535, -1.1663309335708618, -0.021085262298583984, 0.0, -2.0891631760953793, -5.55529796426373, -3.6615298273642756, -0.12089677967861867
285, -0.020447492599487305, -0.9373307228088379, 2.155672073364258, 0.03278684616088867, -1.163901925086975, -0.021094322204589844, 0.0, -2.089340775512959, -5.55530058910801, -3.663092519786878, -0.12079924796617014
286, -0.020491361618041992, -0.929572343826294, 2.144111156463623, 0.03275942802429199, -1.1611992120742798, -0.021094322204589844, 0.0, -2.089534448918011, -5.555292238428605, -3.664631284267936, -0.12070717022551403
287, -0.020535707473754883, -0.9225956797599792, 2.1341962814331055, 0.03267717361450195, -1.1603502035140991, -0.021085262298583984, 0.0, -2.0896963213989763, -5.5552782457077825, -3.6659761786042004, -0.12069010446838213
288, -0.020646333694458008, -0.9158770442008972, 2.124281406402588, 0.032668113708496094, -1.1595102548599243, -0.021094322204589844, 0.0, -2.089849542505778, -5.5552619702748665, -3.6673443662398815, -0.1207303834572997
289, -0.020793914794921875, -0.9086718559265137, 2.112680673599243, 0.032659053802490234, -1.1550360918045044, -0.021094322204589844, 0.0, -2.0900153840947335, -5.5552314839963755, -3.668929443926127, -0.12072950645567371
290, -0.020889997482299805, -0.9016950130462646, 2.101151943206787, 0.032631635665893555, -1.1510733366012573, -0.021075963973999023, 0.0, -2.0901822429167916, -5.5552235751897205, -3.670533975609433, -0.12078792078703593
291, -0.020882606506347656, -0.8955888748168945, 2.0910372734069824, 0.032631635665893555, -1.1485897302627563, -0.021094322204589844, 0.0, -2.090317019572969, -5.555214010673096, -3.6719435580897843, -0.12082695446830716
292, -0.020882606506347656, -0.8883171081542969, 2.07926869392395, 0.032604217529296875, -1.1457592248916626, -0.021066904067993164, 0.0, -2.090459136396592, -5.555195244746215, -3.6735502469207755, -0.12086564828726054
293, -0.020867586135864258, -0.8818862438201904, 2.0688185691833496, 0.032604217529296875, -1.143074631690979, -0.021094322204589844, 0.0, -2.090596926342621, -5.555159467572631, -3.674932319711814, -0.12089113367883009
294, -0.020838260650634766, -0.8763403296470642, 2.0597901344299316, 0.032595157623291016, -1.1423169374465942, -0.021075963973999023, 0.0, -2.0907273977457015, -5.5551307114983715, -3.6760937872341524, -0.12093915274167966
295, -0.02081584930419922, -0.8680803775787354, 2.0461363792419434, 0.032576799392700195, -1.1399704217910767, -0.021075963973999023, 0.0, -2.090940325095843, -5.55506365718896, -3.677810065680286, -0.12098988608909256
296, -0.020823240280151367, -0.8625490665435791, 2.0368285179138184, 0.032567739486694336, -1.137377142906189, -0.021048545837402344, 0.0, -2.0910807178411392, -5.555020801778583, -3.6789409011409098, -0.1210202829307061
297, -0.02081584930419922, -0.8551077246665955, 2.0243330001831055, 0.032540321350097656, -1.13530433177948, -0.021030187606811523, 0.0, -2.0912630987819387, -5.554961210221706, -3.6804302588044564, -0.12111843581803505
298, -0.020823240280151367, -0.8476445078849792, 2.0117177963256836, 0.0325312614440918, -1.1335238218307495, -0.021039485931396484, 0.0, -2.0914502834187054, -5.5548947582810175, -3.681899860763005, -0.12121363543998331
299, -0.020830869674682617, -0.8405055999755859, 1.9991501569747925, 0.032540321350097656, -1.13074791431427, -0.021030187606811523, 0.0, -2.0916747886765954, -5.554838052236603, -3.68336267156747, -0.12123801553888924
300, -0.020838260650634766, -0.8343992233276367, 1.9881964921951294, 0.0325312614440918, -1.1270774602890015, -0.021039485931396484, 0.0, -2.091873415768423, -5.554819371420247, -3.684652859127299, -0.12123632518783367
301, -0.020801305770874023, -0.8280787467956543, 1.977226972579956, 0.03251290321350098, -1.1237081289291382, -0.021030187606811523, 0.0, -2.092060864823898, -5.5548096885157845, -3.685940977943307, -0.1212226159850367
302, -0.020838260650634766, -0.8214561939239502, 1.9661215543746948, 0.03250384330749512, -1.1196175813674927, -0.021030187606811523, 0.0, -2.0922351357215514, -5.5547655825170725, -3.687212128991507, -0.12108717851272033
303, -0.02091193199157715, -0.8136608600616455, 1.9533144235610962, 0.03251290321350098, -1.1159104108810425, -0.021048545837402344, 0.0, -2.0924364647222213, -5.55470494567783, -3.6886465970831517, -0.12089466579165631
304, -0.02103710174560547, -0.806654691696167, 1.9423049688339233, 0.03251290321350098, -1.1143580675125122, -0.021030187606811523, 0.0, -2.092619716049803, -5.554662349913727, -3.6898851305580744, -0.12070464467864372
305, -0.021155118942260742, -0.7997369766235352, 1.931287407875061, 0.03249478340148926, -1.1112536191940308, -0.021030187606811523, 0.0, -2.0927885216312836, -5.554643310820369, -3.6911191150497964, -0.12053307334321861
306, -0.02139878273010254, -0.7919566631317139, 1.9186640977859497, 0.03247642517089844, -1.108843207359314, -0.021048545837402344, 0.0, -2.0929733149203176, -5.554624381753507, -3.692498421127524, -0.12036921846894533
307, -0.02166438102722168, -0.7833278179168701, 1.9043149948120117, 0.03247642517089844, -1.1066516637802124, -0.021048545837402344, 0.0, -2.0931695449900136, -5.554582351803483, -3.694010247214297, -0.12029501692644562
308, -0.021818876266479492, -0.7775237560272217, 1.8947914838790894, 0.03244900703430176, -1.1054006814956665, -0.021021127700805664, 0.0, -2.0932876606677207, -5.554542925278509, -3.6950208925634107, -0.12031435578372296
309, -0.021907567977905273, -0.7696254253387451, 1.8818405866622925, 0.03242158889770508, -1.1013375520706177, -0.021030187606811523, 0.0, -2.093452419576995, -5.554494780302492, -3.6963897555613023, -0.12040123631269406
310, -0.02187061309814453, -0.760819673538208, 1.8670519590377808, 0.03241252899169922, -1.097265362739563, -0.021039485931396484, 0.0, -2.0936601474526984, -5.554450395796293, -3.6979585960756305, -0.12059945697564256
311, -0.021900177001953125, -0.7550673484802246, 1.8570891618728638, 0.03242158889770508, -1.0940970182418823, -0.020993709564208984, 0.0, -2.093794013282006, -5.554400986473343, -3.6990008382819823, -0.12070665653006696
312, -0.021944522857666016, -0.7493517398834229, 1.8469583988189697, 0.03238511085510254, -1.0901707410812378, -0.021039485931396484, 0.0, -2.0939232854676413, -5.55435042630624, -3.7000426718522026, -0.12079479565587459
313, -0.022114038467407227, -0.7380385398864746, 1.8283989429473877, 0.03236675262451172, -1.0843268632888794, -0.021048545837402344, 0.0, -2.0941562792403503, -5.554290540824211, -3.7019390863291024, -0.12089366083563835
314, -0.022077083587646484, -0.7325369715690613, 1.8198740482330322, 0.03233933448791504, -1.0819164514541626, -0.021030187606811523, 0.0, -2.094268551438062, -5.5542723417887965, -3.7027765024383004, -0.12092213922137329
315, -0.021944522857666016, -0.7213563919067383, 1.8026248216629028, 0.03236675262451172, -1.0786291360855103, -0.021012067794799805, 0.0, -2.0945143134101945, -5.554224243755681, -3.7044225425616117, -0.12090745682028459
316, -0.021944522857666016, -0.7158327102661133, 1.7938603162765503, 0.0323486328125, -1.0761548280715942, -0.021021127700805664, 0.0, -2.0946402401646194, -5.554199018148413, -3.705225924287927, -0.1208832771155377
317, -0.02187061309814453, -0.7088856101036072, 1.7832823991775513, 0.03233933448791504, -1.0738626718521118, -0.020993709564208984, 0.0, -2.0947811818938114, -5.554163861252275, -3.706163772281959, -0.120838584824841
318, -0.02188563346862793, -0.6996373534202576, 1.7690609693527222, 0.03233027458190918, -1.0711599588394165, -0.021021127700805664, 0.0, -2.0949594891712477, -5.554107863859114, -3.7073682711108877, -0.12077136017694112
319, -0.021936893463134766, -0.6919233798980713, 1.7566932439804077, 0.03231215476989746, -1.0676995515823364, -0.021021127700805664, 0.0, -2.0951085943107697, -5.554054128515516, -3.708360657610608, -0.12077738504032798
320, -0.022025585174560547, -0.68430495262146, 1.7443495988845825, 0.0323028564453125, -1.062705159187317, -0.021012067794799805, 0.0, -2.0952475093185936, -5.553993146610337, -3.7092874122012813, -0.12073931349682532
321, -0.022158145904541016, -0.6754403114318848, 1.7301362752914429, 0.03228473663330078, -1.0574547052383423, -0.021030187606811523, 0.0, -2.095401126055035, -5.553926003061964, -3.7102529768272725, -0.12075477985152361
322, -0.022128820419311523, -0.6683382987976074, 1.71912682056427, 0.03226637840270996, -1.0533367395401, -0.021030187606811523, 0.0, -2.0955162158549188, -5.553888271144336, -3.7109142565850965, -0.12080817334248284
323, -0.02209925651550293, -0.6578364372253418, 1.7024366855621338, 0.0322573184967041, -1.048880934715271, -0.021030187606811523, 0.0, -2.0956874560870076, -5.553831508465786, -3.711805105540711, -0.12088486195271209
324, -0.02204751968383789, -0.6507492065429688, 1.6914271116256714, 0.0322573184967041, -1.0451828241348267, -0.021012067794799805, 0.0, -2.0958000902186456, -5.553803464692577, -3.7123440116716737, -0.12089395640692402
325, -0.022150754928588867, -0.6424891948699951, 1.6787878274917603, 0.03224825859069824, -1.0426443815231323, -0.021021127700805664, 0.0, -2.0959021367584394, -5.553770043451185, -3.7129140917974883, -0.12087801617523475
326, -0.022173166275024414, -0.6267585754394531, 1.6547874212265015, 0.03222990036010742, -1.035969853401184, -0.021012067794799805, 0.0, -2.096090323810389, -5.553678151367523, -3.7137282876225517, -0.12087041661035691
327, -0.022158145904541016, -0.6216185092926025, 1.6472054719924927, 0.03222990036010742, -1.0339521169662476, -0.021048545837402344, 0.0, -2.0961611675378715, -5.553657995054469, -3.7138963024052978, -0.12090610750531106
328, -0.022217512130737305, -0.6106002330780029, 1.631498098373413, 0.03220248222351074, -1.0286561250686646, -0.021039485931396484, 0.0, -2.096310784180613, -5.553624471178984, -3.7141394210886967, -0.12094196127609447
329, -0.022261381149291992, -0.6034834384918213, 1.6215990781784058, 0.03219342231750488, -1.0255059003829956, -0.021048545837402344, 0.0, -2.096393596912131, -5.553593436106677, -3.714247684768929, -0.12092232444338258
330, -0.02231311798095703, -0.5918090343475342, 1.6056840419769287, 0.03220248222351074, -1.0206483602523804, -0.021021127700805664, 0.0, -2.0965051514046533, -5.553547492124143, -3.714363919677571, -0.12090024552951473
331, -0.02228379249572754, -0.5795297622680664, 1.5898568630218506, 0.03218436241149902, -1.0168317556381226, -0.021030187606811523, 0.0, -2.096584662853535, -5.553522584611897, -3.7144260788317136, -0.12090388773880267
332, -0.02227640151977539, -0.5687844753265381, 1.5757554769515991, 0.03217506408691406, -1.0136815309524536, -0.021057605743408203, 0.0, -2.096644828663975, -5.553493702317676, -3.714465932642641, -0.12086813422594478
333, -0.02236461639404297, -0.5579655170440674, 1.5614702701568604, 0.03217506408691406, -1.0105222463607788, -0.021039485931396484, 0.0, -2.096692315305256, -5.5534750575271765, -3.7145080510205384, -0.12080460289094752
334, -0.022468090057373047, -0.545339822769165, 1.5450998544692993, 0.03215670585632324, -1.007445216178894, -0.021039485931396484, 0.0, -2.09672888146035, -5.5534663180851265, -3.71458280511844, -0.12072885622337637
335, -0.022623062133789062, -0.5340635776519775, 1.5302313566207886, 0.03214764595031738, -1.0026148557662964, -0.021039485931396484, 0.0, -2.096779509009913, -5.553435169315552, -3.7146737868446826, -0.12062984548488132
336, -0.022652387619018555, -0.5208179950714111, 1.5127023458480835, 0.03213858604431152, -0.997273325920105, -0.021057605743408203, 0.0, -2.0968737450657615, -5.553383244236832, -3.714800469285326, -0.12060332184026556
337, -0.02266716957092285, -0.5091361999511719, 1.4970749616622925, 0.03214764595031738, -0.9915119409561157, -0.021021127700805664, 0.0, -2.0969978706347505, -5.55334621314745, -3.7149391244201766, -0.12063991869073742
338, -0.02272629737854004, -0.4971299171447754, 1.4812477827072144, 0.03212928771972656, -0.9870468378067017, -0.021057605743408203, 0.0, -2.0971594611727546, -5.553312458286068, -3.7151057497496147, -0.1206383266905311
339, -0.022777795791625977, -0.4849097728729248, 1.4652289152145386, 0.03214764595031738, -0.9827827215194702, -0.021048545837402344, 0.0, -2.0973435700838747, -5.553271319899287, -3.715283062162481, -0.1206618868311562
340, -0.022866249084472656, -0.4688691794872284, 1.4443843364715576, 0.03212928771972656, -0.9782994985580444, -0.021057605743408203, 0.0, -2.0976067123373627, -5.5532110735366365, -3.7155135712311194, -0.12063217803131376
341, -0.022866249084472656, -0.4581313133239746, 1.4307063817977905, 0.032111167907714844, -0.9748755693435669, -0.021030187606811523, 0.0, -2.097782773878573, -5.553185449886584, -3.715658277341368, -0.12069215515508525
342, -0.022873640060424805, -0.44530630111694336, 1.414623498916626, 0.032102108001708984, -0.9701639413833618, -0.021057605743408203, 0.0, -2.09796964380416, -5.553141756795466, -3.715821624872471, -0.12073176295452281
343, -0.023050785064697266, -0.4304461181163788, 1.396016001701355, 0.032102108001708984, -0.9636627435684204, -0.021048545837402344, 0.0, -2.098141844234948, -5.55305559998803, -3.716052201089112, -0.1207020563052561
344, -0.02312445640563965, -0.41736292839050293, 1.3796695470809937, 0.032074689865112305, -0.9574354887008667, -0.021039485931396484, 0.0, -2.0982749571493837, -5.552996757254431, -3.716303327554192, -0.12072064348755873
345, -0.023146390914916992, -0.40224432945251465, 1.3608863353729248, 0.032083749771118164, -0.9520484209060669, -0.021039485931396484, 0.0, -2.09840006444864, -5.552944617084426, -3.716602986254144, -0.12079479431735773
346, -0.023183345794677734, -0.3907613754272461, 1.3466969728469849, 0.032074689865112305, -0.9479941129684448, -0.021048545837402344, 0.0, -2.0984563706398305, -5.55289962576117, -3.7168464937773393, -0.12082540543815234
347, -0.023176193237304688, -0.37517115473747253, 1.3272825479507446, 0.032065391540527344, -0.9434105157852173, -0.021048545837402344, 0.0, -2.0985071041128043, -5.552847969502639, -3.717151713234121, -0.12088215046103645
348, -0.023242473602294922, -0.3612692356109619, 1.3095139265060425, 0.032065391540527344, -0.9375487565994263, -0.021057605743408203, 0.0, -2.098528036690686, -5.552804269950234, -3.7174144178444695, -0.1208768696538991
349, -0.023316144943237305, -0.3471388816833496, 1.2915456295013428, 0.032038211822509766, -0.9308921098709106, -0.021057605743408203, 0.0, -2.0985301106813967, -5.552752789413458, -3.717674852869142, -0.12083018782244981
350, -0.023397445678710938, -0.3329939842224121, 1.2734653949737549, 0.032038211822509766, -0.924747109413147, -0.021057605743408203, 0.0, -2.098503718625455, -5.552701073824246, -3.7179414335406755, -0.12074516376788225
351, -0.023397445678710938, -0.31260251998901367, 1.247235894203186, 0.032038211822509766, -0.9170955419540405, -0.021085262298583984, 0.0, -2.098450440739528, -5.552679213095788, -3.718338904533795, -0.12067289388086255
352, -0.0233309268951416, -0.30232906341552734, 1.233933448791504, 0.032028913497924805, -0.9135528802871704, -0.021048545837402344, 0.0, -2.098425272233617, -5.5526773880312446, -3.718532323672143, -0.12064529964007153
353, -0.02341938018798828, -0.287675142288208, 1.214646816253662, 0.032047271728515625, -0.9075995683670044, -0.021048545837402344, 0.0, -2.098385458961044, -5.5526553008670705, -3.7187982282789496, -0.12058001510291927
354, -0.02351522445678711, -0.27135443687438965, 1.1922202110290527, 0.032028913497924805, -0.8989251852035522, -0.021075963973999023, 0.0, -2.0983342745249507, -5.5526100163335075, -3.71914002953384, -0.12050054438659608
355, -0.02351522445678711, -0.25879502296447754, 1.1739003658294678, 0.032010793685913086, -0.8891185522079468, -0.021066904067993164, 0.0, -2.098302743482683, -5.552581377591648, -3.7194543118543084, -0.1204766586300936
356, -0.023493289947509766, -0.2474524974822998, 1.1561317443847656, 0.031992435455322266, -0.8801611661911011, -0.021094322204589844, 0.0, -2.098258450168212, -5.552568146930077, -3.7198601432794307, -0.12052230981737644
357, -0.023530006408691406, -0.2380051463842392, 1.140672206878662, 0.03200173377990723, -0.8710852861404419, -0.021085262298583984, 0.0, -2.09821058967652, -5.55254246019145, -3.720155492130126, -0.12053931642675053
358, -0.023537397384643555, -0.22930264472961426, 1.1263868808746338, 0.031983375549316406, -0.8625022172927856, -0.021103382110595703, 0.0, -2.098174054588892, -5.552503273400552, -3.720339098652169, -0.12057204301656466
359, -0.023537397384643555, -0.21849846839904785, 1.107100486755371, 0.031992435455322266, -0.8537184000015259, -0.021094322204589844, 0.0, -2.0981593823200253, -5.552451464575819, -3.7205814762915197, -0.12068701442369445
360, -0.02361130714416504, -0.20733284950256348, 1.0853290557861328, 0.031983375549316406, -0.8446696996688843, -0.021094322204589844, 0.0, -2.0981524273345085, -5.55239810214123, -3.7209379525403072, -0.12074273478865916
361, -0.023699522018432617, -0.19961141049861908, 1.0701489448547363, 0.03196525573730469, -0.8359953165054321, -0.021112680435180664, 0.0, -2.0981403750481, -5.552372359262241, -3.721191925860123, -0.12078969047922339
362, -0.023699522018432617, -0.18881440162658691, 1.0489847660064697, 0.031983375549316406, -0.8246914148330688, -0.021140098571777344, 0.0, -2.098093463974585, -5.5523411403714835, -3.721495240084989, -0.1208942579053831
363, -0.023699522018432617, -0.18000149726867676, 1.0328779220581055, 0.03197431564331055, -0.8186742067337036, -0.021149158477783203, 0.0, -2.098044240338407, -5.552311824897418, -3.7216784527455786, -0.12093049395692734
364, -0.023655176162719727, -0.1712179183959961, 1.016963005065918, 0.03195595741271973, -0.8136066198348999, -0.021140098571777344, 0.0, -2.097980733216147, -5.5522869646942095, -3.721852184698941, -0.12092982053423196
365, -0.023618698120117188, -0.16708064079284668, 1.0105953216552734, 0.03192853927612305, -0.8133965730667114, -0.021140098571777344, 0.0, -2.097781488715322, -5.5522839250514595, -3.7220406869783624, -0.1209437695019373
366, -0.023677587509155273, -0.16704392433166504, 1.0119457244873047, 0.03189206123352051, -0.8132778406143188, -0.021140098571777344, 0.0, -2.0975550846579543, -5.552287910846866, -3.722171217061573, -0.12088222971620155
367, -0.023670196533203125, -0.1663062572479248, 1.0122251510620117, 0.03190112113952637, -0.8131500482559204, -0.021140098571777344, 0.0, -2.097326955583472, -5.552265198868273, -3.7222722046452805, -0.12086788392355441
368, -0.023684978485107422, -0.16532540321350098, 1.0117778778076172, 0.03191041946411133, -0.8131591081619263, -0.021140098571777344, 0.0, -2.097168054194917, -5.552245698750035, -3.722326260041085, -0.12086339255769296
369, -0.023758649826049805, -0.16452883183956146, 1.0118017196655273, 0.03191041946411133, -0.8131042718887329, -0.021140098571777344, 0.0, -2.0969700448660755, -5.552247059364655, -3.722401590477456, -0.12083408079401359
370, -0.02376580238342285, -0.16382837295532227, 1.0116658210754395, 0.03191041946411133, -0.8131226301193237, -0.021130800247192383, 0.0, -2.096830645604056, -5.552241006518379, -3.7224285755520086, -0.12083097653317854
371, -0.02381753921508789, -0.16225004196166992, 1.0114741325378418, 0.03190112113952637, -0.8130587339401245, -0.021130800247192383, 0.0, -2.096539431212311, -5.5522041277424306, -3.7224062771075324, -0.12085730811710516
372, -0.02386188507080078, -0.1617264747619629, 1.0113863945007324, 0.03190112113952637, -0.8130496740341187, -0.021149158477783203, 0.0, -2.0964785426381187, -5.552203502723135, -3.7223950080807056, -0.12087991242538809
373, -0.02391338348388672, -0.16067194938659668, 1.0112504959106445, 0.03190112113952637, -0.8130587339401245, -0.021140098571777344, 0.0, -2.0963352042081334, -5.552186736034649, -3.7223221159884665, -0.12093785981088256
374, -0.02395772933959961, -0.1596541404724121, 1.0110747814178467, 0.03190112113952637, -0.8130496740341187, -0.021149158477783203, 0.0, -2.0962005882920307, -5.552150888920771, -3.7222252280034596, -0.12102023193027112
375, -0.02404618263244629, -0.15917468070983887, 1.0110588073730469, 0.03189206123352051, -0.8130403757095337, -0.021130800247192383, 0.0, -2.096101739307429, -5.552114636828039, -3.722133995662242, -0.12111469022445309
376, -0.024120092391967773, -0.15870259702205658, 1.0110666751861572, 0.03187370300292969, -0.8130403757095337, -0.021130800247192383, 0.0, -2.0959918348874558, -5.552087888646936, -3.722039065877118, -0.12119138269507967
377, -0.024186372756958008, -0.15834879875183105, 1.0110666751861572, 0.03188300132751465, -0.8130403757095337, -0.021149158477783203, 0.0, -2.095891668138847, -5.552065700401737, -3.7219829991034312, -0.12122997814617875
378, -0.024296998977661133, -0.15812015533447266, 1.0110666751861572, 0.03191041946411133, -0.8130496740341187, -0.021140098571777344, 0.0, -2.0958134235530874, -5.55204569030744, -3.721963950456474, -0.12119758696861105
379, -0.024393081665039062, -0.1576554775238037, 1.0110666751861572, 0.03187370300292969, -0.813022255897522, -0.021140098571777344, 0.0, -2.0957104143117813, -5.5520394904655115, -3.721970846623218, -0.12110335798741989
380, -0.02440023422241211, -0.15713191032409668, 1.0110588073730469, 0.03189206123352051, -0.8130496740341187, -0.021140098571777344, 0.0, -2.0956295740223556, -5.55205267124487, -3.721960089680141, -0.12107121456574443
381, -0.02435588836669922, -0.15665268898010254, 1.0110507011413574, 0.03187370300292969, -0.8130587339401245, -0.021140098571777344, 0.0, -2.0955512909598824, -5.552052513898309, -3.7219294457730747, -0.12101131099385665
382, -0.024348735809326172, -0.1561434268951416, 1.0110588073730469, 0.03188300132751465, -0.8130496740341187, -0.021149158477783203, 0.0, -2.0954719158715043, -5.552055588412837, -3.7219250066150416, -0.1209587927996365
383, -0.02445197105407715, -0.15581917762756348, 1.0110347270965576, 0.03188300132751465, -0.8130496740341187, -0.021158218383789062, 0.0, -2.095405402180599, -5.552050155246353, -3.721909562235395, -0.12086624327094952
384, -0.024540185928344727, -0.15563464164733887, 1.0110588073730469, 0.03189206123352051, -0.8130587339401245, -0.021140098571777344, 0.0, -2.0953464734617695, -5.552038251200327, -3.7218736998127784, -0.1208050140117134
385, -0.024555206298828125, -0.15547966957092285, 1.011042833328247, 0.03188300132751465, -0.8130496740341187, -0.021149158477783203, 0.0, -2.095281479601622, -5.552021639521525, -3.7218262449250696, -0.12079903575350137
386, -0.024599313735961914, -0.15539884567260742, 1.0110588073730469, 0.03190112113952637, -0.8130496740341187, -0.021149158477783203, 0.0, -2.0952002447061515, -5.551997827929412, -3.7217847876406105, -0.12082701091082715
387, -0.024614334106445312, -0.15533971786499023, 1.0110588073730469, 0.03188300132751465, -0.8130677938461304, -0.021149158477783203, 0.0, -2.0951373903021455, -5.5519802654864145, -3.721753666433474, -0.12089241239263782
388, -0.0246732234954834, -0.15520715713500977, 1.0110588073730469, 0.03187370300292969, -0.8130677938461304, -0.021149158477783203, 0.0, -2.095003050007046, -5.551935622470707, -3.7216892201408225, -0.12088367589613114
389, -0.024695158004760742, -0.15517020225524902, 1.0110507011413574, 0.03187370300292969, -0.8130587339401245, -0.021140098571777344, 0.0, -2.0949553661645917, -5.551922598471497, -3.7216676903312975, -0.12089885341029927
390, -0.02470254898071289, -0.1551039218902588, 1.0110588073730469, 0.03186464309692383, -0.8130768537521362, -0.021158218383789062, 0.0, -2.094871941712851, -5.551891122942143, -3.721633591656756, -0.12088616013096942
391, -0.024739503860473633, -0.1550741195678711, 1.0110588073730469, 0.03188300132751465, -0.8130861520767212, -0.021140098571777344, 0.0, -2.0947822418334083, -5.551865452592226, -3.721604313624782, -0.12088127441411611
392, -0.024783849716186523, -0.155015230178833, 1.0110588073730469, 0.03188300132751465, -0.8130768537521362, -0.021158218383789062, 0.0, -2.094681076607314, -5.551838303093488, -3.721567051580208, -0.12085808110208163
393, -0.02484273910522461, -0.15493416786193848, 1.0110666751861572, 0.03187370300292969, -0.8130768537521362, -0.021140098571777344, 0.0, -2.0945924170502326, -5.551815026540187, -3.7215396151194584, -0.12083839764172755
394, -0.024916410446166992, -0.15486764907836914, 1.0110588073730469, 0.03186464309692383, -0.8131226301193237, -0.021167278289794922, 0.0, -2.094492000459497, -5.551785311293394, -3.7215071244676574, -0.12083380940934507
395, -0.025027036666870117, -0.15482354164123535, 1.0110588073730469, 0.03187370300292969, -0.813095211982727, -0.021140098571777344, 0.0, -2.094409355297889, -5.551762268716072, -3.7214832404368674, -0.12081347892043581
396, -0.02518939971923828, -0.15475702285766602, 1.0110588073730469, 0.03187370300292969, -0.8131407499313354, -0.021158218383789062, 0.0, -2.094318555415399, -5.551733157826327, -3.7214581651137633, -0.12078326568064757
397, -0.02532958984375, -0.15471291542053223, 1.0110588073730469, 0.03188300132751465, -0.8131407499313354, -0.021158218383789062, 0.0, -2.094241671521247, -5.55171172437714, -3.7214394950975196, -0.12077114458999905
398, -0.025491714477539062, -0.15469074249267578, 1.0110666751861572, 0.03188300132751465, -0.8132048845291138, -0.021167278289794922, 0.0, -2.0941571400338583, -5.551691638213274, -3.7214178244134937, -0.12076470499332537
399, -0.025543212890625, -0.1546614170074463, 1.0110666751861572, 0.03187370300292969, -0.8132413625717163, -0.021149158477783203, 0.0, -2.0940714570602648, -5.551677220150891, -3.7213946890174516, -0.12080010095290827
400, -0.025565624237060547, -0.15460968017578125, 1.0110666751861572, 0.03187370300292969, -0.8134056329727173, -0.021112680435180664, 0.0, -2.093989835509084, -5.551669738323434, -3.7213699794119646, -0.12085129963097341
401, -0.0255582332611084, -0.15459513664245605, 1.0110907554626465, 0.03185534477233887, -0.8140631914138794, -0.021140098571777344, 0.0, -2.0939088807228945, -5.551667467868779, -3.7213439525431204, -0.12089529964418677
402, -0.025565624237060547, -0.1545875072479248, 1.011098861694336, 0.03186464309692383, -0.8154417276382446, -0.021149158477783203, 0.0, -2.0938218306898926, -5.551661484810862, -3.7213216335307284, -0.1208887405760235
403, -0.02558755874633789, -0.15459513664245605, 1.0111308097839355, 0.03182816505432129, -0.815414309501648, -0.021140098571777344, 0.0, -2.0937514385236606, -5.551655148462331, -3.721301421434657, -0.12087119805743907
404, -0.025580167770385742, -0.15458011627197266, 1.011122703552246, 0.03184628486633301, -0.8153778314590454, -0.021149158477783203, 0.0, -2.0936689438774003, -5.551639382438508, -3.7212576878253554, -0.12084839891251331
405, -0.02558755874633789, -0.15459513664245605, 1.0111627578735352, 0.03185534477233887, -0.8153961896896362, -0.021149158477783203, 0.0, -2.093603987843793, -5.551618182383649, -3.7212318046844906, -0.12082033499935108
406, -0.02558755874633789, -0.15458011627197266, 1.0112266540527344, 0.03184628486633301, -0.8153597116470337, -0.021149158477783203, 0.0, -2.0935290853077526, -5.551591316939067, -3.7212092860139796, -0.12081470532717198
407, -0.02563929557800293, -0.15458011627197266, 1.0114023685455322, 0.03183722496032715, -0.8153778314590454, -0.021158218383789062, 0.0, -2.0934608093174667, -5.551561624433165, -3.7211791279804687, -0.1207707499354953
408, -0.025690793991088867, -0.15456533432006836, 1.0116260051727295, 0.03183722496032715, -0.8154052495956421, -0.021140098571777344, 0.0, -2.0933871234724477, -5.551536680114881, -3.7211470814631733, -0.12076828896873693
409, -0.025749921798706055, -0.15455079078674316, 1.0118656158447266, 0.03183722496032715, -0.8153961896896362, -0.021149158477783203, 0.0, -2.0933114003079694, -5.5515105360284185, -3.7211181198258054, -0.12073611951469587
410, -0.025794029235839844, -0.15454339981079102, 1.0120015144348145, 0.03181886672973633, -0.8154236078262329, -0.021158218383789062, 0.0, -2.09323577818622, -5.551494573625174, -3.721097170334985, -0.12072025777763429
411, -0.025831222534179688, -0.15454339981079102, 1.0120813846588135, 0.03180980682373047, -0.8154236078262329, -0.021130800247192383, 0.0, -2.0933233273615284, -5.551520114795233, -3.721134326340222, -0.12071957355902718
412, -0.025838375091552734, -0.1545579433441162, 1.012113332748413, 0.03180980682373047, -0.8153961896896362, -0.021121740341186523, 0.0, -2.093242461963704, -5.551502533937737, -3.7210960891500333, -0.12071221175557234
413, -0.02586054801940918, -0.1545727252960205, 1.012113332748413, 0.03179144859313965, -0.8154236078262329, -0.021149158477783203, 0.0, -2.093242936159354, -5.55150014842788, -3.7211009511483355, -0.120719907985257
414, -0.025890111923217773, -0.15460968017578125, 1.0121054649353027, 0.03180074691772461, -0.8154052495956421, -0.021140098571777344, 0.0, -2.0932774811949173, -5.551514856272978, -3.721119474404665, -0.12073583616791783
415, -0.025897502899169922, -0.1546022891998291, 1.012113332748413, 0.03178238868713379, -0.8154417276382446, -0.021121740341186523, 0.0, -2.093196810812013, -5.551494183704587, -3.7210861260489803, -0.12076685262688613
416, -0.025912046432495117, -0.15460968017578125, 1.012129306793213, 0.03177332878112793, -0.815414309501648, -0.021149158477783203, 0.0, -2.093166349617108, -5.551498282961743, -3.721085408698331, -0.12077579062233657
417, -0.025912046432495117, -0.15462446212768555, 1.0121772289276123, 0.03174591064453125, -0.8154326677322388, -0.021149158477783203, 0.0, -2.0931509260794896, -5.551497180235936, -3.7210921848715626, -0.12078475068875605
418, -0.025919437408447266, -0.1546463966369629, 1.0122413635253906, 0.03174591064453125, -0.8154326677322388, -0.021149158477783203, 0.0, -2.0930524694010764, -5.551481619748717, -3.721062427199315, -0.12080274568289617
419, -0.025934219360351562, -0.15469074249267578, 1.0123450756072998, 0.03174591064453125, -0.8154875040054321, -0.021149158477783203, 0.0, -2.093011640077705, -5.5514753573042865, -3.7210583006329196, -0.12076682093335567
420, -0.02594900131225586, -0.15469813346862793, 1.012408971786499, 0.03174591064453125, -0.8154784440994263, -0.021149158477783203, 0.0, -2.092998079902854, -5.551476102647065, -3.721064904148881, -0.12074503994270191
421, -0.025971174240112305, -0.15473508834838867, 1.012465000152588, 0.03174591064453125, -0.8154693841934204, -0.021158218383789062, 0.0, -2.092875923345207, -5.551465482813645, -3.7210274342055674, -0.12071301920375532
422, -0.025971174240112305, -0.1547865867614746, 1.012624740600586, 0.03170037269592285, -0.8154784440994263, -0.021149158477783203, 0.0, -2.0928298406029224, -5.551471944504971, -3.721027693364731, -0.12066489152801463
423, -0.02599334716796875, -0.1548309326171875, 1.012904405593872, 0.03171849250793457, -0.8155242204666138, -0.021130800247192383, 0.0, -2.092813116104498, -5.551483724662617, -3.7210367558913693, -0.12064251605296761
424, -0.02603006362915039, -0.15486764907836914, 1.0131280422210693, 0.03170037269592285, -0.815505862236023, -0.021140098571777344, 0.0, -2.0926934397622854, -5.551458843810109, -3.7210080668877694, -0.12062336012623032
425, -0.026103734970092773, -0.15490460395812988, 1.0133516788482666, 0.03167295455932617, -0.8154968023300171, -0.021149158477783203, 0.0, -2.0926405010780944, -5.551467908012796, -3.7210143896858687, -0.12061844414515743
426, -0.026133298873901367, -0.15494894981384277, 1.0135035514831543, 0.03169131278991699, -0.8154968023300171, -0.021149158477783203, 0.0, -2.092618997792319, -5.551484054635315, -3.721023906558924, -0.1206310409796254
427, -0.026185035705566406, -0.15496349334716797, 1.0135993957519531, 0.03166389465332031, -0.8155242204666138, -0.021149158477783203, 0.0, -2.0924995679683773, -5.551457335836528, -3.7209957251486006, -0.12062946429606392
428, -0.02622199058532715, -0.15498590469360352, 1.0136632919311523, 0.03164553642272949, -0.8155242204666138, -0.021149158477783203, 0.0, -2.0924763035220724, -5.551469121107134, -3.7209982539373434, -0.12066930027990441
429, -0.026229381561279297, -0.15500783920288086, 1.0137431621551514, 0.03162741661071777, -0.8155242204666138, -0.021149158477783203, 0.0, -2.0924201238838673, -5.551492963159279, -3.720991925543084, -0.1206974539500667
430, -0.026243925094604492, -0.1550741195678711, 1.0139031410217285, 0.03161811828613281, -0.8155423402786255, -0.021112680435180664, 0.0, -2.0923216631342463, -5.551482669964498, -3.72097382937928, -0.12072578562023573
431, -0.026243925094604492, -0.15511107444763184, 1.014014720916748, 0.03159976005554199, -0.8155514001846313, -0.021140098571777344, 0.0, -2.0923128031438596, -5.55148712831136, -3.720982203608437, -0.12075126191433494
432, -0.026243925094604492, -0.15518474578857422, 1.0143024921417236, 0.03160905838012695, -0.8156610727310181, -0.021149158477783203, 0.0, -2.09225702693536, -5.551507126402093, -3.720975161322207, -0.12074479999818521
433, -0.02625870704650879, -0.1552290916442871, 1.014510154724121, 0.03159070014953613, -0.8156701326370239, -0.021130800247192383, 0.0, -2.0921895529706656, -5.551496747604316, -3.7209629792539487, -0.12075590965155847
434, -0.026243925094604492, -0.15529537200927734, 1.014805793762207, 0.03159070014953613, -0.8157066106796265, -0.021149158477783203, 0.0, -2.092144300049794, -5.551493752109893, -3.7209679818941974, -0.12074345387184682
435, -0.02625870704650879, -0.15533232688903809, 1.0150055885314941, 0.031554222106933594, -0.8156975507736206, -0.021140098571777344, 0.0, -2.0921018377491403, -5.551507138780846, -3.7209585053761707, -0.12071973969511429
436, -0.026243925094604492, -0.15534710884094238, 1.0151653289794922, 0.03159070014953613, -0.8157614469528198, -0.021158218383789062, 0.0, -2.092051125643883, -5.551496032512635, -3.7209515055422475, -0.12069947587204233
437, -0.02625870704650879, -0.15538406372070312, 1.0152852535247803, 0.03156328201293945, -0.8157888650894165, -0.021130800247192383, 0.0, -2.092020331320569, -5.551487830233685, -3.7209544396855625, -0.12067227415576642
438, -0.026280879974365234, -0.15541338920593262, 1.0154690742492676, 0.031554222106933594, -0.8158072233200073, -0.021121740341186523, 0.0, -2.091984900491731, -5.55149496841997, -3.7209576317803115, -0.12064584590743266
439, -0.02629566192626953, -0.15545034408569336, 1.0157406330108643, 0.03154492378234863, -0.8160902261734009, -0.021149158477783203, 0.0, -2.091901042047827, -5.551477008447187, -3.720941577333799, -0.12063640937270836
440, -0.026332616806030273, -0.15556097030639648, 1.0160202980041504, 0.03154492378234863, -0.8162180185317993, -0.021130800247192383, 0.0, -2.0918966449062544, -5.55148352376093, -3.7209467363000965, -0.1206352496735903
441, -0.026332616806030273, -0.15560531616210938, 1.0162758827209473, 0.031526803970336914, -0.8162726163864136, -0.021140098571777344, 0.0, -2.0918694181957145, -5.551494111968445, -3.7209460895975965, -0.12065146073043209
442, -0.026354551315307617, -0.15560531616210938, 1.0163798332214355, 0.031508445739746094, -0.8163183927536011, -0.021149158477783203, 0.0, -2.0918244027768105, -5.551483649318767, -3.720944249705581, -0.1206661769139954
443, -0.026354551315307617, -0.15562725067138672, 1.0164756774902344, 0.031490325927734375, -0.816327691078186, -0.021121740341186523, 0.0, -2.091816265407381, -5.551485934013229, -3.72095479940721, -0.1206746614898595
444, -0.026376724243164062, -0.15562009811401367, 1.0165555477142334, 0.031462907791137695, -0.8163551092147827, -0.021121740341186523, 0.0, -2.091792491415111, -5.551493890505406, -3.720945247127269, -0.12069995978245984
445, -0.026413679122924805, -0.15564966201782227, 1.0166194438934326, 0.031490325927734375, -0.816482663154602, -0.021140098571777344, 0.0, -2.0917600381853103, -5.551483450260423, -3.72094121670889, -0.12070165496340923
446, -0.026406288146972656, -0.1557009220123291, 1.0166592597961426, 0.031499385833740234, -0.8165193796157837, -0.021121740341186523, 0.0, -2.0917535422635365, -5.5514961049386695, -3.7209439418993573, -0.12071141873446489
447, -0.02642822265625, -0.155745267868042, 1.0167152881622314, 0.031444549560546875, -0.8166106939315796, -0.021140098571777344, 0.0, -2.09172193303655, -5.551493802776632, -3.7209342455503425, -0.12069769095057215
448, -0.02642822265625, -0.15577483177185059, 1.0167713165283203, 0.031453847885131836, -0.8168479204177856, -0.021167278289794922, 0.0, -2.0916959966339443, -5.55148657081426, -3.720927028058775, -0.12071413280848997
449, -0.02642083168029785, -0.15584850311279297, 1.0169789791107178, 0.0314173698425293, -0.8184551000595093, -0.021140098571777344, 0.0, -2.091711640251161, -5.5514931239261625, -3.7209371894595518, -0.12072503422085035
450, -0.0264432430267334, -0.15584135055541992, 1.0171706676483154, 0.031426429748535156, -0.8213585615158081, -0.021149158477783203, 0.0, -2.0916887200547336, -5.5514950259387374, -3.7209293858207246, -0.12069981773484972
451, -0.026457786560058594, -0.15584135055541992, 1.017338514328003, 0.03138995170593262, -0.8237143754959106, -0.021149158477783203, 0.0, -2.0916643200724843, -5.551478698085337, -3.7209306286349153, -0.12069259698124934
452, -0.026465177536010742, -0.155900239944458, 1.0173945426940918, 0.03138089179992676, -0.8239790201187134, -0.021140098571777344, 0.0, -2.0916799785368325, -5.5514800723525095, -3.720933819224592, -0.12067790310514592
453, -0.026465177536010742, -0.15595197677612305, 1.017442226409912, 0.03138995170593262, -0.8239790201187134, -0.021167278289794922, 0.0, -2.0916569130206355, -5.5514716410663265, -3.7209230832609035, -0.12069917838514321
454, -0.02647995948791504, -0.15600347518920898, 1.0175142288208008, 0.0313715934753418, -0.8239518404006958, -0.021158218383789062, 0.0, -2.0916492125269803, -5.551457704925014, -3.7209260520035596, -0.12069065637389809
455, -0.026494979858398438, -0.15606260299682617, 1.0176501274108887, 0.03138995170593262, -0.8239609003067017, -0.021158218383789062, 0.0, -2.091649783066853, -5.5514647067546115, -3.720927475870265, -0.1206513558598461
456, -0.026502132415771484, -0.15606975555419922, 1.0177619457244873, 0.03136253356933594, -0.8239518404006958, -0.021130800247192383, 0.0, -2.0916351542418776, -5.551450549755418, -3.720923678171889, -0.12064051394692932
457, -0.026502132415771484, -0.15610671043395996, 1.0178577899932861, 0.03136253356933594, -0.8239609003067017, -0.021130800247192383, 0.0, -2.091624691171497, -5.551443031675722, -3.7209236514880026, -0.12064253636019906
458, -0.026509523391723633, -0.156158447265625, 1.0179777145385742, 0.03136253356933594, -0.8239518404006958, -0.021121740341186523, 0.0, -2.0916302311585655, -5.551455681861104, -3.7209295074447235, -0.1206424768627139
459, -0.02652430534362793, -0.15616583824157715, 1.0180015563964844, 0.03134417533874512, -0.8239425420761108, -0.021130800247192383, 0.0, -2.0916128967847283, -5.5514503317405826, -3.72092117699224, -0.12062582700816282
460, -0.026546239852905273, -0.15621018409729004, 1.018049716949463, 0.03134417533874512, -0.8239244222640991, -0.021140098571777344, 0.0, -2.091604689784638, -5.5514381281973, -3.720920047839784, -0.12065207676667633
461, -0.026561260223388672, -0.15624690055847168, 1.018073558807373, 0.0313260555267334, -0.823933482170105, -0.021130800247192383, 0.0, -2.0916024834629265, -5.55145063858145, -3.7209179152911402, -0.12065795139207225
462, -0.026590585708618164, -0.15629100799560547, 1.0181293487548828, 0.0313260555267334, -0.8239790201187134, -0.021158218383789062, 0.0, -2.091598898141091, -5.551433773814098, -3.7209162579786286, -0.12065166078436107
463, -0.026583194732666016, -0.15631318092346191, 1.018153429031372, 0.03129839897155762, -0.8239699602127075, -0.021130800247192383, 0.0, -2.091602769235225, -5.551427416712311, -3.7209183687098015, -0.1206580708862166
464, -0.026605606079101562, -0.15636467933654785, 1.018209457397461, 0.03130769729614258, -0.823933482170105, -0.021140098571777344, 0.0, -2.091612518318355, -5.5514340027562445, -3.7209191833279984, -0.12064882771764118
465, -0.026605606079101562, -0.15636467933654785, 1.0182652473449707, 0.03128933906555176, -0.8239518404006958, -0.021130800247192383, 0.0, -2.0915963520512957, -5.551431974869156, -3.720911973560735, -0.12064641113341068
466, -0.026627540588378906, -0.1563870906829834, 1.01832914352417, 0.03127098083496094, -0.8239425420761108, -0.021149158477783203, 0.0, -2.091593843930971, -5.5514244903261405, -3.720918379942172, -0.12063092097971317
467, -0.026634931564331055, -0.15640902519226074, 1.0183770656585693, 0.03126192092895508, -0.8239244222640991, -0.021121740341186523, 0.0, -2.0915876229508363, -5.551425980657858, -3.720915160262892, -0.1206281474111206
468, -0.0266420841217041, -0.15643858909606934, 1.0183930397033691, 0.0312802791595459, -0.8239425420761108, -0.021149158477783203, 0.0, -2.0915667469026165, -5.55142366931663, -3.720909350603305, -0.1206360816346681
469, -0.0266568660736084, -0.15646076202392578, 1.0184249877929688, 0.03125286102294922, -0.8239518404006958, -0.021149158477783203, 0.0, -2.091565365888142, -5.551407349307279, -3.7209129904002523, -0.1206193945937688
470, -0.02666449546813965, -0.15648293495178223, 1.0184810161590576, 0.03122544288635254, -0.8239518404006958, -0.021121740341186523, 0.0, -2.0915632741152557, -5.5514214921935885, -3.7209123047156822, -0.12061754298512728
471, -0.026671886444091797, -0.15652704238891602, 1.0185129642486572, 0.03120708465576172, -0.8239518404006958, -0.021121740341186523, 0.0, -2.091553307947072, -5.551415758066875, -3.7209126843030647, -0.12062279288629085
472, -0.026679039001464844, -0.1565566062927246, 1.0185370445251465, 0.03121638298034668, -0.8239518404006958, -0.021121740341186523, 0.0, -2.0915559521344904, -5.551412248687442, -3.720914598816826, -0.12061039659999473
473, -0.026686429977416992, -0.15657877922058105, 1.0185928344726562, 0.03121638298034668, -0.8239790201187134, -0.021121740341186523, 0.0, -2.0915560762241996, -5.551424023226941, -3.7209115064202303, -0.1205834554377363
474, -0.026686429977416992, -0.1565859317779541, 1.0186247825622559, 0.03119802474975586, -0.8239425420761108, -0.021149158477783203, 0.0, -2.091548383292134, -5.551410510705942, -3.720909313212964, -0.12056928191526417
475, -0.026686429977416992, -0.1566157341003418, 1.018648624420166, 0.03119802474975586, -0.8239609003067017, -0.021130800247192383, 0.0, -2.0915449456541264, -5.551401775986354, -3.7209137371135337, -0.12060133910806492
476, -0.02670121192932129, -0.15662288665771484, 1.018688678741455, 0.03117990493774414, -0.8239609003067017, -0.021149158477783203, 0.0, -2.0915257589271823, -5.551418255661817, -3.720909476715452, -0.1206049082032088
477, -0.026708602905273438, -0.1566450595855713, 1.0187606811523438, 0.03116154670715332, -0.8239883184432983, -0.021112680435180664, 0.0, -2.091516077809773, -5.551415004652635, -3.7209070816604015, -0.1206003866408869
478, -0.026708602905273438, -0.1566450595855713, 1.0187525749206543, 0.03117990493774414, -0.8239609003067017, -0.021140098571777344, 0.0, -2.091519673776117, -5.551412951382927, -3.720911298625461, -0.12060536161935786
479, -0.026716232299804688, -0.1566450595855713, 1.0187766551971436, 0.03117990493774414, -0.823933482170105, -0.021130800247192383, 0.0, -2.091509201967049, -5.551425855521616, -3.7209023653469675, -0.1206036587543462
480, -0.026708602905273438, -0.15668201446533203, 1.0188086032867432, 0.0311434268951416, -0.8239699602127075, -0.021130800247192383, 0.0, -2.091490963354052, -5.551414172279213, -3.7208983861605405, -0.1206081351878856
481, -0.026716232299804688, -0.15665984153747559, 1.0188086032867432, 0.03113412857055664, -0.8239425420761108, -0.021130800247192383, 0.0, -2.091496553789237, -5.551409265446213, -3.720905760697945, -0.12060949594204118
482, -0.026723384857177734, -0.15667462348937988, 1.0188326835632324, 0.0311434268951416, -0.8239518404006958, -0.021121740341186523, 0.0, -2.0914891185572224, -5.551421933175833, -3.720902397552525, -0.12059859427633324
483, -0.026730775833129883, -0.15671157836914062, 1.018864631652832, 0.03113412857055664, -0.8239518404006958, -0.021140098571777344, 0.0, -2.0914830316211708, -5.551417476423883, -3.720900647161187, -0.12059654160963529
484, -0.026730775833129883, -0.15671157836914062, 1.018904447555542, 0.03113412857055664, -0.8239609003067017, -0.021167278289794922, 0.0, -2.0914845244299043, -5.551417040399741, -3.720906594750506, -0.12059924105939679
485, -0.026723384857177734, -0.15670394897460938, 1.0189285278320312, 0.031106948852539062, -0.8239518404006958, -0.021094322204589844, 0.0, -2.0914816453772387, -5.551425298358505, -3.720901622156323, -0.12058604155139019
486, -0.026723384857177734, -0.15671157836914062, 1.018944263458252, 0.03112506866455078, -0.8239883184432983, -0.021121740341186523, 0.0, -2.091474378578141, -5.551419016112425, -3.7209012643404678, -0.12058506753198373
487, -0.026723384857177734, -0.15672636032104492, 1.0189762115478516, 0.031106948852539062, -0.8239699602127075, -0.021121740341186523, 0.0, -2.0914808393733098, -5.551418165091115, -3.720902911027843, -0.12056814300339003
488, -0.026716232299804688, -0.15671157836914062, 1.0190002918243408, 0.0310976505279541, -0.8239699602127075, -0.021149158477783203, 0.0, -2.09148778938146, -5.55142113184658, -3.720903636484953, -0.12056220887931701
489, -0.02674555778503418, -0.15670394897460938, 1.0190081596374512, 0.031106948852539062, -0.8239609003067017, -0.021121740341186523, 0.0, -2.091478106643376, -5.551412759135332, -3.720901054571606, -0.12057299873300042
490, -0.026730775833129883, -0.15673351287841797, 1.0190401077270508, 0.031079530715942383, -0.8239153623580933, -0.021130800247192383, 0.0, -2.0914741150190945, -5.5514111060442985, -3.7208977184427527, -0.12057690300988622
491, -0.02673816680908203, -0.15671157836914062, 1.01906418800354, 0.031079530715942383, -0.8239518404006958, -0.021140098571777344, 0.0, -2.0914869108226255, -5.551417994057271, -3.7209023846071845, -0.12056649963624189
492, -0.02673816680908203, -0.15670394897460938, 1.0190722942352295, 0.031061172485351562, -0.8239883184432983, -0.021149158477783203, 0.0, -2.091475684781701, -5.551413044149744, -3.7209008983731104, -0.12057338546757457
493, -0.026752710342407227, -0.15671157836914062, 1.0190961360931396, 0.031079530715942383, -0.8239518404006958, -0.021149158477783203, 0.0, -2.091470719860136, -5.551413978740225, -3.720897561698366, -0.12058997583032394
494, -0.026760101318359375, -0.15671896934509277, 1.0191121101379395, 0.031052112579345703, -0.8239425420761108, -0.021130800247192383, 0.0, -2.0914797858377545, -5.551416244453078, -3.720897798366811, -0.120578657935142
495, -0.026760101318359375, -0.15671157836914062, 1.0192718505859375, 0.031061172485351562, -0.8240979909896851, -0.021130800247192383, 0.02194201946258545, -2.0914752481967898, -5.551413879666651, -3.7208946615806195, -0.12059072698744355
496, -0.02673816680908203, -0.15671896934509277, 1.019399642944336, 0.031052112579345703, -0.8239153623580933, -0.021112680435180664, 0.04949050903320312, -2.091469633722131, -5.55140626536745, -3.720900244088309, -0.12059958342360044
497, -0.026752710342407227, -0.15670394897460938, 1.0195276737213135, 0.031042814254760742, -0.8239425420761108, -0.021121740341186523, 0.09221392631530761, -2.0914717334257737, -5.551418906702359, -3.7209032807320663, -0.12060281784536553
498, -0.026760101318359375, -0.15668201446533203, 1.0195674896240234, 0.031042814254760742, -0.8240796327590942, -0.021130800247192383, 0.13191450119018555, -2.091463475353323, -5.551425426065069, -3.720900266505508, -0.12061089362979249
499, -0.026752710342407227, -0.15667462348937988, 1.0196235179901123, 0.031024694442749023, -0.8240066766738892, -0.021130800247192383, 0.19262182235717773, -2.091457117781181, -5.5514209893450595, -3.720894937311801, -0.12057005385504471
500, -0.026752710342407227, -0.15671157836914062, 1.019639492034912, 0.031033754348754883, -0.8239790201187134, -0.021121740341186523, 0.2582831382751465, -2.0914708519147323, -5.551423744754556, -3.720897529231504, -0.1205731551689544
501, -0.026752710342407227, -0.15674090385437012, 1.0195915699005127, 0.031015396118164062, -0.8240524530410767, -0.021140098571777344, 0.3188837242126465, -2.091465649307399, -5.551421945047093, -3.7208979606055026, -0.12059967266996807
502, -0.02674555778503418, -0.1568589210510254, 1.0195834636688232, 0.031015396118164062, -0.8240524530410767, -0.021130800247192383, 0.3743088150024414, -2.0914613932919943, -5.55141734775136, -3.720892588358446, -0.12058768568039024
503, -0.02674555778503418, -0.15694761276245117, 1.0195915699005127, 0.031006336212158203, -0.8239425420761108, -0.021094322204589844, 0.4235051727294922, -2.091475818287857, -5.551414322775141, -3.7208897936341168, -0.12058991684009346
504, -0.026752710342407227, -0.15698456764221191, 1.0196633338928223, 0.030987977981567383, -0.8240979909896851, -0.021158218383789062, 0.47690750122070313, -2.091488472392601, -5.5514175255269205, -3.720901129997654, -0.1205862064393326
505, -0.026752710342407227, -0.15696954727172852, 1.019655466079712, 0.030969858169555664, -0.8240889310836792, -0.021121740341186523, 0.5229513549804687, -2.0914719034286824, -5.5514182901993525, -3.7209063491181182, -0.12059099472660684
506, -0.026760101318359375, -0.15697693824768066, 1.0196874141693115, 0.030978918075561523, -0.8240705728530884, -0.021149158477783203, 0.5602627944946289, -2.091465921774739, -5.551411651444625, -3.720892680764926, -0.12058793136177304
507, -0.02674555778503418, -0.15698456764221191, 1.019759178161621, 0.030960559844970703, -0.8241254091262817, -0.021094322204589844, 0.5842922973632813, -2.0914731795701735, -5.55141593999584, -3.7208924975273137, -0.12059743508638032
508, -0.026752710342407227, -0.15700650215148926, 1.019759178161621, 0.030960559844970703, -0.8240524530410767, -0.021121740341186523, 0.6149626922607422, -2.0914813878702114, -5.5514141219097155, -3.7209009995535154, -0.12059611895586553
509, -0.026752710342407227, -0.1569991111755371, 1.0197911262512207, 0.030942440032958984, -0.8240615129470825, -0.021140098571777344, 0.655350341796875, -2.091469925322996, -5.551412375903923, -3.7208978481828816, -0.1205870983954691
510, -0.026752710342407227, -0.15695476531982422, 1.0198392868041992, 0.030951499938964844, -0.824015736579895, -0.021130800247192383, 0.6977759552001953, -2.0914644575805843, -5.551417927659654, -3.7208942616842045, -0.12060228337893619
511, -0.026760101318359375, -0.15694761276245117, 1.0199670791625977, 0.030942440032958984, -0.8241161108016968, -0.021149158477783203, 0.7512317657470703, -2.0914622693944205, -5.551427178681284, -3.720894964997667, -0.12059672111550412
512, -0.02674555778503418, -0.15697693824768066, 1.0199589729309082, 0.030951499938964844, -0.8240615129470825, -0.021140098571777344, 0.8058248901367188, -2.0914591419956645, -5.551425903957636, -3.7208929374179665, -0.12059817829963304
513, -0.026752710342407227, -0.15698456764221191, 1.0199511051177979, 0.030942440032958984, -0.8242987394332886, -0.021176576614379883, 0.86173095703125, -2.0914677083221527, -5.551422993463702, -3.720896061595706, -0.12060639564220832
514, -0.026752710342407227, -0.1570284366607666, 1.0199110507965088, 0.030933380126953125, -0.824262261390686, -0.021140098571777344, 0.9023093414306641, -2.0914786612081406, -5.551420932964392, -3.720895146377447, -0.12059975574460946
515, -0.02674555778503418, -0.15703582763671875, 1.0199110507965088, 0.030905961990356445, -0.8243170976638794, -0.021140098571777344, 0.938857421875, -2.0914865445311213, -5.5514148058577595, -3.720893582351692, -0.12059400780564378
516, -0.026752710342407227, -0.15704345703125, 1.0199270248413086, 0.030924081802368164, -0.824508786201477, -0.021185636520385742, 0.9536506652832031, -2.0915046761686913, -5.55141226403603, -3.7208939580342864, -0.12057779725495887
517, -0.02673816680908203, -0.15705084800720215, 1.0199270248413086, 0.030896663665771484, -0.824426531791687, -0.021158218383789062, 0.9555665588378907, -2.0915054315898036, -5.551406409307325, -3.7209058420784875, -0.12057085192927364
518, -0.026760101318359375, -0.1570582389831543, 1.0199589729309082, 0.030915021896362305, -0.8244084119796753, -0.021140098571777344, 0.9555055236816407, -2.091493710026378, -5.551410156920926, -3.7209004517630064, -0.12055685639131486
519, -0.026760101318359375, -0.1570284366607666, 1.0200228691101074, 0.030905961990356445, -0.8243900537490845, -0.021140098571777344, 0.9554902648925782, -2.091478910987394, -5.551416969398061, -3.7208964500375936, -0.12056356372696353
520, -0.026767492294311523, -0.15703582763671875, 1.020094871520996, 0.030887603759765625, -0.8243993520736694, -0.021149158477783203, 0.9554826354980469, -2.091465609039129, -5.5514145637063805, -3.7208941721231645, -0.1205569676937257
521, -0.026767492294311523, -0.15704345703125, 1.0200867652893066, 0.030878543853759766, -0.8243900537490845, -0.021140098571777344, 0.9555055236816407, -2.0914558844707907, -5.551411305241818, -3.720891523745433, -0.12055243894745615
522, -0.026760101318359375, -0.1570582389831543, 1.0200788974761963, 0.030887603759765625, -0.8244174718856812, -0.021130800247192383, 0.9554902648925782, -2.091452776673306, -5.551418891630897, -3.7208905004340074, -0.12057970016052799
523, -0.026752710342407227, -0.15706539154052734, 1.0200867652893066, 0.030869483947753906, -0.8243993520736694, -0.021140098571777344, 0.9554978942871094, -2.091455810034541, -5.551411960307201, -3.7208935388640874, -0.1205884899129872
524, -0.026767492294311523, -0.15706539154052734, 1.0200788974761963, 0.030878543853759766, -0.8244084119796753, -0.021158218383789062, 0.9554597473144532, -2.091472974883904, -5.551409058707469, -3.720893564286708, -0.1205829502164093
525, -0.026767492294311523, -0.1570727825164795, 1.0200867652893066, 0.030860185623168945, -0.8244174718856812, -0.021167278289794922, 0.9554826354980469, -2.091474994659303, -5.551412778325764, -3.7208916633006943, -0.12058089805805228
526, -0.026767492294311523, -0.15704345703125, 1.0200867652893066, 0.030860185623168945, -0.8243809938430786, -0.021130800247192383, 0.9554750061035157, -2.09148041317353, -5.551414821609984, -3.7208964393176744, -0.12058540423764441
527, -0.026775121688842773, -0.15702128410339355, 1.0201029777526855, 0.030860185623168945, -0.8243900537490845, -0.021130800247192383, 0.9554521179199219, -2.0914796780838523, -5.551418650807747, -3.720893978668773, -0.12061050891525049
528, -0.026767492294311523, -0.15706539154052734, 1.0201187133789062, 0.030851125717163086, -0.8243900537490845, -0.021149158477783203, 0.9554826354980469, -2.091478458313971, -5.551424447681983, -3.720893191136664, -0.12062642248631406
529, -0.026767492294311523, -0.15704345703125, 1.0201268196105957, 0.030869483947753906, -0.8243900537490845, -0.021140098571777344, 0.9554750061035157, -2.0914668378069377, -5.551416767900005, -3.720893308526191, -0.12062929298943192
530, -0.026767492294311523, -0.1570582389831543, 1.0201187133789062, 0.030851125717163086, -0.8243993520736694, -0.021140098571777344, 0.9553833770751953, -2.0914520043007676, -5.551420081382717, -3.720887019950325, -0.12062219122912055
531, -0.026760101318359375, -0.1570727825164795, 1.0201349258422852, 0.030851125717163086, -0.8244084119796753, -0.021158218383789062, 0.9517881011962891, -2.091439286088229, -5.551421620242528, -3.72088490361552, -0.12063455726225758
532, -0.026767492294311523, -0.1570727825164795, 1.0201587677001953, 0.030842065811157227, -0.8245178461074829, -0.021167278289794922, 0.9406282806396484, -2.091446538411528, -5.55142206562076, -3.7208924528220635, -0.12062052529862388
533, -0.026752710342407227, -0.15708017349243164, 1.0201587677001953, 0.030851125717163086, -0.8244632482528687, -0.021140098571777344, 0.9188735198974609, -2.091451340696049, -5.551414186831591, -3.7208878990605037, -0.12060657514562756
534, -0.026760101318359375, -0.15708017349243164, 1.0201668739318848, 0.030814647674560547, -0.8245817422866821, -0.021140098571777344, 0.8721502685546875, -2.0914582724918276, -5.551417780881682, -3.7208935930231464, -0.12059817212838109
535, -0.026767492294311523, -0.15710973739624023, 1.0201668739318848, 0.030833005905151367, -0.824508786201477, -0.021158218383789062, 0.8095346069335938, -2.0914654697483703, -5.551404461747454, -3.7208943399125127, -0.12056880644421497
536, -0.026752710342407227, -0.15715408325195312, 1.0201506614685059, 0.030823707580566406, -0.8245269060134888, -0.021112680435180664, 0.7429650115966797, -2.0914704547396314, -5.551402385282721, -3.720892055458213, -0.1205754699207171
537, -0.026767492294311523, -0.1572129726409912, 1.0202467441558838, 0.030814647674560547, -0.8250840902328491, -0.021158218383789062, 0.6456179046630859, -2.0914501364062232, -5.551398480888433, -3.7208892065690296, -0.1205769047911005
538, -0.026782512664794922, -0.1573014259338379, 1.0202226638793945, 0.030805587768554688, -0.8250018358230591, -0.021130800247192383, 0.5514844512939453, -2.091434914358502, -5.551398396011408, -3.7208935179798317, -0.120555272011031
539, -0.026782512664794922, -0.15739727020263672, 1.020270586013794, 0.030778169631958008, -0.8249379396438599, -0.021149158477783203, 0.4652591323852539, -2.091415240911277, -5.55139855746706, -3.72088505128606, -0.12056805452190122
540, -0.026775121688842773, -0.1574709415435791, 1.0203344821929932, 0.030796527862548828, -0.8247097730636597, -0.021158218383789062, 0.3565996170043945, -2.091406404662926, -5.551399040694713, -3.7208765176387693, -0.12055819406567903
541, -0.026797056198120117, -0.15746378898620605, 1.0204544067382812, 0.030778169631958008, -0.8246458768844604, -0.021130800247192383, 0.26267236709594727, -2.0913964554129403, -5.5514096933749615, -3.7208796734711145, -0.12055658044774553
542, -0.026782512664794922, -0.1574709415435791, 1.0205421447753906, 0.030787229537963867, -0.824508786201477, -0.021121740341186523, 0.21116310119628906, -2.0913858728593278, -5.55141244986547, -3.720880055250866, -0.12055315189566418
543, -0.026804447174072266, -0.15743422508239746, 1.020766019821167, 0.03076910972595215, -0.8244723081588745, -0.021140098571777344, 0.13219696044921875, -2.0913847640310865, -5.551406829650013, -3.7208796531445136, -0.12058985734250527
544, -0.026797056198120117, -0.15738272666931152, 1.0209336280822754, 0.03076910972595215, -0.8244448900222778, -0.021149158477783203, 0.08428293228149414, -2.0913982136510856, -5.551404013239559, -3.7208817368100253, -0.12057940216392371
545, -0.02678966522216797, -0.15738272666931152, 1.020981788635254, 0.03076910972595215, -0.8244084119796753, -0.021121740341186523, 0.03446829319000244, -2.091400065676035, -5.551402708208378, -3.7208819145810224, -0.12057559508040949
546, -0.026797056198120117, -0.15739011764526367, 1.020981788635254, 0.03076910972595215, -0.8243900537490845, -0.021140098571777344, 0.020690202713012695, -2.0914073390313934, -5.551398870987243, -3.7208854471126602, -0.12058619925603775
547, -0.026804447174072266, -0.15744900703430176, 1.0209896564483643, 0.03072333335876465, -0.8241709470748901, -0.021149158477783203, 0.0, -2.0914135742779116, -5.551390495807326, -3.720886651462369, -0.12060592785711499
548, -0.026804447174072266, -0.1574563980102539, 1.0209417343139648, 0.030732393264770508, -0.8244723081588745, -0.021121740341186523, 0.0, -2.0914049517789275, -5.551393127592373, -3.7208777322503988, -0.12060246237749528
549, -0.02678966522216797, -0.15755963325500488, 1.0209336280822754, 0.030741453170776367, -0.824426531791687, -0.021130800247192383, 0.0, -2.091401097447643, -5.551395600997631, -3.720882443860592, -0.12059173946077362
550, -0.026811838150024414, -0.15761852264404297, 1.020925760269165, 0.030750751495361328, -0.8244723081588745, -0.021130800247192383, 0.0, -2.0914090282179605, -5.551389157431982, -3.7208813632285653, -0.1205920964462166
551, -0.026797056198120117, -0.15763330459594727, 1.0209498405456543, 0.030732393264770508, -0.8244632482528687, -0.021130800247192383, 0.0, -2.0914111135805893, -5.551396920389593, -3.7208749340577887, -0.12057961142272866
552, -0.026797056198120117, -0.15763330459594727, 1.0209417343139648, 0.030732393264770508, -0.8244904279708862, -0.021149158477783203, 0.0, -2.091401736094158, -5.551400290648408, -3.7208806026146664, -0.12057262121862511
553, -0.026797056198120117, -0.15761137008666992, 1.0209577083587646, 0.03072333335876465, -0.8244448900222778, -0.021140098571777344, 0.0, -2.091406612260932, -5.551392451600195, -3.7208839217421694, -0.12056078965009043
554, -0.02678966522216797, -0.15760397911071777, 1.020965576171875, 0.030732393264770508, -0.8244632482528687, -0.021140098571777344, 0.0, -2.091415126433122, -5.551391978892988, -3.7208841758532305, -0.12054225920561112
555, -0.026797056198120117, -0.15757441520690918, 1.0210297107696533, 0.03072333335876465, -0.8244448900222778, -0.021140098571777344, 0.0, -2.0914271064426337, -5.55139199251688, -3.7208888424818793, -0.120569751223643
556, -0.026797056198120117, -0.15758156776428223, 1.0210216045379639, 0.030704975128173828, -0.8244448900222778, -0.021176576614379883, 0.0, -2.0914340483099876, -5.551384344201471, -3.7208889898640143, -0.12056504449575467
557, -0.026804447174072266, -0.15759658813476562, 1.021005630493164, 0.030750751495361328, -0.824435830116272, -0.021149158477783203, 0.0, -2.091438291582463, -5.551388619929946, -3.7208861398377215, -0.1205754699207171
558, -0.026804447174072266, -0.15761852264404297, 1.0209896564483643, 0.03069591522216797, -0.8244448900222778, -0.021158218383789062, 0.0, -2.0914390744645925, -5.551402919529151, -3.7208832869108304, -0.12058031128215774
559, -0.026804447174072266, -0.15763330459594727, 1.0209896564483643, 0.030714035034179688, -0.8244723081588745, -0.021130800247192383, 0.0, -2.0914265049675667, -5.551400396845009, -3.720881720760663, -0.12056320725177994
560, -0.026819229125976562, -0.15762591361999512, 1.0209896564483643, 0.030714035034179688, -0.824435830116272, -0.021149158477783203, 0.0, -2.0914172253046033, -5.551404695987803, -3.720880627188125, -0.12057810192571239
561, -0.026811838150024414, -0.15761852264404297, 1.021005630493164, 0.03069591522216797, -0.824435830116272, -0.021149158477783203, 0.0, -2.0914171481463346, -5.551410946044611, -3.720883165827237, -0.12057836248204445
562, -0.026804447174072266, -0.15758895874023438, 1.0210216045379639, 0.03069591522216797, -0.824435830116272, -0.021185636520385742, 0.0, -2.091415031394624, -5.551399599278712, -3.72087604299144, -0.1205539343373685
563, -0.026819229125976562, -0.15758895874023438, 1.0210216045379639, 0.03067755699157715, -0.8244632482528687, -0.021140098571777344, 0.0, -2.091428614171132, -5.55140109912455, -3.7208838990051207, -0.12054925735983169
564, -0.026811838150024414, -0.15761137008666992, 1.0210137367248535, 0.030714035034179688, -0.8244448900222778, -0.021130800247192383, 0.0, -2.0914400674989224, -5.551403097063709, -3.7208877413114743, -0.12053462299112905
565, -0.026819229125976562, -0.15761137008666992, 1.0210216045379639, 0.03069591522216797, -0.824435830116272, -0.021149158477783203, 0.0, -2.091442160013038, -5.551399326789904, -3.720886720136561, -0.12054628324669814
566, -0.026811838150024414, -0.15762591361999512, 1.0210216045379639, 0.03069591522216797, -0.8244539499282837, -0.021140098571777344, 0.0, -2.0914404431014884, -5.551390925269698, -3.720887180305938, -0.12052760355292946
567, -0.026797056198120117, -0.15826773643493652, 1.0219004154205322, 0.030704975128173828, -0.8246093988418579, -0.021130800247192383, 0.0, -2.091483540598783, -5.551390917372635, -3.7209456152728597, -0.12050688477094251
568, -0.026826858520507812, -0.16103315353393555, 1.0261509418487549, 0.03066849708557129, -0.8274215459823608, -0.021158218383789062, 0.0, -2.0914348276303034, -5.5514002124212105, -3.721094600267017, -0.12050694038910326
569, -0.026841402053833008, -0.16337084770202637, 1.0299937725067139, 0.03065013885498047, -0.8294578790664673, -0.021149158477783203, 0.0, -2.091399839204887, -5.551408545175619, -3.7211660049947954, -0.12048143069807526
570, -0.026826858520507812, -0.164337158203125, 1.0321829319000244, 0.03065013885498047, -0.8306995630264282, -0.021130800247192383, 0.0, -2.091412602486833, -5.551429853533514, -3.7211535721937814, -0.12048977579120645
571, -0.026819229125976562, -0.16609978675842285, 1.0357623100280762, 0.03065943717956543, -0.8337126970291138, -0.021140098571777344, 0.0, -2.0914292212315844, -5.55140969702442, -3.7211314509030347, -0.12049755513070082
572, -0.026856184005737305, -0.16846704483032227, 1.0402922630310059, 0.03062295913696289, -0.8361598253250122, -0.021140098571777344, 0.0, -2.091422744681277, -5.551413184848797, -3.7211560595575586, -0.12048854890814553
573, -0.026848793029785156, -0.17340087890625, 1.0495200157165527, 0.03060460090637207, -0.8403326272964478, -0.021130800247192383, 0.0, -2.0913381942166853, -5.5514259872314415, -3.7211485408431875, -0.12053506177178264
574, -0.026848793029785156, -0.1764688342809677, 1.0563991069793701, 0.03061366081237793, -0.8436836004257202, -0.021121740341186523, 0.0, -2.0913336984318907, -5.551436714425123, -3.72111784766509, -0.12054355456197019
575, -0.026856184005737305, -0.17969155311584473, 1.0633180141448975, 0.03060460090637207, -0.8467787504196167, -0.021149158477783203, 0.0, -2.0913218066134474, -5.551422515950283, -3.7211041483900473, -0.12057535250804463
576, -0.0268707275390625, -0.1838216781616211, 1.071786880493164, 0.03059554100036621, -0.8514448404312134, -0.021121740341186523, 0.0, -2.091267704928118, -5.551423767095758, -3.7211138917492175, -0.120552581293774
577, -0.026893138885498047, -0.18808436393737793, 1.0811026096343994, 0.03058624267578125, -0.856932520866394, -0.021130800247192383, 0.0, -2.0912127729546324, -5.5514296633730815, -3.721120744094136, -0.12055680435396532
578, -0.026856184005737305, -0.19273781776428223, 1.0916647911071777, 0.030559062957763672, -0.8624838590621948, -0.021130800247192383, 0.0, -2.091191139582069, -5.5514302854355595, -3.7210965038873565, -0.12058454210183811
579, -0.026856184005737305, -0.1958131641149521, 1.0983037948608398, 0.03057718276977539, -0.8651045560836792, -0.021130800247192383, 0.0, -2.0911740919095916, -5.551433721350222, -3.7210808307565846, -0.12056514839893229
580, -0.02683401107788086, -0.19959664344787598, 1.1062214374542236, 0.03057718276977539, -0.8694599866867065, -0.021140098571777344, 0.0, -2.091134476100653, -5.55142285064816, -3.721085411388062, -0.12052156424300264
581, -0.026848793029785156, -0.20334315299987793, 1.1135637760162354, 0.03054976463317871, -0.8730849027633667, -0.021149158477783203, 0.0, -2.0910933721466822, -5.5514282927856575, -3.7210898067522384, -0.12052192019879282
582, -0.026826858520507812, -0.20998787879943848, 1.1275293827056885, 0.03054976463317871, -0.8805721998214722, -0.021130800247192383, 0.0, -2.091006542755475, -5.551442307463612, -3.721084087666823, -0.12049753636825944
583, -0.026841402053833008, -0.21548962593078613, 1.139801263809204, 0.030522584915161133, -0.8873838186264038, -0.021130800247192383, 0.0, -2.090911224687479, -5.55144995522982, -3.721054996001878, -0.12048502953882423
584, -0.026856184005737305, -0.2220458984375, 1.1539666652679443, 0.030504226684570312, -0.8952454328536987, -0.021140098571777344, 0.0, -2.0907845847758253, -5.551451425340463, -3.7210428307760717, -0.12049707707446
585, -0.026841402053833008, -0.22794578969478607, 1.1660146713256836, 0.030504226684570312, -0.9005779027938843, -0.021130800247192383, 0.0, -2.0906547217968594, -5.551463612489453, -3.7210469765838097, -0.12052615146481926
586, -0.026826858520507812, -0.23288701474666595, 1.1761054992675781, 0.030476808547973633, -0.9055541753768921, -0.021112680435180664, 0.0, -2.0905548159257044, -5.551482461526318, -3.7210340227909504, -0.12057065784464616
587, -0.02683401107788086, -0.23897838592529297, 1.1891841888427734, 0.030431032180786133, -0.912009596824646, -0.021130800247192383, 0.0, -2.0904411559061273, -5.551503482060224, -3.721010903674833, -0.12060824118888469
588, -0.02686333656311035, -0.24513649940490723, 1.2024548053741455, 0.030449390411376953, -0.9199351072311401, -0.021121740341186523, 0.0, -2.0903180793037, -5.551519025500374, -3.7210030410260817, -0.1206047162061683
589, -0.026893138885498047, -0.25138330459594727, 1.2154216766357422, 0.030412673950195312, -0.926819920539856, -0.021130800247192383, 0.0, -2.0901728096744, -5.551544201864898, -3.721005341446572, -0.12060034287535881
590, -0.0268707275390625, -0.2551591396331787, 1.2233314514160156, 0.030449390411376953, -0.930709719657898, -0.021149158477783203, 0.0, -2.0900992902621436, -5.551545378958409, -3.721023146411738, -0.12060521991402595
591, -0.02686333656311035, -0.26204752922058105, 1.2374567985534668, 0.030403614044189453, -0.9375213384628296, -0.021121740341186523, 0.0, -2.0899473105118154, -5.551561850638803, -3.7210583050843047, -0.1205501298402778
592, -0.02683401107788086, -0.2665901184082031, 1.2467564344406128, 0.030394554138183594, -0.9420958757400513, -0.021130800247192383, 0.0, -2.0898654473501797, -5.551606269697107, -3.72108419544242, -0.12053033321985662
593, -0.026804447174072266, -0.27193713188171387, 1.2578459978103638, 0.030367136001586914, -0.948478102684021, -0.021112680435180664, 0.0, -2.0897558464351453, -5.551635440522554, -3.7211209690600366, -0.12050930148889183
594, -0.026819229125976562, -0.2780730724334717, 1.2706210613250732, 0.030349016189575195, -0.9556185007095337, -0.021140098571777344, 0.0, -2.0896063695403106, -5.551612694836576, -3.7211624860928296, -0.1204823794368659
595, -0.026856184005737305, -0.2838106155395508, 1.282133936882019, 0.030349016189575195, -0.9616266489028931, -0.021140098571777344, 0.0, -2.089482703924277, -5.551636312085946, -3.7212339138139114, -0.12047177104511952
596, -0.026856184005737305, -0.2913033962249756, 1.2964192628860474, 0.030312299728393555, -0.968575119972229, -0.021112680435180664, 0.0, -2.0893144871041662, -5.5516575267145125, -3.721366497854035, -0.12050973428279477
597, -0.026841402053833008, -0.29937148094177246, 1.3114951848983765, 0.030303239822387695, -0.9757884740829468, -0.021103382110595703, 0.0, -2.0891062960483433, -5.551632031396937, -3.721550261990831, -0.12048368350543903
598, -0.026856184005737305, -0.30665063858032227, 1.3250454664230347, 0.030294179916381836, -0.9832483530044556, -0.021075963973999023, 0.0, -2.088933482751229, -5.551688274159122, -3.721756728180851, -0.12046324700268407
599, -0.026848793029785156, -0.31386327743530273, 1.338244080543518, 0.030266761779785156, -0.9897953271865845, -0.021112680435180664, 0.0, -2.0887760580041093, -5.551747486630908, -3.7219702598322986, -0.12045586825848709
600, -0.026841402053833008, -0.3217618465423584, 1.3527449369430542, 0.030257701873779297, -0.9962691068649292, -0.021085262298583984, 0.0, -2.088529056580385, -5.551709196742937, -3.7222215980536806, -0.12043820258845539
601, -0.026848793029785156, -0.32873865962028503, 1.3651047945022583, 0.030230283737182617, -1.0017293691635132, -0.021094322204589844, 0.0, -2.0883349732863756, -5.551722818052182, -3.7224557202083175, -0.12040856582857717
602, -0.02683401107788086, -0.3353686034679413, 1.3772166967391968, 0.030221223831176758, -1.0075820684432983, -0.021085262298583984, 0.0, -2.088170996855048, -5.551752075801901, -3.722682811508838, -0.12041753855341852
603, -0.026811838150024414, -0.34632015228271484, 1.3969587087631226, 0.030157089233398438, -1.0184844732284546, -0.021075963973999023, 0.0, -2.0878325733714975, -5.551649034653998, -3.7231030101556883, -0.12046682941587328
604, -0.02686333656311035, -0.3503544330596924, 1.4040294885635376, 0.0301663875579834, -1.021835207939148, -0.021075963973999023, 0.0, -2.087755603322575, -5.551698765602255, -3.723313266243318, -0.12045259614886472
605, -0.026782512664794922, -0.3585700988769531, 1.4177473783493042, 0.030148029327392578, -1.0274142026901245, -0.021066904067993164, 0.0, -2.087628921683294, -5.551779449632002, -3.723760532963843, -0.12051474733369982
606, -0.02683401107788086, -0.3688361644744873, 1.4345492124557495, 0.030129671096801758, -1.0347920656204224, -0.021085262298583984, 0.0, -2.087356969580404, -5.551619763901894, -3.7243365432913684, -0.12039782958759915
607, -0.026848793029785156, -0.37211060523986816, 1.4396865367889404, 0.0301206111907959, -1.0374215841293335, -0.021075963973999023, 0.0, -2.08729622617503, -5.551648687702138, -3.724528332707218, -0.12033508613175492
608, -0.026797056198120117, -0.3804807662963867, 1.4534844160079956, 0.030148029327392578, -1.0444616079330444, -0.021075963973999023, 0.0, -2.0871794637785315, -5.551781780518356, -3.7250802056970724, -0.12028372924641406
609, -0.026679039001464844, -0.38915371894836426, 1.467434048652649, 0.030129671096801758, -1.0515836477279663, -0.021057605743408203, 0.0, -2.0869315592022373, -5.551624831655568, -3.725581721509347, -0.12023494996161688
610, -0.026723384857177734, -0.39658045768737793, 1.4792505502700806, 0.03011155128479004, -1.0566421747207642, -0.021066904067993164, 0.0, -2.0868024117849684, -5.551591288847755, -3.7260794298402806, -0.12015360663731922
611, -0.02670121192932129, -0.4039626121520996, 1.4908431768417358, 0.03009319305419922, -1.0610615015029907, -0.021066904067993164, 0.0, -2.0867299337807346, -5.551770947320473, -3.726615097600535, -0.12013409768237793
612, -0.026671886444091797, -0.4137418270111084, 1.5060312747955322, 0.0300750732421875, -1.0673707723617554, -0.021066904067993164, 0.0, -2.0864618887593447, -5.551580667677563, -3.7272277991880403, -0.12018362098006818
613, -0.026804447174072266, -0.4210355281829834, 1.5178636312484741, 0.03003859519958496, -1.0728036165237427, -0.021057605743408203, 0.0, -2.086315968289094, -5.551543266055543, -3.727742517419303, -0.12016413889514688
614, -0.02683401107788086, -0.42723795771598816, 1.5279704332351685, 0.03002023696899414, -1.0782183408737183, -0.021039485931396484, 0.0, -2.0862393336967293, -5.551715867893563, -3.7281921077807687, -0.12019880007313866
615, -0.026752710342407227, -0.4357781410217285, 1.5415765047073364, 0.029974699020385742, -1.0842081308364868, -0.021030187606811523, 0.0, -2.085991664150154, -5.551610333851046, -3.7287339008053793, -0.12024362483992679
616, -0.026841402053833008, -0.44335195422172546, 1.5536086559295654, 0.02999281883239746, -1.0885816812515259, -0.021021127700805664, 0.0, -2.085773672727674, -5.551544293136358, -3.7292126038349056, -0.12020683902119345
617, -0.02686333656311035, -0.45198798179626465, 1.5671188831329346, 0.02996540069580078, -1.0941699743270874, -0.021039485931396484, 0.0, -2.085625145457637, -5.551798378084, -3.7298296261882893, -0.12017246716806618
618, -0.0266568660736084, -0.4596211910247803, 1.5786796808242798, 0.029974699020385742, -1.0985618829727173, -0.020984649658203125, 0.0, -2.0853529202952923, -5.551729077395332, -3.730311344248314, -0.1202257719437343
619, -0.026509523391723633, -0.46855947375297546, 1.591894268989563, 0.029883146286010742, -1.104871153831482, -0.020975589752197266, 0.0, -2.085058020001426, -5.551634884062691, -3.730887506710297, -0.12026791832118544
620, -0.02647995948791504, -0.47759366035461426, 1.604996919631958, 0.029883146286010742, -1.1114088296890259, -0.020984649658203125, 0.0, -2.084867487888696, -5.551874832595829, -3.731526726338152, -0.1204118755917305
621, -0.026354551315307617, -0.48575758934020996, 1.6162382364273071, 0.029892444610595703, -1.1156364679336548, -0.020993709564208984, 0.0, -2.084612350578968, -5.551866501240623, -3.7320303340051555, -0.1206031491067483
622, -0.02620697021484375, -0.4925498962402344, 1.6258095502853394, 0.029865026473999023, -1.119672179222107, -0.020948171615600586, 0.0, -2.0843740215872466, -5.551826007127852, -3.732442717348582, -0.12073101121904539
623, -0.02622199058532715, -0.501591682434082, 1.6384090185165405, 0.029846668243408203, -1.124137043952942, -0.020957231521606445, 0.0, -2.0841241397249783, -5.551848016561591, -3.7330051361213137, -0.1208554205700203
624, -0.026148080825805664, -0.5107512474060059, 1.650992512702942, 0.029846668243408203, -1.1290587186813354, -0.020948171615600586, 0.0, -2.0839009169147076, -5.551884721204505, -3.73352702239775, -0.12098771714350587
625, -0.02607440948486328, -0.5197856426239014, 1.6633121967315674, 0.029837608337402344, -1.1341627836227417, -0.020939111709594727, 0.0, -2.0836973411915145, -5.551919599316682, -3.7340105950101243, -0.12100491520128731
626, -0.026008129119873047, -0.5277431011199951, 1.673970103263855, 0.029819250106811523, -1.1393309831619263, -0.020948171615600586, 0.0, -2.0835396803056048, -5.55194924629085, -3.7344330005835227, -0.12090686428282194
627, -0.025912046432495117, -0.5375075340270996, 1.6865376234054565, 0.029810190200805664, -1.143804907798767, -0.020911693572998047, 0.0, -2.083381041338177, -5.551987383277324, -3.734951028380704, -0.12081741142564884
628, -0.025882720947265625, -0.5463721752166748, 1.697706937789917, 0.029819250106811523, -1.1474848985671997, -0.020920753479003906, 0.0, -2.0832415045005512, -5.552015797461547, -3.735434257336335, -0.12073796104125734
629, -0.02580881118774414, -0.5583491325378418, 1.7123116254806519, 0.029810190200805664, -1.1520229578018188, -0.02086615562438965, 0.0, -2.083081802818846, -5.552037344464993, -3.73606926261945, -0.12067493571467214
630, -0.025823593139648438, -0.5651116371154785, 1.7204610109329224, 0.029782772064208984, -1.1548353433609009, -0.02086615562438965, 0.0, -2.0830008692860087, -5.552040774192319, -3.7364208900943243, -0.12063320009538447
631, -0.025897502899169922, -0.5747065544128418, 1.73182213306427, 0.029773712158203125, -1.1579760313034058, -0.020875215530395508, 0.0, -2.082893454749356, -5.552021173106717, -3.7369088413300307, -0.12056183233320095
632, -0.025934219360351562, -0.5853116512298584, 1.7445652484893799, 0.029791831970214844, -1.1621581315994263, -0.020856857299804688, 0.0, -2.082782279609606, -5.552000238508255, -3.7374387992485034, -0.12050387700102494
633, -0.025897502899169922, -0.5957841873168945, 1.7571805715560913, 0.029764652252197266, -1.1665409803390503, -0.020847797393798828, 0.0, -2.0826743745360994, -5.551996818979824, -3.7379272692608057, -0.12049640466462641
634, -0.02597832679748535, -0.604670524597168, 1.7681981325149536, 0.029773712158203125, -1.1709693670272827, -0.02082967758178711, 0.0, -2.082570652315828, -5.551982331208066, -3.7383231942108055, -0.12040940042012327
635, -0.026044845581054688, -0.6144793033599854, 1.780661702156067, 0.029746294021606445, -1.1754251718521118, -0.020802021026611328, 0.0, -2.0824523194699682, -5.551978990311326, -3.7387113016876703, -0.12020683364155627
636, -0.026118755340576172, -0.6225771903991699, 1.791327714920044, 0.029737234115600586, -1.1789497137069702, -0.02082037925720215, 0.0, -2.0823538607558016, -5.552011015967216, -3.738985549074444, -0.12001403378715025
637, -0.026155471801757812, -0.630608320236206, 1.8019458055496216, 0.029737234115600586, -1.1823920011520386, -0.02081131935119629, 0.0, -2.0822404915871653, -5.5520367497372956, -3.7392020338386707, -0.11986947899531408
638, -0.026148080825805664, -0.6385509967803955, 1.81253981590271, 0.029755353927612305, -1.1855238676071167, -0.02079296112060547, 0.0, -2.082123103794066, -5.552049239422219, -3.739360774139756, -0.11980274720258777
639, -0.026015281677246094, -0.6490971446037292, 1.826097846031189, 0.029755353927612305, -1.1904271841049194, -0.02079296112060547, 0.0, -2.081952363152766, -5.552082809578468, -3.739500928312406, -0.11983112990069422
640, -0.026008129119873047, -0.6569366455078125, 1.8354614973068237, 0.029709815979003906, -1.1916965246200562, -0.02079296112060547, 0.0, -2.08179743710712, -5.552114223385974, -3.7395827040343836, -0.1198722108889605
641, -0.026088953018188477, -0.6697027087211609, 1.8503779172897339, 0.029700756072998047, -1.1943715810775757, -0.020756244659423828, 0.0, -2.0814833996768987, -5.552156413200528, -3.73974780480476, -0.12002621942706071
642, -0.026067018508911133, -0.679931640625, 1.8618828058242798, 0.029709815979003906, -1.1982885599136353, -0.02072906494140625, 0.0, -2.0812311971332624, -5.55217947344108, -3.739855990564361, -0.12022567981754229
643, -0.025963783264160156, -0.6914217472076416, 1.8744982481002808, 0.029673337936401367, -1.2017310857772827, -0.02072906494140625, 0.0, -2.0809611155369394, -5.552206128630336, -3.7398971858277896, -0.12037976869742373
644, -0.025941848754882812, -0.7012453079223633, 1.8850284814834595, 0.029673337936401367, -1.2039133310317993, -0.02064681053161621, 0.0, -2.0807252254984308, -5.552260662405336, -3.7398689053838146, -0.12044993915219937
645, -0.025735139846801758, -0.7146231532096863, 1.8988980054855347, 0.029664278030395508, -1.2055388689041138, -0.020592212677001953, 0.0, -2.0803969157543567, -5.552357982784315, -3.7397686263253322, -0.12052286589469308
646, -0.02568340301513672, -0.7240335941314697, 1.9085015058517456, 0.029664278030395508, -1.2054656744003296, -0.020573854446411133, 0.0, -2.0801641756755136, -5.552387471706948, -3.7396238217840394, -0.12054693751902423
647, -0.025676250457763672, -0.7335693836212158, 1.9181047677993774, 0.029664278030395508, -1.205511212348938, -0.020519018173217773, 0.0, -2.0799207425655153, -5.552390891759418, -3.739429651906373, -0.12053124181748398
648, -0.025602340698242188, -0.7456939220428467, 1.9306083917617798, 0.029654979705810547, -1.2061320543289185, -0.020500659942626953, 0.0, -2.0795927863319275, -5.552423429169582, -3.7391057310328493, -0.12051334511625544
649, -0.025602340698242188, -0.7561218738555908, 1.94179368019104, 0.029664278030395508, -1.20940101146698, -0.020409345626831055, 0.0, -2.079309100444285, -5.5524647723380545, -3.7388113519508632, -0.12049865682440064
650, -0.02563929557800293, -0.7686150074005127, 1.9545289278030396, 0.029654979705810547, -1.21180260181427, -0.020354747772216797, 0.0, -2.078973942314787, -5.55247542032793, -3.7385188743271294, -0.12043656217628307
651, -0.025572776794433594, -0.7776491641998291, 1.9637726545333862, 0.029664278030395508, -1.2118207216262817, -0.020327329635620117, 0.0, -2.0787276598358577, -5.552488922936515, -3.7382840220475266, -0.12043823184113389
652, -0.025491714477539062, -0.7886082530021667, 1.975868821144104, 0.029636859893798828, -1.2118664979934692, -0.020318269729614258, 0.0, -2.078408769510686, -5.552517190504112, -3.737882320667518, -0.1204960201477352
653, -0.025491714477539062, -0.7962191104888916, 1.9846731424331665, 0.029654979705810547, -1.2120307683944702, -0.020290851593017578, 0.0, -2.078174050129162, -5.55251433980194, -3.737526568516224, -0.12053947523012809
654, -0.025484323501586914, -0.8049952983856201, 1.9950275421142578, 0.029645919799804688, -1.2148977518081665, -0.02023601531982422, 0.0, -2.0779119249727263, -5.552485802903765, -3.7370511807384017, -0.1205687957156556
655, -0.025484323501586914, -0.8138453960418701, 2.005493640899658, 0.029636859893798828, -1.2165228128433228, -0.020199298858642578, 0.0, -2.077649861490388, -5.552466155397082, -3.7364744855133543, -0.12058468405864886
656, -0.025447607040405273, -0.8246862292289734, 2.0186843872070312, 0.029636859893798828, -1.2165228128433228, -0.0201718807220459, 0.0, -2.077298207900558, -5.5524694940613895, -3.7355784390319635, -0.12060152374557731
657, -0.02537369728088379, -0.834834098815918, 2.0314993858337402, 0.029645919799804688, -1.2165504693984985, -0.020007848739624023, 0.0, -2.0769707201536654, -5.552447387796585, -3.73446035952473, -0.1205162348160167
658, -0.02532958984375, -0.8415453433990479, 2.040192127227783, 0.029627561569213867, -1.216504693031311, -0.019989490509033203, 0.0, -2.076753142275939, -5.552427249233457, -3.7335710300486418, -0.12041904126492575
659, -0.02533698081970215, -0.8513097167015076, 2.052208423614502, 0.02960944175720215, -1.2165595293045044, -0.019934654235839844, 0.0, -2.0764578293596, -5.5524160354410865, -3.7321919924409346, -0.1202432138925289
660, -0.025403261184692383, -0.8603219985961914, 2.0627622604370117, 0.029627561569213867, -1.2165778875350952, -0.019888877868652344, 0.0, -2.076194802277468, -5.552415973980148, -3.7308368594697416, -0.1200437244599426
661, -0.025543212890625, -0.8720407485961914, 2.0772552490234375, 0.029627561569213867, -1.2170706987380981, -0.019888877868652344, 0.0, -2.075819408437565, -5.552440669602719, -3.728657421476163, -0.1198149019357615
662, -0.0255582332611084, -0.8760600090026855, 2.082911968231201, 0.029600143432617188, -1.2192713022232056, -0.019916296005249023, 0.0, -2.0756716154033925, -5.552459769096799, -3.7277023952872774, -0.11978290206486886
663, -0.02553582191467285, -0.8831398487091064, 2.0938334465026855, 0.029618501663208008, -1.2250057458877563, -0.019897937774658203, 0.0, -2.075408336992787, -5.552476014480346, -3.7256228423818447, -0.11980798088665079
664, -0.025513887405395508, -0.8885235786437988, 2.1028616428375244, 0.029600143432617188, -1.228000521659851, -0.019907236099243164, 0.0, -2.075215814030706, -5.552466805140852, -3.7236492014047307, -0.11982633175998014
665, -0.025580167770385742, -0.8937966823577881, 2.1128804683685303, 0.029618501663208008, -1.2317806482315063, -0.019879817962646484, 0.0, -2.0750214488913032, -5.552448928878177, -3.7212900089370895, -0.11982246993436796
666, -0.025705575942993164, -0.8984649181365967, 2.123034954071045, 0.02960944175720215, -1.2348121404647827, -0.019888877868652344, 0.0, -2.074828284547409, -5.552464179829717, -3.7188697279549494, -0.11983797197208279
667, -0.025698184967041016, -0.9023146629333496, 2.1321511268615723, 0.029591083526611328, -1.2371495962142944, -0.019888877868652344, 0.0, -2.07463541519075, -5.552507821811015, -3.7167284578214033, -0.11992770428446331
668, -0.025602340698242188, -0.9078974723815918, 2.1442711353302, 0.029600143432617188, -1.2390669584274292, -0.019879817962646484, 0.0, -2.0743616507679845, -5.552590858522001, -3.7140488235116513, -0.12010314308458447
669, -0.02553582191467285, -0.9119977951049805, 2.152620315551758, 0.02956366539001465, -1.2412313222885132, -0.019870758056640625, 0.0, -2.0741571812156225, -5.552625649039791, -3.7123346477317805, -0.12014339523025974
670, -0.025528669357299805, -0.9172194004058838, 2.162191390991211, 0.029600143432617188, -1.2420345544815063, -0.019888877868652344, 0.0, -2.073898319400091, -5.552665519593454, -3.710403650445142, -0.12015118108091105
671, -0.025513887405395508, -0.9226694107055664, 2.171675205230713, 0.029591083526611328, -1.2420164346694946, -0.019879817962646484, 0.0, -2.0736486790748465, -5.552731212380127, -3.708512079882997, -0.12014745373116487
672, -0.025528669357299805, -0.9298083186149597, 2.182413101196289, 0.029572725296020508, -1.241906762123108, -0.019861459732055664, 0.0, -2.0733966758688536, -5.552820194245018, -3.7063489716790468, -0.12015701438194348
673, -0.025454998016357422, -0.9376699328422546, 2.193270683288574, 0.02956366539001465, -1.241815447807312, -0.019870758056640625, 0.0, -2.0731270476421426, -5.552891087087465, -3.704271407765539, -0.12014307955510439
674, -0.02532196044921875, -0.9441670775413513, 2.2015557289123535, 0.029591083526611328, -1.2418335676193237, -0.019870758056640625, 0.0, -2.0729250146293032, -5.552942069458574, -3.7027364684560844, -0.12013339212124485
675, -0.025263071060180664, -0.9533491134643555, 2.212541103363037, 0.029572725296020508, -1.2417973279953003, -0.019888877868652344, 0.0, -2.072700652241903, -5.552995735988722, -3.7006548805735338, -0.1200819025506874
676, -0.025203943252563477, -0.9616014957427979, 2.2221765518188477, 0.029572725296020508, -1.2415324449539185, -0.019843339920043945, 0.0, -2.0725436763175833, -5.553062664154525, -3.698762982464997, -0.12007566174242523
677, -0.025034427642822266, -0.9714691638946533, 2.2333219051361084, 0.029591083526611328, -1.2409387826919556, -0.019852399826049805, 0.0, -2.0723509138110714, -5.5531309360332735, -3.6965735216539195, -0.12009892924795995
678, -0.02475428581237793, -0.9818603992462158, 2.244658946990967, 0.02956366539001465, -1.2406648397445679, -0.019834280014038086, 0.0, -2.072124129157903, -5.553212391522335, -3.694349052222093, -0.12015921058167933
679, -0.024422407150268555, -0.990983247756958, 2.2544779777526855, 0.02956366539001465, -1.2405372858047485, -0.019815921783447266, 0.0, -2.0719302294711603, -5.553294495714907, -3.692310827843172, -0.12024709548086943
680, -0.02427506446838379, -1.000718116760254, 2.2654716968536377, 0.029554367065429688, -1.2403818368911743, -0.019824981689453125, 0.0, -2.0717190376499293, -5.553349867169604, -3.689875913279534, -0.12029667587142878
681, -0.024252653121948242, -1.0076284408569336, 2.273581027984619, 0.029572725296020508, -1.2401264905929565, -0.019788503646850586, 0.0, -2.0715658957875274, -5.553393447956223, -3.688003027741661, -0.12034389850195559
682, -0.024171829223632812, -1.0153276920318604, 2.2829365730285645, 0.029572725296020508, -1.2394870519638062, -0.019770383834838867, 0.0, -2.071371722768569, -5.553457659213634, -3.685765763045681, -0.12048154011371892
683, -0.023847103118896484, -1.0239636898040771, 2.293586492538452, 0.02956366539001465, -1.2371314764022827, -0.019742965698242188, 0.0, -2.0711190168129963, -5.553521065911506, -3.683178176311422, -0.12069541413870244
684, -0.023463726043701172, -1.030829906463623, 2.3018317222595215, 0.029572725296020508, -1.2354696989059448, -0.019688129425048828, 0.0, -2.0709128430017953, -5.553567063111799, -3.6812423618491272, -0.12087591646743512
685, -0.02310967445373535, -1.0405795574188232, 2.313088893890381, 0.029554367065429688, -1.2338627576828003, -0.019688129425048828, 0.0, -2.0706192859910386, -5.553643953438303, -3.6787016897205063, -0.12100747604937645
686, -0.023146390914916992, -1.050889492034912, 2.32432222366333, 0.029554367065429688, -1.2316621541976929, -0.01966071128845215, 0.0, -2.070304000639963, -5.553734422387968, -3.6762251144809714, -0.12088108134620512
687, -0.02316141128540039, -1.0615241527557373, 2.335707187652588, 0.02956366539001465, -1.2311779260635376, -0.01961493492126465, 0.0, -2.069963895475327, -5.5538264573493255, -3.673809442948735, -0.12080484806505254
688, -0.023021221160888672, -1.071509838104248, 2.3455822467803955, 0.029572725296020508, -1.228256106376648, -0.01956939697265625, 0.0, -2.069638512337244, -5.553890554685198, -3.671741797120342, -0.12083095744476946
689, -0.022770166397094727, -1.0862669944763184, 2.359531879425049, 0.029581785202026367, -1.222558617591858, -0.01957845687866211, 0.0, -2.0691458878330486, -5.553931007726771, -3.6688971763039055, -0.12088484127491306
690, -0.022740840911865234, -1.101658582687378, 2.3738648891448975, 0.029581785202026367, -1.2161577939987183, -0.01953291893005371, 0.0, -2.068640336726703, -5.553962111898726, -3.6661986767038055, -0.12081236602456791
691, -0.02293252944946289, -1.1178462505340576, 2.3881821632385254, 0.02956366539001465, -1.2085152864456177, -0.01954197883605957, 0.0, -2.0680923288364492, -5.553988299587176, -3.6635729159432837, -0.12063260249828645
692, -0.023080110549926758, -1.1350297927856445, 2.4024672508239746, 0.02952718734741211, -1.2017217874526978, -0.01952385902404785, 0.0, -2.067558103065886, -5.554045882779568, -3.661030246685742, -0.1204342154555329
693, -0.02316141128540039, -1.1685267686843872, 2.4270029067993164, 0.02952718734741211, -1.1884456872940063, -0.01953291893005371, 0.0, -2.0665918516536497, -5.554142745125372, -3.656740847121521, -0.12031098837484766
694, -0.022910594940185547, -1.1947814226150513, 2.4437808990478516, 0.029545307159423828, -1.1742383241653442, -0.01955103874206543, 0.0, -2.0659304381849135, -5.554241696642559, -3.653875058252566, -0.12042257217377106
695, -0.022821903228759766, -1.2113012075424194, 2.4540553092956543, 0.029545307159423828, -1.1668058633804321, -0.01953291893005371, 0.0, -2.065493194041908, -5.5542830669217365, -3.6521325582580637, -0.12042856511240796
696, -0.022814512252807617, -1.2280570268630981, 2.464265823364258, 0.02953624725341797, -1.159363865852356, -0.01952385902404785, 0.0, -2.065026432667822, -5.5543188469084415, -3.6504021683696752, -0.12036953428876807
697, -0.022821903228759766, -1.243359923362732, 2.472926616668701, 0.02953624725341797, -1.1503335237503052, -0.01953291893005371, 0.0, -2.0646003865845923, -5.554357854740386, -3.6489251516983408, -0.1203236863045456
698, -0.02280712127685547, -1.261022925376892, 2.48272967338562, 0.02953624725341797, -1.1398969888687134, -0.01954197883605957, 0.0, -2.0641050482782406, -5.554415151950331, -3.647247003023396, -0.12035960565204551
699, -0.022785186767578125, -1.275477647781372, 2.4904394149780273, 0.02951788902282715, -1.1314326524734497, -0.01954197883605957, 0.0, -2.063652578949389, -5.554434950342522, -3.6457823471110014, -0.12035306247243405
700, -0.022770166397094727, -1.2884353399276733, 2.495960235595703, 0.02951788902282715, -1.1205307245254517, -0.01953291893005371, 0.0, -2.0632537240608224, -5.554452660431124, -3.6443266933228946, -0.12035858808561617
701, -0.02266716957092285, -1.301201343536377, 2.4990921020507812, 0.02953624725341797, -1.1062957048416138, -0.01954197883605957, 0.0, -2.062880897615508, -5.554498933145168, -3.642707910849872, -0.1204321682857703
702, -0.02250504493713379, -1.3130453824996948, 2.500114679336548, 0.02953624725341797, -1.0943433046340942, -0.01953291893005371, 0.0, -2.062554365608523, -5.55454875927652, -3.641147846858544, -0.12050454874144467
703, -0.022335290908813477, -1.3239160776138306, 2.4998910427093506, 0.02951788902282715, -1.081231713294983, -0.01958751678466797, 0.0, -2.062266962784073, -5.554569951675301, -3.63982560098372, -0.12053414518369543
704, -0.02223944664001465, -1.3384076356887817, 2.4994516372680664, 0.02951788902282715, -1.0651336908340454, -0.01956033706665039, 0.0, -2.061934284534368, -5.554597928207761, -3.638338500643885, -0.12048581857853247
705, -0.02227640151977539, -1.354824185371399, 2.498908281326294, 0.02952718734741211, -1.0470274686813354, -0.01957845687866211, 0.0, -2.061584869148843, -5.554657230593228, -3.6368948952600157, -0.12034533519864876
706, -0.02226877212524414, -1.3698837757110596, 2.498317003250122, 0.02951788902282715, -1.032591462135315, -0.01960587501525879, 0.0, -2.0612703500112253, -5.554718418020216, -3.635629874912433, -0.12021873623380763
707, -0.022253990173339844, -1.3870083093643188, 2.4970786571502686, 0.02951788902282715, -1.014320731163025, -0.01961493492126465, 0.0, -2.0609328663566875, -5.5547776306237004, -3.6341516524089554, -0.12011565805975266
708, -0.02222466468811035, -1.4040958881378174, 2.4954888820648193, 0.02952718734741211, -0.9958761930465698, -0.01961493492126465, 0.0, -2.0606074378666115, -5.554841363917084, -3.632607183467836, -0.12008767829880274
709, -0.02218770980834961, -1.4195685386657715, 2.4939229488372803, 0.02951788902282715, -0.977760910987854, -0.01962423324584961, 0.0, -2.060329014924691, -5.554894851017089, -3.6312155592562982, -0.12010237115607847
710, -0.022150754928588867, -1.4355205297470093, 2.4924368858337402, 0.02953624725341797, -0.9605034589767456, -0.01963329315185547, 0.0, -2.060067842503142, -5.5549540228375385, -3.6297741351459294, -0.12012505169701004
711, -0.022121429443359375, -1.45381760597229, 2.4904394149780273, 0.02952718734741211, -0.9404338598251343, -0.019715547561645508, 0.0, -2.05979112530371, -5.555028108196375, -3.628067956514506, -0.12013505396129531
712, -0.02206254005432129, -1.4696810245513916, 2.4884421825408936, 0.02951788902282715, -0.9221721887588501, -0.019733905792236328, 0.0, -2.059581548717129, -5.555093558737019, -3.6264934105854394, -0.12007830110016648
713, -0.021988630294799805, -1.4879486560821533, 2.485653877258301, 0.02952718734741211, -0.8999022245407104, -0.019815921783447266, 0.0, -2.0593569617323113, -5.555136199475891, -3.6246004671320673, -0.12003300646031345
714, -0.021848678588867188, -1.5092768669128418, 2.482058525085449, 0.02952718734741211, -0.8746463060379028, -0.019971370697021484, 0.0, -2.059128388272347, -5.555173414406882, -3.6223645687132042, -0.1200659287075414
715, -0.021759986877441406, -1.5208998918533325, 2.479733467102051, 0.02951788902282715, -0.8605483770370483, -0.02011728286743164, 0.0, -2.0590057031677844, -5.555195388842624, -3.6210720751051046, -0.12011749498096247
716, -0.021465063095092773, -1.5368517637252808, 2.4761781692504883, 0.02951788902282715, -0.8418847322463989, -0.020299911499023438, 0.0, -2.058849812451752, -5.555237737246572, -3.619210181466398, -0.12024639818974237
717, -0.021155118942260742, -1.5548095703125, 2.4713046550750732, 0.02950882911682129, -0.818144679069519, -0.020491600036621094, 0.0, -2.0586723570213055, -5.555300315396291, -3.616980355314904, -0.12042147363456213
718, -0.020970821380615234, -1.5845969915390015, 2.4620449542999268, 0.02952718734741211, -0.7790919542312622, -0.023678302764892578, 0.0, -2.058397812069527, -5.555365354949979, -3.613267532231558, -0.12036081710186686
719, -0.020970821380615234, -1.5938451290130615, 2.4586732387542725, 0.02953624725341797, -0.7664731740951538, -0.024399518966674805, 0.0, -2.0583254090728915, -5.555389176651976, -3.6121629466287106, -0.1203162662106303
720, -0.02095627784729004, -1.607518196105957, 2.453200578689575, 0.02953624725341797, -0.7479285001754761, -0.02588796615600586, 0.0, -2.058223657882326, -5.555432057229813, -3.6105501405669504, -0.12025184960496293
721, -0.02091193199157715, -1.6250849962234497, 2.445115089416504, 0.02953624725341797, -0.7228826284408569, -0.026244163513183594, 0.0, -2.0580903964672266, -5.555497028097833, -3.608497715967568, -0.12028790597019512
722, -0.020882606506347656, -1.6438469886779785, 2.4348485469818115, 0.02956366539001465, -0.6941295862197876, -0.02649974822998047, 0.0, -2.057921747990425, -5.555564933846488, -3.606350945253196, -0.12044098247191126
723, -0.02073502540588379, -1.6559934616088867, 2.4275221824645996, 0.029554367065429688, -0.6756213903427124, -0.026664018630981445, 0.0, -2.0578074621410134, -5.5555891584344685, -3.6050400257131465, -0.1205137026923877
724, -0.020528316497802734, -1.6695557832717896, 2.4183664321899414, 0.029600143432617188, -0.6531137228012085, -0.02705669403076172, 0.0, -2.0576725342164517, -5.555619180796636, -3.6036320407946287, -0.12055755723381267
725, -0.020388364791870117, -1.6830592155456543, 2.4086110591888428, 0.029636859893798828, -0.6297754049301147, -0.02979588508605957, 0.0, -2.057540159756174, -5.555671257733556, -3.6023594025940833, -0.12056523436992084
726, -0.020403146743774414, -1.6977722644805908, 2.3971781730651855, 0.029737234115600586, -0.603861927986145, -0.032480478286743164, 0.0, -2.057375515218133, -5.555766289537198, -3.6010491901593795, -0.12059095015256194
727, -0.020351409912109375, -1.7103022336959839, 2.3866801261901855, 0.03003859519958496, -0.5806516408920288, -0.03280019760131836, 0.0, -2.057200920354447, -5.55583988198084, -3.600056252069808, -0.12057341583965009
728, -0.020277738571166992, -1.7225960493087769, 2.375518798828125, 0.03061366081237793, -0.5571030378341675, -0.032900333404541016, 0.0, -2.0570181873884503, -5.555891878282038, -3.599207308793733, -0.12055162416823784
729, -0.020277738571166992, -1.7454805374145508, 2.351198673248291, 0.03271365165710449, -0.5087553262710571, -0.03722834587097168, 0.0, -2.0566370187598224, -5.556022555126009, -3.597943304079062, -0.1205112310332952
730, -0.020277738571166992, -1.74848210811615, 2.3475236892700195, 0.03286004066467285, -0.5022085905075073, -0.037657737731933594, 0.0, -2.056583316427183, -5.556047841856375, -3.597806232325267, -0.12051777386095797
731, -0.020262718200683594, -1.7640210390090942, 2.326543092727661, 0.03410172462463379, -0.4652286767959595, -0.04083514213562012, 0.0, -2.0562731085209163, -5.556124462685858, -3.597157599181529, -0.12061810030221665
732, -0.020174503326416016, -1.771668791770935, 2.314263343811035, 0.034850358963012695, -0.4445289373397827, -0.04251527786254883, 0.0, -2.0561236314721696, -5.55615439962804, -3.596878936620772, -0.1206692051082161
733, -0.02032184600830078, -1.783203125, 2.2927396297454834, 0.0392148494720459, -0.4112013578414917, -0.044907569885253906, 0.0, -2.0558884004241906, -5.5562062501029486, -3.5964839066130074, -0.12067778107078464
734, -0.020933866500854492, -1.7921710014343262, 2.2724385261535645, 0.04101371765136719, -0.3813983201980591, -0.04645061492919922, 0.0, -2.055689096873419, -5.556220224682748, -3.596186684656923, -0.12061610164317038
735, -0.021140575408935547, -1.7958731651306152, 2.263282537460327, 0.04102301597595215, -0.3689621686935425, -0.04691624641418457, 0.0, -2.0556177325568177, -5.55622610621568, -3.5960517566257413, -0.12056704712378341
736, -0.021406173706054688, -1.8008733987808228, 2.248981237411499, 0.04106855392456055, -0.34880125522613525, -0.04820370674133301, 0.0, -2.0555170972668746, -5.556247598638576, -3.5958600328323533, -0.12056856527073911
737, -0.021752595901489258, -1.8054014444351196, 2.2343926429748535, 0.041105031967163086, -0.32986390590667725, -0.04984712600708008, 0.0, -2.055430379560613, -5.556275455364962, -3.595687533598323, -0.12059881957498675
738, -0.022357463836669922, -1.810778021812439, 2.2141871452331543, 0.041150808334350586, -0.3040510416030884, -0.05031299591064453, 0.0, -2.055299834895632, -5.5562886825168185, -3.5954797327416004, -0.12055727319960141
739, -0.023227691650390625, -1.815313458442688, 2.193638324737549, 0.041141510009765625, -0.2787586450576782, -0.05029463768005371, 0.0, -2.0551753626949054, -5.556292654869917, -3.595280523019903, -0.12044661660860445
740, -0.024584531784057617, -1.8197458982467651, 2.1668334007263184, 0.041141510009765625, -0.24722063541412354, -0.05029463768005371, 0.0, -2.055043699070857, -5.556298335998207, -3.595062886158769, -0.12042594375083926
741, -0.024864912033081055, -1.8208742141723633, 2.158644199371338, 0.041150808334350586, -0.23805320262908936, -0.05030369758605957, 0.0, -2.0550131475437623, -5.556297506493937, -3.5950030176798267, -0.12041635978099308
742, -0.025609970092773438, -1.823233962059021, 2.136401653289795, 0.041150808334350586, -0.21299827098846436, -0.050185203552246094, 0.0, -2.0549262472346372, -5.556311260605377, -3.594835202700203, -0.12049008648941051
743, -0.026192426681518555, -1.824812412261963, 2.1136555671691895, 0.041141510009765625, -0.1881166696548462, -0.04971957206726074, 0.0, -2.0548501634010865, -5.556341783117662, -3.594680305144199, -0.12058988739682164
744, -0.026708602905273438, -1.8257784843444824, 2.0871944427490234, 0.041159868240356445, -0.16012156009674072, -0.04938173294067383, 0.0, -2.054757633361117, -5.556367177182275, -3.5945488691889946, -0.12062315345247487
745, -0.02718067169189453, -1.8259555101394653, 2.0632338523864746, 0.041141510009765625, -0.1359614133834839, -0.04800295829772949, 0.0, -2.054691379322942, -5.5564134145362685, -3.594454198526907, -0.12060866851798302
746, -0.027682065963745117, -1.8257120847702026, 2.0418777465820312, 0.041105031967163086, -0.11513388156890869, -0.043309688568115234, 0.0, -2.054642659988602, -5.5564675468408495, -3.594366537271032, -0.12057848572609853
747, -0.02819085121154785, -1.8248270750045776, 2.0171422958374023, 0.04020118713378906, -0.09114730358123779, -0.03959321975708008, 0.0, -2.0545670621708148, -5.556512236290714, -3.594256599166941, -0.12054829849435844
748, -0.028360605239868164, -1.8242591619491577, 2.004814624786377, 0.038867950439453125, -0.07924067974090576, -0.03828763961791992, 0.0, -2.054529716846907, -5.5565309911247125, -3.594208461148691, -0.12054873407734412
749, -0.028758764266967773, -1.8225630521774292, 1.980119228363037, 0.03623843193054199, -0.05782878398895264, -0.035201311111450195, 0.0, -2.0546936786657346, -5.556455162474652, -3.5941683032739355, -0.12058487341058477
750, -0.028987407684326172, -1.8202030658721924, 1.9552160501480103, 0.0322117805480957, -0.03544914722442627, -0.033475637435913086, 0.0, -2.0546041983882346, -5.556512392538488, -3.594089062850374, -0.12063460340964749
751, -0.02913498878479004, -1.8175480365753174, 1.9340277910232544, 0.030504226684570312, -0.01773524284362793, -0.03338456153869629, 0.0, -2.0545708895860226, -5.556512827894274, -3.5940152038712267, -0.12071127239678248
752, -0.029156923294067383, -1.8145390748977661, 1.9127599000930786, 0.029079914093017578, 0.0007271766662597656, -0.03322005271911621, 0.0, -2.0546460236390676, -5.556480942290578, -3.593940561662484, -0.12079099647363822
753, -0.029201269149780273, -1.8104755878448486, 1.8905810117721558, 0.026276588439941406, 0.016240477561950684, -0.02977776527404785, 0.0, -2.054493183803897, -5.55652613218445, -3.593797139092222, -0.1208611680016416
754, -0.029208660125732422, -1.8064045906066895, 1.868641972541809, 0.02265167236328125, 0.031525611877441406, -0.024974822998046875, 0.0, -2.054439820367274, -5.556526648035043, -3.593607405609397, -0.12083825199167375
755, -0.029208660125732422, -1.8042364120483398, 1.8576723337173462, 0.02153754234313965, 0.040117740631103516, -0.023130416870117188, 0.0, -2.0544374453112884, -5.556564017854585, -3.59350318814901, -0.12078863624739444
756, -0.029267549514770508, -1.8000473976135254, 1.8391448259353638, 0.019392013549804688, 0.057237863540649414, -0.019971370697021484, 0.0, -2.0541978917040886, -5.556623438821432, -3.5932822177109323, -0.12075853310607254
757, -0.029216289520263672, -1.7974809408187866, 1.8288062810897827, 0.01708197593688965, 0.0642322301864624, -0.017724990844726562, 0.0, -2.054135402109774, -5.556617921269244, -3.593151826928165, -0.12073278309517033
758, -0.029238224029541016, -1.7949070930480957, 1.819602370262146, 0.013858556747436523, 0.06746459007263184, -0.015469789505004883, 0.0, -2.05406063160555, -5.556626964222172, -3.5929912681949325, -0.12073042010283253
759, -0.029245615005493164, -1.793129563331604, 1.8128273487091064, 0.012543916702270508, 0.07270562648773193, -0.013533830642700195, 0.0, -2.0538466410633234, -5.55669262693808, -3.592809900400096, -0.12074419428822747
760, -0.029186487197875977, -1.7920087575912476, 1.8083852529525757, 0.011201620101928711, 0.07754504680633545, -0.011753559112548828, 0.0, -2.053748693450122, -5.556763749507067, -3.5926127233501415, -0.12074530177454879
761, -0.029267549514770508, -1.7911826372146606, 1.8049657344818115, 0.008928060531616211, 0.08316946029663086, -0.008977651596069336, 0.0, -2.053659751327441, -5.556757352886013, -3.5924064323091685, -0.12075326898835748
762, -0.029164552688598633, -1.7904969453811646, 1.8024970293045044, 0.0061337947845458984, 0.08758890628814697, -0.007836341857910156, 0.0, -2.053414356944449, -5.5568029936036085, -3.592258489535752, -0.1207679348199715
763, -0.029024362564086914, -1.7896119356155396, 1.799301266670227, 0.004974365234375, 0.0926748514175415, -0.006000995635986328, 0.0, -2.053286623738886, -5.556837287732461, -3.59217303080032, -0.12080329268971468
764, -0.029009580612182617, -1.7887343168258667, 1.7957857847213745, 0.0049285888671875, 0.09850025177001953, -0.004220485687255859, 0.0, -2.0532407540674136, -5.556879583585285, -3.5921455240550952, -0.12079704272841418
765, -0.028965234756469727, -1.7873921394348145, 1.7909042835235596, 0.004873991012573242, 0.10500133037567139, -0.0027320384979248047, 0.0, -2.053028761223647, -5.55691365639154, -3.5920820152123967, -0.1208019168769594
766, -0.028965234756469727, -1.7860718965530396, 1.7865021228790283, 0.0046274662017822266, 0.1086355447769165, -0.0018372535705566406, 0.0, -2.053017878304118, -5.55695222214615, -3.5920444037231847, -0.12085397438664458
767, -0.028935670852661133, -1.784891963005066, 1.7833701372146606, 0.0021619796752929688, 0.10838901996612549, -0.0015087127685546875, 0.0, -2.0529307301791966, -5.556956684238719, -3.5919549416862138, -0.12083180128294924
768, -0.028898954391479492, -1.7845158576965332, 1.781812310218811, -0.0008327960968017578, 0.10865366458892822, -0.0013442039489746094, 0.0, -2.0527245031043995, -5.556945848559385, -3.591828844331049, -0.12077088212774445
769, -0.028884410858154297, -1.7844938039779663, 1.7812608480453491, -0.0025129318237304688, 0.10885453224182129, -0.0007143020629882812, 0.0, -2.0527296541715057, -5.556988844894301, -3.5917863054103827, -0.12074873605657022
770, -0.028898954391479492, -1.7845083475112915, 1.780949354171753, -0.002896547317504883, 0.10912847518920898, 0.0008471012115478516, 0.0, -2.0526307188209825, -5.556971742107317, -3.5917252338042176, -0.12072645851684793
771, -0.028847455978393555, -1.784552812576294, 1.7809094190597534, -0.002896547317504883, 0.1091376543045044, 0.00093841552734375, 0.0, -2.052515952474613, -5.55698448285994, -3.59169530262094, -0.12070202448558653
772, -0.028847455978393555, -1.7845748662948608, 1.78119695186615, -0.0029604434967041016, 0.10919249057769775, 0.0009293556213378906, 0.0, -2.052514697544547, -5.557021144451379, -3.5916630808830576, -0.12074787026178324
773, -0.028832674026489258, -1.7845896482467651, 1.7813647985458374, -0.0030059814453125, 0.10921084880828857, 0.0009477138519287109, 0.0, -2.0524524818897874, -5.5570102892743884, -3.591633911385231, -0.1207693688188094
774, -0.028803110122680664, -1.7846189737319946, 1.7815086841583252, -0.0030333995819091797, 0.10922896862030029, 0.0009748935699462891, 0.0, -2.0523329809908413, -5.556989384875653, -3.591593825397704, -0.12076725596699767
775, -0.028803110122680664, -1.784663438796997, 1.7815965414047241, -0.003142833709716797, 0.10924732685089111, 0.0009748935699462891, 0.0, -2.0523331524426767, -5.557019667135792, -3.591565487556162, -0.12075757031078638
776, -0.028766155242919922, -1.7847002744674683, 1.7814847230911255, -0.003188610076904297, 0.10923802852630615, 0.001020669937133789, 0.0, -2.0522620358626784, -5.557000969564922, -3.5915234174521995, -0.1207303809217608
777, -0.028758764266967773, -1.7847224473953247, 1.7813408374786377, -0.003234386444091797, 0.10922896862030029, 0.0010297298431396484, 0.0, -2.052197257585335, -5.557012880592077, -3.591500403871517, -0.12070285821893112
778, -0.02872943878173828, -1.7847591638565063, 1.7812449932098389, -0.0033257007598876953, 0.10928380489349365, 0.0010752677917480469, 0.0, -2.052220643632389, -5.557053976814302, -3.5914863631692038, -0.12068504945830671
779, -0.028722047805786133, -1.784921407699585, 1.7816284894943237, -0.0034809112548828125, 0.1085350513458252, 0.0011301040649414062, 0.0, -2.0521682667948498, -5.557042058745735, -3.591448053072213, -0.12070312357578228
780, -0.028677701950073242, -1.785209059715271, 1.7835220098495483, -0.004010438919067383, 0.10448098182678223, 0.001157522201538086, 0.0, -2.052132039799464, -5.557054837265918, -3.5914074910546865, -0.12074017058916464
781, -0.028618812561035156, -1.786167860031128, 1.7879482507705688, -0.005635738372802734, 0.09999775886535645, 0.0011668205261230469, 0.0, -2.0521644478897763, -5.557097484373929, -3.5913171349764386, -0.12077280453119776
782, -0.028626203536987305, -1.7870157957077026, 1.7926619052886963, -0.005727052688598633, 0.09671962261199951, 0.0011849403381347656, 0.0, -2.0520946565878866, -5.557065530456118, -3.5911929076292957, -0.12078941526172926
783, -0.028589248657226562, -1.7880041599273682, 1.798270583152771, -0.005717754364013672, 0.0924830436706543, 0.0012488365173339844, 0.0, -2.052060699875352, -5.557087304838461, -3.591065423105644, -0.12080322656890186
784, -0.02863335609436035, -1.7894349098205566, 1.8080337047576904, -0.005763530731201172, 0.08025693893432617, 0.0012671947479248047, 0.0, -2.0520996809086305, -5.557157440475658, -3.5909261867336, -0.12080525323458335
785, -0.02868509292602539, -1.7923479080200195, 1.8248674869537354, -0.005781888961791992, 0.05628836154937744, 0.0013310909271240234, 0.0, -2.051998235883282, -5.55714557340774, -3.590673705768858, -0.12081203528381135
786, -0.02881765365600586, -1.7956668138504028, 1.8444658517837524, -0.0057909488677978516, 0.036794066429138184, 0.0013766288757324219, 0.0, -2.0519270780752565, -5.557160592700833, -3.590355687192709, -0.12086641298928669
787, -0.0288693904876709, -1.799405813217163, 1.8670839071273804, -0.0057909488677978516, 0.019673705101013184, 0.0013401508331298828, 0.0, -2.051962740441308, -5.557231726557153, -3.589977021632509, -0.12086079845479958
788, -0.02913498878479004, -1.8035211563110352, 1.896437406539917, -0.005809307098388672, -0.0025142431259155273, 0.0013401508331298828, 0.0, -2.051874273784076, -5.557219653158598, -3.5894999772089293, -0.12083165202681556
789, -0.029363632202148438, -1.8066035509109497, 1.9243205785751343, -0.0058002471923828125, -0.024227261543273926, 0.0013127326965332031, 0.0, -2.05182064893037, -5.557219793701542, -3.589105292039118, -0.12083747642774245
790, -0.02940058708190918, -1.8099666833877563, 1.9568058252334595, -0.005809307098388672, -0.04973900318145752, 0.0013036727905273438, 0.0, -2.051816936840159, -5.557263350327448, -3.588735763833314, -0.12087437772886922
791, -0.029415130615234375, -1.8126658201217651, 1.9899622201919556, -0.0057909488677978516, -0.07631886005401611, 0.001276254653930664, 0.0, -2.051723291429449, -5.557323876801167, -3.5884619831887727, -0.12091012520457856
792, -0.029592037200927734, -1.8146127462387085, 2.018301010131836, -0.0057909488677978516, -0.09949290752410889, 0.0012488365173339844, 0.0, -2.051646796788202, -5.55731498199071, -3.588299657353862, -0.12093688287931315
793, -0.02961444854736328, -1.8158223628997803, 2.049931287765503, -0.005781888961791992, -0.127433180809021, 0.00098419189453125, 0.0, -2.0515840957574376, -5.5573450776104805, -3.588195753019756, -0.12094960423919598
794, -0.02961444854736328, -1.8160289525985718, 2.0764565467834473, -0.005772829055786133, -0.15246093273162842, -0.0003674030303955078, 0.0, -2.051487568873739, -5.557395203472828, -3.5881561459756526, -0.12102056542495276
795, -0.029592037200927734, -1.815438985824585, 2.102062702178955, -0.0057451725006103516, -0.177634596824646, -0.0023670196533203125, 0.0, -2.0514572991999107, -5.557392652829677, -3.588141366835517, -0.12108364942341865
796, -0.029547691345214844, -1.8136836290359497, 2.1306328773498535, -0.005224943161010742, -0.20750153064727783, -0.004786491394042969, 0.0, -2.051423803172239, -5.557399994798228, -3.5880930418490022, -0.12108893496799134
797, -0.029452085494995117, -1.8108811378479004, 2.1581969261169434, -0.0028324127197265625, -0.23771560192108154, -0.006822824478149414, 0.0, -2.051387569350657, -5.557413418486506, -3.588042682514936, -0.12103834585593898
798, -0.02926015853881836, -1.8079681396484375, 2.178234577178955, -0.0013532638549804688, -0.26054251194000244, -0.008822441101074219, 0.0, -2.051442455969892, -5.557423252540517, -3.5880350508819747, -0.12101628471446713
799, -0.028699874877929688, -1.8025106191635132, 2.2035369873046875, 0.003120899200439453, -0.29148709774017334, -0.012912988662719727, 0.0, -2.051475242632869, -5.557416978957392, -3.588023020373347, -0.12099814619914184
800, -0.027416467666625977, -1.795209288597107, 2.2279129028320312, 0.010379791259765625, -0.3240293264389038, -0.01948714256286621, 0.0, -2.051509497359692, -5.557419978052771, -3.5879929809052267, -0.1210223870317888
801, -0.0257720947265625, -1.787605881690979, 2.2483739852905273, 0.017072677612304688, -0.3515588045120239, -0.02652716636657715, 0.0, -2.051662117560874, -5.557422132216597, -3.5879772230029015, -0.1211088178573494
802, -0.02383255958557129, -1.7774654626846313, 2.270768642425537, 0.024660348892211914, -0.38427460193634033, -0.03327465057373047, 0.0, -2.051774634638093, -5.557394575690918, -3.587938365107656, -0.12114935525635318
803, -0.022298336029052734, -1.7658941745758057, 2.292316198348999, 0.030312299728393555, -0.4170724153518677, -0.03668975830078125, 0.0, -2.0519033134949787, -5.557385335913274, -3.5878949390775143, -0.12101173180652047
804, -0.0215609073638916, -1.7531135082244873, 2.313248634338379, 0.033152103424072266, -0.4508110284805298, -0.037073373794555664, 0.0, -2.05213224384001, -5.557384599489115, -3.5878514113316937, -0.12078625850927693
805, -0.021332502365112305, -1.7409228086471558, 2.330817461013794, 0.0333256721496582, -0.4802306890487671, -0.03703665733337402, 0.0, -2.0522785727503794, -5.5573633444340205, -3.5877742223307063, -0.12062532488463251
806, -0.021066904067993164, -1.7255018949508667, 2.3500242233276367, 0.03335309028625488, -0.514635443687439, -0.037045955657958984, 0.0, -2.0524739993694094, -5.557310043160628, -3.587680379023537, -0.12054164554624158
807, -0.020749568939208984, -1.7107888460159302, 2.366051197052002, 0.03338956832885742, -0.5455435514450073, -0.0370182991027832, 0.0, -2.0527199663423046, -5.557285203936049, -3.5875856201065526, -0.12056995747745525
808, -0.020521163940429688, -1.6922262907028198, 2.3831887245178223, 0.03335309028625488, -0.5814551115036011, -0.036981821060180664, 0.0, -2.0529332947047534, -5.557267296307489, -3.5874617285234716, -0.12066892679277164
809, -0.020491361618041992, -1.6744896173477173, 2.397010326385498, 0.03335309028625488, -0.6128469705581665, -0.03687238693237305, 0.0, -2.053139011160445, -5.557176418839628, -3.587347186657958, -0.12076664271091797
810, -0.02045464515686035, -1.6530286073684692, 2.411703109741211, 0.0333712100982666, -0.649269700050354, -0.03630638122558594, 0.0, -2.0534742914923827, -5.557149866322396, -3.587190510713599, -0.12087308298101984
811, -0.02046942710876465, -1.6331385374069214, 2.4237513542175293, 0.03333473205566406, -0.6819945573806763, -0.0350186824798584, 0.0, -2.053784884292716, -5.557150767892, -3.5870138055033025, -0.12095752852026465
812, -0.0204620361328125, -1.6091479063034058, 2.4363186359405518, 0.0333256721496582, -0.7190567255020142, -0.03342103958129883, 0.0, -2.05413864174722, -5.557066786144404, -3.5868114365567187, -0.12093392172926087
813, -0.020498991012573242, -1.5870747566223145, 2.446225643157959, 0.03329825401306152, -0.7516995668411255, -0.031896114349365234, 0.0, -2.054546585867175, -5.557060274974599, -3.586603468207145, -0.12095000309641257
814, -0.020587444305419922, -1.560171127319336, 2.4562203884124756, 0.033197641372680664, -0.7895652055740356, -0.03159475326538086, 0.0, -2.0549432529206397, -5.55699705733263, -3.5863219485565323, -0.1208805695068973
815, -0.020845651626586914, -1.5315712690353394, 2.4649770259857178, 0.03292369842529297, -0.8285902738571167, -0.03151249885559082, 0.0, -2.0554312052144423, -5.556942226065235, -3.586079547673903, -0.12080287879995666
816, -0.021184921264648438, -1.5021158456802368, 2.4720876216888428, 0.03235769271850586, -0.864784836769104, -0.030800342559814453, 0.0, -2.0559291379057583, -5.556905700090861, -3.585827139182389, -0.12071999747513562
817, -0.021494626998901367, -1.4758539199829102, 2.476250171661377, 0.032074689865112305, -0.8906434774398804, -0.027138948440551758, 0.0, -2.05635961365342, -5.556874394585002, -3.5856809976501127, -0.12065108960225324
818, -0.021929502487182617, -1.4461183547973633, 2.4789505004882812, 0.03061366081237793, -0.9185563325881958, -0.024408817291259766, 0.0, -2.0569317040924573, -5.556888788250408, -3.58570860648213, -0.120652031166534
819, -0.022482633590698242, -1.420062780380249, 2.4793100357055664, 0.029326200485229492, -0.9418219327926636, -0.02310323715209961, 0.0, -2.0573881575075483, -5.556855956379294, -3.585906072148681, -0.12064120261451006
820, -0.022962093353271484, -1.3906588554382324, 2.477616310119629, 0.029243946075439453, -0.9686118364334106, -0.0213315486907959, 0.0, -2.0580024180312, -5.556788272366893, -3.586393113092302, -0.12074590671288288
821, -0.023404598236083984, -1.3611961603164673, 2.4740850925445557, 0.029180288314819336, -0.9959036111831665, -0.019770383834838867, 0.0, -2.058708610527019, -5.556709892600368, -3.5871074295162475, -0.12084651660828882
822, -0.023618698120117188, -1.3350962400436401, 2.469890594482422, 0.028988361358642578, -1.0203014612197876, -0.019359350204467773, 0.0, -2.0593696489004687, -5.556662784125936, -3.587945157132201, -0.12096721286271794
823, -0.02378082275390625, -1.3048518896102905, 2.4645376205444336, 0.026212692260742188, -1.0489996671676636, -0.019377708435058594, 0.0, -2.0601593229806996, -5.556590000082652, -3.5891712262771964, -0.12114738882945186
824, -0.023655176162719727, -1.2782725095748901, 2.4595282077789307, 0.023418664932250977, -1.0744200944900513, -0.019213438034057617, 0.0, -2.060846302652973, -5.556499630030375, -3.5905338482550118, -0.12128684354988906
825, -0.023316144943237305, -1.2516051530838013, 2.4543750286102295, 0.02256941795349121, -1.1005340814590454, -0.019158601760864258, 0.0, -2.0614717670975224, -5.556412467810184, -3.5923219362448653, -0.12133609586759597
826, -0.02351522445678711, -1.221803069114685, 2.4489102363586426, 0.022514820098876953, -1.1308847665786743, -0.019131183624267578, 0.0, -2.0621135814504035, -5.556350613781402, -3.5949860441601724, -0.12110218133177852
827, -0.023876428604125977, -1.1948108673095703, 2.4446358680725098, 0.022505521774291992, -1.1607245206832886, -0.01911306381225586, 0.0, -2.0627478517970594, -5.556326848265647, -3.5982528651549086, -0.12091235422495039
828, -0.023810148239135742, -1.1649203300476074, 2.4414079189300537, 0.022478103637695312, -1.195348858833313, -0.019085407257080078, 0.0, -2.063416278714658, -5.5562376884209055, -3.603094042006933, -0.12080441931682451
829, -0.023729324340820312, -1.154425859451294, 2.4407849311828613, 0.022469043731689453, -1.2082141637802124, -0.01912212371826172, 0.0, -2.063622973629158, -5.556204287396641, -3.605257339220399, -0.12075944000473626
830, -0.02364802360534668, -1.1312391757965088, 2.4412403106689453, 0.022459745407104492, -1.2384828329086304, -0.0189666748046875, 0.0, -2.0639890668047265, -5.556202773037429, -3.6112353695968333, -0.12072666292988732
831, -0.02369213104248047, -1.1190927028656006, 2.4422547817230225, 0.022459745407104492, -1.2548269033432007, -0.0189211368560791, 0.0, -2.064144344409938, -5.556198429903106, -3.61520041498753, -0.12070321272957951
832, -0.023522615432739258, -1.1062235832214355, 2.4439327716827393, 0.022441625595092773, -1.2737735509872437, -0.018829822540283203, 0.0, -2.0642914179565124, -5.556190791786522, -3.620137239417, -0.12085335792327534
833, -0.02332329750061035, -1.0947332382202148, 2.4458582401275635, 0.022459745407104492, -1.2905012369155884, -0.018702030181884766, 0.0, -2.064391269864574, -5.556192026263187, -3.6253644616565053, -0.12097082284848337
834, -0.02319812774658203, -1.0839216709136963, 2.4478635787963867, 0.022441625595092773, -1.306653618812561, -0.01849198341369629, 0.0, -2.0644149205165356, -5.55620217908323, -3.630735868493255, -0.12096804276032636
835, -0.023131847381591797, -1.0719671249389648, 2.4497170448303223, 0.022432327270507812, -1.3226875066757202, -0.018291234970092773, 0.0, -2.0643912543813228, -5.556175454839803, -3.637026216349962, -0.12086683160757872
836, -0.02307271957397461, -1.059156894683838, 2.4506757259368896, 0.022441625595092773, -1.3395429849624634, -0.018236398696899414, 0.0, -2.064342928653301, -5.556173337322615, -3.6433100988340903, -0.12079228093311034
837, -0.023058176040649414, -1.0454320907592773, 2.450388193130493, 0.022441625595092773, -1.3545905351638794, -0.018154144287109375, 0.0, -2.064259678455679, -5.5561687943406435, -3.6494590054193625, -0.12073482026233773
838, -0.023043155670166016, -1.0361175537109375, 2.4493656158447266, 0.022441625595092773, -1.3643420934677124, -0.018081188201904297, 0.0, -2.0642028193039823, -5.556156133819867, -3.6531958308693246, -0.12067735189317119
839, -0.023058176040649414, -1.0218987464904785, 2.446625232696533, 0.022450685501098633, -1.377289891242981, -0.01795339584350586, 0.0, -2.064158007770893, -5.5561145399720555, -3.6582854107010454, -0.12063865240768212
840, -0.023183345794677734, -1.004582405090332, 2.441927433013916, 0.022441625595092773, -1.3917893171310425, -0.017770767211914062, 0.0, -2.0641913237789637, -5.556056811580318, -3.663881442224899, -0.12054622168922702
841, -0.02319812774658203, -0.989412248134613, 2.4369499683380127, 0.022441625595092773, -1.4053853750228882, -0.017734289169311523, 0.0, -2.064285584786338, -5.556008687064937, -3.6685514080157797, -0.12053340681811875
842, -0.023242473602294922, -0.9744043350219727, 2.431253433227539, 0.022450685501098633, -1.4166985750198364, -0.017670154571533203, 0.0, -2.0644059398294905, -5.5559656102978305, -3.6729832974533974, -0.12050027822010101
843, -0.02320551872253418, -0.9602887630462646, 2.4253971576690674, 0.022450685501098633, -1.4277104139328003, -0.017168045043945312, 0.0, -2.064503063107553, -5.555928535875874, -3.6771806555465436, -0.12052537408113295
844, -0.02310967445373535, -0.9446465969085693, 2.4187259674072266, 0.022459745407104492, -1.4408949613571167, -0.013031721115112305, 0.0, -2.064614789031777, -5.555874585688569, -3.681747070625967, -0.1205566427430993
845, -0.023021221160888672, -0.929262638092041, 2.4117109775543213, 0.022469043731689453, -1.453614354133606, -0.010383844375610352, 0.0, -2.064733571759832, -5.555820530107368, -3.6860553760337127, -0.12051031186224925
846, -0.023131847381591797, -0.9142767786979675, 2.40508770942688, 0.022469043731689453, -1.466762661933899, -0.0098724365234375, 0.0, -2.0648300625690093, -5.555761843610524, -3.689566821677029, -0.12036810751335203
847, -0.0233457088470459, -0.8955812454223633, 2.3968346118927, 0.022459745407104492, -1.4809523820877075, -0.00988149642944336, 0.0, -2.06493064331839, -5.555699346198537, -3.693288442559404, -0.12017495689200253
848, -0.023588895797729492, -0.8776898384094238, 2.3890769481658936, 0.022450685501098633, -1.494885802268982, -0.00984501838684082, 0.0, -2.065032637553761, -5.55568998311174, -3.696305889123263, -0.12003725370583318
849, -0.02360367774963379, -0.8591272830963135, 2.3809754848480225, 0.022469043731689453, -1.5073400735855103, -0.009808540344238281, 0.0, -2.065128915122136, -5.555681265298375, -3.699123395866035, -0.12007488479992556
850, -0.023574352264404297, -0.836854875087738, 2.3709726333618164, 0.022459745407104492, -1.5222419500350952, -0.009772062301635742, 0.0, -2.065242697720035, -5.5556245918194005, -3.7021044094446567, -0.12013215823663792
851, -0.0235445499420166, -0.8137273192405701, 2.360410690307617, 0.022459745407104492, -1.5374447107315063, -0.009772062301635742, 0.0, -2.0653741825184047, -5.555547239966898, -3.704875580178686, -0.12020031419623844
852, -0.02360367774963379, -0.7931292057037354, 2.3507673740386963, 0.022478103637695312, -1.5502732992172241, -0.009753704071044922, 0.0, -2.065498816594416, -5.5554888934115505, -3.7072054646321813, -0.12020717436529349
853, -0.023847103118896484, -0.769514799118042, 2.33929443359375, 0.022450685501098633, -1.5648919343948364, -0.009763002395629883, 0.0, -2.065629066310163, -5.555441713994728, -3.709775477614629, -0.12013931653316945
854, -0.024112701416015625, -0.7462393641471863, 2.327493906021118, 0.022450685501098633, -1.5784331560134888, -0.009735584259033203, 0.0, -2.065759281696812, -5.555422328312968, -3.712320523839844, -0.12002822843167582
855, -0.024318933486938477, -0.725545346736908, 2.3168280124664307, 0.022459745407104492, -1.591051697731018, -0.009735584259033203, 0.0, -2.0658535468630435, -5.555415150926016, -3.7145427577120858, -0.11995314861551698
856, -0.024569988250732422, -0.7016801834106445, 2.303861141204834, 0.022432327270507812, -1.603479027748108, -0.009726524353027344, 0.0, -2.065930857484281, -5.555378825810242, -3.717053675444891, -0.11989259360451765
857, -0.02470254898071289, -0.6801235675811768, 2.291836977005005, 0.022459745407104492, -1.6149746179580688, -0.009717226028442383, 0.0, -2.065995315151673, -5.555348280431283, -3.7192608506423164, -0.11989614558310446
858, -0.02462148666381836, -0.6582715511322021, 2.279421329498291, 0.022459745407104492, -1.6264063119888306, -0.009662389755249023, 0.0, -2.066065826241706, -5.555355435147854, -3.721486385097477, -0.12003036323159577
859, -0.02445197105407715, -0.6363978385925293, 2.2668378353118896, 0.022450685501098633, -1.6361948251724243, -0.009634971618652344, 0.0, -2.0661338697506526, -5.555395502337384, -3.7237481869129514, -0.12021810858743454
860, -0.024326562881469727, -0.6116843223571777, 2.2522010803222656, 0.022441625595092773, -1.6477636098861694, -0.009580135345458984, 0.0, -2.066181462706761, -5.555407724934645, -3.726348199551037, -0.1204042350480039
861, -0.024105310440063477, -0.5900242328643799, 2.2389943599700928, 0.022441625595092773, -1.6577345132827759, -0.009461641311645508, 0.0, -2.0661909855833387, -5.555391056316287, -3.7286621074003223, -0.12052477079082902
862, -0.023581504821777344, -0.5654952526092529, 2.2235827445983887, 0.022450685501098633, -1.6676322221755981, -0.00932455062866211, 0.0, -2.066215260279768, -5.555425519214808, -3.7312788672793107, -0.12069238589056752
863, -0.022991418838500977, -0.5406637191772461, 2.2076516151428223, 0.022450685501098633, -1.6779407262802124, -0.009123802185058594, 0.0, -2.066261377700352, -5.555492574269678, -3.733768097379454, -0.12076900922134293
864, -0.022733688354492188, -0.5187013149261475, 2.1931986808776855, 0.022459745407104492, -1.686405062675476, -0.008968591690063477, 0.0, -2.0662918342467353, -5.555518711793713, -3.735753306352167, -0.12074505105213351
865, -0.022674560546875, -0.4938628673553467, 2.1762847900390625, 0.022450685501098633, -1.6937099695205688, -0.00870370864868164, 0.0, -2.066329718393045, -5.555514612937924, -3.737778798072103, -0.12065337672624743
866, -0.02276301383972168, -0.47237229347229004, 2.1613125801086426, 0.022450685501098633, -1.7006036043167114, -0.007635354995727539, 0.0, -2.066365518973232, -5.555505491877851, -3.7393662105857945, -0.12054372370422062
867, -0.02288079261779785, -0.451066255569458, 2.146268367767334, 0.022441625595092773, -1.7078624963760376, -0.005526304244995117, 0.0, -2.066394862196206, -5.5555033174896895, -3.7407646782391604, -0.12042832140317206
868, -0.023021221160888672, -0.4267880916595459, 2.128859519958496, 0.022469043731689453, -1.7164274454116821, -0.0048961639404296875, 0.0, -2.066410657607344, -5.555487959748291, -3.742157093603005, -0.12034954436318568
869, -0.02329397201538086, -0.4049951732158661, 2.1131601333618164, 0.022469043731689453, -1.7229102849960327, -0.0048961639404296875, 0.0, -2.0663936543084525, -5.5554808590661136, -3.7432027062953397, -0.1202711250699453
870, -0.02359628677368164, -0.382781982421875, 2.096749782562256, 0.022450685501098633, -1.7288635969161987, -0.004914522171020508, 0.0, -2.0663593046396707, -5.555483398872545, -3.7440956293957726, -0.12024461362821093
871, -0.023906230926513672, -0.3602442443370819, 2.0796761512756348, 0.022450685501098633, -1.7347437143325806, -0.004887104034423828, 0.0, -2.0663178499018664, -5.555488436041352, -3.7448513984260723, -0.12030454572699689
872, -0.02395772933959961, -0.3341517150402069, 2.059302806854248, 0.022441625595092773, -1.7417105436325073, -0.0048961639404296875, 0.0, -2.0662754491803446, -5.555472502553701, -3.7455426770266693, -0.12041284188795665
873, -0.02381753921508789, -0.3075430393218994, 2.037827253341675, 0.022450685501098633, -1.7469791173934937, -0.004868745803833008, 0.0, -2.066230921045631, -5.555443776447623, -3.746089683237311, -0.12060985988027895
874, -0.023906230926513672, -0.2839212417602539, 2.0183167457580566, 0.022450685501098633, -1.751243233680725, -0.004914522171020508, 0.0, -2.0661917825185885, -5.55542241187203, -3.7464806691570622, -0.12069042078602177
875, -0.024061203002929688, -0.25689220428466797, 1.995307207107544, 0.022450685501098633, -1.7552424669265747, -0.004914522171020508, 0.0, -2.0661413832126883, -5.555410658819384, -3.7468867863556525, -0.12070893916212633
876, -0.02430438995361328, -0.2331375926733017, 1.974534511566162, 0.022441625595092773, -1.7587124109268188, -0.0048961639404296875, 0.0, -2.0660759160020907, -5.555407508328589, -3.747191485294997, -0.12063541039152081
877, -0.02452564239501953, -0.20265722274780273, 1.947250485420227, 0.022423267364501953, -1.7619446516036987, -0.004868745803833008, 0.0, -2.065957710759771, -5.555413677217015, -3.747533971852067, -0.12052230400998898
878, -0.024510860443115234, -0.1826639026403427, 1.928970456123352, 0.022432327270507812, -1.763989806175232, -0.004868745803833008, 0.0, -2.0658621870330154, -5.555429039939174, -3.747747344214446, -0.12049944457757089
879, -0.024540185928344727, -0.15563464164733887, 1.9038755893707275, 0.022432327270507812, -1.7672406435012817, -0.004850625991821289, 0.0, -2.0657175709388444, -5.555437058245383, -3.74801415541476, -0.12046770845064714
880, -0.02448868751525879, -0.12900400161743164, 1.8784691095352173, 0.022414207458496094, -1.7687104940414429, -0.004850625991821289, 0.0, -2.0655687372837357, -5.555473411757595, -3.748269122405602, -0.12049649899239245
881, -0.02443695068359375, -0.10561823844909668, 1.8558827638626099, 0.022423267364501953, -1.7702261209487915, -0.004841327667236328, 0.0, -2.0654367507137095, -5.555532854013753, -3.748446563651083, -0.1205658639856706
882, -0.024555206298828125, -0.07889151573181152, 1.8286067247390747, 0.022423267364501953, -1.769450306892395, -0.004841327667236328, 0.0, -2.065243765520839, -5.555575319672108, -3.7486797129782685, -0.12055758237353764
883, -0.02452564239501953, -0.06200289726257324, 1.8117328882217407, 0.022386789321899414, -1.7689205408096313, -0.004823207855224609, 0.0, -2.0650038310270453, -5.555617310527182, -3.749199858674599, -0.12067268745797577
884, -0.024473905563354492, -0.05831551179289818, 1.8081295490264893, 0.022368669509887695, -1.7689114809036255, -0.004850625991821289, 0.0, -2.064888093162606, -5.555662541181175, -3.74954911008546, -0.12075728788269124
885, -0.024407625198364258, -0.054605960845947266, 1.8046461343765259, 0.022359371185302734, -1.768947720527649, -0.004841327667236328, 0.0, -2.0646515188558623, -5.555754782711813, -3.7503840589296256, -0.12086444227877546
886, -0.024606943130493164, -0.05303525924682617, 1.8021374940872192, 0.022322893142700195, -1.768957257270813, -0.004841327667236328, 0.0, -2.0644040899037917, -5.555802108243373, -3.7514741990136766, -0.12081481304261832
887, -0.024614334106445312, -0.05316781997680664, 1.8017538785934448, 0.022313833236694336, -1.7690211534500122, -0.004823207855224609, 0.0, -2.064374463518582, -5.555804815262155, -3.7517760716211592, -0.12080812232861238
888, -0.02445197105407715, -0.054923057556152344, 1.8020097017288208, 0.022341251373291016, -1.7689934968948364, -0.0048139095306396484, 0.0, -2.0643742271860397, -5.555826222338698, -3.752508280500176, -0.12091241181767565
889, -0.024318933486938477, -0.058278560638427734, 1.804190754890442, 0.022331953048706055, -1.769112229347229, -0.004832267761230469, 0.0, -2.064426860854791, -5.555833770645204, -3.7530929036457983, -0.12095084431706482
890, -0.024378061294555664, -0.06104421615600586, 1.8061562776565552, 0.022313833236694336, -1.7692312002182007, -0.004832267761230469, 0.0, -2.0645005783444987, -5.555830569413331, -3.753465874235624, -0.12090459314308255
891, -0.02435588836669922, -0.06282901763916016, 1.8073866367340088, 0.022304773330688477, -1.76927649974823, -0.004804849624633789, 0.0, -2.064583181737995, -5.555822495670992, -3.7536683258468533, -0.12089252926715766
892, -0.024341344833374023, -0.06412672996520996, 1.8081934452056885, 0.022304773330688477, -1.7692674398422241, -0.00476837158203125, 0.0, -2.0647099355274188, -5.555789419660303, -3.7537925002863095, -0.12088998230682257
893, -0.024201154708862305, -0.06467986106872559, 1.8084412813186646, 0.022304773330688477, -1.7692583799362183, -0.004804849624633789, 0.0, -2.064772864140131, -5.555767046365127, -3.753812473169554, -0.12094262577211712
894, -0.024149417877197266, -0.06546902656555176, 1.809064269065857, 0.022313833236694336, -1.7693041563034058, -0.004823207855224609, 0.0, -2.064770242387407, -5.5557792514765705, -3.753891411742911, -0.12098955170663661
895, -0.02405381202697754, -0.06628036499023438, 1.809935212135315, 0.022304773330688477, -1.76927649974823, -0.004795551300048828, 0.0, -2.064696062444929, -5.555804801086328, -3.75400759825486, -0.12099613125797326
896, -0.024031400680541992, -0.06643533706665039, 1.810222864151001, 0.022304773330688477, -1.76927649974823, -0.004795551300048828, 0.0, -2.064628209616632, -5.555823432378509, -3.754021800531522, -0.1209781985881726
897, -0.023898839950561523, -0.06634664535522461, 1.8103667497634888, 0.022295475006103516, -1.7693132162094116, -0.004804849624633789, 0.0, -2.06454128560328, -5.5558630668634015, -3.753968008790274, -0.12101440240227834
898, -0.02378082275390625, -0.06643533706665039, 1.8105584383010864, 0.022295475006103516, -1.7693496942520142, -0.0048139095306396484, 0.0, -2.064484100458352, -5.5558944521918185, -3.753960083826207, -0.12100807784046541
899, -0.02373647689819336, -0.06654596328735352, 1.8104145526885986, 0.022304773330688477, -1.76935875415802, -0.004795551300048828, 0.0, -2.064417994043827, -5.555932626095026, -3.7539666198568664, -0.12096719632166586
900, -0.023729324340820312, -0.06659770011901855, 1.8102067708969116, 0.022304773330688477, -1.769368052482605, -0.004786491394042969, 0.0, -2.0643811387606723, -5.555951241141112, -3.753970701944445, -0.12093779061055532
901, -0.023729324340820312, -0.06668591499328613, 1.8101508617401123, 0.022313833236694336, -1.769368052482605, -0.004777431488037109, 0.0, -2.064307625867375, -5.555979206076535, -3.7539920534509803, -0.12092499869074036
902, -0.023721933364868164, -0.0668039321899414, 1.8103586435317993, 0.022295475006103516, -1.769368052482605, -0.004786491394042969, 0.0, -2.0642531866897453, -5.555989826205613, -3.75399598981021, -0.12092682719108439
903, -0.023706912994384766, -0.06696605682373047, 1.8107421398162842, 0.022304773330688477, -1.7693771123886108, -0.004777431488037109, 0.0, -2.0641883164389436, -5.556003941186078, -3.7540130442889645, -0.1209465954160569
904, -0.023677587509155273, -0.06850767135620117, 1.8118447065353394, 0.022322893142700195, -1.769203543663025, -0.004777431488037109, 0.0, -2.0641380226731743, -5.556018186731875, -3.754047748079296, -0.12096088840358732
905, -0.023699522018432617, -0.0765683650970459, 1.8200099468231201, 0.022295475006103516, -1.7690573930740356, -0.004777431488037109, 0.0, -2.063981957247229, -5.556050788089918, -3.754322157646113, -0.12093898924110835
906, -0.023633241653442383, -0.08611153811216354, 1.829581379890442, 0.022286415100097656, -1.7690757513046265, -0.004777431488037109, 0.0, -2.0638324664311147, -5.556082950289996, -3.754614527872786, -0.1209209533426927
907, -0.023743867874145508, -0.09925341606140137, 1.8425084352493286, 0.022258996963500977, -1.7691854238510132, -0.004786491394042969, 0.0, -2.0636501446906084, -5.556121791134882, -3.754990198618857, -0.12078831280438695
908, -0.02364802360534668, -0.11488842219114304, 1.8572570085525513, 0.022295475006103516, -1.7692126035690308, -0.004786491394042969, 0.0, -2.0634509146563573, -5.556171767113468, -3.755426873347114, -0.12068686784637706
909, -0.023508071899414062, -0.12963080406188965, 1.8701199293136597, 0.022268295288085938, -1.7689934968948364, -0.00476837158203125, 0.0, -2.06335871565256, -5.5561880025083, -3.7557153455692536, -0.12062998071486497
910, -0.023508071899414062, -0.150376558303833, 1.888527750968933, 0.022286415100097656, -1.7688385248184204, -0.00475001335144043, 0.0, -2.06329543171043, -5.556184680774772, -3.75602030180235, -0.12060946499994252
911, -0.0235595703125, -0.17813563346862793, 1.9139024019241333, 0.022277355194091797, -1.768527865409851, -0.004759073257446289, 0.0, -2.0631513594884945, -5.556205433784306, -3.756500786776999, -0.12063277772682657
912, -0.0235595703125, -0.1985933780670166, 1.9321184158325195, 0.022258996963500977, -1.7683545351028442, -0.00474095344543457, 0.0, -2.063082022648572, -5.556219006333995, -3.756849836212792, -0.12064612941497632
913, -0.02364802360534668, -0.22773194313049316, 1.956837773323059, 0.022295475006103516, -1.766792893409729, -0.00474095344543457, 0.0, -2.063065181531583, -5.556225465681986, -3.7572413478319473, -0.12066516220514778
914, -0.02361130714416504, -0.2556164264678955, 1.9800952672958374, 0.022258996963500977, -1.7625290155410767, -0.00475001335144043, 0.0, -2.0630689349135283, -5.556220757932096, -3.7575627027376246, -0.12065024810933789
915, -0.023706912994384766, -0.2859938144683838, 2.005350112915039, 0.022277355194091797, -1.7583378553390503, -0.00476837158203125, 0.0, -2.06306000672558, -5.556223029708189, -3.7579308288621194, -0.12055647164636607
916, -0.023714303970336914, -0.3145124912261963, 2.028367519378662, 0.022268295288085938, -1.75347101688385, -0.00475001335144043, 0.0, -2.0630331190831686, -5.556247863179679, -3.7583137148761274, -0.12054029718627035
917, -0.023729324340820312, -0.3543813228607178, 2.060110092163086, 0.022240877151489258, -1.7454177141189575, -0.00475001335144043, 0.0, -2.0629720846998567, -5.5562936596222405, -3.758892970943798, -0.12046016452032582
918, -0.023802757263183594, -0.38982483744621277, 2.0874500274658203, 0.022277355194091797, -1.7376290559768677, -0.00475001335144043, 0.0, -2.0628803650446765, -5.556327636309942, -3.759421527634597, -0.12040078473077465
919, -0.023795604705810547, -0.4200620651245117, 2.1102118492126465, 0.022258996963500977, -1.7313653230667114, -0.00475001335144043, 0.0, -2.062771172270664, -5.556352518452293, -3.7598668860557187, -0.12041346367635786
920, -0.02376580238342285, -0.4545767307281494, 2.1356024742126465, 0.022277355194091797, -1.7232571840286255, -0.00475001335144043, 0.0, -2.0626063509629047, -5.5563866446727825, -3.7603617014386774, -0.12044377077647894
921, -0.02381753921508789, -0.48810288310050964, 2.1597068309783936, 0.022222518920898438, -1.712382435798645, -0.00474095344543457, 0.0, -2.0623978174433146, -5.5564195658748226, -3.760788676554055, -0.12045349724085952
922, -0.023906230926513672, -0.5248298645019531, 2.1850013732910156, 0.022240877151489258, -1.7002476453781128, -0.00475001335144043, 0.0, -2.062127108353955, -5.556466694692529, -3.761181272008901, -0.12049448822032094
923, -0.023884057998657227, -0.560391902923584, 2.207667827606201, 0.0222318172454834, -1.6881126165390015, -0.00475001335144043, 0.0, -2.061851884511841, -5.556530106128259, -3.76153636731412, -0.12057463700118021
924, -0.023928165435791016, -0.6011011600494385, 2.231076717376709, 0.022195100784301758, -1.6690748929977417, -0.00476837158203125, 0.0, -2.0615180851027866, -5.55660035391897, -3.761920830192105, -0.12063844400741264
925, -0.023943185806274414, -0.6329977512359619, 2.2477428913116455, 0.022176742553710938, -1.6531964540481567, -0.00475001335144043, 0.0, -2.0612422403857495, -5.556655187084977, -3.7621680022571926, -0.12059838600934203
926, -0.02391338348388672, -0.6658603549003601, 2.2634103298187256, 0.0221860408782959, -1.6342955827713013, -0.00476837158203125, 0.0, -2.0609589968128876, -5.556723810960732, -3.762334479457909, -0.12058921951505486
927, -0.023935556411743164, -0.699504554271698, 2.278989791870117, 0.022195100784301758, -1.6152757406234741, -0.004777431488037109, 0.0, -2.060658528333464, -5.556791224684199, -3.7623887989132707, -0.12049958688042661
928, -0.02395772933959961, -0.7343289852142334, 2.2950966358184814, 0.022167682647705078, -1.5962382555007935, -0.004786491394042969, 0.0, -2.060307539168724, -5.556864242216203, -3.762240718837731, -0.12033936014413893
929, -0.023943185806274414, -0.7740871906280518, 2.3146069049835205, 0.022149324417114258, -1.5752280950546265, -0.004795551300048828, 0.0, -2.0598176754587434, -5.556953351834331, -3.761748126433249, -0.12017931584656516
930, -0.02386927604675293, -0.8119204044342041, 2.3345565795898438, 0.02213120460510254, -1.5576876401901245, -0.004786491394042969, 0.0, -2.059222321014033, -5.55700865921513, -3.760878408860321, -0.12006485427349656
931, -0.023928165435791016, -0.8532273769378662, 2.3582215309143066, 0.022121906280517578, -1.5356732606887817, -0.004832267761230469, 0.0, -2.058391296212901, -5.5570612655561975, -3.759079280376504, -0.11991474901751165
932, -0.0239870548248291, -0.8785378932952881, 2.3732097148895264, 0.0221402645111084, -1.519931674003601, -0.004795551300048828, 0.0, -2.057814776893911, -5.5571295381798045, -3.757261018387344, -0.1198361419613283
933, -0.02395772933959961, -0.9046082496643066, 2.388429641723633, 0.0220947265625, -1.5026742219924927, -0.004832267761230469, 0.0, -2.0571137454232886, -5.557176373501648, -3.754618303517183, -0.1198803694405628
934, -0.023972511291503906, -0.9287979602813721, 2.4016523361206055, 0.02208542823791504, -1.4843670129776, -0.0048596858978271484, 0.0, -2.056374978861406, -5.557160794342961, -3.751465146563141, -0.11993440412449541
935, -0.024024009704589844, -0.9481792449951172, 2.4115512371063232, 0.02208542823791504, -1.4703603982925415, -0.004832267761230469, 0.0, -2.0557697552013052, -5.557164444955091, -3.748265671546975, -0.11997291416264577
936, -0.024318933486938477, -0.9688658714294434, 2.4208030700683594, 0.02203083038330078, -1.4530211687088013, -0.0048961639404296875, 0.0, -2.0550609024491173, -5.557193132241821, -3.744209440844913, -0.11991271419741079
937, -0.024540185928344727, -0.9897145628929138, 2.4291200637817383, 0.02206730842590332, -1.436073899269104, -0.004951000213623047, 0.0, -2.054178977262748, -5.557207247783368, -3.739285853183209, -0.11979587485416765
938, -0.024473905563354492, -1.003019094467163, 2.4336981773376465, 0.02203989028930664, -1.4236563444137573, -0.0052340030670166016, 0.0, -2.053607582509669, -5.557253296273575, -3.7358289661143176, -0.11982385283267494
939, -0.024503707885742188, -1.020615577697754, 2.4391708374023438, 0.0220489501953125, -1.4098044633865356, -0.005708932876586914, 0.0, -2.052899838660379, -5.557323788949769, -3.7310391826200906, -0.1198621005078575
940, -0.024606943130493164, -1.0361101627349854, 2.443333387374878, 0.02203083038330078, -1.3950401544570923, -0.005727052688598633, 0.0, -2.0523370155498766, -5.557343120068783, -3.7266947054986588, -0.11980463728740975
941, -0.02470993995666504, -1.0514132976531982, 2.4470326900482178, 0.0220489501953125, -1.3817092180252075, -0.0057909488677978516, 0.0, -2.0518444061295527, -5.557379812344932, -3.7222459315777607, -0.11970099551224767
942, -0.02465081214904785, -1.0665907859802246, 2.450547933578491, 0.02202153205871582, -1.3678210973739624, -0.005845785140991211, 0.0, -2.051441761936882, -5.557447433462632, -3.7177074014060145, -0.11970443703113265
943, -0.024547576904296875, -1.0861859321594238, 2.4548702239990234, 0.02203989028930664, -1.3497329950332642, -0.0059735774993896484, 0.0, -2.051007324577887, -5.557534685869738, -3.7118021637427665, -0.11975239555698725
944, -0.0246732234954834, -1.099121332168579, 2.4576985836029053, 0.02203083038330078, -1.3374885320663452, -0.006000995635986328, 0.0, -2.0507531220521247, -5.5575586818002405, -3.7078381990715883, -0.11968110747965977
945, -0.024599313735961914, -1.1166515350341797, 2.4613418579101562, 0.02203083038330078, -1.3198751211166382, -0.006037473678588867, 0.0, -2.050497994424124, -5.557671615689525, -3.702585204922177, -0.11966289215118309
946, -0.024466514587402344, -1.1318070888519287, 2.4645614624023438, 0.0220489501953125, -1.3061147928237915, -0.006073951721191406, 0.0, -2.05035622557109, -5.5578022312914195, -3.698062145887462, -0.11970924142262618
947, -0.02403879165649414, -1.1473829746246338, 2.467757225036621, 0.02202153205871582, -1.2903183698654175, -0.006128787994384766, 0.0, -2.050253831078054, -5.557934606881287, -3.6936478475212504, -0.11987202684516252
948, -0.02342677116394043, -1.165340781211853, 2.47152042388916, 0.02203083038330078, -1.2723580598831177, -0.006137847900390625, 0.0, -2.050113270281916, -5.558047827097329, -3.6886939357729824, -0.12014725075342092
949, -0.022777795791625977, -1.1838518381118774, 2.475323438644409, 0.02203989028930664, -1.2544344663619995, -0.006147146224975586, 0.0, -2.049945600431827, -5.558204281151482, -3.6838486083450555, -0.12039332763192423
950, -0.022401809692382812, -1.2006001472473145, 2.478527069091797, 0.02203989028930664, -1.2369214296340942, -0.006174325942993164, 0.0, -2.04978102383267, -5.558355797849678, -3.6797516137113053, -0.12051722079661342
951, -0.02232813835144043, -1.2200626134872437, 2.482058525085449, 0.02203083038330078, -1.2185500860214233, -0.006201744079589844, 0.0, -2.049601329544023, -5.55851741964278, -3.6752530232719316, -0.12057121276615224
952, -0.022342681884765625, -1.2379541397094727, 2.4847748279571533, 0.02203083038330078, -1.1990193128585815, -0.006192684173583984, 0.0, -2.049449516054326, -5.558649003822746, -3.671467984314437, -0.12056675817928486
953, -0.02228379249572754, -1.25323486328125, 2.486908197402954, 0.02203083038330078, -1.1843370199203491, -0.006192684173583984, 0.0, -2.049323144988224, -5.558758005428685, -3.66835471441288, -0.1205713227451577
954, -0.02222466468811035, -1.2718491554260254, 2.489025354385376, 0.02203083038330078, -1.1638473272323608, -0.006210803985595703, 0.0, -2.0491690419620574, -5.5588807631506, -3.6648893367937774, -0.12054096620144694
955, -0.022180557250976562, -1.2938042879104614, 2.4912543296813965, 0.021994352340698242, -1.1412760019302368, -0.006238460540771484, 0.0, -2.0489871867167784, -5.559009994229244, -3.6611426288846496, -0.12045821883581187
956, -0.022217512130737305, -1.3108844757080078, 2.492668628692627, 0.02203083038330078, -1.1230779886245728, -0.006256580352783203, 0.0, -2.04884582519386, -5.559086771825394, -3.6584489283389154, -0.12027717106444236
957, -0.02231311798095703, -1.3310179710388184, 2.493834972381592, 0.02202153205871582, -1.1012645959854126, -0.0063571929931640625, 0.0, -2.0486794856681163, -5.559160402773281, -3.6554427375750937, -0.12003138614285902
958, -0.022357463836669922, -1.3572947978973389, 2.494753837585449, 0.02202153205871582, -1.0724109411239624, -0.006475687026977539, 0.0, -2.0484680420948944, -5.559252496133158, -3.6517464296719626, -0.11985862566436367
959, -0.022379398345947266, -1.3783575296401978, 2.4949536323547363, 0.02202153205871582, -1.0498489141464233, -0.008329391479492188, 0.0, -2.048306016212387, -5.559300499663346, -3.6490010835964553, -0.11981720475485957
960, -0.022379398345947266, -1.3994718790054321, 2.49467396736145, 0.02203083038330078, -1.0265926122665405, -0.011068582534790039, 0.0, -2.048140195818971, -5.559320306693007, -3.6463023964797783, -0.11981793118848127
961, -0.022372007369995117, -1.4200994968414307, 2.4938910007476807, 0.02202153205871582, -1.0026148557662964, -0.011717081069946289, 0.0, -2.0479729128837407, -5.559305928836611, -3.643642997677477, -0.11985911423585893
962, -0.022298336029052734, -1.446398377418518, 2.4922211170196533, 0.02202153205871582, -0.9719260931015015, -0.011753559112548828, 0.0, -2.0477601187661816, -5.559304590062928, -3.6402588908122215, -0.1200140765637121
963, -0.02228379249572754, -1.4637515544891357, 2.490647077560425, 0.02202153205871582, -0.9511991739273071, -0.011799097061157227, 0.0, -2.047598495102423, -5.559305969251861, -3.6379914492293532, -0.12006274878649936
964, -0.022195100784301758, -1.4926096200942993, 2.487179756164551, 0.02203083038330078, -0.9161549806594849, -0.012456417083740234, 0.0, -2.047312741244879, -5.559275734016108, -3.6342254406443333, -0.1200098802282028
965, -0.022069931030273438, -1.509513020515442, 2.4846789836883545, 0.02205801010131836, -0.8959211111068726, -0.015460491180419922, 0.0, -2.04714782598519, -5.559256630896054, -3.631971865595674, -0.1199981113567965
966, -0.02206254005432129, -1.5259958505630493, 2.481579065322876, 0.02206730842590332, -0.8747466802597046, -0.018090248107910156, 0.0, -2.04701707560531, -5.559249023111113, -3.6297144353210373, -0.1199401242629925
967, -0.022032737731933594, -1.5447944402694702, 2.4772887229919434, 0.02208542823791504, -0.8500477075576782, -0.02014470100402832, 0.0, -2.0468873544803596, -5.559227894481125, -3.6270600386280347, -0.11991832775665667
968, -0.021914958953857422, -1.5630030632019043, 2.4725430011749268, 0.02213120460510254, -0.8260427713394165, -0.02187943458557129, 0.0, -2.0467667551862556, -5.559198004880096, -3.624389085768179, -0.11995482590273898
969, -0.021811485290527344, -1.5835200548171997, 2.466247320175171, 0.022249937057495117, -0.797965407371521, -0.023130416870117188, 0.0, -2.0466608096502603, -5.559188140322072, -3.621325507452728, -0.11998563509219551
970, -0.02170085906982422, -1.603166937828064, 2.4591526985168457, 0.022578716278076172, -0.7705456018447876, -0.023869991302490234, 0.0, -2.0465563977501144, -5.559213117355268, -3.6182309312305816, -0.12002839164835866
971, -0.02147960662841797, -1.6195759773254395, 2.4521219730377197, 0.02326345443725586, -0.7464948892593384, -0.023943185806274414, 0.0, -2.0464590853159255, -5.5592384886616895, -3.615568485010647, -0.12004227335290363
972, -0.021280765533447266, -1.634112000465393, 2.444539785385132, 0.023473501205444336, -0.7243434190750122, -0.02406167984008789, 0.0, -2.046366019509864, -5.55927003655066, -3.613012649222023, -0.12007939909151855
973, -0.021192073822021484, -1.6482865810394287, 2.434776782989502, 0.023610353469848633, -0.7056890726089478, -0.02419877052307129, 0.0, -2.0463191714009223, -5.559325631859476, -3.609924852525607, -0.12008802581741929
974, -0.021140575408935547, -1.655174732208252, 2.4280097484588623, 0.023647069931030273, -0.6931341886520386, -0.024536609649658203, 0.0, -2.0463442621006758, -5.559337961765399, -3.6080137713695954, -0.12006657619182981
975, -0.021066904067993164, -1.6625423431396484, 2.419628620147705, 0.02377462387084961, -0.6774932146072388, -0.027065753936767578, 0.0, -2.04641459393164, -5.5593225299938664, -3.605634754718919, -0.12003809688759937
976, -0.02117753028869629, -1.6680365800857544, 2.4131171703338623, 0.023838520050048828, -0.6631029844284058, -0.02763199806213379, 0.0, -2.04648005270682, -5.5593235790000115, -3.6037216137743973, -0.12001898427141633
977, -0.021251201629638672, -1.66965913772583, 2.4095618724823, 0.023975610733032227, -0.6647557020187378, -0.02756786346435547, 0.0, -2.046555466942472, -5.559355471836644, -3.6019294193557396, -0.12006312382154682
978, -0.021147727966308594, -1.667232632637024, 2.40732479095459, 0.024021387100219727, -0.6672667264938354, -0.02754974365234375, 0.0, -2.046691705952946, -5.5593743157503335, -3.6002220064830355, -0.12015201630056005
979, -0.02103710174560547, -1.6601823568344116, 2.407524585723877, 0.024066925048828125, -0.6726905107498169, -0.02757716178894043, 0.0, -2.046906101087262, -5.559372906036064, -3.5981373793722584, -0.12023296717584309
980, -0.021052122116088867, -1.6550934314727783, 2.40950608253479, 0.024103403091430664, -0.6743613481521606, -0.02758622169494629, 0.0, -2.0470695642883583, -5.5593863089408275, -3.5966457791786195, -0.12028861503979815
981, -0.02103710174560547, -1.6509342193603516, 2.4127256870269775, 0.024103403091430664, -0.6753109693527222, -0.02760457992553711, 0.0, -2.0472177651982975, -5.559411591523702, -3.595315235476954, -0.1203445420192093
982, -0.02098560333251953, -1.6480284929275513, 2.4177510738372803, 0.024158239364624023, -0.6771918535232544, -0.02761363983154297, 0.0, -2.0473888061379055, -5.559415358994051, -3.593850354068316, -0.120349818033886
983, -0.020941495895385742, -1.647571325302124, 2.422872304916382, 0.024167299270629883, -0.6771460771560669, -0.02761363983154297, 0.0, -2.0475003253721606, -5.559415751793943, -3.5925784027080137, -0.12032246693638893
984, -0.020933866500854492, -1.6478883028030396, 2.4245901107788086, 0.024176359176635742, -0.6771827936172485, -0.02761363983154297, 0.0, -2.047517078475026, -5.559419773622652, -3.5921770114157305, -0.12031582023013865
985, -0.02089715003967285, -1.6480211019515991, 2.4270668029785156, 0.024213075637817383, -0.6772102117538452, -0.027622699737548828, 0.0, -2.0475246620853333, -5.559426077984803, -3.5915699855395293, -0.120307893860776
986, -0.020808696746826172, -1.6477482318878174, 2.428265333175659, 0.024240493774414062, -0.6773289442062378, -0.027622699737548828, 0.0, -2.047521467852207, -5.55941565373529, -3.5911925648217236, -0.12037265365750116
987, -0.02073502540588379, -1.6465755701065063, 2.4290242195129395, 0.024231433868408203, -0.6811362504959106, -0.02761363983154297, 0.0, -2.0475254704455566, -5.559400310234719, -3.5909457493425387, -0.12039291387637441
988, -0.020712614059448242, -1.645277500152588, 2.429176092147827, 0.024249553680419922, -0.6852999925613403, -0.02761363983154297, 0.0, -2.0475853934683617, -5.559383315915956, -3.590701186165034, -0.12042834762189436
989, -0.02068328857421875, -1.6434780359268188, 2.428497076034546, 0.02425861358642578, -0.6866422891616821, -0.02763199806213379, 0.0, -2.0476961024689766, -5.5593685724047575, -3.5904874204678077, -0.1204117140226666
990, -0.020631790161132812, -1.6416417360305786, 2.4276821613311768, 0.024267911911010742, -0.6866241693496704, -0.02760457992553711, 0.0, -2.0478211142149263, -5.5593540216089155, -3.5902839705330174, -0.12043117399054015
991, -0.02059459686279297, -1.63900887966156, 2.4268031120300293, 0.02428603172302246, -0.6865965127944946, -0.02761363983154297, 0.0, -2.047978579190633, -5.5593261430867695, -3.5900301086823205, -0.1204412973337643
992, -0.02055072784423828, -1.636427640914917, 2.4261879920959473, 0.024295330047607422, -0.6866515874862671, -0.02759528160095215, 0.0, -2.048137814339422, -5.559284455079013, -3.5897740309703985, -0.12042415398666773
993, -0.020521163940429688, -1.6336915493011475, 2.425708770751953, 0.02430438995361328, -0.686815619468689, -0.027622699737548828, 0.0, -2.0483190753082825, -5.559239407507919, -3.589458985053623, -0.12042784719731792
994, -0.020521163940429688, -1.6314349174499512, 2.4257726669311523, 0.02431344985961914, -0.6900297403335571, -0.027622699737548828, 0.0, -2.048445763400613, -5.559216458788422, -3.5892082245148638, -0.12046041585147726
995, -0.02054309844970703, -1.6284849643707275, 2.4259562492370605, 0.02431344985961914, -0.6960197687149048, -0.027622699737548828, 0.0, -2.048606828776993, -5.559179906141598, -3.5888574145825682, -0.12054972008808473
996, -0.02051377296447754, -1.6272975206375122, 2.425868511199951, 0.02430438995361328, -0.6984575986862183, -0.02763199806213379, 0.0, -2.048678892461911, -5.559158669740371, -3.5886768091690064, -0.12060753274033864
997, -0.020483970642089844, -1.626530647277832, 2.425764560699463, 0.02433180809020996, -0.6998728513717651, -0.02759528160095215, 0.0, -2.048722018822384, -5.559147766278609, -3.5885633665361665, -0.12060962488796267
998, -0.020521163940429688, -1.6253947019577026, 2.4253571033477783, 0.02431344985961914, -0.6998273134231567, -0.02761363983154297, 0.0, -2.048787425026716, -5.559154380638945, -3.588418972313083, -0.12063332923052794
999, -0.02050638198852539, -1.6245983839035034, 2.4251654148101807, 0.02431344985961914, -0.6998454332351685, -0.02759528160095215, 0.0, -2.048816457892902, -5.55915339195614, -3.5883407241789373, -0.12061822093940311
1000, -0.020410537719726562, -1.6234995126724243, 2.424973726272583, 0.02433180809020996, -0.6998637914657593, -0.02759528160095215, 0.0, -2.04885785196258, -5.559145464895219, -3.5882261763593752, -0.12064295818865212
1001, -0.020366191864013672, -1.6225407123565674, 2.4248697757720947, 0.02434992790222168, -0.6998180150985718, -0.02760457992553711, 0.0, -2.048901927546226, -5.55912941693911, -3.5881274081544583, -0.1205843233319408
1002, -0.02037334442138672, -1.6218031644821167, 2.4249017238616943, 0.02434992790222168, -0.6998363733291626, -0.02761363983154297, 0.0, -2.048930440357392, -5.559135489764858, -3.5880670597964683, -0.12056822882521967
1003, -0.020344018936157227, -1.6213828325271606, 2.424973726272583, 0.02434086799621582, -0.6998728513717651, -0.02761363983154297, 0.0, -2.0489354330405756, -5.5591439439546955, -3.588021952941613, -0.12056653886022417
1004, -0.02033686637878418, -1.6210510730743408, 2.425133466720581, 0.02434992790222168, -0.6998454332351685, -0.02761363983154297, 0.0, -2.0489319491477893, -5.559152812514727, -3.5879631100096137, -0.12060431139536654
1005, -0.020307064056396484, -1.620932936668396, 2.4252772331237793, 0.02434086799621582, -0.699891209602356, -0.02764105796813965, 0.0, -2.048915408250984, -5.559147918087371, -3.587938811032619, -0.12064463876222131
1006, -0.020299911499023438, -1.6209255456924438, 2.4253013134002686, 0.02434086799621582, -0.6999367475509644, -0.02761363983154297, 0.0, -2.0489042684814516, -5.559141086115808, -3.5879351294496438, -0.12065148840380857
1007, -0.020277738571166992, -1.62088143825531, 2.425309181213379, 0.02434992790222168, -0.6999548673629761, -0.02761363983154297, 0.0, -2.0488864388394834, -5.559141708310006, -3.587921525782202, -0.1207017471406635
1008, -0.0202481746673584, -1.6207634210586548, 2.4253411293029785, 0.02435898780822754, -0.7000554800033569, -0.027622699737548828, 0.0, -2.0488566916165216, -5.559141306270453, -3.587897866283463, -0.12071127944982774
1009, -0.020218849182128906, -1.6205569505691528, 2.4253811836242676, 0.02435898780822754, -0.7000554800033569, -0.02760457992553711, 0.0, -2.048826746116237, -5.55913570335719, -3.5878717467257384, -0.12071765625859054
1010, -0.0202333927154541, -1.620306134223938, 2.4254050254821777, 0.0243682861328125, -0.7001103162765503, -0.02760457992553711, 0.0, -2.048800263273617, -5.559124960557953, -3.5878552065402367, -0.12070717099037687
1011, -0.0202333927154541, -1.6201366186141968, 2.425413131713867, 0.02435898780822754, -0.700128436088562, -0.02760457992553711, 0.0, -2.048769828400273, -5.559110366321036, -3.5878583582040786, -0.12069196342577282
1012, -0.02024078369140625, -1.6200628280639648, 2.425452947616577, 0.02435898780822754, -0.7001193761825562, -0.02761363983154297, 0.0, -2.0487435546631834, -5.559083986805107, -3.5878566017289657, -0.12064416760008179
1013, -0.020299911499023438, -1.6199522018432617, 2.4255168437957764, 0.02434992790222168, -0.700137734413147, -0.027622699737548828, 0.0, -2.0487318064396285, -5.5590615888807875, -3.58784273305807, -0.1206035599309141
1014, -0.020358800888061523, -1.6199153661727905, 2.425588846206665, 0.02434992790222168, -0.7001558542251587, -0.027622699737548828, 0.0, -2.0487113604794778, -5.5590488611439515, -3.587832496783991, -0.12057976353751965
1015, -0.020440101623535156, -1.6199079751968384, 2.425708770751953, 0.02434992790222168, -0.7001467943191528, -0.02759528160095215, 0.0, -2.048686014029686, -5.559040342097216, -3.5878254956874254, -0.12054989040805353
1016, -0.020528316497802734, -1.6199007034301758, 2.425868511199951, 0.0243682861328125, -0.7001558542251587, -0.02759528160095215, 0.0, -2.048656145688349, -5.559049346857501, -3.5878151525719577, -0.12053611362124794
1017, -0.020587444305419922, -1.6199374198913574, 2.42598032951355, 0.02434992790222168, -0.7001467943191528, -0.02761363983154297, 0.0, -2.048627837295561, -5.5590687651627055, -3.587803182388897, -0.12055254448945174
1018, -0.020631790161132812, -1.6199374198913574, 2.4260361194610596, 0.02435898780822754, -0.7001193761825562, -0.02761363983154297, 0.0, -2.048588652336943, -5.559098921748963, -3.5877922924992096, -0.12060399556805557
1019, -0.020624399185180664, -1.6199301481246948, 2.4260201454162598, 0.02434086799621582, -0.7001558542251587, -0.027622699737548828, 0.0, -2.0485621176982787, -5.559115053234674, -3.587782949801293, -0.12063670086428324
1020, -0.020587444305419922, -1.6199225187301636, 2.426028251647949, 0.02437734603881836, -0.7002016305923462, -0.02761363983154297, 0.0, -2.048527806713423, -5.559130815184875, -3.587770282073631, -0.12067372922544628
1021, -0.020572662353515625, -1.6199374198913574, 2.426084280014038, 0.0243682861328125, -0.7002471685409546, -0.02758622169494629, 0.0, -2.0484950870784333, -5.55913526974203, -3.587759141629517, -0.12070475474137421
1022, -0.02055072784423828, -1.6199225187301636, 2.4261481761932373, 0.02435898780822754, -0.7002381086349487, -0.027622699737548828, 0.0, -2.048468010409033, -5.559131773212214, -3.5877550366911684, -0.12072779853305171
1023, -0.02054309844970703, -1.619966983795166, 2.4262120723724365, 0.02435898780822754, -0.7002562284469604, -0.02760457992553711, 0.0, -2.048441367117012, -5.559118280217705, -3.5877513117056314, -0.12072219667095396
1024, -0.020521163940429688, -1.6199742555618286, 2.426259994506836, 0.02435898780822754, -0.7002836465835571, -0.02763199806213379, 0.0, -2.0484125873330115, -5.55910017452528, -3.5877420507806637, -0.12073718361193109
1025, -0.020535707473754883, -1.6199595928192139, 2.426244020462036, 0.02435898780822754, -0.7002655267715454, -0.02759528160095215, 0.0, -2.0483790093126073, -5.559076932921862, -3.587740206573293, -0.12071392381734736
1026, -0.02054309844970703, -1.619966983795166, 2.4262280464172363, 0.02437734603881836, -0.700302004814148, -0.02763199806213379, 0.0, -2.048433053847769, -5.559093692543938, -3.58775201499483, -0.12069505253035828
1027, -0.020535707473754883, -1.6199742555618286, 2.4262280464172363, 0.0243682861328125, -0.7002929449081421, -0.02761363983154297, 0.0, -2.048403800675917, -5.559082961348397, -3.587744682287468, -0.12068272692699811
1028, -0.020535707473754883, -1.6199595928192139, 2.4262359142303467, 0.0243682861328125, -0.7002836465835571, -0.02761363983154297, 0.0, -2.048364194610528, -5.55907824220755, -3.58773968538416, -0.1206903510757904
1029, -0.020535707473754883, -1.6199742555618286, 2.4262759685516357, 0.0243682861328125, -0.7003203630447388, -0.027622699737548828, 0.0, -2.048393137636115, -5.559101963654981, -3.5877441737382116, -0.12071702555340913
1030, -0.020528316497802734, -1.6199891567230225, 2.426299810409546, 0.02434992790222168, -0.7003477811813354, -0.02760457992553711, 0.0, -2.0483704866147927, -5.5590951849542245, -3.587733642298325, -0.12071703126965705
1031, -0.020528316497802734, -1.619996428489685, 2.4263079166412354, 0.02435898780822754, -0.7003387212753296, -0.02760457992553711, 0.0, -2.0483509865374487, -5.559097418255794, -3.5877313793551404, -0.12076245753634751
1032, -0.02051377296447754, -1.6199816465377808, 2.4263079166412354, 0.02438640594482422, -0.7003751993179321, -0.02761363983154297, 0.0, -2.04836198503394, -5.559116306636528, -3.587733930039131, -0.12077292329866474
1033, -0.020491361618041992, -1.619966983795166, 2.426323890686035, 0.02435898780822754, -0.7004388570785522, -0.02761363983154297, 0.0, -2.0483285986738347, -5.559103264502397, -3.5877268153889945, -0.12078186544130087
1034, -0.020476818084716797, -1.619996428489685, 2.426323890686035, 0.02435898780822754, -0.7004755735397339, -0.02761363983154297, 0.0, -2.048313121684229, -5.559103812635875, -3.5877271917877893, -0.12078914738788349
1035, -0.02046942710876465, -1.6200110912322998, 2.426323890686035, 0.02435898780822754, -0.7004755735397339, -0.027622699737548828, 0.0, -2.0483234318319647, -5.55912287456929, -3.587725624344862, -0.12078091991239415
1036, -0.02045464515686035, -1.6199816465377808, 2.426323890686035, 0.0243682861328125, -0.7004936933517456, -0.02763199806213379, 0.0, -2.0483105665686714, -5.559113510501392, -3.587722793177086, -0.12078639408970204
1037, -0.020440101623535156, -1.6199891567230225, 2.4263317584991455, 0.02437734603881836, -0.7004936933517456, -0.02761363983154297, 0.0, -2.048302653167486, -5.559118674710429, -3.5877243125938083, -0.12076913713555548
1038, -0.020432472229003906, -1.6200038194656372, 2.426363706588745, 0.02437734603881836, -0.7005027532577515, -0.027622699737548828, 0.0, -2.048304057220424, -5.559115507929836, -3.5877215375596747, -0.12074456725938454
1039, -0.020447492599487305, -1.619996428489685, 2.4263718128204346, 0.0243682861328125, -0.7005211114883423, -0.02761363983154297, 0.0, -2.0482878464991074, -5.559096467176826, -3.587715265968329, -0.12069707208970026
1040, -0.020447492599487305, -1.6199891567230225, 2.4263558387756348, 0.02434992790222168, -0.7005211114883423, -0.02759528160095215, 0.0, -2.0483023005084178, -5.559113723358904, -3.5877170924024218, -0.12069933962552337
1041, -0.02045464515686035, -1.619966983795166, 2.4263477325439453, 0.0243682861328125, -0.700539231300354, -0.027622699737548828, 0.0, -2.048299256068531, -5.559121731404778, -3.587714225733053, -0.12069468304970332
1042, -0.0204620361328125, -1.6199816465377808, 2.4263558387756348, 0.0243682861328125, -0.7005668878555298, -0.027622699737548828, 0.0, -2.048278166845273, -5.559102793522342, -3.5877063109814227, -0.120681307232676
1043, -0.0204620361328125, -1.6199816465377808, 2.426363706588745, 0.0243682861328125, -0.700539231300354, -0.02761363983154297, 0.0, -2.0482910261953964, -5.559111443857047, -3.587709100879827, -0.1206766127119474
1044, -0.02046942710876465, -1.6199816465377808, 2.426363706588745, 0.0243682861328125, -0.7005668878555298, -0.02761363983154297, 0.0, -2.048293234271163, -5.559115270219045, -3.5877079711277857, -0.12068853611262753
1045, -0.020476818084716797, -1.6199816465377808, 2.4263718128204346, 0.0243682861328125, -0.7005759477615356, -0.027622699737548828, 0.0, -2.048270674186532, -5.55909888114978, -3.587702911734921, -0.12071791015931854
1046, -0.0204620361328125, -1.6199742555618286, 2.4263877868652344, 0.0243682861328125, -0.7005850076675415, -0.027622699737548828, 0.0, -2.048267515494833, -5.559096857636551, -3.5877004623143027, -0.12071435387411533
1047, -0.020476818084716797, -1.619996428489685, 2.426403760910034, 0.02435898780822754, -0.7005668878555298, -0.02763199806213379, 0.0, -2.048261228520959, -5.559110443366701, -3.5876992327498773, -0.1207199113607782
1048, -0.020476818084716797, -1.6200110912322998, 2.426419734954834, 0.02435898780822754, -0.7006033658981323, -0.02760457992553711, 0.0, -2.0482372005836242, -5.559113810864315, -3.5876870870087894, -0.12071623481446725
1049, -0.02045464515686035, -1.6200110912322998, 2.4264438152313232, 0.0243682861328125, -0.7005943059921265, -0.027622699737548828, 0.0, -2.0482336973502058, -5.559119040310571, -3.58768681025367, -0.12072490941519387
1050, -0.020447492599487305, -1.620025873184204, 2.4264516830444336, 0.02437734603881836, -0.7005759477615356, -0.02763199806213379, 0.0, -2.048211657064276, -5.5591155925316365, -3.5876806348303396, -0.12071584993479156
1051, -0.02045464515686035, -1.6200553178787231, 2.4264676570892334, 0.02437734603881836, -0.7006217241287231, -0.02760457992553711, 0.0, -2.0481803619747536, -5.5591106376264605, -3.5876780054780895, -0.1207245907491199
1052, -0.02045464515686035, -1.6201070547103882, 2.4265236854553223, 0.0243682861328125, -0.7006763219833374, -0.02761363983154297, 0.0, -2.048186309055442, -5.559118502150487, -3.5876797100340574, -0.12072855644410208
1053, -0.02045464515686035, -1.6201144456863403, 2.4265475273132324, 0.0243682861328125, -0.7006582021713257, -0.02763199806213379, 0.0, -2.048157922376008, -5.559116163658159, -3.587671538929463, -0.12071635704576433
1054, -0.0204620361328125, -1.6201438903808594, 2.4265716075897217, 0.0243682861328125, -0.7006582021713257, -0.027622699737548828, 0.0, -2.0481379535638284, -5.559123207711646, -3.5876708808081115, -0.12069554453660025
1055, -0.02045464515686035, -1.6201438903808594, 2.4265716075897217, 0.02435898780822754, -0.7006672620773315, -0.02761363983154297, 0.0, -2.048153383120218, -5.5591264982281645, -3.587669861896444, -0.12069790952774628
1056, -0.0204620361328125, -1.6201366186141968, 2.426579475402832, 0.02435898780822754, -0.7006763219833374, -0.027622699737548828, 0.0, -2.048143884846474, -5.559125378041783, -3.5876666478227857, -0.12069358053153323
1057, -0.0204620361328125, -1.6201366186141968, 2.4266035556793213, 0.0243682861328125, -0.7007859945297241, -0.02763199806213379, 0.0, -2.0481216512339504, -5.559119897104037, -3.5876658858898876, -0.12070153921960358
1058, -0.020476818084716797, -1.6201292276382446, 2.4266035556793213, 0.0243682861328125, -0.7007585763931274, -0.02760457992553711, 0.0, -2.0481252747984393, -5.559122366862028, -3.5876671431368594, -0.12072405560321986
1059, -0.020483970642089844, -1.6201512813568115, 2.4266273975372314, 0.0243682861328125, -0.7008224725723267, -0.02759528160095215, 0.0, -2.048098261747827, -5.559125214140296, -3.5876600879597866, -0.12074777765755229
1060, -0.02046942710876465, -1.6201660633087158, 2.4266273975372314, 0.02435898780822754, -0.7008405923843384, -0.02760457992553711, 0.0, -2.0480725289410646, -5.559142917943477, -3.5876606895847796, -0.1207618520238567
1061, -0.02046942710876465, -1.6201660633087158, 2.4266433715820312, 0.0243682861328125, -0.7008405923843384, -0.027622699737548828, 0.0, -2.0480791721581006, -5.559148057984402, -3.587661127338391, -0.12076469314301352
1062, -0.020447492599487305, -1.6201512813568115, 2.4266433715820312, 0.02435898780822754, -0.7008131742477417, -0.02761363983154297, 0.0, -2.048071217017127, -5.55913421683007, -3.5876565610936475, -0.12073760848345572
1063, -0.02046942710876465, -1.6201660633087158, 2.4266433715820312, 0.0243682861328125, -0.7008315324783325, -0.02759528160095215, 0.0, -2.0480590226390825, -5.559131534146872, -3.5876618682803145, -0.12074594036989961
1064, -0.0204620361328125, -1.6201660633087158, 2.4266674518585205, 0.0243682861328125, -0.7008589506149292, -0.02760457992553711, 0.0, -2.048056319193174, -5.559146527959727, -3.587658554861945, -0.12072634694054862
1065, -0.0204620361328125, -1.6201660633087158, 2.4266834259033203, 0.02437734603881836, -0.7008682489395142, -0.02759528160095215, 0.0, -2.0480494984372206, -5.5591468990823785, -3.587657401916474, -0.12071143166349518
1066, -0.02046942710876465, -1.6201660633087158, 2.4266834259033203, 0.02435898780822754, -0.7008956670761108, -0.027622699737548828, 0.0, -2.0480368547560968, -5.559137087895977, -3.587658341195295, -0.12074670491745643
1067, -0.0204620361328125, -1.6201366186141968, 2.426675319671631, 0.0243682861328125, -0.7009047269821167, -0.02761363983154297, 0.0, -2.0480507531233547, -5.55913232392656, -3.587660723468599, -0.1207340291489345
1068, -0.0204620361328125, -1.6201438903808594, 2.426675319671631, 0.0243682861328125, -0.7008863687515259, -0.02760457992553711, 0.0, -2.0480336790129257, -5.559138746024863, -3.587658882843136, -0.12073979444419525
1069, -0.0204620361328125, -1.6201586723327637, 2.4267232418060303, 0.02437734603881836, -0.7009137868881226, -0.027622699737548828, 0.0, -2.0480157115480346, -5.559131402349026, -3.5876572629755845, -0.12072872583216387
1070, -0.0204620361328125, -1.6201807260513306, 2.42675518989563, 0.02437734603881836, -0.7009502649307251, -0.027622699737548828, 0.0, -2.0480140777742193, -5.559134626008652, -3.5876575757338682, -0.12074520910824038
1071, -0.02045464515686035, -1.6201733350753784, 2.426779270172119, 0.02437734603881836, -0.7009502649307251, -0.02759528160095215, 0.0, -2.04800503614123, -5.55913772743049, -3.587654491235633, -0.1207434231616551
1072, -0.02046942710876465, -1.6201366186141968, 2.426779270172119, 0.02437734603881836, -0.7009595632553101, -0.02760457992553711, 0.0, -2.0480030304133274, -5.559147736425726, -3.587656286330691, -0.12075648456120636
1073, -0.020447492599487305, -1.6201292276382446, 2.4268112182617188, 0.02438640594482422, -0.701041579246521, -0.02761363983154297, 0.0, -2.0479956153782535, -5.559139238027836, -3.5876540988298644, -0.12078194574932422
1074, -0.02045464515686035, -1.6201512813568115, 2.426859140396118, 0.0243682861328125, -0.7010596990585327, -0.02761363983154297, 0.0, -2.0479930540223186, -5.5591495497680565, -3.587653600730639, -0.12079564646404073
1075, -0.020447492599487305, -1.6201438903808594, 2.426915168762207, 0.02437734603881836, -0.701041579246521, -0.027622699737548828, 0.0, -2.047989420375931, -5.559156192379539, -3.5876562682360795, -0.12078005541417625
1076, -0.020447492599487305, -1.6201586723327637, 2.426939010620117, 0.02437734603881836, -0.701041579246521, -0.02760457992553711, 0.0, -2.0479634079395717, -5.559146640614166, -3.587652734070436, -0.12079221641709026
1077, -0.02041769027709961, -1.6201366186141968, 2.426995038986206, 0.02437734603881836, -0.7010141611099243, -0.02760457992553711, 0.0, -2.047950431340325, -5.559151080067935, -3.587649198190555, -0.120771597053559
1078, -0.020425081253051758, -1.6201512813568115, 2.4270589351654053, 0.02435898780822754, -0.7010232210159302, -0.02759528160095215, 0.0, -2.0479538029660933, -5.559159929881947, -3.58765080677964, -0.12076336260211207
1079, -0.02041769027709961, -1.6201586723327637, 2.427154779434204, 0.02437734603881836, -0.7010325193405151, -0.02760457992553711, 0.0, -2.0479302356169935, -5.559151764614163, -3.587655299912692, -0.1207472589629992
1080, -0.020432472229003906, -1.6201586723327637, 2.4272027015686035, 0.02437734603881836, -0.7010506391525269, -0.02761363983154297, 0.0, -2.047910936649968, -5.559154919437752, -3.587646876917426, -0.12074025103656894
1081, -0.020440101623535156, -1.6201733350753784, 2.4272665977478027, 0.02437734603881836, -0.7010232210159302, -0.027622699737548828, 0.0, -2.0479013111260134, -5.559167610615127, -3.5876473566274854, -0.12076348236281564
1082, -0.020432472229003906, -1.6201881170272827, 2.427306652069092, 0.0243682861328125, -0.7010596990585327, -0.02764105796813965, 0.0, -2.047883887228235, -5.559169877522377, -3.5876488855188353, -0.1207471471274717
1083, -0.020425081253051758, -1.6202176809310913, 2.4273386001586914, 0.02437734603881836, -0.7010506391525269, -0.02760457992553711, 0.0, -2.0478825232993825, -5.559181370333935, -3.5876458012254187, -0.12077150058418518
1084, -0.020395755767822266, -1.6201807260513306, 2.4273464679718018, 0.02438640594482422, -0.7010780572891235, -0.027622699737548828, 0.0, -2.0478831122385714, -5.559184181531822, -3.5876444730529595, -0.12077373911693545
1085, -0.02037334442138672, -1.6201807260513306, 2.4273226261138916, 0.0243682861328125, -0.7010689973831177, -0.02758622169494629, 0.0, -2.0478793928885923, -5.559173730147066, -3.5876435580283115, -0.12077215306606082
