# Arm joint positions + body pose collected at 50.0 Hz
# Timestamp: 20251117_225240
# Format: timestep, arm0.sh0, arm0.sh1, arm0.el0, arm0.el1, arm0.wr0, arm0.wr1, gripper_open_percentage, body_x, body_y, body_z, body_theta
# Body pose is in odom frame (x, y, z in meters, theta in radians)

0, 0.0006892681121826172, -3.1189465522766113, 3.1389458179473877, 1.5667037963867188, -0.0018658638000488281, -1.5695290565490723, 0.0, -1.830404519903991, -5.420228459867903, -3.9553412066729505, -0.12023886055730859
1, 0.0007112026214599609, -3.1189539432525635, 3.1389458179473877, 1.5666946172714233, -0.0018842220306396484, -1.5695476531982422, 0.0, -1.8304075453752935, -5.420234045106861, -3.9553419752720442, -0.12024521151213996
2, 0.0007112026214599609, -3.1189613342285156, 3.138953924179077, 1.5666855573654175, -0.0018384456634521484, -1.5695476531982422, 0.0, -1.8304148738699286, -5.420230969370929, -3.955341035654623, -0.12025342896830349
3, 0.0006892681121826172, -3.118931770324707, 3.1389379501342773, 1.5667037963867188, -0.0018842220306396484, -1.5695476531982422, 0.0, -1.8304183491472639, -5.4202311161363, -3.9553409035564355, -0.12024985931165677
4, 0.0007112026214599609, -3.1189613342285156, 3.1389458179473877, 1.5666946172714233, -0.0018658638000488281, -1.569556713104248, 0.0, -1.83042148609698, -5.420233407667638, -3.9553388309466966, -0.1202621367420722
5, 0.0007038116455078125, -3.1189539432525635, 3.1389458179473877, 1.5667037963867188, -0.0018568038940429688, -1.5695476531982422, 0.0, -1.8304131739820113, -5.420238856405023, -3.955336977603028, -0.12027717315653952
6, 0.0007038116455078125, -3.1189613342285156, 3.1389458179473877, 1.5667037963867188, -0.0018842220306396484, -1.5695476531982422, 0.0, -1.8304118483925196, -5.420240843767535, -3.9553382079421233, -0.1202746521674154
7, 0.0007038116455078125, -3.1189682483673096, 3.138953924179077, 1.5667128562927246, -0.0018568038940429688, -1.569556713104248, 0.0, -1.830410071035764, -5.420236208039603, -3.9553372518531495, -0.12026201774442313
8, 0.0006892681121826172, -3.1189539432525635, 3.1389458179473877, 1.5666946172714233, -0.0018568038940429688, -1.5695476531982422, 0.0, -1.8304019030292804, -5.4202388586110075, -3.9553334552061465, -0.12026007659515692
9, 0.0006892681121826172, -3.1189682483673096, 3.1389458179473877, 1.5667128562927246, -0.0018934011459350586, -1.569556713104248, 0.0, -1.8304031128777782, -5.420240935469689, -3.9553328051326933, -0.12025938519465118
10, 0.0006818771362304688, -3.1189539432525635, 3.1389379501342773, 1.5667128562927246, -0.0018842220306396484, -1.5695476531982422, 0.0, -1.8304015180413713, -5.42023510340072, -3.9553318316372437, -0.12025220180473184
11, 0.0006966590881347656, -3.1189682483673096, 3.1389458179473877, 1.5667037963867188, -0.0018934011459350586, -1.569565773010254, 0.0, -1.8303964052600066, -5.4202290662375, -3.955331437522988, -0.12026302151385071
12, 0.0006966590881347656, -3.1189682483673096, 3.1389379501342773, 1.5667037963867188, -0.0018842220306396484, -1.5695476531982422, 0.0, -1.8303951880355218, -5.4202187931926415, -3.9553354897359014, -0.1202651111368489
13, 0.0007112026214599609, -3.1189613342285156, 3.1389458179473877, 1.5666946172714233, -0.0018934011459350586, -1.5695290565490723, 0.0, -1.8303922084365305, -5.420210720296845, -3.9553337780059024, -0.12027256281718568
14, 0.0006966590881347656, -3.1189613342285156, 3.1389458179473877, 1.5667037963867188, -0.0018568038940429688, -1.569565773010254, 0.0, -1.8303941946137643, -5.420208507001721, -3.955333470372537, -0.12026481418894441
15, 0.0006966590881347656, -3.1189682483673096, 3.1389458179473877, 1.5667037963867188, -0.0018658638000488281, -1.569556713104248, 0.0, -1.830396366829414, -5.420217827207571, -3.955335402160625, -0.12025563758885394
16, 0.0007259845733642578, -3.1189613342285156, 3.1389458179473877, 1.5666855573654175, -0.0018750429153442383, -1.569556713104248, 0.0, -1.8304047450033587, -5.420215784193887, -3.955333709632545, -0.12024846163685154
17, 0.0006966590881347656, -3.1189682483673096, 3.1389458179473877, 1.5667128562927246, -0.0018750429153442383, -1.569565773010254, 0.0, -1.8304043883812575, -5.4202147497691975, -3.955334350461489, -0.12024217073064136
18, 0.0007185935974121094, -3.1189613342285156, 3.1389458179473877, 1.5666946172714233, -0.0018658638000488281, -1.569556713104248, 0.0, -1.8304032177392564, -5.420217370320661, -3.955336703632608, -0.12023514352662801
19, 0.0006892681121826172, -3.1189613342285156, 3.1389458179473877, 1.56672203540802, -0.0018750429153442383, -1.569556713104248, 0.0, -1.8304041421548218, -5.420218600358195, -3.9553355346233947, -0.12023043622865348
20, 0.0006966590881347656, -3.118975877761841, 3.1389458179473877, 1.5667128562927246, -0.0018934011459350586, -1.5695290565490723, 0.0, -1.8304055260744867, -5.420229127967189, -3.955333285926085, -0.12021863479052985
21, 0.0007112026214599609, -3.1189539432525635, 3.1389379501342773, 1.5667037963867188, -0.0018658638000488281, -1.5695476531982422, 0.0, -1.8304028090320406, -5.420231376924086, -3.9553344118074154, -0.12021561549738813
22, 0.0007038116455078125, -3.1189613342285156, 3.1389458179473877, 1.5667128562927246, -0.0018934011459350586, -1.5695385932922363, 0.0, -1.8304037394672794, -5.4202247243864505, -3.9553331114576458, -0.1201972700075764
23, 0.0007185935974121094, -3.1189539432525635, 3.138953924179077, 1.5666855573654175, -0.0018750429153442383, -1.569556713104248, 0.0, -1.8303992982837838, -5.420230545701163, -3.955335301128275, -0.12018410009299973
24, 0.0007112026214599609, -3.1189539432525635, 3.1389458179473877, 1.5667128562927246, -0.0018750429153442383, -1.569565773010254, 0.0, -1.8303975904632084, -5.420232169986592, -3.955335341107996, -0.12018671776933498
25, 0.0006892681121826172, -3.1189613342285156, 3.1389458179473877, 1.5667037963867188, -0.0019115209579467773, -1.5695476531982422, 0.0, -1.8303951608309723, -5.4202317424817394, -3.9553333794969054, -0.12019169281382425
26, 0.0007038116455078125, -3.1189682483673096, 3.1389458179473877, 1.5666946172714233, -0.0018842220306396484, -1.5695476531982422, 0.0, -1.8304026345002067, -5.420240331215601, -3.955330984252001, -0.12017766787976303
27, 0.0006892681121826172, -3.1189465522766113, 3.1389458179473877, 1.5667037963867188, -0.0018750429153442383, -1.5695476531982422, 0.0, -1.8304034108749814, -5.4202356683598945, -3.95533210541183, -0.12017748166716391
28, 0.0007185935974121094, -3.1189613342285156, 3.1389458179473877, 1.5666855573654175, -0.0018658638000488281, -1.569565773010254, 0.0, -1.8304049308381287, -5.420235370855506, -3.955332883351458, -0.12018242696264458
29, 0.0006966590881347656, -3.1189465522766113, 3.138953924179077, 1.5666946172714233, -0.0018658638000488281, -1.5695476531982422, 0.0, -1.8304097421620171, -5.420236076775395, -3.9553332090808753, -0.12018954396948978
30, 0.0006966590881347656, -3.1189682483673096, 3.1389458179473877, 1.5666855573654175, -0.0018750429153442383, -1.5695476531982422, 0.0, -1.8304179742183584, -5.42023254245627, -3.955334052725356, -0.12021193483119763
31, 0.0007112026214599609, -3.118975877761841, 3.1389458179473877, 1.5666946172714233, -0.0018842220306396484, -1.569565773010254, 0.0, -1.8304172489624135, -5.4202274300285085, -3.955330202300579, -0.12019157437088346
32, 0.0006966590881347656, -3.1189539432525635, 3.138953924179077, 1.5667037963867188, -0.0018477439880371094, -1.5695476531982422, 0.0, -1.8304160501368347, -5.420236381210045, -3.9553321508844177, -0.1201983120701362
33, 0.0007112026214599609, -3.1189682483673096, 3.1389458179473877, 1.5666946172714233, -0.0018658638000488281, -1.5695290565490723, 0.0, -1.8304202868099244, -5.420229456694055, -3.9553303974108127, -0.12019980670348307
34, 0.0006966590881347656, -3.11893892288208, 3.138953924179077, 1.5667128562927246, -0.0018568038940429688, -1.569556713104248, 0.0, -1.8304212347831044, -5.4202257318053, -3.9553323245913723, -0.1202022158558691
35, 0.0007112026214599609, -3.1189613342285156, 3.1389458179473877, 1.56672203540802, -0.0018568038940429688, -1.569565773010254, 0.0, -1.8304133556396933, -5.420223023605519, -3.9553279536759995, -0.12019759064569957
36, 0.0006966590881347656, -3.1189682483673096, 3.138953924179077, 1.5667037963867188, -0.0018750429153442383, -1.5695385932922363, 0.0, -1.8304154865071434, -5.420223493036216, -3.9553311118243775, -0.12018767030801492
37, 0.0007038116455078125, -3.1189465522766113, 3.1389458179473877, 1.5666946172714233, -0.0018750429153442383, -1.569556713104248, 0.0, -1.8304119488264887, -5.420228489975939, -3.9553286358882955, -0.12017540059512832
38, 0.0007038116455078125, -3.1189613342285156, 3.1389379501342773, 1.5667037963867188, -0.0018750429153442383, -1.5695290565490723, 0.0, -1.830426899455993, -5.420228702143714, -3.955330885289206, -0.12017006139851016
39, 0.0007038116455078125, -3.1189613342285156, 3.1389617919921875, 1.5666946172714233, -0.0018934011459350586, -1.569556713104248, 0.0, -1.8304331864247674, -5.420221271130464, -3.955328708574396, -0.12015599955969058
40, 0.0006966590881347656, -3.1189613342285156, 3.138953924179077, 1.5667128562927246, -0.0018750429153442383, -1.5695476531982422, 0.0, -1.830439616014882, -5.420237182791664, -3.9553282738803732, -0.12016214942942138
41, 0.0007038116455078125, -3.118975877761841, 3.1389458179473877, 1.5666946172714233, -0.0018750429153442383, -1.5695385932922363, 0.0, -1.8304434869814958, -5.420239679964319, -3.9553296836585843, -0.12014798318855036
42, 0.0006966590881347656, -3.1189613342285156, 3.138953924179077, 1.5667128562927246, -0.0018842220306396484, -1.5695476531982422, 0.0, -1.8304411169291757, -5.420241173158583, -3.955328768818842, -0.1201600892769994
43, 0.0007038116455078125, -3.1189613342285156, 3.1389458179473877, 1.5666855573654175, -0.0018750429153442383, -1.569556713104248, 0.0, -1.830441061449639, -5.42024600259153, -3.9553293221271115, -0.1201700911479966
44, 0.0006892681121826172, -3.1189682483673096, 3.138953924179077, 1.5666946172714233, -0.0018842220306396484, -1.569565773010254, 0.0, -1.830444972633151, -5.420246378616445, -3.9553307393326254, -0.12014855558645898
45, 0.0006966590881347656, -3.1189539432525635, 3.1389458179473877, 1.5666946172714233, -0.0018750429153442383, -1.569556713104248, 0.0, -1.830431717728843, -5.420239177589149, -3.9553310509777497, -0.12015329207545555
46, 0.0007038116455078125, -3.1189539432525635, 3.1389458179473877, 1.5666946172714233, -0.0018750429153442383, -1.5695476531982422, 0.0, -1.8304227840473728, -5.420240819881045, -3.95532351547155, -0.12014182588131028
47, 0.0007038116455078125, -3.1189539432525635, 3.1389458179473877, 1.5667037963867188, -0.0018658638000488281, -1.569556713104248, 0.0, -1.8304311881491482, -5.420235103430196, -3.9553267565188537, -0.12014143913767317
48, 0.0007038116455078125, -3.1189465522766113, 3.1389458179473877, 1.5667037963867188, -0.0018568038940429688, -1.5695385932922363, 0.0, -1.8304319720125517, -5.4202198337493614, -3.955326515557161, -0.12013333407969284
49, 0.0007038116455078125, -3.1189465522766113, 3.1389458179473877, 1.5667128562927246, -0.0018934011459350586, -1.569565773010254, 0.0, -1.8304266262724378, -5.42021180356889, -3.955326534784934, -0.12013071668440745
50, 0.0006892681121826172, -3.1189539432525635, 3.1389379501342773, 1.5666946172714233, -0.0018842220306396484, -1.5695476531982422, 0.0, -1.830437073787245, -5.420208730095171, -3.9553254555705557, -0.12014107554763243
51, 0.0006966590881347656, -3.1189613342285156, 3.1389379501342773, 1.5666855573654175, -0.001902461051940918, -1.5695476531982422, 0.0, -1.8304412543182242, -5.420212931640506, -3.955327879766333, -0.12014537351002552
52, 0.0006818771362304688, -3.1189539432525635, 3.1389458179473877, 1.5667128562927246, -0.0018750429153442383, -1.5695385932922363, 0.0, -1.8304412183500105, -5.420216725583298, -3.9553285314527415, -0.12013789263084185
53, 0.0006892681121826172, -3.1189539432525635, 3.1389458179473877, 1.5666946172714233, -0.0018658638000488281, -1.569565773010254, 0.0, -1.830436223159079, -5.420218304637627, -3.9553262914688014, -0.12014313542044341
54, 0.0006892681121826172, -3.1189465522766113, 3.1389458179473877, 1.56672203540802, -0.0018842220306396484, -1.5695385932922363, 0.0, -1.8304506374729224, -5.420213955625576, -3.9553289600937043, -0.12013413787838179
55, 0.0007038116455078125, -3.1189539432525635, 3.1389458179473877, 1.5667037963867188, -0.0018842220306396484, -1.5695290565490723, 0.0, -1.8304494901052997, -5.420212958283313, -3.955325915355885, -0.1201277574511721
56, 0.0006966590881347656, -3.1189613342285156, 3.138953924179077, 1.5667037963867188, -0.0018750429153442383, -1.569556713104248, 0.0, -1.830457865874325, -5.4202095140927415, -3.9553289282366, -0.12013471055643432
57, 0.0007038116455078125, -3.1189539432525635, 3.138953924179077, 1.5667128562927246, -0.001902461051940918, -1.5695476531982422, 0.0, -1.8304559687647757, -5.420204787654434, -3.9553281847126476, -0.12014614040029681
58, 0.0006892681121826172, -3.1189682483673096, 3.1389458179473877, 1.5667037963867188, -0.0018934011459350586, -1.5695476531982422, 0.0, -1.8304523594494504, -5.420206394144783, -3.95532880103468, -0.12014179725359053
59, 0.0007112026214599609, -3.1189465522766113, 3.1389458179473877, 1.5666673183441162, -0.0018658638000488281, -1.569556713104248, 0.0, -1.8304467866647705, -5.420211841931491, -3.955327887096762, -0.12015680391430372
60, 0.0006966590881347656, -3.1189682483673096, 3.1389379501342773, 1.5667310953140259, -0.0018750429153442383, -1.569556713104248, 0.0, -1.830442872775473, -5.420211525808931, -3.955325627250754, -0.12014995465303002
61, 0.0007112026214599609, -3.1189682483673096, 3.138953924179077, 1.5667128562927246, -0.0018934011459350586, -1.5695476531982422, 0.0, -1.8304443060144342, -5.420213147839859, -3.9553282531970146, -0.12014333650995201
62, 0.0007038116455078125, -3.1189682483673096, 3.1389379501342773, 1.5667128562927246, -0.0019208192825317383, -1.5695385932922363, 0.0, -1.8304429838580913, -5.420211167844182, -3.9553266641109572, -0.12015008136834648
63, 0.0006818771362304688, -3.1189539432525635, 3.1389379501342773, 1.5667128562927246, -0.0018568038940429688, -1.5695385932922363, 0.0, -1.8304354389132, -5.420206189464766, -3.95532621672674, -0.12013062799808871
64, 0.0007185935974121094, -3.1189613342285156, 3.1389458179473877, 1.5667037963867188, -0.0018750429153442383, -1.569565773010254, 0.0, -1.8304367663069292, -5.420191514818381, -3.955327188034491, -0.120125169524532
65, 0.0006892681121826172, -3.1189682483673096, 3.1389458179473877, 1.5666946172714233, -0.0018750429153442383, -1.5695385932922363, 0.0, -1.830440039213444, -5.420193189230151, -3.9553274341283013, -0.12012800316594685
66, 0.0007112026214599609, -3.1189613342285156, 3.1389379501342773, 1.5666855573654175, -0.001902461051940918, -1.5695385932922363, 0.0, -1.8304443614145067, -5.42018527632131, -3.955327485797879, -0.12012299121685643
67, 0.0006966590881347656, -3.1189682483673096, 3.1389458179473877, 1.5667037963867188, -0.0018842220306396484, -1.569556713104248, 0.0, -1.8304310371435237, -5.420186005402305, -3.9553255080729537, -0.12012249319403523
68, 0.0006892681121826172, -3.11893892288208, 3.1389379501342773, 1.5666946172714233, -0.0019115209579467773, -1.5695385932922363, 0.0, -1.8304451697317894, -5.420182456340839, -3.9553273936404274, -0.12012243369500286
69, 0.0007038116455078125, -3.1189613342285156, 3.138953924179077, 1.5666946172714233, -0.0018477439880371094, -1.569556713104248, 0.0, -1.8304359627836237, -5.420178541883611, -3.9553222232876406, -0.12011745921522987
70, 0.0006818771362304688, -3.1189465522766113, 3.1389379501342773, 1.5666855573654175, -0.0018934011459350586, -1.5695385932922363, 0.0, -1.8304369730273242, -5.420176276348596, -3.9553282964766914, -0.1201256166115483
71, 0.0007185935974121094, -3.1189682483673096, 3.138953924179077, 1.5666855573654175, -0.0018750429153442383, -1.5695476531982422, 0.0, -1.8304430631046933, -5.4201830540111775, -3.955327186368978, -0.12012175001939873
72, 0.0006966590881347656, -3.1189613342285156, 3.1389458179473877, 1.5667037963867188, -0.0018750429153442383, -1.5695476531982422, 0.0, -1.8304367994102893, -5.420172407401423, -3.955324334701952, -0.1201558899563171
73, 0.0007112026214599609, -3.1189682483673096, 3.1389458179473877, 1.5667037963867188, -0.0018477439880371094, -1.569556713104248, 0.0, -1.8304427129357554, -5.420162283081341, -3.955324178990319, -0.12015133196662031
74, 0.0006966590881347656, -3.1189539432525635, 3.138953924179077, 1.5667128562927246, -0.0018384456634521484, -1.5695385932922363, 0.0, -1.830444764716231, -5.420168159480079, -3.9553258113051846, -0.12014632717518392
75, 0.0006892681121826172, -3.1189539432525635, 3.138953924179077, 1.5667128562927246, -0.0018842220306396484, -1.5695476531982422, 0.0, -1.8304392860743477, -5.420167860685348, -3.955325942473652, -0.12013545485578891
76, 0.0006818771362304688, -3.11893892288208, 3.1389458179473877, 1.5667037963867188, -0.0018750429153442383, -1.5695476531982422, 0.0, -1.830430933421992, -5.420163866633347, -3.9553232106054312, -0.12014388055965064
77, 0.0006892681121826172, -3.118975877761841, 3.138953924179077, 1.5667037963867188, -0.0018750429153442383, -1.5695476531982422, 0.0, -1.8304351324800843, -5.420168846500769, -3.955324844265877, -0.12013857083538504
78, 0.0007038116455078125, -3.1189539432525635, 3.1389458179473877, 1.5667037963867188, -0.0018568038940429688, -1.5695385932922363, 0.0, -1.8304301130620804, -5.420152529837231, -3.955322565368563, -0.1201472270972781
79, 0.0006966590881347656, -3.1189465522766113, 3.1389379501342773, 1.5667037963867188, -0.0018568038940429688, -1.569556713104248, 0.0, -1.8304406010597578, -5.420146560087307, -3.9553274992898406, -0.12016084324484044
80, 0.0007038116455078125, -3.1189613342285156, 3.1389458179473877, 1.5667128562927246, -0.0018842220306396484, -1.5695476531982422, 0.0, -1.8304349749348336, -5.42015313858541, -3.955323220271746, -0.1201452192868313
81, 0.0007112026214599609, -3.11893892288208, 3.1389458179473877, 1.5667128562927246, -0.0018842220306396484, -1.5695476531982422, 0.0, -1.8304366708509585, -5.420159306624013, -3.9553224128123072, -0.12014951724786904
82, 0.0006892681121826172, -3.118975877761841, 3.1389458179473877, 1.5667128562927246, -0.0018750429153442383, -1.569556713104248, 0.0, -1.8304415676744474, -5.420161910520221, -3.9553259732833466, -0.12014423755357662
83, 0.0007038116455078125, -3.11893892288208, 3.1389379501342773, 1.5667037963867188, -0.0018842220306396484, -1.5695290565490723, 0.0, -1.8304253151103964, -5.420160385376196, -3.955325171310471, -0.12015544371403575
84, 0.0007112026214599609, -3.1189539432525635, 3.138953924179077, 1.5666946172714233, -0.0018842220306396484, -1.569556713104248, 0.0, -1.8304169359563383, -5.42015736006876, -3.955326724263337, -0.12015976426754449
85, 0.0006966590881347656, -3.118975877761841, 3.138953924179077, 1.5666946172714233, -0.0018750429153442383, -1.569565773010254, 0.0, -1.830420007567175, -5.42015873010728, -3.955326134515732, -0.12014208815253458
86, 0.0006892681121826172, -3.1189539432525635, 3.138953924179077, 1.5666946172714233, -0.0018750429153442383, -1.5695385932922363, 0.0, -1.8304181374813866, -5.420156283224616, -3.955326385150347, -0.12013646633888886
87, 0.0007038116455078125, -3.1189613342285156, 3.138953924179077, 1.5666946172714233, -0.0018658638000488281, -1.569556713104248, 0.0, -1.830420657262736, -5.420151796199041, -3.9553262491219057, -0.12014221486832
88, 0.0006892681121826172, -3.1189682483673096, 3.1389379501342773, 1.5667037963867188, -0.0018842220306396484, -1.5695476531982422, 0.0, -1.8304298016654426, -5.420165797082669, -3.955327229257243, -0.12013196785023439
89, 0.0007038116455078125, -3.11893892288208, 3.1389458179473877, 1.56672203540802, -0.0018477439880371094, -1.5695290565490723, 0.0, -1.830440589690728, -5.420166955867002, -3.9553283152349055, -0.12014223746086294
90, 0.0006818771362304688, -3.1189539432525635, 3.1389379501342773, 1.5667128562927246, -0.0018934011459350586, -1.569556713104248, 0.0, -1.8304340032157183, -5.420154810956407, -3.9553292823331048, -0.12012913420983384
91, 0.0007038116455078125, -3.1189465522766113, 3.1389458179473877, 1.5666855573654175, -0.0018842220306396484, -1.5695199966430664, 0.0, -1.830424383576245, -5.420171026739824, -3.9553284128875026, -0.1201253863342524
92, 0.0007185935974121094, -3.1189613342285156, 3.138953924179077, 1.5666946172714233, -0.0018842220306396484, -1.569556713104248, 0.0, -1.8304233755523271, -5.420171852690365, -3.9553268090379863, -0.12012046335286186
93, 0.0007038116455078125, -3.1189539432525635, 3.1389379501342773, 1.5667037963867188, -0.0018842220306396484, -1.5695385932922363, 0.0, -1.830422235821451, -5.420165340305379, -3.9553279413063116, -0.12011187402446932
94, 0.0006966590881347656, -3.1189539432525635, 3.1389458179473877, 1.5667128562927246, -0.0018842220306396484, -1.5695290565490723, 0.0, -1.830414063426005, -5.420179854736348, -3.955327940783389, -0.12011194067867326
95, 0.0006892681121826172, -3.1189539432525635, 3.1389458179473877, 1.5667037963867188, -0.0018568038940429688, -1.5695838928222656, 0.0, -1.8304181393375525, -5.420177398449342, -3.955325004851836, -0.1201148261005951
96, 0.0007038116455078125, -3.1189613342285156, 3.1389458179473877, 1.5666946172714233, -0.0018658638000488281, -1.5695385932922363, 0.0, -1.8304212527674957, -5.4201769777668165, -3.9553248772612366, -0.12013842924461038
97, 0.0007038116455078125, -3.1189539432525635, 3.1389458179473877, 1.5667128562927246, -0.0018842220306396484, -1.5695199966430664, 0.0, -1.8304333172859788, -5.42018686266265, -3.955327294835295, -0.12012279068919707
98, 0.0006966590881347656, -3.1189682483673096, 3.1389458179473877, 1.5667037963867188, -0.0018750429153442383, -1.5695290565490723, 0.0, -1.8304182778923992, -5.420196611341189, -3.955324135044693, -0.12012886590181981
99, 0.0007038116455078125, -3.1189539432525635, 3.1389458179473877, 1.5667037963867188, -0.0018842220306396484, -1.5695385932922363, 0.0, -1.830433885410931, -5.420192807125519, -3.9553257021686297, -0.1201145655101774
100, 0.0007112026214599609, -3.1189539432525635, 3.1389458179473877, 1.5667037963867188, -0.0018750429153442383, -1.5695385932922363, 0.0, -1.8304311906975446, -5.420203723161314, -3.9553274845317934, -0.12010616296212806
101, 0.0007112026214599609, -3.1189539432525635, 3.1389458179473877, 1.5667128562927246, -0.0018477439880371094, -1.569556713104248, 0.0, -1.8304202191313965, -5.420210864781477, -3.955325051788727, -0.12010496526079972
102, 0.0006818771362304688, -3.1189539432525635, 3.1389458179473877, 1.5666946172714233, -0.0018658638000488281, -1.569565773010254, 0.0, -1.8304260365323317, -5.420206142748211, -3.9553266642993403, -0.1200923605908395
103, 0.0007038116455078125, -3.1189613342285156, 3.138953924179077, 1.5667128562927246, -0.0018658638000488281, -1.569556713104248, 0.0, -1.8304321198475888, -5.420209681278957, -3.9553278262699174, -0.12008563861082422
104, 0.0006892681121826172, -3.1189682483673096, 3.138953924179077, 1.5667037963867188, -0.0018658638000488281, -1.569556713104248, 0.0, -1.8304237203944251, -5.420210909941462, -3.9553263685593896, -0.12006643782954018
105, 0.0007038116455078125, -3.1189613342285156, 3.138953924179077, 1.5667037963867188, -0.0018842220306396484, -1.5695476531982422, 0.0, -1.8304472692109752, -5.420210705633737, -3.9553263940088423, -0.12008131090286867
106, 0.0006966590881347656, -3.1189539432525635, 3.1389458179473877, 1.5667128562927246, -0.0018750429153442383, -1.5695476531982422, 0.0, -1.8304439065617673, -5.420213740652094, -3.955326681958593, -0.12008739383420064
107, 0.0007038116455078125, -3.118975877761841, 3.138953924179077, 1.5666946172714233, -0.0018658638000488281, -1.569556713104248, 0.0, -1.830441061972939, -5.42020936321846, -3.9553244374144927, -0.12009850387119947
108, 0.0006818771362304688, -3.1189613342285156, 3.138953924179077, 1.5667037963867188, -0.0018842220306396484, -1.5695385932922363, 0.0, -1.8304418521401606, -5.4202088502601375, -3.9553247506961506, -0.1201063938035567
109, 0.0006966590881347656, -3.1189613342285156, 3.138953924179077, 1.5667128562927246, -0.0018658638000488281, -1.5695199966430664, 0.0, -1.8304469240426144, -5.420209771754684, -3.95532868832168, -0.12010774712459948
110, 0.0006966590881347656, -3.118975877761841, 3.138953924179077, 1.5667037963867188, -0.0019115209579467773, -1.5695385932922363, 0.0, -1.8304450692703118, -5.420200799641009, -3.955322229761285, -0.12009221297673811
111, 0.0006966590881347656, -3.1189613342285156, 3.1389379501342773, 1.5667128562927246, -0.0018568038940429688, -1.5695476531982422, 0.0, -1.830456164014989, -5.420207765927971, -3.9553237324274435, -0.1201015157286136
112, 0.0006966590881347656, -3.1189682483673096, 3.138953924179077, 1.5666855573654175, -0.0018842220306396484, -1.5695385932922363, 0.0, -1.8304620085496102, -5.420207043759377, -3.9553249893088136, -0.12010214046878609
113, 0.0006892681121826172, -3.1189465522766113, 3.1389458179473877, 1.5667128562927246, -0.0018568038940429688, -1.5695385932922363, 0.0, -1.8304492764838272, -5.420208770928256, -3.955321257293562, -0.12011194924497559
114, 0.0007038116455078125, -3.1189613342285156, 3.1389458179473877, 1.5667128562927246, -0.0018658638000488281, -1.569565773010254, 0.0, -1.8304617440205355, -5.420213897718502, -3.9553238164263624, -0.12011603180226338
115, 0.0007112026214599609, -3.1189465522766113, 3.1389458179473877, 1.5667128562927246, -0.0018842220306396484, -1.569556713104248, 0.0, -1.8304720081517503, -5.420214710369692, -3.9553246598950795, -0.12011485697834612
116, 0.0007038116455078125, -3.1189539432525635, 3.1389458179473877, 1.5667128562927246, -0.0018842220306396484, -1.5695838928222656, 0.0, -1.8304659674867656, -5.420214116101603, -3.9553214254682016, -0.12011331772288703
117, 0.0007112026214599609, -3.1189613342285156, 3.1389458179473877, 1.5667128562927246, -0.0018750429153442383, -1.569556713104248, 0.0, -1.830473579486602, -5.420221101892262, -3.9553250565578857, -0.12010851402224709
118, 0.0007038116455078125, -3.118975877761841, 3.1389458179473877, 1.5666855573654175, -0.0018842220306396484, -1.5695290565490723, 0.0, -1.8304745662120012, -5.420224494059426, -3.9553264005504825, -0.12009966410307094
119, 0.0006966590881347656, -3.1189465522766113, 3.138953924179077, 1.5667128562927246, -0.0018934011459350586, -1.569565773010254, 0.0, -1.830459580277369, -5.420229311781768, -3.9553198169865347, -0.12009126099141998
120, 0.0006892681121826172, -3.1189613342285156, 3.1389379501342773, 1.5666946172714233, -0.0018842220306396484, -1.569556713104248, 0.0, -1.8304701826826189, -5.420235938875591, -3.955325289401668, -0.12009334345923328
121, 0.0007038116455078125, -3.1189613342285156, 3.1389379501342773, 1.5666946172714233, -0.0019115209579467773, -1.5695476531982422, 0.0, -1.8304723622960255, -5.4202253160622105, -3.9553253097807137, -0.12007654467373818
122, 0.0007038116455078125, -3.11893892288208, 3.1389458179473877, 1.5667128562927246, -0.0018750429153442383, -1.5695385932922363, 0.0, -1.830465843324466, -5.420224596270938, -3.9553233861977075, -0.12007985402716148
123, 0.0006892681121826172, -3.1189465522766113, 3.1389458179473877, 1.5667037963867188, -0.0018750429153442383, -1.5695385932922363, 0.0, -1.8304697537454828, -5.420230561525013, -3.9553230009593143, -0.12008075395102491
124, 0.0006966590881347656, -3.1189613342285156, 3.1389458179473877, 1.5667037963867188, -0.0018842220306396484, -1.5695476531982422, 0.0, -1.8304704347876726, -5.420220478313368, -3.9553238264545185, -0.12006948801434802
125, 0.0006966590881347656, -3.1189682483673096, 3.138953924179077, 1.5667037963867188, -0.0018934011459350586, -1.5695476531982422, 0.0, -1.8304753229314485, -5.420217377161353, -3.9553224752161995, -0.1200544968013677
126, 0.0007112026214599609, -3.1189539432525635, 3.1389458179473877, 1.5666946172714233, -0.0018750429153442383, -1.5695476531982422, 0.0, -1.8304812143110434, -5.420217264584114, -3.955322883770563, -0.12004053137846515
127, 0.0007038116455078125, -3.1189465522766113, 3.1389458179473877, 1.5667128562927246, -0.0018934011459350586, -1.5695385932922363, 0.0, -1.8304915991574613, -5.420208907042821, -3.955321906914872, -0.1200476704182245
128, 0.0007038116455078125, -3.118983268737793, 3.1389458179473877, 1.5667037963867188, -0.0018842220306396484, -1.5695199966430664, 0.0, -1.8304996629456511, -5.420210287664258, -3.9553222565928743, -0.1200496193011471
129, 0.0006892681121826172, -3.1189539432525635, 3.138953924179077, 1.5666946172714233, -0.0019115209579467773, -1.5695385932922363, 0.0, -1.8305028713216627, -5.420208411418737, -3.9553229323604584, -0.1200525713740106
130, 0.0007038116455078125, -3.11893892288208, 3.138953924179077, 1.5667037963867188, -0.001902461051940918, -1.5695476531982422, 0.0, -1.8304989738542583, -5.420199721440489, -3.9553222613469834, -0.1200520807919565
131, 0.0006966590881347656, -3.1189539432525635, 3.1389458179473877, 1.5666946172714233, -0.001902461051940918, -1.5695476531982422, 0.0, -1.8305028735005777, -5.420204193276546, -3.9553221031905017, -0.12003817487052881
132, 0.0007038116455078125, -3.118975877761841, 3.138953924179077, 1.56672203540802, -0.0018568038940429688, -1.5695385932922363, 0.0, -1.8305098808406788, -5.420216191869879, -3.95532376877655, -0.1200576951651664
133, 0.0007112026214599609, -3.1189539432525635, 3.1389458179473877, 1.5666946172714233, -0.0018842220306396484, -1.569556713104248, 0.0, -1.830510256255469, -5.420205240696284, -3.955323906423978, -0.12004910640706523
134, 0.0006892681121826172, -3.1189613342285156, 3.1389458179473877, 1.5667037963867188, -0.0018750429153442383, -1.569556713104248, 0.0, -1.830511812837116, -5.420205434403305, -3.9553251291341223, -0.12004109004248953
135, 0.0007112026214599609, -3.1189682483673096, 3.1389458179473877, 1.5667037963867188, -0.0018750429153442383, -1.5695476531982422, 0.0, -1.8305108891128352, -5.4202139489683026, -3.955324010620019, -0.12004278576817384
136, 0.0006818771362304688, -3.1189539432525635, 3.138953924179077, 1.5666855573654175, -0.0018658638000488281, -1.5695476531982422, 0.0, -1.8305092610890208, -5.420214671667152, -3.955324964701224, -0.12004145476121852
137, 0.0007038116455078125, -3.1189465522766113, 3.1389458179473877, 1.5667037963867188, -0.0018568038940429688, -1.5695385932922363, 0.0, -1.8305195019239309, -5.420212852728458, -3.9553254896077323, -0.12006138382509768
138, 0.0006966590881347656, -3.1189613342285156, 3.1389458179473877, 1.5667128562927246, -0.0018658638000488281, -1.5695748329162598, 0.0, -1.8305267476110034, -5.4202091779619, -3.955323530908089, -0.12007035989717618
139, 0.0007185935974121094, -3.1189465522766113, 3.1389458179473877, 1.5667037963867188, -0.0018842220306396484, -1.5695290565490723, 0.0, -1.8305277319790454, -5.4202151857369305, -3.955322094968144, -0.12005515243435472
140, 0.0006892681121826172, -3.1189613342285156, 3.1389458179473877, 1.5667037963867188, -0.0018568038940429688, -1.569565773010254, 0.0, -1.8305360638637498, -5.420227697447856, -3.955323376126614, -0.12005199211488016
141, 0.0007259845733642578, -3.1189682483673096, 3.1389379501342773, 1.5667037963867188, -0.0018842220306396484, -1.5695476531982422, 0.0, -1.8305276951034979, -5.420226989403467, -3.955325402110969, -0.12004878688521181
142, 0.0007185935974121094, -3.1189539432525635, 3.1389458179473877, 1.5667037963867188, -0.0018658638000488281, -1.5695290565490723, 0.0, -1.8305257772098114, -5.420214324306801, -3.9553204107814954, -0.12004564916422034
143, 0.0007038116455078125, -3.118975877761841, 3.138953924179077, 1.56672203540802, -0.0018750429153442383, -1.5695290565490723, 0.0, -1.8305335443660635, -5.420216007105802, -3.955320332215219, -0.12004017610258533
144, 0.0006966590881347656, -3.1189539432525635, 3.1389458179473877, 1.5667037963867188, -0.0018477439880371094, -1.5695476531982422, 0.0, -1.8305371280066707, -5.42020986385106, -3.9553214635163747, -0.12007297785698956
145, 0.0007038116455078125, -3.1189682483673096, 3.1389458179473877, 1.5667037963867188, -0.0018750429153442383, -1.5695476531982422, 0.0, -1.8305385421138898, -5.420202939385268, -3.9553215561542756, -0.12007122320330321
146, 0.0006892681121826172, -3.1189682483673096, 3.1389379501342773, 1.5667037963867188, -0.0018842220306396484, -1.5695290565490723, 0.0, -1.830545239918213, -5.420206078051547, -3.955320949014692, -0.1200641213542335
147, 0.0006966590881347656, -3.1189682483673096, 3.1389458179473877, 1.5666855573654175, -0.0018842220306396484, -1.5695290565490723, 0.0, -1.8305465617256327, -5.420209436383948, -3.9553184815483626, -0.12007480001627613
148, 0.0007112026214599609, -3.1189613342285156, 3.1389458179473877, 1.5666855573654175, -0.0018934011459350586, -1.5695290565490723, 0.0, -1.830553975836338, -5.420204619250002, -3.955322733724372, -0.12006251544893143
149, 0.0006742477416992188, -3.118975877761841, 3.138953924179077, 1.5666946172714233, -0.0018934011459350586, -1.5695476531982422, 0.0, -1.8305476564715493, -5.420204852611683, -3.9553189263471173, -0.12006538599498384
150, 0.0006892681121826172, -3.1189613342285156, 3.1389458179473877, 1.5666946172714233, -0.0018750429153442383, -1.5695290565490723, 0.0, -1.830547419220733, -5.420214554433333, -3.955321599870264, -0.12007875642011179
151, 0.0006966590881347656, -3.1189465522766113, 3.1389379501342773, 1.5666946172714233, -0.001902461051940918, -1.569556713104248, 0.0, -1.830549597087656, -5.420210605869608, -3.955322399137191, -0.12008939017309395
152, 0.0006966590881347656, -3.1189682483673096, 3.138953924179077, 1.5666855573654175, -0.0018750429153442383, -1.5695476531982422, 0.0, -1.8305495239740868, -5.420222046574102, -3.9553248745346736, -0.12009186625393031
153, 0.0004680156707763672, -3.114661693572998, 3.1365489959716797, 1.5666307210922241, -0.0018658638000488281, -1.5696020126342773, 0.0, -1.830521122316398, -5.420208634894398, -3.955384859786125, -0.12011122923044049
154, 0.00098419189453125, -3.1108856201171875, 3.132658004760742, 1.566566824913025, -0.0016194581985473633, -1.5696296691894531, 0.0, -1.830580174498683, -5.420051485956528, -3.955470261191808, -0.12012739148968521
155, 0.00011372566223144531, -3.0986506938934326, 3.1241493225097656, 1.5666399002075195, -0.0017654895782470703, -1.569565773010254, 0.0, -1.8305244281748845, -5.420032405158272, -3.9556894342450044, -0.12010937139306233
156, 0.0005269050598144531, -3.0766141414642334, 3.106692314147949, 1.566566824913025, -0.001938939094543457, -1.5696477890014648, 0.0, -1.8307052924365872, -5.420146367292443, -3.955966234312001, -0.12010453030566115
157, 0.0003719329833984375, -3.050794839859009, 3.0851047039031982, 1.5665850639343262, -0.0018110275268554688, -1.5696568489074707, 0.0, -1.830766618398701, -5.420148674319321, -3.956169464136622, -0.1202342841209818
158, 0.00029850006103515625, -3.017408847808838, 3.0576047897338867, 1.5666399002075195, -0.001902461051940918, -1.5696206092834473, 0.0, -1.8307886552904487, -5.419922841929359, -3.9563500387837878, -0.12025189997137531
159, 0.00040912628173828125, -2.9675467014312744, 3.019678831100464, 1.5666399002075195, -0.001829385757446289, -1.569565773010254, 0.0, -1.8311975989100364, -5.42002277790937, -3.956687812813951, -0.12017039896917492
160, 0.0004754066467285156, -2.923046588897705, 2.988503932952881, 1.5666581392288208, -0.0019298791885375977, -1.5695748329162598, 0.0, -1.8315553793186494, -5.420081875523694, -3.956911508322491, -0.12012565882379889
161, 0.0007259845733642578, -2.8519821166992188, 2.9396002292633057, 1.5667037963867188, -0.0018750429153442383, -1.5695109367370605, 0.0, -1.8320045608768325, -5.41973509275926, -3.957119242214145, -0.12011227874738672
162, 0.0007410049438476562, -2.808558702468872, 2.908944606781006, 1.5662928819656372, -0.0032994747161865234, -1.5669174194335938, 0.0, -1.832454099602618, -5.419670226198316, -3.957248605662709, -0.11998320084855418
163, 0.0010211467742919922, -2.7651350498199463, 2.8781371116638184, 1.5567877292633057, -0.013462066650390625, -1.5549836158752441, 0.0, -1.8329142881681268, -5.419818071230098, -3.9574001531797944, -0.1197864660314627
164, 0.0007774829864501953, -2.7301559448242188, 2.8544323444366455, 1.537284255027771, -0.024848103523254395, -1.5353798866271973, 0.0, -1.8331420904299356, -5.419642051813947, -3.957398864595224, -0.1195872037184893
165, 0.00042366981506347656, -2.699749231338501, 2.838237762451172, 1.5058557987213135, -0.03698313236236572, -1.5045723915100098, 0.0, -1.8332412831714489, -5.4194640096525895, -3.9573352374661623, -0.11958502987325925
166, 0.0008442401885986328, -2.681164503097534, 2.8338754177093506, 1.4658536911010742, -0.048862338066101074, -1.4645156860351562, 0.0, -1.8333070611014928, -5.419610089166274, -3.9572606230009244, -0.11976781622604538
167, 0.0005931854248046875, -2.675382614135742, 2.838836908340454, 1.422655701637268, -0.05818498134613037, -1.4231162071228027, 0.0, -1.8330863035252674, -5.4195022136752735, -3.957160222071631, -0.11985073814450331
168, 0.00037932395935058594, -2.677196741104126, 2.8491272926330566, 1.3731756210327148, -0.06774508953094482, -1.3746953010559082, 0.0, -1.832767117222732, -5.419443205295444, -3.957114942429219, -0.11992647467581286
169, 0.0004680156707763672, -2.680744171142578, 2.86157488822937, 1.3178610801696777, -0.07822716236114502, -1.3195176124572754, 0.0, -1.8325320519898305, -5.419530555325631, -3.9571243832994694, -0.11998039697194063
170, 0.00042366981506347656, -2.683561325073242, 2.8739585876464844, 1.255269169807434, -0.08706581592559814, -1.257692813873291, 0.0, -1.8323284585897845, -5.419437892962879, -3.957093729579261, -0.11995683142836011
171, 0.00032782554626464844, -2.685228109359741, 2.8883156776428223, 1.1663529872894287, -0.0985342264175415, -1.1682381629943848, 0.0, -1.832294532277782, -5.419378275718153, -3.9571160325202994, -0.11990728974609421
172, 0.0004162788391113281, -2.6855525970458984, 2.893956184387207, 1.1229723691940308, -0.10409462451934814, -1.12514066696167, 0.0, -1.8323405618266488, -5.4194458846106155, -3.9571413603682037, -0.11991897270316265
173, 0.00037932395935058594, -2.6858181953430176, 2.9032559394836426, 1.0302761793136597, -0.11519777774810791, -1.0324440002441406, 0.0, -1.8323440585425728, -5.419366668765762, -3.9571225795847536, -0.11988026817834108
174, 0.00026869773864746094, -2.6855082511901855, 2.909168243408203, 0.9414422512054443, -0.12469398975372314, -0.9440851211547852, 0.0, -1.8323814154629707, -5.419266581694387, -3.957131534901169, -0.11981688966954351
175, 0.00032782554626464844, -2.6845717430114746, 2.913210868835449, 0.8471024036407471, -0.13453710079193115, -0.848905086517334, 0.0, -1.8324852196976655, -5.419368735135002, -3.957155508910464, -0.11987294590467812
176, 0.0002834796905517578, -2.682558536529541, 2.9161112308502197, 0.7324008941650391, -0.1464618444442749, -0.7337470054626465, 0.0, -1.8324794378002127, -5.4193179329381405, -3.957128294092823, -0.11991730369940434
177, 0.0002243518829345703, -2.679652690887451, 2.9169819355010986, 0.6245198249816895, -0.15725457668304443, -0.6233642101287842, 0.0, -1.8324845968480292, -5.41930166472542, -3.957141013330371, -0.1200329075658999
178, 0.0003056526184082031, -2.6774919033050537, 2.9167823791503906, 0.5627772808074951, -0.1642214059829712, -0.5598592758178711, 0.0, -1.8325199137487844, -5.419408087244346, -3.9571481090918397, -0.12013506700937349
179, 0.00037932395935058594, -2.6741654872894287, 2.9161911010742188, 0.4804718494415283, -0.1757446527481079, -0.4774808883666992, 0.0, -1.8324885780790168, -5.4194273795740315, -3.957109760427779, -0.12021801919212294
180, 0.00026869773864746094, -2.6688926219940186, 2.914457321166992, 0.3752298355102539, -0.1899794340133667, -0.37131667137145996, 0.0, -1.8324580683679266, -5.419407006838291, -3.9570885547894785, -0.12017525244924077
181, 0.0003426074981689453, -2.666562080383301, 2.9138102531433105, 0.3368256092071533, -0.19565880298614502, -0.33289384841918945, 0.0, -1.8324796219405235, -5.419488043785904, -3.957089042072643, -0.12021261198957678
182, 0.00043845176696777344, -2.662196159362793, 2.912971258163452, 0.2668285369873047, -0.20822298526763916, -0.2617924213409424, 0.0, -1.8324623723688513, -5.419507632235393, -3.957068140335679, -0.12022149902647605
183, 0.00034999847412109375, -2.6586711406707764, 2.912627696990967, 0.21168732643127441, -0.217079758644104, -0.2067699432373047, 0.0, -1.8324424344996297, -5.419432529314745, -3.957055105028962, -0.12014847483118363
184, 0.000209808349609375, -2.654637098312378, 2.9128193855285645, 0.17304587364196777, -0.22549831867218018, -0.1682286262512207, 0.0, -1.8324683050985493, -5.419505854652866, -3.957024008402851, -0.12012746802463248
185, -0.0009038448333740234, -2.641767740249634, 2.9177329540252686, 0.15872836112976074, -0.24740326404571533, -0.1512451171875, 0.0, -1.8320873644363989, -5.419704813056013, -3.9548611982737816, -0.11999798318390908
186, -0.005129575729370117, -2.631000518798828, 2.9236690998077393, 0.14588141441345215, -0.25344789028167725, -0.1389460563659668, 0.0, -1.832299259994038, -5.419569358472099, -3.95196243943384, -0.11961234650125707
187, -0.008109092712402344, -2.6202774047851562, 2.9344069957733154, 0.13402962684631348, -0.27502405643463135, -0.12527704238891602, 0.0, -1.832392718736551, -5.419484008567046, -3.94814629949501, -0.11943013127417679
188, -0.008116483688354492, -2.609333038330078, 2.9451210498809814, 0.12112784385681152, -0.29318535327911377, -0.11293220520019531, 0.0, -1.832511659738169, -5.419373932695283, -3.943698752481942, -0.11963530912761744
189, -0.008367061614990234, -2.5934548377990723, 2.9573769569396973, 0.10811638832092285, -0.31765592098236084, -0.09963774681091309, 0.0, -1.8327726124883286, -5.419307451296712, -3.938238288064617, -0.11989974997943165
190, -0.00994563102722168, -2.5792360305786133, 2.9651427268981934, 0.09876632690429688, -0.3358718156814575, -0.09036993980407715, 0.0, -1.8330391630097447, -5.419255823208228, -3.933994530415477, -0.12001383090837958
191, -0.011568069458007812, -2.5597143173217773, 2.9728124141693115, 0.08921551704406738, -0.36016905307769775, -0.08135771751403809, 0.0, -1.8334224205513667, -5.41916582939037, -3.9290603194073115, -0.12013387292094269
192, -0.012356996536254883, -2.5385265350341797, 2.978588819503784, 0.08088803291320801, -0.3845576047897339, -0.07239127159118652, 0.0, -1.8338853411587608, -5.419044971822501, -3.924264732661729, -0.12027271852104882
193, -0.01360321044921875, -2.5162248611450195, 2.9831669330596924, 0.07267951965332031, -0.4096583127975464, -0.06395435333251953, 0.0, -1.8343852606367592, -5.418989960113411, -3.919677930812952, -0.12032280507713633
194, -0.016767024993896484, -2.4781479835510254, 2.9883201122283936, 0.061202049255371094, -0.45225369930267334, -0.05333542823791504, 0.0, -1.835171209430914, -5.418949671851625, -3.9124367515237384, -0.12015870429133724
195, -0.017305612564086914, -2.469121217727661, 2.989198923110962, 0.058837175369262695, -0.461786150932312, -0.05104351043701172, 0.0, -1.8353409673655068, -5.418933984675953, -3.910790957523531, -0.12014690750643364
196, -0.018087387084960938, -2.4508683681488037, 2.990565061569214, 0.05435371398925781, -0.4789339303970337, -0.04677939414978027, 0.0, -1.8356576457327292, -5.4189042244922625, -3.9072079108757394, -0.12009971588795842
197, -0.018330812454223633, -2.435683488845825, 2.992506504058838, 0.05131340026855469, -0.49751508235931396, -0.04249715805053711, 0.0, -1.8358748265733449, -5.418902201275917, -3.904043163940802, -0.12010606858390371
198, -0.01905345916748047, -2.4230797290802, 2.993992567062378, 0.04757881164550781, -0.5101615190505981, -0.03959321975708008, 0.0, -1.836017472524662, -5.4189520795064725, -3.9013364451661565, -0.12012650787688273
199, -0.02015972137451172, -2.41099214553833, 2.996213674545288, 0.04529619216918945, -0.5254007577896118, -0.03679943084716797, 0.0, -1.8361075111096712, -5.4190018418552235, -3.898807802616433, -0.12011794312015578
200, -0.02077198028564453, -2.400571346282959, 2.998011350631714, 0.04388999938964844, -0.5352712869644165, -0.03508281707763672, 0.0, -1.836136983772654, -5.4190202373445775, -3.8970462535856756, -0.12010707164359236
201, -0.021332502365112305, -2.3875842094421387, 2.999936819076538, 0.041168928146362305, -0.5484014749526978, -0.03375864028930664, 0.0, -1.836227434302009, -5.419036189110307, -3.895434051003289, -0.12017499216647654
202, -0.021509408950805664, -2.378070592880249, 3.000887632369995, 0.0391693115234375, -0.5556513071060181, -0.03269028663635254, 0.0, -1.8363766672220587, -5.419046430864647, -3.8944117791372848, -0.12022086647090191
203, -0.02201080322265625, -2.36348295211792, 3.0020699501037598, 0.03753471374511719, -0.5669735670089722, -0.031759023666381836, 0.0, -1.8366593252717456, -5.419034766242743, -3.893162815552884, -0.1202311137551817
204, -0.022519588470458984, -2.352693557739258, 3.0029568672180176, 0.0371241569519043, -0.5756112337112427, -0.031759023666381836, 0.0, -1.8368869519388706, -5.41901389707832, -3.8924032131920767, -0.12018397414676585
205, -0.022991418838500977, -2.341771364212036, 3.0040194988250732, 0.0370783805847168, -0.5854817628860474, -0.0316312313079834, 0.0, -1.8371292253528957, -5.418986194813595, -3.891783065825611, -0.12015332531421041
206, -0.02315378189086914, -2.332899332046509, 3.0047783851623535, 0.03705096244812012, -0.5927590131759644, -0.0316312313079834, 0.0, -1.8373308536291815, -5.418977216081973, -3.891373030324467, -0.12014108316921934
207, -0.023301362991333008, -2.3248531818389893, 3.0055134296417236, 0.03695034980773926, -0.5993789434432983, -0.03157639503479004, 0.0, -1.837537682042127, -5.418971829890701, -3.89098170641636, -0.12013724605949427
208, -0.023537397384643555, -2.3168587684631348, 3.006448268890381, 0.03685927391052246, -0.6080895662307739, -0.03151249885559082, 0.0, -1.8377207057882075, -5.418955088772585, -3.8906259395128213, -0.12014906476704024
209, -0.02364063262939453, -2.3082375526428223, 3.007103443145752, 0.0368044376373291, -0.6159056425094604, -0.0314943790435791, 0.0, -1.837906239742362, -5.418931284299393, -3.8902923406322656, -0.12018127324358652
210, -0.02359628677368164, -2.2997491359710693, 3.0076305866241455, 0.0367588996887207, -0.621904730796814, -0.03143954277038574, 0.0, -1.8380429952085078, -5.418918303468075, -3.8900106136313437, -0.12019785260538463
211, -0.02364063262939453, -2.2919390201568604, 3.0078623294830322, 0.03670382499694824, -0.6258217096328735, -0.0314030647277832, 0.0, -1.838140201333054, -5.418919028496349, -3.889764525261171, -0.12017315594000522
212, -0.023633241653442383, -2.2853827476501465, 3.0078704357147217, 0.036676645278930664, -0.6302684545516968, -0.0314030647277832, 0.0, -1.8381948157807435, -5.418920985823099, -3.889622472425739, -0.12014597534775096
213, -0.023625850677490234, -2.2789223194122314, 3.0076305866241455, 0.036676645278930664, -0.6344321966171265, -0.03137564659118652, 0.0, -1.8382071140383633, -5.41891775408913, -3.8895889735718434, -0.12012140641211566
214, -0.023625850677490234, -2.273804187774658, 3.0072951316833496, 0.036658287048339844, -0.6376644372940063, -0.03137564659118652, 0.0, -1.838205169046244, -5.418922743901422, -3.889620098634039, -0.12012233677729967
215, -0.02351522445678711, -2.2682876586914062, 3.006751775741577, 0.036630868911743164, -0.6408237218856812, -0.031339168548583984, 0.0, -1.8382353051416773, -5.418927654053365, -3.8896476938096036, -0.12008349127300022
216, -0.02360367774963379, -2.262911319732666, 3.005841016769409, 0.036612749099731445, -0.6427778005599976, -0.031320810317993164, 0.0, -1.838302711090285, -5.418943885581055, -3.889689254426098, -0.12007840799305036
217, -0.023478269577026367, -2.2590322494506836, 3.0050899982452393, 0.036594390869140625, -0.6438916921615601, -0.0313115119934082, 0.0, -1.8383641009955658, -5.4189442480080725, -3.889717328962452, -0.12005049981574079
218, -0.02319812774658203, -2.2493932247161865, 3.003699779510498, 0.036566972732543945, -0.6505025625228882, -0.031275033950805664, 0.0, -1.838509380587059, -5.4189784015906755, -3.889789132995906, -0.1200411677676616
219, -0.02280712127685547, -2.241302967071533, 3.0020060539245605, 0.036594390869140625, -0.6539264917373657, -0.03128409385681152, 0.0, -1.8386520051272444, -5.418999657632983, -3.889888454998796, -0.1200465363939367
220, -0.022335290908813477, -2.2319588661193848, 3.000016689300537, 0.036566972732543945, -0.6589301824569702, -0.031265974044799805, 0.0, -1.8388180609095615, -5.4189969879903686, -3.8900314229282045, -0.12004081616593076
221, -0.02218770980834961, -2.2244808673858643, 2.998227119445801, 0.036566972732543945, -0.6638425588607788, -0.031256914138793945, 0.0, -1.8389581934972532, -5.419021208293265, -3.890191655342386, -0.12005650039412075
222, -0.021900177001953125, -2.2170910835266113, 2.9966371059417725, 0.036566972732543945, -0.6712659597396851, -0.031256914138793945, 0.0, -1.8390867404941702, -5.419067255245696, -3.8903861896849246, -0.12010272165070734
223, -0.021088838577270508, -2.208794355392456, 2.994687795639038, 0.036557912826538086, -0.6777945756912231, -0.03128409385681152, 0.0, -1.8391970550921592, -5.419096125247343, -3.8905985503574123, -0.12013994391513894
224, -0.02032184600830078, -2.2005198001861572, 2.9927942752838135, 0.036557912826538086, -0.682761549949646, -0.031275033950805664, 0.0, -1.8392971719462028, -5.419139277441111, -3.8907725348007, -0.12020092210802247
225, -0.02007126808166504, -2.1943321228027344, 2.9913721084594727, 0.03654885292053223, -0.6864506006240845, -0.031265974044799805, 0.0, -1.8393603399804674, -5.419172562059572, -3.890910787594778, -0.12022205347227377
226, -0.01956963539123535, -2.184678316116333, 2.989078998565674, 0.036530494689941406, -0.6920844316482544, -0.031275033950805664, 0.0, -1.8394453686874876, -5.419211991650485, -3.8911550258547605, -0.12018713981188522
227, -0.019296884536743164, -2.178122043609619, 2.9879446029663086, 0.03652143478393555, -0.6978822946548462, -0.031256914138793945, 0.0, -1.8394740698445875, -5.419232687886689, -3.891257708435784, -0.12023913293939881
228, -0.018419265747070312, -2.166971206665039, 2.9858274459838867, 0.036566972732543945, -0.7087844610214233, -0.031275033950805664, 0.0, -1.8395781098989383, -5.419247863986911, -3.891395750365133, -0.12030345731704184
229, -0.01772594451904297, -2.154057741165161, 2.9822001457214355, 0.036566972732543945, -0.7158974409103394, -0.031265974044799805, 0.0, -1.839756795308843, -5.419232346055465, -3.8915535068265004, -0.12028397340636054
230, -0.017512083053588867, -2.1368815898895264, 2.9765515327453613, 0.03652143478393555, -0.7252291440963745, -0.031247615814208984, 0.0, -1.8400340799290902, -5.419222366361085, -3.89173657461698, -0.12022086101187046
231, -0.017165660858154297, -2.12570858001709, 2.9728283882141113, 0.036557912826538086, -0.7333098649978638, -0.031256914138793945, 0.0, -1.8401947299959476, -5.419220385363054, -3.8918313693022415, -0.12018589199606566
232, -0.016280651092529297, -2.113112449645996, 2.968242645263672, 0.03654885292053223, -0.7428973913192749, -0.031293392181396484, 0.0, -1.8403615603960848, -5.4192086246936295, -3.891892494040795, -0.12018844363526782
233, -0.015727519989013672, -2.102602958679199, 2.9641120433807373, 0.036566972732543945, -0.7495354413986206, -0.031293392181396484, 0.0, -1.8404901749723792, -5.419211851625293, -3.8919300677803497, -0.12018357386627088
234, -0.01541757583618164, -2.09065580368042, 2.959198474884033, 0.036557912826538086, -0.7568129301071167, -0.031302452087402344, 0.0, -1.8406312279895944, -5.419231113546649, -3.8919828025588066, -0.1201497017504689
235, -0.015048980712890625, -2.0772480964660645, 2.9539175033569336, 0.036557912826538086, -0.7674866914749146, -0.0313115119934082, 0.0, -1.8407551824097679, -5.41925610897507, -3.8920705903293684, -0.12012359509389992
236, -0.014687538146972656, -2.064002752304077, 2.9485645294189453, 0.036585330963134766, -0.7761975526809692, -0.031302452087402344, 0.0, -1.840863190951058, -5.419289258649518, -3.8921438560954797, -0.1201411519773643
237, -0.014517784118652344, -2.0540099143981934, 2.944593667984009, 0.036576271057128906, -0.7819317579269409, -0.031320810317993164, 0.0, -1.8409583431228902, -5.419305335504471, -3.8921835624739254, -0.12012117759437757
238, -0.014223098754882812, -2.0423648357391357, 2.9400157928466797, 0.036576271057128906, -0.788451075553894, -0.031293392181396484, 0.0, -1.841076441938791, -5.419308963654943, -3.892220816937932, -0.1201084204826186
239, -0.013846874237060547, -2.029399871826172, 2.9350461959838867, 0.036594390869140625, -0.7979563474655151, -0.031302452087402344, 0.0, -1.8412026123172232, -5.419331561724425, -3.89227841415444, -0.12012550834965019
240, -0.013758182525634766, -2.016692638397217, 2.9299569129943848, 0.036594390869140625, -0.8060280084609985, -0.031320810317993164, 0.0, -1.8413406694781747, -5.419358674247374, -3.892338736865374, -0.12012919530827926
241, -0.013750791549682617, -2.005143642425537, 2.9255387783050537, 0.036585330963134766, -0.8129857778549194, -0.0313115119934082, 0.0, -1.8414837686068068, -5.419359763797247, -3.8923748601798653, -0.12007823387780903
242, -0.013588666915893555, -1.9931668043136597, 2.920729160308838, 0.036594390869140625, -0.8194319009780884, -0.031302452087402344, 0.0, -1.8416447212570457, -5.419365135874618, -3.892409399677416, -0.12008200895866317
243, -0.013536930084228516, -1.9833065271377563, 2.9161829948425293, 0.036603450775146484, -0.8235501050949097, -0.031302452087402344, 0.0, -1.8417669122387188, -5.419382991045403, -3.8924749189386576, -0.12007169364612125
244, -0.013544321060180664, -1.9713813066482544, 2.9099273681640625, 0.036585330963134766, -0.8294485807418823, -0.031293392181396484, 0.0, -1.841911407719939, -5.419403982690793, -3.8926016978557043, -0.12003592623840298
245, -0.013618230819702148, -1.9604148864746094, 2.9032559394836426, 0.036603450775146484, -0.8338679075241089, -0.031302452087402344, 0.0, -1.8420694519440828, -5.419425107388214, -3.8927151325007316, -0.12008195245666187
246, -0.013559341430664062, -1.952140212059021, 2.8980228900909424, 0.036630868911743164, -0.8373557329177856, -0.031320810317993164, 0.0, -1.8422027321565566, -5.419428466596822, -3.8927940061594604, -0.12014723493996105
247, -0.013559341430664062, -1.9423315525054932, 2.8916873931884766, 0.036603450775146484, -0.8397573232650757, -0.03128409385681152, 0.0, -1.8423582585688199, -5.419417845747501, -3.892904327549377, -0.12022250142911162
248, -0.013654947280883789, -1.9283854961395264, 2.8827710151672363, 0.036585330963134766, -0.8444777727127075, -0.03128409385681152, 0.0, -1.84260601166732, -5.419410809523785, -3.8930396922735073, -0.12034413711451641
249, -0.013640165328979492, -1.9214825630187988, 2.878384828567505, 0.036594390869140625, -0.8472081422805786, -0.031320810317993164, 0.0, -1.8427269641822117, -5.4194050778950125, -3.893103859711794, -0.12041049104683754
250, -0.01364755630493164, -1.9118436574935913, 2.8720810413360596, 0.036585330963134766, -0.8506685495376587, -0.031256914138793945, 0.0, -1.842892121840766, -5.419380441780974, -3.8931812854327785, -0.12041566718709973
251, -0.013824462890625, -1.9015851020812988, 2.8658013343811035, 0.036603450775146484, -0.8561652898788452, -0.03128409385681152, 0.0, -1.8430663635801185, -5.419364550963596, -3.8932572319505687, -0.1203837378300241
252, -0.013905763626098633, -1.8904932737350464, 2.859042167663574, 0.036594390869140625, -0.8608678579330444, -0.03128409385681152, 0.0, -1.8432709455410996, -5.419357545655235, -3.893352713797122, -0.1203087346233147
253, -0.013972043991088867, -1.8810313940048218, 2.8528025150299072, 0.036603450775146484, -0.8634244203567505, -0.031293392181396484, 0.0, -1.8434620775760575, -5.4193585785441885, -3.89343325972766, -0.12026038511196546
254, -0.014075279235839844, -1.8700648546218872, 2.845268487930298, 0.036603450775146484, -0.8652504682540894, -0.031256914138793945, 0.0, -1.8436795037837839, -5.419347911253232, -3.893525162530586, -0.12014711456654581
255, -0.014215707778930664, -1.8594080209732056, 2.8379101753234863, 0.036612749099731445, -0.868428111076355, -0.031275033950805664, 0.0, -1.8438801635739224, -5.4193510316659195, -3.893622825525925, -0.12007070032622646
256, -0.014480829238891602, -1.8475196361541748, 2.8294970989227295, 0.036594390869140625, -0.8716238737106323, -0.031256914138793945, 0.0, -1.8440909624465989, -5.41937544285357, -3.893718500119398, -0.12003512461599453
257, -0.01471710205078125, -1.837349534034729, 2.8221547603607178, 0.036603450775146484, -0.8741804361343384, -0.031265974044799805, 0.0, -1.844269671739982, -5.419395057750237, -3.8937840797128684, -0.12000199767523245
258, -0.014886856079101562, -1.828226923942566, 2.8157711029052734, 0.036585330963134766, -0.8762716054916382, -0.031265974044799805, 0.0, -1.8444172801769763, -5.4194219706483695, -3.8938287477895117, -0.12006424654105352
259, -0.01489400863647461, -1.8175700902938843, 2.808452844619751, 0.036594390869140625, -0.8804260492324829, -0.031256914138793945, 0.0, -1.8445934205398078, -5.419452342785553, -3.8938639941218915, -0.12018239052645008
260, -0.014879226684570312, -1.8057702779769897, 2.7998642921447754, 0.036594390869140625, -0.8842154741287231, -0.031211137771606445, 0.0, -1.844781474355976, -5.4194636647664245, -3.893920530043531, -0.12029370321295296
261, -0.014960289001464844, -1.7956151962280273, 2.7924020290374756, 0.036594390869140625, -0.8882969617843628, -0.031220436096191406, 0.0, -1.8449441446853787, -5.419475439678789, -3.8939882758509077, -0.12039205927016816
262, -0.015188932418823242, -1.7666096687316895, 2.7682738304138184, 0.036603450775146484, -0.8914288282394409, -0.031174659729003906, 0.0, -1.8455299941942633, -5.419540747175634, -3.89426607824028, -0.12042612318702872
263, -0.015299558639526367, -1.7598615884780884, 2.762864828109741, 0.036594390869140625, -0.8915199041366577, -0.031156539916992188, 0.0, -1.8456780482720667, -5.419545468097314, -3.894313509158284, -0.12036355350290506
264, -0.015528202056884766, -1.748880386352539, 2.7546677589416504, 0.036585330963134766, -0.8957201242446899, -0.03109264373779297, 0.0, -1.8459192727582912, -5.41956360693053, -3.8943531334904926, -0.12024209225387139
265, -0.01577901840209961, -1.7407605648040771, 2.7486116886138916, 0.036576271057128906, -0.8991624116897583, -0.03101944923400879, 0.0, -1.8461048079386928, -5.419588560931068, -3.894370915136249, -0.12017166553016434
266, -0.016073942184448242, -1.7312543392181396, 2.7414212226867676, 0.036576271057128906, -0.9010525941848755, -0.03091907501220703, 0.0, -1.8461834967824244, -5.4194624832311264, -3.8943785336478904, -0.12008852009285143
267, -0.016206741333007812, -1.7220799922943115, 2.734222650527954, 0.036603450775146484, -0.9029699563980103, -0.030846118927001953, 0.0, -1.8464296872596249, -5.419453321480556, -3.89439963181176, -0.12003425405045665
268, -0.01634693145751953, -1.711710810661316, 2.726041316986084, 0.036594390869140625, -0.9051889181137085, -0.030791282653808594, 0.0, -1.8466963055206125, -5.4194836754695865, -3.8944221498149614, -0.12007768171670019
269, -0.016383886337280273, -1.70267653465271, 2.7186191082000732, 0.036594390869140625, -0.9053260087966919, -0.030736446380615234, 0.0, -1.8468189055338218, -5.4193776951029955, -3.8944342884662744, -0.12012506658082511
270, -0.016361474990844727, -1.6948518753051758, 2.712235450744629, 0.036603450775146484, -0.9054628610610962, -0.030672550201416016, 0.0, -1.8470318294900512, -5.4193645823701235, -3.8944385145093925, -0.12017700685482957
271, -0.016420602798461914, -1.6848219633102417, 2.7037665843963623, 0.036576271057128906, -0.9066406488418579, -0.030617713928222656, 0.0, -1.8473802450670989, -5.4193978590343, -3.8944571871394738, -0.120235615072942
272, -0.016590118408203125, -1.6732728481292725, 2.694586753845215, 0.036566972732543945, -0.9114617109298706, -0.030526399612426758, 0.0, -1.847645086271879, -5.419301106797631, -3.8944758610888175, -0.12025531461564043
273, -0.016605138778686523, -1.6655659675598145, 2.6884028911590576, 0.036594390869140625, -0.9144750833511353, -0.0304715633392334, 0.0, -1.8478728300051381, -5.4193066760926865, -3.894484110670236, -0.12025620247913515
274, -0.016686201095581055, -1.6556761264801025, 2.680229663848877, 0.036594390869140625, -0.9177254438400269, -0.03044414520263672, 0.0, -1.8482379551731751, -5.419317748564594, -3.89448645921496, -0.12025430032220719
275, -0.016774654388427734, -1.6495623588562012, 2.6749885082244873, 0.036594390869140625, -0.9182003736495972, -0.03039860725402832, 0.0, -1.8484317790189082, -5.419267141835532, -3.894499163788867, -0.12022798391060796
276, -0.01723194122314453, -1.6357123851776123, 2.6636993885040283, 0.036585330963134766, -0.9185198545455933, -0.03038930892944336, 0.0, -1.8488707374203124, -5.419298575541368, -3.894533414933461, -0.12014517718202544
277, -0.017394065856933594, -1.6274967193603516, 2.657986879348755, 0.036585330963134766, -0.9227200746536255, -0.03035283088684082, 0.0, -1.8491260570668588, -5.4192982413664454, -3.8945386251404477, -0.12010005664807011
278, -0.017467737197875977, -1.6164932250976562, 2.650205135345459, 0.036576271057128906, -0.9268654584884644, -0.030298233032226562, 0.0, -1.8494891791864365, -5.419236293905067, -3.8945511630421996, -0.12013015466139976
279, -0.01745319366455078, -1.606552004814148, 2.6432783603668213, 0.036576271057128906, -0.9287101030349731, -0.030270814895629883, 0.0, -1.8498094271309664, -5.419294412456831, -3.894578744754776, -0.12017298053453285
280, -0.01746058464050293, -1.596706509590149, 2.636535167694092, 0.036594390869140625, -0.931531548500061, -0.030261754989624023, 0.0, -1.8500822232664853, -5.419298611973618, -3.8946024629858913, -0.12020122552383139
281, -0.017519474029541016, -1.5879523754119873, 2.6308786869049072, 0.036566972732543945, -0.9338415861129761, -0.030225276947021484, 0.0, -1.8502957607549535, -5.419244852977049, -3.8946156940554704, -0.12021566697905506
282, -0.0175783634185791, -1.5784903764724731, 2.6254217624664307, 0.036566972732543945, -0.9389365911483765, -0.030188560485839844, 0.0, -1.8505621151610363, -5.4192451588137, -3.8946224041701982, -0.12023577407749642
283, -0.017652034759521484, -1.5651566982269287, 2.6177918910980225, 0.036585330963134766, -0.9451819658279419, -0.030115604400634766, 0.0, -1.850942082067985, -5.419323062354678, -3.8946759074834167, -0.12024226007796557
284, -0.01772594451904297, -1.5500454902648926, 2.6091392040252686, 0.036557912826538086, -0.951537013053894, -0.030051708221435547, 0.0, -1.851286980564955, -5.419262404263162, -3.894715176555682, -0.12021275822401734
285, -0.0178070068359375, -1.539779543876648, 2.6032910346984863, 0.036576271057128906, -0.9553080797195435, -0.029549360275268555, 0.0, -1.8515639897055025, -5.419290670448268, -3.894716937746588, -0.1201694919497509
286, -0.018065214157104492, -1.5256787538528442, 2.5956850051879883, 0.036576271057128906, -0.9621106386184692, -0.026189327239990234, 0.0, -1.8519122845374967, -5.419321355234571, -3.894739469427142, -0.120150365945622
287, -0.018397092819213867, -1.508377194404602, 2.586033582687378, 0.036566972732543945, -0.9687577486038208, -0.025440692901611328, 0.0, -1.8523112607264574, -5.4192152229582655, -3.894768895852568, -0.12013320123742588
288, -0.01852250099182129, -1.5015037059783936, 2.58213472366333, 0.036557912826538086, -0.9712687730789185, -0.025449752807617188, 0.0, -1.8525034119744297, -5.419245104371926, -3.8947861307968585, -0.12013830785976243
289, -0.018581390380859375, -1.487462043762207, 2.5743770599365234, 0.036576271057128906, -0.9767380952835083, -0.025440692901611328, 0.0, -1.8528616751990084, -5.4192982768223175, -3.894832955349213, -0.12022867335084442
290, -0.018537044525146484, -1.4750277996063232, 2.5675618648529053, 0.036576271057128906, -0.9837688207626343, -0.025440692901611328, 0.0, -1.8531051179446494, -5.419215994648889, -3.8948656849737446, -0.12032052206069732
291, -0.018581390380859375, -1.459511160850525, 2.559756278991699, 0.03654885292053223, -0.9937945604324341, -0.025431394577026367, 0.0, -1.8534897171679954, -5.419256100229937, -3.8949373381424337, -0.12040068321227348
292, -0.018728971481323242, -1.4452996253967285, 2.5526695251464844, 0.03652143478393555, -1.0005606412887573, -0.02540421485900879, 0.0, -1.8538427584263482, -5.4192833316115365, -3.8950108774846433, -0.12040495296774711
293, -0.018810033798217773, -1.4248268604278564, 2.5424749851226807, 0.036530494689941406, -1.0082670450210571, -0.02535843849182129, 0.0, -1.8542439039477179, -5.4191379373452095, -3.8951545411906823, -0.12033419385478172
294, -0.018861770629882812, -1.4104456901550293, 2.535428285598755, 0.036530494689941406, -1.0155807733535767, -0.02538585662841797, 0.0, -1.854622910650889, -5.41919550989361, -3.8953449517732195, -0.12024799813890041
295, -0.019060850143432617, -1.3957107067108154, 2.528581142425537, 0.03651237487792969, -1.025222897529602, -0.02536749839782715, 0.0, -1.8549682028964118, -5.419222028327952, -3.895532612077864, -0.1202430701054622
296, -0.019333839416503906, -1.3823400735855103, 2.5224454402923584, 0.03648495674133301, -1.0332945585250854, -0.02535843849182129, 0.0, -1.8552204252306994, -5.419048780921416, -3.895660433157119, -0.12019501051963477
297, -0.019650697708129883, -1.3661004304885864, 2.5151429176330566, 0.03644824028015137, -1.0414026975631714, -0.02534008026123047, 0.0, -1.8556336892022962, -5.419054556428636, -3.895860248455379, -0.12010455635677442
298, -0.019820213317871094, -1.3498462438583374, 2.5077288150787354, 0.03643918037414551, -1.0503326654434204, -0.02531266212463379, 0.0, -1.8561233173131146, -5.419158677521888, -3.8961667196591945, -0.1201694757010463
299, -0.019813060760498047, -1.3344179391860962, 2.500354528427124, 0.03640270233154297, -1.0576099157333374, -0.02530360221862793, 0.0, -1.856482620514855, -5.418972930185616, -3.8964767127849953, -0.1203060965368028
300, -0.019820213317871094, -1.3173301219940186, 2.4918696880340576, 0.03641176223754883, -1.0646315813064575, -0.02526712417602539, 0.0, -1.8569247474122272, -5.418859013250506, -3.8968996697379166, -0.12036949224997162
301, -0.019901514053344727, -1.2990036010742188, 2.482434034347534, 0.03635692596435547, -1.0732146501541138, -0.02523970603942871, 0.0, -1.8575273377665709, -5.419058785703303, -3.897529186792319, -0.12034213462032017
302, -0.02002692222595215, -1.2873215675354004, 2.476130247116089, 0.03628396987915039, -1.0795880556106567, -0.02522134780883789, 0.0, -1.8578256894272205, -5.418863706665069, -3.897917211603133, -0.1203238445847834
303, -0.020137548446655273, -1.2722032070159912, 2.467573642730713, 0.03624749183654785, -1.0872029066085815, -0.02518486976623535, 0.0, -1.8582498610288574, -5.4186955245316835, -3.8985495232643177, -0.12018459823149286
304, -0.02032947540283203, -1.2568117380142212, 2.458936929702759, 0.03612875938415527, -1.094608187675476, -0.025139331817626953, 0.0, -1.8588516030575626, -5.418896275863526, -3.899283456262027, -0.12008058185901582
305, -0.020498991012573242, -1.2449382543563843, 2.4522817134857178, 0.03590059280395508, -1.100396990776062, -0.025111913681030273, 0.0, -1.859166367724307, -5.418721240760256, -3.899796324888145, -0.12010464990191583
306, -0.020749568939208984, -1.2288018465042114, 2.4432296752929688, 0.03572702407836914, -1.108423113822937, -0.025057077407836914, 0.0, -1.8596240107297133, -5.418450745276416, -3.9005586316555885, -0.12006741069754145
307, -0.02089715003967285, -1.2129384279251099, 2.434025764465332, 0.034886837005615234, -1.1159743070602417, -0.025020360946655273, 0.0, -1.8602776683150086, -5.418697807933901, -3.9014894593343787, -0.12010251090534219
308, -0.021088838577270508, -1.2033584117889404, 2.428297281265259, 0.0334169864654541, -1.1195446252822876, -0.024965763092041016, 0.0, -1.8605741918703793, -5.418629126813193, -3.9020375960814913, -0.12023202711891745
309, -0.020926475524902344, -1.1865140199661255, 2.418142557144165, 0.03295111656188965, -1.1254066228866577, -0.024837970733642578, 0.0, -1.8609759181784704, -5.41820222607569, -3.9031181394540004, -0.12039259319762419
310, -0.020933866500854492, -1.171152114868164, 2.4083075523376465, 0.032659053802490234, -1.131752371788025, -0.02131342887878418, 0.0, -1.8616706324321042, -5.418469747147417, -3.90444381044568, -0.12041750087053238
311, -0.020978212356567383, -1.1614614725112915, 2.401724338531494, 0.0324399471282959, -1.135048508644104, -0.019450664520263672, 0.0, -1.8619370452885025, -5.418377435225032, -3.905325291651402, -0.12041616389165988
312, -0.021074295043945312, -1.149381399154663, 2.3930397033691406, 0.03240323066711426, -1.140673279762268, -0.01847362518310547, 0.0, -1.8621997799434964, -5.418003298516326, -3.9065841292475434, -0.12037732833035353
313, -0.021096229553222656, -1.1376111507415771, 2.3840835094451904, 0.03236675262451172, -1.1445356607437134, -0.01846456527709961, 0.0, -1.8627463055778326, -5.418331983973382, -3.908102106135811, -0.12026658271865465
314, -0.021184921264648438, -1.1263349056243896, 2.374927520751953, 0.03214764595031738, -1.1479049921035767, -0.01849198341369629, 0.0, -1.8629716004470431, -5.418270984444311, -3.9096041482451636, -0.1202454769765815
315, -0.02121424674987793, -1.118333101272583, 2.368072509765625, 0.032056331634521484, -1.1494754552841187, -0.01849198341369629, 0.0, -1.8630682731286168, -5.417975810824112, -3.910783740124058, -0.1201873320120157
316, -0.021368980407714844, -1.1064889430999756, 2.3575823307037354, 0.031983375549316406, -1.1520410776138306, -0.018482685089111328, 0.0, -1.8635213970435947, -5.418283154073999, -3.9128223217727394, -0.12005058069802388
317, -0.021509408950805664, -1.098848581314087, 2.3506715297698975, 0.03161811828613281, -1.1535018682479858, -0.018482685089111328, 0.0, -1.863659201084368, -5.4183477039183, -3.9141830684388865, -0.12007397980716128
318, -0.021605253219604492, -1.0902788639068604, 2.3425941467285156, 0.03117990493774414, -1.1549354791641235, -0.01850104331970215, 0.0, -1.8636723790034626, -5.417944224817853, -3.9157385382000416, -0.12016146881005607
319, -0.021693706512451172, -1.0805070400238037, 2.3333821296691895, 0.03113412857055664, -1.157546877861023, -0.018482685089111328, 0.0, -1.8639926895185703, -5.418029587082004, -3.9177084657167245, -0.12015085360010502
320, -0.021775007247924805, -1.0721588134765625, 2.3250811100006104, 0.030458450317382812, -1.1576381921768188, -0.01846456527709961, 0.0, -1.8642588399790714, -5.41835668764862, -3.919473401491588, -0.12021728791933306
321, -0.021826505661010742, -1.063279390335083, 2.3158693313598633, 0.03008413314819336, -1.1577297449111938, -0.01847362518310547, 0.0, -1.8642670035735085, -5.417893729859938, -3.921357164023158, -0.1204084925932607
322, -0.02184128761291504, -1.0558898448944092, 2.3078718185424805, 0.03006577491760254, -1.1578208208084106, -0.01845526695251465, 0.0, -1.8644158107060014, -5.417708963034267, -3.9231035404863333, -0.12037178979234398
323, -0.021929502487182617, -1.0496504306793213, 2.301248550415039, 0.03003859519958496, -1.157802700996399, -0.018482685089111328, 0.0, -1.864594326624076, -5.417699799110286, -3.9246433524332973, -0.12028029578425059
324, -0.022032737731933594, -1.041508674621582, 2.2926278114318848, 0.029956340789794922, -1.1577478647232056, -0.018482685089111328, 0.0, -1.8648442886757868, -5.417816548223639, -3.926702390678758, -0.12025994202422119
325, -0.022121429443359375, -1.0347826480865479, 2.285165548324585, 0.029938220977783203, -1.157793641090393, -0.01845526695251465, 0.0, -1.86501955980648, -5.417792103691076, -3.928441650870717, -0.12014890772873876
326, -0.022202491760253906, -1.0281012058258057, 2.2774479389190674, 0.029947280883789062, -1.157784104347229, -0.01846456527709961, 0.0, -1.8651680083782782, -5.417679692431899, -3.930131996263486, -0.1199951519987339
327, -0.022158145904541016, -1.0203795433044434, 2.268507480621338, 0.029928922653198242, -1.1578391790390015, -0.018482685089111328, 0.0, -1.8653794600027067, -5.417720689073943, -3.9320512227688216, -0.11999509439036782
328, -0.02226877212524414, -1.0125105381011963, 2.259159803390503, 0.029892444610595703, -1.1578208208084106, -0.01843714714050293, 0.0, -1.8655927034274407, -5.417785455529342, -3.9339348925302158, -0.11999023770653228
329, -0.022350072860717773, -1.0057182312011719, 2.250739097595215, 0.029883146286010742, -1.1579307317733765, -0.01847362518310547, 0.0, -1.8657512972780776, -5.41773589543791, -3.935547718394, -0.11994434544240828
330, -0.022416353225708008, -0.9983875155448914, 2.2409439086914062, 0.029874086380004883, -1.1579669713974, -0.01844620704650879, 0.0, -1.8659446640123545, -5.417738262383016, -3.9374206161041214, -0.1200210971576583
331, -0.02245330810546875, -0.9928712844848633, 2.2335214614868164, 0.029837608337402344, -1.1579211950302124, -0.01846456527709961, 0.0, -1.8660966724469594, -5.4177885720798065, -3.938841404565502, -0.12011641347538937
332, -0.02245330810546875, -0.9871997237205505, 2.2259397506713867, 0.029855728149414062, -1.1579488515853882, -0.01843714714050293, 0.0, -1.866237643580762, -5.417780328292442, -3.9402286608395074, -0.12019305780468414
333, -0.022416353225708008, -0.9793750643730164, 2.2157368659973145, 0.029837608337402344, -1.1579850912094116, -0.01845526695251465, 0.0, -1.8664321451945298, -5.417716772123873, -3.9420530599250916, -0.12025258572105901
334, -0.022423744201660156, -0.9707169532775879, 2.204360008239746, 0.029846668243408203, -1.1579946279525757, -0.01842808723449707, 0.0, -1.8667092048175056, -5.417705420786808, -3.9441005288333515, -0.12033582820801669
335, -0.02250504493713379, -0.9651708006858826, 2.1968979835510254, 0.029819250106811523, -1.1579850912094116, -0.01842808723449707, 0.0, -1.8668962238026, -5.4176908299371265, -3.9454557876547955, -0.12033469775420258
336, -0.022578716278076172, -0.9578108787536621, 2.187142848968506, 0.029828310012817383, -1.1579850912094116, -0.01841878890991211, 0.0, -1.867115402291692, -5.417628308023821, -3.947272177590819, -0.12028267477652488
337, -0.022652387619018555, -0.9515568614006042, 2.1786417961120605, 0.029828310012817383, -1.1579488515853882, -0.01840972900390625, 0.0, -1.867293462176832, -5.417596986092168, -3.9488735509696133, -0.12025541538304019
338, -0.02266716957092285, -0.9438796043395996, 2.1678242683410645, 0.029810190200805664, -1.1579760313034058, -0.01841878890991211, 0.0, -1.8675079877733323, -5.417573399148201, -3.9509673158725644, -0.12025089404749156
339, -0.022703886032104492, -0.9387834072113037, 2.1604819297790527, 0.029819250106811523, -1.1579397916793823, -0.01842808723449707, 0.0, -1.8676333676211878, -5.417525618982764, -3.95235137280793, -0.12019135029409966
340, -0.022770166397094727, -0.93284672498703, 2.152092933654785, 0.029810190200805664, -1.1578575372695923, -0.01842808723449707, 0.0, -1.8677812252374157, -5.417470966164106, -3.9539300278229983, -0.12015101783560667
341, -0.022799968719482422, -0.9255900382995605, 2.142305850982666, 0.029819250106811523, -1.157875657081604, -0.01842808723449707, 0.0, -1.8679552929267327, -5.417429026461557, -3.9557175480977707, -0.12017361955084915
342, -0.022814512252807617, -0.9193358421325684, 2.1336851119995117, 0.029801130294799805, -1.1578482389450073, -0.01841878890991211, 0.0, -1.8681096988578718, -5.417381791584728, -3.957254154995318, -0.12019205976825642
343, -0.022829532623291016, -0.9102721214294434, 2.1212053298950195, 0.029791831970214844, -1.1576381921768188, -0.01840066909790039, 0.0, -1.8683072753326402, -5.417303977562685, -3.9594609605137334, -0.12020926791885955
344, -0.022844314575195312, -0.9059724807739258, 2.1148619651794434, 0.029773712158203125, -1.1574920415878296, -0.01842808723449707, 0.0, -1.8683946625234915, -5.417278620979298, -3.9605779320054206, -0.12021111285203467
345, -0.022858858108520508, -0.8984870314598083, 2.103564739227295, 0.029801130294799805, -1.1572638750076294, -0.01842808723449707, 0.0, -1.8685519192058235, -5.41724682666676, -3.962647571093512, -0.12020268411200341
346, -0.02288079261779785, -0.8935163021087646, 2.095839023590088, 0.029782772064208984, -1.1570173501968384, -0.01843714714050293, 0.0, -1.8686533068363298, -5.4172228941970895, -3.9640555636936488, -0.1201965826292053
347, -0.02289581298828125, -0.8876903057098389, 2.08673095703125, 0.029782772064208984, -1.1566702127456665, -0.01840972900390625, 0.0, -1.868791506589791, -5.417183041546389, -3.965688440029141, -0.12016398877466994
348, -0.022925138473510742, -0.8807134032249451, 2.0759291648864746, 0.029764652252197266, -1.1563142538070679, -0.01840066909790039, 0.0, -1.8689546720429924, -5.41713847824917, -3.9675277985555515, -0.12014121001806899
349, -0.022962093353271484, -0.874614417552948, 2.0663576126098633, 0.029782772064208984, -1.1560860872268677, -0.01838231086730957, 0.0, -1.8691189873632865, -5.41711225956344, -3.9690986000959807, -0.12013878344281181
350, -0.022917747497558594, -0.8671069145202637, 2.054804801940918, 0.029764652252197266, -1.1548534631729126, -0.01838231086730957, 0.0, -1.8693127562058034, -5.417072665784448, -3.970878660637364, -0.12016719464659076
351, -0.02302837371826172, -0.8602849841117859, 2.0438990592956543, 0.029755353927612305, -1.152095913887024, -0.01839160919189453, 0.0, -1.8694894979858176, -5.417019621874268, -3.972413411000786, -0.12013644323910899
352, -0.023035764694213867, -0.8530356287956238, 2.0326099395751953, 0.029755353927612305, -1.1492563486099243, -0.01837325096130371, 0.0, -1.8696961219206054, -5.416967952594557, -3.9739383042215164, -0.12012056742326038
353, -0.023087501525878906, -0.8489499092102051, 2.0260348320007324, 0.029746294021606445, -1.1474119424819946, -0.01836419105529785, 0.0, -1.869820978850324, -5.416950397247257, -3.9748087621339505, -0.12011650888310932
354, -0.02312445640563965, -0.8357782363891602, 2.0049266815185547, 0.029737234115600586, -1.145229458808899, -0.01836419105529785, 0.0, -1.8701934673713394, -5.416904822737082, -3.977694214181053, -0.12013918344726626
355, -0.02316880226135254, -0.8307778835296631, 1.9967453479766846, 0.029746294021606445, -1.143412709236145, -0.01836419105529785, 0.0, -1.8703145346187793, -5.4168737687817625, -3.9788090535392784, -0.12013882516290497
356, -0.02320551872253418, -0.8226878643035889, 1.9836026430130005, 0.029718875885009766, -1.140682339668274, -0.01836419105529785, 0.0, -1.8705152253630157, -5.416808638140543, -3.980570616612739, -0.12013092907954803
357, -0.023183345794677734, -0.8122079372406006, 1.9669605493545532, 0.029718875885009766, -1.1381438970565796, -0.018336772918701172, 0.0, -1.8708047778534662, -5.416748689689089, -3.9827123436162495, -0.12014721591400779
358, -0.023227691650390625, -0.8069276809692383, 1.9588032960891724, 0.029727935791015625, -1.1379066705703735, -0.018355131149291992, 0.0, -1.8709633317782386, -5.416732105056642, -3.9837583164962433, -0.12016064094154633
359, -0.023220300674438477, -0.7995306849479675, 1.947418212890625, 0.029691457748413086, -1.1360985040664673, -0.01834583282470703, 0.0, -1.8711846347118652, -5.4166899606914365, -3.9852127911544075, -0.12015868034479826
360, -0.023220300674438477, -0.7933135032653809, 1.9376870393753052, 0.029700756072998047, -1.1336241960525513, -0.018318653106689453, 0.0, -1.871374574306327, -5.416649704496239, -3.9864526778682317, -0.1201590652495188
361, -0.02320551872253418, -0.7807759642601013, 1.9177852869033813, 0.029700756072998047, -1.1282552480697632, -0.018300294876098633, 0.0, -1.8718045650812767, -5.41659650249174, -3.9888884153237116, -0.12013159879757573
362, -0.023242473602294922, -0.7776787281036377, 1.9127918481826782, 0.029709815979003906, -1.1275702714920044, -0.018300294876098633, 0.0, -1.87191660742829, -5.416587191899426, -3.98949368797973, -0.12011587631939324
363, -0.023301362991333008, -0.7691607475280762, 1.8993536233901978, 0.029691457748413086, -1.124127984046936, -0.018327713012695312, 0.0, -1.8722140384739556, -5.41656539355246, -3.991087502391529, -0.12008370655660094
364, -0.02329397201538086, -0.761638343334198, 1.8875930309295654, 0.029700756072998047, -1.1202839612960815, -0.018318653106689453, 0.0, -1.8724670138627997, -5.416545694661113, -3.992481875206617, -0.1200746617505164
365, -0.023272037506103516, -0.7538430690765381, 1.875832438468933, 0.029691457748413086, -1.1181658506393433, -0.018281936645507812, 0.0, -1.8727080673585346, -5.416522008141445, -3.993849975829189, -0.12008834040642036
366, -0.023257017135620117, -0.7447054386138916, 1.8622024059295654, 0.029673337936401367, -1.1147598028182983, -0.018281936645507812, 0.0, -1.8729864454401242, -5.416482487289661, -3.995362918920138, -0.12013946987453483
367, -0.023301362991333008, -0.7376255393028259, 1.8518081903457642, 0.029664278030395508, -1.1123493909835815, -0.018254756927490234, 0.0, -1.8732054358729, -5.416446241162939, -3.9964627496343996, -0.12016182481376259
368, -0.023308753967285156, -0.7301547527313232, 1.841269850730896, 0.029673337936401367, -1.1110345125198364, -0.018263816833496094, 0.0, -1.8734342998228537, -5.416420407815385, -3.9975404471379914, -0.12021712313938338
369, -0.023264408111572266, -0.7214229106903076, 1.8287984132766724, 0.029664278030395508, -1.1101030111312866, -0.018263816833496094, 0.0, -1.8737209439313576, -5.416396056382832, -3.9987497610524705, -0.12025861031187013
370, -0.023242473602294922, -0.7126173973083496, 1.8160470724105835, 0.029645919799804688, -1.1073092222213745, -0.018245458602905273, 0.0, -1.8740033888744319, -5.416365369274894, -3.9999342280574215, -0.12029674569148519
371, -0.023272037506103516, -0.7011420130729675, 1.7997246980667114, 0.029654979705810547, -1.1041408777236938, -0.018218040466308594, 0.0, -1.8743427025857178, -5.416320919740425, -4.001430786594355, -0.12032465184943142
372, -0.023301362991333008, -0.6933984756469727, 1.788715124130249, 0.029664278030395508, -1.1025885343551636, -0.018236398696899414, 0.0, -1.8745684901399047, -5.416290808472717, -4.002417237400244, -0.12031973439521071
373, -0.023272037506103516, -0.6841208338737488, 1.7758439779281616, 0.029636859893798828, -1.1020406484603882, -0.018208980560302734, 0.0, -1.8748343912492462, -5.416277558977219, -4.003519415446143, -0.12029876085663016
374, -0.023220300674438477, -0.673146665096283, 1.760759949684143, 0.029627561569213867, -1.0981415510177612, -0.018208980560302734, 0.0, -1.8751512564602604, -5.416257916235445, -4.004706592552602, -0.12026653870458581
375, -0.023257017135620117, -0.6631684303283691, 1.747193694114685, 0.029645919799804688, -1.0937405824661255, -0.018190622329711914, 0.0, -1.8754413631991156, -5.416228093022363, -4.0056685813349695, -0.12025316531978358
376, -0.023242473602294922, -0.6526665687561035, 1.7332441806793213, 0.029627561569213867, -1.09064519405365, -0.018218040466308594, 0.0, -1.8757346576859102, -5.416202713504778, -4.006558116964041, -0.12026968749724087
377, -0.023235082626342773, -0.6418108940124512, 1.7191507816314697, 0.029618501663208008, -1.0872305631637573, -0.018190622329711914, 0.0, -1.8760405309980968, -5.416184918211955, -4.007385401887283, -0.12029339698217356
378, -0.023272037506103516, -0.6306009292602539, 1.7046736478805542, 0.029618501663208008, -1.0840529203414917, -0.018190622329711914, 0.0, -1.8763280777735267, -5.4161599306344925, -4.008150112840827, -0.12029704833113275
379, -0.023308753967285156, -0.6191403865814209, 1.690348505973816, 0.029627561569213867, -1.0825644731521606, -0.018199682235717773, 0.0, -1.8766234703940574, -5.416143301961064, -4.008850286579102, -0.1203184659617147
380, -0.023235082626342773, -0.6074512004852295, 1.6758557558059692, 0.029591083526611328, -1.0799163579940796, -0.018208980560302734, 0.0, -1.8769199560160916, -5.416119480481474, -4.009489654441659, -0.12036226022972052
381, -0.023235082626342773, -0.5926496982574463, 1.6569045782089233, 0.029591083526611328, -1.0760451555252075, -0.018199682235717773, 0.0, -1.8773258615363921, -5.416078923719632, -4.010207108258457, -0.12033719078154093
382, -0.023257017135620117, -0.5854737758636475, 1.6456395387649536, 0.029600143432617188, -1.0697449445724487, -0.018172264099121094, 0.0, -1.8775984431529356, -5.416073877684458, -4.010648334055466, -0.12038228494070413
383, -0.02319812774658203, -0.5785267353057861, 1.6307790279388428, 0.02956366539001465, -1.056075930595398, -0.018190622329711914, 0.0, -1.8778722312103249, -5.416066528538174, -4.011535999150871, -0.12042772913481237
384, -0.023190736770629883, -0.5748317241668701, 1.6151355504989624, 0.029572725296020508, -1.0439776182174683, -0.018163204193115234, 0.0, -1.878118342465919, -5.4160128421846805, -4.0126163751587605, -0.12049653391298243
385, -0.02324962615966797, -0.5711371898651123, 1.6012338399887085, 0.029545307159423828, -1.0380698442459106, -0.018181562423706055, 0.0, -1.8784675077418562, -5.415986310986097, -4.0131446680994545, -0.12051060404401515
386, -0.02324962615966797, -0.5613210201263428, 1.576969861984253, 0.02953624725341797, -1.0264374017715454, -0.018181562423706055, 0.0, -1.87901764723077, -5.415919532586766, -4.013428874235588, -0.12055249699253157
387, -0.023235082626342773, -0.555760383605957, 1.563811182975769, 0.029545307159423828, -1.0198904275894165, -0.018135786056518555, 0.0, -1.8793098628455622, -5.4158644721692895, -4.013525789829311, -0.12059159438821343
388, -0.02319812774658203, -0.5479798316955566, 1.5474727153778076, 0.02953624725341797, -1.0127135515213013, -0.018163204193115234, 0.0, -1.8796575058320166, -5.415818526675102, -4.01365036696682, -0.12062513599387525
389, -0.023264408111572266, -0.5065329074859619, 1.4801052808761597, 0.02952718734741211, -0.979824423789978, -0.018163204193115234, 0.0, -1.8806715710230377, -5.415783657529443, -4.013348249248552, -0.12049067450756556
390, -0.023367643356323242, -0.4898655414581299, 1.4558652639389038, 0.02950882911682129, -0.9693056344985962, -0.018172264099121094, 0.0, -1.880887555474155, -5.415774557004091, -4.012897178851368, -0.12038665344541943
391, -0.023404598236083984, -0.48030757904052734, 1.4421952962875366, 0.02951788902282715, -0.9619187116622925, -0.018172264099121094, 0.0, -1.8809656711805494, -5.415789543693407, -4.012618700011652, -0.12038693332546213
392, -0.023367643356323242, -0.4679105281829834, 1.4241710901260376, 0.02950882911682129, -0.9532080888748169, -0.018135786056518555, 0.0, -1.8810867876953605, -5.415821804122167, -4.012182769401135, -0.1204206662494327
393, -0.02338266372680664, -0.46080851554870605, 1.4139684438705444, 0.02950882911682129, -0.9492908716201782, -0.018172264099121094, 0.0, -1.8811400752084593, -5.415818957739339, -4.011899361988817, -0.1204373617327743
394, -0.023530006408691406, -0.4260725975036621, 1.3640581369400024, 0.02950882911682129, -0.9288376569747925, -0.018154144287109375, 0.0, -1.8812469447649036, -5.415923964206509, -4.010444586580756, -0.12037693298513474
395, -0.023625850677490234, -0.4169793128967285, 1.3512989282608032, 0.02950882911682129, -0.9228662252426147, -0.018172264099121094, 0.0, -1.881261601105193, -5.415929820243976, -4.010031910141618, -0.12035248786162
396, -0.02359628677368164, -0.4091767966747284, 1.3405050039291382, 0.02950882911682129, -0.9189947843551636, -0.018126726150512695, 0.0, -1.881276538300786, -5.415936982663074, -4.009686530813848, -0.12032502135496781
397, -0.023662805557250977, -0.3952012062072754, 1.3207151889801025, 0.02948141098022461, -0.9123109579086304, -0.018144845962524414, 0.0, -1.8813230705625321, -5.415976027119091, -4.009090687543086, -0.12029816687381256
398, -0.023920774459838867, -0.3674788475036621, 1.279617190361023, 0.02946329116821289, -0.8918029069900513, -0.018108367919921875, 0.0, -1.8814685708077143, -5.41599640710041, -4.008031225961168, -0.12021118148766696
399, -0.024252653121948242, -0.3625156879425049, 1.2734493017196655, 0.02944493293762207, -0.8884521722793579, -0.018126726150512695, 0.0, -1.8815228817962772, -5.415992134172146, -4.007843868568172, -0.12020418866805471
400, -0.025218963623046875, -0.34775829315185547, 1.2566235065460205, 0.029399394989013672, -0.8792754411697388, -0.018126726150512695, 0.0, -1.8819580403091323, -5.41596017760032, -4.007255597092305, -0.1203559124126663
401, -0.025661468505859375, -0.33687305450439453, 1.2431212663650513, 0.029371976852416992, -0.870829701423645, -0.018126726150512695, 0.0, -1.8825070766374217, -5.41588491346099, -4.006789805322188, -0.12074513132129017
402, -0.025292634963989258, -0.31417322158813477, 1.2163405418395996, 0.029344558715820312, -0.8575805425643921, -0.018044710159301758, 0.0, -1.884428070143228, -5.415755222912644, -4.005634012297616, -0.12198642686106265
403, -0.024164438247680664, -0.294083833694458, 1.1937782764434814, 0.029298782348632812, -0.8508056402206421, -0.018044710159301758, 0.0, -1.886859800283714, -5.415943165251822, -4.0046565396351586, -0.12302225458860239
404, -0.0235445499420166, -0.2908756732940674, 1.1903266906738281, 0.029289722442626953, -0.8500751256942749, -0.018053770065307617, 0.0, -1.8872625461465609, -5.416083659875035, -4.004522266348224, -0.12317858489992695
405, -0.02112579345703125, -0.2773871421813965, 1.176992416381836, 0.029308080673217773, -0.8448249101638794, -0.018144845962524414, 0.0, -1.8885995712174672, -5.4164341159925184, -4.004475753206269, -0.12450839825923321
406, -0.02077937126159668, -0.2748870849609375, 1.1745235919952393, 0.029280424118041992, -0.8433364629745483, -0.018135786056518555, 0.0, -1.8888651955486844, -5.416453644970961, -4.0044688512125655, -0.12468472186774449
407, -0.02033686637878418, -0.2723720073699951, 1.1716153621673584, 0.029308080673217773, -0.8411818742752075, -0.018154144287109375, 0.0, -1.8891463622630555, -5.416467100811535, -4.00450904175496, -0.12494046388953794
408, -0.019916296005249023, -0.2697908878326416, 1.168795108795166, 0.029298782348632812, -0.8392823934555054, -0.018199682235717773, 0.0, -1.8894730860498936, -5.41649786404012, -4.0046070532205, -0.12525151490329467
409, -0.019289493560791016, -0.26701807975769043, 1.1656792163848877, 0.029308080673217773, -0.8369723558425903, -0.018245458602905273, 0.0, -1.8898020657898358, -5.416528835358108, -4.004624278998279, -0.12558616656268828
410, -0.01904582977294922, -0.26587462425231934, 1.1646645069122314, 0.029317140579223633, -0.8366619348526001, -0.018236398696899414, 0.0, -1.8899470413994037, -5.4165710769828905, -4.004642218777213, -0.1256904734576052
411, -0.018876314163208008, -0.2644071578979492, 1.1631627082824707, 0.029353857040405273, -0.8364063501358032, -0.018300294876098633, 0.0, -1.890184150487133, -5.41660506050316, -4.004700338877203, -0.12577216634583
412, -0.018404483795166016, -0.2635002136230469, 1.1621558666229248, 0.029335498809814453, -0.8362785577774048, -0.01838231086730957, 0.0, -1.8903983914610918, -5.416598806161697, -4.00481677895961, -0.12604966250280736
413, -0.018131494522094727, -0.26285839080810547, 1.1612610816955566, 0.029362916946411133, -0.8358949422836304, -0.01840066909790039, 0.0, -1.8906733632266817, -5.4165824742556845, -4.0049032276504635, -0.12627471801742995
414, -0.018138885498046875, -0.2626152038574219, 1.1609654426574707, 0.02938103675842285, -0.8355754613876343, -0.01842808723449707, 0.0, -1.890847963093579, -5.416636478523253, -4.004952018105034, -0.12620518141427084
415, -0.01812434196472168, -0.2624528408050537, 1.1607258319854736, 0.02945423126220703, -0.8351553678512573, -0.01844620704650879, 0.0, -1.8910013838935706, -5.416671232530476, -4.0049569845874435, -0.12614264259636432
416, -0.018101930618286133, -0.2624382972717285, 1.1606857776641846, 0.02948141098022461, -0.8350731134414673, -0.01842808723449707, 0.0, -1.8910799590569787, -5.416697530532409, -4.004960281014065, -0.12618354906434082
417, -0.018043041229248047, -0.26243066787719727, 1.160653829574585, 0.02948141098022461, -0.8350001573562622, -0.01845526695251465, 0.0, -1.8911426981906427, -5.41671387619203, -4.004958681913341, -0.12626782317522522
418, -0.017976760864257812, -0.26244568824768066, 1.1606698036193848, 0.02949070930480957, -0.8349727392196655, -0.018482685089111328, 0.0, -1.8912645827122416, -5.416730059350819, -4.004944815105901, -0.12632381023304085
419, -0.017961978912353516, -0.26246023178100586, 1.1606857776641846, 0.02952718734741211, -0.8350092172622681, -0.01849198341369629, 0.0, -1.8913708668382934, -5.416754479786606, -4.004932027189724, -0.12632932028277466
420, -0.017940044403076172, -0.2624971866607666, 1.1607098579406738, 0.02951788902282715, -0.8351095914840698, -0.018482685089111328, 0.0, -1.891453000880524, -5.416780210636878, -4.004921990845604, -0.12632439757604086
421, -0.017917633056640625, -0.2626152038574219, 1.1611173152923584, 0.02953624725341797, -0.8369542360305786, -0.01851034164428711, 0.0, -1.89155863245824, -5.4168332310468665, -4.00492045083719, -0.1263371954659558
422, -0.017880678176879883, -0.2628142833709717, 1.161604642868042, 0.02952718734741211, -0.8370181322097778, -0.01850104331970215, 0.0, -1.8916119105546834, -5.416872295962816, -4.004925913174512, -0.12633663052093436
423, -0.01781439781188965, -0.2642080783843994, 1.164081335067749, 0.029554367065429688, -0.8392823934555054, -0.01851034164428711, 0.0, -1.8916013363672803, -5.417034306938033, -4.004896799539062, -0.12635051441023837
424, -0.017792463302612305, -0.26411962509155273, 1.1641693115234375, 0.02953624725341797, -0.8393737077713013, -0.01850104331970215, 0.0, -1.891543698171775, -5.417036253335386, -4.004890437530515, -0.1263487742423175
425, -0.017821788787841797, -0.2642228603363037, 1.1644330024719238, 0.02956366539001465, -0.8393737077713013, -0.018555879592895508, 0.0, -1.8914860453100593, -5.417048606278986, -4.004908408815532, -0.1262823097750898
426, -0.01781439781188965, -0.26421570777893066, 1.1644330024719238, 0.02956366539001465, -0.8393737077713013, -0.01856517791748047, 0.0, -1.8915273000785602, -5.417070209411956, -4.004914062676764, -0.12628578258090695
427, -0.017792463302612305, -0.2642524242401123, 1.1644487380981445, 0.02956366539001465, -0.8393737077713013, -0.018555879592895508, 0.0, -1.8914865193762267, -5.417071942021339, -4.004907698260697, -0.12626835958242744
428, -0.017696380615234375, -0.2642524242401123, 1.1644728183746338, 0.029572725296020508, -0.8393646478652954, -0.018610715866088867, 0.0, -1.8915326712422678, -5.4171300650347565, -4.004923618636717, -0.12631859132990986
429, -0.01763010025024414, -0.26425957679748535, 1.1644649505615234, 0.029581785202026367, -0.8393555879592896, -0.018601655960083008, 0.0, -1.8915257699371453, -5.417111541647148, -4.004921319683958, -0.12633831944331142
430, -0.0175931453704834, -0.26427459716796875, 1.1644649505615234, 0.029581785202026367, -0.8393737077713013, -0.018583297729492188, 0.0, -1.8915716712466641, -5.417146225579561, -4.004936253032471, -0.12636413043624195
431, -0.017526865005493164, -0.26428937911987305, 1.1644649505615234, 0.02956366539001465, -0.839401125907898, -0.018619775772094727, 0.0, -1.8915360596975017, -5.417141485534906, -4.004932518153874, -0.1263755674915208
432, -0.017482519149780273, -0.26428937911987305, 1.1644649505615234, 0.029572725296020508, -0.8393555879592896, -0.018629074096679688, 0.0, -1.8915710701977364, -5.417171218085737, -4.004943591328861, -0.12640094739329477
433, -0.01745319366455078, -0.26428937911987305, 1.1644649505615234, 0.029591083526611328, -0.8393737077713013, -0.018647193908691406, 0.0, -1.8915327930004384, -5.417158510453904, -4.00493577302326, -0.12639214299126156
434, -0.01741623878479004, -0.2642819881439209, 1.1644649505615234, 0.029591083526611328, -0.8393737077713013, -0.018665552139282227, 0.0, -1.891563703444272, -5.417186254925951, -4.004944672280574, -0.12641396085170875
435, -0.01735711097717285, -0.2642819881439209, 1.1644649505615234, 0.029591083526611328, -0.8393646478652954, -0.018665552139282227, 0.0, -1.8915408440960388, -5.41717403522382, -4.0049414678294575, -0.12642057892994618
436, -0.017342567443847656, -0.2642965316772461, 1.1644728183746338, 0.029581785202026367, -0.8393737077713013, -0.018656253814697266, 0.0, -1.8915794940884252, -5.4171949473962, -4.004953009014339, -0.12644173509711898
437, -0.01732778549194336, -0.2643113136291504, 1.1644728183746338, 0.029600143432617188, -0.8393737077713013, -0.018674612045288086, 0.0, -1.8915801307561073, -5.417206944362607, -4.004952964709224, -0.126457559300178
438, -0.01728343963623047, -0.26431870460510254, 1.1644728183746338, 0.029591083526611328, -0.8393646478652954, -0.018702030181884766, 0.0, -1.8915641015731475, -5.41719404716518, -4.004952549467965, -0.1264612030463521
439, -0.01723194122314453, -0.2643113136291504, 1.1644806861877441, 0.02960944175720215, -0.8393737077713013, -0.018711090087890625, 0.0, -1.8915729520712197, -5.417222995643925, -4.004957777459433, -0.1264669960363518
440, -0.017209529876708984, -0.2643113136291504, 1.1644649505615234, 0.029600143432617188, -0.8393646478652954, -0.018720149993896484, 0.0, -1.8915625073341342, -5.417215715265516, -4.004956936529838, -0.12648528159383243
441, -0.01718759536743164, -0.2643263339996338, 1.1644806861877441, 0.029591083526611328, -0.8394104242324829, -0.018747568130493164, 0.0, -1.8915886316461181, -5.417243153786737, -4.004965791008112, -0.12648754981310617
442, -0.0171506404876709, -0.2643263339996338, 1.1644649505615234, 0.029591083526611328, -0.839401125907898, -0.018802404403686523, 0.0, -1.891573815730084, -5.417238756675132, -4.004965039437872, -0.12650590972905373
443, -0.017128705978393555, -0.26431870460510254, 1.1644728183746338, 0.02960944175720215, -0.8393737077713013, -0.018820762634277344, 0.0, -1.8916003705471396, -5.417250455319338, -4.004974254925433, -0.12650540429307444
444, -0.017113924026489258, -0.2643263339996338, 1.1644728183746338, 0.02960944175720215, -0.8393646478652954, -0.018829822540283203, 0.0, -1.891567894022149, -5.417254238501595, -4.004965347047999, -0.1265024446405434
445, -0.01710653305053711, -0.264340877532959, 1.1644649505615234, 0.029591083526611328, -0.8393920660018921, -0.018839120864868164, 0.0, -1.8915911133019168, -5.417260948315134, -4.004975480148801, -0.12651989738839298
446, -0.017084360122680664, -0.2643556594848633, 1.1644649505615234, 0.029618501663208008, -0.839401125907898, -0.018829822540283203, 0.0, -1.8915832383218163, -5.417269699814229, -4.004974614020864, -0.12651894560483168
447, -0.017069578170776367, -0.26433348655700684, 1.1644728183746338, 0.029618501663208008, -0.8393646478652954, -0.018857240676879883, 0.0, -1.8915925356097771, -5.417263952571512, -4.004976108848591, -0.12653366931070043
448, -0.01706218719482422, -0.264340877532959, 1.1644649505615234, 0.029627561569213867, -0.8393920660018921, -0.018857240676879883, 0.0, -1.891568514244387, -5.417266723772492, -4.004972669060819, -0.12651727998346196
449, -0.017040014266967773, -0.26434826850891113, 1.1644649505615234, 0.029618501663208008, -0.8393737077713013, -0.018875598907470703, 0.0, -1.8915833251766268, -5.417258533600809, -4.004978540854238, -0.12653097734646934
450, -0.017040014266967773, -0.2643702030181885, 1.1644728183746338, 0.029627561569213867, -0.8393372297286987, -0.018848180770874023, 0.0, -1.8915673161012463, -5.4172709251985545, -4.004974771223318, -0.12653073206597654
451, -0.017025232315063477, -0.26436305046081543, 1.1644728183746338, 0.029627561569213867, -0.839401125907898, -0.018875598907470703, 0.0, -1.8915861202243667, -5.417272692387139, -4.004984006076469, -0.12655631265783107
452, -0.016988277435302734, -0.2643702030181885, 1.1644728183746338, 0.029645919799804688, -0.8394104242324829, -0.018912076950073242, 0.0, -1.891584046363275, -5.417279724079298, -4.004979565999947, -0.12657296987970668
453, -0.016995906829833984, -0.2643702030181885, 1.1644649505615234, 0.029636859893798828, -0.8393646478652954, -0.018912076950073242, 0.0, -1.891590001505251, -5.417280820420523, -4.004982775900471, -0.12658146951481797
454, -0.016981124877929688, -0.2643556594848633, 1.1644649505615234, 0.029645919799804688, -0.8393920660018921, -0.0189211368560791, 0.0, -1.8915836751879624, -5.417288028755557, -4.004981977271338, -0.12656919982645487
455, -0.01696634292602539, -0.2643778324127197, 1.1644806861877441, 0.029636859893798828, -0.8393920660018921, -0.01894855499267578, 0.0, -1.891559512541321, -5.417299302084811, -4.0049723701535695, -0.1265810233670619
456, -0.01697373390197754, -0.2643852233886719, 1.1644728183746338, 0.029636859893798828, -0.8393737077713013, -0.01894855499267578, 0.0, -1.8915745507392052, -5.417296992332345, -4.00498117435237, -0.12659822351053318
457, -0.016951560974121094, -0.26440000534057617, 1.1644728183746338, 0.029645919799804688, -0.8393737077713013, -0.01899409294128418, 0.0, -1.8915672944694817, -5.417298165073989, -4.004978444764386, -0.12658537382904012
458, -0.016944408416748047, -0.2643702030181885, 1.1644649505615234, 0.029645919799804688, -0.8393646478652954, -0.01899409294128418, 0.0, -1.8915621754530048, -5.417294726689177, -4.004974796675427, -0.12659861017175444
459, -0.016944408416748047, -0.264392614364624, 1.1644728183746338, 0.029664278030395508, -0.8393827676773071, -0.01902151107788086, 0.0, -1.8915791886166617, -5.41729255080301, -4.004984374312876, -0.1266056819257404
460, -0.01692938804626465, -0.2643852233886719, 1.1644728183746338, 0.029664278030395508, -0.8393827676773071, -0.01904892921447754, 0.0, -1.8915661559483352, -5.417295877123496, -4.004977897294966, -0.12661360890082474
461, -0.01692938804626465, -0.264392614364624, 1.1644728183746338, 0.029645919799804688, -0.8393920660018921, -0.01906728744506836, 0.0, -1.891593481048114, -5.417300643657444, -4.004987343070875, -0.12661631552766917
462, -0.01692938804626465, -0.2643852233886719, 1.1644649505615234, 0.029673337936401367, -0.8393646478652954, -0.01909470558166504, 0.0, -1.8915869198305715, -5.417296288958301, -4.004985037778892, -0.12662758881873692
463, -0.016907453536987305, -0.2643852233886719, 1.1644728183746338, 0.029673337936401367, -0.839401125907898, -0.01911306381225586, 0.0, -1.8915832972338664, -5.417285179679119, -4.004988459043633, -0.1266313293393928
464, -0.016900062561035156, -0.264392614364624, 1.1644728183746338, 0.029664278030395508, -0.8393737077713013, -0.019158601760864258, 0.0, -1.8915622242241272, -5.417284947831795, -4.004980820069544, -0.1266199892320019
465, -0.016907453536987305, -0.2643852233886719, 1.1644728183746338, 0.029691457748413086, -0.8393737077713013, -0.019140243530273438, 0.0, -1.8915803658770605, -5.417293679490191, -4.004989848502189, -0.12664012640803168
466, -0.016900062561035156, -0.26440000534057617, 1.1644728183746338, 0.029682397842407227, -0.8393920660018921, -0.019176721572875977, 0.0, -1.8915749562657624, -5.417288815065539, -4.004982887119424, -0.1266509835129641
467, -0.016892671585083008, -0.2644219398498535, 1.1644728183746338, 0.029682397842407227, -0.8393920660018921, -0.019158601760864258, 0.0, -1.8915768819757215, -5.41730327219367, -4.004981741517176, -0.1266433537529421
468, -0.016892671585083008, -0.264392614364624, 1.1644728183746338, 0.029682397842407227, -0.8393646478652954, -0.019176721572875977, 0.0, -1.8915794951173734, -5.417305193965407, -4.004985431182215, -0.12665119149820558
469, -0.01687765121459961, -0.26441454887390137, 1.1644728183746338, 0.029682397842407227, -0.8394104242324829, -0.019176721572875977, 0.0, -1.8915662911675792, -5.417295451648408, -4.0049826438956, -0.1266763110798319
470, -0.016855716705322266, -0.26441454887390137, 1.1644728183746338, 0.029700756072998047, -0.8393920660018921, -0.019222497940063477, 0.0, -1.8915809673153001, -5.417303765823292, -4.004985818257457, -0.12667870561885142
471, -0.016848325729370117, -0.264392614364624, 1.1644806861877441, 0.029691457748413086, -0.839401125907898, -0.019240617752075195, 0.0, -1.8915814198707173, -5.417304594144684, -4.004986807712858, -0.12667730014764
472, -0.016855716705322266, -0.2644071578979492, 1.1644887924194336, 0.029682397842407227, -0.8393920660018921, -0.019313573837280273, 0.0, -1.8915789982905837, -5.417323810394019, -4.004985997405781, -0.12666642106015402
473, -0.016833782196044922, -0.2644219398498535, 1.1644728183746338, 0.029700756072998047, -0.8394194841384888, -0.019313573837280273, 0.0, -1.8915796057707266, -5.41732989984026, -4.004987621713329, -0.1266446031800612
474, -0.016833782196044922, -0.2644219398498535, 1.1644806861877441, 0.029682397842407227, -0.8393920660018921, -0.019331932067871094, 0.0, -1.891583959091519, -5.417346307634555, -4.004982540032024, -0.1266485148335379
475, -0.016833782196044922, -0.26441454887390137, 1.1644728183746338, 0.029700756072998047, -0.8393920660018921, -0.019368648529052734, 0.0, -1.8915841251346623, -5.41734568991699, -4.004988715027025, -0.12665089428359444
476, -0.016833782196044922, -0.26441454887390137, 1.1644806861877441, 0.029691457748413086, -0.8393737077713013, -0.019386768341064453, 0.0, -1.8915950094031064, -5.417359178028871, -4.004986978340075, -0.12667526274538066
477, -0.016803979873657227, -0.2644369602203369, 1.1644806861877441, 0.029709815979003906, -0.839401125907898, -0.019423484802246094, 0.0, -1.8915907128263925, -5.417362108670778, -4.0049874897826765, -0.1266524038554202
478, -0.016818761825561523, -0.26441454887390137, 1.1644728183746338, 0.029691457748413086, -0.8393827676773071, -0.019414186477661133, 0.0, -1.89159725171733, -5.41737272770205, -4.004991901894756, -0.1266561963202868
479, -0.01679682731628418, -0.2644369602203369, 1.1644728183746338, 0.029737234115600586, -0.839401125907898, -0.019469022750854492, 0.0, -1.8915929534865, -5.41737795025718, -4.004983748994645, -0.1266397699209847
480, -0.01678943634033203, -0.26441454887390137, 1.1644728183746338, 0.029718875885009766, -0.8393737077713013, -0.01950550079345703, 0.0, -1.8915973101313677, -5.417372449522789, -4.004990646607109, -0.1266453767173017
481, -0.016782045364379883, -0.2644219398498535, 1.1644806861877441, 0.029737234115600586, -0.839401125907898, -0.01953291893005371, 0.0, -1.891596321289783, -5.4173833041516675, -4.004990962031701, -0.12666078452234153
482, -0.016782045364379883, -0.2644219398498535, 1.1644649505615234, 0.029727935791015625, -0.8393737077713013, -0.01954197883605957, 0.0, -1.891599632182322, -5.417371547672948, -4.00499364711085, -0.12668144242390156
483, -0.016759872436523438, -0.2644219398498535, 1.1644728183746338, 0.029727935791015625, -0.8393737077713013, -0.01957845687866211, 0.0, -1.891592391629181, -5.417377082077063, -4.004985109125297, -0.12669156306329032
484, -0.016759872436523438, -0.26441454887390137, 1.1644649505615234, 0.029718875885009766, -0.8393737077713013, -0.01957845687866211, 0.0, -1.8915920023861763, -5.417369910160419, -4.004991509603863, -0.1266764824320994
485, -0.016767024993896484, -0.26441454887390137, 1.1644728183746338, 0.029700756072998047, -0.8393920660018921, -0.01957845687866211, 0.0, -1.8916005082429492, -5.417367448142864, -4.004997317661246, -0.12667921147144057
486, -0.01675248146057129, -0.2644219398498535, 1.1644728183746338, 0.029755353927612305, -0.839401125907898, -0.019642353057861328, 0.0, -1.8915936396463358, -5.41739328869743, -4.004995702955146, -0.12670254647420176
487, -0.016730308532714844, -0.26442933082580566, 1.1644728183746338, 0.029755353927612305, -0.8393737077713013, -0.01963329315185547, 0.0, -1.8915961345042835, -5.417392734033628, -4.004998704400813, -0.1267083244014664
488, -0.0167081356048584, -0.26442933082580566, 1.1644728183746338, 0.029737234115600586, -0.8393827676773071, -0.01962423324584961, 0.0, -1.8915889682119622, -5.417411875004578, -4.004996434765143, -0.12670382564946792
489, -0.01670074462890625, -0.2644219398498535, 1.1644728183746338, 0.029746294021606445, -0.8393920660018921, -0.019642353057861328, 0.0, -1.8915787675684346, -5.41741262956136, -4.004995569420016, -0.12673222452719468
490, -0.01670074462890625, -0.26444411277770996, 1.1644728183746338, 0.029746294021606445, -0.8393737077713013, -0.01965165138244629, 0.0, -1.8915707263174069, -5.4174028922356365, -4.0049917828608885, -0.1267127863098514
491, -0.0166933536529541, -0.2645547389984131, 1.1656153202056885, 0.029755353927612305, -0.8372281789779663, -0.019724607467651367, 0.02215576171875, -1.8915815491207204, -5.417402815629915, -4.004993749395019, -0.12671342578589595
492, -0.016678810119628906, -0.2645914554595947, 1.1698098182678223, 0.029773712158203125, -0.8335939645767212, -0.020199298858642578, 0.052215576171875, -1.8916081936619278, -5.41739095374624, -4.004974597375655, -0.12670761766840943
493, -0.016995906829833984, -0.2628512382507324, 1.1750829219818115, 0.029810190200805664, -0.8305624723434448, -0.020509958267211914, 0.09297722816467285, -1.8916233785786205, -5.417393318770096, -4.005067146990803, -0.12668975006219796
494, -0.016892671585083008, -0.2613983154296875, 1.177727222442627, 0.029874086380004883, -0.8304802179336548, -0.02063775062561035, 0.10939640045166016, -1.891717244555712, -5.417482383418582, -4.005343182600457, -0.12680793856036132
495, -0.01661968231201172, -0.26246023178100586, 1.1785104274749756, 0.029910802841186523, -0.8322607278823853, -0.02064681053161621, 0.10952615737915039, -1.8917822470963164, -5.417519900413523, -4.005701189523202, -0.126941047266655
496, -0.016509056091308594, -0.2645106315612793, 1.1791255474090576, 0.029892444610595703, -0.832196831703186, -0.02068328857421875, 0.10866361618041992, -1.891820359096372, -5.4174993271404706, -4.005952091393029, -0.12695066158935298
497, -0.016553401947021484, -0.2671656608581543, 1.1810588836669922, 0.029928922653198242, -0.831539511680603, -0.02074718475341797, 0.10838115692138672, -1.891956883228397, -5.417539279878539, -4.0061396192774765, -0.12679409347244874
498, -0.016376256942749023, -0.2671213150024414, 1.1815943717956543, 0.029910802841186523, -0.8298321962356567, -0.020875215530395508, 0.12376218795776367, -1.892087535620758, -5.4175592297490915, -4.006088166765265, -0.1267221971534509
499, -0.016892671585083008, -0.2668039798736572, 1.1833758354187012, 0.030221223831176758, -0.8270562887191772, -0.021048545837402344, 0.16541683197021484, -1.8921089534925317, -5.417620849345275, -4.006178895517635, -0.1266994590039685
500, -0.017394065856933594, -0.2658970355987549, 1.183567762374878, 0.03064107894897461, -0.8266910314559937, -0.021121740341186523, 0.1906753158569336, -1.8920181153969415, -5.4176293660127675, -4.006169988273931, -0.1268821195988501
501, -0.017364501953125, -0.2651519775390625, 1.1821775436401367, 0.03223896026611328, -0.826490044593811, -0.021176576614379883, 0.2385283088684082, -1.891932301897672, -5.417675756102002, -4.006219910358207, -0.1274558941499846
502, -0.016958951950073242, -0.265277624130249, 1.1796448230743408, 0.032604217529296875, -0.8297315835952759, -0.02132248878479004, 0.2806563377380371, -1.8917902093961496, -5.41771912819452, -4.006269693687912, -0.12803950103548623
503, -0.015786409378051758, -0.2654397487640381, 1.1761293411254883, 0.03264975547790527, -0.8361779451370239, -0.021496057510375977, 0.2982280921936035, -1.8916383965278882, -5.417796168195339, -4.006288792548861, -0.12832541699342137
504, -0.010712385177612305, -0.2684340476989746, 1.1683955192565918, 0.03273200988769531, -0.8425697088241577, -0.021541595458984375, 0.327097053527832, -1.8913157830857819, -5.4180613313931385, -4.006217206813827, -0.12806928837358278
505, -0.008913040161132812, -0.27133965492248535, 1.1658470630645752, 0.03286910057067871, -0.8447426557540894, -0.021623849868774414, 0.3563782501220703, -1.8910273978393841, -5.418135961185232, -4.006087069719136, -0.1265983939190738
506, -0.009148836135864258, -0.2736775875091553, 1.1643528938293457, 0.03295111656188965, -0.8469616174697876, -0.021505117416381836, 0.3728126907348633, -1.890704117418018, -5.418260263889744, -4.006014613937033, -0.12413714174144097
507, -0.013500213623046875, -0.27546215057373047, 1.1656394004821777, 0.03292369842529297, -0.8461672067642212, -0.021742582321166992, 0.3754996109008789, -1.8901824903183368, -5.41812563825296, -4.005854790017066, -0.12053246432478293
508, -0.017600536346435547, -0.2752039432525635, 1.166102647781372, 0.03296017646789551, -0.8464957475662231, -0.02189779281616211, 0.3925065231323242, -1.889845326148486, -5.417884013509663, -4.0057514715031965, -0.11907691046474689
509, -0.019871950149536133, -0.2748870849609375, 1.1661505699157715, 0.03289651870727539, -0.846596360206604, -0.02190685272216797, 0.4143910217285156, -1.8894925464881185, -5.417578651806268, -4.005721204613031, -0.11957185277870597
510, -0.02011561393737793, -0.27462148666381836, 1.1668457984924316, 0.03274130821228027, -0.8468061685562134, -0.021687746047973633, 0.41847484588623046, -1.8890288544674159, -5.417212706959447, -4.005730600595163, -0.122040375668516
511, -0.019731998443603516, -0.2745182514190674, 1.1669814586639404, 0.032604217529296875, -0.8470255136489868, -0.021505117416381836, 0.42836761474609375, -1.8886658969916221, -5.417052846066824, -4.005717797881463, -0.12393334024607672
512, -0.019385337829589844, -0.2745993137359619, 1.166773796081543, 0.032576799392700195, -0.8502486944198608, -0.02141404151916504, 0.4399777603149414, -1.888354724786546, -5.417084515144501, -4.005651402319352, -0.12492417065413886
513, -0.018846988677978516, -0.2746584415435791, 1.1663663387298584, 0.03255867958068848, -0.8526409864425659, -0.0214231014251709, 0.4399090576171875, -1.8881914695578172, -5.417258282672063, -4.005581627413499, -0.12488924251651135
514, -0.01802825927734375, -0.2746584415435791, 1.1663422584533691, 0.03255867958068848, -0.8549784421920776, -0.0214231014251709, 0.44000064849853515, -1.8880452307184838, -5.417523719518345, -4.005544173565291, -0.12410899331904002
515, -0.021273374557495117, -0.2746288776397705, 1.167229175567627, 0.032586097717285156, -0.8549326658248901, -0.021432161331176758, 0.4789227294921875, -1.8875763803662562, -5.417781678096361, -4.00555415691441, -0.11902695191253887
516, -0.02223944664001465, -0.2745845317840576, 1.1672132015228271, 0.03254961967468262, -0.8548871278762817, -0.02134084701538086, 0.49435718536376955, -1.8875095490154465, -5.417545565310984, -4.005577221399278, -0.11974543613878552
517, -0.021951913833618164, -0.27451086044311523, 1.167349100112915, 0.03249478340148926, -0.8551520109176636, -0.02132248878479004, 0.4947616958618164, -1.8874546984519271, -5.417359893962087, -4.005623153984216, -0.12129829398110292
518, -0.021088838577270508, -0.2745699882507324, 1.1673650741577148, 0.03245806694030762, -0.8550788164138794, -0.02126765251159668, 0.4996775436401367, -1.8873324377434373, -5.417350876829333, -4.005633583397607, -0.12263752698407515
519, -0.020580053329467773, -0.27460694313049316, 1.1673729419708252, 0.0324399471282959, -0.8552979230880737, -0.02127695083618164, 0.5188675689697265, -1.8872674665325242, -5.417464206614914, -4.005635668226275, -0.12271531045007666
520, -0.019997596740722656, -0.2745993137359619, 1.1673171520233154, 0.0324399471282959, -0.8554714918136597, -0.02125859260559082, 0.5264779281616211, -1.887243627303079, -5.417611123574792, -4.0056437892064825, -0.12237351858156131
521, -0.019503355026245117, -0.27457714080810547, 1.1673569679260254, 0.03244900703430176, -0.855361819267273, -0.02129507064819336, 0.5260275650024414, -1.8872565422630583, -5.417749135150685, -4.005643939185627, -0.12183775249438966
522, -0.019245147705078125, -0.2744889259338379, 1.167548656463623, 0.03246736526489258, -0.8551794290542603, -0.02126765251159668, 0.5325997924804687, -1.8872770490792592, -5.417854265973701, -4.005660150778284, -0.12117831504856369
523, -0.019827842712402344, -0.27442240715026855, 1.1677725315093994, 0.03244900703430176, -0.855270504951477, -0.0212860107421875, 0.5461412048339844, -1.8872821307969925, -5.417870708340148, -4.005705637555361, -0.12027796536359592
524, -0.020756959915161133, -0.2743856906890869, 1.167804479598999, 0.0324399471282959, -0.8552159070968628, -0.0212860107421875, 0.5456679534912109, -1.8872771002150743, -5.417803301566167, -4.00575178838318, -0.11993560918292978
525, -0.02133965492248535, -0.2743856906890869, 1.1678204536437988, 0.03241252899169922, -0.8552340269088745, -0.02127695083618164, 0.5456832122802734, -1.8872909518412673, -5.417710488665357, -4.005784247400134, -0.1199576359597172
526, -0.021494626998901367, -0.27440762519836426, 1.1678285598754883, 0.0323941707611084, -0.8550971746444702, -0.02125859260559082, 0.5501639938354492, -1.8873009478424052, -5.417633002052382, -4.005807553015162, -0.12030208360005012
527, -0.021450281143188477, -0.2744002342224121, 1.1679322719573975, 0.03242158889770508, -0.8551245927810669, -0.02126765251159668, 0.5663312149047851, -1.88730850018668, -5.4175761372547875, -4.0058373691437374, -0.12075876576414224
528, -0.021273374557495117, -0.2743706703186035, 1.1679801940917969, 0.03240323066711426, -0.8552249670028687, -0.021213054656982422, 0.5747430419921875, -1.887317733950795, -5.417569791184836, -4.00586551794347, -0.12110246902867505
529, -0.021059513092041016, -0.2744002342224121, 1.1679720878601074, 0.03236675262451172, -0.8551245927810669, -0.02125859260559082, 0.5759185409545898, -1.887322517200717, -5.41763607438746, -4.005909321415867, -0.1214050651524019
530, -0.02068328857421875, -0.27442240715026855, 1.1679322719573975, 0.03236675262451172, -0.8551610708236694, -0.021213054656982422, 0.5763842010498047, -1.8873365810049405, -5.417777037252147, -4.005925626428484, -0.1214550743211813
531, -0.020403146743774414, -0.27439284324645996, 1.167924404144287, 0.03237581253051758, -0.8551520109176636, -0.02120375633239746, 0.5870402526855468, -1.88736370674087, -5.41789773659991, -4.005936787073964, -0.12133641406204365
532, -0.02006387710571289, -0.2743558883666992, 1.167924404144287, 0.03236675262451172, -0.8550697565078735, -0.02123117446899414, 0.6084515380859375, -1.8874039704415058, -5.418016117185736, -4.00595200895198, -0.12115571315680285
533, -0.019702434539794922, -0.27436327934265137, 1.1680281162261963, 0.03237581253051758, -0.8550971746444702, -0.02124953269958496, 0.6388472366333008, -1.8874502332698009, -5.418122807025303, -4.005964274973834, -0.12099693449933024
534, -0.019525527954101562, -0.2743706703186035, 1.168044090270996, 0.03238511085510254, -0.8551520109176636, -0.02123117446899414, 0.6522817993164063, -1.8874846030859072, -5.418169461141451, -4.005977680961083, -0.12092261704829355
535, -0.019606590270996094, -0.27434873580932617, 1.168020248413086, 0.03237581253051758, -0.8550330400466919, -0.021185636520385742, 0.6643727874755859, -1.8875223456537327, -5.41816812448818, -4.005984654286481, -0.12083722714513989
536, -0.01987934112548828, -0.27436327934265137, 1.168044090270996, 0.03236675262451172, -0.8549875020980835, -0.021213054656982422, 0.6881580352783203, -1.8875541600609476, -5.418128468944837, -4.005994887373441, -0.1208228981734134
537, -0.02011561393737793, -0.27437829971313477, 1.168044090270996, 0.03233933448791504, -0.8551062345504761, -0.02124953269958496, 0.7290723419189453, -1.8875731829398734, -5.4180512174948365, -4.006024345530875, -0.12091082388454488
538, -0.020189285278320312, -0.2743856906890869, 1.1679720878601074, 0.03235769271850586, -0.8551701307296753, -0.02120375633239746, 0.7559491729736328, -1.8875836610571108, -5.417989435897528, -4.006050973622712, -0.12108497338056434
539, -0.0202333927154541, -0.2743856906890869, 1.167964220046997, 0.03233933448791504, -0.8551610708236694, -0.021185636520385742, 0.7674219512939453, -1.8875930550655173, -5.4179623391231235, -4.006061816551725, -0.12114871663825078
540, -0.02024078369140625, -0.2743558883666992, 1.1679961681365967, 0.0323486328125, -0.8551062345504761, -0.0211946964263916, 0.8003441619873047, -1.8876314142423416, -5.417941949372143, -4.006094189468325, -0.12119071699566675
541, -0.020226240158081055, -0.2743706703186035, 1.1679720878601074, 0.03233933448791504, -0.8549875020980835, -0.02120375633239746, 0.8247935485839843, -1.8876488200178065, -5.417960522503346, -4.006114807442121, -0.12113533190387749
542, -0.020034313201904297, -0.2743706703186035, 1.1679801940917969, 0.0323486328125, -0.8550149202346802, -0.021213054656982422, 0.8753562927246094, -1.887686992108578, -5.418027575932118, -4.006140882649399, -0.1209247675438645
543, -0.020004987716674805, -0.274341344833374, 1.168004035949707, 0.0323486328125, -0.8550697565078735, -0.021213054656982422, 0.8980728149414062, -1.887728316805036, -5.418089599569678, -4.00614552841268, -0.12077346303761338
544, -0.02010059356689453, -0.27434873580932617, 1.1679883003234863, 0.03233027458190918, -0.8550423383712769, -0.021176576614379883, 0.9193161773681641, -1.8877859268369714, -5.418157724718067, -4.006156277359457, -0.12066731878728021
545, -0.02006387710571289, -0.27434873580932617, 1.1680920124053955, 0.0323486328125, -0.8554166555404663, -0.02126765251159668, 0.9487424468994141, -1.8878369201808107, -5.418231039344203, -4.006182739861956, -0.1207866630031349
546, -0.019857406616210938, -0.2743265628814697, 1.168020248413086, 0.0323486328125, -0.8550878763198853, -0.021103382110595703, 0.9563604736328125, -1.8878934964411378, -5.418304594789536, -4.006203835118799, -0.12102782751165186
547, -0.019687652587890625, -0.274341344833374, 1.168020248413086, 0.03233933448791504, -0.855023980140686, -0.021094322204589844, 0.956612319946289, -1.8879405812378618, -5.4183753076697325, -4.006215021291272, -0.12124677227823089
548, -0.019613981246948242, -0.274341344833374, 1.168004035949707, 0.03237581253051758, -0.8549326658248901, -0.021140098571777344, 0.9566581726074219, -1.8879877830741245, -5.418454552876574, -4.006223111680656, -0.12135683591176605
549, -0.019562482833862305, -0.274341344833374, 1.1679883003234863, 0.03233027458190918, -0.85486900806427, -0.021140098571777344, 0.9566352081298828, -1.8880438920239506, -5.4185736474642825, -4.006230779512709, -0.12124650454475638
550, -0.01943683624267578, -0.2743558883666992, 1.1679883003234863, 0.03233933448791504, -0.85486900806427, -0.021121740341186523, 0.9566429138183594, -1.8879623744183887, -5.418476217557033, -4.006203349239234, -0.12117409779364063
551, -0.0193483829498291, -0.27434873580932617, 1.1679883003234863, 0.03232121467590332, -0.85486900806427, -0.021094322204589844, 0.9566429138183594, -1.8880015535613197, -5.4185051074602475, -4.006211319661318, -0.12104085524729413
552, -0.019459009170532227, -0.2743339538574219, 1.168020248413086, 0.03233933448791504, -0.8549145460128784, -0.021103382110595703, 0.9566505432128907, -1.8880381651805969, -5.418538546171309, -4.006223739116996, -0.12098349258588037
553, -0.019695043563842773, -0.274341344833374, 1.168004035949707, 0.03233933448791504, -0.85486900806427, -0.021103382110595703, 0.9566429138183594, -1.8879866179902998, -5.418415092350556, -4.006221030624365, -0.1209530115962858
554, -0.019724607467651367, -0.2743339538574219, 1.168004035949707, 0.03233027458190918, -0.85486900806427, -0.021075963973999023, 0.9566581726074219, -1.8880999710748134, -5.418413833769002, -4.006269267693702, -0.121024229098456
555, -0.01971721649169922, -0.2743265628814697, 1.168004035949707, 0.0323486328125, -0.8548415899276733, -0.021075963973999023, 0.9566581726074219, -1.888052957555239, -5.418376424938893, -4.006246054030305, -0.12097283008899229
556, -0.019695043563842773, -0.2743265628814697, 1.1680121421813965, 0.03233027458190918, -0.8548506498336792, -0.021094322204589844, 0.9566505432128907, -1.8880781513353497, -5.418421523292513, -4.006252534310746, -0.12094782932590853
557, -0.01965808868408203, -0.27431178092956543, 1.168004035949707, 0.0323486328125, -0.8548506498336792, -0.021075963973999023, 0.9566734313964844, -1.8880837946358688, -5.418470884166423, -4.006247608349221, -0.1210060474645136
558, -0.01958441734313965, -0.2743339538574219, 1.168004035949707, 0.03233027458190918, -0.8548506498336792, -0.021121740341186523, 0.9566657257080078, -1.888080900109821, -5.41849324479816, -4.00624376528325, -0.1211287525338065
559, -0.019429445266723633, -0.2743189334869385, 1.168004035949707, 0.03235769271850586, -0.8548232316970825, -0.021121740341186523, 0.9566657257080078, -1.8881329104624653, -5.418584551291243, -4.006260546730493, -0.12125949662293856
560, -0.019259929656982422, -0.2743043899536133, 1.168004035949707, 0.03233933448791504, -0.8548780679702759, -0.021112680435180664, 0.9566581726074219, -1.8881301025938861, -5.418577864334284, -4.006254593357502, -0.12132770184937591
561, -0.019097566604614258, -0.2743043899536133, 1.1680121421813965, 0.03233933448791504, -0.85486900806427, -0.021094322204589844, 0.9566810607910157, -1.8881744474620163, -5.418635726915931, -4.006270936240744, -0.12131107476958203
562, -0.019031286239624023, -0.27431178092956543, 1.1679961681365967, 0.03233933448791504, -0.8548322916030884, -0.021112680435180664, 0.9566734313964844, -1.8881904425936857, -5.418657161130653, -4.006288913460145, -0.12129098182633324
563, -0.01900935173034668, -0.27431178092956543, 1.1679961681365967, 0.03233027458190918, -0.8548597097396851, -0.021103382110595703, 0.9566963195800782, -1.8881970817841625, -5.41864930107113, -4.006293787063316, -0.12124669197198568
564, -0.01900935173034668, -0.27429699897766113, 1.1679961681365967, 0.03233933448791504, -0.85486900806427, -0.021112680435180664, 0.9566734313964844, -1.8882454659447574, -5.418680842942626, -4.006322181157958, -0.12132083852830089
565, -0.018986940383911133, -0.2742750644683838, 1.1679961681365967, 0.03236675262451172, -0.8548506498336792, -0.021112680435180664, 0.9566886901855469, -1.8882634030708576, -5.418688040812773, -4.006322219704056, -0.12134708869080324
566, -0.01895761489868164, -0.274289608001709, 1.1679961681365967, 0.03232121467590332, -0.8548322916030884, -0.021103382110595703, 0.9566886901855469, -1.8882712647729512, -5.418703112078901, -4.00632874437984, -0.12135066547799411
567, -0.018935203552246094, -0.274289608001709, 1.1679961681365967, 0.03233933448791504, -0.8548322916030884, -0.021103382110595703, 0.9566810607910157, -1.8882540777766064, -5.4186786485731915, -4.006325842854725, -0.12132965799511641
568, -0.018935203552246094, -0.2743043899536133, 1.1679961681365967, 0.03233027458190918, -0.8548506498336792, -0.021121740341186523, 0.9510247802734375, -1.8882790434243146, -5.418704714726663, -4.006333728389542, -0.1212779689346144
569, -0.018942832946777344, -0.27428221702575684, 1.1679961681365967, 0.03233027458190918, -0.8547500371932983, -0.021121740341186523, 0.938345947265625, -1.8882754387501013, -5.418685667870289, -4.006327137907182, -0.12126593730821522
570, -0.018942832946777344, -0.27428221702575684, 1.168004035949707, 0.03233027458190918, -0.8548141717910767, -0.021121740341186523, 0.9080953979492188, -1.8882933981420704, -5.4186870079772635, -4.0063326141338855, -0.12128452796971168
571, -0.018935203552246094, -0.27426767349243164, 1.167964220046997, 0.03233027458190918, -0.8547135591506958, -0.021075963973999023, 0.8972179412841796, -1.8883214876562318, -5.418709172510891, -4.00634113619618, -0.12130595192515425
572, -0.018883943557739258, -0.27425265312194824, 1.168004035949707, 0.03233027458190918, -0.8546770811080933, -0.021121740341186523, 0.8814704895019532, -1.8883164613412908, -5.418699175689871, -4.006337293553777, -0.12134518564922914
573, -0.018854379653930664, -0.2742600440979004, 1.1679961681365967, 0.03232121467590332, -0.8546406030654907, -0.021103382110595703, 0.8476551818847656, -1.8883480505723904, -5.418710026283776, -4.006350423910388, -0.12133119106802148
574, -0.018839597702026367, -0.2742307186126709, 1.167924404144287, 0.03233933448791504, -0.8546315431594849, -0.021085262298583984, 0.8036875915527344, -1.8883406758129975, -5.418707244353968, -4.006338951733551, -0.12130181034744325
575, -0.01883220672607422, -0.2742159366607666, 1.1680681705474854, 0.03233933448791504, -0.8548048734664917, -0.021121740341186523, 0.7812457275390625, -1.888357000609553, -5.418722838590772, -4.006348781426458, -0.12126832502187312
576, -0.01883220672607422, -0.2742159366607666, 1.1679720878601074, 0.03233027458190918, -0.8544031381607056, -0.021140098571777344, 0.734888916015625, -1.8883679168994338, -5.418710989314282, -4.006344697461272, -0.1212701694053937
577, -0.01883220672607422, -0.27420830726623535, 1.1679961681365967, 0.03231215476989746, -0.8544851541519165, -0.021103382110595703, 0.72098876953125, -1.8883864480597379, -5.418712217027318, -4.006350808417819, -0.12127577649954979
578, -0.018817424774169922, -0.2742011547088623, 1.1680121421813965, 0.03232121467590332, -0.8545950651168823, -0.021103382110595703, 0.7055084991455078, -1.8883988825389197, -5.418707659948564, -4.00635783328005, -0.12127941278096355
579, -0.018839597702026367, -0.274186372756958, 1.168004035949707, 0.03233027458190918, -0.854530930519104, -0.021094322204589844, 0.67112060546875, -1.8884262148174205, -5.41872860633571, -4.006358312376285, -0.12123518988244975
580, -0.018839597702026367, -0.27419376373291016, 1.1679801940917969, 0.03233027458190918, -0.8544579744338989, -0.021057605743408203, 0.6432134246826172, -1.888423206598321, -5.418736435506792, -4.0063578981807675, -0.12124305018446613
581, -0.018817424774169922, -0.274186372756958, 1.1679961681365967, 0.03232121467590332, -0.8545492887496948, -0.021094322204589844, 0.6097415542602539, -1.888431525212201, -5.41875142698566, -4.006365446435794, -0.12123492171880113
582, -0.018810033798217773, -0.274186372756958, 1.1679801940917969, 0.03233027458190918, -0.854293704032898, -0.021094322204589844, 0.574666748046875, -1.888426612709137, -5.4187547559879805, -4.006355545928986, -0.12124210546631264
583, -0.01882457733154297, -0.27417898178100586, 1.1679961681365967, 0.03232121467590332, -0.8543027639389038, -0.021112680435180664, 0.5497593688964844, -1.8884431233043422, -5.4187612390473285, -4.006365678782216, -0.12124829965825068
584, -0.01878070831298828, -0.2741570472717285, 1.1679961681365967, 0.03232121467590332, -0.8543847799301147, -0.021112680435180664, 0.5451793670654297, -1.8884415458174926, -5.418774135613099, -4.006364599789101, -0.12124540686612928
585, -0.018765687942504883, -0.2741127014160156, 1.1679961681365967, 0.03233027458190918, -0.8545492887496948, -0.021103382110595703, 0.5372790145874023, -1.8884515203790522, -5.418760874622037, -4.006368493215027, -0.12124719175450771
586, -0.01878809928894043, -0.27416443824768066, 1.1679883003234863, 0.03232121467590332, -0.8544944524765015, -0.021103382110595703, 0.5002882003784179, -1.8884723677454345, -5.418765897756014, -4.006368640947617, -0.12123185086792354
587, -0.01878070831298828, -0.2741274833679199, 1.167964220046997, 0.03233027458190918, -0.8543757200241089, -0.021094322204589844, 0.4599387741088867, -1.8884967786318247, -5.41874851873028, -4.006379120684513, -0.12120963180047539
588, -0.01878809928894043, -0.2741200923919678, 1.1679883003234863, 0.03233933448791504, -0.8544670343399048, -0.021103382110595703, 0.433199462890625, -1.8885047133366724, -5.418757204800737, -4.006386160845286, -0.12121451750367562
589, -0.01878809928894043, -0.2741127014160156, 1.1679801940917969, 0.0323486328125, -0.8543940782546997, -0.021075963973999023, 0.3807665252685547, -1.8885153023828591, -5.418753481012203, -4.006383683363439, -0.12121588591912946
590, -0.018773317337036133, -0.2741127014160156, 1.1680121421813965, 0.03233933448791504, -0.8543483018875122, -0.021103382110595703, 0.35185176849365235, -1.8885357604645572, -5.418753158931973, -4.006384855478946, -0.12122625972423329
591, -0.01878070831298828, -0.2741127014160156, 1.1680121421813965, 0.03233027458190918, -0.8544305562973022, -0.021094322204589844, 0.3310968780517578, -1.88853561653952, -5.41876127153866, -4.006389322507203, -0.12121293384685217
592, -0.01878070831298828, -0.2741053104400635, 1.167964220046997, 0.03233027458190918, -0.8544396162033081, -0.021112680435180664, 0.30289196014404296, -1.8885459321716729, -5.418759835325332, -4.006393949436907, -0.12120059731227695
593, -0.01878809928894043, -0.2741053104400635, 1.167964220046997, 0.0323486328125, -0.854293704032898, -0.021057605743408203, 0.2625501823425293, -1.8885605507682766, -5.418769155816663, -4.006388350933336, -0.12118835024126895
594, -0.01878070831298828, -0.2740757465362549, 1.168004035949707, 0.0323486328125, -0.8543483018875122, -0.021057605743408203, 0.23124616622924804, -1.8885716152973215, -5.418766427874626, -4.006398786626971, -0.1211864461395642
595, -0.018773317337036133, -0.27408313751220703, 1.167964220046997, 0.0323486328125, -0.8543118238449097, -0.021085262298583984, 0.20725482940673828, -1.888574207195905, -5.418777162338042, -4.0064062883094795, -0.12120723772317543
596, -0.018765687942504883, -0.2741053104400635, 1.1679563522338867, 0.03232121467590332, -0.8541930913925171, -0.021085262298583984, 0.16934799194335937, -1.8885863208366405, -5.418774559129952, -4.0063962278816865, -0.12119734819373829
597, -0.018773317337036133, -0.2740609645843506, 1.1679961681365967, 0.03233933448791504, -0.8542205095291138, -0.021039485931396484, 0.14647876739501953, -1.8886076713186282, -5.418767362226802, -4.006399539766314, -0.12119353386087273
598, -0.018758296966552734, -0.2740168571472168, 1.168020248413086, 0.03233027458190918, -0.8544031381607056, -0.021085262298583984, 0.1381126594543457, -1.8886084904177283, -5.418764355469814, -4.006412016927893, -0.12120483664325743
599, -0.018751144409179688, -0.27403879165649414, 1.1679961681365967, 0.03233933448791504, -0.854366660118103, -0.021103382110595703, 0.1346471881866455, -1.8886243192404655, -5.418766875233882, -4.006411193707352, -0.12119767585838748
600, -0.018861770629882812, -0.2741127014160156, 1.1660466194152832, 0.03233933448791504, -0.8593519926071167, -0.021075963973999023, 0.10147309303283691, -1.8886476296073158, -5.41877249101537, -4.006416579029995, -0.12119422572342309
601, -0.019282102584838867, -0.27541065216064453, 1.1648004055023193, 0.0323028564453125, -0.859908938407898, -0.021130800247192383, 0.08864921569824219, -1.8886763376473326, -5.418765978399552, -4.006401666913444, -0.12125165017832096
602, -0.01940751075744629, -0.275956392288208, 1.1637296676635742, 0.03232121467590332, -0.8619269132614136, -0.021057605743408203, 0.07027590274810791, -1.8887667629541958, -5.418789338252902, -4.006355374084186, -0.12140467462509896
603, -0.019318819046020508, -0.2767751216888428, 1.16176438331604, 0.0323028564453125, -0.8629313707351685, -0.021112680435180664, 0.05961984634399414, -1.888841402905557, -5.418845310519056, -4.006392443797621, -0.12173107277066375
604, -0.018618345260620117, -0.2773282527923584, 1.1617004871368408, 0.03231215476989746, -0.86280357837677, -0.021075963973999023, 0.05907022953033447, -1.8889595908902397, -5.419005677535461, -4.006431625735701, -0.12217276847107783
605, -0.018146276473999023, -0.2769296169281006, 1.1614289283752441, 0.03228473663330078, -0.8629404306411743, -0.021103382110595703, 0.05907792091369629, -1.8890265420108712, -5.419114395809231, -4.006470022043621, -0.12229825400566163
606, -0.017976760864257812, -0.2768857479095459, 1.1613249778747559, 0.03231215476989746, -0.8629404306411743, -0.021103382110595703, 0.05902445316314697, -1.889024165612436, -5.419161237219389, -4.006468891364636, -0.12227900123236868
607, -0.017829418182373047, -0.27687835693359375, 1.1613330841064453, 0.03227567672729492, -0.8628674745559692, -0.021112680435180664, 0.05897867679595947, -1.889051090695573, -5.419235085911794, -4.006434535056448, -0.12225218646601732
608, -0.017755508422851562, -0.276841402053833, 1.1613249778747559, 0.03229379653930664, -0.8628493547439575, -0.021103382110595703, 0.05894815921783447, -1.8890712901386864, -5.419272225605838, -4.0064212824800824, -0.12224706313275568
609, -0.017571210861206055, -0.27680444717407227, 1.1612849235534668, 0.03229379653930664, -0.8628400564193726, -0.021121740341186523, 0.05887174606323242, -1.8890916421388058, -5.419374698486652, -4.006420183391513, -0.12232497953155086
610, -0.017563819885253906, -0.2767677307128906, 1.1612210273742676, 0.03229379653930664, -0.8628400564193726, -0.021121740341186523, 0.05885648727416992, -1.8890912338965897, -5.419395768552837, -4.006435096109108, -0.12238326390700927
611, -0.017526865005493164, -0.2767012119293213, 1.1611971855163574, 0.03229379653930664, -0.8628765344619751, -0.021130800247192383, 0.05885648727416992, -1.8890873611354226, -5.419388033978439, -4.006436086665315, -0.1224256654118312
612, -0.017526865005493164, -0.27669382095336914, 1.161149263381958, 0.03229379653930664, -0.8628126382827759, -0.021121740341186523, 0.05881071090698242, -1.8891039958909945, -5.419365159098607, -4.006447191426944, -0.12241246603403866
613, -0.01758575439453125, -0.27667903900146484, 1.1611571311950684, 0.03228473663330078, -0.8628309965133667, -0.021112680435180664, 0.05878782272338867, -1.8891047171631126, -5.419312718586609, -4.006454166839904, -0.1223379482216167
614, -0.017688989639282227, -0.2766420841217041, 1.1611411571502686, 0.03227567672729492, -0.8628493547439575, -0.021149158477783203, 0.05881071090698242, -1.8891165412935307, -5.419284124659828, -4.006470472457026, -0.12222098430371098
615, -0.017843961715698242, -0.27660536766052246, 1.161109209060669, 0.03226637840270996, -0.8628493547439575, -0.021130800247192383, 0.05874198913574219, -1.88913319104756, -5.419215245164304, -4.006483683454554, -0.12209786352498675
616, -0.017880678176879883, -0.27662014961242676, 1.1610772609710693, 0.03227567672729492, -0.8628400564193726, -0.021130800247192383, 0.05873441696166992, -1.8891411331892145, -5.419208206392381, -4.0064857201640445, -0.12208598062035492
617, -0.017880678176879883, -0.2765977382659912, 1.1610772609710693, 0.03227567672729492, -0.8628309965133667, -0.021085262298583984, 0.05873441696166992, -1.8891446871536135, -5.4192215268303645, -4.006492157229917, -0.12214622128631802
618, -0.017836570739746094, -0.276583194732666, 1.1610612869262695, 0.03228473663330078, -0.8628219366073608, -0.021103382110595703, 0.05871915817260742, -1.8891353677457274, -5.419242773065445, -4.006485495972396, -0.12218401181534588
619, -0.017718791961669922, -0.2765464782714844, 1.1610612869262695, 0.03228473663330078, -0.8628400564193726, -0.021149158477783203, 0.05870389938354492, -1.8891349582575465, -5.419293591941768, -4.006472308536182, -0.12222033017782863
620, -0.017608165740966797, -0.2765538692474365, 1.1610453128814697, 0.03227567672729492, -0.8628219366073608, -0.021121740341186523, 0.05870389938354492, -1.8891466308717273, -5.419327167002569, -4.006464727558216, -0.12223630317446688
621, -0.017556428909301758, -0.2765169143676758, 1.1610374450683594, 0.03228473663330078, -0.8628219366073608, -0.021121740341186523, 0.05870389938354492, -1.8891579771877984, -5.419363898958338, -4.006468750633033, -0.12224241544525682
622, -0.017519474029541016, -0.27652430534362793, 1.1610133647918701, 0.03228473663330078, -0.8628400564193726, -0.021103382110595703, 0.05868095397949219, -1.8891546648356567, -5.419398948862285, -4.0064700177530845, -0.12225075860143875
623, -0.017467737197875977, -0.27649474143981934, 1.1609892845153809, 0.03229379653930664, -0.8628219366073608, -0.021140098571777344, 0.05869621276855469, -1.8891729616852495, -5.419419212169784, -4.006467038308127, -0.1223177069633703
624, -0.017445802688598633, -0.27647995948791504, 1.1609735488891602, 0.03229379653930664, -0.8627945184707642, -0.021121740341186523, 0.05867326259613037, -1.8891894289944502, -5.419416991134586, -4.006475983358717, -0.12235359400159229
625, -0.01745319366455078, -0.27647995948791504, 1.1609735488891602, 0.03227567672729492, -0.8628219366073608, -0.021158218383789062, 0.05866569519042969, -1.889188266982352, -5.419411224582657, -4.006476042227059, -0.1223419639304959
626, -0.017482519149780273, -0.27645063400268555, 1.1609735488891602, 0.03229379653930664, -0.8628309965133667, -0.021121740341186523, 0.05865043640136719, -1.889196412824994, -5.419379272445168, -4.006483748435592, -0.12228332959543042
627, -0.01754903793334961, -0.27645063400268555, 1.160949468612671, 0.03228473663330078, -0.8628126382827759, -0.021130800247192383, 0.05864274501800537, -1.8891858240303647, -5.419345423842297, -4.0064962180389525, -0.1222384522533444
628, -0.017615318298339844, -0.27645063400268555, 1.1609416007995605, 0.0323028564453125, -0.8628219366073608, -0.021121740341186523, 0.05862748622894287, -1.8891973025985507, -5.419319078636314, -4.006497652300859, -0.12219083848798107
629, -0.017652034759521484, -0.27642822265625, 1.160933494567871, 0.03228473663330078, -0.8627945184707642, -0.021112680435180664, 0.05863517761230469, -1.889214285054923, -5.419300366294135, -4.006512402268164, -0.1222074586420252
630, -0.017659664154052734, -0.27642822265625, 1.1609175205230713, 0.03228473663330078, -0.8628219366073608, -0.021130800247192383, 0.05861222743988037, -1.8892251085612224, -5.419298086043035, -4.006510973242472, -0.12221935673878459
631, -0.01763010025024414, -0.2764136791229248, 1.1609253883361816, 0.03228473663330078, -0.8627945184707642, -0.021158218383789062, 0.05861991882324219, -1.8892302128321876, -5.419313327855492, -4.00650834880941, -0.1222229335262286
632, -0.017608165740966797, -0.2763841152191162, 1.1609015464782715, 0.03227567672729492, -0.8627761602401733, -0.021149158477783203, 0.05861222743988037, -1.8892349115222422, -5.419334152725994, -4.006504404455827, -0.1222166128729203
633, -0.017571210861206055, -0.27637648582458496, 1.1608855724334717, 0.03227567672729492, -0.86280357837677, -0.021130800247192383, 0.05858940124511719, -1.8892264601993733, -5.419357188248175, -4.0064977029658735, -0.12223848231097989
634, -0.017534255981445312, -0.2763841152191162, 1.1608855724334717, 0.03228473663330078, -0.8628126382827759, -0.021130800247192383, 0.05861991882324219, -1.8892161407281343, -5.419389062348839, -4.006493329601394, -0.12226493266563221
635, -0.017482519149780273, -0.27639150619506836, 1.1608855724334717, 0.03229379653930664, -0.86280357837677, -0.021149158477783203, 0.05861222743988037, -1.8892272711366602, -5.419416168881396, -4.0064866133420765, -0.12231509740691937
636, -0.017438411712646484, -0.27634716033935547, 1.1608855724334717, 0.03228473663330078, -0.8627945184707642, -0.021176576614379883, 0.05858170986175537, -1.8892310816105566, -5.419423971314161, -4.006488550971799, -0.12237344184906274
637, -0.01740884780883789, -0.2763545513153076, 1.1608777046203613, 0.03228473663330078, -0.8627852201461792, -0.021130800247192383, 0.05858170986175537, -1.8892415144124626, -5.419418435012612, -4.006491110481303, -0.12235641298220923
638, -0.017438411712646484, -0.27636194229125977, 1.1608695983886719, 0.03227567672729492, -0.8627945184707642, -0.021149158477783203, 0.05857414245605469, -1.8892407903723194, -5.419410008791539, -4.006497935009383, -0.12233226028486754
639, -0.017497539520263672, -0.27634716033935547, 1.1608695983886719, 0.03227567672729492, -0.86280357837677, -0.021149158477783203, 0.05857414245605469, -1.8892497565265787, -5.419381527035208, -4.006501989019329, -0.12231226459747546
640, -0.01754140853881836, -0.2763326168060303, 1.1608457565307617, 0.03226637840270996, -0.8627945184707642, -0.021149158477783203, 0.05856645107269287, -1.8892702743837044, -5.419363338972048, -4.006513314359611, -0.12226865880378668
641, -0.01754140853881836, -0.2762882709503174, 1.1608216762542725, 0.03226637840270996, -0.8627945184707642, -0.021167278289794922, 0.05855119228363037, -1.889269431154399, -5.41936772632529, -4.006511201125381, -0.12226357250166231
642, -0.017512083053588867, -0.27629566192626953, 1.1608216762542725, 0.03229379653930664, -0.8627761602401733, -0.021167278289794922, 0.05855119228363037, -1.8892556466558883, -5.41938247672561, -4.0065065740702375, -0.12226720119341028
643, -0.017497539520263672, -0.27628087997436523, 1.1608216762542725, 0.03227567672729492, -0.8627852201461792, -0.021140098571777344, 0.05854350090026855, -1.889258332918458, -5.419404603721539, -4.006500627017357, -0.12229086321041027
644, -0.01745319366455078, -0.2762882709503174, 1.1608216762542725, 0.03228473663330078, -0.8627668619155884, -0.021158218383789062, 0.05856645107269287, -1.8892649988852137, -5.419425144399122, -4.006499027307448, -0.12234265629543373
645, -0.01741623878479004, -0.27628087997436523, 1.1608216762542725, 0.03228473663330078, -0.8627852201461792, -0.021149158477783203, 0.05855875968933105, -1.889268012782737, -5.4194287933148075, -4.006501396735162, -0.12235468794836102
646, -0.017401456832885742, -0.27626585960388184, 1.160813570022583, 0.03228473663330078, -0.8627852201461792, -0.021149158477783203, 0.05855119228363037, -1.8892631635346813, -5.41943097475344, -4.006497462600557, -0.12235281388257757
647, -0.017423629760742188, -0.27626585960388184, 1.1608216762542725, 0.0322573184967041, -0.8627668619155884, -0.021176576614379883, 0.05854350090026855, -1.8892721544101772, -5.419421778189594, -4.006500928164508, -0.12233282547967317
648, -0.01746058464050293, -0.27628087997436523, 1.1608057022094727, 0.03228473663330078, -0.8627668619155884, -0.021149158477783203, 0.05854350090026855, -1.889277666153602, -5.41939970595847, -4.006511134926711, -0.12231007833564611
649, -0.017475128173828125, -0.2762734889984131, 1.1608057022094727, 0.03226637840270996, -0.8627668619155884, -0.021158218383789062, 0.05853593349456787, -1.8892816861219894, -5.419387985681533, -4.006515818968774, -0.12230644948980718
650, -0.01750469207763672, -0.27626585960388184, 1.1608057022094727, 0.03228473663330078, -0.8627945184707642, -0.021158218383789062, 0.05852824211120605, -1.889286278667321, -5.419369777929052, -4.006514054683956, -0.12229024610958295
651, -0.017519474029541016, -0.27626585960388184, 1.1608057022094727, 0.03227567672729492, -0.8627487421035767, -0.021158218383789062, 0.05853593349456787, -1.8892876582608944, -5.41938602397995, -4.00651603874129, -0.12227155899732622
652, -0.017519474029541016, -0.27625131607055664, 1.1607975959777832, 0.03226637840270996, -0.8627668619155884, -0.021158218383789062, 0.05852824211120605, -1.8892897586775061, -5.419380221260797, -4.006513366663911, -0.12226788537788913
653, -0.017512083053588867, -0.27626585960388184, 1.1607975959777832, 0.03227567672729492, -0.8627945184707642, -0.021185636520385742, 0.05853593349456787, -1.889278070634786, -5.419397787223694, -4.006512153384307, -0.12227229508595983
654, -0.017482519149780273, -0.2762439250946045, 1.1607897281646729, 0.03227567672729492, -0.8627578020095825, -0.021176576614379883, 0.05851298332214355, -1.889281039632999, -5.419399401361829, -4.0065095862355, -0.1222752842147905
655, -0.017482519149780273, -0.2762439250946045, 1.1607975959777832, 0.0323028564453125, -0.8627761602401733, -0.02120375633239746, 0.05850541591644287, -1.889268841150962, -5.419425221112092, -4.006505562012063, -0.12228049679043362
656, -0.01745319366455078, -0.27625131607055664, 1.1607897281646729, 0.03228473663330078, -0.8627487421035767, -0.021185636520385742, 0.05852824211120605, -1.8892637474219178, -5.419425916587412, -4.006502349052684, -0.12227661494067554
657, -0.017438411712646484, -0.27626585960388184, 1.1607816219329834, 0.03229379653930664, -0.8627945184707642, -0.021176576614379883, 0.05852824211120605, -1.8892681280929555, -5.419436257784919, -4.006504384582334, -0.12228403624262807
658, -0.017438411712646484, -0.2762439250946045, 1.1607897281646729, 0.0323028564453125, -0.8627761602401733, -0.021158218383789062, 0.05851298332214355, -1.8892681720629967, -5.419424111865356, -4.00650490783994, -0.12228818581622569
659, -0.017445802688598633, -0.2762439250946045, 1.1607897281646729, 0.03228473663330078, -0.86280357837677, -0.021167278289794922, 0.05849772453308105, -1.8892741538093103, -5.419403541613656, -4.006505508526746, -0.12228887000035638
660, -0.017475128173828125, -0.2762293815612793, 1.160773754119873, 0.03229379653930664, -0.8627761602401733, -0.021185636520385742, 0.05850541591644287, -1.8892708730609433, -5.4194042470499735, -4.006509522295722, -0.1222721460437981
661, -0.017489910125732422, -0.2762439250946045, 1.1607816219329834, 0.03226637840270996, -0.8627578020095825, -0.021167278289794922, 0.05848246574401855, -1.8892761703387326, -5.419393196129207, -4.006511948139151, -0.12224930191702921
662, -0.01750469207763672, -0.27623653411865234, 1.1607897281646729, 0.03228473663330078, -0.8627761602401733, -0.021185636520385742, 0.05848246574401855, -1.8892858294439492, -5.4193989554602515, -4.006514137695477, -0.12224211131165674
663, -0.017519474029541016, -0.27623653411865234, 1.1607975959777832, 0.03227567672729492, -0.8627761602401733, -0.021167278289794922, 0.05848246574401855, -1.889290430318182, -5.419394580968479, -4.006519190166312, -0.12223726298710869
664, -0.017526865005493164, -0.27623653411865234, 1.1607897281646729, 0.03227567672729492, -0.8627852201461792, -0.021185636520385742, 0.05849015712738037, -1.8892823299872736, -5.419382457182881, -4.006516565567584, -0.12222361011871019
665, -0.017512083053588867, -0.27622199058532715, 1.1607816219329834, 0.03227567672729492, -0.8627668619155884, -0.021167278289794922, 0.05848246574401855, -1.8892880151107878, -5.419396503834666, -4.006519266955122, -0.12223031004951057
666, -0.01750469207763672, -0.2762293815612793, 1.1607816219329834, 0.03227567672729492, -0.8627578020095825, -0.021167278289794922, 0.05848246574401855, -1.889293680548592, -5.419394786795888, -4.006512302166267, -0.1222074364886998
667, -0.017489910125732422, -0.276214599609375, 1.160773754119873, 0.03228473663330078, -0.8627303838729858, -0.021185636520385742, 0.05850541591644287, -1.889293874015484, -5.419412346124583, -4.0065133221937845, -0.1222145527228129
668, -0.017489910125732422, -0.27622199058532715, 1.1607656478881836, 0.03228473663330078, -0.8627394437789917, -0.021176576614379883, 0.05848246574401855, -1.8892982681543764, -5.419414747395327, -4.006516496707752, -0.12220907227096145
669, -0.017475128173828125, -0.2761995792388916, 1.1607656478881836, 0.03228473663330078, -0.8627578020095825, -0.021176576614379883, 0.05845963954925537, -1.8892910009674275, -5.4194260598003465, -4.006511532515271, -0.12222334239397892
670, -0.017475128173828125, -0.27619242668151855, 1.1607577800750732, 0.03226637840270996, -0.8627668619155884, -0.021185636520385742, 0.05848246574401855, -1.8892867754619038, -5.419419798437657, -4.006511047925268, -0.12224161289140856
671, -0.017475128173828125, -0.276214599609375, 1.1607656478881836, 0.03227567672729492, -0.8627578020095825, -0.021167278289794922, 0.05848246574401855, -1.889275846612435, -5.419413727836448, -4.006509015524275, -0.12223978359495113
672, -0.017482519149780273, -0.27619242668151855, 1.1607577800750732, 0.03227567672729492, -0.8627578020095825, -0.021176576614379883, 0.05846720695495605, -1.8892888727476083, -5.419414220146129, -4.006513381748575, -0.12222673326173172
673, -0.017489910125732422, -0.2761995792388916, 1.1607496738433838, 0.03227567672729492, -0.8627668619155884, -0.021185636520385742, 0.05846720695495605, -1.889274078885291, -5.4193952532092755, -4.006509844526097, -0.12220999412047195
674, -0.01750469207763672, -0.27619242668151855, 1.1607577800750732, 0.0322573184967041, -0.8627394437789917, -0.021176576614379883, 0.05846720695495605, -1.889267224273592, -5.419382840889462, -4.00651145623614, -0.12220684123034697
675, -0.017526865005493164, -0.276214599609375, 1.1607577800750732, 0.03228473663330078, -0.8627761602401733, -0.021185636520385742, 0.05846720695495605, -1.889272941953061, -5.41936656382726, -4.006515259983037, -0.12222581078685035
676, -0.01754140853881836, -0.27620697021484375, 1.1607656478881836, 0.03228473663330078, -0.8627578020095825, -0.021176576614379883, 0.05846720695495605, -1.8892731236805702, -5.41937123301652, -4.006514009958843, -0.12221702142733815
677, -0.017526865005493164, -0.27617764472961426, 1.1607577800750732, 0.03229379653930664, -0.8627394437789917, -0.021167278289794922, 0.05845963954925537, -1.8892852190189808, -5.41937929206138, -4.006516184435084, -0.12221252247618342
678, -0.017512083053588867, -0.27619242668151855, 1.1607496738433838, 0.03227567672729492, -0.8627487421035767, -0.021158218383789062, 0.05846720695495605, -1.8892844699027607, -5.419393633118244, -4.006514652252991, -0.1222375304011587
679, -0.017497539520263672, -0.27617764472961426, 1.1607496738433838, 0.03226637840270996, -0.86272132396698, -0.021176576614379883, 0.05845963954925537, -1.8892790311823233, -5.419404943843393, -4.0065059952022795, -0.1222534439015428
680, -0.017482519149780273, -0.2761850357055664, 1.1607496738433838, 0.03226637840270996, -0.8627487421035767, -0.021185636520385742, 0.05845194816589355, -1.8892774281430365, -5.419409223237201, -4.0065045980538105, -0.1222658325171837
681, -0.017482519149780273, -0.2761995792388916, 1.1607418060302734, 0.03229379653930664, -0.86272132396698, -0.021185636520385742, 0.05845194816589355, -1.8892903056918984, -5.419417715474499, -4.006510830939644, -0.12224899685391577
682, -0.017467737197875977, -0.2761850357055664, 1.1607496738433838, 0.03228473663330078, -0.8627394437789917, -0.0211946964263916, 0.05846720695495605, -1.8892802174457346, -5.419419419721831, -4.0065001489108125, -0.12223210169500565
683, -0.017475128173828125, -0.2761702537536621, 1.1607418060302734, 0.03228473663330078, -0.8627578020095825, -0.021185636520385742, 0.05843668937683105, -1.8892918637831584, -5.4194264906781395, -4.006506308656476, -0.12222572154526468
684, -0.017475128173828125, -0.2761850357055664, 1.1607418060302734, 0.03227567672729492, -0.8627668619155884, -0.021185636520385742, 0.05845194816589355, -1.8892758630854845, -5.419420532845638, -4.006505754021718, -0.12223904719702716
685, -0.017482519149780273, -0.2761850357055664, 1.1607418060302734, 0.03227567672729492, -0.8627668619155884, -0.0211946964263916, 0.05844438076019287, -1.8892817122484546, -5.4194131875472005, -4.006510098996967, -0.12223102335930047
686, -0.017497539520263672, -0.2761995792388916, 1.1607496738433838, 0.03228473663330078, -0.8627122640609741, -0.021213054656982422, 0.05845194816589355, -1.8892658994575622, -5.4194073369524345, -4.006506372805226, -0.12225865647582523
687, -0.017489910125732422, -0.27619242668151855, 1.1607496738433838, 0.03229379653930664, -0.8627668619155884, -0.021176576614379883, 0.05843668937683105, -1.889274376791419, -5.41939907111898, -4.006507425065538, -0.1222614300910756
688, -0.017489910125732422, -0.2761702537536621, 1.1607496738433838, 0.03227567672729492, -0.8627394437789917, -0.0211946964263916, 0.05844438076019287, -1.8892829698313776, -5.419400474005536, -4.006510863848086, -0.12225957863793369
689, -0.017489910125732422, -0.27617764472961426, 1.1607418060302734, 0.03228473663330078, -0.8627761602401733, -0.021167278289794922, 0.05843668937683105, -1.889288100235062, -5.419392000361236, -4.006509205109908, -0.12226518567011713
690, -0.017497539520263672, -0.27619242668151855, 1.1607496738433838, 0.03227567672729492, -0.8627303838729858, -0.021176576614379883, 0.05842900276184082, -1.8892972438233109, -5.419396049526702, -4.006510639743895, -0.12226192850989293
691, -0.017475128173828125, -0.2761702537536621, 1.1607418060302734, 0.03227567672729492, -0.8627394437789917, -0.021176576614379883, 0.05843668937683105, -1.8892929352414476, -5.4194151362217236, -4.006505319915421, -0.12226401809415055
692, -0.017467737197875977, -0.2761702537536621, 1.160733699798584, 0.03228473663330078, -0.8627303838729858, -0.021176576614379883, 0.05844438076019287, -1.8893038506252509, -5.419423935321189, -4.006508081047515, -0.12227975311182604
693, -0.01746058464050293, -0.27616286277770996, 1.160733699798584, 0.03228473663330078, -0.8627394437789917, -0.0211946964263916, 0.05843668937683105, -1.8893119489469128, -5.4194286866126715, -4.006504662667676, -0.12225626229130704
694, -0.01746058464050293, -0.2761557102203369, 1.160733699798584, 0.03226637840270996, -0.8627761602401733, -0.021185636520385742, 0.05842143058776855, -1.889315369032336, -5.419428635935952, -4.006501563704223, -0.1222411594019901
695, -0.017467737197875977, -0.27616286277770996, 1.160733699798584, 0.03227567672729492, -0.8627668619155884, -0.021176576614379883, 0.05841374397277832, -1.8893220851205206, -5.419431668128542, -4.00650802950326, -0.12224142712658903
696, -0.017475128173828125, -0.2761406898498535, 1.160733699798584, 0.03228473663330078, -0.8627668619155884, -0.021176576614379883, 0.05844438076019287, -1.889307412098025, -5.41943484855255, -4.006504586389992, -0.12222828724066659
697, -0.017482519149780273, -0.2761406898498535, 1.1607258319854736, 0.03229379653930664, -0.8627487421035767, -0.021167278289794922, 0.05841374397277832, -1.8893178663020125, -5.419427684533699, -4.0065094564063815, -0.12221511760639014
698, -0.017482519149780273, -0.2761406898498535, 1.1607258319854736, 0.03229379653930664, -0.8627394437789917, -0.021185636520385742, 0.05843668937683105, -1.889305347536203, -5.41942503260114, -4.00650730723533, -0.12220662540594329
699, -0.017489910125732422, -0.27614808082580566, 1.1607258319854736, 0.03227567672729492, -0.8627394437789917, -0.0211946964263916, 0.05842900276184082, -1.889306498456755, -5.419425139233024, -4.006507504320118, -0.12220492997197852
700, -0.017482519149780273, -0.2761406898498535, 1.1607177257537842, 0.03229379653930664, -0.8627394437789917, -0.021185636520385742, 0.05842143058776855, -1.8893208723024415, -5.419421944873836, -4.006511482353706, -0.12219437824952895
701, -0.017489910125732422, -0.27613329887390137, 1.1607177257537842, 0.03228473663330078, -0.8627578020095825, -0.021185636520385742, 0.05841374397277832, -1.8893163672626887, -5.419425707416099, -4.006510543362508, -0.12221101296231573
702, -0.017489910125732422, -0.2761259078979492, 1.1607177257537842, 0.03228473663330078, -0.8627394437789917, -0.021176576614379883, 0.05842143058776855, -1.8893220013205614, -5.419430444969592, -4.006505637480517, -0.1221998882910702
703, -0.017482519149780273, -0.27611875534057617, 1.1607177257537842, 0.0322573184967041, -0.8627122640609741, -0.0211946964263916, 0.05842143058776855, -1.8893220400462867, -5.419434163010562, -4.006507501967184, -0.12220507142846415
704, -0.017475128173828125, -0.27611875534057617, 1.1607098579406738, 0.03227567672729492, -0.8627303838729858, -0.0211946964263916, 0.05842900276184082, -1.8893286301177552, -5.419433618475066, -4.006504046760685, -0.12220725769128471
705, -0.017475128173828125, -0.2761039733886719, 1.1607098579406738, 0.03227567672729492, -0.8627578020095825, -0.021167278289794922, 0.05842143058776855, -1.889326613789092, -5.419434737927154, -4.0065030530102925, -0.12221470145882041
706, -0.017475128173828125, -0.2761039733886719, 1.1607177257537842, 0.03228473663330078, -0.8627578020095825, -0.021185636520385742, 0.05841374397277832, -1.8893259101272455, -5.419432576605847, -4.00650386924197, -0.12224663969965555
707, -0.017467737197875977, -0.2761259078979492, 1.160693645477295, 0.03228473663330078, -0.8627303838729858, -0.02120375633239746, 0.05841374397277832, -1.8893373884767577, -5.419449178529104, -4.0065069386934455, -0.12224384361986385
708, -0.017475128173828125, -0.2761039733886719, 1.1607017517089844, 0.03227567672729492, -0.8627394437789917, -0.021185636520385742, 0.05840617179870605, -1.8893272187191563, -5.419445051734061, -4.006505648975256, -0.12225430626083167
709, -0.017467737197875977, -0.276111364364624, 1.1607017517089844, 0.03228473663330078, -0.8627394437789917, -0.02120375633239746, 0.05841374397277832, -1.8893181946850373, -5.419434041275585, -4.006499191369611, -0.12225788335763355
710, -0.01746058464050293, -0.2760963439941406, 1.160693645477295, 0.03227567672729492, -0.8627578020095825, -0.021176576614379883, 0.05842900276184082, -1.8893217490300036, -5.41943637006583, -4.006505935855854, -0.12225129466851214
711, -0.017475128173828125, -0.276111364364624, 1.160693645477295, 0.03228473663330078, -0.8627303838729858, -0.0211946964263916, 0.05842143058776855, -1.8893192564883574, -5.419422945714986, -4.006506151642053, -0.12222282894257663
712, -0.017475128173828125, -0.2761039733886719, 1.160693645477295, 0.03228473663330078, -0.8627668619155884, -0.021176576614379883, 0.05840617179870605, -1.8893349112109576, -5.419428217133231, -4.006510688454995, -0.12221798061807831
713, -0.017489910125732422, -0.27611875534057617, 1.1607098579406738, 0.03228473663330078, -0.8627487421035767, -0.0211946964263916, 0.05839091300964355, -1.8893364435200561, -5.419436150009898, -4.006508862040386, -0.12222438323355167
714, -0.017475128173828125, -0.27611875534057617, 1.1606857776641846, 0.03228473663330078, -0.8627394437789917, -0.021185636520385742, 0.05839091300964355, -1.8893330626982194, -5.419437310423829, -4.006505983467974, -0.12222280678834085
715, -0.017467737197875977, -0.2761039733886719, 1.160693645477295, 0.03229379653930664, -0.8627578020095825, -0.021185636520385742, 0.05840617179870605, -1.8893405189157475, -5.41944613515271, -4.00651161510741, -0.12219997753272249
716, -0.017482519149780273, -0.276111364364624, 1.1607098579406738, 0.03227567672729492, -0.8627303838729858, -0.021176576614379883, 0.05839848518371582, -1.889340082353947, -5.419446073656507, -4.006509241438667, -0.1221901245545629
717, -0.017489910125732422, -0.27611875534057617, 1.160693645477295, 0.03227567672729492, -0.8627761602401733, -0.021213054656982422, 0.05839091300964355, -1.88933951120292, -5.419449794194334, -4.006507385317297, -0.12219160432098519
718, -0.017467737197875977, -0.276111364364624, 1.1606857776641846, 0.03227567672729492, -0.8627578020095825, -0.0211946964263916, 0.05838322639465332, -1.8893492766934759, -5.419445420400662, -4.006510321475425, -0.12221615875849867
719, -0.017467737197875977, -0.276111364364624, 1.160693645477295, 0.03227567672729492, -0.8627578020095825, -0.021185636520385742, 0.05839848518371582, -1.889354665460279, -5.419439352764906, -4.006512600714496, -0.12220340589916656
720, -0.017467737197875977, -0.2761259078979492, 1.1607017517089844, 0.03227567672729492, -0.8627668619155884, -0.021185636520385742, 0.05837565422058105, -1.8893505810018314, -5.4194332268092635, -4.0065103887076665, -0.12222134189515188
721, -0.017482519149780273, -0.27611875534057617, 1.160693645477295, 0.03228473663330078, -0.8627303838729858, -0.021176576614379883, 0.05840617179870605, -1.8893483995354003, -5.419432732822745, -4.006508797480729, -0.12220454357270061
722, -0.017482519149780273, -0.276111364364624, 1.1607017517089844, 0.03228473663330078, -0.86272132396698, -0.021158218383789062, 0.05839848518371582, -1.8893516536514876, -5.419431740712546, -4.006510823488921, -0.12219712227269142
723, -0.017489910125732422, -0.27611875534057617, 1.160693645477295, 0.03228473663330078, -0.8627394437789917, -0.02122211456298828, 0.05840617179870605, -1.8893532261863042, -5.419431937331194, -4.006511698384711, -0.12218243552901331
724, -0.017489910125732422, -0.2761259078979492, 1.160693645477295, 0.03228473663330078, -0.8627394437789917, -0.02120375633239746, 0.05839848518371582, -1.8893499521239692, -5.419444044522388, -4.006516492373748, -0.12218746265239844
725, -0.017489910125732422, -0.2761039733886719, 1.1607017517089844, 0.03227567672729492, -0.8627394437789917, -0.0211946964263916, 0.05839091300964355, -1.8893495134140916, -5.41943113608377, -4.006513055107627, -0.12218162507550634
726, -0.017489910125732422, -0.276111364364624, 1.1607017517089844, 0.0322573184967041, -0.8627122640609741, -0.02122211456298828, 0.05838322639465332, -1.8893525272628977, -5.41944452097823, -4.006513703080275, -0.12216119047191132
727, -0.017482519149780273, -0.276111364364624, 1.1607017517089844, 0.03228473663330078, -0.8627303838729858, -0.02120375633239746, 0.05839091300964355, -1.8893557203442783, -5.419452620536217, -4.0065149851117825, -0.12215600005630378
728, -0.017482519149780273, -0.2761039733886719, 1.160693645477295, 0.03228473663330078, -0.8627303838729858, -0.021185636520385742, 0.05838322639465332, -1.889363292148646, -5.419452330224974, -4.006515236806908, -0.12216902063690149
729, -0.017475128173828125, -0.2760963439941406, 1.1607098579406738, 0.03227567672729492, -0.8627029657363892, -0.021167278289794922, 0.05839848518371582, -1.8893566555399575, -5.41946865524855, -4.0065142850807245, -0.12216231327081051
730, -0.017475128173828125, -0.276111364364624, 1.160693645477295, 0.03228473663330078, -0.8627394437789917, -0.021185636520385742, 0.05839848518371582, -1.8893496522657365, -5.419463072436668, -4.006513366514197, -0.12217292464409812
731, -0.017475128173828125, -0.27611875534057617, 1.1607017517089844, 0.03227567672729492, -0.8627668619155884, -0.021185636520385742, 0.05839091300964355, -1.8893487830109152, -5.4194666106531715, -4.006509535183534, -0.12216878265893705
732, -0.017475128173828125, -0.276111364364624, 1.1607098579406738, 0.03228473663330078, -0.8627394437789917, -0.021185636520385742, 0.05839091300964355, -1.8893566693866453, -5.4194742123124175, -4.006513048694568, -0.12216896114241038
733, -0.017467737197875977, -0.276111364364624, 1.160693645477295, 0.0323028564453125, -0.8627394437789917, -0.0211946964263916, 0.05838322639465332, -1.8893539272154185, -5.419458986759059, -4.006512023710696, -0.12217184630654909
734, -0.017482519149780273, -0.2761259078979492, 1.160693645477295, 0.03227567672729492, -0.8627668619155884, -0.021185636520385742, 0.05840617179870605, -1.8893627574264453, -5.41945698079962, -4.006512584532768, -0.1221547432347414
735, -0.017482519149780273, -0.2760963439941406, 1.1607017517089844, 0.03227567672729492, -0.8627122640609741, -0.021185636520385742, 0.05897867679595947, -1.889371201854132, -5.419452458902316, -4.006514949105485, -0.12215495906256724
736, -0.017489910125732422, -0.27611875534057617, 1.160773754119873, 0.03228473663330078, -0.8623470067977905, -0.021213054656982422, 0.0683218240737915, -1.8893778842495126, -5.41945602384992, -4.006514936622927, -0.12214367094076994
737, -0.01737189292907715, -0.27594900131225586, 1.1621558666229248, 0.03228473663330078, -0.8575440645217896, -0.02122211456298828, 0.09593892097473145, -1.8894112276538273, -5.419449595771426, -4.006514068097747, -0.12212131812714677
738, -0.017069578170776367, -0.2746584415435791, 1.163050651550293, 0.03229379653930664, -0.8560377359390259, -0.02123117446899414, 0.11940360069274902, -1.8894181548996252, -5.419448090351569, -4.0065546055489145, -0.12202864759346177
739, -0.01692938804626465, -0.27339720726013184, 1.16322660446167, 0.03229379653930664, -0.8549236059188843, -0.02124953269958496, 0.13541049003601074, -1.8894067826875374, -5.4194296020956, -4.006554861646789, -0.12183494152662089
740, -0.01710653305053711, -0.2714869976043701, 1.164161205291748, 0.03233027458190918, -0.854448676109314, -0.02127695083618164, 0.2075677490234375, -1.8894001067381243, -5.419406970979208, -4.006553127495196, -0.12144561113067098
741, -0.017268657684326172, -0.2707052230834961, 1.163961410522461, 0.03229379653930664, -0.8544305562973022, -0.02126765251159668, 0.2858163070678711, -1.8893871536985942, -5.419355320898719, -4.006563012460451, -0.121309848019024
742, -0.017438411712646484, -0.2704620361328125, 1.1638176441192627, 0.03232121467590332, -0.8544031381607056, -0.02125859260559082, 0.3869647216796875, -1.8893761679672778, -5.419316453370471, -4.00657023766212, -0.12131937419259131
743, -0.017430782318115234, -0.27039575576782227, 1.1636579036712646, 0.0323028564453125, -0.8543392419815063, -0.02124953269958496, 0.5163562393188477, -1.8894203803929532, -5.419284314139686, -4.00657724558617, -0.12146990590448148
744, -0.017394065856933594, -0.27041029930114746, 1.1634581089019775, 0.0323028564453125, -0.8543757200241089, -0.02125859260559082, 0.5770559310913086, -1.889436087725701, -5.419289306735376, -4.006590764478217, -0.12151870990519775
745, -0.017445802688598633, -0.27039575576782227, 1.1632423400878906, 0.03231215476989746, -0.854293704032898, -0.021240234375, 0.6926921844482422, -1.889463216821184, -5.4192904577586605, -4.0066023960748485, -0.12146900663469928
746, -0.017423629760742188, -0.27039575576782227, 1.1632742881774902, 0.03229379653930664, -0.8543392419815063, -0.02129507064819336, 0.7967642211914062, -1.8894628179448496, -5.419317842333908, -4.006586117400471, -0.12141475194249463
747, -0.01732778549194336, -0.27041029930114746, 1.1632983684539795, 0.0323028564453125, -0.8543757200241089, -0.02131342887878418, 0.9264533233642578, -1.8894309738083623, -5.419406309172831, -4.0065464645568225, -0.12144376716579597
748, -0.017253875732421875, -0.27044010162353516, 1.1633143424987793, 0.03229379653930664, -0.854448676109314, -0.02134990692138672, 0.9536811828613281, -1.8894204746359158, -5.419461277691212, -4.006553350660369, -0.12155521318668239
749, -0.017202377319335938, -0.27041029930114746, 1.16325044631958, 0.0323028564453125, -0.8544670343399048, -0.021358966827392578, 0.9553223419189453, -1.8894225222745489, -5.419473917780401, -4.006544458150422, -0.12166229451837207
750, -0.017158031463623047, -0.2704031467437744, 1.1632742881774902, 0.0323028564453125, -0.854448676109314, -0.02134990692138672, 0.9553300476074219, -1.8894343355961214, -5.419478522286084, -4.006551175172041, -0.12170224933929852
751, -0.017158031463623047, -0.2704176902770996, 1.1632664203643799, 0.03229379653930664, -0.8544579744338989, -0.0213315486907959, 0.9553146362304688, -1.8894402249699926, -5.419459733608049, -4.0065562772775305, -0.12164987617643419
752, -0.017209529876708984, -0.2703883647918701, 1.1632823944091797, 0.0323028564453125, -0.8545035123825073, -0.02134084701538086, 0.9553223419189453, -1.88943771525542, -5.419436555753074, -4.006554485576195, -0.12158261580530638
753, -0.01732778549194336, -0.27041029930114746, 1.1632742881774902, 0.03231215476989746, -0.854448676109314, -0.02131342887878418, 0.9553146362304688, -1.8894313529947613, -5.419404918360719, -4.0065697694410085, -0.12148488938869928
754, -0.017423629760742188, -0.27042508125305176, 1.1632742881774902, 0.0323028564453125, -0.8544670343399048, -0.02132248878479004, 0.9553376007080078, -1.8894374848214548, -5.4193738009710275, -4.006574485860882, -0.1214776837686733
755, -0.017423629760742188, -0.270432710647583, 1.1632742881774902, 0.0323028564453125, -0.854448676109314, -0.02134990692138672, 0.9553146362304688, -1.889443532029221, -5.4193705574586355, -4.006583862968778, -0.12152544660090214
756, -0.017401456832885742, -0.2704176902770996, 1.1632742881774902, 0.03232121467590332, -0.8544579744338989, -0.0213315486907959, 0.9553146362304688, -1.8894451501689613, -5.419364836227541, -4.006580923996661, -0.12155619525628136
757, -0.017401456832885742, -0.2704031467437744, 1.1632664203643799, 0.0323028564453125, -0.8544670343399048, -0.0213315486907959, 0.9553376007080078, -1.8894483520080294, -5.419385391080847, -4.006589556201908, -0.12154826061720136
758, -0.017386913299560547, -0.27042508125305176, 1.1632664203643799, 0.03228473663330078, -0.8544670343399048, -0.0213315486907959, 0.9553376007080078, -1.889434841877422, -5.419405286529548, -4.0065780952105845, -0.12152606327505477
759, -0.017335176467895508, -0.2704176902770996, 1.1632585525512695, 0.0323028564453125, -0.8544670343399048, -0.02131342887878418, 0.9553453063964844, -1.8894261352707489, -5.419439020615524, -4.006565724472227, -0.12151012001774752
760, -0.017313003540039062, -0.2704176902770996, 1.1632664203643799, 0.0323028564453125, -0.8544579744338989, -0.02134084701538086, 0.9553528594970703, -1.8894198886621363, -5.419475927947222, -4.0065632474400825, -0.12155017093236253
761, -0.017217159271240234, -0.2704176902770996, 1.1632742881774902, 0.0323028564453125, -0.8544851541519165, -0.02134084701538086, 0.9553376007080078, -1.889406722012764, -5.419495402477556, -4.006557875883153, -0.12164325730687242
762, -0.017158031463623047, -0.27042508125305176, 1.1632664203643799, 0.03231215476989746, -0.8544670343399048, -0.02134084701538086, 0.9553528594970703, -1.8894071182211571, -5.419507015548597, -4.006561354212516, -0.12171145437525688
763, -0.0171358585357666, -0.2704176902770996, 1.1632742881774902, 0.03231215476989746, -0.8544579744338989, -0.0213315486907959, 0.9553300476074219, -1.889401471000448, -5.41950697696399, -4.006555331218698, -0.12169548136643282
764, -0.017165660858154297, -0.270432710647583, 1.1632664203643799, 0.03231215476989746, -0.8544670343399048, -0.0213315486907959, 0.9553528594970703, -1.8894014926279052, -5.4194981112486715, -4.006558292763067, -0.12165440374567815
765, -0.017217159271240234, -0.27044010162353516, 1.16325044631958, 0.03231215476989746, -0.8544579744338989, -0.02134084701538086, 0.9553376007080078, -1.889401615003655, -5.41946755700182, -4.006558073239964, -0.1215951077388624
766, -0.017290830612182617, -0.270432710647583, 1.1632664203643799, 0.0323028564453125, -0.8544670343399048, -0.02134990692138672, 0.9553453063964844, -1.8894085644883014, -5.419438303499632, -4.006568099652306, -0.1215606335496453
767, -0.01732778549194336, -0.27045464515686035, 1.1632664203643799, 0.03231215476989746, -0.8544579744338989, -0.02131342887878418, 0.9553376007080078, -1.8894219094746887, -5.419407988297024, -4.00657771190212, -0.1215923940290553
768, -0.017342567443847656, -0.2704474925994873, 1.1632664203643799, 0.03231215476989746, -0.8544396162033081, -0.0213315486907959, 0.9553376007080078, -1.8894257624094624, -5.419404350608086, -4.006585905206215, -0.12160570480264177
769, -0.017335176467895508, -0.27045464515686035, 1.1632664203643799, 0.03229379653930664, -0.8544579744338989, -0.02134084701538086, 0.9553605651855469, -1.8894259615319942, -5.4194099950264025, -4.006580337287888, -0.12159471416180523
770, -0.01732015609741211, -0.27042508125305176, 1.1632664203643799, 0.03229379653930664, -0.8544851541519165, -0.02131342887878418, 0.9553605651855469, -1.8894289702190872, -5.419427505526136, -4.006574241778985, -0.12159120411794255
771, -0.01728343963623047, -0.270432710647583, 1.1632664203643799, 0.0323028564453125, -0.8545035123825073, -0.02132248878479004, 0.9553528594970703, -1.8894286115282164, -5.419447873521028, -4.006567240733698, -0.12161903064266788
772, -0.017253875732421875, -0.27044010162353516, 1.1632585525512695, 0.0323028564453125, -0.8544760942459106, -0.02131342887878418, 0.9553376007080078, -1.8894326679200142, -5.419466554218164, -4.006566623116378, -0.12166512741932323
773, -0.017172813415527344, -0.270432710647583, 1.1632585525512695, 0.03231215476989746, -0.8544760942459106, -0.02134990692138672, 0.9553453063964844, -1.8894291623494648, -5.419504101360506, -4.006560768569824, -0.12173172573487001
774, -0.017128705978393555, -0.270432710647583, 1.1632585525512695, 0.03233027458190918, -0.854448676109314, -0.02132248878479004, 0.9553376007080078, -1.889430454132888, -5.419514950573098, -4.006557549917415, -0.12175541751667218
775, -0.017121315002441406, -0.2704474925994873, 1.1632585525512695, 0.0323028564453125, -0.8545035123825073, -0.02134990692138672, 0.9553528594970703, -1.8894339829083768, -5.419515121713782, -4.00656046362095, -0.12175749223006971
776, -0.017121315002441406, -0.270432710647583, 1.1632664203643799, 0.0323028564453125, -0.8544670343399048, -0.02134990692138672, 0.9553453063964844, -1.8894298388544675, -5.419506279729162, -4.006559638919561, -0.12171784250122641
777, -0.017158031463623047, -0.27044010162353516, 1.1632585525512695, 0.03231215476989746, -0.8544305562973022, -0.0213315486907959, 0.9553605651855469, -1.8894517409293607, -5.419485079516068, -4.006563741797238, -0.12169388336670028
778, -0.013669967651367188, -0.2850644588470459, 1.176481008529663, 0.06153082847595215, -0.8329182863235474, -0.05591011047363281, 0.9552230834960938, -1.8895091245273632, -5.419425077558438, -4.006575732587713, -0.12192296280280246
779, -0.002460002899169922, -0.33707213401794434, 1.2334380149841309, 0.1513965129852295, -0.763313889503479, -0.14297270774841309, 0.9550322723388672, -1.8890580612722827, -5.419697078307956, -4.0070552076651005, -0.12376312398974143
780, 0.007827997207641602, -0.3960714340209961, 1.3020037412643433, 0.2155132293701172, -0.7186640501022339, -0.2031996250152588, 0.9551925659179688, -1.8882827495895476, -5.419996495553887, -4.007574829103017, -0.12546114618284587
781, 0.02038741111755371, -0.47549939155578613, 1.3868281841278076, 0.28241467475891113, -0.6753748655319214, -0.2705397605895996, 0.9552536010742188, -1.887252701471643, -5.420458165089806, -4.00833283515855, -0.12637540193295838
782, 0.027858495712280273, -0.5518147945404053, 1.4573673009872437, 0.343217134475708, -0.6400748491287231, -0.33428215980529785, 0.9552460479736328, -1.8863216500689606, -5.420984944641906, -4.008885998323372, -0.12424402701600812
783, 0.02765178680419922, -0.617009162902832, 1.5101858377456665, 0.3943498134613037, -0.6129564046859741, -0.3879714012145996, 0.9553376007080078, -1.8856566554628005, -5.421319409898597, -4.008919835240707, -0.11994455922578506
784, 0.022083759307861328, -0.6800422072410583, 1.557906985282898, 0.444852352142334, -0.586833119392395, -0.43988943099975586, 0.9553758239746094, -1.8850123518041828, -5.421336668566321, -4.008545576049151, -0.11509538641794048
785, 0.011176347732543945, -0.7575600147247314, 1.614871859550476, 0.5061385631561279, -0.5550669431686401, -0.5012118816375732, 0.9553758239746094, -1.8841136892336292, -5.420973427663288, -4.007926892624104, -0.11104027041971598
786, 0.0017731189727783203, -0.8192806243896484, 1.6605318784713745, 0.554102897644043, -0.5300940275192261, -0.5483088493347168, 0.9553146362304688, -1.883255941121257, -5.420455695012617, -4.00735303411326, -0.110771044422588
787, -0.007438182830810547, -0.8831250667572021, 1.708253026008606, 0.5994374752044678, -0.5058151483535767, -0.593935489654541, 0.9552918243408203, -1.882197299770934, -5.419761390701795, -4.006704805571404, -0.11288106578660884
788, -0.020167112350463867, -0.97713303565979, 1.779039978981018, 0.6598472595214844, -0.4742225408554077, -0.6534960269927979, 0.9552688598632812, -1.8803753544645923, -5.418829807256067, -4.006007802553371, -0.1172738279425456
789, -0.03045511245727539, -1.086296558380127, 1.8614274263381958, 0.7246487140655518, -0.44597160816192627, -0.7145812511444092, 0.9552841186523438, -1.8779328710963483, -5.418462051351197, -4.005474739244936, -0.12218344376378276
790, -0.032387495040893555, -1.1755255460739136, 1.9286190271377563, 0.7747130393981934, -0.4223135709762573, -0.763312816619873, 0.9553146362304688, -1.8757320548767344, -5.418720604483944, -4.004960009577144, -0.12576317240330948
791, -0.03163504600524902, -1.2270761728286743, 1.967591643333435, 0.8023247718811035, -0.40684592723846436, -0.7912712097167969, 0.9553223419189453, -1.8744207445106766, -5.419093740713838, -4.004608677243902, -0.12691935118075204
792, -0.030735254287719727, -1.2863850593566895, 2.0117015838623047, 0.833881139755249, -0.38679468631744385, -0.8230741024017334, 0.9553070831298828, -1.8729331317653413, -5.419662723130766, -4.00409374826976, -0.12668052558285758
793, -0.031044960021972656, -1.3520734310150146, 2.0605173110961914, 0.868450403213501, -0.36683475971221924, -0.8580632209777832, 0.9553300476074219, -1.871292342198645, -5.420384761170257, -4.003469094154826, -0.12441302596100456
794, -0.03252744674682617, -1.4014041423797607, 2.0958309173583984, 0.8939710855484009, -0.3516043424606323, -0.8833920955657959, 0.9552995300292969, -1.8700950540177521, -5.42090707296176, -4.0029920426393435, -0.12208524818487643
795, -0.03479146957397461, -1.460196852684021, 2.1363935470581055, 0.923071026802063, -0.3364928960800171, -0.9115152359008789, 0.9552765655517578, -1.8687120200472618, -5.421486335022215, -4.00245552483823, -0.11946147948677677
796, -0.037461280822753906, -1.5283852815628052, 2.181302547454834, 0.9549193382263184, -0.31933605670928955, -0.9424505233764648, 0.9552841186523438, -1.8670712439085984, -5.422047177160998, -4.001867493439542, -0.11760915617133172
797, -0.03878140449523926, -1.5878123044967651, 2.2182776927948, 0.9810974597930908, -0.30798637866973877, -0.9681355953216553, 0.9553223419189453, -1.8655953972432537, -5.422359533990318, -4.001380970731707, -0.11741439163135059
798, -0.03911328315734863, -1.6429839134216309, 2.2525126934051514, 0.9998155832290649, -0.29818904399871826, -0.9878127574920654, 0.9554063415527344, -1.8641433401066054, -5.422491889084763, -4.0009150148190935, -0.11824883407365938
799, -0.041495323181152344, -1.6996970176696777, 2.2858927249908447, 1.0279295444488525, -0.2843741178512573, -1.0159449577331543, 0.9554216003417969, -1.862758027506777, -5.422528448533094, -4.000411025046245, -0.11984034296302859
800, -0.04358959197998047, -1.748740315437317, 2.3135523796081543, 1.0508114099502563, -0.27306997776031494, -1.0392651557922363, 0.9553223419189453, -1.8616463571456223, -5.422489134501394, -3.9999357299784095, -0.12104013500459931
801, -0.04371500015258789, -1.7988306283950806, 2.3405728340148926, 1.0692100524902344, -0.26533639430999756, -1.0581111907958984, 0.9553070831298828, -1.8605480638304353, -5.422451236444082, -3.99949204068887, -0.12211963171836793
802, -0.04041123390197754, -1.8789883852005005, 2.382549524307251, 1.0968034267425537, -0.2527815103530884, -1.0866084098815918, 0.9553605651855469, -1.8587984728319293, -5.422682068234725, -3.99885975689725, -0.12365111678928198
803, -0.03929758071899414, -1.9014228582382202, 2.39386248588562, 1.1041263341903687, -0.2482980489730835, -1.0945978164672852, 0.9552841186523438, -1.8583110609339377, -5.422787760367785, -3.998678018444779, -0.12385126122435342
804, -0.03754997253417969, -1.9529070854187012, 2.420140027999878, 1.1217397451400757, -0.236930251121521, -1.1133527755737305, 0.9553758239746094, -1.8571344686346563, -5.422968643201325, -3.9982310007133677, -0.1235980034969657
805, -0.03589057922363281, -2.0046420097351074, 2.4470646381378174, 1.1396909952163696, -0.22735202312469482, -1.1318879127502441, 0.9553376007080078, -1.8559392060708608, -5.423080644607049, -3.997793565232583, -0.12247626104291243
806, -0.03413510322570801, -2.064084053039551, 2.478207588195801, 1.1600985527038574, -0.21800196170806885, -1.1530718803405762, 0.9553605651855469, -1.854593166207108, -5.423282096955109, -3.9973216890594503, -0.12089007486598913
807, -0.03236508369445801, -2.1236214637756348, 2.510021686553955, 1.180514931678772, -0.20577585697174072, -1.174583911895752, 0.9553300476074219, -1.853301946975868, -5.423618531430924, -3.996840789451139, -0.1197288309280724
808, -0.030705690383911133, -2.1762118339538574, 2.538344383239746, 1.1986031532287598, -0.19603335857391357, -1.193101406097412, 0.9553681182861328, -1.8521728322867723, -5.423867768978824, -3.9963481959224256, -0.11940013177111108
809, -0.02878093719482422, -2.228581190109253, 2.567322254180908, 1.2165727615356445, -0.18713057041168213, -1.2118468284606934, 0.9553376007080078, -1.8510508462828998, -5.423980804856956, -3.995793652671303, -0.1194876556177018
810, -0.027652502059936523, -2.281393051147461, 2.5965237617492676, 1.2345969676971436, -0.17709577083587646, -1.2303733825683594, 0.9553223419189453, -1.8499495771144632, -5.4240015162962845, -3.995233548679604, -0.1198528300489139
811, -0.026634931564331055, -2.326387405395508, 2.621802568435669, 1.2500919103622437, -0.1692434549331665, -1.2462244033813477, 0.9553758239746094, -1.84906390516218, -5.424046943268576, -3.9947747656386383, -0.12036121494730789
812, -0.02496814727783203, -2.3870532512664795, 2.655470371246338, 1.2703897953033447, -0.16050517559051514, -1.2674717903137207, 0.9553223419189453, -1.8479501534764688, -5.424199900563604, -3.994157233478155, -0.12133589416070478
813, -0.023670196533203125, -2.4397101402282715, 2.6846718788146973, 1.2882405519485474, -0.15161168575286865, -1.2861719131469727, 0.9553223419189453, -1.8470140361570775, -5.424336324726025, -3.9936250308804833, -0.12211893234192761
814, -0.022173166275024414, -2.5000367164611816, 2.7178361415863037, 1.308657169342041, -0.13960468769073486, -1.3075199127197266, 0.9553453063964844, -1.8459958530806924, -5.424422085593754, -3.993029556535824, -0.12258955432254837
815, -0.019768714904785156, -2.5672221183776855, 2.754955291748047, 1.3315298557281494, -0.12844669818878174, -1.3316164016723633, 0.9553300476074219, -1.8449704239054665, -5.424585478572856, -3.9924306021167335, -0.12244023078398492
816, -0.01728343963623047, -2.672093391418457, 2.8124876022338867, 1.367286205291748, -0.10911667346954346, -1.368687629699707, 0.9553758239746094, -1.8436005901247503, -5.425036513844556, -3.9916078187150106, -0.1213853533230127
817, -0.01608872413635254, -2.7095799446105957, 2.8330764770507812, 1.3801332712173462, -0.102378249168396, -1.3817992210388184, 0.9554063415527344, -1.84315180499573, -5.425160151755497, -3.9913401082500934, -0.12095483161869947
818, -0.014245033264160156, -2.761580228805542, 2.862246036529541, 1.3979567289352417, -0.09342992305755615, -1.4006452560424805, 0.9553605651855469, -1.8425596337853256, -5.425306540358373, -3.990993644082826, -0.12043127284748945
819, -0.013300895690917969, -2.806891918182373, 2.8872931003570557, 1.4132509231567383, -0.08483803272247314, -1.4165058135986328, 0.9553758239746094, -1.8421063788277365, -5.425444146885018, -3.9907348441567345, -0.1201256810568303
820, -0.012563705444335938, -2.8367087841033936, 2.9039831161499023, 1.423486590385437, -0.07911288738250732, -1.427234172821045, 0.9553453063964844, -1.8418344687626886, -5.42555046930576, -3.990579011361629, -0.12007667941138767
821, -0.010299444198608398, -2.9188504219055176, 2.949802875518799, 1.4516735076904297, -0.06551706790924072, -1.4563889503479004, 0.9553681182861328, -1.8411875774617825, -5.4258405315620974, -3.9901639249541168, -0.12039804843047097
822, -0.008868694305419922, -2.9722447395324707, 2.982759475708008, 1.471834421157837, -0.05536353588104248, -1.4777369499206543, 0.9554292297363282, -1.8408054757576315, -5.425960738525801, -3.9899565013266263, -0.12077066218486632
823, -0.007578134536743164, -3.0098788738250732, 3.010354995727539, 1.4897490739822388, -0.04570305347442627, -1.496382236480713, 0.9554368591308594, -1.8406528110756504, -5.426039192549199, -3.9898795038728903, -0.12110585889843684
824, -0.0059850215911865234, -3.039806365966797, 3.037647247314453, 1.5076090097427368, -0.03673660755157471, -1.5149450302124023, 0.9554216003417969, -1.8406380364352712, -5.426124561943706, -3.989868050330925, -0.12141638439490432
825, -0.0041046142578125, -3.0663633346557617, 3.067687511444092, 1.5280803442001343, -0.026163220405578613, -1.5361742973327637, 0.9553605651855469, -1.8407032756064352, -5.426205672744611, -3.9898990514958297, -0.12154302578008913
826, -0.003138303756713867, -3.082676649093628, 3.08872389793396, 1.5427809953689575, -0.017616629600524902, -1.5514225959777832, 0.9553605651855469, -1.8407346924911154, -5.426269698170346, -3.989959191596524, -0.12147390846593265
827, -0.0014715194702148438, -3.0984513759613037, 3.112053155899048, 1.5544136762619019, -0.006933450698852539, -1.563603401184082, 0.9553681182861328, -1.8407296388951364, -5.426362664248715, -3.990058699209316, -0.12125037976197905
828, 0.0008516311645507812, -3.105855703353882, 3.1268577575683594, 1.558285117149353, -0.0019937753677368164, -1.5667352676391602, 0.9553453063964844, -1.8406908948117162, -5.42641093122411, -3.990184578881235, -0.12084030248057864
829, 0.0009324550628662109, -3.112043619155884, 3.1387062072753906, 1.5588968992233276, -0.001637578010559082, -1.5666804313659668, 0.9552536010742188, -1.840634555692327, -5.426475782773534, -3.990265504542984, -0.12037666296528471
830, 0.0010285377502441406, -3.1117703914642334, 3.138234853744507, 1.5592164993286133, -0.0026237964630126953, -1.56657075881958, 0.9559101104736328, -1.840595915804145, -5.426561776579362, -3.990486554168622, -0.12017365390298984
831, -0.0002989768981933594, -3.11366605758667, 3.137923240661621, 1.559444785118103, -0.0018842220306396484, -1.566744327545166, 0.9546430206298828, -1.8404140021238138, -5.426632096172279, -3.9906176995978946, -0.12015572375434047
832, 0.0006818771362304688, -3.1159446239471436, 3.1386263370513916, 1.559563398361206, -0.002130746841430664, -1.5664706230163574, 0.9550170135498047, -1.8403074541449929, -5.426624215952587, -3.99062992969768, -0.12030393202031142
833, 0.0010356903076171875, -3.1161365509033203, 3.138258695602417, 1.5597643852233887, -0.0017838478088378906, -1.5666894912719727, 0.9553910827636719, -1.840266674218616, -5.426657285672687, -3.9906891051832307, -0.12058510307431547
834, 0.0007774829864501953, -3.116792917251587, 3.138714075088501, 1.5596638917922974, -0.0020759105682373047, -1.566662311553955, 0.9549024963378906, -1.8402614245954723, -5.426728052200697, -3.990690577667374, -0.12076362831953524
835, 0.0005490779876708984, -3.116940498352051, 3.1385064125061035, 1.5597460269927979, -0.002057790756225586, -1.5666074752807617, 0.9460555267333984, -1.8402734500493119, -5.426758018738145, -3.990775267123981, -0.12079859747454957
836, 0.0006966590881347656, -3.1174490451812744, 3.138618230819702, 1.55978262424469, -0.0019572973251342773, -1.5666074752807617, 0.9276822662353515, -1.8403162609557275, -5.426804300261109, -3.990793050992161, -0.1207797394637522
837, 0.000652313232421875, -3.1174049377441406, 3.138578414916992, 1.559828281402588, -0.0019663572311401367, -1.5665616989135742, 0.9077594757080079, -1.8403609940388117, -5.426844283645135, -3.990824902855155, -0.12069127286001269
838, 0.000652313232421875, -3.117722272872925, 3.138594388961792, 1.5598008632659912, -0.002021193504333496, -1.56658935546875, 0.8397624206542968, -1.8404239115816494, -5.426881308600075, -3.9908871497216922, -0.12048351583196659
839, 0.0007185935974121094, -3.117722272872925, 3.138594388961792, 1.5598008632659912, -0.001975417137145996, -1.5666255950927734, 0.7685440063476563, -1.8404949397413575, -5.426931125615463, -3.990968503407906, -0.12045680972359474
840, 0.0006818771362304688, -3.117722272872925, 3.1386661529541016, 1.5597918033599854, -0.0019298791885375977, -1.5666074752807617, 0.6803568267822265, -1.8405648298592892, -5.426963511192887, -3.991080460297378, -0.12049570049790415
841, 0.0007185935974121094, -3.117781162261963, 3.1386022567749023, 1.5598100423812866, -0.002048492431640625, -1.5665802955627441, 0.5804145431518555, -1.840621157868203, -5.426975043309009, -3.99122323896304, -0.12057291717950758
842, 0.0006818771362304688, -3.1178696155548096, 3.1386661529541016, 1.559855580329895, -0.0019663572311401367, -1.5666165351867676, 0.4516337585449219, -1.8406810961771556, -5.427013132081765, -3.991419397696052, -0.12075170362102927
843, 0.0007481575012207031, -3.1178181171417236, 3.138698101043701, 1.559828281402588, -0.001984715461730957, -1.5666165351867676, 0.3830183792114258, -1.8407321395730891, -5.4270350080535525, -3.9915120840170712, -0.12079659574418145
844, 0.0006153583526611328, -3.117840051651001, 3.138698101043701, 1.5598191022872925, -0.0020028352737426758, -1.5666074752807617, 0.2964876937866211, -1.8407860721401348, -5.427062068125887, -3.991658307490795, -0.12078373891752126
845, 0.0006966590881347656, -3.117825508117676, 3.138690233230591, 1.5598465204238892, -0.0019479990005493164, -1.5666165351867676, 0.2114149284362793, -1.8408358660502073, -5.4271259095354365, -3.9917984688833617, -0.12074970682338293
846, 0.0006742477416992188, -3.1178476810455322, 3.138690233230591, 1.5598465204238892, -0.001938939094543457, -1.5666437149047852, 0.1489672088623047, -1.840895263692003, -5.427191199066548, -3.9919069661327824, -0.12065235822170894
847, 0.0006966590881347656, -3.1178033351898193, 3.138714075088501, 1.5598373413085938, -0.0019937753677368164, -1.5666346549987793, 0.09061092376708985, -1.840959095672278, -5.427263466454752, -3.992021826498469, -0.12056411405970113
848, 0.0006892681121826172, -3.1178696155548096, 3.1386821269989014, 1.5598647594451904, -0.0019572973251342773, -1.5666255950927734, 0.04705548286437988, -1.8410259905044144, -5.427334931454807, -3.992157830891338, -0.12052159064868917
849, 0.0007038116455078125, -3.1178624629974365, 3.138698101043701, 1.5598373413085938, -0.0019663572311401367, -1.5666255950927734, 0.021209239959716797, -1.8410854786707536, -5.427380869034973, -3.992263870263514, -0.12053899866750051
850, 0.0007038116455078125, -3.117795944213867, 3.138714075088501, 1.5598373413085938, -0.002012014389038086, -1.566662311553955, 0.0, -1.8411511202000124, -5.427421393490883, -3.992373104610799, -0.1205517530781135
851, 0.0006742477416992188, -3.1178624629974365, 3.138698101043701, 1.559855580329895, -0.0019572973251342773, -1.5666255950927734, 0.0, -1.841209009385042, -5.427462733086379, -3.992498502519106, -0.1206149870497013
852, 0.0007185935974121094, -3.117936134338379, 3.138714075088501, 1.5598829984664917, -0.0019208192825317383, -1.5665984153747559, 0.0, -1.8412648004640233, -5.427496191798956, -3.9926160128079524, -0.12070430098226304
853, 0.0006375312805175781, -3.1178548336029053, 3.138730049133301, 1.5598647594451904, -0.002021193504333496, -1.5666255950927734, 0.0, -1.8413248826036903, -5.4275170169831775, -3.9927258851173715, -0.12076518612700937
854, 0.0006742477416992188, -3.1179065704345703, 3.1387062072753906, 1.5598739385604858, -0.0019937753677368164, -1.5665984153747559, 0.0, -1.841360355536653, -5.427535473406422, -3.992790087790323, -0.12079114830583837
